time_us,abs_welch_t
0.000000000000000000e+00,4.006672525623096726e-01
8.000000000000000383e-04,2.356753768343027300e-01
1.600000000000000077e-03,1.044594634982278780e+00
2.399999999999999790e-03,4.239515683549764380e-01
3.200000000000000153e-03,1.595401708301052102e+00
4.000000000000000083e-03,2.592818121119921243e-02
4.799999999999999580e-03,3.344747901250884614e-01
5.599999999999999943e-03,1.177598839902194383e+00
6.400000000000000307e-03,5.353542783215914369e-01
7.199999999999999803e-03,4.647678687187069002e-01
8.000000000000000167e-03,7.648492591961748577e-01
8.799999999999998795e-03,8.637177681713312793e-01
9.599999999999999159e-03,7.559100776037003255e-01
1.040000000000000126e-02,1.684444628948533085e+00
1.119999999999999989e-02,9.684765227949101996e-02
1.200000000000000025e-02,2.853278170298994554e-01
1.280000000000000061e-02,1.391928055059695968e+00
1.359999999999999924e-02,1.355842470150877332e+00
1.439999999999999961e-02,1.434723422992933761e+00
1.519999999999999997e-02,1.087538947305131121e+00
1.600000000000000033e-02,3.573587469503804459e-01
1.680000000000000243e-02,1.748277488197528040e+00
1.759999999999999759e-02,9.925925663197632254e-01
1.839999999999999969e-02,1.714863128736180631e+00
1.919999999999999832e-02,2.125085258132555777e-01
2.000000000000000042e-02,8.448387987060799187e-01
2.080000000000000251e-02,2.076627360281396495e+00
2.160000000000000114e-02,7.344707631402263015e-01
2.239999999999999977e-02,7.885105210990686064e-01
2.319999999999999840e-02,3.457624628782305920e-01
2.400000000000000050e-02,5.676055693260402268e-01
2.479999999999999913e-02,1.502548196252846635e+00
2.560000000000000123e-02,3.879605094956974920e+00
2.639999999999999986e-02,2.303474490407903641e+00
2.719999999999999848e-02,1.906870833776289909e-01
2.800000000000000058e-02,6.850413521600502709e-02
2.879999999999999921e-02,2.367938485268744619e-01
2.960000000000000131e-02,1.130231117451836242e+00
3.039999999999999994e-02,3.286307731330108339e+00
3.120000000000000204e-02,2.008261141828834084e+00
3.200000000000000067e-02,2.452484943734324130e+00
3.280000000000000276e-02,9.084046750032536144e-01
3.360000000000000486e-02,9.409303380100100256e-01
3.440000000000000002e-02,2.189161631255507334e-01
3.519999999999999518e-02,2.967702206632253148e+00
3.599999999999999728e-02,2.470066944092747241e-01
3.679999999999999938e-02,1.557056581404280271e+00
3.760000000000000148e-02,4.514219948584347719e+00
3.839999999999999664e-02,9.547645131209669955e+00
3.919999999999999873e-02,3.972943496428496424e+00
4.000000000000000083e-02,7.600945659396791676e-01
4.080000000000000293e-02,1.951871876397737404e+00
4.160000000000000503e-02,2.318287643940087239e+00
4.240000000000000019e-02,4.481723464466499607e+00
4.320000000000000229e-02,5.285873137864245841e+00
4.399999999999999745e-02,1.823866836210172870e+00
4.479999999999999954e-02,4.640352581479966432e+00
4.559999999999999470e-02,2.527692236935501047e+00
4.639999999999999680e-02,2.685779514319567074e+00
4.719999999999999890e-02,1.579723719411873617e+00
4.800000000000000100e-02,1.611716228309315158e+00
4.880000000000000310e-02,3.158058933996540585e+00
4.959999999999999826e-02,4.435012286017637528e+00
5.040000000000000036e-02,1.914798604740116517e+01
5.120000000000000245e-02,1.577803601137212475e+01
5.200000000000000455e-02,6.005285014579651914e+00
5.279999999999999971e-02,8.027051039078187955e-01
5.359999999999999487e-02,2.045743022126536026e+00
5.439999999999999697e-02,6.233709991803892514e+00
5.519999999999999907e-02,1.228026197348788706e+01
5.600000000000000117e-02,7.868046463757123909e+00
5.679999999999999633e-02,1.152681665263444444e+01
5.759999999999999842e-02,8.875285890922818055e+00
5.840000000000000052e-02,9.689597490988299811e+00
5.920000000000000262e-02,5.299044715945251838e+00
5.999999999999999778e-02,6.782634339787864342e+00
6.079999999999999988e-02,6.763835346436084528e+00
6.159999999999999504e-02,7.293159742320800554e+00
6.240000000000000407e-02,9.382724466622017090e+00
6.319999999999999230e-02,2.094886691983273153e+01
6.400000000000000133e-02,1.437371760526042941e+01
6.479999999999999649e-02,6.767430222238464133e+00
6.560000000000000553e-02,3.592721976847905729e+00
6.640000000000000069e-02,7.474109600725302727e+00
6.720000000000000973e-02,1.065614464159065733e+01
6.800000000000000488e-02,1.111310059751527035e+01
6.880000000000000004e-02,1.036577484260064885e+01
6.959999999999999520e-02,1.116452999128915025e+01
7.039999999999999036e-02,1.126859721151310190e+01
7.119999999999999940e-02,9.491391743111238455e+00
7.199999999999999456e-02,7.513880780299224682e+00
7.280000000000000360e-02,6.175637880889569331e+00
7.359999999999999876e-02,1.002953397082891129e+01
7.440000000000000779e-02,7.846093204836765977e+00
7.520000000000000295e-02,1.226713312527008526e+01
7.600000000000001199e-02,1.276906867900448717e+01
7.679999999999999327e-02,9.810949061611795585e+00
7.759999999999998843e-02,6.417943562042114358e+00
7.839999999999999747e-02,7.693421228126812395e+00
7.919999999999999263e-02,8.244976789936703909e+00
8.000000000000000167e-02,1.069771328228173957e+01
8.079999999999999682e-02,7.716228836678298286e+00
8.160000000000000586e-02,9.419997646525166246e+00
8.240000000000000102e-02,9.041976053621487708e+00
8.320000000000001006e-02,9.668013614324403093e+00
8.399999999999999134e-02,8.163041275110238360e+00
8.480000000000000038e-02,8.089046200450056290e+00
8.559999999999999554e-02,6.781370255082863174e+00
8.640000000000000457e-02,7.283313612132578996e+00
8.719999999999999973e-02,6.534494608822170036e+00
8.799999999999999489e-02,1.125732839925892037e+01
8.880000000000000393e-02,8.789422259930377734e+00
8.959999999999999909e-02,6.707110435490955425e+00
9.040000000000000813e-02,6.956226869413253411e+00
9.119999999999998941e-02,6.099785516054700985e+00
9.199999999999999845e-02,7.331494016791972435e+00
9.279999999999999361e-02,6.447481808658910296e+00
9.360000000000000264e-02,6.398011652987038111e+00
9.439999999999999780e-02,6.009634077805328545e+00
9.520000000000000684e-02,7.274284075574876773e+00
9.600000000000000200e-02,5.594286995755061831e+00
9.680000000000001104e-02,7.050808661448476400e+00
9.760000000000000620e-02,4.534992489521643577e+00
9.839999999999998748e-02,7.315849526461386532e+00
9.919999999999999651e-02,5.392414005747234285e+00
9.999999999999999167e-02,5.164602158404207444e+00
1.008000000000000007e-01,4.148905204548096748e+00
1.015999999999999959e-01,4.471705560289970016e+00
1.024000000000000049e-01,5.352082093624593639e+00
1.032000000000000001e-01,6.807794445824115748e+00
1.040000000000000091e-01,4.180960731711485856e+00
1.048000000000000043e-01,4.362895360999043959e+00
1.055999999999999994e-01,2.747227744962344342e+00
1.063999999999999946e-01,4.898555566059214605e+00
1.071999999999999897e-01,3.738573894867787573e+00
1.079999999999999988e-01,2.353311504806912868e+00
1.087999999999999939e-01,3.856929396903293839e+00
1.096000000000000030e-01,4.648270363692349250e+00
1.103999999999999981e-01,4.060889547065412941e+00
1.112000000000000072e-01,2.490661770084179327e+00
1.120000000000000023e-01,3.377130816028914406e+00
1.127999999999999975e-01,3.813594954377459878e+00
1.135999999999999927e-01,4.508026176363492787e+00
1.144000000000000017e-01,1.616496820829295800e+00
1.151999999999999968e-01,3.435573999312290905e+00
1.160000000000000059e-01,1.466370955398965448e+00
1.168000000000000010e-01,4.955615326555824929e+00
1.175999999999999962e-01,2.466992416814599132e+00
1.184000000000000052e-01,4.364100858844140340e+00
1.192000000000000004e-01,2.249391485377758126e+00
1.199999999999999956e-01,2.835757456530836773e+00
1.207999999999999907e-01,7.549739682249969608e-01
1.215999999999999998e-01,1.860146181054248338e+00
1.224000000000000088e-01,1.248079940298622903e+00
1.231999999999999901e-01,4.281462763134967098e+00
1.239999999999999991e-01,2.873428019016809554e+00
1.248000000000000081e-01,1.812905694228142295e+00
1.256000000000000172e-01,1.528699924245263242e+00
1.263999999999999846e-01,2.204389581956156086e+00
1.272000000000000075e-01,2.776873717123731655e+00
1.280000000000000027e-01,1.484780670405573266e+00
1.287999999999999978e-01,1.106297805721104116e-01
1.295999999999999930e-01,2.058618426703767046e+00
1.304000000000000159e-01,3.572876683053636260e+00
1.312000000000000111e-01,2.112389884733201217e+00
1.319999999999999785e-01,5.572465492289035982e-01
1.328000000000000014e-01,8.818022018730868883e-01
1.335999999999999965e-01,2.456489674524336309e+00
1.344000000000000195e-01,5.050421473473275247e-02
1.351999999999999869e-01,2.426928091222787298e+00
1.360000000000000098e-01,1.139056089655730158e-02
1.368000000000000049e-01,2.037542752925888934e+00
1.376000000000000001e-01,2.991707007203069146e+00
1.383999999999999952e-01,4.099117841993789035e+00
1.391999999999999904e-01,8.664584762027471854e-01
1.400000000000000133e-01,1.468416630142117540e+00
1.407999999999999807e-01,1.778111583845307431e+00
1.416000000000000036e-01,1.065427901255108223e+00
1.423999999999999988e-01,1.812089752591277358e+00
1.432000000000000217e-01,3.584711663190412345e+00
1.439999999999999891e-01,1.328179506391921338e-01
1.448000000000000120e-01,1.434824743424566895e+00
1.456000000000000072e-01,2.129385257761732819e-01
1.463999999999999746e-01,4.522103092306579697e-01
1.471999999999999975e-01,5.790213130276218312e-01
1.479999999999999927e-01,1.199754389826692247e+00
1.488000000000000156e-01,1.131349629407989221e+00
1.495999999999999830e-01,9.025273125861744683e-01
1.504000000000000059e-01,2.597099890150930346e+00
1.512000000000000011e-01,1.892374004723055281e+00
1.520000000000000240e-01,1.192882965099119508e+00
1.527999999999999914e-01,1.128861072806799815e+00
1.535999999999999865e-01,2.391376757844617673e-01
1.544000000000000095e-01,3.655964002291873793e-01
1.551999999999999769e-01,1.923320373105948278e+00
1.559999999999999998e-01,1.012551930461235393e-02
1.567999999999999949e-01,2.739400640939548826e+00
1.576000000000000179e-01,5.095659769045004506e-01
1.583999999999999853e-01,2.397747010105768517e+00
1.592000000000000082e-01,2.630911713707530519e-01
1.600000000000000033e-01,7.730851299958275691e-01
1.607999999999999985e-01,1.719301136084093296e+00
1.615999999999999936e-01,4.647758127308794784e-01
1.623999999999999888e-01,1.469184811140648472e+00
1.632000000000000117e-01,4.021899256049557003e+00
1.640000000000000069e-01,7.352421418040422374e-01
1.648000000000000020e-01,2.214023788650555657e-01
1.655999999999999972e-01,1.141691258788461782e+00
1.664000000000000201e-01,1.038917071457129415e+00
1.671999999999999875e-01,1.066962990084536989e+00
1.679999999999999827e-01,6.840874426845374723e-01
1.688000000000000056e-01,3.571038455837212133e-01
1.696000000000000008e-01,3.265135693331976952e-01
1.703999999999999959e-01,2.311691574608725652e+00
1.711999999999999911e-01,3.102572342149500953e-04
1.720000000000000140e-01,6.636974073825953058e-01
1.728000000000000091e-01,5.566090702574173488e-01
1.736000000000000043e-01,8.294831700371664285e-01
1.743999999999999995e-01,7.542435099999581505e-01
1.751999999999999946e-01,1.168599100260214962e+00
1.759999999999999898e-01,8.606637563507649746e-01
1.767999999999999849e-01,1.756521461806850537e+00
1.776000000000000079e-01,1.027161185972590873e+00
1.784000000000000030e-01,7.652559709552471112e-01
1.791999999999999982e-01,6.162108151948246793e-01
1.799999999999999933e-01,1.668801039934348363e-01
1.808000000000000163e-01,1.148507946322969708e+00
1.816000000000000114e-01,6.203029988825967678e-01
1.823999999999999788e-01,4.428830108178636316e-01
1.832000000000000017e-01,2.684575685798251676e+00
1.839999999999999969e-01,8.667724049614742299e-01
1.847999999999999921e-01,6.017046738245460658e-01
1.855999999999999872e-01,1.199626009244519675e+00
1.864000000000000101e-01,1.121756796201952427e-02
1.872000000000000053e-01,8.766725798358847577e-01
1.880000000000000004e-01,1.583906321145762908e+00
1.887999999999999956e-01,1.304778171673080633e+00
1.895999999999999908e-01,7.436198793903712190e-01
1.904000000000000137e-01,1.130194380596104997e+00
1.911999999999999811e-01,6.190952037243147021e-01
1.920000000000000040e-01,1.186128809840269138e+00
1.927999999999999992e-01,1.763635121567508346e+00
1.936000000000000221e-01,1.906153427766728026e-01
1.943999999999999895e-01,8.156490676441416898e-01
1.952000000000000124e-01,8.259288111986777814e-01
1.960000000000000075e-01,1.714904823435778436e+00
1.967999999999999750e-01,2.942316118404016967e-01
1.975999999999999979e-01,1.033899697973065024e+00
1.983999999999999930e-01,1.478741770549537149e+00
1.992000000000000159e-01,1.341983971287753707e+00
1.999999999999999833e-01,1.929998550157201453e-01
2.008000000000000063e-01,9.970770025580475426e-01
2.016000000000000014e-01,1.556597587590304643e+00
2.024000000000000243e-01,5.827408842008594547e-01
2.031999999999999917e-01,7.872986885322763584e-01
2.039999999999999869e-01,6.727997806114771606e-01
2.048000000000000098e-01,2.965237554537692444e-01
2.055999999999999772e-01,1.554166415490619402e+00
2.064000000000000001e-01,7.496105385043799751e-01
2.071999999999999953e-01,3.238533074163669201e-01
2.080000000000000182e-01,2.656817541899628154e-01
2.087999999999999856e-01,1.657910935272762121e+00
2.096000000000000085e-01,3.381714739092043787e-01
2.104000000000000037e-01,1.323432484814630883e-01
2.111999999999999988e-01,1.818558494168533768e+00
2.119999999999999940e-01,1.077845292603023086e+00
2.127999999999999892e-01,5.810414370720655697e-01
2.136000000000000121e-01,4.518758468682927965e-01
2.143999999999999795e-01,1.776950920686418689e+00
2.152000000000000024e-01,3.012586719112930189e-01
2.159999999999999976e-01,1.271219131991587536e+00
2.168000000000000205e-01,7.879777637264757661e-01
2.175999999999999879e-01,1.301192902309554533e+00
2.183999999999999830e-01,1.530530037538432531e+00
2.192000000000000060e-01,4.638666213532224164e-02
2.200000000000000011e-01,3.662737811446549752e-01
2.207999999999999963e-01,2.443777318911817265e+00
2.215999999999999914e-01,1.192267659169065963e+00
2.224000000000000143e-01,2.804762908042487957e-01
2.231999999999999817e-01,1.798623998939077318e+00
2.240000000000000047e-01,1.064739948643297796e+00
2.247999999999999998e-01,9.537952567978248419e-01
2.255999999999999950e-01,4.798372599840419195e-01
2.263999999999999901e-01,1.684059033351203105e+00
2.271999999999999853e-01,2.255849506098898394e-01
2.280000000000000082e-01,2.226870017761106268e+00
2.288000000000000034e-01,1.729909870364133129e+00
2.295999999999999985e-01,3.242880386101663626e-01
2.303999999999999937e-01,9.172881753045143416e-01
2.312000000000000166e-01,4.285145255069707226e-01
2.320000000000000118e-01,1.273597825832538888e+00
2.328000000000000069e-01,1.000812778829452077e+00
2.336000000000000021e-01,3.120009228557572567e-01
2.343999999999999972e-01,2.007202973252312894e+00
2.351999999999999924e-01,3.813728785475710703e-01
2.359999999999999876e-01,1.982967319571418141e+00
2.368000000000000105e-01,8.202734091824435136e-01
2.376000000000000056e-01,7.158824979034426050e-01
2.384000000000000008e-01,2.160678612461573778e+00
2.392000000000000237e-01,9.170079046727607208e-01
2.399999999999999911e-01,9.539522163065279337e-01
2.407999999999999863e-01,2.653384691109794247e+00
2.415999999999999814e-01,9.518693986549579822e-02
2.424000000000000044e-01,5.367220515929963520e-01
2.431999999999999995e-01,1.723101951101186247e+00
2.440000000000000224e-01,1.226883215722660792e+00
2.448000000000000176e-01,5.261390044353767559e-01
2.455999999999999850e-01,9.705402845056240180e-01
2.463999999999999801e-01,1.508303009972619124e+00
2.472000000000000031e-01,9.713221455061347154e-01
2.479999999999999982e-01,5.367594576206078383e-01
2.487999999999999934e-01,1.570000396710899526e+00
2.496000000000000163e-01,1.199679207136318038e+00
2.504000000000000115e-01,1.509006949583522328e+00
2.512000000000000344e-01,1.381863018370429463e+00
2.520000000000000018e-01,1.760245961056229602e-02
2.527999999999999692e-01,2.765434438210138790e+00
2.535999999999999921e-01,1.801858688941399000e+00
2.544000000000000150e-01,2.196154524456968904e+00
2.551999999999999824e-01,1.729322821633827889e+00
2.560000000000000053e-01,1.124113323068225867e+00
2.568000000000000282e-01,4.536521945427795521e-01
2.575999999999999956e-01,1.337691628312291492e+00
2.583999999999999631e-01,1.140038329222924141e+00
2.591999999999999860e-01,1.865317667344284391e+00
2.600000000000000089e-01,7.978726174790161663e-01
2.608000000000000318e-01,2.279377502545485878e+00
2.615999999999999992e-01,3.082443189105441572e-01
2.624000000000000221e-01,5.664897675851746778e-02
2.631999999999999895e-01,3.199241007643760959e+00
2.639999999999999569e-01,6.387873530122588628e-01
2.647999999999999798e-01,2.382245213969941044e+00
2.656000000000000028e-01,1.372308360931772331e+00
2.664000000000000257e-01,3.686571424732767444e-01
2.671999999999999931e-01,1.373004035057470595e+00
2.680000000000000160e-01,3.772836012993479038e-01
2.688000000000000389e-01,8.341014035960883644e-02
2.696000000000000063e-01,8.962394019321109351e-01
2.703999999999999737e-01,3.375110727215334672e-01
2.711999999999999966e-01,4.491757824903053753e-01
2.720000000000000195e-01,1.012294675513002451e+00
2.727999999999999869e-01,2.257634324662920910e+00
2.736000000000000099e-01,7.497320586643151374e-01
2.744000000000000328e-01,2.252897979472295642e+00
2.752000000000000002e-01,9.179574105142281892e-01
2.759999999999999676e-01,8.834374661580124410e-01
2.767999999999999905e-01,1.056372136290566033e+00
2.776000000000000134e-01,2.935484827935443075e+00
2.783999999999999808e-01,1.577888750620274894e-01
2.792000000000000037e-01,1.605647571209857016e+00
2.800000000000000266e-01,1.789516091394828257e-01
2.808000000000000496e-01,2.813818261848120450e+00
2.815999999999999615e-01,2.475853731074338648e-01
2.823999999999999844e-01,4.589315472278406860e-01
2.832000000000000073e-01,1.427361020088071752e+00
2.839999999999999747e-01,1.587153347934428416e+00
2.847999999999999976e-01,2.290282488977489983e+00
2.856000000000000205e-01,2.491015678578883286e+00
2.864000000000000434e-01,8.955333898472824794e-01
2.871999999999999553e-01,3.226523551634894460e-01
2.879999999999999782e-01,1.310052352891134808e-01
2.888000000000000012e-01,3.897958168915190424e-01
2.896000000000000241e-01,6.009094392603409052e-01
2.903999999999999915e-01,3.217085032006838374e-01
2.912000000000000144e-01,1.578509137421207909e+00
2.920000000000000373e-01,5.017552903867973368e-01
2.927999999999999492e-01,1.560690437144257814e+00
2.935999999999999721e-01,1.247836392585810028e+00
2.943999999999999950e-01,1.542485598925733115e+00
2.952000000000000179e-01,2.098133471527280358e-01
2.959999999999999853e-01,2.138631631690361079e+00
2.968000000000000083e-01,1.077070146210314938e+00
2.976000000000000312e-01,2.348615222396144286e+00
2.983999999999999986e-01,3.182426041114503890e-01
2.991999999999999660e-01,2.660508019694620696e+00
2.999999999999999889e-01,2.256605012840040558e-01
3.008000000000000118e-01,4.852984590340975180e-02
3.015999999999999792e-01,1.825835645927920414e-01
3.024000000000000021e-01,1.838900382670848321e+00
3.032000000000000250e-01,9.211000675571842655e-02
3.040000000000000480e-01,1.211680623845272642e+00
3.047999999999999599e-01,7.078299487940136192e-01
3.055999999999999828e-01,1.560249392639176946e+00
3.064000000000000057e-01,9.932329258336050071e-01
3.071999999999999731e-01,7.629817905739201267e-01
3.079999999999999960e-01,1.654917699361208472e+00
3.088000000000000189e-01,1.643051685546951690e+00
3.096000000000000418e-01,1.615177926085973548e+00
3.103999999999999537e-01,6.877669636436413159e-01
3.111999999999999766e-01,2.110346493299850579e-01
3.119999999999999996e-01,5.161827496374772339e-01
3.128000000000000225e-01,4.174727238438979970e-01
3.135999999999999899e-01,1.601116419598998808e-01
3.144000000000000128e-01,1.769612292457945379e+00
3.152000000000000357e-01,4.720659314440398546e-01
3.160000000000000031e-01,2.391279445210015453e+00
3.167999999999999705e-01,2.052307094749914462e-01
3.175999999999999934e-01,1.079116759055121832e+00
3.184000000000000163e-01,4.132647894401990651e-01
3.191999999999999837e-01,7.972349000221272686e-01
3.200000000000000067e-01,2.549728139143819794e-01
3.208000000000000296e-01,3.513291171026027726e+00
3.215999999999999970e-01,9.090653871254636975e-01
3.223999999999999644e-01,9.460002019280782104e-01
3.231999999999999873e-01,2.542904085877116804e-01
3.240000000000000102e-01,2.705281113841271345e+00
3.247999999999999776e-01,4.673563104562571402e-01
3.256000000000000005e-01,1.257404155091054188e-01
3.264000000000000234e-01,4.711145993017636924e-01
3.271999999999999909e-01,2.392448015465423516e+00
3.280000000000000138e-01,2.519346220285944682e+00
3.287999999999999812e-01,2.680763006379990099e+00
3.296000000000000041e-01,4.494758683552618761e-02
3.303999999999999715e-01,2.268821691743583002e-01
3.311999999999999944e-01,1.035582246154000519e+00
3.320000000000000173e-01,1.033108999553438823e+00
3.328000000000000402e-01,1.631350740227171192e+00
3.336000000000000076e-01,1.355644806290267956e+00
3.343999999999999750e-01,3.671499457662436683e+00
3.351999999999999980e-01,5.001828926719671387e-01
3.359999999999999654e-01,1.511602170045974081e+00
3.367999999999999883e-01,3.937374669220649465e-02
3.376000000000000112e-01,1.162941260181627745e-01
3.384000000000000341e-01,1.145323972072896934e+00
3.392000000000000015e-01,2.183659348188087268e+00
3.399999999999999689e-01,2.752623219251698616e-01
3.407999999999999918e-01,2.875718201154452647e+00
3.416000000000000147e-01,2.246185869845370053e+00
3.423999999999999821e-01,1.370794115489822884e+00
3.432000000000000051e-01,1.661505441343979816e+00
3.440000000000000280e-01,1.591168896416031542e+00
3.447999999999999954e-01,1.672741697028008012e+00
3.456000000000000183e-01,2.521925769208379187e+00
3.463999999999999857e-01,1.706251934207108079e-01
3.472000000000000086e-01,1.436459332869639782e+00
3.479999999999999760e-01,1.911247194815339112e+00
3.487999999999999989e-01,2.602758976408474201e+00
3.496000000000000218e-01,1.487993018612917329e+00
3.503999999999999893e-01,2.539042480529113632e+00
3.512000000000000122e-01,6.614531185585807993e-01
3.519999999999999796e-01,2.405006731495326733e+00
3.528000000000000025e-01,2.905762436048885178e+00
3.535999999999999699e-01,1.419394142360481226e+00
3.543999999999999928e-01,2.448676515818673849e+00
3.552000000000000157e-01,3.277094878296206715e-01
3.560000000000000386e-01,1.763163163892593310e+00
3.568000000000000060e-01,6.686748918064059355e-01
3.576000000000000290e-01,2.488397832853853409e+00
3.583999999999999964e-01,3.696932215550675638e-01
3.591999999999999638e-01,2.484923363566423848e+00
3.599999999999999867e-01,1.786137494458483577e+00
3.608000000000000096e-01,2.712934161668477895e+00
3.616000000000000325e-01,9.519465063476978406e-01
3.623999999999999999e-01,1.052926953170875590e+00
3.632000000000000228e-01,1.936312195214890064e+00
3.639999999999999902e-01,1.045493178781140342e+00
3.647999999999999576e-01,1.319592883442458620e+00
3.655999999999999805e-01,2.798136440394049629e+00
3.664000000000000035e-01,1.381900987986206086e+00
3.672000000000000264e-01,1.068861575802824593e+00
3.679999999999999938e-01,5.617040449057491003e-01
3.688000000000000167e-01,4.429199198655626168e-01
3.695999999999999841e-01,1.631931972223661376e+00
3.704000000000000070e-01,7.250471400179683279e-01
3.711999999999999744e-01,3.134836271968692856e-01
3.719999999999999973e-01,2.111012706410834827e+00
3.728000000000000203e-01,3.472660832976230516e+00
3.735999999999999877e-01,1.893108125284561405e+00
3.744000000000000106e-01,2.462150764287253324e+00
3.752000000000000335e-01,1.699054327915288987e+00
3.760000000000000009e-01,1.962882105024347790e-01
3.767999999999999683e-01,4.301644283880801667e-01
3.775999999999999912e-01,3.812227334218123431e+00
3.784000000000000141e-01,1.735265577791387459e+00
3.791999999999999815e-01,1.066612058030897980e+00
3.800000000000000044e-01,2.022239920780386779e-01
3.808000000000000274e-01,3.678968089953031484e+00
3.815999999999999948e-01,1.047372558846615842e+00
3.823999999999999622e-01,1.268192108772772553e+00
3.831999999999999851e-01,5.457941865265160120e-01
3.840000000000000080e-01,2.788692408853080451e+00
3.848000000000000309e-01,2.355361051244905468e+00
3.855999999999999983e-01,1.644358667988401912e+00
3.864000000000000212e-01,8.211201747457869127e-01
3.872000000000000441e-01,1.023531193613003820e+00
3.879999999999999560e-01,3.976612457721718785e-01
3.887999999999999790e-01,1.830239506170046326e-01
3.896000000000000019e-01,5.856087545477833833e-01
3.904000000000000248e-01,1.322895981098239693e+00
3.911999999999999922e-01,1.968656541446661246e+00
3.920000000000000151e-01,1.776266898120874460e+00
3.928000000000000380e-01,2.830325246711445253e+00
3.935999999999999499e-01,5.157234819609771703e-01
3.943999999999999728e-01,1.729382622355568166e+00
3.951999999999999957e-01,9.854271539941282798e-01
3.960000000000000187e-01,2.152099456505214725e+00
3.967999999999999861e-01,9.659128975044144194e-02
3.976000000000000090e-01,3.098633935124820216e+00
3.984000000000000319e-01,1.524704781462618453e+00
3.991999999999999993e-01,3.282907225325462086e+00
3.999999999999999667e-01,3.247416469089444702e-01
4.007999999999999896e-01,7.402736431350014357e-01
4.016000000000000125e-01,3.862900974406111021e-01
4.023999999999999799e-01,2.871540974435551785e+00
4.032000000000000028e-01,1.545331437362976290e+00
4.040000000000000258e-01,9.624559823521242619e-01
4.048000000000000487e-01,4.811474428189547181e-01
4.055999999999999606e-01,2.936211921361050248e+00
4.063999999999999835e-01,1.664704133775303685e+00
4.072000000000000064e-01,1.628986393251216747e+00
4.079999999999999738e-01,1.720426642858175148e+00
4.087999999999999967e-01,3.236825010454833951e+00
4.096000000000000196e-01,1.918920421054015613e+00
4.104000000000000425e-01,4.893463396126661036e-01
4.111999999999999544e-01,1.137362707390473959e+00
4.119999999999999774e-01,1.681840461267551046e+00
4.128000000000000003e-01,1.722699604668744389e+00
4.136000000000000232e-01,2.991147827281109284e-01
4.143999999999999906e-01,7.038418385926110687e-01
4.152000000000000135e-01,6.399555256883474597e-01
4.160000000000000364e-01,3.535947705835964516e+00
4.168000000000000038e-01,1.339491485664696668e-01
4.175999999999999712e-01,2.816404202336156182e+00
4.183999999999999941e-01,2.830220476643350302e-01
4.192000000000000171e-01,1.085530731092075873e+00
4.199999999999999845e-01,1.666095216049456595e-01
4.208000000000000074e-01,3.974358971642572680e+00
4.216000000000000303e-01,2.170129750184226491e+00
4.223999999999999977e-01,1.831996482730036346e+00
4.231999999999999651e-01,5.585227515327415571e-01
4.239999999999999880e-01,3.216551739880316951e+00
4.248000000000000109e-01,1.140577292149733968e-01
4.255999999999999783e-01,3.207667600327571145e-01
4.264000000000000012e-01,3.336083963043686151e-01
4.272000000000000242e-01,3.029911686365807100e+00
4.280000000000000471e-01,2.350038304624395558e+00
4.287999999999999590e-01,1.671531095719563487e+00
4.295999999999999819e-01,1.447894718217843879e+00
4.304000000000000048e-01,8.372380685763586294e-01
4.311999999999999722e-01,1.604044898278362274e-01
4.319999999999999951e-01,2.126749672449610884e+00
4.328000000000000180e-01,2.445297890887663694e+00
4.336000000000000409e-01,1.931234696573586485e+00
4.344000000000000083e-01,3.625007628036747143e+00
4.351999999999999758e-01,5.614626035021608175e-02
4.359999999999999987e-01,2.435773071140192592e+00
4.367999999999999661e-01,7.140364582301956808e-01
4.375999999999999890e-01,2.593973274880092550e-01
4.384000000000000119e-01,8.712718444972432641e-01
4.392000000000000348e-01,1.240202235365290839e+00
4.400000000000000022e-01,8.409298186489504445e-01
4.407999999999999696e-01,3.757916238704215317e+00
4.415999999999999925e-01,1.983084783692918851e+00
4.424000000000000155e-01,1.715876489926017268e+00
4.431999999999999829e-01,1.337444984613590737e+00
4.440000000000000058e-01,1.617133015885732217e+00
4.448000000000000287e-01,1.783992000384881038e+00
4.455999999999999961e-01,2.435433170664116798e+00
4.463999999999999635e-01,8.111928948819359109e-01
4.471999999999999864e-01,2.148899479900383103e+00
4.480000000000000093e-01,2.721155612147302616e+00
4.487999999999999767e-01,2.789853771652924586e+00
4.495999999999999996e-01,2.286995190609122652e-01
4.504000000000000226e-01,1.372597873489629450e+01
4.511999999999999900e-01,1.352800664601645764e+01
4.520000000000000129e-01,3.524147589867021590e+00
4.527999999999999803e-01,4.514705115439994643e+00
4.536000000000000032e-01,2.548755710204252178e+00
4.543999999999999706e-01,2.677724520807303055e+00
4.551999999999999935e-01,6.884120010053865535e+00
4.560000000000000164e-01,4.066740261805316337e+00
4.568000000000000393e-01,6.492685888262082372e+00
4.576000000000000068e-01,4.769514090589927591e+00
4.583999999999999742e-01,4.712076019110847724e+00
4.591999999999999971e-01,4.734153729294918178e-01
4.599999999999999645e-01,2.232433247905108331e+00
4.607999999999999874e-01,1.749864751553694475e+00
4.616000000000000103e-01,3.841364439991666657e+00
4.624000000000000332e-01,1.387843996478064312e+01
4.632000000000000006e-01,3.133529547892279155e+01
4.640000000000000235e-01,2.048271978579294839e+01
4.647999999999999909e-01,4.147418526667817851e+00
4.656000000000000139e-01,4.848767256037809226e+00
4.663999999999999813e-01,7.681038660532666817e+00
4.672000000000000042e-01,1.963724159541279590e+01
4.680000000000000271e-01,2.192130664714993316e+01
4.687999999999999945e-01,1.907359397696017567e+01
4.696000000000000174e-01,2.082676981291789176e+01
4.703999999999999848e-01,1.976423288593816352e+01
4.712000000000000077e-01,1.473084554637484267e+01
4.719999999999999751e-01,1.205216755940312900e+01
4.727999999999999980e-01,1.254752228740537312e+01
4.736000000000000210e-01,1.570409385073656594e+01
4.743999999999999884e-01,1.506107884488796600e+01
4.752000000000000113e-01,3.241689026874157520e+01
4.759999999999999787e-01,3.624496461728015362e+01
4.768000000000000016e-01,2.444938279087647715e+01
4.775999999999999690e-01,6.003429105186484094e+00
4.784000000000000474e-01,8.137275612693223081e+00
4.792000000000000148e-01,2.374068433056987004e+01
4.799999999999999822e-01,3.194028146518451905e+01
4.808000000000000052e-01,2.969687228248261945e+01
4.815999999999999726e-01,3.065600930528423618e+01
4.824000000000000510e-01,2.980564812176029221e+01
4.831999999999999629e-01,2.893182092595515797e+01
4.840000000000000413e-01,2.359591519255575065e+01
4.848000000000000087e-01,2.404556152067571517e+01
4.855999999999999761e-01,2.515839676721606111e+01
4.863999999999999990e-01,2.674398238428569385e+01
4.871999999999999664e-01,8.205393919695541882e+00
4.880000000000000449e-01,2.344340175777960056e+01
4.887999999999999567e-01,1.274750849792564367e+01
4.896000000000000352e-01,1.178248575793963404e+01
4.904000000000000026e-01,2.162838817614638742e+01
4.911999999999999700e-01,1.533824594100745387e+01
4.919999999999999929e-01,1.883473289010121832e+01
4.927999999999999603e-01,2.190017349664783453e+01
4.936000000000000387e-01,1.866205933088766500e+01
4.944000000000000061e-01,2.015070897525482252e+01
4.952000000000000290e-01,2.078775870491140765e+01
4.959999999999999964e-01,1.710360015587028570e+01
4.967999999999999639e-01,1.986935653442331429e+01
4.975999999999999868e-01,1.657883112648628554e+01
4.983999999999999542e-01,1.885281813442321663e+01
4.992000000000000326e-01,1.762304779179003233e+01
5.000000000000000000e-01,5.703453094196784257e+00
5.008000000000000229e-01,1.469983367182604361e+01
5.016000000000000458e-01,6.368873141253081016e+00
5.024000000000000687e-01,1.013160729379148428e+01
5.031999999999999806e-01,1.549528723015882115e+01
5.040000000000000036e-01,9.729955385277694546e+00
5.048000000000000265e-01,1.451170618593766015e+01
5.055999999999999384e-01,1.230376449788494142e+01
5.064000000000000723e-01,1.169143713063322387e+01
5.071999999999999842e-01,1.265730747033574843e+01
5.080000000000000071e-01,1.102818571911422829e+01
5.088000000000000300e-01,9.276980923293224990e+00
5.095999999999999419e-01,1.221572237583955811e+01
5.103999999999999648e-01,1.231404346651434167e+01
5.111999999999999877e-01,9.919031523661081096e+00
5.120000000000000107e-01,3.749651041950842867e+00
5.128000000000000336e-01,1.201435100712975546e+00
5.136000000000000565e-01,2.033386649186968986e-01
5.143999999999999684e-01,1.092051611757619334e+00
5.151999999999999913e-01,8.516455803750229592e+00
5.160000000000000142e-01,5.729079395443370970e+00
5.167999999999999261e-01,3.691706186903788822e+00
5.176000000000000600e-01,1.709130134496140485e+00
5.183999999999999719e-01,4.579837758757515864e+00
5.191999999999999948e-01,1.083237189509582477e+00
5.200000000000000178e-01,1.768559493430740259e+00
5.207999999999999297e-01,2.090431677477838646e-01
5.216000000000000636e-01,3.646388669124651649e+00
5.223999999999999755e-01,1.630027215867629220e+00
5.231999999999999984e-01,2.650347477614543923e+00
5.240000000000000213e-01,1.891831535041194279e+00
5.248000000000000442e-01,1.497465562691950858e+00
5.255999999999999561e-01,2.016888012666980590e+00
5.263999999999999790e-01,3.818131846299267496e-01
5.272000000000000020e-01,3.525817375301643596e-03
5.279999999999999138e-01,2.572585560290121531e-01
5.288000000000000478e-01,3.614808698539085374e-01
5.295999999999999597e-01,1.123841246399627236e+00
5.303999999999999826e-01,1.609205783173910387e+00
5.312000000000000055e-01,5.435421064140983916e-01
5.320000000000000284e-01,1.115126958865324980e+00
5.328000000000000513e-01,6.971534953499366472e-01
5.335999999999999632e-01,1.641144306490482485e+00
5.343999999999999861e-01,8.722900200387531111e-01
5.352000000000000091e-01,9.782626810987032906e-01
5.360000000000000320e-01,8.399543065816379439e-01
5.367999999999999439e-01,9.592451440910951255e-02
5.376000000000000778e-01,8.670689673951035292e-01
5.383999999999999897e-01,2.594564039414174239e+00
5.392000000000000126e-01,1.691643723916020359e-01
5.400000000000000355e-01,2.132039374436432433e-01
5.407999999999999474e-01,3.726546572672480906e+00
5.416000000000000814e-01,1.249512061198625901e+00
5.423999999999999932e-01,8.781142423383675455e-02
5.432000000000000162e-01,1.128553847419539791e+00
5.440000000000000391e-01,2.824309423989227241e+00
5.447999999999999510e-01,6.084704600201380487e-01
5.455999999999999739e-01,1.752858897282409956e+00
5.463999999999999968e-01,1.517539539887055478e+00
5.472000000000000197e-01,3.399467721923504104e+00
5.479999999999999316e-01,1.975481475414263333e+00
5.488000000000000655e-01,2.173582652953970573e+00
5.495999999999999774e-01,2.649781053254302576e-01
5.504000000000000004e-01,2.327285785318669920e+00
5.512000000000000233e-01,7.005473832384487842e-01
5.519999999999999352e-01,7.601962348758301014e-01
5.528000000000000691e-01,2.902585342048576766e+00
5.535999999999999810e-01,1.648826899532109369e+00
5.544000000000000039e-01,2.096315580958364677e+00
5.552000000000000268e-01,3.267776573971521367e-03
5.559999999999999387e-01,1.470965527454797694e+00
5.567999999999999616e-01,1.307597445536024638e+00
5.575999999999999845e-01,2.613258823331773506e+00
5.584000000000000075e-01,9.805532892028436809e-01
5.592000000000000304e-01,2.156006313578776368e+00
5.600000000000000533e-01,1.273894590374877955e+00
5.607999999999999652e-01,4.309891707179631659e+00
5.616000000000000991e-01,2.326912528652135492e+00
5.624000000000000110e-01,5.370664970471105137e-01
5.631999999999999229e-01,1.331983478428488521e+00
5.640000000000000568e-01,2.154972658629435767e+00
5.647999999999999687e-01,1.796350150255823896e+00
5.655999999999999917e-01,3.221561935089408912e+00
5.664000000000000146e-01,1.787327613778851410e+00
5.672000000000000375e-01,4.833208608401380779e+00
5.679999999999999494e-01,3.938175021806612275e+00
5.687999999999999723e-01,3.950833737188916839e+00
5.695999999999999952e-01,5.034918596675474589e+00
5.704000000000000181e-01,4.608166500156813505e+00
5.712000000000000410e-01,3.303343069747332272e+00
5.719999999999999529e-01,5.390915824304700621e+00
5.728000000000000869e-01,7.050599659798601593e+00
5.735999999999999988e-01,4.268030500516236003e+00
5.743999999999999106e-01,2.787103485801920577e+00
5.752000000000000446e-01,6.650830001005403336e-01
5.759999999999999565e-01,3.116612063457773196e-01
5.767999999999999794e-01,6.730269834332938128e-01
5.776000000000000023e-01,4.278157230270967837e+00
5.784000000000000252e-01,4.061728937255910665e+00
5.792000000000000481e-01,3.180418388487887604e+00
5.799999999999999600e-01,1.505031030185963292e+00
5.807999999999999829e-01,3.990196489183365003e+00
5.816000000000000059e-01,2.465452239775425269e+00
5.824000000000000288e-01,2.637241228489192402e+00
5.831999999999999407e-01,1.667081285171954752e+00
5.840000000000000746e-01,3.788893487384357606e+00
5.847999999999999865e-01,3.749195213273422755e+00
5.855999999999998984e-01,4.652350461451555397e+00
5.864000000000000323e-01,3.556521947046235255e+00
5.871999999999999442e-01,1.455352660665084619e-01
5.880000000000000782e-01,1.286166718774236051e+00
5.887999999999999901e-01,1.645858734159356906e+00
5.896000000000000130e-01,1.871498502189038238e+00
5.904000000000000359e-01,3.552304867469587624e+00
5.912000000000000588e-01,2.549617683639023191e+00
5.919999999999999707e-01,2.914972325334177494e+00
5.927999999999999936e-01,4.228187473712354816e+00
5.936000000000000165e-01,4.031218332488611722e+00
5.943999999999999284e-01,4.843082705147408795e+00
5.952000000000000624e-01,3.320974270245317772e+00
5.959999999999999742e-01,3.167798947370993545e+00
5.967999999999999972e-01,3.301436588508067871e+00
5.976000000000000201e-01,6.552328190304965716e+00
5.983999999999999320e-01,3.213490591648172412e+00
5.992000000000000659e-01,4.619040430138884545e+00
5.999999999999999778e-01,1.350987586429829745e+00
6.008000000000000007e-01,7.987360498024215438e+00
6.016000000000000236e-01,3.080893373298665416e+00
6.024000000000000465e-01,3.616576281485820665e+00
6.031999999999999584e-01,1.872834530699400757e+00
6.039999999999999813e-01,3.693249516849335112e+00
6.048000000000000043e-01,6.676358151507609584e+00
6.055999999999999162e-01,9.104387527095870070e+00
6.064000000000000501e-01,5.068578553113710861e+00
6.071999999999999620e-01,6.969593155908214044e+00
6.080000000000000959e-01,7.326115938658818827e+00
6.088000000000000078e-01,7.108117104949895904e+00
6.095999999999999197e-01,5.464374452362277701e+00
6.104000000000000536e-01,5.829664982588317557e+00
6.111999999999999655e-01,7.774687415216339659e+00
6.119999999999999885e-01,2.502623007118466081e+00
6.128000000000000114e-01,4.663134190302792526e+00
6.136000000000000343e-01,2.796732008334310571e+00
6.143999999999999462e-01,2.696050746630594297e+00
6.151999999999999691e-01,5.214415582851010811e+00
6.159999999999999920e-01,5.462370386013605916e+00
6.168000000000000149e-01,3.163390546189388530e+00
6.176000000000000378e-01,7.404352542131331205e+00
6.183999999999999497e-01,4.603426179156940634e+00
6.192000000000000837e-01,5.966243587699224804e+00
6.199999999999999956e-01,5.476545191878243735e+00
6.207999999999999075e-01,7.168301099697489853e+00
6.216000000000000414e-01,6.532728673805081598e+00
6.223999999999999533e-01,6.494125032561102628e+00
6.231999999999999762e-01,4.821342203181820274e+00
6.239999999999999991e-01,6.484725522880245840e+00
6.248000000000000220e-01,6.827784614631892124e-01
6.256000000000000449e-01,7.009274505288776158e-01
6.264000000000000679e-01,9.179379073125111532e-03
6.271999999999999797e-01,2.321338872758380134e+00
6.280000000000000027e-01,6.327258464428308748e+00
6.288000000000000256e-01,5.578785839913090072e+00
6.295999999999999375e-01,4.049333589362594132e+00
6.304000000000000714e-01,2.440521885136832658e+00
6.311999999999999833e-01,1.475074199064502434e+00
6.320000000000000062e-01,4.147543321149931295e+00
6.328000000000000291e-01,4.193299466201414916e+00
6.335999999999999410e-01,3.576325854012997407e+00
6.343999999999999639e-01,6.238397578659677478e+00
6.351999999999999869e-01,4.290959417561485800e+00
6.360000000000000098e-01,4.985411568909623448e+00
6.368000000000000327e-01,3.499921073705026142e+00
6.376000000000000556e-01,1.380273540475956739e+00
6.383999999999999675e-01,4.132044225660192360e+00
6.391999999999999904e-01,2.241670639133297005e+00
6.400000000000000133e-01,3.331417965757693000e+00
6.407999999999999252e-01,6.886948242796229636e+00
6.416000000000000592e-01,3.366101632025401802e+00
6.423999999999999710e-01,5.152607197437328423e+00
6.431999999999999940e-01,3.598690232214838414e+00
6.440000000000000169e-01,6.848560607245525844e+00
6.447999999999999288e-01,5.584963150819396205e+00
6.456000000000000627e-01,6.524118237172040757e+00
6.463999999999999746e-01,5.592832890865829576e+00
6.471999999999999975e-01,7.198441128159129399e+00
6.480000000000000204e-01,5.287337998024080221e+00
6.488000000000000433e-01,6.949874807659123022e+00
6.495999999999999552e-01,1.896352018996103173e+00
6.503999999999999782e-01,1.080836168602323077e+01
6.512000000000000011e-01,7.456553322231313174e+00
6.519999999999999130e-01,3.885878469255264811e+00
6.528000000000000469e-01,6.573954378428400247e+00
6.535999999999999588e-01,4.849062120883774973e+00
6.543999999999999817e-01,8.005029045935627252e+00
6.552000000000000046e-01,9.124805081398518425e+00
6.560000000000000275e-01,9.073531632196504049e+00
6.568000000000000504e-01,8.075302462867771425e+00
6.575999999999999623e-01,1.175438690692811861e+01
6.583999999999999853e-01,8.262446109672058725e+00
6.592000000000000082e-01,9.974976956613021528e+00
6.600000000000000311e-01,7.379994201902641215e+00
6.607999999999999430e-01,1.155417400737202804e+01
6.616000000000000769e-01,1.033658377551175889e+01
6.623999999999999888e-01,1.184855116430943767e+00
6.632000000000000117e-01,1.109350533603339350e+00
6.640000000000000346e-01,2.603495217627752822e+00
6.647999999999999465e-01,5.514298375562199261e+00
6.656000000000000805e-01,1.049767001303593972e+01
6.663999999999999924e-01,4.578085724375920762e+00
6.672000000000000153e-01,6.854665726860189601e+00
6.680000000000000382e-01,6.881255393694968525e+00
6.687999999999999501e-01,6.566443225755603130e+00
6.695999999999999730e-01,8.042141818854993573e+00
6.703999999999999959e-01,5.732011959804268031e+00
6.712000000000000188e-01,6.374410059497505721e+00
6.719999999999999307e-01,9.367296130507657637e+00
6.728000000000000647e-01,9.515138090213817179e+00
6.735999999999999766e-01,7.932151194671397398e+00
6.743999999999999995e-01,5.225889138682815904e+00
6.752000000000000224e-01,4.530878097998816578e+00
6.759999999999999343e-01,8.481782623987351499e+00
6.768000000000000682e-01,2.958394298728668215e+00
6.775999999999999801e-01,6.843255537865077009e+00
6.784000000000000030e-01,5.794023726139307051e+00
6.792000000000000259e-01,6.595285904765557206e+00
6.799999999999999378e-01,8.211484137280667284e+00
6.807999999999999607e-01,8.899469950860265044e+00
6.815999999999999837e-01,7.753494332064892802e+00
6.824000000000000066e-01,9.747640109662521368e+00
6.832000000000000295e-01,5.711100922945890446e+00
6.840000000000000524e-01,8.567927596979574290e+00
6.847999999999999643e-01,8.942990645069281541e+00
6.856000000000000982e-01,1.002745895184260405e+01
6.864000000000000101e-01,7.470617114538204540e+00
6.871999999999999220e-01,1.381975284184930874e+00
6.880000000000000560e-01,5.651044011889896801e+00
6.887999999999999678e-01,3.525975309978554240e+00
6.895999999999999908e-01,3.252204437696018857e+00
6.904000000000000137e-01,8.121468863258721527e+00
6.912000000000000366e-01,4.769116921536788567e+00
6.919999999999999485e-01,6.357902960235916723e+00
6.927999999999999714e-01,9.166768965925788493e+00
6.935999999999999943e-01,7.294786601048580010e+00
6.944000000000000172e-01,9.234905143713925568e+00
6.952000000000000401e-01,6.356690413741330481e+00
6.959999999999999520e-01,7.366272535315532721e+00
6.968000000000000860e-01,6.759587494811216679e+00
6.975999999999999979e-01,8.517064113470151909e+00
6.983999999999999098e-01,6.952948467660961640e+00
6.992000000000000437e-01,8.802423272892966111e+00
6.999999999999999556e-01,3.127531111654691554e+00
7.007999999999999785e-01,1.452567994086971481e+01
7.016000000000000014e-01,4.571320882608758573e+00
7.024000000000000243e-01,5.297508398177554589e+00
7.032000000000000473e-01,5.953627330377296190e+00
7.039999999999999591e-01,6.245972820407322601e+00
7.047999999999999821e-01,1.069285063978791683e+01
7.056000000000000050e-01,1.255992451870567450e+01
7.064000000000000279e-01,9.966593359241661787e+00
7.071999999999999398e-01,1.173425670010423971e+01
7.080000000000000737e-01,1.000206462289338205e+01
7.087999999999999856e-01,1.040900513943141448e+01
7.095999999999998975e-01,9.199090074307743947e+00
7.104000000000000314e-01,9.972698443753783337e+00
7.111999999999999433e-01,1.080686454071106262e+01
7.120000000000000773e-01,3.394582059941886332e+00
7.127999999999999892e-01,9.894804968878627704e+00
7.136000000000000121e-01,8.631892456677503489e+00
7.144000000000000350e-01,4.293622895246350879e+00
7.152000000000000579e-01,7.760276343622177997e+00
7.159999999999999698e-01,7.263905985858809089e+00
7.167999999999999927e-01,7.090741427572364586e+00
7.176000000000000156e-01,1.184998697670800993e+01
7.183999999999999275e-01,8.480708292647177515e+00
7.192000000000000615e-01,1.061354861639912528e+01
7.199999999999999734e-01,9.425220598172764142e+00
7.207999999999999963e-01,1.052651726736907989e+01
7.216000000000000192e-01,1.042865708561102700e+01
7.223999999999999311e-01,1.016973856024616651e+01
7.232000000000000650e-01,8.587003128720455791e+00
7.239999999999999769e-01,1.042936018698899581e+01
7.247999999999999998e-01,1.933311410618960391e+00
7.256000000000000227e-01,9.342381507356199322e+00
7.264000000000000457e-01,4.175905552268253551e+00
7.271999999999999575e-01,5.368423810696945964e+00
7.279999999999999805e-01,9.920610296708671783e+00
7.288000000000000034e-01,7.318154896378652907e+00
7.295999999999999153e-01,8.772237667846262354e+00
7.304000000000000492e-01,8.844564796325357747e+00
7.311999999999999611e-01,7.620528514504242956e+00
7.320000000000000950e-01,1.038001444182047450e+01
7.328000000000000069e-01,9.553320966833977579e+00
7.335999999999999188e-01,9.508632543744930388e+00
7.344000000000000528e-01,1.043681550271399772e+01
7.351999999999999647e-01,7.754413925621300052e+00
7.359999999999999876e-01,1.017538502803567546e+01
7.368000000000000105e-01,7.844441815339798119e+00
7.376000000000000334e-01,1.169891014726290646e+00
7.383999999999999453e-01,5.350656781369995674e-01
7.391999999999999682e-01,2.411947825842017945e+00
7.399999999999999911e-01,6.631126377975267161e+00
7.408000000000000140e-01,9.173712028590792045e+00
7.416000000000000369e-01,3.808851929736813524e+00
7.423999999999999488e-01,6.668643102178802629e+00
7.432000000000000828e-01,4.176940451728399673e+00
7.439999999999999947e-01,6.250324316298684124e+00
7.448000000000000176e-01,4.549965127590473557e+00
7.456000000000000405e-01,7.118231042414367771e+00
7.463999999999999524e-01,7.256874668025870889e+00
7.471999999999999753e-01,7.434138128000616241e+00
7.479999999999999982e-01,6.521383980144475956e+00
7.488000000000000211e-01,7.970557317381996576e+00
7.496000000000000441e-01,2.525870948760311485e+00
7.504000000000000670e-01,1.113711424127122385e+01
7.511999999999999789e-01,7.656869707910067824e+00
7.520000000000000018e-01,4.007001655802042706e+00
7.528000000000000247e-01,7.105622718164401164e+00
7.535999999999999366e-01,5.978729468387938617e+00
7.544000000000000705e-01,8.717775729528145945e+00
7.551999999999999824e-01,8.800632798312136629e+00
7.560000000000000053e-01,9.809195198371796209e+00
7.568000000000000282e-01,1.028262131177168826e+01
7.575999999999999401e-01,1.146408522872381042e+01
7.583999999999999631e-01,8.838628384412047012e+00
7.591999999999999860e-01,1.098146337567845343e+01
7.600000000000000089e-01,8.827950833015846044e+00
7.608000000000000318e-01,1.126087991049942261e+01
7.616000000000000547e-01,9.045372318757502583e+00
7.623999999999999666e-01,1.623812090286401943e+00
7.631999999999999895e-01,5.300310947414330620e+00
7.640000000000000124e-01,3.997660582165114551e+00
7.647999999999999243e-01,5.755367865752967660e+00
7.656000000000000583e-01,9.325883928377196597e+00
7.663999999999999702e-01,5.081499494021437080e+00
7.671999999999999931e-01,9.341338249766808488e+00
7.680000000000000160e-01,7.813922354673131565e+00
7.687999999999999279e-01,8.061239359864343257e+00
7.696000000000000618e-01,9.651179643703711619e+00
7.703999999999999737e-01,7.619898631202668859e+00
7.711999999999999966e-01,7.639994505536220615e+00
7.720000000000000195e-01,9.362606671490127042e+00
7.728000000000000425e-01,9.694827977673364572e+00
7.735999999999999543e-01,8.854189112289756025e+00
7.744000000000000883e-01,7.474875351974715088e+00
7.752000000000000002e-01,1.327303254691049927e+00
7.759999999999999121e-01,1.028151648430286391e+00
7.768000000000000460e-01,1.855364934978565028e+00
7.775999999999999579e-01,9.355944845941163379e+00
7.783999999999999808e-01,6.718833216622286386e+00
7.792000000000000037e-01,4.575520367199517047e+00
7.800000000000000266e-01,4.853934969884130091e+00
7.808000000000000496e-01,7.904371211507350559e+00
7.815999999999999615e-01,5.101291403782176381e+00
7.823999999999999844e-01,5.412708467753639674e+00
7.832000000000000073e-01,4.457960641809807889e+00
7.840000000000000302e-01,7.353266064415691972e+00
7.847999999999999421e-01,6.694415955016517650e+00
7.856000000000000760e-01,8.487059820895776596e+00
7.863999999999999879e-01,5.626185329574058258e+00
7.871999999999998998e-01,9.373772905557702373e-01
7.880000000000000338e-01,7.999712683191541274e+00
7.887999999999999456e-01,5.197785900619007471e+00
7.896000000000000796e-01,3.660357869129911901e+00
7.903999999999999915e-01,5.045205991676525059e+00
7.912000000000000144e-01,3.513630165826065355e+00
7.920000000000000373e-01,7.148349739463740526e+00
7.927999999999999492e-01,1.048002954172559420e+01
7.935999999999999721e-01,8.293122982665371623e+00
7.943999999999999950e-01,9.465007231007867006e+00
7.952000000000000179e-01,8.006437788954674062e+00
7.959999999999999298e-01,7.828492109221536488e+00
7.968000000000000638e-01,6.128880800283527108e+00
7.975999999999999757e-01,9.483013333289004976e+00
7.983999999999999986e-01,8.574635099185545783e+00
7.992000000000000215e-01,1.005444596943567959e+01
7.999999999999999334e-01,1.783379934142788281e+00
8.008000000000000673e-01,4.588167623762589464e+00
8.015999999999999792e-01,2.239157335839330631e+00
8.024000000000000021e-01,5.930016199641777952e+00
8.032000000000000250e-01,6.641701435415762411e+00
8.040000000000000480e-01,5.284507487622629007e+00
8.047999999999999599e-01,6.678420549452562582e+00
8.055999999999999828e-01,7.748443797317579040e+00
8.064000000000000057e-01,6.122481553488571926e+00
8.072000000000000286e-01,7.661493486588601520e+00
8.080000000000000515e-01,7.064031355003561607e+00
8.087999999999999634e-01,7.196987015676111987e+00
8.096000000000000973e-01,7.461177721597242574e+00
8.104000000000000092e-01,7.823361439878216750e+00
8.111999999999999211e-01,5.478231872985719342e+00
8.120000000000000551e-01,2.022955809047098263e+00
8.127999999999999670e-01,3.617431555655625797e+00
8.135999999999999899e-01,2.754111677631769783e+00
8.144000000000000128e-01,2.449134576674655062e+00
8.152000000000000357e-01,4.746973704569974473e+00
8.159999999999999476e-01,5.148672732707228583e+00
8.167999999999999705e-01,3.519314310821471281e+00
8.175999999999999934e-01,6.504340667524741271e+00
8.184000000000000163e-01,4.480579027550612992e+00
8.192000000000000393e-01,4.053562085830318296e+00
8.199999999999999512e-01,3.817287391173994848e+00
8.208000000000000851e-01,7.107533766032098299e+00
8.215999999999999970e-01,6.289481628414622882e+00
8.223999999999999089e-01,6.476281882753738728e+00
8.232000000000000428e-01,4.179380592047279741e+00
8.239999999999999547e-01,6.531613238881795347e+00
8.247999999999999776e-01,1.370048480847882555e+00
8.256000000000000005e-01,8.481218018710949380e+00
8.264000000000000234e-01,3.729224111078069726e+00
8.272000000000000464e-01,4.019768609628776801e+00
8.279999999999999583e-01,6.967641682446914508e+00
8.287999999999999812e-01,4.946465231738376822e+00
8.296000000000000041e-01,5.337078858694678019e+00
8.304000000000000270e-01,7.309354860696631206e+00
8.311999999999999389e-01,7.215249669146245104e+00
8.320000000000000728e-01,8.598432554474658929e+00
8.327999999999999847e-01,7.829259104649143985e+00
8.336000000000000076e-01,7.737975090315220683e+00
8.344000000000000306e-01,9.788295307430812997e+00
8.351999999999999424e-01,6.517014456706928804e+00
8.360000000000000764e-01,6.532236163967697351e+00
8.367999999999999883e-01,6.147913746680113256e+00
8.376000000000000112e-01,1.760088798571335378e+00
8.384000000000000341e-01,2.142451196454503215e+00
8.392000000000000570e-01,2.426760265367500224e+00
8.399999999999999689e-01,4.875563670514994286e+00
8.407999999999999918e-01,7.814117299710225950e+00
8.416000000000000147e-01,3.816790145460413619e+00
8.423999999999999266e-01,5.998547881939919613e+00
8.432000000000000606e-01,4.794492223086700200e+00
8.439999999999999725e-01,6.272251040309272163e+00
8.447999999999999954e-01,4.880220863379588714e+00
8.456000000000000183e-01,6.940230076135740944e+00
8.463999999999999302e-01,5.669203498338801772e+00
8.472000000000000641e-01,6.625958877021251858e+00
8.479999999999999760e-01,5.833090390153204297e+00
8.487999999999999989e-01,8.087887079673468094e+00
8.496000000000000218e-01,1.824790970146423330e+00
8.504000000000000448e-01,6.910816217918187121e+00
8.511999999999999567e-01,5.077027480725496034e+00
8.519999999999999796e-01,3.503605771400333246e+00
8.528000000000000025e-01,6.558017284221587140e+00
8.535999999999999144e-01,5.446463299030039451e+00
8.544000000000000483e-01,5.884403842683080477e+00
8.551999999999999602e-01,6.397880442008685442e+00
8.560000000000000941e-01,6.832375942868639029e+00
8.568000000000000060e-01,7.091008278116938790e+00
8.575999999999999179e-01,9.133902202207636378e+00
8.584000000000000519e-01,6.107832327680961626e+00
8.591999999999999638e-01,8.419038354271854985e+00
8.599999999999999867e-01,7.384301811886987643e+00
8.608000000000000096e-01,7.565372480190331039e+00
8.616000000000000325e-01,7.292223445325338282e+00
8.623999999999999444e-01,1.653118800549020051e+00
8.631999999999999673e-01,7.120160123624857285e+00
8.639999999999999902e-01,4.311052145447845874e+00
8.648000000000000131e-01,4.366973956072605745e+00
8.656000000000000361e-01,8.002140024837265386e+00
8.663999999999999480e-01,3.838045837391466542e+00
8.672000000000000819e-01,8.061626337834667311e+00
8.679999999999999938e-01,8.522189914105611663e+00
8.688000000000000167e-01,8.376913149605929476e+00
8.696000000000000396e-01,8.756158242733611985e+00
8.703999999999999515e-01,7.351727051848431671e+00
8.711999999999999744e-01,6.270771842867977952e+00
8.719999999999999973e-01,9.514154329961261425e+00
8.728000000000000203e-01,9.571894883668100817e+00
8.735999999999999321e-01,8.484664367707635435e+00
8.744000000000000661e-01,6.793802331213413481e+00
8.751999999999999780e-01,1.776488036437881224e+00
8.760000000000000009e-01,1.328822158642653406e+00
8.768000000000000238e-01,1.239062048735481314e+00
8.775999999999999357e-01,8.076368174758240315e+00
8.784000000000000696e-01,7.027341802692166794e+00
8.791999999999999815e-01,4.409020235045552738e+00
8.800000000000000044e-01,3.709209805941831473e+00
8.808000000000000274e-01,7.065681966996734786e+00
8.815999999999999392e-01,4.249707486340714269e+00
8.823999999999999622e-01,5.477138995910896924e+00
8.831999999999999851e-01,3.699395813535210742e+00
8.840000000000000080e-01,6.178715979911823197e+00
8.848000000000000309e-01,5.897410201312485611e+00
8.856000000000000538e-01,6.752842628688632054e+00
8.863999999999999657e-01,5.363186012936012936e+00
8.871999999999999886e-01,3.851480681512028381e-01
8.880000000000000115e-01,2.210902550005935385e+00
8.887999999999999234e-01,2.729951290168143085e+00
8.896000000000000574e-01,2.310923279486113646e+00
8.903999999999999693e-01,3.788523836140192280e+00
8.911999999999999922e-01,3.106023650260363755e+00
8.920000000000000151e-01,5.123282983325159634e+00
8.927999999999999270e-01,6.309618186818163110e+00
8.936000000000000609e-01,4.423980226770165558e+00
8.943999999999999728e-01,5.425754234248411301e+00
8.951999999999999957e-01,4.310245033861551001e+00
8.960000000000000187e-01,3.856543389394919252e+00
8.968000000000000416e-01,4.145793127266657052e+00
8.975999999999999535e-01,7.165213560213895327e+00
8.984000000000000874e-01,4.627724734746829327e+00
8.991999999999999993e-01,5.421092065090303613e+00
8.999999999999999112e-01,2.053497107070183070e+00
9.008000000000000451e-01,9.370553850521217143e+00
9.015999999999999570e-01,3.337079485900393827e+00
9.023999999999999799e-01,4.770122477639922032e+00
9.032000000000000028e-01,3.963832470727672419e+00
9.040000000000000258e-01,2.964428107000441681e+00
9.048000000000000487e-01,6.187386145993476916e+00
9.055999999999999606e-01,9.923703001346954267e+00
9.063999999999999835e-01,6.244775666201823228e+00
9.072000000000000064e-01,8.236252514925912038e+00
9.080000000000000293e-01,7.483598997095705307e+00
9.087999999999999412e-01,7.680024716823650621e+00
9.096000000000000751e-01,6.158414810962096197e+00
9.103999999999999870e-01,5.719312123878686371e+00
9.111999999999998989e-01,5.705605505538337674e+00
9.120000000000000329e-01,2.474753611290625877e+00
9.127999999999999448e-01,1.618637517305123952e+00
9.136000000000000787e-01,1.025204393042315143e+00
9.143999999999999906e-01,1.472342966500673755e+00
9.152000000000000135e-01,4.667711112670909657e+00
9.160000000000000364e-01,5.549172575201960278e+00
9.167999999999999483e-01,2.003714672599298474e+00
9.175999999999999712e-01,3.789324703430933194e+00
9.183999999999999941e-01,2.498191928655016714e+00
9.192000000000000171e-01,3.798722248690927561e+00
9.199999999999999289e-01,1.506957347531335589e+00
9.208000000000000629e-01,4.142865827522375533e+00
9.215999999999999748e-01,4.868483696900055335e+00
9.223999999999999977e-01,5.225781213303452688e+00
9.232000000000000206e-01,2.785728537939533123e+00
9.239999999999999325e-01,4.633665274651789900e+00
9.248000000000000664e-01,5.627856746817756495e-01
9.255999999999999783e-01,4.049768154899200390e+00
9.264000000000000012e-01,1.363695199593973229e+00
9.272000000000000242e-01,2.231419263935118913e+00
9.280000000000000471e-01,4.308136247197805524e+00
9.287999999999999590e-01,3.897388969083428911e+00
9.295999999999999819e-01,3.269680096740821718e+00
9.304000000000000048e-01,3.709323958472075855e+00
9.312000000000000277e-01,3.220664663594145161e+00
9.320000000000000506e-01,5.051504980456635430e+00
9.327999999999999625e-01,4.101543499427514838e+00
9.336000000000000965e-01,4.570419808075985024e+00
9.344000000000000083e-01,6.499699080949377539e+00
9.351999999999999202e-01,2.453043494901802735e+00
9.360000000000000542e-01,3.185758148567001680e+00
9.367999999999999661e-01,3.636408987175807628e+00
9.375999999999999890e-01,1.064740345564526569e+00
9.384000000000000119e-01,1.183939970291333355e+00
9.392000000000000348e-01,1.431534743251088981e+00
9.399999999999999467e-01,2.949621753061219209e+00
9.407999999999999696e-01,4.909100540741538232e+00
9.415999999999999925e-01,1.815910325373060408e+00
9.424000000000000155e-01,4.497734478492378507e+00
9.432000000000000384e-01,1.910444423934502645e+00
9.439999999999999503e-01,3.418260933878227714e+00
9.448000000000000842e-01,2.660200972737869485e+00
9.455999999999999961e-01,4.655864106051197382e+00
9.463999999999999080e-01,3.429212078599786384e+00
9.472000000000000419e-01,3.506104582602232789e+00
9.479999999999999538e-01,4.028930132983825629e+00
9.487999999999999767e-01,5.513949872686731091e+00
9.495999999999999996e-01,4.854816761266905201e-01
9.504000000000000226e-01,1.594012661264239128e-01
9.512000000000000455e-01,1.337188448991257217e-01
9.519999999999999574e-01,1.350055493625559544e+00
9.527999999999999803e-01,4.982281925082928886e+00
9.536000000000000032e-01,3.586986200559963311e+00
9.543999999999999151e-01,2.257929035331065926e+00
9.551999999999999380e-01,2.638006376935600472e-01
9.560000000000000719e-01,2.373287296097635668e+00
9.568000000000000949e-01,1.355504062313241498e+00
9.575999999999998957e-01,2.378620399432176846e+00
9.584000000000000297e-01,1.588600864397114121e+00
9.592000000000000526e-01,5.289790804182218587e+00
9.599999999999999645e-01,1.510207577662713740e+00
9.607999999999999874e-01,3.201463887201160485e+00
9.616000000000000103e-01,3.000178125475364332e+00
9.624000000000001442e-01,1.258062409747885191e+00
9.631999999999999451e-01,3.681224100948393474e+00
9.639999999999999680e-01,1.984421289247908726e+00
9.648000000000001020e-01,1.561082802708694928e+00
9.655999999999999028e-01,4.635779802815398476e+00
9.663999999999999257e-01,1.944576749391100368e+00
9.672000000000000597e-01,5.438195490352454975e+00
9.680000000000000826e-01,3.415538891904307928e+00
9.687999999999999945e-01,4.716858462547021347e+00
9.696000000000000174e-01,4.985072417179137183e+00
9.704000000000000403e-01,3.501548492590425443e+00
9.711999999999999522e-01,3.419737355475898077e+00
9.719999999999999751e-01,5.591608549172009113e+00
9.727999999999999980e-01,5.727879035555623055e+00
9.736000000000001320e-01,5.360923752208821114e+00
9.743999999999999329e-01,2.632089888112734588e+00
9.751999999999999558e-01,2.564401815259421902e+00
9.760000000000000897e-01,7.381817813974053344e+00
9.767999999999998906e-01,3.210158665453464177e+00
9.775999999999999135e-01,5.325801805674537981e+00
9.784000000000000474e-01,1.296663167414812134e+00
9.792000000000000703e-01,3.418253522916468778e+00
9.799999999999999822e-01,6.386194247802412072e+00
9.808000000000000052e-01,7.051079344858882436e+00
9.816000000000000281e-01,4.908006742170383241e+00
9.823999999999999400e-01,7.370847414736211078e+00
9.831999999999999629e-01,4.821830831780105520e+00
9.839999999999999858e-01,5.375270736103612279e+00
9.848000000000001197e-01,4.669085011593546497e+00
9.855999999999999206e-01,6.909533594954022639e+00
9.863999999999999435e-01,4.719025208591288489e+00
9.872000000000000774e-01,3.936115689477794333e-01
9.879999999999998783e-01,3.397912241198959293e+00
9.888000000000000123e-01,2.318997155430909451e+00
9.896000000000000352e-01,1.871256800890607419e+00
9.904000000000000581e-01,5.130160591018296579e+00
9.911999999999999700e-01,2.438349536215405067e+00
9.919999999999999929e-01,4.003962039622436464e+00
9.928000000000000158e-01,5.611155792102694662e+00
9.935999999999999277e-01,4.873723459103820765e+00
9.943999999999999506e-01,4.757292091787106436e+00
9.951999999999999735e-01,3.191097443413636103e+00
9.960000000000001075e-01,3.855161834822051770e+00
9.967999999999999083e-01,2.784153386243448658e+00
9.975999999999999313e-01,5.870105352922043274e+00
9.984000000000000652e-01,5.502301882699097924e+00
9.991999999999998661e-01,4.456268454618321329e+00
1.000000000000000000e+00,7.593012634969743546e-01
1.000799999999999912e+00,3.050435596363052504e+00
1.001600000000000046e+00,3.176190336537798586e-01
1.002399999999999958e+00,2.891461324436406688e+00
1.003200000000000092e+00,1.807153869152392733e+00
1.004000000000000004e+00,2.083469385627556125e+00
1.004800000000000137e+00,2.725025657324144368e-01
1.005600000000000049e+00,8.817343412315957751e-01
1.006399999999999961e+00,1.406384402269071632e-01
1.007200000000000095e+00,9.423041704363075421e-01
1.008000000000000007e+00,8.563493429372610877e-02
1.008799999999999919e+00,2.013320276236523210e+00
1.009600000000000053e+00,1.521257787101589098e+00
1.010400000000000187e+00,1.414230352571813398e+00
1.011199999999999877e+00,2.520086880708674593e-01
1.012000000000000011e+00,2.978548444294962794e-01
1.012800000000000145e+00,5.191054881048589448e-02
1.013599999999999834e+00,3.613243367127091377e-01
1.014399999999999968e+00,8.152769401245142378e-01
1.015200000000000102e+00,7.979438525979874741e-02
1.016000000000000014e+00,8.160904590185719121e-01
1.016799999999999926e+00,9.411754299589590589e-02
1.017600000000000060e+00,1.116781211208684121e+00
1.018399999999999972e+00,1.614632693434272737e+00
1.019199999999999884e+00,5.687345535053391909e-01
1.020000000000000018e+00,6.493875698120309403e-01
1.020799999999999930e+00,1.722335307319689868e+00
1.021600000000000064e+00,4.609546653279731898e-01
1.022399999999999975e+00,2.299975700691601510e+00
1.023200000000000109e+00,3.428984621573372138e-02
1.024000000000000021e+00,1.962994482130682103e-02
1.024799999999999933e+00,1.182619211246507929e+00
1.025600000000000067e+00,1.959730692556591380e+00
1.026399999999999979e+00,6.818904612581080382e-01
1.027200000000000113e+00,4.727536365739838931e-01
1.028000000000000025e+00,9.187117158328679256e-01
1.028799999999999937e+00,1.040357568982707370e+00
1.029600000000000071e+00,9.642197399158644044e-01
1.030399999999999983e+00,1.043972932771825457e+00
1.031199999999999894e+00,1.305739630082512148e+00
1.032000000000000028e+00,1.637754500728259677e+00
1.032800000000000162e+00,2.335687514801254028e-01
1.033599999999999852e+00,2.103180462811250706e+00
1.034399999999999986e+00,8.343193960134634990e-01
1.035200000000000120e+00,2.477081757976979492e+00
1.035999999999999810e+00,6.263741534865925331e-01
1.036799999999999944e+00,1.951350243079084390e-01
1.037600000000000078e+00,1.719446975413811751e+00
1.038399999999999990e+00,8.314621052327563433e+00
1.039199999999999902e+00,1.566014502591329016e+00
1.040000000000000036e+00,1.496406826780413979e-01
1.040799999999999947e+00,2.569421811679635681e+00
1.041599999999999859e+00,6.747705877391015905e-01
1.042399999999999993e+00,4.562723369271866503e+00
1.043200000000000127e+00,5.417618725367536747e+00
1.044000000000000039e+00,1.032236610912680597e+00
1.044799999999999951e+00,4.105436049309538760e+00
1.045600000000000085e+00,1.504589881961995612e+00
1.046399999999999997e+00,1.532954033460155463e+00
1.047199999999999909e+00,3.864899977930499886e-01
1.048000000000000043e+00,2.518767140787669057e+00
1.048799999999999955e+00,1.525744469642212664e+00
1.049600000000000088e+00,9.327588219073380538e-01
1.050400000000000000e+00,1.071117013222227632e+00
1.051199999999999912e+00,2.584036969952331897e-01
1.052000000000000046e+00,8.283032544260375829e-01
1.052799999999999958e+00,3.877262297980573202e-01
1.053599999999999870e+00,9.575031756730469912e-01
1.054400000000000004e+00,4.951491849402195333e-01
1.055200000000000138e+00,1.696846353533889351e+00
1.055999999999999828e+00,1.739419358331865950e-01
1.056799999999999962e+00,1.045072480207120735e+00
1.057600000000000096e+00,1.815628424772717686e+00
1.058399999999999785e+00,2.321500345772146423e-01
1.059199999999999919e+00,4.630631332509238529e-02
1.060000000000000053e+00,1.572063037373765182e+00
1.060799999999999965e+00,1.266614812632827602e+00
1.061599999999999877e+00,5.353039382936934931e-01
1.062400000000000011e+00,2.725306482435957411e-01
1.063200000000000145e+00,3.640925448255222907e+00
1.064000000000000057e+00,4.186279470943334718e-02
1.064799999999999969e+00,4.058946126544073496e-01
1.065600000000000103e+00,1.935277806086911800e+00
1.066400000000000015e+00,1.410125264179074855e-01
1.067199999999999926e+00,1.449608096259753787e-01
1.068000000000000060e+00,8.784702747592515459e-01
1.068799999999999972e+00,3.760207007909170396e-01
1.069600000000000106e+00,2.164767401819645276e-01
1.070400000000000018e+00,5.671977296442231031e-01
1.071199999999999930e+00,1.523924479960878375e-01
1.072000000000000064e+00,1.525659490241227489e+00
1.072799999999999976e+00,1.732809266162406159e+00
1.073599999999999888e+00,1.925388636958263733e-01
1.074400000000000022e+00,1.772129013779209783e-02
1.075200000000000156e+00,3.365008855745318161e+00
1.075999999999999845e+00,9.130037406201283900e+00
1.076799999999999979e+00,2.551007764333831584e+00
1.077600000000000113e+00,6.209088738899319893e-01
1.078400000000000025e+00,3.870645947978542112e-01
1.079199999999999937e+00,7.167728757642582993e-01
1.080000000000000071e+00,4.888506122925069697e+00
1.080800000000000205e+00,3.437561903392330365e+00
1.081599999999999895e+00,4.984046952803024233e+00
1.082400000000000029e+00,3.473589397799541789e+00
1.083200000000000163e+00,4.107425299010983188e+00
1.083999999999999853e+00,2.711793040602975324e+00
1.084799999999999986e+00,2.563029064974222226e+00
1.085600000000000120e+00,1.365334671006722234e+00
1.086400000000000032e+00,3.423937939575317113e+00
1.087199999999999944e+00,2.197447907872940753e+00
1.088000000000000078e+00,4.125979153306010616e+00
1.088799999999999990e+00,1.965385684664942678e+00
1.089599999999999902e+00,2.117170940691369019e+00
1.090400000000000036e+00,1.281771059816317671e+00
1.091199999999999948e+00,2.729337967689851485e+00
1.092000000000000082e+00,3.374617605312576263e+00
1.092799999999999994e+00,1.960529524153444170e+00
1.093599999999999905e+00,7.914515421635437420e-01
1.094400000000000039e+00,1.939393319339935973e+00
1.095199999999999951e+00,3.283019977052935801e+00
1.095999999999999863e+00,2.618190866178501164e+00
1.096799999999999997e+00,2.810600449596067030e+00
1.097600000000000131e+00,2.921453431472836870e-01
1.098400000000000043e+00,2.728874779626363711e+00
1.099199999999999955e+00,8.846413848947152214e-01
1.100000000000000089e+00,1.169798657087160576e+00
1.100800000000000001e+00,9.299815602051205721e-01
1.101599999999999913e+00,5.804345145860606570e-01
1.102400000000000047e+00,1.093053243301193467e+00
1.103200000000000180e+00,4.236521970408707816e+00
1.103999999999999870e+00,3.352329694034404395e-01
1.104800000000000004e+00,6.129976418904303781e-01
1.105600000000000138e+00,2.847046186716328253e-01
1.106399999999999828e+00,2.434475504720560846e+00
1.107199999999999962e+00,3.231952860976703978e-01
1.108000000000000096e+00,1.919939257705318980e-01
1.108800000000000008e+00,1.012247239616023808e+00
1.109599999999999920e+00,2.136526550662527058e+00
1.110400000000000054e+00,1.185382185963351764e+00
1.111199999999999966e+00,5.527939095193679098e-01
1.111999999999999877e+00,8.089972431079307524e-01
1.112800000000000011e+00,5.900211369540517836e-01
1.113599999999999923e+00,7.148725249700195183e-01
1.114400000000000057e+00,4.904928485020192408e-01
1.115199999999999969e+00,7.518163479365503887e-01
1.115999999999999881e+00,5.424191643368511118e-01
1.116800000000000015e+00,2.531325801907688078e+00
1.117599999999999927e+00,4.647500949356588307e-01
1.118400000000000061e+00,3.454115151750545287e-01
1.119199999999999973e+00,7.379172259310291804e-02
1.120000000000000107e+00,1.769706008971464239e+00
1.120800000000000018e+00,1.334243436941289662e+00
1.121599999999999930e+00,5.239032196370441152e-01
1.122400000000000064e+00,5.740746659435723709e-01
1.123200000000000198e+00,2.613368026180633130e+00
1.123999999999999888e+00,2.321802584331369643e-02
1.124800000000000022e+00,7.013149832883645018e-01
1.125600000000000156e+00,1.767214955473117577e+00
1.126399999999999846e+00,1.124385046592675463e+00
1.127199999999999980e+00,4.601635120291968084e-01
1.128000000000000114e+00,4.601086761115805723e-01
1.128800000000000026e+00,1.111026276469028407e+00
1.129599999999999937e+00,9.643299419740742895e-01
1.130400000000000071e+00,1.972359167777768763e+00
1.131199999999999983e+00,3.329813015151427358e+00
1.131999999999999895e+00,6.484005953816254220e-01
1.132800000000000029e+00,3.914981687080673622e-01
1.133599999999999941e+00,3.898493970010513121e-01
1.134400000000000075e+00,8.258506681504672597e-01
1.135199999999999987e+00,2.747009289578484115e+00
1.135999999999999899e+00,7.876098523111090266e-01
1.136800000000000033e+00,1.182809893280424740e+00
1.137599999999999945e+00,4.589030766694806446e-02
1.138400000000000079e+00,3.078316752026486469e-01
1.139199999999999990e+00,5.838146411399866009e-01
1.140000000000000124e+00,1.507791068449100935e+00
1.140800000000000036e+00,5.418779273159400889e-01
1.141599999999999948e+00,9.993974722283696099e-01
1.142400000000000082e+00,1.181862073409893077e-01
1.143199999999999994e+00,2.345607188174268387e+00
1.143999999999999906e+00,1.048024067241842161e+00
1.144800000000000040e+00,7.575059709925665574e-01
1.145600000000000174e+00,7.875636618068132533e-01
1.146399999999999864e+00,5.821517917256421315e-01
1.147199999999999998e+00,1.579022761861389901e+00
1.148000000000000131e+00,1.291209331652296788e+00
1.148799999999999821e+00,5.770503556948053392e-01
1.149599999999999955e+00,9.929510122092448654e-01
1.150400000000000089e+00,2.139409772929436571e+00
1.151200000000000001e+00,2.001311410433920468e+00
1.151999999999999913e+00,7.135967330906481942e-01
1.152800000000000047e+00,7.716813441356783487e-01
1.153599999999999959e+00,8.625620070191007960e-01
1.154399999999999871e+00,8.718688561883436439e-01
1.155200000000000005e+00,3.410612583349224458e+00
1.156000000000000139e+00,1.856092608624166918e+00
1.156800000000000050e+00,3.151877968293694376e+00
1.157599999999999962e+00,4.165783585053454696e-01
1.158400000000000096e+00,1.347650010764220196e+00
1.159200000000000008e+00,2.080229250580949985e-01
1.159999999999999920e+00,3.535830000283434416e+00
1.160800000000000054e+00,5.586205876608968390e-01
1.161599999999999966e+00,4.458406248096228319e-01
1.162400000000000100e+00,6.831087394758413867e-01
1.163200000000000012e+00,3.520760461123892071e+00
1.163999999999999924e+00,6.996145651057644743e-02
1.164800000000000058e+00,6.442405943642068311e-02
1.165599999999999969e+00,3.754399249630376023e-02
1.166399999999999881e+00,1.995042029612251522e+00
1.167200000000000015e+00,1.725642354319386063e-01
1.168000000000000149e+00,1.174429658755253181e+00
1.168799999999999839e+00,3.583652588141967299e-01
1.169599999999999973e+00,2.734362549372537088e-01
1.170400000000000107e+00,1.946847848849968532e+00
1.171199999999999797e+00,1.733686226565787747e+00
1.171999999999999931e+00,9.689892220305341697e-01
1.172800000000000065e+00,1.221457896887816336e-01
1.173599999999999977e+00,9.238409722927292123e-01
1.174399999999999888e+00,8.062678577840404204e-01
1.175200000000000022e+00,1.184474810758908037e+00
1.176000000000000156e+00,3.601290381425060083e+00
1.176799999999999846e+00,1.900539853208233376e+00
1.177599999999999980e+00,3.040675408430195126e-01
1.178400000000000114e+00,3.502455427034155411e-02
1.179200000000000026e+00,3.245920115043700038e-01
1.179999999999999938e+00,3.559626406501072537e+00
1.180800000000000072e+00,2.011904045731394142e+00
1.181599999999999984e+00,2.539598283043754456e+00
1.182400000000000118e+00,1.379100883348748807e+00
1.183200000000000029e+00,4.087738057539996639e+00
1.183999999999999941e+00,1.110131382046931847e+00
1.184800000000000075e+00,2.058765032221725022e+00
1.185599999999999987e+00,4.305404915444069891e-01
1.186399999999999899e+00,2.117372226828895254e+00
1.187200000000000033e+00,1.202405136360300331e+00
1.188000000000000167e+00,2.038157791987739831e+00
1.188799999999999857e+00,3.113621063947614731e-01
1.189599999999999991e+00,5.878242412083841684e-01
1.190400000000000125e+00,9.155407754846766055e-01
1.191199999999999815e+00,2.835866543571312182e+00
1.191999999999999948e+00,8.020703642574542602e-01
1.192800000000000082e+00,1.014190751618409582e-02
1.193599999999999994e+00,5.143156378792392847e-01
1.194399999999999906e+00,4.490857312532280377e-01
1.195200000000000040e+00,2.232951735732138676e+00
1.196000000000000174e+00,2.014131984293001665e+00
1.196799999999999864e+00,2.300638533388683182e+00
1.197599999999999998e+00,4.121831385711879903e-01
1.198400000000000132e+00,1.914259769092352181e+00
1.199200000000000044e+00,9.075690519739932904e-01
1.199999999999999956e+00,1.459948355392831909e-01
1.200800000000000090e+00,4.460306303060134203e-01
1.201600000000000001e+00,8.434881733372882051e-01
1.202399999999999913e+00,3.891310071760172296e-01
1.203200000000000047e+00,1.030157330920250351e-02
1.203999999999999959e+00,1.624983598331549484e+00
1.204800000000000093e+00,3.119933210616721020e+00
1.205600000000000005e+00,1.888031148346983823e+00
1.206399999999999917e+00,4.204442176743046211e+00
1.207200000000000051e+00,3.156183284410223777e+00
1.207999999999999963e+00,3.760104654432277371e+00
1.208799999999999875e+00,8.174915473937443000e-01
1.209600000000000009e+00,2.750529474042510358e+00
1.210400000000000142e+00,3.474256072968230136e+00
1.211199999999999832e+00,3.648206562319021629e+00
1.211999999999999966e+00,3.163871697546485784e+00
1.212800000000000100e+00,1.867706282283648767e+00
1.213600000000000012e+00,5.664844607384601494e-01
1.214399999999999924e+00,1.190665059465385589e+00
1.215200000000000058e+00,3.723633138060587378e+00
1.216000000000000192e+00,3.541853381077966656e+00
1.216799999999999882e+00,3.035559258782504433e+00
1.217600000000000016e+00,6.964171052025588393e-01
1.218400000000000150e+00,2.222632423355100695e+00
1.219199999999999839e+00,1.748351275053880549e+00
1.219999999999999973e+00,3.202502592887021216e+00
1.220800000000000107e+00,8.294470348502291923e-01
1.221600000000000019e+00,1.750587629186823646e+00
1.222399999999999931e+00,2.167454043993955803e+00
1.223200000000000065e+00,4.605771841146908407e+00
1.223999999999999977e+00,1.825998835145675070e+00
1.224799999999999889e+00,1.064528982784998412e+00
1.225600000000000023e+00,5.589540911303503279e-01
1.226399999999999935e+00,3.878870289137251071e+00
1.227200000000000069e+00,1.280396285110535493e+00
1.227999999999999980e+00,2.174325921656921512e+00
1.228799999999999892e+00,4.583165163799425290e-01
1.229600000000000026e+00,2.608190973258508460e+00
1.230399999999999938e+00,2.653714869222146167e+00
1.231199999999999850e+00,3.436742999058638226e+00
1.231999999999999984e+00,7.344944669807104143e-01
1.232800000000000118e+00,1.104926208081484784e+00
1.233600000000000030e+00,1.433290267939191009e+00
1.234399999999999942e+00,2.722820699025758184e+00
1.235200000000000076e+00,3.375465479662653312e+00
1.235999999999999988e+00,2.101797909604672832e+00
1.236799999999999899e+00,3.331409895992861525e+00
1.237600000000000033e+00,2.056029846472390954e+00
1.238400000000000167e+00,2.069427854145602819e+00
1.239199999999999857e+00,2.658756276207657199e-01
1.239999999999999991e+00,3.170798681157245280e+00
1.240800000000000125e+00,1.666708195914925694e+00
1.241599999999999815e+00,2.753757719019503281e+00
1.242399999999999949e+00,7.849384870131551617e-01
1.243200000000000083e+00,2.822699437331372518e+00
1.243999999999999995e+00,8.980703713414337486e-01
1.244799999999999907e+00,3.357616180118808025e+00
1.245600000000000041e+00,2.020634933833104774e-01
1.246399999999999952e+00,2.007301966711139141e+00
1.247200000000000086e+00,1.703336031460881639e+00
1.247999999999999998e+00,2.295870271205747493e+00
1.248799999999999910e+00,4.212155742814226445e-01
1.249600000000000044e+00,1.048588653892403189e+00
1.250399999999999956e+00,1.535894902047279853e+00
1.251200000000000090e+00,2.929148342306921560e+00
1.252000000000000002e+00,2.118066349535222326e+00
1.252800000000000136e+00,6.294775676187061020e-01
1.253600000000000048e+00,2.589504132233216294e-01
1.254399999999999959e+00,6.940416036779647468e-01
1.255200000000000093e+00,4.790064764389170726e+00
1.256000000000000005e+00,1.757947457391427770e+00
1.256799999999999917e+00,1.794114585853453958e+00
1.257600000000000051e+00,6.946304787831829586e-01
1.258400000000000185e+00,2.288183514982805367e+00
1.259199999999999875e+00,4.714247040319459181e-01
1.260000000000000009e+00,2.309811921700345216e+00
1.260800000000000143e+00,9.584856072297105456e-01
1.261599999999999833e+00,2.906973160385979416e+00
1.262399999999999967e+00,1.239411930011182994e+00
1.263200000000000101e+00,3.159061665082696369e+00
1.264000000000000012e+00,6.261008093710000999e-01
1.264799999999999924e+00,1.442697706076389919e+00
1.265600000000000058e+00,1.295918852292692103e+00
1.266399999999999970e+00,2.504562062521379584e+00
1.267199999999999882e+00,4.127028467056905181e-01
1.268000000000000016e+00,1.995060436248268676e+00
1.268799999999999928e+00,8.113939630966474637e-01
1.269600000000000062e+00,2.253302408391713030e+00
1.270399999999999974e+00,2.394842248475063773e+00
1.271200000000000108e+00,2.235409620779902351e+00
1.272000000000000020e+00,1.122710448800871008e+00
1.272799999999999931e+00,1.826872498575544901e+00
1.273600000000000065e+00,5.191109475309241272e-01
1.274399999999999977e+00,2.096752528266697113e-01
1.275200000000000111e+00,2.458382413682706158e+00
1.276000000000000023e+00,3.681820431358445944e+00
1.276799999999999935e+00,2.474133932660458779e+00
1.277600000000000069e+00,4.331041449055009762e-01
1.278399999999999981e+00,2.295464437874638719e+00
1.279199999999999893e+00,1.293588188898882718e+00
1.280000000000000027e+00,2.976785724691260793e+00
1.280800000000000161e+00,2.524378332745692566e-01
1.281599999999999850e+00,2.462575400292964289e+00
1.282399999999999984e+00,1.257109681620069308e+00
1.283200000000000118e+00,2.880877230528912314e+00
1.283999999999999808e+00,1.694641492224557844e+00
1.284799999999999942e+00,1.823394303629496394e+00
1.285600000000000076e+00,8.134908440839315469e-02
1.286399999999999988e+00,3.284605460134441657e+00
1.287199999999999900e+00,1.879354005497767988e+00
1.288000000000000034e+00,2.127294165274128179e+00
1.288799999999999946e+00,5.515916535944653809e-01
1.289599999999999858e+00,1.969732736519529182e+00
1.290399999999999991e+00,2.513062312544528609e+00
1.291200000000000125e+00,3.444646241078306304e+00
1.292000000000000037e+00,1.901900789433905059e+00
1.292799999999999949e+00,2.130550569580318410e-01
1.293600000000000083e+00,4.789282290577636103e-01
1.294399999999999995e+00,2.481718444552910352e+00
1.295199999999999907e+00,3.374947128313942724e+00
1.296000000000000041e+00,1.348165085624918103e+00
1.296799999999999953e+00,3.447298589448782646e+00
1.297600000000000087e+00,1.304814481902760059e+00
1.298399999999999999e+00,1.788987286060577997e+00
1.299199999999999910e+00,5.601625134998933220e-01
1.300000000000000044e+00,2.442227431667374660e+00
1.300799999999999956e+00,1.534249202186028338e+00
1.301599999999999868e+00,2.565173423989083101e+00
1.302400000000000002e+00,1.012616727730364818e+00
1.303200000000000136e+00,3.160298622696640525e+00
1.303999999999999826e+00,1.494629848924599713e+00
1.304799999999999960e+00,2.965930316293565294e+00
1.305600000000000094e+00,1.440738211010003988e+00
1.306400000000000006e+00,1.551128707667826845e+00
1.307199999999999918e+00,7.439865844017409247e-01
1.308000000000000052e+00,2.278722525297609547e+00
1.308799999999999963e+00,1.501539987401811826e+00
1.309599999999999875e+00,2.352335573818288506e+00
1.310400000000000009e+00,1.863082262319160298e+00
1.311200000000000143e+00,4.052631618178348383e+00
1.312000000000000055e+00,2.193421147856811970e+00
1.312799999999999967e+00,8.336049285659757890e-01
1.313600000000000101e+00,5.697652776933002094e-01
1.314400000000000013e+00,1.769281026896329934e+00
1.315199999999999925e+00,4.057139574024882123e+00
1.316000000000000059e+00,3.542124507543390699e+00
1.316799999999999971e+00,3.080683421261867672e+00
1.317600000000000104e+00,3.494501730771820691e-01
1.318400000000000016e+00,2.120004228446304317e+00
1.319199999999999928e+00,3.508257603484609355e+00
1.320000000000000062e+00,3.237779665171266252e+00
1.320799999999999974e+00,9.051901488911647808e-01
1.321599999999999886e+00,3.163594473620274794e+00
1.322400000000000020e+00,1.441581430819750542e+00
1.323200000000000154e+00,3.289413847044024841e+00
1.323999999999999844e+00,1.793695664514031396e+00
1.324799999999999978e+00,1.576972391733908241e+00
1.325600000000000112e+00,1.241591187487621317e+00
1.326400000000000023e+00,2.897099185776095709e+00
1.327199999999999935e+00,1.282148295261037685e+00
1.328000000000000069e+00,2.300784023864149486e+00
1.328800000000000203e+00,3.719914271116161464e-01
1.329599999999999893e+00,4.183704103905788507e+00
1.330400000000000027e+00,2.649144830258488348e+00
1.331200000000000161e+00,2.641711416316611327e+00
1.331999999999999851e+00,1.690781802691746938e+00
1.332799999999999985e+00,1.641089085705082384e+00
1.333600000000000119e+00,1.583501892409361345e+00
1.334400000000000031e+00,1.547451111788730849e+00
1.335199999999999942e+00,3.373450288865677216e+00
1.336000000000000076e+00,3.361355909476757997e+00
1.336799999999999988e+00,4.024238433334836884e+00
1.337599999999999900e+00,1.612046628649269175e+00
1.338400000000000034e+00,1.393787107978978979e+00
1.339199999999999946e+00,6.681859884165265440e-01
1.340000000000000080e+00,5.249844587032400867e+00
1.340799999999999992e+00,1.736729504923713918e+00
1.341599999999999904e+00,1.396338521591517390e+00
1.342400000000000038e+00,1.680513063480188141e+00
1.343199999999999950e+00,4.701477155754266946e+00
1.343999999999999861e+00,1.649899401697713097e+00
1.344799999999999995e+00,2.261040350745081362e+00
1.345600000000000129e+00,1.427204348532112865e+00
1.346400000000000041e+00,2.937453158884917759e+00
1.347199999999999953e+00,1.448325427594721271e+00
1.348000000000000087e+00,3.165148268606937876e+00
1.348799999999999999e+00,1.338294109763678019e+00
1.349599999999999911e+00,1.111604308618702852e+00
1.350400000000000045e+00,3.269385466189552503e+00
1.351200000000000179e+00,4.155701109048608899e+00
1.351999999999999869e+00,1.794582617855333462e+00
1.352800000000000002e+00,6.571425026278101544e-01
1.353600000000000136e+00,1.536004482412786087e+00
1.354399999999999826e+00,2.917257057204154957e+00
1.355199999999999960e+00,3.735804768923133068e+00
1.356000000000000094e+00,2.424639844313248638e+00
1.356800000000000006e+00,3.255276666024624621e+00
1.357599999999999918e+00,1.219356502895554639e+00
1.358400000000000052e+00,2.909549012743251062e+00
1.359199999999999964e+00,1.798900278461173841e+00
1.359999999999999876e+00,2.810350204446389721e+00
1.360800000000000010e+00,2.279349764713688220e+00
1.361599999999999921e+00,2.906226162737018281e+00
1.362400000000000055e+00,1.211908351370921899e+00
1.363199999999999967e+00,3.832902813525151053e+00
1.363999999999999879e+00,2.109151363128142442e+00
1.364800000000000013e+00,3.298387937374764434e+00
1.365600000000000147e+00,1.459610565853687758e+00
1.366400000000000059e+00,3.562769755448020881e+00
1.367199999999999971e+00,2.099186550093186554e+00
1.368000000000000105e+00,2.533828439589119519e+00
1.368800000000000017e+00,1.939546286478247339e+00
1.369599999999999929e+00,3.707216813974123948e+00
1.370400000000000063e+00,2.401844862974933381e+00
1.371200000000000196e+00,3.485481874640035116e+00
1.371999999999999886e+00,2.341659945401419307e+00
1.372800000000000020e+00,2.272098053070057411e+00
1.373600000000000154e+00,1.276605256610589878e+00
1.374399999999999844e+00,2.286153845419834685e+00
1.375199999999999978e+00,3.998530577738584668e+00
1.376000000000000112e+00,3.434154785664685683e+00
1.376800000000000024e+00,2.911129849132223502e+00
1.377599999999999936e+00,1.012906913577863888e+00
1.378400000000000070e+00,2.683926087501415036e+00
1.379199999999999982e+00,2.098220807820392331e+00
1.379999999999999893e+00,4.550251904011349602e+00
1.380800000000000027e+00,1.161367147027035474e+00
1.381599999999999939e+00,2.246110128792449423e+00
1.382400000000000073e+00,1.563917299955554396e+00
1.383199999999999985e+00,5.842862560737040134e+00
1.383999999999999897e+00,2.223329998502231675e+00
1.384800000000000031e+00,1.449790319159839580e+00
1.385599999999999943e+00,2.033643271734582481e+00
1.386400000000000077e+00,4.744781057286830972e+00
1.387199999999999989e+00,2.120506960201016700e+00
1.388000000000000123e+00,1.836108030706950389e+00
1.388800000000000034e+00,2.414904271325820417e+00
1.389599999999999946e+00,4.354230371415063416e+00
1.390400000000000080e+00,3.269486467654349138e+00
1.391199999999999992e+00,3.285085795491398564e+00
1.391999999999999904e+00,1.840631348872243445e+00
1.392800000000000038e+00,1.202989998808517313e+00
1.393600000000000172e+00,2.202812580199169368e+00
1.394399999999999862e+00,3.377017164852133657e+00
1.395199999999999996e+00,3.494062550524577482e+00
1.396000000000000130e+00,3.461361878222522837e+00
1.396799999999999820e+00,4.188786895996651438e+00
1.397599999999999953e+00,2.239127355328934588e+00
1.398400000000000087e+00,2.518838872367272330e+00
1.399199999999999999e+00,1.312791789107435658e+00
1.399999999999999911e+00,3.960230801552659052e+00
1.400800000000000045e+00,2.708808353751849474e+00
1.401599999999999957e+00,2.456573800504984639e+00
1.402399999999999869e+00,9.389037321532823777e-01
1.403200000000000003e+00,4.134558892824849785e+00
1.403999999999999915e+00,4.450142867805269020e+00
1.404800000000000049e+00,3.670089228742260623e+00
1.405599999999999961e+00,8.763834087698234299e-02
1.406400000000000095e+00,2.024898492382412929e+00
1.407200000000000006e+00,2.769080609682938565e+00
1.407999999999999918e+00,2.891645065063441322e+00
1.408800000000000052e+00,1.250208278575157372e+00
1.409599999999999964e+00,3.194649805163616740e+00
1.410400000000000098e+00,3.743192266077909558e+00
1.411200000000000010e+00,4.606413478265808159e+00
1.411999999999999922e+00,2.408559429203177338e+00
1.412800000000000056e+00,1.076121654208558986e+00
1.413599999999999968e+00,1.371295708486062859e+00
1.414399999999999880e+00,3.642596234100813124e+00
1.415200000000000014e+00,4.797841144848871586e+00
1.416000000000000147e+00,3.168574164891543088e+00
1.416799999999999837e+00,3.977830683039036863e+00
1.417599999999999971e+00,1.220905694971617050e+00
1.418400000000000105e+00,3.375601399124491753e+00
1.419199999999999795e+00,3.280104092509562363e+00
1.419999999999999929e+00,4.664107409867347620e+00
1.420800000000000063e+00,2.044666856957300105e+00
1.421599999999999975e+00,3.300848345482628066e+00
1.422399999999999887e+00,3.055774160788730764e+00
1.423200000000000021e+00,3.991773300914154277e+00
1.424000000000000155e+00,1.788520341412841219e+00
1.424800000000000066e+00,3.030759832747123461e+00
1.425599999999999978e+00,2.709520488454553622e+00
1.426400000000000112e+00,3.896398795857168640e+00
1.427200000000000024e+00,1.939601204723335970e+00
1.427999999999999936e+00,3.170162689904806985e+00
1.428800000000000070e+00,2.161173002098855989e+00
1.429599999999999982e+00,4.260230897014836593e+00
1.430400000000000116e+00,3.587077857319696861e+00
1.431200000000000028e+00,3.745002279654332078e+00
1.431999999999999940e+00,2.128367162697660131e+00
1.432800000000000074e+00,2.378342170241603881e+00
1.433599999999999985e+00,2.688864761047724095e+00
1.434399999999999897e+00,2.317549262392074816e+00
1.435200000000000031e+00,4.544909617638567489e+00
1.436000000000000165e+00,4.383578860537641120e+00
1.436799999999999855e+00,3.888754785560757821e+00
1.437599999999999989e+00,2.156068877508346748e+00
1.438400000000000123e+00,3.654628666848914964e+00
1.439199999999999813e+00,2.871549062745652137e+00
1.439999999999999947e+00,4.302383300661877463e+00
1.440800000000000081e+00,2.113312262913086936e+00
1.441599999999999993e+00,3.144813812428953970e+00
1.442399999999999904e+00,1.741271227313286207e+00
1.443200000000000038e+00,4.925138466451223884e+00
1.444000000000000172e+00,2.982230839608131401e+00
1.444799999999999862e+00,3.875429988650939350e+00
1.445599999999999996e+00,1.315662637583023598e+00
1.446400000000000130e+00,4.048831760328372553e+00
1.447200000000000042e+00,4.170074602731923541e+00
1.447999999999999954e+00,3.176926662091400289e+00
1.448800000000000088e+00,1.105913042087336873e+00
1.449600000000000000e+00,3.206166993663732701e+00
1.450399999999999912e+00,4.210579147641364983e+00
1.451200000000000045e+00,4.143919969568168327e+00
1.451999999999999957e+00,2.013320997404159929e+00
1.452800000000000091e+00,2.054727636986573902e+00
1.453600000000000003e+00,2.985153860579332630e+00
1.454399999999999915e+00,4.042539983201860032e+00
1.455200000000000049e+00,3.693240691180963431e+00
1.455999999999999961e+00,2.340856978462082960e+00
1.456799999999999873e+00,3.930070153154809454e+00
1.457600000000000007e+00,2.437077529323266933e+00
1.458400000000000141e+00,2.487561954722314894e+00
1.459199999999999831e+00,2.001950802585243050e+00
1.459999999999999964e+00,6.228346822832835805e+00
1.460800000000000098e+00,2.719538294906489018e+00
1.461600000000000010e+00,2.374884785580105184e+00
1.462399999999999922e+00,2.026890644504289796e+00
1.463200000000000056e+00,4.622252695627702579e+00
1.464000000000000190e+00,2.329080815785284919e+00
1.464799999999999880e+00,3.925715495865732763e+00
1.465600000000000014e+00,2.907826324219590308e+00
1.466400000000000148e+00,3.053152131865993546e+00
1.467199999999999838e+00,5.569920037173640148e-01
1.467999999999999972e+00,5.624955747231120462e+00
1.468800000000000106e+00,3.120858100801954915e+00
1.469600000000000017e+00,2.767720257037424414e+00
1.470399999999999929e+00,3.944509475755179739e+00
1.471200000000000063e+00,4.929080850987635820e+00
1.471999999999999975e+00,2.037759483329676602e+00
1.472799999999999887e+00,1.380020484944495029e+00
1.473600000000000021e+00,2.418841509134653567e+00
1.474399999999999933e+00,3.593400001816039246e+00
1.475200000000000067e+00,3.626407730100095428e+00
1.475999999999999979e+00,3.461012977212309494e+00
1.476799999999999891e+00,3.528072970662513352e+00
1.477600000000000025e+00,1.499755784554357207e+00
1.478399999999999936e+00,4.218975286473290787e+00
1.479199999999999848e+00,2.894216527863081367e+00
1.479999999999999982e+00,4.024425655786935785e+00
1.480800000000000116e+00,2.196509154838116373e+00
1.481600000000000028e+00,3.600356133369773559e+00
1.482399999999999940e+00,2.166382242956247151e+00
1.483200000000000074e+00,4.074223691377406809e+00
1.483999999999999986e+00,3.530496398613077957e+00
1.484799999999999898e+00,4.430834211896001129e+00
1.485600000000000032e+00,1.938978568661525959e+00
1.486400000000000166e+00,3.885848199348427734e+00
1.487199999999999855e+00,2.653317730864133139e+00
1.487999999999999989e+00,2.800960144541206454e+00
1.488800000000000123e+00,3.219648814825749827e+00
1.489600000000000035e+00,4.463487294279276263e+00
1.490399999999999947e+00,3.834702356585100169e+00
1.491200000000000081e+00,3.513178235410811201e+00
1.491999999999999993e+00,2.338430907153910443e+00
1.492799999999999905e+00,3.127987720218665668e+00
1.493600000000000039e+00,1.878684551993667018e+00
1.494399999999999951e+00,3.120874061914633568e+00
1.495200000000000085e+00,4.516312685971935359e+00
1.495999999999999996e+00,4.026926190947479611e+00
1.496799999999999908e+00,4.141197012796539845e+00
1.497600000000000042e+00,2.004294046589747413e+00
1.498399999999999954e+00,2.647387750355662206e+00
1.499200000000000088e+00,2.357178343816573207e+00
1.500000000000000000e+00,4.491955295525717595e+00
1.500800000000000134e+00,2.411445176842227145e+00
1.501600000000000046e+00,3.309715164557909262e+00
1.502399999999999958e+00,2.054127958957932432e+00
1.503200000000000092e+00,5.509664462800461848e+00
1.504000000000000004e+00,2.926846135050257480e+00
1.504799999999999915e+00,3.602425211880826872e+00
1.505600000000000049e+00,1.330782946777896214e+00
1.506400000000000183e+00,2.434744333429184504e+00
1.507199999999999873e+00,2.054439195795479733e+00
1.508000000000000007e+00,3.666366413441823457e+00
1.508800000000000141e+00,1.710406191414925559e+00
1.509599999999999831e+00,4.471174604368154171e+00
1.510399999999999965e+00,4.162006789462609824e+00
1.511200000000000099e+00,5.294416940691165863e+00
1.512000000000000011e+00,2.466459253683998210e+00
1.512799999999999923e+00,1.080919045363407660e+00
1.513600000000000056e+00,2.446575632064025729e+00
1.514399999999999968e+00,4.383556975306112768e+00
1.515199999999999880e+00,4.351746289882869156e+00
1.516000000000000014e+00,3.583439934703063212e+00
1.516799999999999926e+00,4.025727377740970780e+00
1.517600000000000060e+00,2.654975614473702450e+00
1.518399999999999972e+00,3.751220554139491181e+00
1.519200000000000106e+00,2.847905331172653653e+00
1.520000000000000018e+00,4.503108472046639221e+00
1.520799999999999930e+00,2.233159748886833995e+00
1.521600000000000064e+00,3.750094621965701869e+00
1.522399999999999975e+00,2.007275122048417515e+00
1.523200000000000109e+00,4.405937484278839911e+00
1.524000000000000021e+00,3.685334608111184185e+00
1.524799999999999933e+00,2.385942157278148734e+00
1.525600000000000067e+00,1.927351002419438464e+00
1.526399999999999979e+00,3.737097017940339327e+00
1.527199999999999891e+00,2.503282133331352632e+00
1.528000000000000025e+00,4.101449944240459722e+00
1.528800000000000159e+00,2.711538547420804246e+00
1.529599999999999849e+00,3.924157465943516776e+00
1.530399999999999983e+00,2.106156682893370213e+00
1.531200000000000117e+00,3.221512201727437574e+00
1.531999999999999806e+00,3.145637152059415964e+00
1.532799999999999940e+00,2.865120818465517694e+00
1.533600000000000074e+00,1.851453398846645060e+00
1.534399999999999986e+00,3.768241588322648106e+00
1.535199999999999898e+00,5.304009520110644971e+00
1.536000000000000032e+00,4.177465412442341375e+00
1.536799999999999944e+00,3.176169579889018824e+00
1.537599999999999856e+00,2.576132886400315680e+00
1.538399999999999990e+00,3.932883914090959276e+00
1.539200000000000124e+00,3.522174474789175669e+00
1.540000000000000036e+00,4.336598915295946988e+00
1.540799999999999947e+00,1.486453984413593110e+00
1.541600000000000081e+00,2.906650004632759909e+00
1.542399999999999993e+00,3.727742310766202660e+00
1.543199999999999905e+00,4.870887723712280959e+00
1.544000000000000039e+00,2.008860074233669302e+00
1.544799999999999951e+00,4.752752789535832356e+00
1.545600000000000085e+00,1.981876011979534002e+00
1.546399999999999997e+00,3.038859864035835745e+00
1.547199999999999909e+00,1.959673400842141477e+00
1.548000000000000043e+00,3.672465229032661149e+00
1.548800000000000177e+00,2.527375534567112947e+00
1.549599999999999866e+00,3.018872455595053683e+00
1.550400000000000000e+00,3.193826214759910354e+00
1.551200000000000134e+00,3.342284209745496337e+00
1.551999999999999824e+00,2.294962068175620207e+00
1.552799999999999958e+00,3.547544407775881314e+00
1.553600000000000092e+00,2.246817464841754042e+00
1.554400000000000004e+00,3.076481505156029694e+00
1.555199999999999916e+00,4.194508389260201753e+00
1.556000000000000050e+00,2.471959924148346754e+00
1.556799999999999962e+00,3.571383346958341587e+00
1.557599999999999874e+00,2.037949928405743183e+00
1.558400000000000007e+00,3.429830436721165388e+00
1.559200000000000141e+00,2.963293577053138783e+00
1.560000000000000053e+00,4.691126959512744499e+00
1.560799999999999965e+00,2.888375722176373728e+00
1.561600000000000099e+00,3.178674424905303830e+00
1.562400000000000011e+00,1.122568941309432855e+00
1.563199999999999923e+00,5.255338619391246802e+00
1.564000000000000057e+00,3.491020196096037420e+00
1.564799999999999969e+00,2.914645420825504818e+00
1.565600000000000103e+00,9.485530204001906274e-01
1.566400000000000015e+00,3.694601453708318939e+00
1.567199999999999926e+00,3.263885042610505494e+00
1.568000000000000060e+00,4.066480531170006074e+00
1.568799999999999972e+00,2.558558910854352497e+00
1.569599999999999884e+00,3.728603645470360828e+00
1.570400000000000018e+00,3.645635755391992916e+00
1.571200000000000152e+00,4.195566637459460679e+00
1.571999999999999842e+00,2.414313100741977358e+00
1.572799999999999976e+00,1.859077328033143850e+00
1.573600000000000110e+00,1.917771092758321583e+00
1.574399999999999800e+00,2.811910817703338950e+00
1.575199999999999934e+00,4.517004733206547051e+00
1.576000000000000068e+00,3.919009312006966450e+00
1.576800000000000201e+00,3.132553796295521664e+00
1.577599999999999891e+00,2.325847674201324988e+00
1.578400000000000025e+00,3.404404756130861909e+00
1.579200000000000159e+00,2.136364985304122666e+00
1.579999999999999849e+00,3.957537835070378041e+00
1.580799999999999983e+00,1.696130146556151352e+00
1.581600000000000117e+00,2.970025222854016267e+00
1.582400000000000029e+00,1.986624050530727104e+00
1.583199999999999941e+00,4.686368912193267455e+00
1.584000000000000075e+00,3.165339863126635844e+00
1.584799999999999986e+00,3.713985426119714717e+00
1.585599999999999898e+00,2.864935272975839275e+00
1.586400000000000032e+00,3.000077535840465881e+00
1.587199999999999944e+00,1.798098517522681794e+00
1.588000000000000078e+00,4.139078539266489720e+00
1.588799999999999990e+00,1.851256533847296826e+00
1.589599999999999902e+00,2.568881243394918190e+00
1.590400000000000036e+00,3.035946598064243940e+00
1.591199999999999948e+00,4.996814674683755619e+00
1.591999999999999860e+00,2.331870198117532045e+00
1.592799999999999994e+00,1.995511985241528174e+00
1.593600000000000128e+00,2.000709618295986481e+00
1.594400000000000039e+00,3.799339230427412950e+00
1.595199999999999951e+00,3.163582049629751758e+00
1.596000000000000085e+00,4.231083569126282029e+00
1.596799999999999997e+00,3.896114437934411256e+00
1.597599999999999909e+00,9.653298575429778428e-01
1.598400000000000043e+00,2.928458285339688327e+00
1.599200000000000177e+00,2.957930075642232204e+00
1.599999999999999867e+00,3.821019830471862111e+00
1.600800000000000001e+00,1.376785214879856722e+00
1.601600000000000135e+00,2.903673129791187968e+00
1.602399999999999824e+00,3.383531416260758817e+00
1.603199999999999958e+00,5.072631681219804456e+00
1.604000000000000092e+00,1.805353051634946304e+00
1.604800000000000004e+00,2.295047640917148968e+00
1.605599999999999916e+00,3.923768836635488921e-01
1.606400000000000050e+00,3.118916752032998119e+00
1.607199999999999962e+00,2.370510724246444934e+00
1.608000000000000096e+00,2.628336373107873936e+00
1.608800000000000008e+00,1.478737210158680870e+00
1.609599999999999920e+00,4.627300024154112457e+00
1.610400000000000054e+00,3.760772065071013692e+00
1.611199999999999966e+00,2.430625196623540152e+00
1.611999999999999877e+00,1.905037877488334308e+00
1.612800000000000011e+00,2.404509842275473819e+00
1.613600000000000145e+00,2.894320608991710841e+00
1.614400000000000057e+00,2.613696782568621035e+00
1.615199999999999969e+00,2.901144423181841958e+00
1.616000000000000103e+00,3.591416646145002556e+00
1.616800000000000015e+00,4.868851996503214430e+00
1.617599999999999927e+00,1.765713238432702559e+00
1.618400000000000061e+00,2.653784546830041613e+00
1.619200000000000195e+00,3.426190562593160127e+00
1.619999999999999885e+00,3.737322536885184565e+00
1.620800000000000018e+00,2.008555272587521756e+00
1.621600000000000152e+00,2.651842279280049564e+00
1.622399999999999842e+00,1.859085462680148515e+00
1.623199999999999976e+00,4.768421721535322177e+00
1.624000000000000110e+00,3.165474768841806785e+00
