time_us,mean_m0,mean_m1,diff,welch_t
0.000000000000000000e+00,7.882968960863697703e+02,7.089749670619236213e+02,7.932192902444614901e+01,4.006672525623096726e-01
8.000000000000000383e-04,-3.664669365721997565e+02,-3.209275362318840621e+02,-4.553940034031569439e+01,-2.356753768343027300e-01
1.600000000000000077e-03,-1.046715249662618135e+03,-9.103346508563899988e+02,-1.363805988062281358e+02,-1.044594634982278780e+00
2.399999999999999790e-03,1.674709851551956774e+02,1.310355731225296552e+02,3.643541203266602224e+01,4.239515683549764380e-01
3.200000000000000153e-03,-7.868286099865047163e+02,-6.664769433465086195e+02,-1.203516666399960968e+02,-1.595401708301052102e+00
4.000000000000000083e-03,-4.363400809716599156e+02,-4.377971014492753739e+02,1.457020477615458276e+00,2.592818121119921243e-02
4.799999999999999580e-03,-2.952982456140350678e+02,-2.729486166007905013e+02,-2.234962901324456652e+01,-3.344747901250884614e-01
5.599999999999999943e-03,-1.373279352226720675e+02,-1.978181818181818130e+02,6.049024659550974548e+01,1.177598839902194383e+00
6.400000000000000307e-03,3.274278002699055605e+02,2.938603425559947482e+02,3.356745771391081234e+01,5.353542783215914369e-01
7.199999999999999803e-03,2.560000000000000000e+02,2.788511198945981278e+02,-2.285111989459812776e+01,-4.647678687187069002e-01
8.000000000000000167e-03,-8.403778677462888425e+01,-1.216758893280632350e+02,3.763810255343435074e+01,7.648492591961748577e-01
8.799999999999998795e-03,-6.427638326585695268e+02,-6.888221343873517526e+02,4.605830172878222584e+01,8.637177681713312793e-01
9.599999999999999159e-03,-2.366531713900134832e+02,-2.006851119894598128e+02,-3.596805940055367046e+01,-7.559100776037003255e-01
1.040000000000000126e-02,-5.490526315789473983e+02,-4.653702239789196256e+02,-8.368240760002777279e+01,-1.684444628948533085e+00
1.119999999999999989e-02,1.083940620782726114e+02,1.036310935441370162e+02,4.762968534135595178e+00,9.684765227949101996e-02
1.200000000000000025e-02,1.605614035087719174e+02,1.457918313570487499e+02,1.476957215172316751e+01,2.853278170298994554e-01
1.280000000000000061e-02,1.377079622132253689e+03,1.303525691699604749e+03,7.355393043264894004e+01,1.391928055059695968e+00
1.359999999999999924e-02,9.223427800269905674e+02,9.877417654808958787e+02,-6.539898545390531126e+01,-1.355842470150877332e+00
1.439999999999999961e-02,4.079244264507422599e+02,3.404901185770751226e+02,6.743430787366713730e+01,1.434723422992933761e+00
1.519999999999999997e-02,-8.073846153846153584e+02,-7.543399209486166228e+02,-5.304469443599873557e+01,-1.087538947305131121e+00
1.600000000000000033e-02,-1.543427800269905674e+02,-1.713412384716732504e+02,1.699845844468268297e+01,3.573587469503804459e-01
1.680000000000000243e-02,-1.192766531713900093e+02,-3.727009222661396848e+01,-8.200656094477604086e+01,-1.748277488197528040e+00
1.759999999999999759e-02,5.161457489878542901e+02,4.684901185770751226e+02,4.765563041077916751e+01,9.925925663197632254e-01
1.839999999999999969e-02,1.714439946018893295e+02,2.609749670619235644e+02,-8.953097246003423493e+01,-1.714863128736180631e+00
1.919999999999999832e-02,1.074785425101214514e+03,1.085301712779973741e+03,-1.051628767875922676e+01,-2.125085258132555777e-01
2.000000000000000042e-02,2.807017543859649322e+02,3.215177865612648134e+02,-4.081603217529988115e+01,-8.448387987060799187e-01
2.080000000000000251e-02,1.688529014844804408e+02,7.040843214756257851e+01,9.844446933691786228e+01,2.076627360281396495e+00
2.160000000000000114e-02,-2.386396761133603377e+02,-2.038893280632410949e+02,-3.475034805011924277e+01,-7.344707631402263015e-01
2.239999999999999977e-02,-2.038326585695006798e+01,1.686429512516469131e+01,-3.724756098211476285e+01,-7.885105210990686064e-01
2.319999999999999840e-02,1.314547908232118800e+02,1.476469038208168740e+02,-1.619211299760499401e+01,-3.457624628782305920e-01
2.400000000000000050e-02,2.144561403508772059e+02,1.869407114624505937e+02,2.751542888842661227e+01,5.676055693260402268e-01
2.479999999999999913e-02,2.107076923076922867e+03,2.198935441370223998e+03,-9.185851829330113105e+01,-1.502548196252846635e+00
2.560000000000000123e-02,4.852340080971659518e+03,5.047905138339920995e+03,-1.955650573682614777e+02,-3.879605094956974920e+00
2.639999999999999986e-02,3.731951417004048380e+03,3.860237154150197512e+03,-1.282857371461491311e+02,-2.303474490407903641e+00
2.719999999999999848e-02,4.109473684210526585e+02,4.203425559947299348e+02,-9.395187573677276305e+00,-1.906870833776289909e-01
2.800000000000000058e-02,-5.855006747638326488e+02,-5.822397891963108805e+02,-3.260885567521768280e+00,-6.850413521600502709e-02
2.879999999999999921e-02,3.083400809716599156e+02,3.200000000000000000e+02,-1.165991902834008442e+01,-2.367938485268744619e-01
2.960000000000000131e-02,1.722126855600539784e+03,1.776484848484848499e+03,-5.435799288430871457e+01,-1.130231117451836242e+00
3.039999999999999994e-02,1.817479082321187661e+03,1.972869565217391255e+03,-1.553904828962035936e+02,-3.286307731330108339e+00
3.120000000000000204e-02,2.369900134952766621e+03,2.481412384716732504e+03,-1.115122497639658832e+02,-2.008261141828834084e+00
3.200000000000000067e-02,2.296831309041835539e+03,2.413786561264822012e+03,-1.169552522229864735e+02,-2.452484943734324130e+00
3.280000000000000276e-02,1.831470985155195649e+03,1.875393939393939490e+03,-4.392295423874384142e+01,-9.084046750032536144e-01
3.360000000000000486e-02,1.000421052631578959e+03,1.045670619235836739e+03,-4.524956660425777955e+01,-9.409303380100100256e-01
3.440000000000000002e-02,7.130688259109311957e+02,7.233939393939393767e+02,-1.032511348300818099e+01,-2.189161631255507334e-01
3.519999999999999518e-02,1.009489878542510155e+03,1.152168642951251741e+03,-1.426787644087415856e+02,-2.967702206632253148e+00
3.599999999999999728e-02,1.435724696356275217e+03,1.447378129117259505e+03,-1.165343276098428760e+01,-2.470066944092747241e-01
3.679999999999999938e-02,1.437192982456140271e+03,1.514076416337285991e+03,-7.688343388114572008e+01,-1.557056581404280271e+00
3.760000000000000148e-02,6.180534412955465996e+03,6.436173913043478024e+03,-2.556395000880120278e+02,-4.514219948584347719e+00
3.839999999999999664e-02,6.977641025641025408e+03,7.469196310935441034e+03,-4.915552852944156257e+02,-9.547645131209669955e+00
3.919999999999999873e-02,3.581149797570850296e+03,3.818666666666666515e+03,-2.375168690958162188e+02,-3.972943496428496424e+00
4.000000000000000083e-02,5.507800269905533241e+02,5.878050065876152530e+02,-3.702497959706192887e+01,-7.600945659396791676e-01
4.080000000000000293e-02,4.237300944669365776e+02,3.294440052700922479e+02,9.428608919684432976e+01,1.951871876397737404e+00
4.160000000000000503e-02,2.250191632928474974e+03,2.366988142292490011e+03,-1.167965093640150371e+02,-2.318287643940087239e+00
4.240000000000000019e-02,3.337759784075573407e+03,3.550271409749670511e+03,-2.125116256740971039e+02,-4.481723464466499607e+00
4.320000000000000229e-02,3.279892037786774836e+03,3.542598155467720517e+03,-2.627061176809456811e+02,-5.285873137864245841e+00
4.399999999999999745e-02,3.741624831309041838e+03,3.842361001317523005e+03,-1.007361700084811673e+02,-1.823866836210172870e+00
4.479999999999999954e-02,3.503330634278002890e+03,3.729960474308300491e+03,-2.266298400302976006e+02,-4.640352581479966432e+00
4.559999999999999470e-02,2.645592442645074243e+03,2.765407114624505994e+03,-1.198146719794317505e+02,-2.527692236935501047e+00
4.639999999999999680e-02,1.741128205128205082e+03,1.871262187088274004e+03,-1.301339819600689225e+02,-2.685779514319567074e+00
4.719999999999999890e-02,1.821192982456140271e+03,1.895546772068511245e+03,-7.435378961237097428e+01,-1.579723719411873617e+00
4.800000000000000100e-02,2.212188933873144379e+03,2.288063241106719488e+03,-7.587430723357510942e+01,-1.611716228309315158e+00
4.880000000000000310e-02,2.394947368421052488e+03,2.544316205533596985e+03,-1.493688371125444974e+02,-3.158058933996540585e+00
4.959999999999999826e-02,3.752075573549257570e+03,4.068258234519104008e+03,-3.161826609698464381e+02,-4.435012286017637528e+00
5.040000000000000036e-02,8.132232118758434808e+03,9.228479578392621988e+03,-1.096247459634187180e+03,-1.914798604740116517e+01
5.120000000000000245e-02,7.744345479082321617e+03,8.772047430830039957e+03,-1.027701951747718340e+03,-1.577803601137212475e+01
5.200000000000000455e-02,3.148350877192982352e+03,3.509459815546772006e+03,-3.611089383537896538e+02,-6.005285014579651914e+00
5.279999999999999971e-02,9.682051282051281760e+02,1.006039525691699623e+03,-3.783439748657144719e+01,-8.027051039078187955e-01
5.359999999999999487e-02,1.719708502024291420e+03,1.822777338603425505e+03,-1.030688365791340857e+02,-2.045743022126536026e+00
5.439999999999999697e-02,3.797246963562753081e+03,4.108985507246376983e+03,-3.117385436836239023e+02,-6.233709991803892514e+00
5.519999999999999907e-02,4.169932523616734215e+03,4.779256916996047039e+03,-6.093243933793128235e+02,-1.228026197348788706e+01
5.600000000000000117e-02,4.584766531713899894e+03,5.023451910408432013e+03,-4.386853786945321190e+02,-7.868046463757123909e+00
5.679999999999999633e-02,4.553327935222671840e+03,5.133491436100131978e+03,-5.801635008774601374e+02,-1.152681665263444444e+01
5.759999999999999842e-02,4.106623481781376540e+03,4.547288537549407010e+03,-4.406650557680304701e+02,-8.875285890922818055e+00
5.840000000000000052e-02,2.985025641025641107e+03,3.461565217391304486e+03,-4.765395763656633790e+02,-9.689597490988299811e+00
5.920000000000000262e-02,2.454715249662618135e+03,2.705117259552042015e+03,-2.504020098894238799e+02,-5.299044715945251838e+00
5.999999999999999778e-02,2.610353576248312947e+03,2.938350461133069984e+03,-3.279968848847570371e+02,-6.782634339787864342e+00
6.079999999999999988e-02,3.109916329284750191e+03,3.427836627140974997e+03,-3.179202978562248063e+02,-6.763835346436084528e+00
6.159999999999999504e-02,3.034774628879892134e+03,3.389723320158102979e+03,-3.549486912782108448e+02,-7.293159742320800554e+00
6.240000000000000407e-02,5.807157894736842536e+03,6.466192358366271037e+03,-6.590344636294285010e+02,-9.382724466622017090e+00
6.319999999999999230e-02,7.478672064777328160e+03,8.658972332015810025e+03,-1.180300267238481865e+03,-2.094886691983273153e+01
6.400000000000000133e-02,5.631222672064777726e+03,6.518387351778656011e+03,-8.871646797138782858e+02,-1.437371760526042941e+01
6.479999999999999649e-02,2.435109311740890462e+03,2.775188405797101495e+03,-3.400790940562110336e+02,-6.767430222238464133e+00
6.560000000000000553e-02,1.673068825910931082e+03,1.844363636363636260e+03,-1.712948104527051782e+02,-3.592721976847905729e+00
6.640000000000000069e-02,2.854175438596491404e+03,3.230524374176548008e+03,-3.763489355800566045e+02,-7.474109600725302727e+00
6.720000000000000973e-02,4.104636977058029515e+03,4.632537549407114966e+03,-5.279005723490854507e+02,-1.065614464159065733e+01
6.800000000000000488e-02,4.085031039136302297e+03,4.646703557312252997e+03,-5.616725181759506995e+02,-1.111310059751527035e+01
6.880000000000000004e-02,4.312183535762483189e+03,4.894271409749670966e+03,-5.820878739871877769e+02,-1.036577484260064885e+01
6.959999999999999520e-02,4.355800269905533241e+03,4.914002635046113028e+03,-5.582023651405797864e+02,-1.116452999128915025e+01
7.039999999999999036e-02,3.598941970310391298e+03,4.149712779973649958e+03,-5.507708096632586603e+02,-1.126859721151310190e+01
7.119999999999999940e-02,2.734726045883940515e+03,3.194856389986824979e+03,-4.601303441028844645e+02,-9.491391743111238455e+00
7.199999999999999456e-02,2.546526315789473756e+03,2.907657444005270008e+03,-3.611311282157962523e+02,-7.513880780299224682e+00
7.280000000000000360e-02,2.829300944669365890e+03,3.122761528326745520e+03,-2.934605836573796296e+02,-6.175637880889569331e+00
7.359999999999999876e-02,3.007222672064777271e+03,3.489812911725955018e+03,-4.825902396611777476e+02,-1.002953397082891129e+01
7.440000000000000779e-02,3.275228070175438461e+03,3.696737812911725996e+03,-4.215097427362875351e+02,-7.846093204836765977e+00
7.520000000000000295e-02,8.323368421052631675e+03,9.060764163372859912e+03,-7.373957423202282371e+02,-1.226713312527008526e+01
7.600000000000001199e-02,9.244933873144398603e+03,9.971520421607378012e+03,-7.265865484629794082e+02,-1.276906867900448717e+01
7.679999999999999327e-02,4.984485829959514376e+03,5.607799736495388970e+03,-6.233139065358745938e+02,-9.810949061611795585e+00
7.759999999999998843e-02,1.816701754385964932e+03,2.136621870882740495e+03,-3.199201164967755631e+02,-6.417943562042114358e+00
7.839999999999999747e-02,1.668750337381916324e+03,2.050445322793148989e+03,-3.816949854112326648e+02,-7.693421228126812395e+00
7.919999999999999263e-02,3.870402159244264567e+03,4.275351778656126044e+03,-4.049496194118614767e+02,-8.244976789936703909e+00
8.000000000000000167e-02,4.825306342780027080e+03,5.344716732542819045e+03,-5.194103897627919650e+02,-1.069771328228173957e+01
8.079999999999999682e-02,4.669840755735492166e+03,5.073032938076416031e+03,-4.031921823409238641e+02,-7.716228836678298286e+00
8.160000000000000586e-02,5.350175438596491404e+03,5.850982872200263955e+03,-5.008074336037725516e+02,-9.419997646525166246e+00
8.240000000000000102e-02,4.790672064777328160e+03,5.241169960474308027e+03,-4.504978956969798674e+02,-9.041976053621487708e+00
8.320000000000001006e-02,3.759935222672064810e+03,4.232347826086956957e+03,-4.724126034148921462e+02,-9.668013614324403093e+00
8.399999999999999134e-02,2.936744939271255134e+03,3.331878787878787989e+03,-3.951338486075328547e+02,-8.163041275110238360e+00
8.480000000000000038e-02,2.915152496626180891e+03,3.300511198945981505e+03,-3.853587023198006136e+02,-8.089046200450056290e+00
8.559999999999999554e-02,3.430780026990553324e+03,3.747077733860342505e+03,-3.162977068697891809e+02,-6.781370255082863174e+00
8.640000000000000457e-02,3.482429149797570972e+03,3.832326745718050006e+03,-3.498975959204790342e+02,-7.283313612132578996e+00
8.719999999999999973e-02,4.935859649122807241e+03,5.364110671936758990e+03,-4.282510228139517494e+02,-6.534494608822170036e+00
8.799999999999999489e-02,7.622045883940621025e+03,8.194445322793148080e+03,-5.723994388525270551e+02,-1.125732839925892037e+01
8.880000000000000393e-02,6.849122807017543892e+03,7.346761528326745974e+03,-4.976387213092020829e+02,-8.789422259930377734e+00
8.959999999999999909e-02,3.333614035087719458e+03,3.681812911725955018e+03,-3.481988766382355607e+02,-6.707110435490955425e+00
9.040000000000000813e-02,1.946515519568151149e+03,2.279293807641633521e+03,-3.327782880734823721e+02,-6.956226869413253411e+00
9.119999999999998941e-02,2.667271255060728890e+03,2.966092226613965522e+03,-2.988209715532366317e+02,-6.099785516054700985e+00
9.199999999999999845e-02,4.188674763832658755e+03,4.539699604743083000e+03,-3.510248409104242455e+02,-7.331494016791972435e+00
9.279999999999999361e-02,4.321770580296895787e+03,4.623262187088274004e+03,-3.014916067913782172e+02,-6.447481808658910296e+00
9.360000000000000264e-02,4.602040485829959835e+03,4.959451910408432013e+03,-3.574114245784721788e+02,-6.398011652987038111e+00
9.439999999999999780e-02,4.448647773279351895e+03,4.744094861660079005e+03,-2.954470883807271093e+02,-6.009634077805328545e+00
9.520000000000000684e-02,3.980350877192982352e+03,4.337159420289855007e+03,-3.568085430968726541e+02,-7.274284075574876773e+00
9.600000000000000200e-02,3.166488529014844971e+03,3.434750988142292499e+03,-2.682624591274475279e+02,-5.594286995755061831e+00
9.680000000000001104e-02,2.623309041835357675e+03,2.954877470355731020e+03,-3.315684285203733452e+02,-7.050808661448476400e+00
9.760000000000000620e-02,2.923530364372469649e+03,3.139288537549407010e+03,-2.157581731769373619e+02,-4.534992489521643577e+00
9.839999999999998748e-02,3.070790823211875704e+03,3.415188405797101495e+03,-3.443975825852257913e+02,-7.315849526461386532e+00
9.919999999999999651e-02,3.102661268556005325e+03,3.358608695652173992e+03,-2.559474270961686670e+02,-5.392414005747234285e+00
9.999999999999999167e-02,5.845246963562753081e+03,6.151251646903820983e+03,-3.060046833410679028e+02,-5.164602158404207444e+00
1.008000000000000007e-01,7.130774628879891679e+03,7.332511198945981960e+03,-2.017365700660902803e+02,-4.148905204548096748e+00
1.015999999999999959e-01,4.921608636977058268e+03,5.165027667984189975e+03,-2.434190310071317072e+02,-4.471705560289970016e+00
1.024000000000000049e-01,2.299336032388664080e+03,2.559325428194993492e+03,-2.599893958063294122e+02,-5.352082093624593639e+00
1.032000000000000001e-01,1.720744939271255134e+03,2.046313570487483503e+03,-3.255686312162283684e+02,-6.807794445824115748e+00
1.040000000000000091e-01,3.008863697705803133e+03,3.216189723320158009e+03,-2.073260256143548759e+02,-4.180960731711485856e+00
1.048000000000000043e-01,3.911773279352226837e+03,4.121718050065876014e+03,-2.099447707136491772e+02,-4.362895360999043959e+00
1.055999999999999994e-01,3.894672064777328160e+03,4.029976284584980021e+03,-1.353042198076518616e+02,-2.747227744962344342e+00
1.063999999999999946e-01,4.095481781376518029e+03,4.359673254281949994e+03,-2.641914729054319650e+02,-4.898555566059214605e+00
1.071999999999999897e-01,4.090040485829959380e+03,4.268015810276679986e+03,-1.779753244467206059e+02,-3.738573894867787573e+00
1.079999999999999988e-01,3.297252361673414271e+03,3.407346508563899988e+03,-1.100941468904857174e+02,-2.353311504806912868e+00
1.087999999999999939e-01,2.474493927125506161e+03,2.662197628458498002e+03,-1.877037013329918409e+02,-3.856929396903293839e+00
1.096000000000000030e-01,2.364458839406207971e+03,2.583862977602108003e+03,-2.194041381959000319e+02,-4.648270363692349250e+00
1.103999999999999981e-01,2.702423751686909782e+03,2.890877470355731020e+03,-1.884537186688212387e+02,-4.060889547065412941e+00
1.112000000000000072e-01,2.783956815114710025e+03,2.901839262187088480e+03,-1.178824470723784543e+02,-2.490661770084179327e+00
1.120000000000000023e-01,3.493052631578947512e+03,3.686197628458498002e+03,-1.931449968795504901e+02,-3.377130816028914406e+00
1.127999999999999975e-01,5.967978407557355240e+03,6.160274044795783993e+03,-1.922956372384287533e+02,-3.813594954377459878e+00
1.135999999999999927e-01,6.148577597840755516e+03,6.374450592885375045e+03,-2.258729950446195289e+02,-4.508026176363492787e+00
1.144000000000000017e-01,3.228588394062078351e+03,3.311135704874835483e+03,-8.254731081275713223e+01,-1.616496820829295800e+00
1.151999999999999968e-01,1.587130904183535677e+03,1.752621870882740495e+03,-1.654909666992048187e+02,-3.435573999312290905e+00
1.160000000000000059e-01,1.856950067476383310e+03,1.927083003952569243e+03,-7.013293647618593241e+01,-1.466370955398965448e+00
1.168000000000000010e-01,3.100847503373819109e+03,3.331119894598155497e+03,-2.302723912243363884e+02,-4.955615326555824929e+00
1.175999999999999962e-01,3.479665317139001218e+03,3.595973649538866994e+03,-1.163083323998657761e+02,-2.466992416814599132e+00
1.184000000000000052e-01,3.343805668016194431e+03,3.567135704874835483e+03,-2.233300368586410514e+02,-4.364100858844140340e+00
1.192000000000000004e-01,3.965322537112010650e+03,4.078882740447957985e+03,-1.135602033359473353e+02,-2.249391485377758126e+00
1.199999999999999956e-01,3.315649122807017648e+03,3.449254281949934011e+03,-1.336051591429163636e+02,-2.835757456530836773e+00
1.207999999999999907e-01,2.623395411605938079e+03,2.659077733860342505e+03,-3.568232225440442562e+01,-7.549739682249969608e-01
1.215999999999999998e-01,2.061041835357624677e+03,2.148679841897233018e+03,-8.763800653960834097e+01,-1.860146181054248338e+00
1.224000000000000088e-01,2.144388663967611137e+03,2.204247694334650987e+03,-5.985903036703984981e+01,-1.248079940298622903e+00
1.231999999999999901e-01,2.373268556005398295e+03,2.572816864295125015e+03,-1.995483082897267195e+02,-4.281462763134967098e+00
1.239999999999999991e-01,2.378968960863697703e+03,2.517754940711462496e+03,-1.387859798477647928e+02,-2.873428019016809554e+00
1.248000000000000081e-01,4.336971659919028752e+03,4.449306982872200024e+03,-1.123353229531712714e+02,-1.812905694228142295e+00
1.256000000000000172e-01,6.623956815114709570e+03,6.698245059288537959e+03,-7.428824417382838874e+01,-1.528699924245263242e+00
1.263999999999999846e-01,5.247740890688259242e+03,5.366977602108036990e+03,-1.192367114197777482e+02,-2.204389581956156086e+00
1.272000000000000075e-01,2.084707152496626350e+03,2.221702239789196483e+03,-1.369950872925701333e+02,-2.776873717123731655e+00
1.280000000000000027e-01,1.124448043184885364e+03,1.193907773386034251e+03,-6.945973020114888641e+01,-1.484780670405573266e+00
1.287999999999999978e-01,2.082720647773279325e+03,2.077343873517786506e+03,5.376774255492819066e+00,1.106297805721104116e-01
1.295999999999999930e-01,3.225997300944669405e+03,3.322013175230566503e+03,-9.601587428589709816e+01,-2.058618426703767046e+00
1.304000000000000159e-01,3.280669365721997110e+03,3.447567852437417514e+03,-1.668984867154204039e+02,-3.572876683053636260e+00
1.312000000000000111e-01,3.655341430499325270e+03,3.771615283267457016e+03,-1.162738527681317464e+02,-2.112389884733201217e+00
1.319999999999999785e-01,3.634699055330634110e+03,3.661322793148880010e+03,-2.662373781824589969e+01,-5.572465492289035982e-01
1.328000000000000014e-01,2.989344129554655865e+03,3.031778656126482019e+03,-4.243452657182615440e+01,-8.818022018730868883e-01
1.335999999999999965e-01,2.165376518218623460e+03,2.281823451910408494e+03,-1.164469336917850342e+02,-2.456489674524336309e+00
1.344000000000000195e-01,1.855395411605937852e+03,1.857770750988142254e+03,-2.375339382204401772e+00,-5.050421473473275247e-02
1.351999999999999869e-01,2.128323886639675948e+03,2.243794466403162005e+03,-1.154705797634860573e+02,-2.426928091222787298e+00
1.360000000000000098e-01,2.380091767881241594e+03,2.379552042160737983e+03,5.397257205036112282e-01,1.139056089655730158e-02
1.368000000000000049e-01,2.323605937921727218e+03,2.421881422924901017e+03,-9.827548500317379876e+01,-2.037542752925888934e+00
1.376000000000000001e-01,5.239622132253711243e+03,5.397249011857707956e+03,-1.576268796039967128e+02,-2.991707007203069146e+00
1.383999999999999952e-01,5.706364372469635782e+03,5.904274044795783993e+03,-1.979096723261482111e+02,-4.099117841993789035e+00
1.391999999999999904e-01,3.471892037786774836e+03,3.517133069828722000e+03,-4.524103204194716454e+01,-8.664584762027471854e-01
1.400000000000000133e-01,1.389344129554655865e+03,1.460363636363636260e+03,-7.101950680898039536e+01,-1.468416630142117540e+00
1.407999999999999807e-01,1.262726045883940515e+03,1.178561264822134490e+03,8.416478106180602481e+01,1.778111583845307431e+00
1.416000000000000036e-01,2.359967611336032405e+03,2.411088274044795980e+03,-5.112066270876357521e+01,-1.065427901255108223e+00
1.423999999999999988e-01,3.001263157894736651e+03,3.086418972332015983e+03,-8.515581443727933220e+01,-1.812089752591277358e+00
1.432000000000000217e-01,2.927417004048582839e+03,3.101765480895915516e+03,-1.743484768473326767e+02,-3.584711663190412345e+00
1.439999999999999891e-01,3.324717948717948730e+03,3.317459815546772006e+03,7.258133171176723408e+00,1.328179506391921338e-01
1.448000000000000120e-01,3.088410256410256352e+03,3.156996047430830004e+03,-6.858579102057365162e+01,-1.434824743424566895e+00
1.456000000000000072e-01,2.372750337381916324e+03,2.382671936758893480e+03,-9.921599376977155771e+00,-2.129385257761732819e-01
1.463999999999999746e-01,1.661581646423751636e+03,1.683309617918313506e+03,-2.172797149456187071e+01,-4.522103092306579697e-01
1.471999999999999975e-01,1.698202429149797581e+03,1.670998682476943259e+03,2.720374667285432224e+01,5.790213130276218312e-01
1.479999999999999927e-01,1.931055330634278107e+03,1.986866930171278000e+03,-5.581159953699989273e+01,-1.199754389826692247e+00
1.488000000000000156e-01,2.033144399460188879e+03,2.086956521739130494e+03,-5.381212227894161515e+01,-1.131349629407989221e+00
1.495999999999999830e-01,2.849252361673414271e+03,2.900996047430830004e+03,-5.174368575741573295e+01,-9.025273125861744683e-01
1.504000000000000059e-01,5.421948717948717785e+03,5.547594202898550975e+03,-1.256454849498331896e+02,-2.597099890150930346e+00
1.512000000000000011e-01,5.133473684210526699e+03,5.230798418972332001e+03,-9.732473476180530270e+01,-1.892374004723055281e+00
1.520000000000000240e-01,2.227649122807017648e+03,2.289243741765480991e+03,-6.159461895846334301e+01,-1.192882965099119508e+00
1.527999999999999914e-01,8.751848852901484861e+02,8.220500658761528712e+02,5.313481941399561492e+01,1.128861072806799815e+00
1.535999999999999865e-01,1.299692307692307622e+03,1.311367588932806257e+03,-1.167528124049863436e+01,-2.391376757844617673e-01
1.544000000000000095e-01,2.518628879892037730e+03,2.501396574440052518e+03,1.723230545198521213e+01,3.655964002291873793e-01
1.551999999999999769e-01,2.668825910931173894e+03,2.761022397891963010e+03,-9.219648696078911598e+01,-1.923320373105948278e+00
1.559999999999999998e-01,3.112766531713900349e+03,3.113317523056653499e+03,-5.509913427531500929e-01,-1.012551930461235393e-02
1.567999999999999949e-01,3.039870445344129621e+03,3.173438735177865510e+03,-1.335682898337358893e+02,-2.739400640939548826e+00
1.576000000000000179e-01,2.593770580296896242e+03,2.569191040843214978e+03,2.457953945368126369e+01,5.095659769045004506e-01
1.583999999999999853e-01,1.791136302294197094e+03,1.904990777338603493e+03,-1.138544750444063993e+02,-2.397747010105768517e+00
1.592000000000000082e-01,1.427519568151147041e+03,1.439704874835309511e+03,-1.218530668416246954e+01,-2.630911713707530519e-01
1.600000000000000033e-01,1.571411605937921649e+03,1.607673254281949994e+03,-3.626164834402834458e+01,-7.730851299958275691e-01
1.607999999999999985e-01,1.883638326585695040e+03,1.803299077733860258e+03,8.033924885183478182e+01,1.719301136084093296e+00
1.615999999999999936e-01,1.763929824561403620e+03,1.786181818181818244e+03,-2.225199362041462336e+01,-4.647758127308794784e-01
1.623999999999999888e-01,3.920410256410256352e+03,4.008558629776021007e+03,-8.814837336576465532e+01,-1.469184811140648472e+00
1.632000000000000117e-01,5.176572199730094326e+03,5.369760210803689006e+03,-1.931880110735946801e+02,-4.021899256049557003e+00
1.640000000000000069e-01,3.727373819163292865e+03,3.766218708827404498e+03,-3.884488966411163346e+01,-7.352421418040422374e-01
1.648000000000000020e-01,1.248906882591093108e+03,1.238007905138339993e+03,1.089897745275311536e+01,2.214023788650555657e-01
1.655999999999999972e-01,6.514871794871794464e+02,5.977549407114624955e+02,5.373223877571695084e+01,1.141691258788461782e+00
1.664000000000000201e-01,1.569425101214574852e+03,1.620152832674571755e+03,-5.072773145999690314e+01,-1.038917071457129415e+00
1.671999999999999875e-01,2.484944669365721893e+03,2.534450592885375499e+03,-4.950592351965360649e+01,-1.066962990084536989e+00
1.679999999999999827e-01,2.448669365721997110e+03,2.481496706192358488e+03,-3.282734047036137781e+01,-6.840874426845374723e-01
1.688000000000000056e-01,2.711492577597840864e+03,2.731003952569169996e+03,-1.951137497132913268e+01,-3.571038455837212133e-01
1.696000000000000008e-01,2.758045883940620570e+03,2.773501976284584998e+03,-1.545609234396442844e+01,-3.265135693331976952e-01
1.703999999999999959e-01,2.063028340080971702e+03,2.171025032938076492e+03,-1.079966928571047902e+02,-2.311691574608725652e+00
1.711999999999999911e-01,1.341063427800269892e+03,1.341048748353096244e+03,1.467944717364844109e-02,3.102572342149500953e-04
1.720000000000000140e-01,1.205808367071525026e+03,1.174682476943346501e+03,3.112589012817852563e+01,6.636974073825953058e-01
1.728000000000000091e-01,1.419573549257759851e+03,1.393412384716732504e+03,2.616116454102734679e+01,5.566090702574173488e-01
1.736000000000000043e-01,1.618655870445344135e+03,1.657760210803689006e+03,-3.910434035834487076e+01,-8.294831700371664285e-01
1.743999999999999995e-01,1.836221322537111973e+03,1.797649538866930243e+03,3.857178367018173049e+01,7.542435099999581505e-01
1.751999999999999946e-01,4.810364372469635782e+03,4.871504611330698026e+03,-6.114023886106224381e+01,-1.168599100260214962e+00
1.759999999999999898e-01,5.271406207827260005e+03,5.313686429512516042e+03,-4.228022168525603774e+01,-8.606637563507649746e-01
1.767999999999999849e-01,2.530461538461538566e+03,2.622819499341238497e+03,-9.235796087969993096e+01,-1.756521461806850537e+00
1.776000000000000079e-01,6.401727395411605812e+02,5.902503293807641285e+02,4.992241016039645274e+01,1.027161185972590873e+00
1.784000000000000030e-01,5.519892037786775063e+02,5.889011857707509989e+02,-3.691198199207349262e+01,-7.652559709552471112e-01
1.791999999999999982e-01,1.956361673414304960e+03,1.926998682476943259e+03,2.936299093736170107e+01,6.162108151948246793e-01
1.799999999999999933e-01,2.425176788124156701e+03,2.433011857707509989e+03,-7.835069583353288181e+00,-1.668801039934348363e-01
1.808000000000000163e-01,2.344161943319837974e+03,2.286461133069828520e+03,5.770081025000945374e+01,1.148507946322969708e+00
1.816000000000000114e-01,2.980966261808367108e+03,3.012974967061923508e+03,-3.200870525355639984e+01,-6.203029988825967678e-01
1.823999999999999788e-01,2.411875843454790811e+03,2.432927536231884005e+03,-2.105169277709319431e+01,-4.428830108178636316e-01
1.832000000000000017e-01,1.613732793522267229e+03,1.740648221343873502e+03,-1.269154278216062721e+02,-2.684575685798251676e+00
1.839999999999999969e-01,1.177392712550607257e+03,1.135810276679841991e+03,4.158243587076526637e+01,8.667724049614742299e-01
1.847999999999999921e-01,1.185943319838056595e+03,1.157227931488801005e+03,2.871538834925559058e+01,6.017046738245460658e-01
1.855999999999999872e-01,1.461117408906882702e+03,1.404880105401844503e+03,5.623730350503819864e+01,1.199626009244519675e+00
1.864000000000000101e-01,1.474591093117408946e+03,1.475119894598155497e+03,-5.288014807465515332e-01,-1.121756796201952427e-02
1.872000000000000053e-01,2.655956815114710025e+03,2.708574440052700993e+03,-5.261762493799096774e+01,-8.766725798358847577e-01
1.880000000000000004e-01,4.585716599190282977e+03,4.661965744400527001e+03,-7.624914521024402347e+01,-1.583906321145762908e+00
1.887999999999999956e-01,3.934402159244264567e+03,4.001475625823451992e+03,-6.707346657918742494e+01,-1.304778171673080633e+00
1.895999999999999908e-01,1.355055330634278107e+03,1.318450592885375499e+03,3.660473774890260756e+01,7.436198793903712190e-01
1.904000000000000137e-01,3.644804318488529020e+02,3.116521739130434980e+02,5.282825793580940399e+01,1.130194380596104997e+00
1.911999999999999811e-01,8.833900134952766621e+02,9.131172595520421282e+02,-2.972724605676546616e+01,-6.190952037243147021e-01
1.920000000000000040e-01,1.979336032388664080e+03,2.034339920948616509e+03,-5.500388855995242920e+01,-1.186128809840269138e+00
1.927999999999999992e-01,2.109581646423751863e+03,2.026413702239789245e+03,8.316794418396261790e+01,1.763635121567508346e+00
1.936000000000000221e-01,2.424140350877192759e+03,2.434613965744400502e+03,-1.047361486720774337e+01,-1.906153427766728026e-01
1.943999999999999895e-01,2.271352226720647650e+03,2.231652173913043498e+03,3.970005280760415189e+01,8.156490676441416898e-01
1.952000000000000124e-01,1.855568151147098433e+03,1.895631093544137002e+03,-4.006294239703856874e+01,-8.259288111986777814e-01
1.960000000000000075e-01,1.221700404858299635e+03,1.140363636363636260e+03,8.133676849466337444e+01,1.714904823435778436e+00
1.967999999999999750e-01,7.870877192982455881e+02,8.009696969696969973e+02,-1.388197767145140915e+01,-2.942316118404016967e-01
1.975999999999999979e-01,1.050688259109311730e+03,1.000980237154150245e+03,4.970802195516148458e+01,1.033899697973065024e+00
1.983999999999999930e-01,1.167460188933873042e+03,1.237501976284584998e+03,-7.004178735071195661e+01,-1.478741770549537149e+00
1.992000000000000159e-01,1.243033738191632892e+03,1.179741765480895992e+03,6.329197271073689990e+01,1.341983971287753707e+00
1.999999999999999833e-01,3.597646423751687053e+03,3.586613965744400502e+03,1.103245800728655013e+01,1.929998550157201453e-01
2.008000000000000063e-01,4.637538461538461888e+03,4.590208168642951023e+03,4.733029289551086549e+01,9.970770025580475426e-01
2.016000000000000014e-01,2.720388663967611137e+03,2.802002635046113483e+03,-8.161397107850234534e+01,-1.556597587590304643e+00
2.024000000000000243e-01,5.567395411605938307e+02,5.281897233201581230e+02,2.854981784043570769e+01,5.827408842008594547e-01
2.031999999999999917e-01,1.106396761133603235e+02,1.478155467720685010e+02,-3.717587065870817753e+01,-7.872986885322763584e-01
2.039999999999999869e-01,1.175147098515519474e+03,1.142303030303030255e+03,3.284406821248921915e+01,6.727997806114771606e-01
2.048000000000000098e-01,1.940124156545209189e+03,1.926324110671936751e+03,1.380004587327243826e+01,2.965237554537692444e-01
2.055999999999999772e-01,1.959557354925776053e+03,1.884584980237154241e+03,7.497237468862181231e+01,1.554166415490619402e+00
2.064000000000000001e-01,2.226785425101214514e+03,2.186202898550724512e+03,4.058252655049000168e+01,7.496105385043799751e-01
2.071999999999999953e-01,2.169435897435897459e+03,2.184853754940711497e+03,-1.541785750481403738e+01,-3.238533074163669201e-01
2.080000000000000182e-01,1.413700404858299635e+03,1.401169960474308255e+03,1.253044438399138016e+01,2.656817541899628154e-01
2.087999999999999856e-01,7.837192982456140271e+02,7.035783926218708757e+02,8.014090562374315141e+01,1.657910935272762121e+00
2.096000000000000085e-01,7.134143049932523581e+02,6.975915678524373789e+02,1.582273714081497928e+01,3.381714739092043787e-01
2.104000000000000037e-01,9.569770580296896014e+02,9.631198945981554971e+02,-6.142836568465895652e+00,-1.323432484814630883e-01
2.111999999999999988e-01,1.035919028340081013e+03,9.500500658761528712e+02,8.586896246392814191e+01,1.818558494168533768e+00
2.119999999999999940e-01,1.746742240215924539e+03,1.808358366271409750e+03,-6.161612605548521060e+01,-1.077845292603023086e+00
2.127999999999999892e-01,3.768226720647773163e+03,3.796911725955204020e+03,-2.868500530743085619e+01,-5.810414370720655697e-01
2.136000000000000121e-01,4.000043184885289975e+03,4.021965744400527001e+03,-2.192255951523702606e+01,-4.518758468682927965e-01
2.143999999999999795e-01,1.459908232118758406e+03,1.369212121212121247e+03,9.069611090663715913e+01,1.776950920686418689e+00
2.152000000000000024e-01,2.763832658569500822e+01,4.199209486166007821e+01,-1.435376827596506999e+01,-3.012586719112930189e-01
2.159999999999999976e-01,2.560863697705802906e+02,1.941923583662714066e+02,6.189401140430888404e+01,1.271219131991587536e+00
2.168000000000000205e-01,1.382002699055330595e+03,1.419214756258234502e+03,-3.721205720290390673e+01,-7.879777637264757661e-01
2.175999999999999879e-01,1.699670715249662635e+03,1.636511198945981505e+03,6.315951630368113001e+01,1.301192902309554533e+00
2.183999999999999830e-01,1.565279352226720675e+03,1.643594202898550748e+03,-7.831485067183007232e+01,-1.530530037538432531e+00
2.192000000000000060e-01,2.214089068825910999e+03,2.211752305665349013e+03,2.336763160561986297e+00,4.638666213532224164e-02
2.200000000000000011e-01,1.577975708502024190e+03,1.595362318840579746e+03,-1.738661033855555615e+01,-3.662737811446549752e-01
2.207999999999999963e-01,9.567179487179487296e+02,8.420342555994729992e+02,1.146836931184757304e+02,2.443777318911817265e+00
2.215999999999999914e-01,4.544777327935222502e+02,3.986719367588932528e+02,5.580579603462899740e+01,1.192267659169065963e+00
2.224000000000000143e-01,5.547530364372469194e+02,5.415125164690382462e+02,1.324051996820867316e+01,2.804762908042487957e-01
2.231999999999999817e-01,7.409662618083671077e+02,8.252542819499341249e+02,-8.428802014156701716e+01,-1.798623998939077318e+00
2.240000000000000047e-01,8.325182186234817436e+02,7.813227931488801232e+02,5.119542547460162041e+01,1.064739948643297796e+00
2.247999999999999998e-01,2.646283400809716568e+03,2.588669301712779998e+03,5.761409909693657028e+01,9.537952567978248419e-01
2.255999999999999950e-01,4.732458839406207517e+03,4.709354413702239981e+03,2.310442570396753581e+01,4.798372599840419195e-01
2.263999999999999901e-01,3.387336032388664080e+03,3.477164690382081517e+03,-8.982865799341743696e+01,-1.684059033351203105e+00
2.271999999999999853e-01,5.694358974358974592e+02,5.583768115942028771e+02,1.105908584169458209e+01,2.255849506098898394e-01
2.280000000000000082e-01,-2.771605937921727332e+02,-3.813017127799736272e+02,1.041411189878008940e+02,2.226870017761106268e+00
2.288000000000000034e-01,5.462887989203778716e+02,4.616600790513833772e+02,8.462871986899449439e+01,1.729909870364133129e+00
2.295999999999999985e-01,1.607946018893387418e+03,1.592748353096179244e+03,1.519766579720817390e+01,3.242880386101663626e-01
2.303999999999999937e-01,1.683951417004048608e+03,1.727578392621870989e+03,-4.362697561782238154e+01,-9.172881753045143416e-01
2.312000000000000166e-01,2.086089068825910999e+03,2.109638998682476995e+03,-2.354992985656599558e+01,-4.285145255069707226e-01
2.320000000000000118e-01,2.035476383265856839e+03,1.974050065876152757e+03,6.142631738970408151e+01,1.273597825832538888e+00
2.328000000000000069e-01,1.453516869095816446e+03,1.405470355731225254e+03,4.804651336459119193e+01,1.000812778829452077e+00
2.336000000000000021e-01,6.816302294197031415e+02,6.665612648221343761e+02,1.506896459756876538e+01,3.120009228557572567e-01
2.343999999999999972e-01,4.067152496626180778e+02,3.125797101449275601e+02,9.413553951769051764e+01,2.007202973252312894e+00
2.351999999999999924e-01,6.501052631578946830e+02,6.684163372859025003e+02,-1.831107412800781731e+01,-3.813728785475710703e-01
2.359999999999999876e-01,9.047233468286100333e+02,8.119314888010540017e+02,9.279185802755603163e+01,1.982967319571418141e+00
2.368000000000000105e-01,8.307908232118758178e+02,8.708722002635046238e+02,-4.008137705162880593e+01,-8.202734091824435136e-01
2.376000000000000056e-01,3.314439946018893352e+03,3.351862977602108003e+03,-3.742303158321465162e+01,-7.158824979034426050e-01
2.384000000000000008e-01,3.722537112010796136e+03,3.826845849802371504e+03,-1.043087377915753677e+02,-2.160678612461573778e+00
2.392000000000000237e-01,1.798650472334682945e+03,1.751441370223978993e+03,4.720910211070395235e+01,9.170079046727607208e-01
2.399999999999999911e-01,1.934682860998650611e+01,-2.664558629776021093e+01,4.599241490774672059e+01,9.539522163065279337e-01
2.407999999999999863e-01,-1.154763832658569527e+02,-2.394729907773385946e+02,1.239966075114816420e+02,2.653384691109794247e+00
2.415999999999999814e-01,8.298407557354926212e+02,8.252542819499341249e+02,4.586473785558496274e+00,9.518693986549579822e-02
2.424000000000000044e-01,1.358423751686909554e+03,1.332953886693017239e+03,2.546986499389231540e+01,5.367220515929963520e-01
2.431999999999999995e-01,1.330008097165992012e+03,1.414155467720685010e+03,-8.414737055469299776e+01,-1.723101951101186247e+00
2.440000000000000224e-01,1.722299595141700365e+03,1.654977602108036990e+03,6.732199303366337517e+01,1.226883215722660792e+00
2.448000000000000176e-01,1.500588394062078351e+03,1.525628458498023747e+03,-2.504006443594539633e+01,-5.261390044353767559e-01
2.455999999999999850e-01,7.850148448043184999e+02,7.392463768115942457e+02,4.576846799272425415e+01,9.705402845056240180e-01
2.463999999999999801e-01,2.016734143049932584e+02,1.301080368906455931e+02,7.156537741434766531e+01,1.508303009972619124e+00
2.472000000000000031e-01,2.186882591093117298e+02,1.734492753623188435e+02,4.523898374699288638e+01,9.713221455061347154e-01
2.479999999999999982e-01,4.705425101214574966e+02,4.453860342555994976e+02,2.515647586585799900e+01,5.367594576206078383e-01
2.487999999999999934e-01,5.903373819163292637e+02,5.155415019762846214e+02,7.479587994004464235e+01,1.570000396710899526e+00
2.496000000000000163e-01,1.302974358974358893e+03,1.234803689064558739e+03,6.817066990980015362e+01,1.199679207136318038e+00
2.504000000000000115e-01,3.350110661268556214e+03,3.422777338603425505e+03,-7.266667733486929137e+01,-1.509006949583522328e+00
2.512000000000000344e-01,3.106375168690958162e+03,3.175125164690382007e+03,-6.874999599942384521e+01,-1.381863018370429463e+00
2.520000000000000018e-01,6.807665317139001218e+02,6.816548089591567532e+02,-8.882772452566314314e-01,-1.760245961056229602e-02
2.527999999999999692e-01,-4.864345479082321049e+02,-6.163899868247693803e+02,1.299554389165372754e+02,2.765434438210138790e+00
2.535999999999999921e-01,-1.023481781376518285e+02,-1.893017127799736556e+02,8.695353464232182716e+01,1.801858688941399000e+00
2.544000000000000150e-01,9.461808367071524799e+02,8.426245059288537504e+02,1.035563307782987295e+02,2.196154524456968904e+00
2.551999999999999824e-01,1.034796221322537122e+03,1.117934123847167257e+03,-8.313790252463013530e+01,-1.729322821633827889e+00
2.560000000000000053e-01,1.424669365721997337e+03,1.363140974967061993e+03,6.152839075493534438e+01,1.124113323068225867e+00
2.568000000000000282e-01,1.410331983805667960e+03,1.432368906455862998e+03,-2.203692265019503793e+01,-4.536521945427795521e-01
2.575999999999999956e-01,1.009489878542510155e+03,9.444005270092226283e+02,6.508935153328752676e+01,1.337691628312291492e+00
2.583999999999999631e-01,2.705964912280701924e+02,3.244690382081686266e+02,-5.387254698009843423e+01,-1.140038329222924141e+00
2.591999999999999860e-01,-4.007557354925776139e+01,-1.269038208168642967e+02,8.682824726760654244e+01,1.865317667344284391e+00
2.600000000000000089e-01,7.531443994601889358e+01,3.710144927536232018e+01,3.821299067065657340e+01,7.978726174790161663e-01
2.608000000000000318e-01,3.585209176788123955e+02,2.506034255599473113e+02,1.079174921188650842e+02,2.279377502545485878e+00
2.615999999999999992e-01,2.570364372469635441e+02,2.420869565217391255e+02,1.494948072522441862e+01,3.082443189105441572e-01
2.624000000000000221e-01,2.048863697705803133e+03,2.045638998682476995e+03,3.224699023326138558e+00,5.664897675851746778e-02
2.631999999999999895e-01,3.003249662618083676e+03,3.155478260869565020e+03,-1.522285982514813441e+02,-3.199241007643760959e+00
2.639999999999999569e-01,1.791654520917678838e+03,1.758777338603425505e+03,3.287718231425333215e+01,6.387873530122588628e-01
2.647999999999999798e-01,-1.946774628879892077e+02,-3.086166007905138144e+02,1.139391379025246067e+02,2.382245213969941044e+00
2.656000000000000028e-01,-6.663427800269905674e+02,-7.305612648221343761e+02,6.421848479514380870e+01,1.372308360931772331e+00
2.664000000000000257e-01,2.530634278002699133e+01,4.317259552042160919e+01,-1.786625274039461786e+01,-3.686571424732767444e-01
2.671999999999999931e-01,7.899379217273954055e+02,7.257549407114624955e+02,6.418298101593290994e+01,1.373004035057470595e+00
2.680000000000000160e-01,7.508987854251012095e+02,7.327536231884057543e+02,1.814516223669545525e+01,3.772836012993479038e-01
2.688000000000000389e-01,1.042137651821862391e+03,1.037575757575757507e+03,4.561894246104884587e+00,8.341014035960883644e-02
2.696000000000000063e-01,1.074008097165992012e+03,1.031673254281949994e+03,4.233484288404201834e+01,8.962394019321109351e-01
2.703999999999999737e-01,4.353036437246963715e+02,4.510355731225296267e+02,-1.573192939783325528e+01,-3.375110727215334672e-01
2.711999999999999966e-01,-2.193792172739541115e+02,-2.410750988142292499e+02,2.169588154027513838e+01,4.491757824903053753e-01
2.720000000000000195e-01,-3.008259109311740644e+02,-3.483320158102766868e+02,4.750610487910262236e+01,1.012294675513002451e+00
2.727999999999999869e-01,-7.289608636977058609e+01,-1.781712779973649674e+02,1.052751916275943813e+02,2.257634324662920910e+00
2.736000000000000099e-01,1.051120107962213268e+02,6.948089591567853063e+01,3.563111488054279619e+01,7.497320586643151374e-01
2.744000000000000328e-01,3.186180836707152366e+02,2.021185770750988127e+02,1.164995065956164240e+02,2.252897979472295642e+00
2.752000000000000002e-01,2.587120107962213297e+03,2.634961791831357004e+03,-4.784168386914370785e+01,-9.179574105142281892e-01
2.759999999999999676e-01,2.965333333333333485e+03,3.007578392621870989e+03,-4.224505928853750447e+01,-8.834374661580124410e-01
2.767999999999999905e-01,6.944993252361673512e+02,7.481844532279314990e+02,-5.368512799176414774e+01,-1.056372136290566033e+00
2.776000000000000134e-01,-7.278380566801619125e+02,-8.691014492753623699e+02,1.412633925952004574e+02,2.935484827935443075e+00
2.783999999999999808e-01,-8.525560053981106421e+02,-8.449855072463767556e+02,-7.570498151733886516e+00,-1.577888750620274894e-01
2.792000000000000037e-01,3.079946018893387532e+02,2.339920948616600924e+02,7.400250702767866073e+01,1.605647571209857016e+00
2.800000000000000266e-01,6.374952766531713451e+02,6.289538866930171253e+02,8.541389960154219807e+00,1.789516091394828257e-01
2.808000000000000496e-01,6.116707152496626350e+02,4.715256916996047494e+02,1.401450235500578856e+02,2.813818261848120450e+00
2.815999999999999615e-01,1.239838056680162026e+03,1.226961791831357004e+03,1.287626484880502176e+01,2.475853731074338648e-01
2.823999999999999844e-01,6.747206477732793246e+02,6.523952569169960043e+02,2.232539085628332032e+01,4.589315472278406860e-01
2.832000000000000073e-01,-4.283940620782725972e+01,2.521212121212121104e+01,-6.805152741994847077e+01,-1.427361020088071752e+00
2.839999999999999747e-01,-3.681943319838056823e+02,-4.440368906455863112e+02,7.584255866178062888e+01,1.587153347934428416e+00
2.847999999999999976e-01,-3.238866396761133615e+02,-4.321475625823451878e+02,1.082609229062318263e+02,2.290282488977489983e+00
2.856000000000000205e-01,-1.320593792172739427e+02,-2.495915678524374073e+02,1.175321886351634646e+02,2.491015678578883286e+00
2.864000000000000434e-01,-1.473468286099865168e+02,-1.044743083003952506e+02,-4.287252030959126614e+01,-8.955333898472824794e-01
2.871999999999999553e-01,9.031686909581646887e+02,9.218023715415019979e+02,-1.863368058333730914e+01,-3.226523551634894460e-01
2.879999999999999782e-01,2.448928475033738323e+03,2.442624505928853978e+03,6.303969104884345143e+00,1.310052352891134808e-01
2.888000000000000012e-01,1.805905533063427811e+03,1.786350461133069757e+03,1.955507193035805358e+01,3.897958168915190424e-01
2.896000000000000241e-01,-3.118812415654521146e+02,-3.407430830039525631e+02,2.886184143850044848e+01,6.009094392603409052e-01
2.903999999999999915e-01,-1.075994601889338810e+03,-1.090951251646903756e+03,1.495664975756494641e+01,3.217085032006838374e-01
2.912000000000000144e-01,-5.842914979757084666e+02,-6.603214756258234956e+02,7.602997765011502906e+01,1.578509137421207909e+00
2.920000000000000373e-01,2.761241565452091891e+02,2.527114624505928759e+02,2.341269409461631312e+01,5.017552903867973368e-01
2.927999999999999492e-01,3.082537112010796250e+02,2.341607378129117194e+02,7.409297338816790557e+01,1.560690437144257814e+00
2.935999999999999721e-01,7.158326585695007225e+02,6.463241106719367508e+02,6.950854789756397167e+01,1.247836392585810028e+00
2.943999999999999950e-01,5.249554655870445004e+02,4.502766798418972485e+02,7.467878574514725187e+01,1.542485598925733115e+00
2.952000000000000179e-01,1.318866396761133615e+02,1.419973649538866880e+02,-1.011072527777332652e+01,-2.098133471527280358e-01
2.959999999999999853e-01,-3.991147098515519360e+02,-5.012911725955204361e+02,1.021764627439685000e+02,2.138631631690361079e+00
2.968000000000000083e-01,-7.724912280701754526e+02,-7.222134387351778742e+02,-5.027778933499757841e+01,-1.077070146210314938e+00
2.976000000000000312e-01,-5.132091767881241822e+02,-6.249064558629776229e+02,1.116972790748534408e+02,2.348615222396144286e+00
2.983999999999999986e-01,-3.612847503373819222e+02,-3.761581027667984358e+02,1.487335242941651359e+01,3.182426041114503890e-01
2.991999999999999660e-01,-3.231956815114709798e+02,-4.500237154150197512e+02,1.268280339035487714e+02,2.660508019694620696e+00
2.999999999999999889e-01,1.500761133603238932e+03,1.513233201581027743e+03,-1.247206797778881082e+01,-2.256605012840040558e-01
3.008000000000000118e-01,2.246823211875843299e+03,2.249106719367588994e+03,-2.283507491745695006e+00,-4.852984590340975180e-02
3.015999999999999792e-01,7.262834008097165679e+02,7.353675889328063704e+02,-9.084188123089802502e+00,-1.825835645927920414e-01
3.024000000000000021e-01,-9.397031039136302297e+02,-1.028047430830039502e+03,8.834432691640927260e+01,1.838900382670848321e+00
3.032000000000000250e-01,-1.315843454790823216e+03,-1.311536231884057997e+03,-4.307222906765218795e+00,-9.211000675571842655e-02
3.040000000000000480e-01,-4.448043184885290202e+02,-5.028089591567852494e+02,5.800464066825622922e+01,1.211680623845272642e+00
3.047999999999999599e-01,1.446693657219973090e+02,1.111357048748353122e+02,3.353366084716199680e+01,7.078299487940136192e-01
3.055999999999999828e-01,1.146990553306342804e+02,3.904084321475625785e+01,7.565821211587802964e+01,1.560249392639176946e+00
3.064000000000000057e-01,4.015330634278002435e+02,3.472358366271409977e+02,5.429722680065924578e+01,9.932329258336050071e-01
3.071999999999999731e-01,4.052469635627530238e+02,3.686534914361001256e+02,3.659347212665289817e+01,7.629817905739201267e-01
3.079999999999999960e-01,-2.927071524966261791e+02,-3.705928853754940633e+02,7.788573287886788421e+01,1.654917699361208472e+00
3.088000000000000189e-01,-8.093711201079622697e+02,-8.889169960474308709e+02,7.954587593946860125e+01,1.643051685546951690e+00
3.096000000000000418e-01,-8.804534412955465541e+02,-9.567114624505928759e+02,7.625802115504632184e+01,1.615177926085973548e+00
3.103999999999999537e-01,-6.526963562753036285e+02,-6.847747035573122503e+02,3.207834728200862173e+01,6.877669636436413159e-01
3.111999999999999766e-01,-6.373225371120107638e+02,-6.472516469038208697e+02,9.929109791810105889e+00,2.110346493299850579e-01
3.119999999999999996e-01,1.549473684210526301e+02,1.263135704874835312e+02,2.863379793356909886e+01,5.161827496374772339e-01
3.128000000000000225e-01,1.551892037786774608e+03,1.530940711462450508e+03,2.095132632432409991e+01,4.174727238438979970e-01
3.135999999999999899e-01,1.714439946018893352e+03,1.706498023715415002e+03,7.941922303478349932e+00,1.601116419598998808e-01
3.144000000000000128e-01,-3.540296896086369998e+02,-4.408326745718050006e+02,8.680298496316800083e+01,1.769612292457945379e+00
3.152000000000000357e-01,-1.447211875843454891e+03,-1.424527009222661491e+03,-2.268486662079340022e+01,-4.720659314440398546e-01
3.160000000000000031e-01,-1.205462887989203864e+03,-1.318619235836627240e+03,1.131563478474233762e+02,2.391279445210015453e+00
3.167999999999999705e-01,-3.242321187584345239e+02,-3.338287220026350610e+02,9.596603244200537119e+00,2.052307094749914462e-01
3.175999999999999934e-01,-1.237678812415654477e+02,-1.758102766798419054e+02,5.204239543827645775e+01,1.079116759055121832e+00
3.184000000000000163e-01,-1.975276653171389967e+02,-1.762318840579710013e+02,-2.129578125916799536e+01,-4.132647894401990651e-01
3.191999999999999837e-01,4.625964912280701924e+02,4.227878787878788103e+02,3.980861244019138212e+01,7.972349000221272686e-01
3.200000000000000067e-01,-1.843130904183535677e+02,-1.965533596837944685e+02,1.224026926544090088e+01,2.549728139143819794e-01
3.208000000000000296e-01,-7.001997300944669860e+02,-8.661501976284584998e+02,1.659504675339915138e+02,3.513291171026027726e+00
3.215999999999999970e-01,-1.150445344129554769e+03,-1.192980237154150245e+03,4.253489302459547616e+01,9.090653871254636975e-01
3.223999999999999644e-01,-9.857381916329284195e+02,-1.030492753623188491e+03,4.475456199026007198e+01,9.460002019280782104e-01
3.231999999999999873e-01,-7.864831309041835539e+02,-7.984400527009222515e+02,1.195692179673869759e+01,2.542904085877116804e-01
3.240000000000000102e-01,-7.787962213225371215e+02,-9.092384716732542529e+02,1.304422503507171314e+02,2.705281113841271345e+00
3.247999999999999776e-01,6.257489878542510269e+02,5.990197628458497547e+02,2.672922500840127213e+01,4.673563104562571402e-01
3.256000000000000005e-01,2.160712550607287540e+03,2.166724637681159493e+03,-6.012087073871953180e+00,-1.257404155091054188e-01
3.264000000000000234e-01,1.033846153846153811e+03,1.057812911725955246e+03,-2.396675787980143468e+01,-4.711145993017636924e-01
3.271999999999999909e-01,-1.087309041835357675e+03,-1.201243741765480991e+03,1.139346999301233154e+02,2.392448015465423516e+00
3.280000000000000138e-01,-1.684296896086369770e+03,-1.802961791831357004e+03,1.186648957449872341e+02,2.519346220285944682e+00
3.287999999999999812e-01,-9.802968960863697703e+02,-1.110429512516469003e+03,1.301326164300992332e+02,2.680763006379990099e+00
3.296000000000000041e-01,-2.555681511470985185e+02,-2.534703557312252826e+02,-2.097795415873235925e+00,-4.494758683552618761e-02
3.303999999999999715e-01,-2.718056680161943177e+02,-2.610592885375494347e+02,-1.074637947864488297e+01,-2.268821691743583002e-01
3.311999999999999944e-01,2.048690958164642382e+02,1.479841897233201564e+02,5.688490609314408175e+01,1.035582246154000519e+00
3.320000000000000173e-01,1.316275303643724612e+02,8.128590250329381206e+01,5.034162786107864918e+01,1.033108999553438823e+00
3.328000000000000402e-01,-3.909095816464237600e+02,-4.668880105401844389e+02,7.597842889376067887e+01,1.631350740227171192e+00
3.336000000000000076e-01,-9.990391363022941960e+02,-1.063715415019762759e+03,6.467627871746856272e+01,1.355644806290267956e+00
3.343999999999999750e-01,-1.182229419703103986e+03,-1.353696969696969745e+03,1.714675499938657595e+02,3.671499457662436683e+00
3.351999999999999980e-01,-1.008453441295546554e+03,-1.032179183135704761e+03,2.372574184015820720e+01,5.001828926719671387e-01
3.359999999999999654e-01,-8.196491228070175339e+02,-8.917839262187088707e+02,7.213480341169133681e+01,1.511602170045974081e+00
3.367999999999999883e-01,-7.845829959514170469e+02,-7.826719367588932528e+02,-1.911059192523794081e+00,-3.937374669220649465e-02
3.376000000000000112e-01,1.218504723346828541e+03,1.224600790513833999e+03,-6.096067167005458032e+00,-1.162941260181627745e-01
3.384000000000000341e-01,1.464140350877192986e+03,1.519472990777338509e+03,-5.533263990014552292e+01,-1.145323972072896934e+00
3.392000000000000015e-01,-1.495924426450742146e+02,-2.582766798418972485e+02,1.086842371968230339e+02,2.183659348188087268e+00
3.399999999999999689e-01,-1.537986504723346798e+03,-1.551177865612648247e+03,1.319136088930144979e+01,2.752623219251698616e-01
3.407999999999999918e-01,-1.612350877192982352e+03,-1.748237154150197739e+03,1.358862769572153866e+02,2.875718201154452647e+00
3.416000000000000147e-01,-7.853603238866396623e+02,-8.913623188405797464e+02,1.060019949539400841e+02,2.246185869845370053e+00
3.423999999999999821e-01,-4.327125506072874259e+02,-4.977496706192358147e+02,6.503712001194838876e+01,1.370794115489822884e+00
3.432000000000000051e-01,-4.643238866396761182e+02,-3.834097496706192487e+02,-8.091413696905686948e+01,-1.661505441343979816e+00
3.440000000000000280e-01,-1.494197031039136370e+01,-1.011857707509881408e+02,8.624380044059677175e+01,1.591168896416031542e+00
3.447999999999999954e-01,-1.910499325236167465e+02,-2.710092226613965636e+02,7.995929013777981709e+01,1.672741697028008012e+00
3.456000000000000183e-01,-9.041187584345478854e+02,-1.024084321475625757e+03,1.199655630410778713e+02,2.521925769208379187e+00
3.463999999999999857e-01,-1.453430499325236269e+03,-1.445270092226613997e+03,-8.160407098622272315e+00,-1.706251934207108079e-01
3.472000000000000086e-01,-1.318002699055330595e+03,-1.386582345191040758e+03,6.857964613571016343e+01,1.436459332869639782e+00
3.479999999999999760e-01,-1.084717948717948730e+03,-1.173754940711462496e+03,8.903699199351376592e+01,1.911247194815339112e+00
3.487999999999999989e-01,-1.011735492577597824e+03,-1.134967061923583742e+03,1.232315693459859176e+02,2.602758976408474201e+00
3.496000000000000218e-01,-3.713900134952766621e+02,-4.552516469038208129e+02,8.386163340854415083e+01,1.487993018612917329e+00
3.503999999999999893e-01,1.163228070175438688e+03,1.286914361001317502e+03,-1.236862908258788138e+02,-2.539042480529113632e+00
3.512000000000000122e-01,9.290796221322536894e+02,9.620237154150197512e+02,-3.294409328276606175e+01,-6.614531185585807993e-01
3.519999999999999796e-01,-9.628502024291498174e+02,-1.080664031620553260e+03,1.178138291914034426e+02,2.405006731495326733e+00
3.528000000000000025e-01,-1.910758434547908337e+03,-2.047578392621870989e+03,1.368199580739626526e+02,2.905762436048885178e+00
3.535999999999999699e-01,-1.584194331983805569e+03,-1.651773386034255509e+03,6.757905405044994041e+01,1.419394142360481226e+00
3.543999999999999928e-01,-7.697273954116059258e+02,-8.848695652173912549e+02,1.151421698057853291e+02,2.448676515818673849e+00
3.552000000000000157e-01,-6.750661268556004870e+02,-6.907615283267457471e+02,1.569540147114526007e+01,3.277094878296206715e-01
3.560000000000000386e-01,-2.618731443994602159e+02,-3.588722002635046238e+02,9.699905586404440783e+01,1.763163163892593310e+00
3.568000000000000060e-01,-2.896842105263157805e+02,-2.571805006587615026e+02,-3.250370986755427793e+01,-6.686748918064059355e-01
3.576000000000000290e-01,-6.902672064777327705e+02,-8.094861660079051262e+02,1.192189595301723557e+02,2.488397832853853409e+00
3.583999999999999964e-01,-1.313425101214574852e+03,-1.331014492753623244e+03,1.758939153904839259e+01,3.696932215550675638e-01
3.591999999999999638e-01,-1.528313090418353568e+03,-1.643088274044795753e+03,1.147751836264421854e+02,2.484923363566423848e+00
3.599999999999999867e-01,-1.436156545209176784e+03,-1.520147562582345245e+03,8.399101737316846084e+01,1.786137494458483577e+00
3.608000000000000096e-01,-1.181365721997300852e+03,-1.307826086956521749e+03,1.264603649592208967e+02,2.712934161668477895e+00
3.616000000000000325e-01,-1.285614035087719230e+03,-1.331183135704874758e+03,4.556910061715552729e+01,9.519465063476978406e-01
3.623999999999999999e-01,3.346828609986504830e+02,2.748036890645586254e+02,5.987917193409185757e+01,1.052926953170875590e+00
3.632000000000000228e-01,1.047406207827260459e+03,1.138508563899868250e+03,-9.110235607260779034e+01,-1.936312195214890064e+00
3.639999999999999902e-01,-4.853981106612685892e+01,-1.009328063241106719e+02,5.239299525798381296e+01,1.045493178781140342e+00
3.647999999999999576e-01,-1.728000000000000000e+03,-1.790819499341238497e+03,6.281949934123849744e+01,1.319592883442458620e+00
3.655999999999999805e-01,-2.018461538461538566e+03,-2.149523056653491494e+03,1.310615181919529277e+02,2.798136440394049629e+00
3.664000000000000035e-01,-1.392712550607287540e+03,-1.458845849802371504e+03,6.613329919508396415e+01,1.381900987986206086e+00
3.672000000000000264e-01,-8.453009446693657765e+02,-8.954940711462450054e+02,5.019312647687922890e+01,1.068861575802824593e+00
3.679999999999999938e-01,-8.896086369770580404e+02,-9.169960474308300036e+02,2.738741045377196315e+01,5.617040449057491003e-01
3.688000000000000167e-01,-5.140728744939270882e+02,-5.384769433465086195e+02,2.440406885258153125e+01,4.429199198655626168e-01
3.695999999999999841e-01,-4.924804318488529020e+02,-5.694229249011857519e+02,7.694249305233284986e+01,1.631931972223661376e+00
3.704000000000000070e-01,-1.122547908232118743e+03,-1.156637681159420254e+03,3.408977292730151021e+01,7.250471400179683279e-01
3.711999999999999744e-01,-1.702866396761133501e+03,-1.717881422924901244e+03,1.501502616376774313e+01,3.134836271968692856e-01
3.719999999999999973e-01,-1.688269905533063366e+03,-1.787446640316205503e+03,9.917673478314213753e+01,2.111012706410834827e+00
3.728000000000000203e-01,-1.473554655870445231e+03,-1.634571805006587510e+03,1.610171491361422795e+02,3.472660832976230516e+00
3.735999999999999877e-01,-1.365246963562753081e+03,-1.454967061923583742e+03,8.972009836083066148e+01,1.893108125284561405e+00
3.744000000000000106e-01,-1.126002699055330595e+03,-1.252089591567852494e+03,1.260868925125218993e+02,2.462150764287253324e+00
3.752000000000000335e-01,5.862780026990553779e+02,6.772700922266139969e+02,-9.099208952755861901e+01,-1.699054327915288987e+00
3.760000000000000009e-01,9.074008097165991558e+02,9.169117259552042469e+02,-9.510916238605091166e+00,-1.962882105024347790e-01
3.767999999999999683e-01,-9.573225371120107638e+02,-9.359683794466403697e+02,-2.135415766537039417e+01,-4.301644283880801667e-01
3.775999999999999912e-01,-2.058450742240215732e+03,-2.244384716732542984e+03,1.859339744923272519e+02,3.812227334218123431e+00
3.784000000000000141e-01,-2.128237516869095998e+03,-2.210403162055335997e+03,8.216564518623999902e+01,1.735265577791387459e+00
3.791999999999999815e-01,-1.201921727395411608e+03,-1.251077733860342505e+03,4.915600646493089698e+01,1.066612058030897980e+00
3.800000000000000044e-01,-9.774466936572199529e+02,-9.678418972332016210e+02,-9.604796424018331891e+00,-2.022239920780386779e-01
3.808000000000000274e-01,-1.010612685560053933e+03,-1.196521739130434753e+03,1.859090535703808200e+02,3.678968089953031484e+00
3.815999999999999948e-01,-3.208636977058029629e+02,-3.749776021080368764e+02,5.411390440223391352e+01,1.047372558846615842e+00
3.823999999999999622e-01,-8.783805668016194659e+02,-9.395942028985507477e+02,6.121363609693128183e+01,1.268192108772772553e+00
3.831999999999999851e-01,-1.506979757085020310e+03,-1.481106719367588994e+03,-2.587303771743131620e+01,-5.457941865265160120e-01
3.840000000000000080e-01,-1.801327935222672068e+03,-1.934418972332015755e+03,1.330910371093436879e+02,2.788692408853080451e+00
3.848000000000000309e-01,-1.742510121457489959e+03,-1.854229249011857746e+03,1.117191275543677875e+02,2.355361051244905468e+00
3.855999999999999983e-01,-1.567352226720647877e+03,-1.645364953886693002e+03,7.801272716604512425e+01,1.644358667988401912e+00
3.864000000000000212e-01,-1.518726045883940515e+03,-1.557923583662714009e+03,3.919753777877349421e+01,8.211201747457869127e-01
3.872000000000000441e-01,-6.831848852901484861e+02,-7.412700922266139969e+02,5.808520693646551081e+01,1.023531193613003820e+00
3.879999999999999560e-01,4.167341430499325270e+02,3.979973649538866880e+02,1.873677809604583899e+01,3.976612457721718785e-01
3.887999999999999790e-01,-1.562429149797570744e+02,-1.652700922266139685e+02,9.027177246856894044e+00,1.830239506170046326e-01
3.896000000000000019e-01,-1.767298245614035068e+03,-1.795119894598155497e+03,2.782164898412042930e+01,5.856087545477833833e-01
3.904000000000000248e-01,-2.312291497975708353e+03,-2.374239789196310994e+03,6.194829122060264126e+01,1.322895981098239693e+00
3.911999999999999922e-01,-1.931487179487179446e+03,-2.025148880105401759e+03,9.366170061822231219e+01,1.968656541446661246e+00
3.920000000000000151e-01,-1.250375168690958162e+03,-1.333291172595520493e+03,8.291600390456233072e+01,1.776266898120874460e+00
3.928000000000000380e-01,-1.258321187584345580e+03,-1.389955204216073753e+03,1.316340166317281728e+02,2.830325246711445253e+00
3.935999999999999499e-01,-8.475465587044534459e+02,-8.759314888010540017e+02,2.838493009660055577e+01,5.157234819609771703e-01
3.943999999999999728e-01,-1.039373819163292865e+03,-1.122909090909090992e+03,8.353527174579812709e+01,1.729382622355568166e+00
3.951999999999999957e-01,-1.344086369770580404e+03,-1.391051383399209499e+03,4.696501362862909446e+01,9.854271539941282798e-01
3.960000000000000187e-01,-1.862995951417004107e+03,-1.965533596837944742e+03,1.025376454209406347e+02,2.152099456505214725e+00
3.967999999999999861e-01,-2.115022941970310512e+03,-2.119504611330698481e+03,4.481669360387968482e+00,9.659128975044144194e-02
3.976000000000000090e-01,-1.843044534412955500e+03,-1.989480895915678502e+03,1.464363615027230026e+02,3.098633935124820216e+00
3.984000000000000319e-01,-1.755724696356275217e+03,-1.828005270092226510e+03,7.228057373595129320e+01,1.524704781462618453e+00
3.991999999999999993e-01,-1.744928475033738096e+03,-1.900690382081686494e+03,1.557619070479483980e+02,3.282907225325462086e+00
3.999999999999999667e-01,-3.260458839406207971e+02,-3.080263504611330632e+02,-1.801953347948773398e+01,-3.247416469089444702e-01
4.007999999999999896e-01,2.178245614035087669e+02,1.825559947299077805e+02,3.526856667360098641e+01,7.402736431350014357e-01
4.016000000000000125e-01,-1.046456140350877149e+03,-1.065233201581027743e+03,1.877706123015059347e+01,3.862900974406111021e-01
4.023999999999999799e-01,-2.251746288798920432e+03,-2.388996047430830004e+03,1.372497586319095717e+02,2.871540974435551785e+00
4.032000000000000028e-01,-2.524329284750337592e+03,-2.595920948616600981e+03,7.159166386626338863e+01,1.545331437362976290e+00
4.040000000000000258e-01,-1.800809716599190324e+03,-1.846893280632411006e+03,4.608356403322068218e+01,9.624559823521242619e-01
4.048000000000000487e-01,-1.452394062078272555e+03,-1.474951251646903756e+03,2.255718956863120184e+01,4.811474428189547181e-01
4.055999999999999606e-01,-1.414391363022941960e+03,-1.558766798418972257e+03,1.443754353960302979e+02,2.936211921361050248e+00
4.063999999999999835e-01,-1.124361673414304960e+03,-1.215578392621870989e+03,9.121671920756602958e+01,1.664704133775303685e+00
4.072000000000000064e-01,-1.104237516869095771e+03,-1.181428194993412490e+03,7.719067812431671882e+01,1.628986393251216747e+00
4.079999999999999738e-01,-1.775589743589743648e+03,-1.856505928853754995e+03,8.091618526401134659e+01,1.720426642858175148e+00
4.087999999999999967e-01,-2.180923076923077133e+03,-2.333681159420289987e+03,1.527580824972128539e+02,3.236825010454833951e+00
4.096000000000000196e-01,-2.220048582995951620e+03,-2.310745718050065989e+03,9.069713505411436927e+01,1.918920421054015613e+00
4.104000000000000425e-01,-2.017252361673414271e+03,-2.040158102766798493e+03,2.290574109338422204e+01,4.893463396126661036e-01
4.111999999999999544e-01,-1.990218623481781378e+03,-2.044289855072463752e+03,5.407123159068237328e+01,1.137362707390473959e+00
4.119999999999999774e-01,-1.233964912280701810e+03,-1.325111989459815504e+03,9.114707717911369400e+01,1.681840461267551046e+00
4.128000000000000003e-01,-4.714062078272604595e+02,-5.604005270092226283e+02,8.899431918196216884e+01,1.722699604668744389e+00
4.136000000000000232e-01,-3.672442645074224288e+02,-3.817233201581027515e+02,1.447905565068032274e+01,2.991147827281109284e-01
4.143999999999999906e-01,-1.894607287449392743e+03,-1.928179183135704761e+03,3.357189568631201837e+01,7.038418385926110687e-01
4.152000000000000135e-01,-2.642483130904183326e+03,-2.673159420289855007e+03,3.067628938567168007e+01,6.399555256883474597e-01
4.160000000000000364e-01,-2.425004048582995893e+03,-2.592042160737812992e+03,1.670381121548170995e+02,3.535947705835964516e+00
4.168000000000000038e-01,-1.827843454790823216e+03,-1.821681159420289760e+03,-6.162295370533456662e+00,-1.339491485664696668e-01
4.175999999999999712e-01,-1.666591093117408946e+03,-1.800094861660079005e+03,1.335037685426700591e+02,2.816404202336156182e+00
4.183999999999999941e-01,-1.704075573549257797e+03,-1.718724637681159493e+03,1.464906413190169587e+01,2.830220476643350302e-01
4.192000000000000171e-01,-1.078844804318488514e+03,-1.133027667984189748e+03,5.418286366570123391e+01,1.085530731092075873e+00
4.199999999999999845e-01,-1.735341430499325270e+03,-1.727409749670619249e+03,-7.931680828706021202e+00,-1.666095216049456595e-01
4.208000000000000074e-01,-2.116491228070175566e+03,-2.305264822134387487e+03,1.887735940642119203e+02,3.974358971642572680e+00
4.216000000000000303e-01,-2.450396761133603377e+03,-2.553001317523056514e+03,1.026045563894531369e+02,2.170129750184226491e+00
4.223999999999999977e-01,-2.313241565452091891e+03,-2.399451910408432013e+03,8.621034495634012274e+01,1.831996482730036346e+00
4.231999999999999651e-01,-2.151557354925776053e+03,-2.177433465085639000e+03,2.587611015986294660e+01,5.585227515327415571e-01
4.239999999999999880e-01,-2.134110661268556214e+03,-2.288484848484848499e+03,1.543741872162922846e+02,3.216551739880316951e+00
4.248000000000000109e-01,-9.955843454790823444e+02,-1.001992094861660121e+03,6.407749382577776487e+00,1.140577292149733968e-01
4.255999999999999783e-01,9.656140350877193157e+01,1.118102766798418912e+02,-1.524887317106995965e+01,-3.207667600327571145e-01
4.264000000000000012e-01,-8.267314439946019320e+02,-8.432990777338603721e+02,1.656763373925844007e+01,3.336083963043686151e-01
4.272000000000000242e-01,-2.416798920377867944e+03,-2.559662714097496519e+03,1.428637937196285748e+02,3.029911686365807100e+00
4.280000000000000471e-01,-2.868771929824561539e+03,-2.978571805006587510e+03,1.097998751820259713e+02,2.350038304624395558e+00
4.287999999999999590e-01,-2.322224021592442568e+03,-2.402487483530961981e+03,8.026346193851941280e+01,1.671531095719563487e+00
4.295999999999999819e-01,-1.735773279352226609e+03,-1.802877470355731248e+03,6.710419100350463850e+01,1.447894718217843879e+00
4.304000000000000048e-01,-1.773085020242914879e+03,-1.812911725955204247e+03,3.982670571228936751e+01,8.372380685763586294e-01
4.311999999999999722e-01,-1.341668016194332040e+03,-1.332785243741765498e+03,-8.882772452566541688e+00,-1.604044898278362274e-01
4.319999999999999951e-01,-1.367406207827260459e+03,-1.469386034255599498e+03,1.019798264283390381e+02,2.126749672449610884e+00
4.328000000000000180e-01,-1.826547908232118743e+03,-1.942176548089591506e+03,1.156286398574727627e+02,2.445297890887663694e+00
4.336000000000000409e-01,-2.335179487179487296e+03,-2.427193675889328006e+03,9.201418870984070963e+01,1.931234696573586485e+00
4.344000000000000083e-01,-2.520010796221322380e+03,-2.689011857707509989e+03,1.690010614861876093e+02,3.625007628036747143e+00
4.351999999999999758e-01,-2.323433198380566864e+03,-2.326092226613965522e+03,2.659028233398657903e+00,5.614626035021608175e-02
4.359999999999999987e-01,-2.123400809716599269e+03,-2.238988142292490011e+03,1.155873325758907413e+02,2.435773071140192592e+00
4.367999999999999661e-01,-2.072356275303643542e+03,-2.106687747035573011e+03,3.433147173192946866e+01,7.140364582301956808e-01
4.375999999999999890e-01,-6.422456140350876694e+02,-6.560210803689064960e+02,1.377546633381882657e+01,2.593973274880092550e-01
4.384000000000000119e-01,-5.332469635627530806e+02,-4.918471673254281882e+02,-4.139979623732489245e+01,-8.712718444972432641e-01
4.392000000000000348e-01,-1.773257759784075461e+03,-1.833148880105401759e+03,5.989112032132629793e+01,1.240202235365290839e+00
4.400000000000000022e-01,-2.696118758434547999e+03,-2.736147562582345017e+03,4.002880414779701823e+01,8.409298186489504445e-01
4.407999999999999696e-01,-2.746558704453441351e+03,-2.921992094861660007e+03,1.754333904082186564e+02,3.757916238704215317e+00
4.415999999999999925e-01,-2.163390013495276435e+03,-2.256105401844532480e+03,9.271538834925604533e+01,1.983084783692918851e+00
4.424000000000000155e-01,-1.934510121457489959e+03,-2.016210803689064505e+03,8.170068223157454668e+01,1.715876489926017268e+00
4.431999999999999829e-01,-1.905403508771929864e+03,-1.839304347826086996e+03,-6.609916094584286839e+01,-1.337444984613590737e+00
4.440000000000000058e-01,-1.462153846153846189e+03,-1.550081686429512501e+03,8.792784027566631266e+01,1.617133015885732217e+00
4.448000000000000287e-01,-1.659076923076923094e+03,-1.745032938076416258e+03,8.595601499949316349e+01,1.783992000384881038e+00
4.455999999999999961e-01,-2.252005398110661190e+03,-2.367662714097496519e+03,1.156573159868353287e+02,2.435433170664116798e+00
4.463999999999999635e-01,-2.691109311740890462e+03,-2.729992094861660007e+03,3.888278312076954535e+01,8.111928948819359109e-01
4.471999999999999864e-01,-2.529684210526315837e+03,-2.631083003952569015e+03,1.013987934262531780e+02,2.148899479900383103e+00
4.480000000000000093e-01,-2.377414304993252244e+03,-2.504010540184453021e+03,1.265962351912007762e+02,2.721155612147302616e+00
4.487999999999999767e-01,-2.281975708502024190e+03,-2.414123847167325494e+03,1.321481386653013033e+02,2.789853771652924586e+00
4.495999999999999996e-01,-1.455330634278002663e+03,-1.441897233201581003e+03,-1.343340107642166004e+01,-2.286995190609122652e-01
4.504000000000000226e-01,1.872755735492577514e+03,2.609159420289855007e+03,-7.364036847972774922e+02,-1.372597873489629450e+01
4.511999999999999900e-01,1.810137651821862391e+03,2.559578392621870989e+03,-7.494407408000085979e+02,-1.352800664601645764e+01
4.520000000000000129e-01,-1.431578947368421041e+03,-1.238766798418972257e+03,-1.928121489494487832e+02,-3.524147589867021590e+00
4.527999999999999803e-01,-3.218224021592442568e+03,-3.429270092226613997e+03,2.110460706341714285e+02,4.514705115439994643e+00
4.536000000000000032e-01,-2.758477732793522136e+03,-2.881517786561264984e+03,1.230400537677428474e+02,2.548755710204252178e+00
4.543999999999999706e-01,-1.285095816464237487e+03,-1.156469038208168740e+03,-1.286267782560687465e+02,-2.677724520807303055e+00
4.551999999999999935e-01,-8.790715249662617907e+02,-5.503662714097496291e+02,-3.287052535565121616e+02,-6.884120010053865535e+00
4.560000000000000164e-01,-4.619919028340081013e+02,-2.364374176548089679e+02,-2.255544851791991334e+02,-4.066740261805316337e+00
4.568000000000000393e-01,-4.354763832658569527e+02,-1.156047430830039531e+02,-3.198716401828530138e+02,-6.492685888262082372e+00
4.576000000000000068e-01,-8.103211875843454663e+02,-5.776021080368906269e+02,-2.327190795474548395e+02,-4.769514090589927591e+00
4.583999999999999742e-01,-1.670564102564102541e+03,-1.442234519104084256e+03,-2.283295834600182843e+02,-4.712076019110847724e+00
4.591999999999999971e-01,-2.113986504723347025e+03,-2.091931488801054002e+03,-2.205501592229302332e+01,-4.734153729294918178e-01
4.599999999999999645e-01,-1.978990553306342690e+03,-1.873032938076416258e+03,-1.059576152299264322e+02,-2.232433247905108331e+00
4.607999999999999874e-01,-1.532458839406207744e+03,-1.450413702239789245e+03,-8.204513716641849896e+01,-1.749864751553694475e+00
4.616000000000000103e-01,-1.616151147098515594e+03,-1.431019762845849755e+03,-1.851313842526658391e+02,-3.841364439991666657e+00
4.624000000000000332e-01,3.569058029689608702e+03,5.254661396574440005e+03,-1.685603366884831303e+03,-1.387843996478064312e+01
4.632000000000000006e-01,7.190369770580296972e+03,1.011343346508563809e+04,-2.923063694505341118e+03,-3.133529547892279155e+01
4.640000000000000235e-01,4.092026990553306405e+03,6.035899868247694030e+03,-1.943872877694387626e+03,-2.048271978579294839e+01
4.647999999999999909e-01,-1.852199730094466986e+03,-1.618803689064558739e+03,-2.333960410299082469e+02,-4.147418526667817851e+00
4.656000000000000139e-01,-3.115098515519568082e+03,-3.349839262187088480e+03,2.347407466675203978e+02,4.848767256037809226e+00
4.663999999999999813e-01,-9.307206477732793246e+02,-4.840895915678524375e+02,-4.466310562054268871e+02,-7.681038660532666817e+00
4.672000000000000042e-01,1.447039136302294310e+03,2.578635046113306998e+03,-1.131595909811012689e+03,-1.963724159541279590e+01
4.680000000000000271e-01,1.534013495276653202e+03,2.831177865612648020e+03,-1.297164370335994818e+03,-2.192130664714993316e+01
4.687999999999999945e-01,1.866105263157894797e+03,3.089707509881422993e+03,-1.223602246723528197e+03,-1.907359397696017567e+01
4.696000000000000174e-01,1.995659919028340028e+03,3.197386034255599498e+03,-1.201726115227259470e+03,-2.082676981291789176e+01
4.703999999999999848e-01,9.612091767881241822e+02,2.064105401844532480e+03,-1.102896225056408184e+03,-1.976423288593816352e+01
4.712000000000000077e-01,-4.192388663967611251e+02,3.528010540184453134e+02,-7.720399204152064385e+02,-1.473084554637484267e+01
4.719999999999999751e-01,-7.475303643724696485e+02,-1.575125164690382178e+02,-5.900178479034314023e+02,-1.205216755940312900e+01
4.727999999999999980e-01,-2.075465587044534459e+02,4.270039525691699396e+02,-6.345505112736234423e+02,-1.254752228740537312e+01
4.736000000000000210e-01,1.494197031039136334e+02,9.723109354413702476e+02,-8.228912323374565858e+02,-1.570409385073656594e+01
4.743999999999999884e-01,3.895276653171389967e+02,1.283963109354413746e+03,-8.944354440372746922e+02,-1.506107884488796600e+01
4.752000000000000113e-01,6.512367071524966377e+03,1.092477470355731202e+04,-4.412407632032345646e+03,-3.241689026874157520e+01
4.759999999999999787e-01,8.330537112010795681e+03,1.336697760210803608e+04,-5.036440490097240399e+03,-3.624496461728015362e+01
4.768000000000000016e-01,3.394936572199730108e+03,5.958239789196310994e+03,-2.563303216996580886e+03,-2.444938279087647715e+01
4.775999999999999690e-01,-1.217468286099865054e+03,-8.958313570487483730e+02,-3.216369290511166810e+02,-6.003429105186484094e+00
4.784000000000000474e-01,-1.641889338731444013e+03,-1.218613965744400502e+03,-4.232753729870435109e+02,-8.137275612693223081e+00
4.792000000000000148e-01,1.108556005398110756e+03,2.741038208168642996e+03,-1.632482202770532240e+03,-2.374068433056987004e+01
4.799999999999999822e-01,2.622272604588394188e+03,5.068057971014492978e+03,-2.445785366426098790e+03,-3.194028146518451905e+01
4.808000000000000052e-01,2.445128205128205082e+03,4.726977602108036990e+03,-2.281849396979831909e+03,-2.969687228248261945e+01
4.815999999999999726e-01,3.136690958164642325e+03,5.498940711462450963e+03,-2.362249753297808638e+03,-3.065600930528423618e+01
4.824000000000000510e-01,2.618817813765182109e+03,4.885754940711462041e+03,-2.266937126946279932e+03,-2.980564812176029221e+01
4.831999999999999629e-01,1.435724696356275217e+03,3.444194993412384520e+03,-2.008470297056109303e+03,-2.893182092595515797e+01
4.840000000000000413e-01,2.914979757085019969e+02,1.721760210803689006e+03,-1.430262235095186952e+03,-2.359591519255575065e+01
4.848000000000000087e-01,2.103967611336032348e+02,1.608094861660079005e+03,-1.397698100526475855e+03,-2.404556152067571517e+01
4.855999999999999761e-01,8.014251012145748518e+02,2.335451910408432013e+03,-1.534026809193857162e+03,-2.515839676721606111e+01
4.863999999999999990e-01,9.333117408906882702e+02,2.610677206851119990e+03,-1.677365465960431720e+03,-2.674398238428569385e+01
4.871999999999999664e-01,7.948696356275303515e+03,9.680527009222661945e+03,-1.731830652947358431e+03,-8.205393919695541882e+00
4.880000000000000449e-01,2.416237516869095998e+04,2.594006851119894418e+04,-1.777693342507984198e+03,-2.344340175777960056e+01
4.887999999999999567e-01,2.116223481781376540e+04,2.289083530961791985e+04,-1.728600491804154444e+03,-1.274750849792564367e+01
4.896000000000000352e-01,4.018180836707152594e+03,5.483172595520421964e+03,-1.464991758813269371e+03,-1.178248575793963404e+01
4.904000000000000026e-01,-2.575028340080971702e+03,-1.327810276679841991e+03,-1.247218063401129712e+03,-2.162838817614638742e+01
4.911999999999999700e-01,7.388070175438596152e+02,1.973038208168642996e+03,-1.234231190624783267e+03,-1.533824594100745387e+01
4.919999999999999929e-01,8.381236167341430701e+03,9.680274044795783993e+03,-1.299037877454353293e+03,-1.883473289010121832e+01
4.927999999999999603e-01,1.002588933873144379e+04,1.129570487483530997e+04,-1.269815536103866179e+03,-2.190017349664783453e+01
4.936000000000000387e-01,1.010241295546558649e+04,1.130801581027667999e+04,-1.205602854811093493e+03,-1.866205933088766500e+01
4.944000000000000061e-01,1.005180026990553233e+04,1.123187351778656193e+04,-1.180073247881029602e+03,-2.015070897525482252e+01
4.952000000000000290e-01,9.018731443994602159e+03,1.025146772068511200e+04,-1.232736276690509840e+03,-2.078775870491140765e+01
4.959999999999999964e-01,5.935157894736842536e+03,6.967399209486166001e+03,-1.032241314749323465e+03,-1.710360015587028570e+01
4.967999999999999639e-01,3.854941970310391298e+03,4.896295125164690035e+03,-1.041353154854298737e+03,-1.986935653442331429e+01
4.975999999999999868e-01,4.694110661268556214e+03,5.601222661396574040e+03,-9.071120001280178258e+02,-1.657883112648628554e+01
4.983999999999999542e-01,5.846456140350876922e+03,6.828690382081686039e+03,-9.822342417308091171e+02,-1.885281813442321663e+01
4.992000000000000326e-01,5.846110661268556214e+03,6.772616600790513985e+03,-9.265059395219577709e+02,-1.762304779179003233e+01
5.000000000000000000e-01,1.959393252361673512e+04,2.063127272727272793e+04,-1.037340203655992809e+03,-5.703453094196784257e+00
5.008000000000000229e-01,2.688855060728744866e+04,2.782001581027667999e+04,-9.314652029892313294e+02,-1.469983367182604361e+01
5.016000000000000458e-01,1.757020242914979826e+04,1.846572859025032812e+04,-8.955261611005298619e+02,-6.368873141253081016e+00
5.024000000000000687e-01,4.074753036437246919e+03,4.814671936758893025e+03,-7.399189003216461060e+02,-1.013160729379148428e+01
5.031999999999999806e-01,1.386925775978407501e+03,2.227857707509881493e+03,-8.409319315314739924e+02,-1.549528723015882115e+01
5.040000000000000036e-01,7.172750337381916324e+03,7.933048748353096016e+03,-7.602984109711796918e+02,-9.729955385277694546e+00
5.048000000000000265e-01,1.237074224021592454e+04,1.314453754940711406e+04,-7.737953091911895172e+02,-1.451170618593766015e+01
5.055999999999999384e-01,1.235027260458839373e+04,1.300313043478260806e+04,-6.528578301942143298e+02,-1.230376449788494142e+01
5.064000000000000723e-01,1.229931443994601977e+04,1.298145981554677201e+04,-6.821453756007522315e+02,-1.169143713063322387e+01
5.071999999999999842e-01,1.238620242914979826e+04,1.304571277997364996e+04,-6.595103508238516952e+02,-1.265730747033574843e+01
5.080000000000000071e-01,1.028681241565452001e+04,1.089264822134387396e+04,-6.058358056893539469e+02,-1.102818571911422829e+01
5.088000000000000300e-01,7.220944669365721893e+03,7.715330698287220002e+03,-4.943860289214981094e+02,-9.276980923293224990e+00
5.095999999999999419e-01,6.242807017543859729e+03,6.841675889328063022e+03,-5.988688717842032929e+02,-1.221572237583955811e+01
5.103999999999999648e-01,7.364145748987853949e+03,7.971415019762845986e+03,-6.072692707749920373e+02,-1.231404346651434167e+01
5.111999999999999877e-01,8.007514170040485624e+03,8.499773386034255964e+03,-4.922592159937703400e+02,-9.919031523661081096e+00
5.120000000000000107e-01,1.034709851551956854e+04,1.083277997364953808e+04,-4.856814581299695419e+02,-3.749651041950842867e+00
5.128000000000000336e-01,2.917657219973009342e+04,2.909242687747035598e+04,8.414532225973744062e+01,1.201435100712975546e+00
5.136000000000000565e-01,2.989611875843454618e+04,2.991169433465085604e+04,-1.557557621630985523e+01,-2.033386649186968986e-01
5.143999999999999684e-01,1.383047773279352259e+04,1.398564426877470396e+04,-1.551665359811813687e+02,-1.092051611757619334e+00
5.151999999999999913e-01,3.540728744939271110e+03,4.014461133069828520e+03,-4.737323881305574105e+02,-8.516455803750229592e+00
5.160000000000000142e-01,4.450547908232118971e+03,4.831451910408432013e+03,-3.809040021763130426e+02,-5.729079395443370970e+00
5.167999999999999261e-01,1.225958434547908291e+04,1.252502766798418997e+04,-2.654433225051070622e+02,-3.691706186903788822e+00
5.176000000000000600e-01,1.540551686909581622e+04,1.548892753623188401e+04,-8.341066713606778649e+01,-1.709130134496140485e+00
5.183999999999999719e-01,1.466455060728744866e+04,1.490500131752305606e+04,-2.404507102356074029e+02,-4.579837758757515864e+00
5.191999999999999948e-01,1.529746828609986551e+04,1.535308563899868204e+04,-5.561735289881653443e+01,-1.083237189509582477e+00
5.200000000000000178e-01,1.424911201079622151e+04,1.433920421607378194e+04,-9.009220527756042429e+01,-1.768559493430740259e+00
5.207999999999999297e-01,1.127790553306342736e+04,1.128971805006587601e+04,-1.181251700244865788e+01,-2.090431677477838646e-01
5.216000000000000636e-01,8.335373819163292865e+03,8.512000000000000000e+03,-1.766261808367071353e+02,-3.646388669124651649e+00
5.223999999999999755e-01,8.428134952766531569e+03,8.506687747035573921e+03,-7.855279426904235152e+01,-1.630027215867629220e+00
5.231999999999999984e-01,9.688960863697706372e+03,9.816621870882740041e+03,-1.276610071850336681e+02,-2.650347477614543923e+00
5.240000000000000213e-01,9.755206477732794156e+03,9.848411067193675990e+03,-9.320458946088183438e+01,-1.891831535041194279e+00
5.248000000000000442e-01,1.786878272604588346e+04,1.815669038208168786e+04,-2.879076560358043935e+02,-1.497465562691950858e+00
5.255999999999999561e-01,2.969971390013495329e+04,2.980781027667984017e+04,-1.080963765448868799e+02,-2.016888012666980590e+00
5.263999999999999790e-01,2.486084750337381774e+04,2.490797364953886790e+04,-4.712614616505015874e+01,-3.818131846299267496e-01
5.272000000000000020e-01,9.674623481781376540e+03,9.674961791831357914e+03,-3.383100499813735951e-01,-3.525817375301643596e-03
5.279999999999999138e-01,4.581570850202429028e+03,4.594086956521739012e+03,-1.251610631930998352e+01,-2.572585560290121531e-01
5.288000000000000478e-01,8.268091767881242049e+03,8.294366271409749970e+03,-2.627450352850792115e+01,-3.614808698539085374e-01
5.295999999999999597e-01,1.446270445344129621e+04,1.452412121212121201e+04,-6.141675867991580162e+01,-1.123841246399627236e+00
5.303999999999999826e-01,1.513941160593792119e+04,1.521808695652173992e+04,-7.867535058381872659e+01,-1.609205783173910387e+00
5.312000000000000055e-01,1.499154655870445276e+04,1.502203952569169996e+04,-3.049296698724720045e+01,-5.435421064140983916e-01
5.320000000000000284e-01,1.488833468286099924e+04,1.494244005270092202e+04,-5.410536983992278692e+01,-1.115126958865324980e+00
5.328000000000000513e-01,1.341624831309041838e+04,1.337954150197628405e+04,3.670681111413432518e+01,6.971534953499366472e-01
5.335999999999999632e-01,1.029778137651821817e+04,1.020981291172595593e+04,8.796846479226223892e+01,1.641144306490482485e+00
5.343999999999999861e-01,8.428221322537112428e+03,8.386529644268774064e+03,4.169167826833836443e+01,8.722900200387531111e-01
5.352000000000000091e-01,9.193716599190283887e+03,9.241549407114624046e+03,-4.783280792434015893e+01,-9.782626810987032906e-01
5.360000000000000320e-01,1.005240485829959471e+04,1.001216337285902591e+04,4.024148544056879473e+01,8.399543065816379439e-01
5.367999999999999439e-01,9.848744939271255134e+03,9.843857707509881948e+03,4.887231761373186600e+00,9.592451440910951255e-02
5.376000000000000778e-01,2.740478272604588346e+04,2.727479314888010413e+04,1.299895771657793375e+02,8.670689673951035292e-01
5.383999999999999897e-01,3.188270985155195740e+04,3.195767061923583606e+04,-7.496076768387865741e+01,-2.594564039414174239e+00
5.392000000000000126e-01,2.046289878542510269e+04,2.048919104084321589e+04,-2.629225541811319999e+01,-1.691643723916020359e-01
5.400000000000000355e-01,6.530418353576248592e+03,6.516363636363636033e+03,1.405471721261255880e+01,2.132039374436432433e-01
5.407999999999999474e-01,4.855449392712550434e+03,4.647546772068511018e+03,2.079026206440394162e+02,3.726546572672480906e+00
5.416000000000000814e-01,1.176529014844804260e+04,1.166461133069828793e+04,1.006788177497546712e+02,1.249512061198625901e+00
5.423999999999999932e-01,1.668232118758434444e+04,1.667802898550724785e+04,4.292202077096590074e+00,8.781142423383675455e-02
5.432000000000000162e-01,1.629961673414305005e+04,1.635566798418972394e+04,-5.605125004667388566e+01,-1.128553847419539791e+00
5.440000000000000391e-01,1.639557354925775871e+04,1.623955731225296404e+04,1.560162370047946752e+02,2.824309423989227241e+00
5.447999999999999510e-01,1.602798380566801643e+04,1.599755467720685192e+04,3.042912846116450964e+01,6.084704600201380487e-01
5.455999999999999739e-01,1.343153576248313038e+04,1.333645322793148807e+04,9.508253455164231127e+01,1.752858897282409956e+00
5.463999999999999968e-01,9.944788124156544654e+03,9.865528326745718005e+03,7.925979741082664987e+01,1.517539539887055478e+00
5.472000000000000197e-01,9.266871794871794918e+03,9.105201581027667999e+03,1.616702138441269199e+02,3.399467721923504104e+00
5.479999999999999316e-01,1.041653981106612628e+04,1.032044268774703596e+04,9.609712331909031491e+01,1.975481475414263333e+00
5.488000000000000655e-01,1.092517139001349460e+04,1.081836100131752391e+04,1.068103886959706870e+02,2.173582652953970573e+00
5.495999999999999774e-01,1.447315519568151103e+04,1.443296969696969609e+04,4.018549871181494382e+01,2.649781053254302576e-01
5.504000000000000004e-01,2.952222402159244302e+04,2.965704347826086814e+04,-1.348194566684251186e+02,-2.327285785318669920e+00
5.512000000000000233e-01,2.861205937921727309e+04,2.867722793148880010e+04,-6.516855227152700536e+01,-7.005473832384487842e-01
5.519999999999999352e-01,1.366732523616734215e+04,1.357297496706192396e+04,9.435026910541819234e+01,7.601962348758301014e-01
5.528000000000000691e-01,5.649187584345479081e+03,5.498856389986824979e+03,1.503311943586541020e+02,2.902585342048576766e+00
5.535999999999999810e-01,7.304896086369770273e+03,7.195320158102766982e+03,1.095759282670032917e+02,1.648826899532109369e+00
5.544000000000000039e-01,1.406315789473684163e+04,1.393024505928853796e+04,1.329128354483036674e+02,2.096315580958364677e+00
5.552000000000000268e-01,1.588936032388663989e+04,1.588920158102766800e+04,1.587428589718911098e-01,3.267776573971521367e-03
5.559999999999999387e-01,1.557609716599190324e+04,1.549558893280632401e+04,8.050823318557922903e+01,1.470965527454797694e+00
5.567999999999999616e-01,1.548014035087719276e+04,1.554466403162055394e+04,-6.452368074336118298e+01,-1.307597445536024638e+00
5.575999999999999845e-01,1.450105263157894660e+04,1.436728326745718005e+04,1.337693641217665572e+02,2.613258823331773506e+00
5.584000000000000075e-01,1.143768960863697794e+04,1.138398945981554607e+04,5.370014882143186696e+01,9.805532892028436809e-01
5.592000000000000304e-01,9.029873144399460216e+03,8.925175230566534083e+03,1.046979138329261332e+02,2.156006313578776368e+00
5.600000000000000533e-01,9.246315789473685072e+03,9.183536231884057997e+03,6.277955758962707478e+01,1.273894590374877955e+00
5.607999999999999652e-01,1.036169500674763913e+04,1.015550988142292408e+04,2.061851253247150453e+02,4.309891707179631659e+00
5.616000000000000991e-01,1.007123346828610011e+04,9.958450592885375954e+03,1.127828754007241514e+02,2.326912528652135492e+00
5.624000000000000110e-01,2.230162483130904002e+04,2.218135441370223998e+04,1.202704176068000379e+02,5.370664970471105137e-01
5.631999999999999229e-01,3.151252901484480390e+04,3.146160737812911611e+04,5.092163671568778227e+01,1.331983478428488521e+00
5.640000000000000568e-01,2.467204318488528952e+04,2.436595520421607216e+04,3.060879806692173588e+02,2.154972658629435767e+00
5.647999999999999687e-01,8.686466936572200211e+03,8.529454545454545951e+03,1.570123911176542606e+02,1.796350150255823896e+00
5.655999999999999917e-01,4.574661268556005780e+03,4.414482213438735016e+03,1.601790551172707637e+02,3.221561935089408912e+00
5.664000000000000146e-01,9.737068825910931992e+03,9.595699604743083910e+03,1.413692211678480817e+02,1.787327613778851410e+00
5.672000000000000375e-01,1.601554655870445276e+04,1.576018972332015801e+04,2.553568353842947545e+02,4.833208608401380779e+00
5.679999999999999494e-01,1.618258569500674821e+04,1.598853227931488800e+04,1.940534156918602093e+02,3.938175021806612275e+00
5.687999999999999723e-01,1.599991363022941914e+04,1.577992094861660007e+04,2.199926816128190694e+02,3.950833737188916839e+00
5.695999999999999952e-01,1.598756275303643815e+04,1.574214492753623199e+04,2.454178255002061633e+02,5.034918596675474589e+00
5.704000000000000181e-01,1.395269095816464323e+04,1.371025032938076401e+04,2.424406287838792196e+02,4.608166500156813505e+00
5.712000000000000410e-01,1.039140620782726000e+04,1.021284848484848408e+04,1.785577229787759279e+02,3.303343069747332272e+00
5.719999999999999529e-01,8.943244264507422486e+03,8.686039525691699964e+03,2.572047388157225214e+02,5.390915824304700621e+00
5.728000000000000869e-01,9.859800269905532332e+03,9.519894598155467975e+03,3.399056717500643572e+02,7.050599659798601593e+00
5.735999999999999988e-01,1.059955735492577514e+04,1.039489855072463797e+04,2.046588042011371726e+02,4.268030500516236003e+00
5.743999999999999106e-01,1.088000000000000000e+04,1.068707246376811599e+04,1.929275362318840052e+02,2.787103485801920577e+00
5.752000000000000446e-01,2.682472334682861037e+04,2.688607114624505994e+04,-6.134779941644956125e+01,-6.650830001005403336e-01
5.759999999999999565e-01,2.966110661268555850e+04,2.964237154150197603e+04,1.873507118358247681e+01,3.116612063457773196e-01
5.767999999999999794e-01,1.692424291497975719e+04,1.683393939393939218e+04,9.030352104036501260e+01,6.730269834332938128e-01
5.776000000000000023e-01,6.250753036437246919e+03,5.994076416337285991e+03,2.566766200999609282e+02,4.278157230270967837e+00
5.784000000000000252e-01,5.677257759784075461e+03,5.444722002635046010e+03,2.325357571490294504e+02,4.061728937255910665e+00
5.792000000000000481e-01,1.199373819163292865e+04,1.177422924901185797e+04,2.195089426210706733e+02,3.180418388487887604e+00
5.799999999999999600e-01,1.525048313090418378e+04,1.517828722002635004e+04,7.219591087783373951e+01,1.505031030185963292e+00
5.807999999999999829e-01,1.461540620782726000e+04,1.440683003952569197e+04,2.085761683015680319e+02,3.990196489183365003e+00
5.816000000000000059e-01,1.507627530364372433e+04,1.494783662714097409e+04,1.284386765027502406e+02,2.465452239775425269e+00
5.824000000000000288e-01,1.419789473684210498e+04,1.406507509881422993e+04,1.328196380278750439e+02,2.637241228489192402e+00
5.831999999999999407e-01,1.159065047233468249e+04,1.149925691699604795e+04,9.139355533863454184e+01,1.667081285171954752e+00
5.840000000000000746e-01,8.810493927125506161e+03,8.619678524374176050e+03,1.908154027513301116e+02,3.788893487384357606e+00
5.847999999999999865e-01,8.406456140350877831e+03,8.224716732542819955e+03,1.817394078080578765e+02,3.749195213273422755e+00
5.855999999999998984e-01,9.431319838056680965e+03,9.211362318840579974e+03,2.199575192161009909e+02,4.652350461451555397e+00
5.864000000000000323e-01,9.527103913630229727e+03,9.353949934123847925e+03,1.731539795063818019e+02,3.556521947046235255e+00
5.871999999999999442e-01,1.573743589743589655e+04,1.570841633728590205e+04,2.901956014999450417e+01,1.455352660665084619e-01
5.880000000000000782e-01,3.122828609986504671e+04,3.117584189723320014e+04,5.244420263184656505e+01,1.286166718774236051e+00
5.887999999999999901e-01,2.834914979757085166e+04,2.816623978919631190e+04,1.829100083745397569e+02,1.645858734159356906e+00
5.896000000000000130e-01,1.135080161943319763e+04,1.111896706192358397e+04,2.318345575096136599e+02,1.871498502189038238e+00
5.904000000000000359e-01,4.005743589743589837e+03,3.822882740447957985e+03,1.828608492956318514e+02,3.552304867469587624e+00
5.912000000000000588e-01,6.909581646423751408e+03,6.721264822134387032e+03,1.883168242893643765e+02,2.549617683639023191e+00
5.919999999999999707e-01,1.440993252361673331e+04,1.423489855072463797e+04,1.750339728920953348e+02,2.914972325334177494e+00
5.927999999999999936e-01,1.587346828609986551e+04,1.567257971014492796e+04,2.008885759549375507e+02,4.228187473712354816e+00
5.936000000000000165e-01,1.563111470985155211e+04,1.540873781291172600e+04,2.223768969398261106e+02,4.031218332488611722e+00
5.943999999999999284e-01,1.539644804318488605e+04,1.515467720685111999e+04,2.417708363337660558e+02,4.843082705147408795e+00
5.952000000000000624e-01,1.413683130904183599e+04,1.395975757575757598e+04,1.770737332842600154e+02,3.320974270245317772e+00
5.959999999999999742e-01,1.070466936572199666e+04,1.052728326745718005e+04,1.773860982648166100e+02,3.167798947370993545e+00
5.967999999999999972e-01,8.296593792172739995e+03,8.136600790513833999e+03,1.599930016589059960e+02,3.301436588508067871e+00
5.976000000000000201e-01,8.906623481781376540e+03,8.579710144927536021e+03,3.269133368538405193e+02,6.552328190304965716e+00
5.983999999999999320e-01,9.796145748987853949e+03,9.641486166007905922e+03,1.546595829799480271e+02,3.213490591648172412e+00
5.992000000000000659e-01,9.603368421052631675e+03,9.381438735177865965e+03,2.219296858747657097e+02,4.619040430138884545e+00
5.999999999999999778e-01,2.285741430499325361e+04,2.261493544137022400e+04,2.424788636230296106e+02,1.350987586429829745e+00
6.008000000000000007e-01,3.010634278002698920e+04,2.968124374176548008e+04,4.250990382615091221e+02,7.987360498024215438e+00
6.016000000000000236e-01,2.099251821862348152e+04,2.056491172595520402e+04,4.276064926682774967e+02,3.080893373298665416e+00
6.024000000000000465e-01,7.152194331983805569e+03,6.887462450592885034e+03,2.647318813909205346e+02,3.616576281485820665e+00
6.031999999999999584e-01,4.189883940620782596e+03,4.095662714097496519e+03,9.422122652328607728e+01,1.872834530699400757e+00
6.039999999999999813e-01,9.650439946018894261e+03,9.375198945981554061e+03,2.752410000373401999e+02,3.693249516849335112e+00
6.048000000000000043e-01,1.468242914979757006e+04,1.434569696969696997e+04,3.367321801006000896e+02,6.676358151507609584e+00
6.055999999999999162e-01,1.460417813765182109e+04,1.414332542819499395e+04,4.608527094568271423e+02,9.104387527095870070e+00
6.064000000000000501e-01,1.441407827260458907e+04,1.413253227931488800e+04,2.815459932897010731e+02,5.068578553113710861e+00
6.071999999999999620e-01,1.427778677462887936e+04,1.393311198945981596e+04,3.446747851690633979e+02,6.969593155908214044e+00
6.080000000000000959e-01,1.203942780026990476e+04,1.165364953886693002e+04,3.857782614029747492e+02,7.326115938658818827e+00
6.088000000000000078e-01,8.802720647773279779e+03,8.429955204216073980e+03,3.727654435572057992e+02,7.108117104949895904e+00
6.095999999999999197e-01,7.690796221322537349e+03,7.429227931488801005e+03,2.615682898337363440e+02,5.464374452362277701e+00
6.104000000000000536e-01,8.630153846153845734e+03,8.354656126482213949e+03,2.754977196716317849e+02,5.829664982588317557e+00
6.111999999999999655e-01,9.070553306342779251e+03,8.690255599472990070e+03,3.802977068697891809e+02,7.774687415216339659e+00
6.119999999999999885e-01,1.104056140350877104e+04,1.073665349143610001e+04,3.039079120726710244e+02,2.502623007118466081e+00
6.128000000000000114e-01,2.884163022941970485e+04,2.850934387351778787e+04,3.322863559019169770e+02,4.663134190302792526e+00
6.136000000000000343e-01,2.963657759784075461e+04,2.941681159420289987e+04,2.197660036378547375e+02,2.796732008334310571e+00
6.143999999999999462e-01,1.407032658569500745e+04,1.369743346508563809e+04,3.728931206093693618e+02,2.696050746630594297e+00
6.151999999999999691e-01,4.137025641025640653e+03,3.848347826086956502e+03,2.886778149386841505e+02,5.214415582851010811e+00
6.159999999999999920e-01,4.818224021592443023e+03,4.467689064558629980e+03,3.505349570338130434e+02,5.462370386013605916e+00
6.168000000000000149e-01,1.205195141700404929e+04,1.183114624505928805e+04,2.208051719447612413e+02,3.163390546189388530e+00
6.176000000000000378e-01,1.488038866396761114e+04,1.451830303030303003e+04,3.620856336645811098e+02,7.404352542131331205e+00
6.183999999999999497e-01,1.413942240215924357e+04,1.389744400527009202e+04,2.419783968891515542e+02,4.603426179156940634e+00
6.192000000000000837e-01,1.466265047233468249e+04,1.435277997364953808e+04,3.098704986851444119e+02,5.966243587699224804e+00
6.199999999999999956e-01,1.351194601889338810e+04,1.323391831357048795e+04,2.780277053229001467e+02,5.476545191878243735e+00
6.207999999999999075e-01,1.056267746288798844e+04,1.015787088274044800e+04,4.048065801475404442e+02,7.168301099697489853e+00
6.216000000000000414e-01,7.682418353576248592e+03,7.360674571805006963e+03,3.217437817712416290e+02,6.532728673805081598e+00
6.223999999999999533e-01,7.593025641025640653e+03,7.272642951251646991e+03,3.203826897739936612e+02,6.494125032561102628e+00
6.231999999999999762e-01,8.666860998650472538e+03,8.438471673254281995e+03,2.283893253961905430e+02,4.821342203181820274e+00
6.239999999999999991e-01,8.667897435897435571e+03,8.348416337285902046e+03,3.194810986115335254e+02,6.484725522880245840e+00
6.248000000000000220e-01,1.637190823211875795e+04,1.624562845849802397e+04,1.262797736207339767e+02,6.827784614631892124e-01
6.256000000000000449e-01,2.782937651821862528e+04,2.786993412384716794e+04,-4.055760562854266027e+01,-7.009274505288776158e-01
6.264000000000000679e-01,2.295207557354925666e+04,2.295095652173913186e+04,1.119051810124801705e+00,9.179379073125111532e-03
6.271999999999999797e-01,8.240021592442644760e+03,8.022682476943346956e+03,2.173391154992978045e+02,2.321338872758380134e+00
6.280000000000000027e-01,3.254758434547908109e+03,2.938687747035573011e+03,3.160706875123350983e+02,6.327258464428308748e+00
6.288000000000000256e-01,6.774067476383265785e+03,6.378329380764163034e+03,3.957380956191027508e+02,5.578785839913090072e+00
6.295999999999999375e-01,1.251964372469635600e+04,1.230022661396574404e+04,2.194171107306119666e+02,4.049333589362594132e+00
6.304000000000000714e-01,1.310402159244264476e+04,1.298550724637681196e+04,1.185143460658327967e+02,2.440521885136832658e+00
6.311999999999999833e-01,1.292134952766531751e+04,1.283895652173913004e+04,8.239300592618747032e+01,1.475074199064502434e+00
6.320000000000000062e-01,1.279879082321187525e+04,1.259433992094861605e+04,2.044509022632591950e+02,4.147543321149931295e+00
6.328000000000000291e-01,1.123480701754385882e+04,1.101322793148880191e+04,2.215790860550569050e+02,4.193299466201414916e+00
6.335999999999999410e-01,8.129381916329284650e+03,7.939457180500658978e+03,1.899247358286256713e+02,3.576325854012997407e+00
6.343999999999999639e-01,6.369770580296895787e+03,6.074013175230566958e+03,2.957574050663288290e+02,6.238397578659677478e+00
6.351999999999999869e-01,7.024194331983805569e+03,6.815620553359683981e+03,2.085737786241215872e+02,4.290959417561485800e+00
6.360000000000000098e-01,7.699605937921727673e+03,7.460426877470355976e+03,2.391790604513716971e+02,4.985411568909623448e+00
6.368000000000000327e-01,7.409662618083671077e+03,7.233011857707509989e+03,1.766507603761610881e+02,3.499921073705026142e+00
6.376000000000000556e-01,2.474122537112010832e+04,2.451764953886693183e+04,2.235758322531764861e+02,1.380273540475956739e+00
6.383999999999999675e-01,3.035146018893387372e+04,3.013683267457180409e+04,2.146275143620696326e+02,4.132044225660192360e+00
6.391999999999999904e-01,1.810560863697705645e+04,1.776063241106719215e+04,3.449762259098642971e+02,2.241670639133297005e+00
6.400000000000000133e-01,4.168550607287449566e+03,3.945907773386034478e+03,2.226428339014150879e+02,3.331417965757693000e+00
6.407999999999999252e-01,2.369122807017543892e+03,1.990492753623188491e+03,3.786300533943554001e+02,6.886948242796229636e+00
6.416000000000000592e-01,8.954299595141699683e+03,8.689328063241106065e+03,2.649715319005936180e+02,3.366101632025401802e+00
6.423999999999999710e-01,1.382037246963562757e+04,1.356631357048748396e+04,2.540588991481436096e+02,5.152607197437328423e+00
6.431999999999999940e-01,1.349743589743589655e+04,1.331748089591567805e+04,1.799550015202185023e+02,3.598690232214838414e+00
6.440000000000000169e-01,1.358406477732793610e+04,1.320330961791831396e+04,3.807551594096221379e+02,6.848560607245525844e+00
6.447999999999999288e-01,1.317501754385964887e+04,1.289148880105401804e+04,2.835287428056308272e+02,5.584963150819396205e+00
6.456000000000000627e-01,1.056138191632928465e+04,1.020466930171278000e+04,3.567126146165046521e+02,6.524118237172040757e+00
6.463999999999999746e-01,7.106072874493926975e+03,6.816210803689064960e+03,2.898620708048620145e+02,5.592832890865829576e+00
6.471999999999999975e-01,6.342736842105263349e+03,6.003098814229249001e+03,3.396380278760143483e+02,7.198441128159129399e+00
6.480000000000000204e-01,7.407244264507422486e+03,7.152400527009222969e+03,2.548437374981995163e+02,5.287337998024080221e+00
6.488000000000000433e-01,7.878045883940621025e+03,7.541206851119894964e+03,3.368390328207260609e+02,6.949874807659123022e+00
6.495999999999999552e-01,1.135658839406207881e+04,1.106980764163372805e+04,2.867807524283507519e+02,1.896352018996103173e+00
6.503999999999999782e-01,2.725743589743589837e+04,2.654406324110671994e+04,7.133726563291784259e+02,1.080836168602323077e+01
6.512000000000000011e-01,2.659135222672064629e+04,2.583407641633728417e+04,7.572758103833621135e+02,7.456553322231313174e+00
6.519999999999999130e-01,1.092940350877192941e+04,1.044043214756258203e+04,4.889713612093473785e+02,3.885878469255264811e+00
6.528000000000000469e-01,2.579433198380566864e+03,2.231061923583662519e+03,3.483712747969043448e+02,6.573954378428400247e+00
6.535999999999999588e-01,4.144626180836707135e+03,3.823220026350461012e+03,3.214061544862461233e+02,4.849062120883774973e+00
6.543999999999999817e-01,1.097319298245614118e+04,1.045856126482213404e+04,5.146317176340071455e+02,8.005029045935627252e+00
6.552000000000000046e-01,1.292774089068825924e+04,1.246718313570487408e+04,4.605577549833851663e+02,9.124805081398518425e+00
6.560000000000000275e-01,1.261827800269905492e+04,1.211176811594202809e+04,5.065098867570268339e+02,9.073531632196504049e+00
6.568000000000000504e-01,1.255790553306342736e+04,1.214423188405797191e+04,4.136736490054554451e+02,8.075302462867771425e+00
6.575999999999999623e-01,1.148415654520917633e+04,1.085841370223978993e+04,6.257428429693864018e+02,1.175438690692811861e+01
6.583999999999999853e-01,8.366466936572200211e+03,7.912474308300395023e+03,4.539926282718051880e+02,8.262446109672058725e+00
6.592000000000000082e-01,5.924879892037786703e+03,5.450793148880105036e+03,4.740867431576816671e+02,9.974976956613021528e+00
6.600000000000000311e-01,6.069031039136301843e+03,5.708479578392621988e+03,3.605514607436798542e+02,7.379994201902641215e+00
6.607999999999999430e-01,7.091044534412955727e+03,6.536347826086956957e+03,5.546967083259987703e+02,1.155417400737202804e+01
6.616000000000000769e-01,6.836599190283401185e+03,6.331446640316205958e+03,5.051525499671952275e+02,1.033658377551175889e+01
6.623999999999999888e-01,1.865051551956815092e+04,1.838402108036890786e+04,2.664944391992430610e+02,1.184855116430943767e+00
6.632000000000000117e-01,2.845262078272604413e+04,2.838454808959156799e+04,6.807269313447613968e+01,1.109350533603339350e+00
6.640000000000000346e-01,2.101229689608636909e+04,2.064012648221343989e+04,3.721704138729292026e+02,2.603495217627752822e+00
6.647999999999999465e-01,5.409770580296895787e+03,4.929686429512516042e+03,4.800841507843797444e+02,5.514298375562199261e+00
6.656000000000000805e-01,1.336917678812415716e+03,8.012226613965744946e+02,5.356950174158412210e+02,1.049767001303593972e+01
6.663999999999999924e-01,6.156869095816464323e+03,5.803931488801054002e+03,3.529376070154103218e+02,4.578085724375920762e+00
6.672000000000000153e-01,1.215956815114709934e+04,1.179826086956521794e+04,3.613072815818813979e+02,6.854665726860189601e+00
6.680000000000000382e-01,1.234992712550607212e+04,1.200923320158102797e+04,3.406939239250441460e+02,6.881255393694968525e+00
6.687999999999999501e-01,1.219368421052631493e+04,1.182642424242424204e+04,3.672599681020728895e+02,6.566443225755603130e+00
6.695999999999999730e-01,1.214048043184885319e+04,1.174690909090909008e+04,3.935713409397631040e+02,8.042141818854993573e+00
6.703999999999999959e-01,1.007270175438596561e+04,9.769233201581027970e+03,3.034685528049376444e+02,5.732011959804268031e+00
6.712000000000000188e-01,6.625165991902834321e+03,6.284479578392621988e+03,3.406864135102123328e+02,6.374410059497505721e+00
6.719999999999999307e-01,5.212070175438596380e+03,4.765006587615283024e+03,4.470635878233133553e+02,9.367296130507657637e+00
6.728000000000000647e-01,5.998812415654520919e+03,5.544221343873517981e+03,4.545910717810029382e+02,9.515138090213817179e+00
6.735999999999999766e-01,6.717408906882591509e+03,6.336168642951251968e+03,3.812402639313395412e+02,7.932151194671397398e+00
6.743999999999999995e-01,6.967708502024291192e+03,6.613417654808959014e+03,3.542908472153321782e+02,5.225889138682815904e+00
6.752000000000000224e-01,2.315253981106612628e+04,2.271308563899868386e+04,4.394541720674424141e+02,4.530878097998816578e+00
6.759999999999999343e-01,2.627195681511471048e+04,2.570632938076416394e+04,5.656274343505465367e+02,8.481782623987351499e+00
6.768000000000000682e-01,1.331320917678812475e+04,1.291088274044795799e+04,4.023264363401667651e+02,2.958394298728668215e+00
6.775999999999999801e-01,2.427595141700404838e+03,2.011741765480895992e+03,4.158533762195088457e+02,6.843255537865077009e+00
6.784000000000000030e-01,1.696993252361673512e+03,1.361370223978919739e+03,3.356230283827537733e+02,5.794023726139307051e+00
6.792000000000000259e-01,8.017964912280701355e+03,7.558408432147562962e+03,4.595564801331383933e+02,6.595285904765557206e+00
6.799999999999999378e-01,1.137161673414305005e+04,1.096423715415019797e+04,4.073795799928520864e+02,8.211484137280667284e+00
6.807999999999999607e-01,1.076141430499325179e+04,1.029548353096179198e+04,4.659307740314598050e+02,8.899469950860265044e+00
6.815999999999999837e-01,1.117028879892037730e+04,1.075807114624505994e+04,4.122176526753173675e+02,7.753494332064892802e+00
6.824000000000000066e-01,1.035539001349527643e+04,9.859541501976284053e+03,4.958485115189923818e+02,9.747640109662521368e+00
6.832000000000000295e-01,7.667303643724696485e+03,7.355277997364953990e+03,3.120256463597424954e+02,5.711100922945890446e+00
6.840000000000000524e-01,4.910898785425100868e+03,4.477807641633728963e+03,4.330911437913719055e+02,8.567927596979574290e+00
6.847999999999999643e-01,4.486823211875843299e+03,4.055862977602108003e+03,4.309602342737352956e+02,8.942990645069281541e+00
6.856000000000000982e-01,5.434904183535762058e+03,4.947309617918313961e+03,4.875945656174480973e+02,1.002745895184260405e+01
6.864000000000000101e-01,5.462110661268556214e+03,5.094703557312252997e+03,3.674071039563032173e+02,7.470617114538204540e+00
6.871999999999999220e-01,1.156966261808367017e+04,1.129840316205533600e+04,2.712594560283341707e+02,1.381975284184930874e+00
6.880000000000000560e-01,2.760170580296896151e+04,2.726366271409749606e+04,3.380430888714654429e+02,5.651044011889896801e+00
6.887999999999999678e-01,2.468655330634277925e+04,2.423508827404479598e+04,4.514650322979832708e+02,3.525975309978554240e+00
6.895999999999999908e-01,7.255838056680161571e+03,6.856179183135704989e+03,3.996588735444565827e+02,3.252204437696018857e+00
6.904000000000000137e-01,-1.606477732793522151e+01,-4.462292490118576893e+02,4.301644716839224429e+02,8.121468863258721527e+00
6.912000000000000366e-01,2.832410256410256352e+03,2.480400527009222515e+03,3.520097294010338373e+02,4.769116921536788567e+00
6.919999999999999485e-01,1.012728744939271201e+04,9.742924901185770068e+03,3.843625482069419377e+02,6.357902960235916723e+00
6.927999999999999714e-01,1.158123616734143070e+04,1.113119367588932801e+04,4.500424914521026949e+02,9.166768965925788493e+00
6.935999999999999943e-01,1.136116599190283341e+04,1.094711989459815595e+04,4.140460973046774598e+02,7.294786601048580010e+00
6.944000000000000172e-01,1.114817813765182109e+04,1.068555467720685192e+04,4.626234604449691687e+02,9.234905143713925568e+00
6.952000000000000401e-01,9.813937921727396315e+03,9.476300395256916090e+03,3.376375264704802248e+02,6.356690413741330481e+00
6.959999999999999520e-01,6.451908232118758860e+03,6.044837944664031966e+03,4.070702874547268948e+02,7.366272535315532721e+00
6.968000000000000860e-01,4.052383265856949947e+03,3.724816864295125015e+03,3.275664015618249323e+02,6.759587494811216679e+00
6.975999999999999979e-01,4.608690958164642325e+03,4.191957839262187008e+03,4.167331189024553169e+02,8.517064113470151909e+00
6.983999999999999098e-01,5.515919028340081240e+03,5.180289855072463979e+03,3.356291732676172614e+02,6.952948467660961640e+00
6.992000000000000437e-01,5.287384615384615245e+03,4.866445322793148989e+03,4.209392925914662555e+02,8.802423272892966111e+00
6.999999999999999556e-01,1.848580836707152412e+04,1.791249538866930016e+04,5.733129784022239619e+02,3.127531111654691554e+00
7.007999999999999785e-01,2.605516869095816583e+04,2.515528853754940792e+04,8.998801534087579057e+02,1.452567994086971481e+01
7.016000000000000014e-01,1.677456410256410163e+04,1.614047957839262199e+04,6.340845241714796430e+02,4.571320882608758573e+00
7.024000000000000243e-01,2.845711201079622242e+03,2.451731225296442517e+03,3.939799757831797251e+02,5.297508398177554589e+00
7.032000000000000473e-01,-1.244588394062078294e+02,-4.282687747035573125e+02,3.038099352973495115e+02,5.953627330377296190e+00
7.039999999999999591e-01,5.226234817813765403e+03,4.765006587615283024e+03,4.612282301984823789e+02,6.245972820407322601e+00
7.047999999999999821e-01,1.024906882591093199e+04,9.692332015810276062e+03,5.567368101006559300e+02,1.069285063978791683e+01
7.056000000000000050e-01,1.016580836707152412e+04,9.524026350461133916e+03,6.417820166103902011e+02,1.255992451870567450e+01
7.064000000000000279e-01,1.005283670715249718e+04,9.481865612648221941e+03,5.709710945042752428e+02,9.966593359241661787e+00
7.071999999999999398e-01,9.881219973009447131e+03,9.284806324110671994e+03,5.964136488987751363e+02,1.173425670010423971e+01
7.080000000000000737e-01,7.605376518218623460e+03,7.078366271409749970e+03,5.270102468088734895e+02,1.000206462289338205e+01
7.087999999999999856e-01,4.422650472334682490e+03,3.877523056653491494e+03,5.451274156811909961e+02,1.040900513943141448e+01
7.095999999999998975e-01,3.310035087719298190e+03,2.867183135704874985e+03,4.428519520144232047e+02,9.199090074307743947e+00
7.104000000000000314e-01,4.184097165991903239e+03,3.701965744400527001e+03,4.821314215913762382e+02,9.972698443753783337e+00
7.111999999999999433e-01,4.562483130904183781e+03,4.031241106719367508e+03,5.312420241848162732e+02,1.080686454071106262e+01
7.120000000000000773e-01,6.460977058029689942e+03,6.060184453227931044e+03,4.007926048017588982e+02,3.394582059941886332e+00
7.127999999999999892e-01,2.450465856950067609e+04,2.375597364953886790e+04,7.486849199618081911e+02,9.894804968878627704e+00
7.136000000000000121e-01,2.569785695006747483e+04,2.493520948616600799e+04,7.626474639014668355e+02,8.631892456677503489e+00
7.144000000000000350e-01,9.679028340080971248e+03,9.082434782608695969e+03,5.965935574722752790e+02,4.293622895246350879e+00
7.152000000000000579e-01,-3.224183535762483075e+02,-7.588932806324111198e+02,4.364749270561628123e+02,7.760276343622177997e+00
7.159999999999999698e-01,2.882159244264507265e+02,-1.836521739130434696e+02,4.718680983394941677e+02,7.263905985858809089e+00
7.167999999999999927e-01,7.486704453441295300e+03,6.995140974967061993e+03,4.915634784742333068e+02,7.090741427572364586e+00
7.176000000000000156e-01,1.030106342780027080e+04,9.699583662714097954e+03,6.014797650861728471e+02,1.184998697670800993e+01
7.183999999999999275e-01,9.577284750337381411e+03,9.117596837944664003e+03,4.596879123927174078e+02,8.480708292647177515e+00
7.192000000000000615e-01,1.012072334682861037e+04,9.558766798418972030e+03,5.619565484096383443e+02,1.061354861639912528e+01
7.199999999999999734e-01,8.941948717948718695e+03,8.449939393939393995e+03,4.920093240093247005e+02,9.425220598172764142e+00
7.207999999999999963e-01,6.007794871794872051e+03,5.423304347826086996e+03,5.844905239687850553e+02,1.052651726736907989e+01
7.216000000000000192e-01,3.131163292847503271e+03,2.614387351778656011e+03,5.167759410688472599e+02,1.042865708561102700e+01
7.223999999999999311e-01,3.032874493927125513e+03,2.529644268774703505e+03,5.032302251524220083e+02,1.016973856024616651e+01
7.232000000000000650e-01,4.073802968960863836e+03,3.656938076416337481e+03,4.168648925445263558e+02,8.587003128720455791e+00
7.239999999999999769e-01,4.102823211875843299e+03,3.588469038208168513e+03,5.143541736676747860e+02,1.042936018698899581e+01
7.247999999999999998e-01,1.162951686909581622e+04,1.127251646903820802e+04,3.570004000576082035e+02,1.933311410618960391e+00
7.256000000000000227e-01,2.363102834008097125e+04,2.306715151515151592e+04,5.638768249294553243e+02,9.342381507356199322e+00
7.264000000000000457e-01,1.882558704453441169e+04,1.830964953886693183e+04,5.159375056674798543e+02,4.175905552268253551e+00
7.271999999999999575e-01,3.829290148448043055e+03,3.313833992094861514e+03,5.154561563531815409e+02,5.368423810696945964e+00
7.279999999999999805e-01,-1.359892037786774608e+03,-1.862998682476943259e+03,5.031066446901686504e+02,9.920610296708671783e+00
7.288000000000000034e-01,2.059832658569500836e+03,1.536505928853754995e+03,5.233267297157458415e+02,7.318154896378652907e+00
7.295999999999999153e-01,7.885387314439945840e+03,7.407978919631093959e+03,4.774083948088518810e+02,8.772237667846262354e+00
7.304000000000000492e-01,8.563476383265857294e+03,8.124374176548089963e+03,4.391022067177673307e+02,8.844564796325357747e+00
7.311999999999999611e-01,8.430466936572200211e+03,8.002529644268774973e+03,4.279372923034252381e+02,7.620528514504242956e+00
7.320000000000000950e-01,8.247017543859648868e+03,7.728063241106719033e+03,5.189543027529298342e+02,1.038001444182047450e+01
7.328000000000000069e-01,6.695989203778677620e+03,6.191557312252964039e+03,5.044318915257135814e+02,9.553320966833977579e+00
7.335999999999999188e-01,3.636685560053981135e+03,3.124616600790513985e+03,5.120689592634671499e+02,9.508632543744930388e+00
7.344000000000000528e-01,1.799427800269905447e+03,1.292732542819499258e+03,5.066952574504061886e+02,1.043681550271399772e+01
7.351999999999999647e-01,2.360053981106612810e+03,1.978097496706192260e+03,3.819564844004205497e+02,7.754413925621300052e+00
7.359999999999999876e-01,3.083228070175438461e+03,2.589512516469038019e+03,4.937155537064004420e+02,1.017538502803567546e+01
7.368000000000000105e-01,2.796566801619433136e+03,2.395488801054018495e+03,4.010780005654146407e+02,7.844441815339798119e+00
7.376000000000000334e-01,1.954841565452091891e+04,1.936105401844532389e+04,1.873616360755950154e+02,1.169891014726290646e+00
7.383999999999999453e-01,2.521116329284750464e+04,2.517847694334650805e+04,3.268634950099658454e+01,5.350656781369995674e-01
7.391999999999999682e-01,1.305954116059379157e+04,1.269518840579710195e+04,3.643527547966896236e+02,2.411947825842017945e+00
7.399999999999999911e-01,-4.984399460188934086e+02,-9.423768115942028771e+02,4.439368655753094686e+02,6.631126377975267161e+00
7.408000000000000140e-01,-2.299767881241565647e+03,-2.812205533596837995e+03,5.124376523552723484e+02,9.173712028590792045e+00
7.416000000000000369e-01,4.065079622132253917e+03,3.769338603425559995e+03,2.957410187066939216e+02,3.808851929736813524e+00
7.423999999999999488e-01,8.708923076923076223e+03,8.381301712779973968e+03,3.276213641431022552e+02,6.668643102178802629e+00
7.432000000000000828e-01,8.394623481781376540e+03,8.187868247694334968e+03,2.067552340870415719e+02,4.176940451728399673e+00
7.439999999999999947e-01,8.466742240215924539e+03,8.122181818181818016e+03,3.445604220341065229e+02,6.250324316298684124e+00
7.448000000000000176e-01,8.079201079622132056e+03,7.850245059288537959e+03,2.289560203335940969e+02,4.549965127590473557e+00
7.456000000000000405e-01,5.495190283400809676e+03,5.114603425559947027e+03,3.805868578408626490e+02,7.118231042414367771e+00
7.463999999999999524e-01,2.166758434547908109e+03,1.788542819499341249e+03,3.782156150485668604e+02,7.256874668025870889e+00
7.471999999999999753e-01,1.413095816464237487e+03,1.053090909090909008e+03,3.600049073733284786e+02,7.434138128000616241e+00
7.479999999999999982e-01,2.453765182186234597e+03,2.138139657444005479e+03,3.156255247422291177e+02,6.521383980144475956e+00
7.488000000000000211e-01,2.873954116059379430e+03,2.489338603425559995e+03,3.846155126338194350e+02,7.970557317381996576e+00
7.496000000000000441e-01,6.277959514170040165e+03,5.902166007905138031e+03,3.757935062649021347e+02,2.525870948760311485e+00
7.504000000000000670e-01,2.197272874493927156e+04,2.120938076416337208e+04,7.633479807758994866e+02,1.113711424127122385e+01
7.511999999999999789e-01,2.137824561403508778e+04,2.059762845849802397e+04,7.806171555370638089e+02,7.656869707910067824e+00
7.520000000000000018e-01,5.861484480431849079e+03,5.363436100131752028e+03,4.980483803000970511e+02,4.007001655802042706e+00
7.528000000000000247e-01,-2.427854251012145596e+03,-2.807314888010540017e+03,3.794606369983944205e+02,7.105622718164401164e+00
7.535999999999999366e-01,-8.598110661268556214e+02,-1.256052700922266240e+03,3.962416347954106186e+02,5.978729468387938617e+00
7.544000000000000705e-01,5.812080971659918760e+03,5.259467720685111999e+03,5.526132509748067605e+02,8.717775729528145945e+00
7.551999999999999824e-01,7.707724696356275672e+03,7.278208168642951023e+03,4.295165277133246491e+02,8.800632798312136629e+00
7.560000000000000053e-01,7.454834008097165679e+03,6.911494071146245005e+03,5.433399369509206736e+02,9.809195198371796209e+00
7.568000000000000282e-01,7.454747638326585729e+03,6.926671936758893025e+03,5.280757015676927040e+02,1.028262131177168826e+01
7.575999999999999401e-01,6.283659919028340482e+03,5.681496706192358033e+03,6.021632128359824492e+02,1.146408522872381042e+01
7.583999999999999631e-01,3.264086369770580404e+03,2.780669301712779998e+03,4.834170680578004067e+02,8.838628384412047012e+00
7.591999999999999860e-01,8.958272604588394188e+02,3.646903820816864368e+02,5.311368783771529252e+02,1.098146337567845343e+01
7.600000000000000089e-01,9.842699055330634792e+02,5.453069828722002512e+02,4.389629226608632280e+02,8.827950833015846044e+00
7.608000000000000318e-01,1.906008097165992012e+03,1.355214756258234502e+03,5.507933409077575106e+02,1.126087991049942261e+01
7.616000000000000547e-01,1.665727395411606039e+03,1.220722002635046010e+03,4.450053927765600292e+02,9.045372318757502583e+00
7.623999999999999666e-01,1.344906882591093199e+04,1.308517523056653408e+04,3.638935953443979088e+02,1.623812090286401943e+00
7.631999999999999895e-01,2.343246423751686962e+04,2.309514624505928805e+04,3.373179924575815676e+02,5.300310947414330620e+00
7.640000000000000124e-01,1.592261268556005416e+04,1.535291699604743008e+04,5.696956895126240852e+02,3.997660582165114551e+00
7.647999999999999243e-01,2.810472334682860946e+02,-2.269934123847167200e+02,5.080406458530028431e+02,5.755367865752967660e+00
7.656000000000000583e-01,-3.812966261808367108e+03,-4.276953886693017012e+03,4.639876248846499038e+02,9.325883928377196597e+00
7.663999999999999702e-01,1.001543859649122851e+03,6.063557312252964948e+02,3.951881284238263561e+02,5.081499494021437080e+00
7.671999999999999931e-01,6.951730094466936862e+03,6.464505928853754995e+03,4.872241656131818672e+02,9.341338249766808488e+00
7.680000000000000160e-01,7.124642375168690705e+03,6.740574440052700993e+03,3.840679351159897124e+02,7.813922354673131565e+00
7.687999999999999279e-01,7.057187584345479081e+03,6.614260869565217035e+03,4.429267147802620457e+02,8.061239359864343257e+00
7.696000000000000618e-01,6.984032388663968050e+03,6.515773386034255964e+03,4.682590026297120858e+02,9.651179643703711619e+00
7.703999999999999737e-01,4.921263157894736651e+03,4.522666666666666970e+03,3.985964912280696808e+02,7.619898631202668859e+00
7.711999999999999966e-01,1.491692307692307622e+03,1.072316205533596758e+03,4.193761021587108644e+02,7.639994505536220615e+00
7.720000000000000195e-01,7.099595141700405065e+01,-3.838313570487483730e+02,4.548273084657524237e+02,9.362606671490127042e+00
7.728000000000000425e-01,8.500512820512821008e+02,3.788563899868247518e+02,4.711948920644573491e+02,9.694827977673364572e+00
7.735999999999999543e-01,1.555346828609986460e+03,1.125523056653491494e+03,4.298237719564949657e+02,8.854189112289756025e+00
7.744000000000000883e-01,1.806510121457489959e+03,1.311873517786561251e+03,4.946366036709287073e+02,7.474875351974715088e+00
7.752000000000000002e-01,1.730591093117409036e+04,1.718007905138339993e+04,1.258318797906904365e+02,1.327303254691049927e+00
7.759999999999999121e-01,2.033662618083670895e+04,2.027079841897233200e+04,6.582776186437695287e+01,1.028151648430286391e+00
7.768000000000000460e-01,7.841338731443994220e+03,7.595088274044795980e+03,2.462504573991982397e+02,1.855364934978565028e+00
7.775999999999999579e-01,-2.644124156545209189e+03,-3.214756258234519009e+03,5.706321016893098204e+02,9.355944845941163379e+00
7.783999999999999808e-01,-3.446499325236167351e+03,-3.827857707509881493e+03,3.813583822737141418e+02,6.718833216622286386e+00
7.792000000000000037e-01,2.602753036437246919e+03,2.290761528326745520e+03,3.119915081105013996e+02,4.575520367199517047e+00
7.800000000000000266e-01,5.828577597840755516e+03,5.594139657444005024e+03,2.344379403967504913e+02,4.853934969884130091e+00
7.808000000000000496e-01,5.316836707152496274e+03,4.918387351778656011e+03,3.984493553738402625e+02,7.904371211507350559e+00
7.815999999999999615e-01,5.677516869095816219e+03,5.416305665349143965e+03,2.612112037466722541e+02,5.101291403782176381e+00
7.823999999999999844e-01,4.820556005398110756e+03,4.554624505928853978e+03,2.659314994692567780e+02,5.412708467753639674e+00
7.832000000000000073e-01,2.257964912280701810e+03,2.016126482213438749e+03,2.418384300672630616e+02,4.457960641809807889e+00
7.840000000000000302e-01,-4.264939271255060476e+02,-8.008010540184453703e+02,3.743071268929393227e+02,7.353266064415691972e+00
7.847999999999999421e-01,-8.883130904183535677e+02,-1.214144927536231990e+03,3.258318371178784219e+02,6.694415955016517650e+00
7.856000000000000760e-01,9.155195681511470340e+00,-3.992621870882740609e+02,4.084173827697855472e+02,8.487059820895776596e+00
7.863999999999999879e-01,5.424021592442645101e+01,-2.180553359683794383e+02,2.722955518928058609e+02,5.626185329574058258e+00
7.871999999999998998e-01,6.068080971659918760e+03,5.885386034255599043e+03,1.826949374043197167e+02,9.373772905557702373e-01
7.880000000000000338e-01,2.246296356275303697e+04,2.197788669301712798e+04,4.850768697359089856e+02,7.999712683191541274e+00
7.887999999999999456e-01,1.961880701754385882e+04,1.894779446640316382e+04,6.710125511406949954e+02,5.197785900619007471e+00
7.896000000000000796e-01,2.013970310391363000e+03,1.561971014492753511e+03,4.519992958986094891e+02,3.660357869129911901e+00
7.903999999999999915e-01,-5.410375168690958162e+03,-5.670956521739130039e+03,2.605813530481718772e+02,5.045205991676525059e+00
7.912000000000000144e-01,-2.575373819163292865e+03,-2.832779973649538988e+03,2.574061544862461233e+02,3.513630165826065355e+00
7.920000000000000373e-01,4.815460188933872814e+03,4.388932806324110970e+03,4.265273826097618439e+02,7.148349739463740526e+00
7.927999999999999492e-01,6.303352226720648105e+03,5.802666666666666970e+03,5.006855600539811348e+02,1.048002954172559420e+01
7.935999999999999721e-01,6.114979757085020537e+03,5.649876152832674961e+03,4.651036042523455762e+02,8.293122982665371623e+00
7.943999999999999950e-01,5.897932523616734215e+03,5.428026350461133006e+03,4.699061731556012091e+02,9.465007231007867006e+00
7.952000000000000179e-01,4.592107962213225619e+03,4.172226613965744036e+03,4.198813482474815828e+02,8.006437788954674062e+00
7.959999999999999298e-01,1.185425101214574852e+03,7.437997364953886290e+02,4.416253647191862228e+02,7.828492109221536488e+00
7.968000000000000638e-01,-1.225759784075573634e+03,-1.520147562582345245e+03,2.943877785067716104e+02,6.128880800283527108e+00
7.975999999999999757e-01,-6.641835357624830749e+02,-1.130245059288537504e+03,4.660615235260544296e+02,9.483013333289004976e+00
7.983999999999999986e-01,2.946072874493926861e+02,-1.209169960474308283e+02,4.155242834968235002e+02,8.574635099185545783e+00
7.992000000000000215e-01,3.238866396761133615e+01,-4.546613965744400616e+02,4.870500605420513693e+02,1.005444596943567959e+01
7.999999999999999334e-01,1.273928205128205082e+04,1.242333596837944606e+04,3.159460829026047577e+02,1.783379934142788281e+00
8.008000000000000673e-01,1.981503913630229363e+04,1.954554940711462405e+04,2.694897291876695817e+02,4.588167623762589464e+00
8.015999999999999792e-01,1.088423211875843481e+04,1.058386297760210800e+04,3.003691411563268048e+02,2.239157335839330631e+00
8.024000000000000021e-01,-2.430704453441295755e+03,-2.865159420289855007e+03,4.344549668485592520e+02,5.930016199641777952e+00
8.032000000000000250e-01,-5.322709851551956490e+03,-5.656031620553359971e+03,3.333217690014034815e+02,6.641701435415762411e+00
8.040000000000000480e-01,-1.866450742240215845e+02,-5.739762845849802488e+02,3.873312103609586643e+02,5.284507487622629007e+00
8.047999999999999599e-01,4.615082321187584057e+03,4.287831357048748032e+03,3.272509641388360251e+02,6.678420549452562582e+00
8.055999999999999828e-01,4.512129554655870379e+03,4.128969696969696997e+03,3.831598576861733818e+02,7.748443797317579040e+00
8.064000000000000057e-01,4.404426450742240377e+03,4.067667984189723484e+03,3.367584665525168930e+02,6.122481553488571926e+00
8.072000000000000286e-01,4.242655870445343680e+03,3.867404479578392511e+03,3.752513908669511693e+02,7.661493486588601520e+00
8.080000000000000515e-01,2.003260458839406283e+03,1.636511198945981505e+03,3.667492598934247781e+02,7.064031355003561607e+00
8.087999999999999634e-01,-1.071848852901484406e+03,-1.443583662714097500e+03,3.717348098126130935e+02,7.196987015676111987e+00
8.096000000000000973e-01,-2.166672064777328160e+03,-2.525681159420289987e+03,3.590090946429618270e+02,7.461177721597242574e+00
8.104000000000000092e-01,-1.341408906882591054e+03,-1.714677206851119990e+03,3.732682999685289360e+02,7.823361439878216750e+00
8.111999999999999211e-01,-1.056302294197030960e+03,-1.321064558629776002e+03,2.647622644327450416e+02,5.478231872985719342e+00
8.120000000000000551e-01,9.467854251012146278e+02,7.087220026350461239e+02,2.380634224661685039e+02,2.022955809047098263e+00
8.127999999999999670e-01,1.846775708502024281e+04,1.819328590250329216e+04,2.744711825169506483e+02,3.617431555655625797e+00
8.135999999999999899e-01,1.959851012145748973e+04,1.935860869565217217e+04,2.399014258053175581e+02,2.754111677631769783e+00
8.144000000000000128e-01,3.960399460188933972e+03,3.627425559947299007e+03,3.329739002416349649e+02,2.449134576674655062e+00
8.152000000000000357e-01,-5.779778677462887572e+03,-6.042982872200263955e+03,2.632041947373763833e+02,4.746973704569974473e+00
8.159999999999999476e-01,-5.169230769230769511e+03,-5.498013175230566958e+03,3.287824059997974473e+02,5.148672732707228583e+00
8.167999999999999705e-01,1.820847503373819109e+03,1.583051383399209499e+03,2.377961199746096099e+02,3.519314310821471281e+00
8.175999999999999934e-01,4.596771929824561084e+03,4.286735177865612968e+03,3.100367519589481162e+02,6.504340667524741271e+00
8.184000000000000163e-01,3.935956815114710025e+03,3.704832674571805001e+03,2.311241405429050246e+02,4.480579027550612992e+00
8.192000000000000393e-01,4.423514170040485624e+03,4.220205533596837995e+03,2.033086364436476288e+02,4.053562085830318296e+00
8.199999999999999512e-01,3.257522267206477864e+03,3.066603425559947482e+03,1.909188416465303817e+02,3.817287391173994848e+00
8.208000000000000851e-01,4.090472334682860946e+02,1.433465085638998637e+01,3.947125826118960958e+02,7.107533766032098299e+00
8.215999999999999970e-01,-2.451260458839406056e+03,-2.760600790513833999e+03,3.093403316744279437e+02,6.289481628414622882e+00
8.223999999999999089e-01,-2.526315789473684163e+03,-2.842982872200263500e+03,3.166670827265793378e+02,6.476281882753738728e+00
8.232000000000000428e-01,-1.511730094466936634e+03,-1.710545454545454504e+03,1.988153600785178696e+02,4.179380592047279741e+00
8.239999999999999547e-01,-1.511643724696356230e+03,-1.831631093544137002e+03,3.199873688477807718e+02,6.531613238881795347e+00
8.247999999999999776e-01,6.134672064777328160e+03,5.880073781291172963e+03,2.545982834861551964e+02,1.370048480847882555e+00
8.256000000000000005e-01,1.820061538461538294e+04,1.769840316205533600e+04,5.022122225600469392e+02,8.481218018710949380e+00
8.264000000000000234e-01,1.336943589743589655e+04,1.290970223978919603e+04,4.597336576467005216e+02,3.729224111078069726e+00
8.272000000000000464e-01,-1.698202429149797581e+03,-2.085691699604743008e+03,3.874892704549454265e+02,4.019768609628776801e+00
8.279999999999999583e-01,-6.896453441295546327e+03,-7.240600790513833999e+03,3.441473492182876726e+02,6.967641682446914508e+00
8.287999999999999812e-01,-3.466796221322536894e+03,-3.815209486166007991e+03,3.484132648434710973e+02,4.946465231738376822e+00
8.296000000000000041e-01,2.432777327935222729e+03,2.146656126482213494e+03,2.861212014530092347e+02,5.337078858694678019e+00
8.304000000000000270e-01,3.138850202429149704e+03,2.776621870882740495e+03,3.622283315464092084e+02,7.309354860696631206e+00
8.311999999999999389e-01,3.057230769230769056e+03,2.651151515151515014e+03,4.060792540792540422e+02,7.215249669146245104e+00
8.320000000000000728e-01,2.846402159244264567e+03,2.422218708827404498e+03,4.241834504168600688e+02,8.598432554474658929e+00
8.327999999999999847e-01,1.270067476383265785e+03,8.680052700922266240e+02,4.020622062910391605e+02,7.829259104649143985e+00
8.336000000000000076e-01,-1.791481781376518256e+03,-2.208632411067193516e+03,4.171506296906752596e+02,7.737975090315220683e+00
8.344000000000000306e-01,-3.616561403508771946e+03,-4.079810276679841991e+03,4.632488731710700449e+02,9.788295307430812997e+00
8.351999999999999424e-01,-3.098429149797570972e+03,-3.414007905138339993e+03,3.155787553407690211e+02,6.517014456706928804e+00
8.360000000000000764e-01,-2.404188933873144379e+03,-2.717512516469038019e+03,3.133235825958936402e+02,6.532236163967697351e+00
8.367999999999999883e-01,-2.583319838056680055e+03,-2.897370223978919512e+03,3.140503859222394567e+02,6.147913746680113256e+00
8.376000000000000112e-01,1.434757354925776053e+04,1.406524374176548008e+04,2.823298074922804517e+02,1.760088798571335378e+00
8.384000000000000341e-01,2.000159784075573407e+04,1.986824769433465190e+04,1.333501464210821723e+02,2.142451196454503215e+00
8.392000000000000570e-01,7.742963562753036058e+03,7.374756258234519009e+03,3.682073045185170486e+02,2.426760265367500224e+00
8.399999999999999689e-01,-5.861743589743589837e+03,-6.185992094861660007e+03,3.242485051180701703e+02,4.875563670514994286e+00
8.407999999999999918e-01,-7.696151147098515139e+03,-8.127325428194993037e+03,4.311742810964778982e+02,7.814117299710225950e+00
8.416000000000000147e-01,-1.251411605937921649e+03,-1.548732542819499258e+03,2.973209368815776088e+02,3.816790145460413619e+00
8.423999999999999266e-01,3.439589743589743648e+03,3.146877470355731020e+03,2.927122732340126277e+02,5.998547881939919613e+00
8.432000000000000606e-01,3.174434547908232162e+03,2.938013175230566503e+03,2.364213726776656586e+02,4.794492223086700200e+00
8.439999999999999725e-01,3.228415654520917542e+03,2.886661396574440005e+03,3.417542579464775372e+02,6.272251040309272163e+00
8.447999999999999954e-01,2.843120107962213297e+03,2.603847167325428018e+03,2.392729406367852789e+02,4.880220863379588714e+00
8.456000000000000183e-01,2.245614035087719174e+02,-1.548142292490118450e+02,3.793756327577837624e+02,6.940230076135740944e+00
8.463999999999999302e-01,-3.167697705802968812e+03,-3.460637681159420481e+03,2.929399753564516686e+02,5.669203498338801772e+00
8.472000000000000641e-01,-3.896658569500674730e+03,-4.218519104084321043e+03,3.218605345836463130e+02,6.625958877021251858e+00
8.479999999999999760e-01,-2.856334682860998782e+03,-3.136505928853754995e+03,2.801712459927562122e+02,5.833090390153204297e+00
8.487999999999999989e-01,-2.436232118758434353e+03,-2.827299077733860486e+03,3.910669589754261324e+02,8.087887079673468094e+00
8.496000000000000218e-01,9.046369770580297427e+02,6.378076416337286219e+02,2.668293354243011208e+02,1.824790970146423330e+00
8.504000000000000448e-01,1.670607287449392607e+04,1.624293017127799794e+04,4.631427032159281225e+02,6.910816217918187121e+00
8.511999999999999567e-01,1.606624561403508778e+04,1.554997628458498002e+04,5.162693294501077617e+02,5.077027480725496034e+00
8.519999999999999796e-01,5.768636977058030197e+02,1.409011857707509989e+02,4.359625119350520208e+02,3.503605771400333246e+00
8.528000000000000025e-01,-7.699260458839406056e+03,-8.050592885375494006e+03,3.513324265360879508e+02,6.558017284221587140e+00
8.535999999999999144e-01,-6.130439946018893352e+03,-6.487778656126482019e+03,3.573387101075886676e+02,5.446463299030039451e+00
8.544000000000000483e-01,4.961079622132253917e+02,1.223504611330698282e+02,3.737575010801555777e+02,5.884403842683080477e+00
8.551999999999999602e-01,2.482094466936572189e+03,2.172121212121212011e+03,3.099732548153601783e+02,6.397880442008685442e+00
8.560000000000000941e-01,2.198283400809716568e+03,1.818729907773386003e+03,3.795534930363305648e+02,6.832375942868639029e+00
8.568000000000000060e-01,2.190423751686909782e+03,1.830956521739130494e+03,3.594672299477792876e+02,7.091008278116938790e+00
8.575999999999999179e-01,1.035659919028340028e+03,5.665559947299077521e+02,4.691039242984322755e+02,9.133902202207636378e+00
8.584000000000000519e-01,-1.998596491228070136e+03,-2.335114624505928987e+03,3.365181332778588512e+02,6.107832327680961626e+00
8.591999999999999638e-01,-4.420145748987853949e+03,-4.823188405797101041e+03,4.030426568092470916e+02,8.419038354271854985e+00
8.599999999999999867e-01,-4.330234817813765403e+03,-4.686166007905138031e+03,3.559311900913726276e+02,7.384301811886987643e+00
8.608000000000000096e-01,-3.380771929824561539e+03,-3.742102766798418997e+03,3.613308369738574584e+02,7.565372480190331039e+00
8.616000000000000325e-01,-3.563530364372469649e+03,-3.918418972332015983e+03,3.548886079595463343e+02,7.292223445325338282e+00
8.623999999999999444e-01,8.467778677462887572e+03,8.090139657444005024e+03,3.776390200188825474e+02,1.653118800549020051e+00
8.631999999999999673e-01,1.863194601889338810e+04,1.816714624505928805e+04,4.647997738341000513e+02,7.120160123624857285e+00
8.639999999999999902e-01,1.101983265856950129e+04,1.039675362318840598e+04,6.230790353810953093e+02,4.311052145447845874e+00
8.648000000000000131e-01,-4.936550607287449566e+03,-5.322455862977602010e+03,3.859052556901524440e+02,4.366973956072605745e+00
8.656000000000000361e-01,-9.059411605937921195e+03,-9.457412384716732049e+03,3.980007787788108544e+02,8.002140024837265386e+00
8.663999999999999480e-01,-4.187379217273954055e+03,-4.486071146245059026e+03,2.986919289711049714e+02,3.838045837391466542e+00
8.672000000000000819e-01,1.895816464237516811e+03,1.469301712779973741e+03,4.265147514575430705e+02,8.061626337834667311e+00
8.679999999999999938e-01,2.163390013495276435e+03,1.741660079051383491e+03,4.217299344438929438e+02,8.522189914105611663e+00
8.688000000000000167e-01,2.088248313090418378e+03,1.622007905138339993e+03,4.662404079520783853e+02,8.376913149605929476e+00
8.696000000000000396e-01,1.991427800269905447e+03,1.559778656126482247e+03,4.316491441434232001e+02,8.756158242733611985e+00
8.703999999999999515e-01,-1.406963562753036570e+02,-5.365375494071146250e+02,3.958411931318109964e+02,7.351727051848431671e+00
8.711999999999999744e-01,-3.626493927125506161e+03,-3.962772068511198995e+03,3.362781413856928339e+02,6.270771842867977952e+00
8.719999999999999973e-01,-5.026634278002698920e+03,-5.481570487483530997e+03,4.549362094808320762e+02,9.514154329961261425e+00
8.728000000000000203e-01,-4.212685560053981135e+03,-4.670144927536231990e+03,4.574593674822508547e+02,9.571894883668100817e+00
8.735999999999999321e-01,-3.533300944669365890e+03,-3.938740447957839478e+03,4.054395032884735883e+02,8.484664367707635435e+00
8.744000000000000661e-01,-3.251735492577598052e+03,-3.703399209486166001e+03,4.516637169085679488e+02,6.793802331213413481e+00
8.751999999999999780e-01,1.250798380566801643e+04,1.234205006587615208e+04,1.659337397918643546e+02,1.776488036437881224e+00
8.760000000000000009e-01,1.540517139001349460e+04,1.531885111989459801e+04,8.632027011889658752e+01,1.328822158642653406e+00
8.768000000000000238e-01,2.686963562753036513e+03,2.521802371541501998e+03,1.651611912115345149e+02,1.239062048735481314e+00
8.775999999999999357e-01,-7.787962213225370760e+03,-8.279357048748353918e+03,4.913948355229831577e+02,8.076368174758240315e+00
8.784000000000000696e-01,-8.523832658569501291e+03,-8.928210803689064051e+03,4.043781451195627596e+02,7.027341802692166794e+00
8.791999999999999815e-01,-2.386742240215924539e+03,-2.686903820816864481e+03,3.001615806009399421e+02,4.409020235045552738e+00
8.800000000000000044e-01,8.688798920377868171e+02,6.878945981554677473e+02,1.809852938823190698e+02,3.709209805941831473e+00
8.808000000000000274e-01,2.943481781376518143e+02,-6.484321475625823439e+01,3.591913928939100629e+02,7.065681966996734786e+00
8.815999999999999392e-01,6.681565452091767838e+02,4.482529644268774973e+02,2.199035807822992865e+02,4.249707486340714269e+00
8.823999999999999622e-01,-1.957139001349527803e+02,-4.697549407114624387e+02,2.740410405765096584e+02,5.477138995910896924e+00
8.831999999999999851e-01,-2.747508771929824434e+03,-2.945602108036890513e+03,1.980933361070660794e+02,3.699395813535210742e+00
8.840000000000000080e-01,-5.502963562753036058e+03,-5.812869565217391028e+03,3.099060024643549696e+02,6.178715979911823197e+00
8.848000000000000309e-01,-5.949236167341430701e+03,-6.234055335968379040e+03,2.848191686269483398e+02,5.897410201312485611e+00
8.856000000000000538e-01,-5.048572199730094326e+03,-5.371530961791831032e+03,3.229587620617367065e+02,6.752842628688632054e+00
8.863999999999999657e-01,-4.924545209176788376e+03,-5.182735177865612968e+03,2.581899686888245924e+02,5.363186012936012936e+00
8.871999999999999886e-01,1.067271255060728663e+03,9.922951251646903756e+02,7.497612989603828737e+01,3.851480681512028381e-01
8.880000000000000115e-01,1.706709851551956672e+04,1.693537812911725996e+04,1.317203864023067581e+02,2.210902550005935385e+00
8.887999999999999234e-01,1.419582186234817891e+04,1.384752569169960407e+04,3.482961706485748437e+02,2.729951290168143085e+00
8.896000000000000574e-01,-3.160269905533063593e+03,-3.442677206851119990e+03,2.824073013180563976e+02,2.310923279486113646e+00
8.903999999999999693e-01,-1.044357354925776053e+04,-1.064061133069828793e+04,1.970377814405273966e+02,3.788523836140192280e+00
8.911999999999999922e-01,-7.602958164642374868e+03,-7.830007905138339993e+03,2.270497404959651249e+02,3.106023650260363755e+00
8.920000000000000151e-01,-3.053171390013495170e+02,-6.141133069828722455e+02,3.087961679815227285e+02,5.123282983325159634e+00
8.927999999999999270e-01,1.138267206477732771e+03,8.385770750988142481e+02,2.996901313789185224e+02,6.309618186818163110e+00
8.936000000000000609e-01,9.701916329284750873e+02,7.256706192358366252e+02,2.445210136926384621e+02,4.423980226770165558e+00
8.943999999999999728e-01,7.076275303643724328e+02,4.429407114624505653e+02,2.646868189019218676e+02,5.425754234248411301e+00
8.951999999999999957e-01,-5.964696356275303515e+02,-8.185085638998682498e+02,2.220389282723378983e+02,4.310245033861551001e+00
8.960000000000000187e-01,-4.002375168690958162e+03,-4.218434782608695969e+03,2.160596139177378063e+02,3.856543389394919252e+00
8.968000000000000416e-01,-6.294024291497975355e+03,-6.489886693017127982e+03,1.958624015191526269e+02,4.145793127266657052e+00
8.975999999999999535e-01,-5.751967611336031950e+03,-6.099731225296442972e+03,3.477636139604110213e+02,7.165213560213895327e+00
8.984000000000000874e-01,-4.864086369770579950e+03,-5.085596837944664003e+03,2.215104681740840533e+02,4.627724734746829327e+00
8.991999999999999993e-01,-5.146083670715249355e+03,-5.405512516469038019e+03,2.594288457537886643e+02,5.421092065090303613e+00
8.999999999999999112e-01,8.027724696356275672e+03,7.657401844532279028e+03,3.703228518239966434e+02,2.053497107070183070e+00
9.008000000000000451e-01,1.538582456140350951e+04,1.482093280632411006e+04,5.648917550793994451e+02,9.370553850521217143e+00
9.015999999999999570e-01,6.200744939271255134e+03,5.743388669301712980e+03,4.573562699695421543e+02,3.337079485900393827e+00
9.023999999999999799e-01,-7.503892037786774381e+03,-7.850919631093544012e+03,3.470275933067696315e+02,4.770122477639922032e+00
9.032000000000000028e-01,-1.049289068825910908e+04,-1.069187878787878799e+04,1.989880996196789056e+02,3.963832470727672419e+00
9.040000000000000258e-01,-5.175449392712550434e+03,-5.393201581027667999e+03,2.177521883151175643e+02,2.964428107000441681e+00
9.048000000000000487e-01,-1.989095816464237600e+02,-5.073623188405796895e+02,3.084527371941559295e+02,6.187386145993476916e+00
9.055999999999999606e-01,-2.478812415654520862e+02,-7.378129117259552459e+02,4.899316701605031312e+02,9.923703001346954267e+00
9.063999999999999835e-01,-4.104291497975708580e+02,-7.588089591567852494e+02,3.483798093592143914e+02,6.244775666201823228e+00
9.072000000000000064e-01,-5.441295546558704928e+02,-9.485322793148880010e+02,4.044027246590175082e+02,8.236252514925912038e+00
9.080000000000000293e-01,-2.776269905533063593e+03,-3.167704874835309511e+03,3.914349693022459178e+02,7.483598997095705307e+00
9.087999999999999412e-01,-5.942758434547908109e+03,-6.337939393939393995e+03,3.951809593914858851e+02,7.680024716823650621e+00
9.096000000000000751e-01,-7.100113360323886809e+03,-7.396342555994729992e+03,2.962291956708431826e+02,6.158414810962096197e+00
9.103999999999999870e-01,-6.209468286099864599e+03,-6.482635046113306998e+03,2.731667600134423992e+02,5.719312123878686371e+00
9.111999999999998989e-01,-5.838164642375169024e+03,-6.111789196310935040e+03,2.736245539357660164e+02,5.705605505538337674e+00
9.120000000000000329e-01,-3.821603238866396623e+03,-4.114213438735177988e+03,2.926101998687813648e+02,2.474753611290625877e+00
9.127999999999999448e-01,1.344855060728744866e+04,1.332877997364953808e+04,1.197706336379105778e+02,1.618637517305123952e+00
9.136000000000000787e-01,1.451435357624831340e+04,1.442453754940711406e+04,8.981602684119934565e+01,1.025204393042315143e+00
9.143999999999999906e-01,-9.911794871794871824e+02,-1.188511198945981505e+03,1.973317117664943225e+02,1.472342966500673755e+00
9.152000000000000135e-01,-1.064369230769230853e+04,-1.090824769433465008e+04,2.645553866423415457e+02,4.667711112670909657e+00
9.160000000000000364e-01,-9.997732793522267457e+03,-1.035256916996047403e+04,3.548363764382065710e+02,5.549172575201960278e+00
9.167999999999999483e-01,-3.069063427800269892e+03,-3.204047430830039502e+03,1.349840030297696103e+02,2.003714672599298474e+00
9.175999999999999712e-01,-3.346828609986504830e+02,-5.170592885375493779e+02,1.823764275388988949e+02,3.789324703430933194e+00
9.183999999999999941e-01,-9.916977058029689260e+02,-1.121812911725955246e+03,1.301152059229863198e+02,2.498191928655016714e+00
9.192000000000000171e-01,-4.654466936572199529e+02,-6.588880105401844958e+02,1.934413168829645429e+02,3.798722248690927561e+00
9.199999999999999289e-01,-1.684901484480431918e+03,-1.760210803689064505e+03,7.530931920863258711e+01,1.506957347531335589e+00
9.208000000000000629e-01,-4.543654520917678383e+03,-4.773017127799736045e+03,2.293626068820576620e+02,4.142865827522375533e+00
9.215999999999999748e-01,-7.318887989203778488e+03,-7.556890645586297978e+03,2.380026563825194899e+02,4.868483696900055335e+00
9.223999999999999977e-01,-7.359654520917678383e+03,-7.611952569169960043e+03,2.522980482522816601e+02,5.225781213303452688e+00
9.232000000000000206e-01,-6.380739541160593944e+03,-6.512737812911725996e+03,1.319982717511320516e+02,2.785728537939533123e+00
9.239999999999999325e-01,-6.411832658569500381e+03,-6.634835309617918028e+03,2.230026510484176470e+02,4.633665274651789900e+00
9.248000000000000664e-01,1.421560053981106648e+03,1.315752305665349240e+03,1.058077483157574079e+02,5.627856746817756495e-01
9.255999999999999783e-01,1.324022672064777362e+04,1.300313043478260806e+04,2.370962858651655552e+02,4.049768154899200390e+00
9.264000000000000012e-01,8.298666666666666060e+03,8.130782608695652016e+03,1.678840579710140446e+02,1.363695199593973229e+00
9.272000000000000242e-01,-6.733905533063427356e+03,-6.946740447957839024e+03,2.128349148944116678e+02,2.231419263935118913e+00
9.280000000000000471e-01,-1.182160323886639708e+04,-1.203731225296442608e+04,2.157090140980290016e+02,4.308136247197805524e+00
9.287999999999999590e-01,-8.245203778677463561e+03,-8.522118577075098074e+03,2.769147983976345131e+02,3.897388969083428911e+00
9.295999999999999819e-01,-2.393479082321187434e+03,-2.566745718050065989e+03,1.732666357288785548e+02,3.269680096740821718e+00
9.304000000000000048e-01,-1.772998650472334702e+03,-1.956005270092226510e+03,1.830066196198918078e+02,3.709323958472075855e+00
9.312000000000000277e-01,-1.877246963562753081e+03,-2.057359683794466491e+03,1.801127202317134106e+02,3.220664663594145161e+00
9.320000000000000506e-01,-2.036426450742240149e+03,-2.283256916996047494e+03,2.468304662538073444e+02,5.051504980456635430e+00
9.327999999999999625e-01,-3.611551956815114863e+03,-3.822376811594202991e+03,2.108248547790881275e+02,4.101543499427514838e+00
9.336000000000000965e-01,-6.681565452091767838e+03,-6.924563899868247972e+03,2.429984477764801341e+02,4.570419808075985024e+00
9.344000000000000083e-01,-8.492566801619434045e+03,-8.797175230566534083e+03,3.046084289471000375e+02,6.499699080949377539e+00
9.351999999999999202e-01,-7.917862348178137836e+03,-8.036005270092226965e+03,1.181429219140891291e+02,2.453043494901802735e+00
9.360000000000000542e-01,-7.216453441295546327e+03,-7.367588932806324010e+03,1.511354915107776833e+02,3.185758148567001680e+00
9.367999999999999661e-01,-7.375373819163292865e+03,-7.558071146245059026e+03,1.826973270817661614e+02,3.636408987175807628e+00
9.375999999999999890e-01,9.768852901484480753e+03,9.598397891963109942e+03,1.704550095213708119e+02,1.064740345564526569e+00
9.384000000000000119e-01,1.546122537112010832e+04,1.538824769433465008e+04,7.297767678545824310e+01,1.183939970291333355e+00
9.392000000000000348e-01,2.973970310391363000e+03,2.755963109354413518e+03,2.180072010369494819e+02,1.431534743251088981e+00
9.399999999999999467e-01,-1.072263427800269892e+04,-1.091996837944664003e+04,1.973341014439411083e+02,2.949621753061219209e+00
9.407999999999999696e-01,-1.255721457489878594e+04,-1.283060869565217399e+04,2.733941207533880515e+02,4.909100540741538232e+00
9.415999999999999925e-01,-5.981452091767881029e+03,-6.122750988142292044e+03,1.412988963744110151e+02,1.815910325373060408e+00
9.424000000000000155e-01,-1.201835357624831204e+03,-1.421407114624505994e+03,2.195717569996747898e+02,4.497734478492378507e+00
9.432000000000000384e-01,-1.496529014844804351e+03,-1.591483530961791757e+03,9.495451611698740635e+01,1.910444423934502645e+00
9.439999999999999503e-01,-1.440647773279352123e+03,-1.627235836627140998e+03,1.865880633477888750e+02,3.418260933878227714e+00
9.448000000000000842e-01,-1.837689608636977027e+03,-1.970339920948616509e+03,1.326503123116394818e+02,2.660200972737869485e+00
9.455999999999999961e-01,-4.447784075573549671e+03,-4.698476943346508961e+03,2.506928677729592891e+02,4.655864106051197382e+00
9.463999999999999080e-01,-7.854294197031039403e+03,-8.031114624505928987e+03,1.768204274748895841e+02,3.429212078599786384e+00
9.472000000000000419e-01,-8.579109311740890917e+03,-8.747594202898550066e+03,1.684848911576591490e+02,3.506104582602232789e+00
9.479999999999999538e-01,-7.492059379217274000e+03,-7.683625823451910037e+03,1.915664442346360374e+02,4.028930132983825629e+00
9.487999999999999767e-01,-7.060815114709851514e+03,-7.322814229249011987e+03,2.619991145391604732e+02,5.513949872686731091e+00
9.495999999999999996e-01,-3.727978407557354785e+03,-3.799272727272727479e+03,7.129431971537269419e+01,4.854816761266905201e-01
9.504000000000000226e-01,1.133136842105263167e+04,1.134166007905138395e+04,-1.029165799875227094e+01,-1.594012661264239128e-01
9.512000000000000455e-01,1.061190823211875795e+04,1.059845059288537595e+04,1.345763923338199675e+01,1.337188448991257217e-01
9.519999999999999574e-01,-4.385770580296895787e+03,-4.549649538866930016e+03,1.638789585700342286e+02,1.350055493625559544e+00
9.527999999999999803e-01,-1.236702834008097125e+04,-1.263042951251646991e+04,2.634011724354986654e+02,4.982281925082928886e+00
9.536000000000000032e-01,-1.074655870445344044e+04,-1.098186034255599407e+04,2.353016381025536248e+02,3.586986200559963311e+00
9.543999999999999151e-01,-4.286358974358974592e+03,-4.426202898550724967e+03,1.398439241917503750e+02,2.257929035331065926e+00
9.551999999999999380e-01,-2.488744939271255134e+03,-2.501312252964426989e+03,1.256731369317185454e+01,2.638006376935600472e-01
9.560000000000000719e-01,-2.736798920377867944e+03,-2.866086956521739012e+03,1.292880361438710679e+02,2.373287296097635668e+00
9.568000000000000949e-01,-2.792334682860998782e+03,-2.858498023715415002e+03,6.616334085441621937e+01,1.355504062313241498e+00
9.575999999999998957e-01,-3.904604588394061921e+03,-4.023989459815546979e+03,1.193848714214850588e+02,2.378620399432176846e+00
9.584000000000000297e-01,-6.850331983805667733e+03,-6.936200263504611030e+03,8.586827969894329726e+01,1.588600864397114121e+00
9.592000000000000526e-01,-9.173506072874493839e+03,-9.424274044795783993e+03,2.507679719212901546e+02,5.289790804182218587e+00
9.599999999999999645e-01,-9.125570850202429938e+03,-9.198882740447957985e+03,7.331189024552804767e+01,1.510207577662713740e+00
9.607999999999999874e-01,-8.118931174089068918e+03,-8.270924901185770068e+03,1.519937270967011500e+02,3.201463887201160485e+00
9.616000000000000103e-01,-8.282688259109312639e+03,-8.427341238471673933e+03,1.446529793623612932e+02,3.000178125475364332e+00
9.624000000000001442e-01,3.942348178137651757e+03,3.655757575757575978e+03,2.865906023800757794e+02,1.258062409747885191e+00
9.631999999999999451e-01,1.384939271255060703e+04,1.361547299077733805e+04,2.339197217732689751e+02,3.681224100948393474e+00
9.639999999999999680e-01,6.105133603238866272e+03,5.817760210803689006e+03,2.873733924351772657e+02,1.984421289247908726e+00
9.648000000000001020e-01,-9.742251012145748973e+03,-9.878682476943346046e+03,1.364314647975970729e+02,1.561082802708694928e+00
9.655999999999999028e-01,-1.383375978407557341e+04,-1.406743610013175203e+04,2.336763160561786208e+02,4.635779802815398476e+00
9.663999999999999257e-01,-8.817835357624831886e+03,-8.970877470355731930e+03,1.530421127309000440e+02,1.944576749391100368e+00
9.672000000000000597e-01,-2.701905533063427811e+03,-2.984474308300395478e+03,2.825687752369676673e+02,5.438195490352454975e+00
9.680000000000000826e-01,-2.486758434547908109e+03,-2.653934123847167484e+03,1.671756892992593748e+02,3.415538891904307928e+00
9.687999999999999945e-01,-2.625122807017543892e+03,-2.881770750988142481e+03,2.566479439705985897e+02,4.716858462547021347e+00
9.696000000000000174e-01,-2.695686909581646432e+03,-2.936495388669301519e+03,2.408084790876550869e+02,4.985072417179137183e+00
9.704000000000000403e-01,-4.776507422402159136e+03,-4.962487483530961981e+03,1.859800611288028449e+02,3.501548492590425443e+00
9.711999999999999522e-01,-8.211865047233468431e+03,-8.391251646903820074e+03,1.793865996703516430e+02,3.419737355475898077e+00
9.719999999999999751e-01,-9.637484480431849079e+03,-9.899172595520421964e+03,2.616881150885728857e+02,5.591608549172009113e+00
9.727999999999999980e-01,-8.799179487179486387e+03,-9.072063241106719943e+03,2.728837539272335562e+02,5.727879035555623055e+00
9.736000000000001320e-01,-8.077991902834008215e+03,-8.331805006587615935e+03,2.538131037536077201e+02,5.360923752208821114e+00
9.743999999999999329e-01,-7.802645074224021300e+03,-7.981870882740447996e+03,1.792258085164266959e+02,2.632089888112734588e+00
9.751999999999999558e-01,8.397732793522267457e+03,8.144105401844532025e+03,2.536273916777354316e+02,2.564401815259421902e+00
9.760000000000000897e-01,1.162390283400809676e+04,1.113085638998682407e+04,4.930464440212726913e+02,7.381817813974053344e+00
9.767999999999998906e-01,-1.356091767881241594e+03,-1.791915678524374243e+03,4.358239106431326491e+02,3.210158665453464177e+00
9.775999999999999135e-01,-1.240036707152496638e+04,-1.272672463768115995e+04,3.263575661561935704e+02,5.325801805674537981e+00
9.784000000000000474e-01,-1.317113090418353568e+04,-1.324698814229249001e+04,7.585723810895433417e+01,1.296663167414812134e+00
9.792000000000000703e-01,-6.714126855600539784e+03,-6.950281949934123986e+03,2.361550943335842021e+02,3.418253522916468778e+00
9.799999999999999822e-01,-3.238866396761133728e+03,-3.545802371541501998e+03,3.069359747803682694e+02,6.386194247802412072e+00
9.808000000000000052e-01,-3.906763832658569299e+03,-4.271978919631093959e+03,3.652150869725246594e+02,7.051079344858882436e+00
9.816000000000000281e-01,-3.507908232118758406e+03,-3.759641633728590477e+03,2.517334016098320717e+02,4.908006742170383241e+00
9.823999999999999400e-01,-4.290418353576248592e+03,-4.659604743083003996e+03,3.691863895067554040e+02,7.370847414736211078e+00
9.831999999999999629e-01,-6.893085020242914652e+03,-7.153412384716732959e+03,2.603273644738183066e+02,4.821830831780105520e+00
9.839999999999999858e-01,-9.796059379217273090e+03,-1.006967061923583606e+04,2.736112400185629667e+02,5.375270736103612279e+00
9.848000000000001197e-01,-1.021495276653171459e+04,-1.044245586297760201e+04,2.275030964458874223e+02,4.669085011593546497e+00
9.855999999999999206e-01,-9.185338731443995130e+03,-9.514160737812911975e+03,3.288220063689168455e+02,6.909533594954022639e+00
9.863999999999999435e-01,-9.075649122807017193e+03,-9.302345191040843929e+03,2.266960682338267361e+02,4.719025208591288489e+00
9.872000000000000774e-01,-2.960323886639675948e+03,-3.038355731225296495e+03,7.803184458562054715e+01,3.936115689477794333e-01
9.879999999999998783e-01,1.301678812415654465e+04,1.281374440052700993e+04,2.030437236295347248e+02,3.397912241198959293e+00
9.888000000000000123e-01,1.004869095816464323e+04,9.752537549407114057e+03,2.961534087575291778e+02,2.318997155430909451e+00
9.896000000000000352e-01,-7.398780026990552869e+03,-7.628310935441370020e+03,2.295309084508171509e+02,1.871256800890607419e+00
9.904000000000000581e-01,-1.463596221322537167e+04,-1.490221870882740404e+04,2.662564956020323734e+02,5.130160591018296579e+00
9.911999999999999700e-01,-1.177211336032388681e+04,-1.195231620553359608e+04,1.802028452097092668e+02,2.438349536215405067e+00
9.919999999999999929e-01,-4.380329284750337138e+03,-4.620310935441370020e+03,2.399816506910328826e+02,4.003962039622436464e+00
9.928000000000000158e-01,-2.929403508771929864e+03,-3.196880105401844503e+03,2.674765966299146385e+02,5.611155792102694662e+00
9.935999999999999277e-01,-3.100415654520917542e+03,-3.369570487483530997e+03,2.691548329626134546e+02,4.873723459103820765e+00
9.943999999999999506e-01,-3.415924426450742430e+03,-3.650276679841897021e+03,2.343522533911545906e+02,4.757292091787106436e+00
9.951999999999999735e-01,-4.690051282051282215e+03,-4.854471673254281995e+03,1.644203912029997809e+02,3.191097443413636103e+00
9.960000000000001075e-01,-8.051908232118758860e+03,-8.265612648221343989e+03,2.137044161025851281e+02,3.855161834822051770e+00
9.967999999999999083e-01,-1.039978407557354876e+04,-1.053234255599472999e+04,1.325584804211812298e+02,2.784153386243448658e+00
9.975999999999999313e-01,-9.836825910931174803e+03,-1.012549143610013198e+04,2.886655251689571742e+02,5.870105352922043274e+00
9.984000000000000652e-01,-8.892026990553305950e+03,-9.153096179183135973e+03,2.610691886298300233e+02,5.502301882699097924e+00
9.991999999999998661e-01,-9.158132253711200974e+03,-9.370814229249011987e+03,2.126819755378110131e+02,4.456268454618321329e+00
1.000000000000000000e+00,3.631848852901484406e+03,3.763520421607378012e+03,-1.316715687058936055e+02,-7.593012634969743546e-01
1.000799999999999912e+00,1.047440755735492530e+04,1.065536758893280603e+04,-1.809600315778807271e+02,-3.050435596363052504e+00
1.001600000000000046e+00,1.460771929824561312e+03,1.503283267457180500e+03,-4.251133763261918830e+01,-3.176190336537798586e-01
1.002399999999999958e+00,-1.169273954116059394e+04,-1.189902503293807604e+04,2.062854917774820933e+02,2.891461324436406688e+00
1.003200000000000092e+00,-1.454760593792172767e+04,-1.463947299077733805e+04,9.186705285561038181e+01,1.807153869152392733e+00
1.004000000000000004e+00,-9.205894736842104976e+03,-9.358334650856389999e+03,1.524399140142850229e+02,2.083469385627556125e+00
1.004800000000000137e+00,-4.496669365721997565e+03,-4.483372859025032994e+03,-1.329650669696457044e+01,-2.725025657324144368e-01
1.005600000000000049e+00,-4.640647773279351895e+03,-4.684142292490118962e+03,4.349451921076706640e+01,8.817343412315957751e-01
1.006399999999999961e+00,-4.797495276653171459e+03,-4.789797101449275033e+03,-7.698175203896425955e+00,-1.406384402269071632e-01
1.007200000000000095e+00,-4.907703103913630002e+03,-4.953212121212121019e+03,4.550901729849101685e+01,9.423041704363075421e-01
1.008000000000000007e+00,-7.121619433198380648e+03,-7.126007905138339993e+03,4.388471939959345036e+00,8.563493429372610877e-02
1.008799999999999919e+00,-1.021253441295546509e+04,-1.031656389986824797e+04,1.040294869127828861e+02,2.013320276236523210e+00
1.009600000000000053e+00,-1.126382726045884010e+04,-1.133550461133069803e+04,7.167735087185792509e+01,1.521257787101589098e+00
1.010400000000000187e+00,-1.037465047233468249e+04,-1.044228722002635004e+04,6.763674769166755141e+01,1.414230352571813398e+00
1.011199999999999877e+00,-9.996437246963561847e+03,-9.984421607378129920e+03,-1.201563958543192712e+01,-2.520086880708674593e-01
1.012000000000000011e+00,-7.904388663967611137e+03,-7.868036890645586027e+03,-3.635177332202511025e+01,-2.978548444294962794e-01
1.012800000000000145e+00,9.729209176788124751e+03,9.733059288537549946e+03,-3.850111749425195740e+00,-5.191054881048589448e-02
1.013599999999999834e+00,1.078102024291497946e+04,1.081321739130434798e+04,-3.219714838936852175e+01,-3.613243367127091377e-01
1.014399999999999968e+00,-4.964016194331983570e+03,-5.074972332015810025e+03,1.109561376838264550e+02,8.152769401245142378e-01
1.015200000000000102e+00,-1.487019703103913707e+04,-1.487464558629776002e+04,4.448555258622945985e+00,7.979438525979874741e-02
1.016000000000000014e+00,-1.418908502024291556e+04,-1.424206587615283206e+04,5.298085590991649951e+01,8.160904590185719121e-01
1.016799999999999926e+00,-6.936183535762483189e+03,-6.929791831357048977e+03,-6.391704405434211367e+00,-9.411754299589590589e-02
1.017600000000000060e+00,-4.107573549257759623e+03,-4.161349143610013016e+03,5.377559435225339257e+01,1.116781211208684121e+00
1.018399999999999972e+00,-4.831611336032388863e+03,-4.748057971014492978e+03,-8.355336501789588510e+01,-1.614632693434272737e+00
1.019199999999999884e+00,-4.339821862348178001e+03,-4.368695652173913004e+03,2.887378982573500252e+01,5.687345535053391909e-01
1.020000000000000018e+00,-5.484221322537112428e+03,-5.451973649538866994e+03,-3.224767299824543443e+01,-6.493875698120309403e-01
1.020799999999999930e+00,-8.385122807017543892e+03,-8.479873517786561933e+03,9.475071076901804190e+01,1.722335307319689868e+00
1.021600000000000064e+00,-1.121926045883940606e+04,-1.124148616600790592e+04,2.222570716849986638e+01,4.609546653279731898e-01
1.022399999999999975e+00,-1.125683130904183599e+04,-1.136822134387351798e+04,1.113900348316819873e+02,2.299975700691601510e+00
1.023200000000000109e+00,-1.017366801619433136e+04,-1.017203689064558603e+04,-1.631125548745330889e+00,-3.428984621573372138e-02
1.024000000000000021e+00,-1.022894466936572280e+04,-1.022988142292490193e+04,9.367535591791238403e-01,1.962994482130682103e-02
1.024799999999999933e+00,-2.438650472334682945e+03,-2.219003952569169996e+03,-2.196465197655129487e+02,-1.182619211246507929e+00
1.025600000000000067e+00,9.151309041835356766e+03,9.267267457180500060e+03,-1.159584153451432940e+02,-1.959730692556591380e+00
1.026399999999999979e+00,4.254402159244264112e+03,4.337496706192358033e+03,-8.309454694809392095e+01,-6.818904612581080382e-01
1.027200000000000113e+00,-1.060655330634277925e+04,-1.065123583662714009e+04,4.468253028436083696e+01,4.727536365739838931e-01
1.028000000000000025e+00,-1.565538461538461524e+04,-1.570150197628458409e+04,4.611736089996884402e+01,9.187117158328679256e-01
1.028799999999999937e+00,-1.206404318488528952e+04,-1.213858234519104008e+04,7.453916030575055629e+01,1.040357568982707370e+00
1.029600000000000071e+00,-6.188307692307692378e+03,-6.137338603425559995e+03,-5.096908888213238242e+01,-9.642197399158644044e-01
1.030399999999999983e+00,-5.583114709851552107e+03,-5.533090909090909008e+03,-5.002380076064309833e+01,-1.043972932771825457e+00
1.031199999999999894e+00,-5.754645074224021300e+03,-5.682508563899868022e+03,-7.213651032415327791e+01,-1.305739630082512148e+00
1.032000000000000028e+00,-5.905446693657219839e+03,-5.827119894598155042e+03,-7.832679905906479689e+01,-1.637754500728259677e+00
1.032800000000000162e+00,-7.432982456140351132e+03,-7.421133069828722000e+03,-1.184938631162913225e+01,-2.335687514801254028e-01
1.033599999999999852e+00,-1.044469635627530442e+04,-1.055502503293807604e+04,1.103286766627716133e+02,2.103180462811250706e+00
1.034399999999999986e+00,-1.231969770580296972e+04,-1.235942028985507204e+04,3.972258405210232013e+01,8.343193960134634990e-01
1.035200000000000120e+00,-1.168375708502024281e+04,-1.156350988142292408e+04,-1.202472035973187303e+02,-2.477081757976979492e+00
1.035999999999999810e+00,-1.091662078272604595e+04,-1.088649275362318804e+04,-3.012802910285790858e+01,-6.263741534865925331e-01
1.036799999999999944e+00,-1.107787314439946022e+04,-1.108785243741765407e+04,9.979293018193857279e+00,1.951350243079084390e-01
1.037600000000000078e+00,5.933775978407556977e+03,6.201338603425559995e+03,-2.675626250180030183e+02,-1.719446975413811751e+00
1.038399999999999990e+00,1.137083940620782778e+04,1.189312252964426807e+04,-5.222831234364402917e+02,-8.314621052327563433e+00
1.039199999999999902e+00,-1.042396761133603150e+03,-8.061976284584980021e+02,-2.361991326751051474e+02,-1.566014502591329016e+00
1.040000000000000036e+00,-1.450442105263157828e+04,-1.449444005270092202e+04,-9.980999930656253127e+00,-1.496406826780413979e-01
1.040799999999999947e+00,-1.625660458839406238e+04,-1.640094861660079187e+04,1.443440282067294902e+02,2.569421811679635681e+00
1.041599999999999859e+00,-9.596717948717949184e+03,-9.544432147562582031e+03,-5.228580115536715311e+01,-6.747705877391015905e-01
1.042399999999999993e+00,-4.931541160593792483e+03,-4.711884057971014045e+03,-2.196571026227784387e+02,-4.562723369271866503e+00
1.043200000000000127e+00,-5.279870445344129621e+03,-5.011225296442687977e+03,-2.686451489014416438e+02,-5.417618725367536747e+00
1.044000000000000039e+00,-5.177004048582995893e+03,-5.120674571805006963e+03,-5.632947677798892983e+01,-1.032236610912680597e+00
1.044799999999999951e+00,-5.599438596491228054e+03,-5.396911725955204020e+03,-2.025268705360240347e+02,-4.105436049309538760e+00
1.045600000000000085e+00,-8.164707152496625895e+03,-8.084237154150197966e+03,-8.046999834642792848e+01,-1.504589881961995612e+00
1.046399999999999997e+00,-1.151309041835357675e+04,-1.143416073781291198e+04,-7.892968054066477634e+01,-1.532954033460155463e+00
1.047199999999999909e+00,-1.219169770580296972e+04,-1.221008695652173992e+04,1.838925071877019946e+01,3.864899977930499886e-01
1.048000000000000043e+00,-1.116985695006747665e+04,-1.104931752305665395e+04,-1.205394270108226920e+02,-2.518767140787669057e+00
1.048799999999999955e+00,-1.071857489878542583e+04,-1.064508036890645599e+04,-7.349452987896984268e+01,-1.525744469642212664e+00
1.049600000000000088e+00,-7.060987854251012322e+03,-6.918408432147562962e+03,-1.425794221034493603e+02,-9.327588219073380538e-01
1.050400000000000000e+00,6.860437246963562757e+03,6.922624505928853978e+03,-6.218725896529122110e+01,-1.071117013222227632e+00
1.051199999999999912e+00,5.634159244264507834e+03,5.607884057971014045e+03,2.627518629349378898e+01,2.584036969952331897e-01
1.052000000000000046e+00,-8.747703103913630912e+03,-8.842371541501976026e+03,9.466843758834511391e+01,8.283032544260375829e-01
1.052799999999999958e+00,-1.597339811066126822e+04,-1.595345454545454595e+04,-1.994356520672226907e+01,-3.877262297980573202e-01
1.053599999999999870e+00,-1.418701214574898768e+04,-1.412443741765480809e+04,-6.257472809417959070e+01,-9.575031756730469912e-01
1.054400000000000004e+00,-7.950337381916328923e+03,-7.920822134387351980e+03,-2.951524752897694270e+01,-4.951491849402195333e-01
1.055200000000000138e+00,-6.441543859649123078e+03,-6.360453227931488982e+03,-8.109063171763409628e+01,-1.696846353533889351e+00
1.055999999999999828e+00,-6.733128205128205082e+03,-6.723710144927536021e+03,-9.418060200669060578e+00,-1.739419358331865950e-01
1.056799999999999962e+00,-6.826753036437246919e+03,-6.775314888010540017e+03,-5.143814842670690268e+01,-1.045072480207120735e+00
1.057600000000000096e+00,-7.851184885290148486e+03,-7.942577075098814021e+03,9.139218980866553466e+01,1.815628424772717686e+00
1.058399999999999785e+00,-1.075830499325236087e+04,-1.074576021080368992e+04,-1.254478244867095782e+01,-2.321500345772146423e-01
1.059199999999999919e+00,-1.297990823211875795e+04,-1.298213438735177806e+04,2.226155233020108426e+00,4.630631332509238529e-02
1.060000000000000053e+00,-1.278393522267206390e+04,-1.270690909090909008e+04,-7.702613176297381870e+01,-1.572063037373765182e+00
1.060799999999999965e+00,-1.178964642375168660e+04,-1.184944400527009202e+04,5.979758151840542268e+01,1.266614812632827602e+00
1.061599999999999877e+00,-1.204771929824561448e+04,-1.207357048748353009e+04,2.585118923791560519e+01,5.353039382936934931e-01
1.062400000000000011e+00,-6.686747638326585729e+03,-6.714519104084321043e+03,2.777146575773531367e+01,2.725306482435957411e-01
1.063200000000000145e+00,-3.315217273954116081e+03,-3.128748353096179017e+03,-1.864689208579370643e+02,-3.640925448255222907e+00
1.064000000000000057e+00,-7.287967611336031950e+03,-7.284700922266139969e+03,-3.266689069891981489e+00,-4.186279470943334718e-02
1.064799999999999969e+00,-1.428417813765182109e+04,-1.430749934123847197e+04,2.332120358665088133e+01,4.058946126544073496e-01
1.065600000000000103e+00,-1.621557894736842172e+04,-1.630861660079051398e+04,9.303765342209226219e+01,1.935277806086911800e+00
1.066400000000000015e+00,-1.398464777327935190e+04,-1.397679051383399201e+04,-7.857259445359886740e+00,-1.410125264179074855e-01
1.067199999999999926e+00,-1.161517948717948639e+04,-1.162219762845849800e+04,7.018141279011615552e+00,1.449608096259753787e-01
1.068000000000000060e+00,-1.181858029689608702e+04,-1.177524110671936796e+04,-4.333919017671905749e+01,-8.784702747592515459e-01
1.068799999999999972e+00,-1.182954925775978336e+04,-1.185028722002635004e+04,2.073796226656668296e+01,3.760207007909170396e-01
1.069600000000000106e+00,-1.204780566801619352e+04,-1.203731225296442608e+04,-1.049341505176744249e+01,-2.164767401819645276e-01
1.070400000000000018e+00,-1.345235087719298281e+04,-1.342456916996047403e+04,-2.778170723250877927e+01,-5.671977296442231031e-01
1.071199999999999930e+00,-1.531223751686909600e+04,-1.530468511198945998e+04,-7.552404879636014812e+00,-1.523924479960878375e-01
1.072000000000000064e+00,-1.599447233468286140e+04,-1.606577075098814203e+04,7.129841630528062524e+01,1.525659490241227489e+00
1.072799999999999976e+00,-1.571938461538461524e+04,-1.580091699604743008e+04,8.153238066281483043e+01,1.732809266162406159e+00
1.073599999999999888e+00,-1.550052361673414271e+04,-1.550975494071146204e+04,9.231323977319334517e+00,1.925388636958263733e-01
1.074400000000000022e+00,-1.525359244264507470e+04,-1.525468247694334605e+04,1.090034298271348234e+00,1.772129013779209783e-02
1.075200000000000156e+00,-6.482914979757084666e+02,-2.210065876152832800e+02,-4.272849103604252150e+02,-3.365008855745318161e+00
1.075999999999999845e+00,3.975255060728744866e+03,4.515077733860342960e+03,-5.398226731315980942e+02,-9.130037406201283900e+00
1.076799999999999979e+00,-7.095622132253711243e+03,-6.759631093544137002e+03,-3.359910387095742408e+02,-2.551007764333831584e+00
1.077600000000000113e+00,-1.837585964912280542e+04,-1.841572595520421601e+04,3.986630608141058474e+01,6.209088738899319893e-01
1.078400000000000025e+00,-1.958685020242914834e+04,-1.960777865612648384e+04,2.092845369733549887e+01,3.870645947978542112e-01
1.079199999999999937e+00,-1.369384075573549308e+04,-1.364363636363636397e+04,-5.020439209912910883e+01,-7.167728757642582993e-01
1.080000000000000071e+00,-9.817565452091768748e+03,-9.578245059288537959e+03,-2.393203928032307886e+02,-4.888506122925069697e+00
1.080800000000000205e+00,-1.014490688259109265e+04,-9.965870882740447996e+03,-1.790359998506446573e+02,-3.437561903392330365e+00
1.081599999999999895e+00,-9.610882591093117298e+03,-9.353022397891963919e+03,-2.578601932011533791e+02,-4.984046952803024233e+00
1.082400000000000029e+00,-1.031997840755735524e+04,-1.014555994729907798e+04,-1.744184602582772641e+02,-3.473589397799541789e+00
1.083200000000000163e+00,-1.264487989203778670e+04,-1.242257707509881402e+04,-2.223028169389726827e+02,-4.107425299010983188e+00
1.083999999999999853e+00,-1.538720647773279416e+04,-1.524894861660079005e+04,-1.382578611320041091e+02,-2.711793040602975324e+00
1.084799999999999986e+00,-1.590931174089068736e+04,-1.578666666666666606e+04,-1.226450742240213003e+02,-2.563029064974222226e+00
1.085600000000000120e+00,-1.483668556005398023e+04,-1.477126745718050006e+04,-6.541810287348016573e+01,-1.365334671006722234e+00
1.086400000000000032e+00,-1.456824831309041838e+04,-1.440269828722002603e+04,-1.655500258703923464e+02,-3.423937939575317113e+00
1.087199999999999944e+00,-1.236573279352226746e+04,-1.214937549407114602e+04,-2.163572994511214347e+02,-2.197447907872940753e+00
1.088000000000000078e+00,-4.526466936572199302e+03,-4.311694334650856035e+03,-2.147726019213432664e+02,-4.125979153306010616e+00
1.088799999999999990e+00,-5.657738191632928647e+03,-5.512600790513833999e+03,-1.451374011190946476e+02,-1.965385684664942678e+00
1.089599999999999902e+00,-1.439861808367071535e+04,-1.423591040843214796e+04,-1.627076752385673899e+02,-2.117170940691369019e+00
1.090400000000000036e+00,-1.846965721997301080e+04,-1.840577602108036808e+04,-6.388119889264271478e+01,-1.281771059816317671e+00
1.091199999999999948e+00,-1.750577058029689579e+04,-1.735774440052700811e+04,-1.480261797698876762e+02,-2.729337967689851485e+00
1.092000000000000082e+00,-1.378988394062078260e+04,-1.361707509881422993e+04,-1.728088418065526639e+02,-3.374617605312576263e+00
1.092799999999999994e+00,-1.306662348178137654e+04,-1.297412384716732595e+04,-9.249963461405059206e+01,-1.960529524153444170e+00
1.093599999999999905e+00,-1.308130634278002617e+04,-1.303719631093544194e+04,-4.411003184458422766e+01,-7.914515421635437420e-01
1.094400000000000039e+00,-1.348171659919028389e+04,-1.338586561264822194e+04,-9.585098654206194624e+01,-1.939393319339935973e+00
1.095199999999999951e+00,-1.425325775978407546e+04,-1.408860079051383400e+04,-1.646569692702414613e+02,-3.283019977052935801e+00
1.095999999999999863e+00,-1.609828879892037730e+04,-1.596703030303030391e+04,-1.312584958900733909e+02,-2.618190866178501164e+00
1.096799999999999997e+00,-1.747536842105262986e+04,-1.734096442687747185e+04,-1.344039941751580045e+02,-2.810600449596067030e+00
1.097600000000000131e+00,-1.728043184885290248e+04,-1.726625559947299189e+04,-1.417624937991058687e+01,-2.921453431472836870e-01
1.098400000000000043e+00,-1.686058839406207699e+04,-1.672980237154150018e+04,-1.307860225205768074e+02,-2.728874779626363711e+00
1.099199999999999955e+00,-1.697045074224021664e+04,-1.692837944664031602e+04,-4.207129559990062262e+01,-8.846413848947152214e-01
1.100000000000000089e+00,-7.579292847503374105e+03,-7.369781291172595957e+03,-2.095115563307781485e+02,-1.169798657087160576e+00
1.100800000000000001e+00,7.946018893387314108e+01,1.346613965744400616e+02,-5.520120764056692053e+01,-9.299815602051205721e-01
1.101599999999999913e+00,-6.002785425101214969e+03,-5.935894598155467975e+03,-6.689082694574699417e+01,-5.804345145860606570e-01
1.102400000000000047e+00,-1.798538191632928647e+04,-1.790448484848484804e+04,-8.089706784443842480e+01,-1.093053243301193467e+00
1.103200000000000180e+00,-2.110954925775978336e+04,-2.090127009222661218e+04,-2.082791655331711809e+02,-4.236521970408707816e+00
1.103999999999999870e+00,-1.698228340080971611e+04,-1.695983135704874803e+04,-2.245204376096808119e+01,-3.352329694034404395e-01
1.104800000000000004e+00,-1.225897975708502054e+04,-1.222796310935441397e+04,-3.101664773060656444e+01,-6.129976418904303781e-01
1.105600000000000138e+00,-1.209081781376518302e+04,-1.210485375494071195e+04,1.403594117552893294e+01,2.847046186716328253e-01
1.106399999999999828e+00,-1.222304993252361601e+04,-1.208815810276679804e+04,-1.348918297568179696e+02,-2.434475504720560846e+00
1.107199999999999962e+00,-1.220612145748987859e+04,-1.219035573122529604e+04,-1.576572626458255399e+01,-3.231952860976703978e-01
1.108000000000000096e+00,-1.383125506072874487e+04,-1.384094861660079005e+04,9.693555872045180877e+00,1.919939257705318980e-01
1.108800000000000008e+00,-1.651588663967611501e+04,-1.646427404479578399e+04,-5.161259488033101661e+01,-1.012247239616023808e+00
1.109599999999999920e+00,-1.759032658569500563e+04,-1.749012911725955200e+04,-1.001974684354536294e+02,-2.136526550662527058e+00
1.110400000000000054e+00,-1.676713630229419869e+04,-1.671142028985507204e+04,-5.571601243912664359e+01,-1.185382185963351764e+00
1.111199999999999966e+00,-1.625643184885290066e+04,-1.622969169960474392e+04,-2.674014924815674021e+01,-5.527939095193679098e-01
1.111999999999999877e+00,-1.559319838056680237e+04,-1.554129117259552004e+04,-5.190720797128233244e+01,-8.089972431079307524e-01
1.112800000000000011e+00,-3.705867746288799026e+03,-3.751968379446640483e+03,4.610063315784145743e+01,5.900211369540517836e-01
1.113599999999999923e+00,-2.185068825910931082e+03,-2.231905138339920995e+03,4.683631242898991331e+01,7.148725249700195183e-01
1.114400000000000057e+00,-1.230423751686909600e+04,-1.235351778656126407e+04,4.928026969216807629e+01,4.904928485020192408e-01
1.115199999999999969e+00,-1.966872874493927156e+04,-1.962987088274044800e+04,-3.885786219882356818e+01,-7.518163479365503887e-01
1.115999999999999881e+00,-1.972823751686909600e+04,-1.969876152832674416e+04,-2.947598854235184263e+01,-5.424191643368511118e-01
1.116800000000000015e+00,-1.485024561403508778e+04,-1.469799209486166001e+04,-1.522535191734277760e+02,-2.531325801907688078e+00
1.117599999999999927e+00,-1.262829689608636909e+04,-1.265083530961791803e+04,2.253841353154894023e+01,4.647500949356588307e-01
1.118400000000000061e+00,-1.306895546558704518e+04,-1.308711462450592808e+04,1.815915891888289480e+01,3.454115151750545287e-01
1.119199999999999973e+00,-1.269721997300944713e+04,-1.269341765480895992e+04,-3.802318200487206923e+00,-7.379172259310291804e-02
1.120000000000000107e+00,-1.355046693657220021e+04,-1.346209222661396598e+04,-8.837470995823423436e+01,-1.769706008971464239e+00
1.120800000000000018e+00,-1.545302024291497946e+04,-1.552299341238471607e+04,6.997316946973660379e+01,1.334243436941289662e+00
1.121599999999999930e+00,-1.750102024291497946e+04,-1.752579710144927594e+04,2.477685853429647977e+01,5.239032196370441152e-01
1.122400000000000064e+00,-1.766970040485830032e+04,-1.769764426877470396e+04,2.794386391640364309e+01,5.740746659435723709e-01
1.123200000000000198e+00,-1.689928205128205082e+04,-1.677567325428194818e+04,-1.236087970001026406e+02,-2.613368026180633130e+00
1.123999999999999888e+00,-1.680565721997301080e+04,-1.680678787878787989e+04,1.130658814869093476e+00,2.321802584331369643e-02
1.124800000000000022e+00,-1.193094736842105340e+04,-1.182558102766798402e+04,-1.053663407530693803e+02,-7.013149832883645018e-01
1.125600000000000156e+00,-1.501538461538461434e+03,-1.399483530961791757e+03,-1.020549305766696762e+02,-1.767214955473117577e+00
1.126399999999999846e+00,-4.141948717948717785e+03,-4.031494071146245005e+03,-1.104546468024727801e+02,-1.124385046592675463e+00
1.127199999999999980e+00,-1.619839136302294173e+04,-1.615768115942028999e+04,-4.071020360265174531e+01,-4.601635120291968084e-01
1.128000000000000114e+00,-2.088947908232118789e+04,-2.086636100131752391e+04,-2.311808100366397412e+01,-4.601086761115805723e-01
1.128800000000000026e+00,-1.844841025641025772e+04,-1.851834519104084393e+04,6.993493463058621273e+01,1.111026276469028407e+00
1.129599999999999937e+00,-1.344570040485830032e+04,-1.339370750988142208e+04,-5.199289497687823314e+01,-9.643299419740742895e-01
1.130400000000000071e+00,-1.266120377867746356e+04,-1.256524901185770796e+04,-9.595476681975560496e+01,-1.972359167777768763e+00
1.131199999999999983e+00,-1.280656410256410345e+04,-1.261938339920948602e+04,-1.871807033546174353e+02,-3.329813015151427358e+00
1.131999999999999895e+00,-1.277676653171389989e+04,-1.274510671936758808e+04,-3.165981234631180996e+01,-6.484005953816254220e-01
1.132800000000000029e+00,-1.390622402159244302e+04,-1.388656653491436191e+04,-1.965748667808111350e+01,-3.914981687080673622e-01
1.133599999999999941e+00,-1.629313900134952746e+04,-1.631342292490118598e+04,2.028392355165851768e+01,3.898493970010513121e-01
1.134400000000000075e+00,-1.791490418353576388e+04,-1.787564690382081608e+04,-3.925727971494779922e+01,-8.258506681504672597e-01
1.135199999999999987e+00,-1.737543859649122896e+04,-1.724306719367588812e+04,-1.323714028153408435e+02,-2.747009289578484115e+00
1.135999999999999899e+00,-1.667299325236167351e+04,-1.663502503293807604e+04,-3.796821942359747482e+01,-7.876098523111090266e-01
1.136800000000000033e+00,-1.684210526315789321e+04,-1.678393675889328006e+04,-5.816850426461314783e+01,-1.182809893280424740e+00
1.137599999999999945e+00,-5.926089068825910545e+03,-5.919704874835309965e+03,-6.384193990600579127e+00,-4.589030766694806446e-02
1.138400000000000079e+00,-1.523390013495276662e+03,-1.505054018445322754e+03,-1.833599504995390816e+01,-3.078316752026486469e-01
1.139199999999999990e+00,-9.217986504723347025e+03,-9.280674571805006053e+03,6.268806708165902819e+01,5.838146411399866009e-01
1.140000000000000124e+00,-1.907510931174088910e+04,-1.898498023715415184e+04,-9.012907458673726069e+01,-1.507791068449100935e+00
1.140800000000000036e+00,-2.071786234817813602e+04,-2.074552832674571982e+04,2.766597856758380658e+01,5.418779273159400889e-01
1.141599999999999948e+00,-1.631352226720647741e+04,-1.624891699604743008e+04,-6.460527115904733364e+01,-9.993974722283696099e-01
1.142400000000000082e+00,-1.273435897435897459e+04,-1.274013175230566594e+04,5.772777946691348916e+00,1.181862073409893077e-01
1.143199999999999994e+00,-1.296107962213225437e+04,-1.284367852437417605e+04,-1.174010977580783219e+02,-2.345607188174268387e+00
1.143999999999999906e+00,-1.279879082321187525e+04,-1.285683267457180591e+04,5.804185135993066069e+01,1.048024067241842161e+00
1.144800000000000040e+00,-1.311784075573549308e+04,-1.308011594202898596e+04,-3.772481370650712051e+01,-7.575059709925665574e-01
1.145600000000000174e+00,-1.489325775978407546e+04,-1.493358629776021007e+04,4.032853797613461211e+01,7.875636618068132533e-01
1.146399999999999864e+00,-1.732344399460189015e+04,-1.729391304347826008e+04,-2.953095112363007502e+01,-5.821517917256421315e-01
1.147199999999999998e+00,-1.785954116059379157e+04,-1.793492490118577189e+04,7.538374059198031318e+01,1.579022761861389901e+00
1.148000000000000131e+00,-1.711546558704453491e+04,-1.705393412384716794e+04,-6.153146319736697478e+01,-1.291209331652296788e+00
1.148799999999999821e+00,-1.671756005398110574e+04,-1.668966534914361182e+04,-2.789470483749391860e+01,-5.770503556948053392e-01
1.149599999999999955e+00,-1.511989203778677438e+04,-1.503241106719367599e+04,-8.748097059309839096e+01,-9.929510122092448654e-01
1.150400000000000089e+00,-6.963994601889338583e+02,-5.636890645586297524e+02,-1.327103956303041059e+02,-2.139409772929436571e+00
1.151200000000000001e+00,-3.763130904183535677e+02,-2.136706192358366252e+02,-1.626424711825169425e+02,-2.001311410433920468e+00
1.151999999999999913e+00,-1.300391902834008033e+04,-1.292285638998682407e+04,-8.106263835325626133e+01,-7.135967330906481942e-01
1.152800000000000047e+00,-2.057751147098515503e+04,-2.061786561264822012e+04,4.035414166306509287e+01,7.716813441356783487e-01
1.153599999999999959e+00,-1.969066666666666788e+04,-1.974303030303030391e+04,5.236363636363603291e+01,8.625620070191007960e-01
1.154399999999999871e+00,-1.390803778677462833e+04,-1.385342819499341203e+04,-5.460959178121629520e+01,-8.718688561883436439e-01
1.155200000000000005e+00,-1.181037516869095816e+04,-1.164420553359683799e+04,-1.661696350941201672e+02,-3.410612583349224458e+00
1.156000000000000139e+00,-1.192101484480431827e+04,-1.181672727272727207e+04,-1.042875720770462067e+02,-1.856092608624166918e+00
1.156800000000000050e+00,-1.202664507422402130e+04,-1.186689855072463797e+04,-1.597465234993833292e+02,-3.151877968293694376e+00
1.157599999999999962e+00,-1.273729554655870379e+04,-1.271610013175230597e+04,-2.119541480639782094e+01,-4.165783585053454696e-01
1.158400000000000096e+00,-1.510158164642375232e+04,-1.502962845849802397e+04,-7.195318792572834354e+01,-1.347650010764220196e+00
1.159200000000000008e+00,-1.726384885290148304e+04,-1.727384453227931590e+04,9.995679377832857426e+00,2.080229250580949985e-01
1.159999999999999920e+00,-1.721738191632928647e+04,-1.704508036890645599e+04,-1.723015474228304811e+02,-3.535830000283434416e+00
1.160800000000000054e+00,-1.617766261808367017e+04,-1.615101976284584998e+04,-2.664285523782018572e+01,-5.586205876608968390e-01
1.161599999999999966e+00,-1.617740350877192941e+04,-1.615599472990777394e+04,-2.140877886415546527e+01,-4.458406248096228319e-01
1.162400000000000100e+00,-8.916037786774628330e+03,-8.800716732542819955e+03,-1.153210542318083753e+02,-6.831087394758413867e-01
1.163200000000000012e+00,-1.279913630229419596e+03,-1.070376811594202991e+03,-2.095368186352166049e+02,-3.520760461123892071e+00
1.163999999999999924e+00,-5.601425101214575079e+03,-5.594055335968379040e+03,-7.369765246196038788e+00,-6.996145651057644743e-02
1.164800000000000058e+00,-1.694998110661268583e+04,-1.695494071146245187e+04,4.959604849766037660e+00,6.442405943642068311e-02
1.165599999999999969e+00,-2.049114170040485988e+04,-2.049298550724637607e+04,1.843806841516197892e+00,3.754399249630376023e-02
1.166399999999999881e+00,-1.727239946018893534e+04,-1.714331488801054002e+04,-1.290845721783953195e+02,-1.995042029612251522e+00
1.167200000000000015e+00,-1.260843184885290066e+04,-1.259948353096179198e+04,-8.948317891108672484e+00,-1.725642354319386063e-01
1.168000000000000149e+00,-1.232703913630229363e+04,-1.226835309617918392e+04,-5.868604012310970575e+01,-1.174429658755253181e+00
1.168799999999999839e+00,-1.245339811066126822e+04,-1.247350724637681196e+04,2.010913571554374357e+01,3.583652588141967299e-01
1.169599999999999973e+00,-1.246721727395411654e+04,-1.245394466403162005e+04,-1.327260992249648552e+01,-2.734362549372537088e-01
1.170400000000000107e+00,-1.386424831309041838e+04,-1.376649275362318804e+04,-9.775555946723034140e+01,-1.946847848849968532e+00
1.171199999999999797e+00,-1.642286639676113191e+04,-1.633315415019762804e+04,-8.971224656350386795e+01,-1.733686226565787747e+00
1.171999999999999931e+00,-1.750007017543859547e+04,-1.754561264822134399e+04,4.554247278274851851e+01,9.689892220305341697e-01
1.172800000000000065e+00,-1.692458839406207699e+04,-1.693040316205533600e+04,5.814767993259010836e+00,1.221457896887816336e-01
1.173599999999999977e+00,-1.623397570850202464e+04,-1.618921739130434798e+04,-4.475831719767666073e+01,-9.238409722927292123e-01
1.174399999999999888e+00,-1.626204588394062012e+04,-1.621982608695652198e+04,-4.221979698409813864e+01,-8.062678577840404204e-01
1.175200000000000022e+00,-3.624939271255060703e+03,-3.473791831357048522e+03,-1.511474398980121805e+02,-1.184474810758908037e+00
1.176000000000000156e+00,3.601619433198380449e+01,2.515309617918313450e+02,-2.155147674598475476e+02,-3.601290381425060083e+00
1.176799999999999846e+00,-9.526672064777327250e+03,-9.308079051383399928e+03,-2.185930133939273219e+02,-1.900539853208233376e+00
1.177599999999999980e+00,-1.925329014844804260e+04,-1.923549934123847197e+04,-1.779080720957063022e+01,-3.040675408430195126e-01
1.178400000000000114e+00,-2.029784615384615245e+04,-2.029972068511198813e+04,1.874531265835685190e+00,3.502455427034155411e-02
1.179200000000000026e+00,-1.508689878542510087e+04,-1.506529644268774791e+04,-2.160234273735295574e+01,-3.245920115043700038e-01
1.179999999999999938e+00,-1.179759244264507470e+04,-1.162354677206851193e+04,-1.740456705765627703e+02,-3.559626406501072537e+00
1.180800000000000072e+00,-1.224861538461538476e+04,-1.214279841897233200e+04,-1.058169656430527539e+02,-2.011904045731394142e+00
1.181599999999999984e+00,-1.177781376518218713e+04,-1.164530171277997397e+04,-1.325120524022131576e+02,-2.539598283043754456e+00
1.182400000000000118e+00,-1.241384075573549308e+04,-1.234390513833992009e+04,-6.993561739557299006e+01,-1.379100883348748807e+00
1.183200000000000029e+00,-1.440095006747638399e+04,-1.418565480895915607e+04,-2.152952585172279214e+02,-4.087738057539996639e+00
1.183999999999999941e+00,-1.674286639676113191e+04,-1.668730434782608791e+04,-5.556204893504400388e+01,-1.110131382046931847e+00
1.184800000000000075e+00,-1.719440755735492712e+04,-1.709474571805006417e+04,-9.966183930486295139e+01,-2.058765032221725022e+00
1.185599999999999987e+00,-1.625807287449392788e+04,-1.623719631093544194e+04,-2.087656355848594103e+01,-4.305404915444069891e-01
1.186399999999999899e+00,-1.603333873144399513e+04,-1.593035046113306998e+04,-1.029882703109251452e+02,-2.117372226828895254e+00
1.187200000000000033e+00,-1.239414844804318454e+04,-1.222104874835309602e+04,-1.730996996900885279e+02,-1.202405136360300331e+00
1.188000000000000167e+00,2.707692307692307736e+02,3.906613965744400616e+02,-1.198921658052092880e+02,-2.038157791987739831e+00
1.188799999999999857e+00,-9.243292847503373650e+02,-9.539288537549407465e+02,2.959956900460338147e+01,3.113621063947614731e-01
1.189599999999999991e+00,-1.405452091767881211e+04,-1.399407641633728599e+04,-6.044450134152612009e+01,-5.878242412083841684e-01
1.190400000000000125e+00,-2.021285829959514012e+04,-2.016497496706192396e+04,-4.788333253321616212e+01,-9.155407754846766055e-01
1.191199999999999815e+00,-1.848909041835357493e+04,-1.830998682476943213e+04,-1.791035935841428000e+02,-2.835866543571312182e+00
1.191999999999999948e+00,-1.261603238866396714e+04,-1.256971805006587601e+04,-4.631433859809112619e+01,-8.020703642574542602e-01
1.192800000000000082e+00,-1.119568151147098433e+04,-1.119519367588932801e+04,-4.878355816563271219e-01,-1.014190751618409582e-02
1.193599999999999994e+00,-1.133370040485830032e+04,-1.130481159420289805e+04,-2.888881065540226700e+01,-5.143156378792392847e-01
1.194399999999999906e+00,-1.157475843454790811e+04,-1.155237944664031602e+04,-2.237898790759209078e+01,-4.490857312532280377e-01
1.195200000000000040e+00,-1.241124966261808368e+04,-1.229837154150197603e+04,-1.128781211161076499e+02,-2.232951735732138676e+00
1.196000000000000174e+00,-1.494706612685560140e+04,-1.484041106719367599e+04,-1.066550596619254065e+02,-2.014131984293001665e+00
1.196799999999999864e+00,-1.689859109311740758e+04,-1.678764690382081608e+04,-1.109441892965915031e+02,-2.300638533388683182e+00
1.197599999999999998e+00,-1.645326855600539784e+04,-1.647346508563899988e+04,2.019652963360204012e+01,4.121831385711879903e-01
1.198400000000000132e+00,-1.560252631578947330e+04,-1.550857444005270008e+04,-9.395187573677321780e+01,-1.914259769092352181e+00
1.199200000000000044e+00,-1.567119028340081059e+04,-1.562679314888010595e+04,-4.439713452070463973e+01,-9.075690519739932904e-01
1.199999999999999956e+00,-3.986569500674763731e+03,-3.940005270092226510e+03,-4.656423058253722047e+01,-1.459948355392831909e-01
1.200800000000000090e+00,5.381354925775978700e+03,5.286534914361001029e+03,9.482001141497767094e+01,4.460306303060134203e-01
1.201600000000000001e+00,-3.081327935222671840e+03,-2.927051383399209499e+03,-1.542765518234623414e+02,-8.434881733372882051e-01
1.202399999999999913e+00,-1.662730364372469558e+04,-1.657338603425559995e+04,-5.391760946909562335e+01,-3.891310071760172296e-01
1.203200000000000047e+00,-2.058519838056680237e+04,-2.058616073781291198e+04,9.623572461096046027e-01,1.030157330920250351e-02
1.203999999999999959e+00,-1.523761403508771946e+04,-1.512895915678524398e+04,-1.086548783024754812e+02,-1.624983598331549484e+00
1.204800000000000093e+00,-9.796232118758434808e+03,-9.527736495388669937e+03,-2.684956233697648713e+02,-3.119933210616721020e+00
1.205600000000000005e+00,-9.768680161943319035e+03,-9.668047430830039957e+03,-1.006327311132790783e+02,-1.888031148346983823e+00
1.206399999999999917e+00,-1.001224291497975719e+04,-9.766703557312252087e+03,-2.455393576675051008e+02,-4.204442176743046211e+00
1.207200000000000051e+00,-9.862132253711200974e+03,-9.680442687747035961e+03,-1.816895659641650127e+02,-3.156183284410223777e+00
1.207999999999999963e+00,-1.181970310391363091e+04,-1.161831884057971001e+04,-2.013842633339208987e+02,-3.760104654432277371e+00
1.208799999999999875e+00,-1.432563562753036422e+04,-1.427065085638998607e+04,-5.498477114037814317e+01,-8.174915473937443000e-01
1.209600000000000009e+00,-1.609569770580296972e+04,-1.596036890645586209e+04,-1.353287993471076334e+02,-2.750529474042510358e+00
1.210400000000000142e+00,-1.455011066126855621e+04,-1.437537812911725996e+04,-1.747325321512962546e+02,-3.474256072968230136e+00
1.211199999999999832e+00,-1.473563292847503362e+04,-1.455169433465085604e+04,-1.839385938241775875e+02,-3.648206562319021629e+00
1.211999999999999966e+00,-1.349916329284750282e+04,-1.331149407114624591e+04,-1.876692217012569017e+02,-3.163871697546485784e+00
1.212800000000000100e+00,-1.155541160593792119e+04,-1.146038471673254207e+04,-9.502688920537912054e+01,-1.867706282283648767e+00
1.213600000000000012e+00,-1.038415114709851514e+04,-1.035299077733860395e+04,-3.116036975991119107e+01,-5.664844607384601494e-01
1.214399999999999924e+00,-1.482087989203778670e+04,-1.474984980237154195e+04,-7.103008966624474851e+01,-1.190665059465385589e+00
1.215200000000000058e+00,-1.702037246963562575e+04,-1.683452964426877588e+04,-1.858428253668498655e+02,-3.723633138060587378e+00
1.216000000000000192e+00,-1.782283400809716477e+04,-1.764983399209486015e+04,-1.730000160023046192e+02,-3.541853381077966656e+00
1.216799999999999882e+00,-1.573994062078272691e+04,-1.558581291172595593e+04,-1.541277090567709820e+02,-3.035559258782504433e+00
1.217600000000000016e+00,-1.570573819163292865e+04,-1.567207378129117205e+04,-3.366441034175659297e+01,-6.964171052025588393e-01
1.218400000000000150e+00,-1.577224291497975719e+04,-1.565386034255599407e+04,-1.183825724237631221e+02,-2.222632423355100695e+00
1.219199999999999839e+00,-1.580160863697705827e+04,-1.570900658761528393e+04,-9.260204936177433410e+01,-1.748351275053880549e+00
1.219999999999999973e+00,-1.630704453441295482e+04,-1.615042951251646991e+04,-1.566150218964849046e+02,-3.202502592887021216e+00
1.220800000000000107e+00,-1.741015924426450874e+04,-1.736887483530961617e+04,-4.128440895489256945e+01,-8.294470348502291923e-01
1.221600000000000019e+00,-1.824906882591093017e+04,-1.816756785243741615e+04,-8.150097347351402277e+01,-1.750587629186823646e+00
1.222399999999999931e+00,-1.849090418353576388e+04,-1.838663504611330791e+04,-1.042691374224559695e+02,-2.167454043993955803e+00
1.223200000000000065e+00,-1.827947098515519610e+04,-1.806300922266139605e+04,-2.164617624938000517e+02,-4.605771841146908407e+00
1.223999999999999977e+00,-1.837542780026990658e+04,-1.828722002635046010e+04,-8.820777391944648116e+01,-1.825998835145675070e+00
1.224799999999999889e+00,-1.843113630229419869e+04,-1.837078260869565202e+04,-6.035369359854666982e+01,-1.064528982784998412e+00
1.225600000000000023e+00,-1.845143319838056777e+04,-1.842407378129117205e+04,-2.735941708939571981e+01,-5.589540911303503279e-01
1.226399999999999935e+00,-1.913695006747638399e+04,-1.894745718050065989e+04,-1.894928869757241046e+02,-3.878870289137251071e+00
1.227200000000000069e+00,-1.964471794871794918e+04,-1.958265085638998789e+04,-6.206709232796129072e+01,-1.280396285110535493e+00
1.227999999999999980e+00,-2.014039406207827415e+04,-2.003579446640316382e+04,-1.045995956751103222e+02,-2.174325921656921512e+00
1.228799999999999892e+00,-2.004374628879892043e+04,-2.002171277997364814e+04,-2.203350882527229260e+01,-4.583165163799425290e-01
1.229600000000000026e+00,-2.027590823211875977e+04,-2.015156785243741615e+04,-1.243403796813436202e+02,-2.608190973258508460e+00
1.230399999999999938e+00,-2.041358164642375050e+04,-2.028547035573122412e+04,-1.281112906925263815e+02,-2.653714869222146167e+00
1.231199999999999850e+00,-2.031581106612685471e+04,-2.012188669301712798e+04,-1.939243731097267300e+02,-3.436742999058638226e+00
1.231999999999999984e+00,-2.036685560053980953e+04,-2.033134123847167211e+04,-3.551436206813741592e+01,-7.344944669807104143e-01
1.232800000000000118e+00,-2.100365991902834139e+04,-2.095017654808959196e+04,-5.348337093874943093e+01,-1.104926208081484784e+00
1.233600000000000030e+00,-2.132797840755735524e+04,-2.125786561264822012e+04,-7.011279490913511836e+01,-1.433290267939191009e+00
1.234399999999999942e+00,-2.165635627530364218e+04,-2.152541765480895992e+04,-1.309386204946822545e+02,-2.722820699025758184e+00
1.235200000000000076e+00,-2.160565721997301080e+04,-2.144446903820816806e+04,-1.611881817648427386e+02,-3.375465479662653312e+00
1.235999999999999988e+00,-2.176975978407557341e+04,-2.166792094861660007e+04,-1.018388354589733353e+02,-2.101797909604672832e+00
1.236799999999999899e+00,-2.180111201079621969e+04,-2.163714361001317593e+04,-1.639684007830437622e+02,-3.331409895992861525e+00
1.237600000000000033e+00,-2.178478812415654465e+04,-2.166901712779973604e+04,-1.157709963568086096e+02,-2.056029846472390954e+00
1.238400000000000167e+00,-2.189447773279352259e+04,-2.179389723320158009e+04,-1.005804995919424982e+02,-2.069427854145602819e+00
1.239199999999999857e+00,-2.236208367071524845e+04,-2.234923847167325584e+04,-1.284519904199260054e+01,-2.658756276207657199e-01
1.239999999999999991e+00,-2.266860998650472175e+04,-2.251501449275362393e+04,-1.535954937510978198e+02,-3.170798681157245280e+00
1.240800000000000125e+00,-2.280282860998650358e+04,-2.272286693017127618e+04,-7.996167981522739865e+01,-1.666708195914925694e+00
1.241599999999999815e+00,-2.277829959514169968e+04,-2.264765217391304395e+04,-1.306474212286557304e+02,-2.753757719019503281e+00
1.242399999999999949e+00,-2.289990823211875977e+04,-2.286166007905138395e+04,-3.824815306737582432e+01,-7.849384870131551617e-01
1.243200000000000083e+00,-2.293419703103913707e+04,-2.279201054018445211e+04,-1.421864908546849620e+02,-2.822699437331372518e+00
1.243999999999999995e+00,-2.259415924426450874e+04,-2.254520158102766800e+04,-4.895766323684074450e+01,-8.980703713414337486e-01
1.244799999999999907e+00,-2.291122267206477773e+04,-2.274647694334650805e+04,-1.647457287182696746e+02,-3.357616180118808025e+00
1.245600000000000041e+00,-2.339713900134952928e+04,-2.338748880105401986e+04,-9.650200295509421267e+00,-2.020634933833104774e-01
1.246399999999999952e+00,-2.368328205128205082e+04,-2.358589723320158009e+04,-9.738481808047072263e+01,-2.007301966711139141e+00
1.247200000000000086e+00,-2.366678542510121406e+04,-2.358454808959156799e+04,-8.223733550964607275e+01,-1.703336031460881639e+00
1.247999999999999998e+00,-2.362524156545209189e+04,-2.351397101449275215e+04,-1.112705509593397437e+02,-2.295870271205747493e+00
1.248799999999999910e+00,-2.357704723346828541e+04,-2.355672200263504783e+04,-2.032523083323758328e+01,-4.212155742814226445e-01
1.249600000000000044e+00,-2.351978407557354876e+04,-2.346127009222661218e+04,-5.851398334693658398e+01,-1.048588653892403189e+00
1.250399999999999956e+00,-2.357531983805667915e+04,-2.349870882740447996e+04,-7.661101065219918382e+01,-1.535894902047279853e+00
1.251200000000000090e+00,-2.380419973009446767e+04,-2.366195520421607216e+04,-1.422445258783955069e+02,-2.929148342306921560e+00
1.252000000000000002e+00,-2.410165721997301080e+04,-2.400008432147562417e+04,-1.015728984973866318e+02,-2.118066349535222326e+00
1.252800000000000136e+00,-2.429313900134952928e+04,-2.426316732542819591e+04,-2.997167592133337166e+01,-6.294775676187061020e-01
1.253600000000000048e+00,-2.418085829959514012e+04,-2.419343346508563991e+04,1.257516549049978494e+01,2.589504132233216294e-01
1.254399999999999959e+00,-2.422516599190283523e+04,-2.419225296442687613e+04,-3.291302747595909750e+01,-6.940416036779647468e-01
1.255200000000000093e+00,-2.439747368421052670e+04,-2.416729380764163216e+04,-2.301798765688945423e+02,-4.790064764389170726e+00
1.256000000000000005e+00,-2.394325506072874487e+04,-2.384484848484848408e+04,-9.840657588026078884e+01,-1.757947457391427770e+00
1.256799999999999917e+00,-2.398220782726045945e+04,-2.389257444005270008e+04,-8.963338720775936963e+01,-1.794114585853453958e+00
1.257600000000000051e+00,-2.434426990553306314e+04,-2.430979710144927594e+04,-3.447280408378719585e+01,-6.946304787831829586e-01
1.258400000000000185e+00,-2.464725506072874487e+04,-2.453653754940711588e+04,-1.107175113216289901e+02,-2.288183514982805367e+00
1.259199999999999875e+00,-2.467869365721997383e+04,-2.465627404479578399e+04,-2.241961242418983602e+01,-4.714247040319459181e-01
1.260000000000000009e+00,-2.462523076923076951e+04,-2.451444532279314808e+04,-1.107854464376214310e+02,-2.309811921700345216e+00
1.260800000000000143e+00,-2.456183535762483007e+04,-2.451528853754940792e+04,-4.654682007542214706e+01,-9.584856072297105456e-01
1.261599999999999833e+00,-2.462402159244264476e+04,-2.448451119894598014e+04,-1.395103934966646193e+02,-2.906973160385979416e+00
1.262399999999999967e+00,-2.434625641025641016e+04,-2.427530961791831214e+04,-7.094679233809802099e+01,-1.239411930011182994e+00
1.263200000000000101e+00,-2.434038326585695177e+04,-2.418736231884057997e+04,-1.530209470163717924e+02,-3.159061665082696369e+00
1.264000000000000012e+00,-2.463853171390013449e+04,-2.460846376811594382e+04,-3.006794578419066966e+01,-6.261008093710000999e-01
1.264799999999999924e+00,-2.489461808367071353e+04,-2.482466403162055212e+04,-6.995405205016140826e+01,-1.442697706076389919e+00
1.265600000000000058e+00,-2.498401079622132238e+04,-2.492264558629776002e+04,-6.136520992356236093e+01,-1.295918852292692103e+00
1.266399999999999970e+00,-2.486577058029689579e+04,-2.474245059288537595e+04,-1.233199874115198327e+02,-2.504562062521379584e+00
1.267199999999999882e+00,-2.482871794871794918e+04,-2.480906455862977600e+04,-1.965339008817318245e+01,-4.127028467056905181e-01
1.268000000000000016e+00,-2.485117408906882702e+04,-2.475273781291172418e+04,-9.843627615710283862e+01,-1.995060436248268676e+00
1.268799999999999928e+00,-2.446466936572199847e+04,-2.441966798418972394e+04,-4.500138153227453586e+01,-8.113939630966474637e-01
1.269600000000000062e+00,-2.445542780026990658e+04,-2.434538076416337208e+04,-1.100470361065345060e+02,-2.253302408391713030e+00
1.270399999999999974e+00,-2.489194062078272691e+04,-2.477870882740447996e+04,-1.132317933782469481e+02,-2.394842248475063773e+00
1.271200000000000108e+00,-2.520002159244264476e+04,-2.509019235836627195e+04,-1.098292340763728134e+02,-2.235409620779902351e+00
1.272000000000000020e+00,-2.502391363022942096e+04,-2.497070882740447996e+04,-5.320480282494099811e+01,-1.122710448800871008e+00
1.272799999999999931e+00,-2.495619973009446767e+04,-2.486851119894598014e+04,-8.768853114848752739e+01,-1.826872498575544901e+00
1.273600000000000065e+00,-2.478380566801619352e+04,-2.475872463768115995e+04,-2.508103033503357437e+01,-5.191109475309241272e-01
1.274399999999999977e+00,-2.458066396761133728e+04,-2.456992885375494006e+04,-1.073511385639721993e+01,-2.096752528266697113e-01
1.275200000000000111e+00,-2.479140620782726182e+04,-2.465593675889328006e+04,-1.354694489339817665e+02,-2.458382413682706158e+00
1.276000000000000023e+00,-2.469216734143050053e+04,-2.451562582345191186e+04,-1.765415179785886721e+02,-3.681820431358445944e+00
1.276799999999999935e+00,-2.496561403508771764e+04,-2.484582872200263591e+04,-1.197853130850817251e+02,-2.474133932660458779e+00
1.277600000000000069e+00,-2.502909581646423612e+04,-2.505030830039525608e+04,2.121248393101996044e+01,4.331041449055009762e-01
1.278399999999999981e+00,-2.508264507422402312e+04,-2.497037154150197603e+04,-1.122735327220470936e+02,-2.295464437874638719e+00
1.279199999999999893e+00,-2.489988663967611501e+04,-2.483942028985507204e+04,-6.046634982104296796e+01,-1.293588188898882718e+00
1.280000000000000027e+00,-2.497079622132253644e+04,-2.482466403162055212e+04,-1.461321897019843163e+02,-2.976785724691260793e+00
1.280800000000000161e+00,-2.493814844804318636e+04,-2.492509090909090810e+04,-1.305753895227826433e+01,-2.524378332745692566e-01
1.281599999999999850e+00,-2.418198110661268583e+04,-2.405531488801054002e+04,-1.266662186021458183e+02,-2.462575400292964289e+00
1.282399999999999984e+00,-2.470736842105262986e+04,-2.464505928853754813e+04,-6.230913251508172834e+01,-1.257109681620069308e+00
1.283200000000000118e+00,-2.501277192982456108e+04,-2.487365480895915607e+04,-1.391171208654050133e+02,-2.880877230528912314e+00
1.283999999999999808e+00,-2.501164912280701901e+04,-2.493074044795783993e+04,-8.090867484917907859e+01,-1.694641492224557844e+00
1.284799999999999942e+00,-2.488934952766531569e+04,-2.480080105401844412e+04,-8.854847364687157096e+01,-1.823394303629496394e+00
1.285600000000000076e+00,-2.479097435897435935e+04,-2.479489855072463615e+04,3.924191750276804669e+00,8.134908440839315469e-02
1.286399999999999988e+00,-2.481887179487179310e+04,-2.465787615283267587e+04,-1.609956420391172287e+02,-3.284605460134441657e+00
1.287199999999999900e+00,-2.461875303643724692e+04,-2.451031357048748396e+04,-1.084394659497629618e+02,-1.879354005497767988e+00
1.288000000000000034e+00,-2.438529554655870379e+04,-2.427935704874835210e+04,-1.059384978103516914e+02,-2.127294165274128179e+00
1.288799999999999946e+00,-2.454007017543859547e+04,-2.451343346508563991e+04,-2.663671035295556067e+01,-5.515916535944653809e-01
1.289599999999999858e+00,-2.490273684210526335e+04,-2.480813702239789200e+04,-9.459981970737135271e+01,-1.969732736519529182e+00
1.290399999999999991e+00,-2.496267746288799026e+04,-2.484220289855072406e+04,-1.204745643372662016e+02,-2.513062312544528609e+00
1.291200000000000125e+00,-2.485713360323886809e+04,-2.468882213438735198e+04,-1.683114688515161106e+02,-3.444646241078306304e+00
1.292000000000000037e+00,-2.468758974358974228e+04,-2.459783926218708802e+04,-8.975048140265425900e+01,-1.901900789433905059e+00
1.292799999999999949e+00,-2.471669635627530442e+04,-2.470652964426877588e+04,-1.016671200652854168e+01,-2.130550569580318410e-01
1.293600000000000083e+00,-2.417075303643724692e+04,-2.414334650856389999e+04,-2.740652787334693130e+01,-4.789282290577636103e-01
1.294399999999999995e+00,-2.435290688259109447e+04,-2.423095652173913186e+04,-1.219503608519626141e+02,-2.481718444552910352e+00
1.295199999999999907e+00,-2.457038596491228236e+04,-2.440659815546772006e+04,-1.637878094445622992e+02,-3.374947128313942724e+00
1.296000000000000041e+00,-2.476601349527665298e+04,-2.469986824769433588e+04,-6.614524758231709711e+01,-1.348165085624918103e+00
1.296799999999999953e+00,-2.479183805668016066e+04,-2.462591831357048795e+04,-1.659197431096727087e+02,-3.447298589448782646e+00
1.297600000000000087e+00,-2.458230499325236087e+04,-2.451942028985507204e+04,-6.288470339728883118e+01,-1.304814481902760059e+00
1.298399999999999999e+00,-2.444748178137651848e+04,-2.436207641633728417e+04,-8.540536503923431155e+01,-1.788987286060577997e+00
1.299199999999999910e+00,-2.437674493927125513e+04,-2.434942819499341203e+04,-2.731674427784309955e+01,-5.601625134998933220e-01
1.300000000000000044e+00,-2.418034008097165861e+04,-2.403853491436100012e+04,-1.418051666106584889e+02,-2.442227431667374660e+00
1.300799999999999956e+00,-2.411340350877193123e+04,-2.403904084321475602e+04,-7.436266555717520532e+01,-1.534249202186028338e+00
1.301599999999999868e+00,-2.440602429149797536e+04,-2.428306719367588812e+04,-1.229570978220872348e+02,-2.565173423989083101e+00
1.302400000000000002e+00,-2.447952496626180800e+04,-2.443037681159420390e+04,-4.914815466760410345e+01,-1.012616727730364818e+00
1.303200000000000136e+00,-2.455501214574898768e+04,-2.440499604743083182e+04,-1.500160983181558549e+02,-3.160298622696640525e+00
1.303999999999999826e+00,-2.432906882591093017e+04,-2.425718050065876014e+04,-7.188832525217003422e+01,-1.494629848924599713e+00
1.304799999999999960e+00,-2.426610526315789321e+04,-2.412015810276679986e+04,-1.459471603910933482e+02,-2.965930316293565294e+00
1.305600000000000094e+00,-2.419044534412955545e+04,-2.411948353096179198e+04,-7.096181316776346648e+01,-1.440738211010003988e+00
1.306400000000000006e+00,-2.383365182186234961e+04,-2.374779446640316382e+04,-8.585735545918578282e+01,-1.551128707667826845e+00
1.307199999999999918e+00,-2.378968960863697794e+04,-2.375293807641633612e+04,-3.675153222064182046e+01,-7.439865844017409247e-01
1.308000000000000052e+00,-2.419994601889338810e+04,-2.409013965744400411e+04,-1.098063614493839850e+02,-2.278722525297609547e+00
1.308799999999999963e+00,-2.429616194331983934e+04,-2.422260869565217217e+04,-7.355324766766716493e+01,-1.501539987401811826e+00
1.309599999999999875e+00,-2.420918758434547999e+04,-2.409545191040843201e+04,-1.137356739370479772e+02,-2.352335573818288506e+00
1.310400000000000009e+00,-2.402012415654520737e+04,-2.393102503293807604e+04,-8.909912360713133239e+01,-1.863082262319160298e+00
1.311200000000000143e+00,-2.405225371120107957e+04,-2.385749670619235985e+04,-1.947570050087197160e+02,-4.052631618178348383e+00
1.312000000000000055e+00,-2.342900944669365708e+04,-2.331741765480895992e+04,-1.115917918846971588e+02,-2.193421147856811970e+00
1.312799999999999967e+00,-2.384384345479082185e+04,-2.379923056653491585e+04,-4.461288825590600027e+01,-8.336049285659757890e-01
1.313600000000000101e+00,-2.351917948717948821e+04,-2.349154150197628405e+04,-2.763798520320415264e+01,-5.697652776933002094e-01
1.314400000000000013e+00,-2.392235357624831158e+04,-2.383810276679841991e+04,-8.425080944989167619e+01,-1.769281026896329934e+00
1.315199999999999925e+00,-2.404335762483130748e+04,-2.384830566534914396e+04,-1.950519594821635110e+02,-4.057139574024882123e+00
1.316000000000000059e+00,-2.394230499325236087e+04,-2.377132015810276789e+04,-1.709848351495929819e+02,-3.542124507543390699e+00
1.316799999999999971e+00,-2.368647773279352259e+04,-2.353935177865612786e+04,-1.471259541373947286e+02,-3.080683421261867672e+00
1.317600000000000104e+00,-2.366531713900134855e+04,-2.364821080368906405e+04,-1.710633531228450011e+01,-3.494501730771820691e-01
1.318400000000000016e+00,-2.350320107962213297e+04,-2.338883794466403197e+04,-1.143631349581009999e+02,-2.120004228446304317e+00
1.319199999999999928e+00,-2.296485829959514012e+04,-2.278771014492753602e+04,-1.771481546676041035e+02,-3.508257603484609355e+00
1.320000000000000062e+00,-2.340258029689608520e+04,-2.324313043478260806e+04,-1.594498621134771383e+02,-3.237779665171266252e+00
1.320799999999999974e+00,-2.359725775978407546e+04,-2.355334914361001211e+04,-4.390861617406335426e+01,-9.051901488911647808e-01
1.321599999999999886e+00,-2.368475033738191632e+04,-2.353471409749670784e+04,-1.500362398852084880e+02,-3.163594473620274794e+00
1.322400000000000020e+00,-2.346165721997301080e+04,-2.339187351778656011e+04,-6.978370218645068235e+01,-1.441581430819750542e+00
1.323200000000000154e+00,-2.326542510121457599e+04,-2.310745718050065989e+04,-1.579679207139161008e+02,-3.289413847044024841e+00
1.323999999999999844e+00,-2.322819973009446767e+04,-2.314143873517786415e+04,-8.676099491660352214e+01,-1.793695664514031396e+00
1.324799999999999978e+00,-2.297608636977057904e+04,-2.288510144927536385e+04,-9.098492049521519220e+01,-1.576972391733908241e+00
1.325600000000000112e+00,-2.274599730094466940e+04,-2.268500658761528393e+04,-6.099071332938547130e+01,-1.241591187487621317e+00
1.326400000000000023e+00,-2.305675573549257751e+04,-2.291301185770750817e+04,-1.437438777850693441e+02,-2.897099185776095709e+00
1.327199999999999935e+00,-2.324694197031039221e+04,-2.318511725955204383e+04,-6.182471075834837393e+01,-1.282148295261037685e+00
1.328000000000000069e+00,-2.327432118758434444e+04,-2.316361528326745611e+04,-1.107059043168883363e+02,-2.300784023864149486e+00
1.328800000000000203e+00,-2.299854251012145687e+04,-2.298046903820816806e+04,-1.807347191328881308e+01,-3.719914271116161464e-01
1.329599999999999893e+00,-2.299526045883940606e+04,-2.279580500658761594e+04,-1.994554522517901205e+02,-4.183704103905788507e+00
1.330400000000000027e+00,-2.300121997300944713e+04,-2.287312779973649594e+04,-1.280921732729511859e+02,-2.649144830258488348e+00
1.331200000000000161e+00,-2.248930634278002617e+04,-2.234030039525691609e+04,-1.490059475231100805e+02,-2.641711416316611327e+00
1.331999999999999851e+00,-2.239481781376518120e+04,-2.231205270092226783e+04,-8.276511284291336779e+01,-1.690781802691746938e+00
1.332799999999999985e+00,-2.273243724696356367e+04,-2.265498814229249183e+04,-7.744910467107183649e+01,-1.641089085705082384e+00
1.333600000000000119e+00,-2.285940080971660063e+04,-2.278214492753623199e+04,-7.725588218036864419e+01,-1.583501892409361345e+00
1.334400000000000031e+00,-2.282459379217273818e+04,-2.275052437417654801e+04,-7.406941799619016820e+01,-1.547451111788730849e+00
1.335199999999999942e+00,-2.264537651821862528e+04,-2.248440579710144812e+04,-1.609707211171771633e+02,-3.373450288865677216e+00
1.336000000000000076e+00,-2.255822941970310421e+04,-2.239401317523056787e+04,-1.642162444725363457e+02,-3.361355909476757997e+00
1.336799999999999988e+00,-2.236415654520917815e+04,-2.216423715415019615e+04,-1.999193910589820007e+02,-4.024238433334836884e+00
1.337599999999999900e+00,-2.211117948717948821e+04,-2.201945718050065989e+04,-9.172230667882831767e+01,-1.612046628649269175e+00
1.338400000000000034e+00,-2.207663157894737014e+04,-2.200832674571805182e+04,-6.830483322931831935e+01,-1.393787107978978979e+00
1.339199999999999946e+00,-2.236121997300944713e+04,-2.232950724637681196e+04,-3.171272663263516733e+01,-6.681859884165265440e-01
1.340000000000000080e+00,-2.249733873144399331e+04,-2.224139130434782783e+04,-2.559474270961654838e+02,-5.249844587032400867e+00
1.340799999999999992e+00,-2.239956815114709752e+04,-2.231550988142292408e+04,-8.405826972417344223e+01,-1.736729504923713918e+00
1.341599999999999904e+00,-2.216783805668016066e+04,-2.210209222661396416e+04,-6.574583006619650405e+01,-1.396338521591517390e+00
1.342400000000000038e+00,-2.216766531713900258e+04,-2.208607114624505994e+04,-8.159417089394264622e+01,-1.680513063480188141e+00
1.343199999999999950e+00,-2.208276383265856930e+04,-2.184533333333333212e+04,-2.374304993252371787e+02,-4.701477155754266946e+00
1.343999999999999861e+00,-2.147687989203778852e+04,-2.138763636363636397e+04,-8.924352840142455534e+01,-1.649899401697713097e+00
1.344799999999999995e+00,-2.163985964912280542e+04,-2.152912779973649594e+04,-1.107318493863094773e+02,-2.261040350745081362e+00
1.345600000000000129e+00,-2.200839946018893534e+04,-2.193960474308300400e+04,-6.879471710593134048e+01,-1.427204348532112865e+00
1.346400000000000041e+00,-2.214045883940620843e+04,-2.199550988142292408e+04,-1.449489579832843447e+02,-2.937453158884917759e+00
1.347199999999999953e+00,-2.191632928475033623e+04,-2.184533333333333212e+04,-7.099595141700410750e+01,-1.448325427594721271e+00
1.348000000000000087e+00,-2.173616194331983934e+04,-2.158166007905138395e+04,-1.545018642684553924e+02,-3.165148268606937876e+00
1.348799999999999999e+00,-2.158544669365722075e+04,-2.152035836627140816e+04,-6.508832738581259036e+01,-1.338294109763678019e+00
1.349599999999999911e+00,-2.141141160593792301e+04,-2.134859552042160794e+04,-6.281608551631506998e+01,-1.111604308618702852e+00
1.350400000000000045e+00,-2.124791363022942096e+04,-2.108736758893280785e+04,-1.605460412966131116e+02,-3.269385466189552503e+00
1.351200000000000179e+00,-2.141486639676113191e+04,-2.121342819499341203e+04,-2.014382017677198746e+02,-4.155701109048608899e+00
1.351999999999999869e+00,-2.153526585695006725e+04,-2.145020289855072406e+04,-8.506295839934318792e+01,-1.794582617855333462e+00
1.352800000000000002e+00,-2.160392982456140453e+04,-2.157238471673254389e+04,-3.154510782886063680e+01,-6.571425026278101544e-01
1.353600000000000136e+00,-2.141719838056680237e+04,-2.134210276679841991e+04,-7.509561376838246360e+01,-1.536004482412786087e+00
1.354399999999999826e+00,-2.135293927125506161e+04,-2.121393412384716794e+04,-1.390051474078936735e+02,-2.917257057204154957e+00
1.355199999999999960e+00,-2.131303643724696303e+04,-2.113264822134387214e+04,-1.803882159030908952e+02,-3.735804768923133068e+00
1.356000000000000094e+00,-2.075180566801619352e+04,-2.061373386034255600e+04,-1.380718076736375224e+02,-2.424639844313248638e+00
1.356800000000000006e+00,-2.076752496626180800e+04,-2.060378392621870807e+04,-1.637410400430999289e+02,-3.255276666024624621e+00
1.357599999999999918e+00,-2.097230769230769147e+04,-2.091299077733860395e+04,-5.931691496908752015e+01,-1.219356502895554639e+00
1.358400000000000052e+00,-2.113356005398110574e+04,-2.099309617918313597e+04,-1.404638747979697655e+02,-2.909549012743251062e+00
1.359199999999999964e+00,-2.109348448043184908e+04,-2.100852700922266013e+04,-8.495747120918895234e+01,-1.798900278461173841e+00
1.359999999999999876e+00,-2.095347908232118789e+04,-2.081787615283267587e+04,-1.356029294885120180e+02,-2.810350204446389721e+00
1.360800000000000010e+00,-2.076415654520917815e+04,-2.065361791831357186e+04,-1.105386268956062850e+02,-2.279349764713688220e+00
1.361599999999999921e+00,-2.070715249662618226e+04,-2.056508036890645599e+04,-1.420721277197262680e+02,-2.906226162737018281e+00
1.362400000000000055e+00,-2.029750067476383265e+04,-2.022813175230566412e+04,-6.936892245816852665e+01,-1.211908351370921899e+00
1.363199999999999967e+00,-2.027867206477732907e+04,-2.009532542819499213e+04,-1.833466365823369415e+02,-3.832902813525151053e+00
1.363999999999999879e+00,-2.050323346828610011e+04,-2.040132806324110788e+04,-1.019054050449922215e+02,-2.109151363128142442e+00
1.364800000000000013e+00,-2.063961133603238704e+04,-2.047890382081686403e+04,-1.607075152155230171e+02,-3.298387937374764434e+00
1.365600000000000147e+00,-2.061188663967611501e+04,-2.054340974967061993e+04,-6.847689000549507909e+01,-1.459610565853687758e+00
1.366400000000000059e+00,-2.044346558704453491e+04,-2.026987088274044800e+04,-1.735947043040869175e+02,-3.562769755448020881e+00
1.367199999999999971e+00,-2.035191363022942096e+04,-2.025072990777338782e+04,-1.011837224560331379e+02,-2.099186550093186554e+00
1.368000000000000105e+00,-2.024144669365722075e+04,-2.011337022397891997e+04,-1.280764696783007821e+02,-2.533828439589119519e+00
1.368800000000000017e+00,-1.978757354925775871e+04,-1.967928326745718005e+04,-1.082902818005786685e+02,-1.939546286478247339e+00
1.369599999999999929e+00,-1.972987854251012322e+04,-1.955052437417654801e+04,-1.793541683335752168e+02,-3.707216813974123948e+00
1.370400000000000063e+00,-2.005756545209176693e+04,-1.994177602108036808e+04,-1.157894310113988467e+02,-2.401844862974933381e+00
1.371200000000000196e+00,-2.030216464237516993e+04,-2.013208959156785204e+04,-1.700750508073178935e+02,-3.485481874640035116e+00
1.371999999999999886e+00,-2.009833198380566682e+04,-1.998655072463768010e+04,-1.117812591679867182e+02,-2.341659945401419307e+00
1.372800000000000020e+00,-1.990762753036437425e+04,-1.979868247694334787e+04,-1.089450534210263868e+02,-2.272098053070057411e+00
1.373600000000000154e+00,-1.970517678812415761e+04,-1.964353096179183194e+04,-6.164582633232566877e+01,-1.276605256610589878e+00
1.374399999999999844e+00,-1.943933063427800153e+04,-1.932403689064558785e+04,-1.152937436324136797e+02,-2.286153845419834685e+00
1.375199999999999978e+00,-1.963279892037786703e+04,-1.940979183135704807e+04,-2.230070890208189667e+02,-3.998530577738584668e+00
1.376000000000000112e+00,-1.938629959514169968e+04,-1.921922529644268798e+04,-1.670742986990117060e+02,-3.434154785664685683e+00
1.376800000000000024e+00,-1.960870175438596561e+04,-1.946847957839262017e+04,-1.402221759933454450e+02,-2.911129849132223502e+00
1.377599999999999936e+00,-1.967874763832658573e+04,-1.962902766798418816e+04,-4.971997034239757340e+01,-1.012906913577863888e+00
1.378400000000000070e+00,-1.963297165991902875e+04,-1.950288274044795617e+04,-1.300889194710725860e+02,-2.683926087501415036e+00
1.379199999999999982e+00,-1.935270175438596561e+04,-1.925354413702239617e+04,-9.915761736356944311e+01,-2.098220807820392331e+00
1.379999999999999893e+00,-1.938621322537112064e+04,-1.916416337285902409e+04,-2.220498525120965496e+02,-4.550251904011349602e+00
1.380800000000000027e+00,-1.933266396761133728e+04,-1.927209486166007991e+04,-6.056910595125737018e+01,-1.161367147027035474e+00
1.381599999999999939e+00,-1.847121187584345535e+04,-1.835644795783926384e+04,-1.147639180041915097e+02,-2.246110128792449423e+00
1.382400000000000073e+00,-1.896809716599190142e+04,-1.889138339920948783e+04,-7.671376678241358604e+01,-1.563917299955554396e+00
1.383199999999999985e+00,-1.923316599190283523e+04,-1.895167325428194818e+04,-2.814927376208870555e+02,-5.842862560737040134e+00
1.383999999999999897e+00,-1.917529824561403439e+04,-1.906803689064558785e+04,-1.072613549684465397e+02,-2.223329998502231675e+00
1.384800000000000031e+00,-1.896749257759784086e+04,-1.889728590250329216e+04,-7.020667509454870014e+01,-1.449790319159839580e+00
1.385599999999999943e+00,-1.886937651821862528e+04,-1.877189986824769585e+04,-9.747664997092942940e+01,-2.033643271734582481e+00
1.386400000000000077e+00,-1.880209446693657083e+04,-1.857222661396574404e+04,-2.298678529708267888e+02,-4.744781057286830972e+00
1.387199999999999989e+00,-1.850290958164642507e+04,-1.838081686429512411e+04,-1.220927173513009620e+02,-2.120506960201016700e+00
1.388000000000000123e+00,-1.824561403508771764e+04,-1.815584716732542802e+04,-8.976686776228962117e+01,-1.836108030706950389e+00
1.388800000000000034e+00,-1.843916869095816583e+04,-1.832145454545454413e+04,-1.177141455036216939e+02,-2.414904271325820417e+00
1.389599999999999946e+00,-1.872842105263158010e+04,-1.852079051383399201e+04,-2.076305387975880876e+02,-4.354230371415063416e+00
1.390400000000000080e+00,-1.869629149797570790e+04,-1.854010013175230415e+04,-1.561913662234037474e+02,-3.269486467654349138e+00
1.391199999999999992e+00,-1.853719838056680237e+04,-1.837575757575757598e+04,-1.614408048092263925e+02,-3.285085795491398564e+00
1.391999999999999904e+00,-1.831911470985155029e+04,-1.823055599472990798e+04,-8.855871512164230808e+01,-1.840631348872243445e+00
1.392800000000000038e+00,-1.832351956815114681e+04,-1.826597101449275215e+04,-5.754855365839466685e+01,-1.202989998808517313e+00
1.393600000000000172e+00,-1.771746288798920432e+04,-1.759207378129117205e+04,-1.253891066980322648e+02,-2.202812580199169368e+00
1.394399999999999862e+00,-1.788925236167341427e+04,-1.772260342555994794e+04,-1.666489361134663341e+02,-3.377017164852133657e+00
1.395199999999999996e+00,-1.803383535762483007e+04,-1.786831093544137184e+04,-1.655244221834582277e+02,-3.494062550524577482e+00
1.396000000000000130e+00,-1.821780296896086293e+04,-1.805120421607378012e+04,-1.665987528870828100e+02,-3.461361878222522837e+00
1.396799999999999820e+00,-1.814948448043184908e+04,-1.795347562582345199e+04,-1.960088546083970868e+02,-4.188786895996651438e+00
1.397599999999999953e+00,-1.790730364372469558e+04,-1.779857707509881584e+04,-1.087265686258797359e+02,-2.239127355328934588e+00
1.398400000000000087e+00,-1.777049392712550616e+04,-1.764831620553359608e+04,-1.221777215919100854e+02,-2.518838872367272330e+00
1.399199999999999999e+00,-1.765251282051282033e+04,-1.758836363636363603e+04,-6.414918414918429335e+01,-1.312791789107435658e+00
1.399999999999999911e+00,-1.738839406207827415e+04,-1.715891436100131614e+04,-2.294797010769580083e+02,-3.960230801552659052e+00
1.400800000000000045e+00,-1.728647773279352259e+04,-1.715495125164690398e+04,-1.315264811466186075e+02,-2.708808353751849474e+00
1.401599999999999957e+00,-1.753401349527665298e+04,-1.741769696969696815e+04,-1.163165255796848214e+02,-2.456573800504984639e+00
1.402399999999999869e+00,-1.759222672064777362e+04,-1.754628722002635186e+04,-4.593950062142175739e+01,-9.389037321532823777e-01
1.403200000000000003e+00,-1.761632388663967504e+04,-1.741896179183135609e+04,-1.973620948083189433e+02,-4.134558892824849785e+00
1.403999999999999915e+00,-1.736231039136302206e+04,-1.714786824769433588e+04,-2.144421436686861853e+02,-4.450142867805269020e+00
1.404800000000000049e+00,-1.728051821862348152e+04,-1.710140711462450417e+04,-1.791111039989773417e+02,-3.670089228742260623e+00
1.405599999999999961e+00,-1.708739541160593944e+04,-1.709179446640316382e+04,4.399054797224380309e+00,8.763834087698234299e-02
1.406400000000000095e+00,-1.670538191632928647e+04,-1.659109354413702386e+04,-1.142883721922626137e+02,-2.024898492382412929e+00
1.407200000000000006e+00,-1.669449932523616735e+04,-1.655770223978919603e+04,-1.367970854469713231e+02,-2.769080609682938565e+00
1.407999999999999918e+00,-1.704377867746288757e+04,-1.690207114624505994e+04,-1.417075312178276363e+02,-2.891645065063441322e+00
1.408800000000000052e+00,-1.707383535762483007e+04,-1.701303820816864391e+04,-6.079714945618616184e+01,-1.250208278575157372e+00
1.409599999999999964e+00,-1.697364642375168842e+04,-1.681876152832674416e+04,-1.548848954249442613e+02,-3.194649805163616740e+00
1.410400000000000098e+00,-1.678380566801619352e+04,-1.660340447957839206e+04,-1.804011884378014656e+02,-3.743192266077909558e+00
1.411200000000000010e+00,-1.675461268556005234e+04,-1.653181554677206805e+04,-2.227971387879842950e+02,-4.606413478265808159e+00
1.411999999999999922e+00,-1.606857759784075643e+04,-1.594443214756258203e+04,-1.241454502781743940e+02,-2.408559429203177338e+00
1.412800000000000056e+00,-1.647693387314440042e+04,-1.641882476943346410e+04,-5.810910371093632421e+01,-1.076121654208558986e+00
1.413599999999999968e+00,-1.617610796221322562e+04,-1.610902766798418997e+04,-6.708029422903564409e+01,-1.371295708486062859e+00
1.414399999999999880e+00,-1.651562753036437425e+04,-1.634150197628458409e+04,-1.741255540797901631e+02,-3.642596234100813124e+00
1.415200000000000014e+00,-1.659146018893387372e+04,-1.635634255599472999e+04,-2.351176329391437321e+02,-4.797841144848871586e+00
1.416000000000000147e+00,-1.644860458839406056e+04,-1.629419762845849800e+04,-1.544069599355625542e+02,-3.168574164891543088e+00
1.416799999999999837e+00,-1.620806477732793610e+04,-1.601526218708827400e+04,-1.928025902396620950e+02,-3.977830683039036863e+00
1.417599999999999971e+00,-1.612679082321187525e+04,-1.606737285902503208e+04,-5.941796418684316450e+01,-1.220905694971617050e+00
1.418400000000000105e+00,-1.591129824561403439e+04,-1.572544927536231808e+04,-1.858489702517163096e+02,-3.375601399124491753e+00
1.419199999999999795e+00,-1.537839676113360292e+04,-1.520940184453227994e+04,-1.689949166013229842e+02,-3.280104092509562363e+00
1.419999999999999929e+00,-1.583278812415654465e+04,-1.560242424242424204e+04,-2.303638817323026160e+02,-4.664107409867347620e+00
1.420800000000000063e+00,-1.599689068825910908e+04,-1.589662187088274004e+04,-1.002688173763690429e+02,-2.044666856957300105e+00
1.421599999999999975e+00,-1.599378137651821817e+04,-1.583472990777338600e+04,-1.590514687448321638e+02,-3.300848345482628066e+00
1.422399999999999887e+00,-1.576913360323886627e+04,-1.562055335968379404e+04,-1.485802435550722294e+02,-3.055774160788730764e+00
1.423200000000000021e+00,-1.557255600539810985e+04,-1.537855072463768192e+04,-1.940052807604279224e+02,-3.991773300914154277e+00
1.424000000000000155e+00,-1.552513900134952746e+04,-1.543799736495388606e+04,-8.714163639564139885e+01,-1.788520341412841219e+00
1.424800000000000066e+00,-1.519676113360323870e+04,-1.501883530961791803e+04,-1.779258239853206760e+02,-3.030759832747123461e+00
1.425599999999999978e+00,-1.495224831309041838e+04,-1.481975230566534992e+04,-1.324960074250684556e+02,-2.709520488454553622e+00
1.426400000000000112e+00,-1.522854520917678747e+04,-1.503595256916996004e+04,-1.925926400068274233e+02,-3.896398795857168640e+00
1.427200000000000024e+00,-1.543272334682861037e+04,-1.533765480895915607e+04,-9.506853786945430329e+01,-1.939601204723335970e+00
1.427999999999999936e+00,-1.541173549257759805e+04,-1.525780237154150200e+04,-1.539331210360960540e+02,-3.170162689904806985e+00
1.428800000000000070e+00,-1.512274224021592454e+04,-1.501647430830039593e+04,-1.062679319155286066e+02,-2.161173002098855989e+00
1.429599999999999982e+00,-1.505675573549257751e+04,-1.484926482213438794e+04,-2.074909133581895730e+02,-4.260230897014836593e+00
1.430400000000000116e+00,-1.504155465587044455e+04,-1.486351515151515196e+04,-1.780395043552925927e+02,-3.587077857319696861e+00
1.431200000000000028e+00,-1.453775978407557341e+04,-1.432200263504611394e+04,-2.157571490294594696e+02,-3.745002279654332078e+00
1.431999999999999940e+00,-1.439257219973009524e+04,-1.428869565217391391e+04,-1.038765475561813219e+02,-2.128367162697660131e+00
1.432800000000000074e+00,-1.470972199730094508e+04,-1.459427667984189793e+04,-1.154453174590471463e+02,-2.378342170241603881e+00
1.433599999999999985e+00,-1.483055330634277925e+04,-1.469799209486166001e+04,-1.325612114811192441e+02,-2.688864761047724095e+00
1.434399999999999897e+00,-1.479799190283400821e+04,-1.468559683794466400e+04,-1.123950648893442121e+02,-2.317549262392074816e+00
1.435200000000000031e+00,-1.455080161943319763e+04,-1.433051910408432195e+04,-2.202825153488756769e+02,-4.544909617638567489e+00
1.436000000000000165e+00,-1.444249392712550616e+04,-1.422857444005270008e+04,-2.139194870728060778e+02,-4.383578860537641120e+00
1.436799999999999855e+00,-1.417034278002699102e+04,-1.397476679841897203e+04,-1.955759816080189921e+02,-3.888754785560757821e+00
1.437599999999999989e+00,-1.399069365721997383e+04,-1.386607641633728599e+04,-1.246172408826878382e+02,-2.156068877508346748e+00
1.438400000000000123e+00,-1.394750877192982443e+04,-1.376657707509881402e+04,-1.809316968310104130e+02,-3.654628666848914964e+00
1.439199999999999813e+00,-1.420670445344129621e+04,-1.406853227931488800e+04,-1.381721741264082084e+02,-2.871549062745652137e+00
1.439999999999999947e+00,-1.424462078272604595e+04,-1.403151515151515196e+04,-2.131056312108939892e+02,-4.302383300661877463e+00
1.440800000000000081e+00,-1.415056410256410345e+04,-1.404753623188405800e+04,-1.030278706800454529e+02,-2.113312262913086936e+00
1.441599999999999993e+00,-1.392755735492577514e+04,-1.377661133069828793e+04,-1.509460242274872144e+02,-3.144813812428953970e+00
1.442399999999999904e+00,-1.387573549257759805e+04,-1.379044005270092202e+04,-8.529543987667602778e+01,-1.741271227313286207e+00
1.443200000000000038e+00,-1.378262887989203773e+04,-1.352558629776021007e+04,-2.570425821318276576e+02,-4.925138466451223884e+00
1.444000000000000172e+00,-1.311904993252361601e+04,-1.295447694334650805e+04,-1.645729891771079565e+02,-2.982230839608131401e+00
1.444799999999999862e+00,-1.329878542510121406e+04,-1.310423188405797191e+04,-1.945535410432421486e+02,-3.875429988650939350e+00
1.445599999999999996e+00,-1.361982186234817891e+04,-1.355560474308300400e+04,-6.421711926517491520e+01,-1.315662637583023598e+00
1.446400000000000130e+00,-1.377079622132253644e+04,-1.356783135704874803e+04,-2.029648642737884074e+02,-4.048831760328372553e+00
1.447200000000000042e+00,-1.351039136302294173e+04,-1.330626613965744400e+04,-2.041252233654977317e+02,-4.170074602731923541e+00
1.447999999999999954e+00,-1.330077192982456108e+04,-1.314622397891963192e+04,-1.545479509049291664e+02,-3.176926662091400289e+00
1.448800000000000088e+00,-1.312207287449392788e+04,-1.306763636363636397e+04,-5.443651085756391694e+01,-1.105913042087336873e+00
1.449600000000000000e+00,-1.296107962213225437e+04,-1.277689591567852403e+04,-1.841837064537303377e+02,-3.206166993663732701e+00
1.450399999999999912e+00,-1.271924426450742249e+04,-1.251069301712779998e+04,-2.085512473796225095e+02,-4.210579147641364983e+00
1.451200000000000045e+00,-1.286330904183535677e+04,-1.265682213438735198e+04,-2.064869074480047857e+02,-4.143919969568168327e+00
1.451999999999999957e+00,-1.300132793522267275e+04,-1.290438998682476995e+04,-9.693794839790280093e+01,-2.013320997404159929e+00
1.452800000000000091e+00,-1.309322537112010832e+04,-1.299309617918313597e+04,-1.001291919369723473e+02,-2.054727636986573902e+00
1.453600000000000003e+00,-1.285769500674763913e+04,-1.271179973649538806e+04,-1.458952702522510663e+02,-2.985153860579332630e+00
1.454399999999999915e+00,-1.275120107962213297e+04,-1.255681686429512592e+04,-1.943842153270070412e+02,-4.042539983201860032e+00
1.455200000000000049e+00,-1.270248852901484497e+04,-1.252435309617918392e+04,-1.781354328356610495e+02,-3.693240691180963431e+00
1.455999999999999961e+00,-1.211353306342779979e+04,-1.197887747035573193e+04,-1.346555930720678589e+02,-2.340856978462082960e+00
1.456799999999999873e+00,-1.215110391363022973e+04,-1.195214756258234593e+04,-1.989563510478837998e+02,-3.930070153154809454e+00
1.457600000000000007e+00,-1.230346018893387372e+04,-1.218403162055335997e+04,-1.194285683805137523e+02,-2.437077529323266933e+00
1.458400000000000141e+00,-1.247801349527665298e+04,-1.235520421607378194e+04,-1.228092792028710392e+02,-2.487561954722314894e+00
1.459199999999999831e+00,-1.244061538461538476e+04,-1.234356785243741797e+04,-9.704753217796678655e+01,-2.001950802585243050e+00
1.459999999999999964e+00,-1.233956275303643815e+04,-1.203098814229249001e+04,-3.085746107439481420e+02,-6.228346822832835805e+00
1.460800000000000098e+00,-1.205186504723346843e+04,-1.191816600790513803e+04,-1.336990393283304002e+02,-2.719538294906489018e+00
1.461600000000000010e+00,-1.194131174089068736e+04,-1.182541238471673205e+04,-1.158993561739553115e+02,-2.374884785580105184e+00
1.462399999999999922e+00,-1.158339541160593762e+04,-1.146603425559947209e+04,-1.173611560064655350e+02,-2.026890644504289796e+00
1.463200000000000056e+00,-1.157665856950067428e+04,-1.135203162055335997e+04,-2.246269489473143040e+02,-4.622252695627702579e+00
1.464000000000000190e+00,-1.174620242914979826e+04,-1.163256916996047403e+04,-1.136332591893242352e+02,-2.329080815785284919e+00
1.464799999999999880e+00,-1.186927935222672022e+04,-1.167346508563899806e+04,-1.958142665877221589e+02,-3.925715495865732763e+00
1.465600000000000014e+00,-1.185226450742240195e+04,-1.171039789196310994e+04,-1.418666154592920066e+02,-2.907826324219590308e+00
1.466400000000000148e+00,-1.160930634278002617e+04,-1.145793939393939399e+04,-1.513669488406321761e+02,-3.053152131865993546e+00
1.467199999999999838e+00,-1.150652631578947330e+04,-1.147901976284584998e+04,-2.750655294362331915e+01,-5.569920037173640148e-01
1.467999999999999972e+00,-1.143682591093117480e+04,-1.114923847167325403e+04,-2.875874392579207779e+02,-5.624955747231120462e+00
1.468800000000000106e+00,-1.094918218623481698e+04,-1.077147826086956593e+04,-1.777039253652510524e+02,-3.120858100801954915e+00
1.469600000000000017e+00,-1.084001079622132238e+04,-1.070435836627140998e+04,-1.356524299499124027e+02,-2.767720257037424414e+00
1.470399999999999929e+00,-1.122781106612685471e+04,-1.103582608695652198e+04,-1.919849791703327355e+02,-3.944509475755179739e+00
1.471200000000000063e+00,-1.142533873144399513e+04,-1.118431620553359608e+04,-2.410225259103990538e+02,-4.929080850987635820e+00
1.471999999999999975e+00,-1.115551956815114681e+04,-1.105690645586297796e+04,-9.861311228816884977e+01,-2.037759483329676602e+00
1.472799999999999887e+00,-1.096991093117408855e+04,-1.090377865612648202e+04,-6.613227504760652664e+01,-1.380020484944495029e+00
1.473600000000000021e+00,-1.080572199730094508e+04,-1.068639789196310994e+04,-1.193241053378351353e+02,-2.418841509134653567e+00
1.474399999999999933e+00,-1.048537651821862346e+04,-1.030003689064558603e+04,-1.853396275730374327e+02,-3.593400001816039246e+00
1.475200000000000067e+00,-1.062745479082321253e+04,-1.042542292490118598e+04,-2.020318659220265545e+02,-3.626407730100095428e+00
1.475999999999999979e+00,-1.037387314439946022e+04,-1.020365744400527001e+04,-1.702157003941902076e+02,-3.461012977212309494e+00
1.476799999999999891e+00,-1.063522807017543892e+04,-1.046269301712779998e+04,-1.725350530476389395e+02,-3.528072970662513352e+00
1.477600000000000025e+00,-1.071494736842105340e+04,-1.064137022397891997e+04,-7.357714444213343086e+01,-1.499755784554357207e+00
1.478399999999999936e+00,-1.061467206477732725e+04,-1.040619762845849800e+04,-2.084744363188292482e+02,-4.218975286473290787e+00
1.479199999999999848e+00,-1.034848043184885319e+04,-1.020939130434782601e+04,-1.390891275010271784e+02,-2.894216527863081367e+00
1.479999999999999982e+00,-1.031885560053981135e+04,-1.012414229249011805e+04,-1.947133080496932962e+02,-4.024425655786935785e+00
1.480800000000000116e+00,-1.027670715249662680e+04,-1.016115942028985592e+04,-1.155477322067708883e+02,-2.196509154838116373e+00
1.481600000000000028e+00,-9.407222672064777726e+03,-9.221565217391304031e+03,-1.856574546734736941e+02,-3.600356133369773559e+00
1.482399999999999940e+00,-9.901689608636977937e+03,-9.794023715415019979e+03,-1.076658932219579583e+02,-2.166382242956247151e+00
1.483200000000000074e+00,-1.010198110661268583e+04,-9.901702239789196028e+03,-2.002788668234898068e+02,-4.074223691377406809e+00
1.483999999999999986e+00,-1.009982186234817891e+04,-9.927083003952569925e+03,-1.727388583956089860e+02,-3.530496398613077957e+00
1.484799999999999898e+00,-9.911535762483130384e+03,-9.694608695652173992e+03,-2.169270668309563916e+02,-4.430834211896001129e+00
1.485600000000000032e+00,-9.718412955465586492e+03,-9.625043478260869961e+03,-9.336947720471653156e+01,-1.938978568661525959e+00
1.486400000000000166e+00,-9.621160593792172222e+03,-9.430260869565217945e+03,-1.908997242269542767e+02,-3.885848199348427734e+00
1.487199999999999855e+00,-9.387271255060728436e+03,-9.231852437417654073e+03,-1.554188176430743624e+02,-2.653317730864133139e+00
1.487999999999999989e+00,-9.118143049932523354e+03,-8.980237154150197966e+03,-1.379058957823253877e+02,-2.800960144541206454e+00
1.488800000000000123e+00,-9.245106612685560322e+03,-9.086144927536231990e+03,-1.589616851493283320e+02,-3.219648814825749827e+00
1.489600000000000035e+00,-9.535395411605937625e+03,-9.319040843214756023e+03,-2.163545683911816013e+02,-4.463487294279276263e+00
1.490399999999999947e+00,-9.489014844804318273e+03,-9.304874835309617993e+03,-1.841400094947002799e+02,-3.834702356585100169e+00
1.491200000000000081e+00,-9.336917678812415033e+03,-9.165407114624505994e+03,-1.715105641879090399e+02,-3.513178235410811201e+00
1.491999999999999993e+00,-9.108469635627530806e+03,-8.998028985507246034e+03,-1.104406501202847721e+02,-2.338430907153910443e+00
1.492799999999999905e+00,-9.112010796221322380e+03,-8.960084321475625984e+03,-1.519264747456963960e+02,-3.127987720218665668e+00
1.493600000000000039e+00,-8.470456140350877831e+03,-8.362498023715415911e+03,-1.079581166354619199e+02,-1.878684551993667018e+00
1.494399999999999951e+00,-8.610807017543858819e+03,-8.456010540184453930e+03,-1.547964773594048893e+02,-3.120874061914633568e+00
1.495200000000000085e+00,-8.780782726045883464e+03,-8.560906455862977964e+03,-2.198762701829055004e+02,-4.516312685971935359e+00
1.495999999999999996e+00,-8.950499325236167351e+03,-8.753665349143610001e+03,-1.968339760925573501e+02,-4.026926190947479611e+00
1.496799999999999908e+00,-8.876134952766531569e+03,-8.679040843214756023e+03,-1.970941095517755457e+02,-4.141197012796539845e+00
1.497600000000000042e+00,-8.636113360323886809e+03,-8.537802371541501998e+03,-9.831098878238481120e+01,-2.004294046589747413e+00
1.498399999999999954e+00,-8.473910931174088546e+03,-8.345380764163372078e+03,-1.285301670107164682e+02,-2.647387750355662206e+00
1.499200000000000088e+00,-8.338655870445343680e+03,-8.223283267457180045e+03,-1.153726029881636350e+02,-2.357178343816573207e+00
1.500000000000000000e+00,-8.089824561403508596e+03,-7.827899868247694030e+03,-2.619246931558145661e+02,-4.491955295525717595e+00
1.500800000000000134e+00,-7.922267206477732543e+03,-7.805048748353096016e+03,-1.172184581246365269e+02,-2.411445176842227145e+00
1.501600000000000046e+00,-8.219120107962213297e+03,-8.061976284584980021e+03,-1.571438233772332751e+02,-3.309715164557909262e+00
1.502399999999999958e+00,-8.291757085020242812e+03,-8.191915678524374016e+03,-9.984140649586879590e+01,-2.054127958957932432e+00
1.503200000000000092e+00,-8.319395411605937625e+03,-8.053712779973649958e+03,-2.656826316322876664e+02,-5.509664462800461848e+00
1.504000000000000004e+00,-7.949819163292847406e+03,-7.806566534914361000e+03,-1.432526283784864063e+02,-2.926846135050257480e+00
1.504799999999999915e+00,-7.885128205128205082e+03,-7.708584980237154014e+03,-1.765432248910510680e+02,-3.602425211880826872e+00
1.505600000000000049e+00,-7.765074224021592272e+03,-7.697370223978919967e+03,-6.770400004267230543e+01,-1.330782946777896214e+00
1.506400000000000183e+00,-7.352831309041835084e+03,-7.217496706192358033e+03,-1.353346028494770508e+02,-2.434744333429184504e+00
1.507199999999999873e+00,-7.262920377867746538e+03,-7.161591567852437038e+03,-1.013288100153095002e+02,-2.054439195795479733e+00
1.508000000000000007e+00,-7.674731443994602159e+03,-7.495167325428194999e+03,-1.795641185664071600e+02,-3.666366413441823457e+00
1.508800000000000141e+00,-7.735881241565452001e+03,-7.652426877470355976e+03,-8.345436409509602527e+01,-1.710406191414925559e+00
1.509599999999999831e+00,-7.585079622132253462e+03,-7.367673254281949994e+03,-2.174063678503034680e+02,-4.471174604368154171e+00
1.510399999999999965e+00,-7.371573549257759623e+03,-7.173059288537549037e+03,-1.985142607202105864e+02,-4.162006789462609824e+00
1.511200000000000099e+00,-7.323465587044534004e+03,-7.065802371541501998e+03,-2.576632155030320064e+02,-5.294416940691165863e+00
1.512000000000000011e+00,-6.678283400809717023e+03,-6.551694334650856035e+03,-1.265890661588609873e+02,-2.466459253683998210e+00
1.512799999999999923e+00,-7.059692307692307622e+03,-7.002055335968379040e+03,-5.763697172392858192e+01,-1.080919045363407660e+00
1.513600000000000056e+00,-6.750402159244264112e+03,-6.631378129117259959e+03,-1.190240301270041527e+02,-2.446575632064025729e+00
1.514399999999999968e+00,-7.093376518218623460e+03,-6.881306982872200024e+03,-2.120695353464234358e+02,-4.383556975306112768e+00
1.515199999999999880e+00,-7.117646423751686598e+03,-6.908795783926218974e+03,-2.088506398254676242e+02,-4.351746289882869156e+00
1.516000000000000014e+00,-6.986882591093117298e+03,-6.811657444005270008e+03,-1.752251470878472901e+02,-3.583439934703063212e+00
1.516799999999999926e+00,-6.763875843454790811e+03,-6.573027667984189975e+03,-1.908481754706008360e+02,-4.025727377740970780e+00
1.517600000000000060e+00,-6.701257759784075461e+03,-6.572774703557312023e+03,-1.284830562267634377e+02,-2.654975614473702450e+00
1.518399999999999972e+00,-6.446207827260458544e+03,-6.239030303030303003e+03,-2.071775242301555409e+02,-3.751220554139491181e+00
1.519200000000000106e+00,-5.916847503373819563e+03,-5.770877470355731020e+03,-1.459700330180885430e+02,-2.847905331172653653e+00
1.520000000000000018e+00,-6.355605937921727673e+03,-6.133291172595520038e+03,-2.223147653262076346e+02,-4.503108472046639221e+00
1.520799999999999930e+00,-6.521090418353575842e+03,-6.413491436100131978e+03,-1.075989822534438645e+02,-2.233159748886833995e+00
1.521600000000000064e+00,-6.484296896086369998e+03,-6.304969696969696997e+03,-1.793271991166730004e+02,-3.750094621965701869e+00
1.522399999999999975e+00,-6.278823211875843299e+03,-6.182619235836627013e+03,-9.620397603921628615e+01,-2.007275122048417515e+00
1.523200000000000109e+00,-6.127244264507422486e+03,-5.914898550724637971e+03,-2.123457137827845145e+02,-4.405937484278839911e+00
1.524000000000000021e+00,-6.049597840755735888e+03,-5.869955204216073980e+03,-1.796426365396619076e+02,-3.685334608111184185e+00
1.524799999999999933e+00,-5.654974358974359347e+03,-5.517238471673254026e+03,-1.377358873011053220e+02,-2.385942157278148734e+00
1.525600000000000067e+00,-5.445700404858299407e+03,-5.351125164690382007e+03,-9.457524016791739996e+01,-1.927351002419438464e+00
1.526399999999999979e+00,-5.748858299595141943e+03,-5.564711462450592990e+03,-1.841468371445489538e+02,-3.737097017940339327e+00
1.527199999999999891e+00,-5.945522267206477409e+03,-5.824421607378129011e+03,-1.211006598283483982e+02,-2.503282133331352632e+00
1.528000000000000025e+00,-5.892059379217274000e+03,-5.694903820816864027e+03,-1.971555584004099728e+02,-4.101449944240459722e+00
1.528800000000000159e+00,-5.623535762483131293e+03,-5.492363636363636033e+03,-1.311721261194952604e+02,-2.711538547420804246e+00
1.529599999999999849e+00,-5.550553306342780161e+03,-5.358882740447957985e+03,-1.916705658948221753e+02,-3.924157465943516776e+00
1.530399999999999983e+00,-5.481716599190282977e+03,-5.378698287220026032e+03,-1.030183119702569456e+02,-2.106156682893370213e+00
1.531200000000000117e+00,-5.012210526315789139e+03,-4.830693017127799976e+03,-1.815175091879891625e+02,-3.221512201727437574e+00
1.531999999999999806e+00,-4.867541160593792483e+03,-4.716606060606060964e+03,-1.509350999877315189e+02,-3.145637152059415964e+00
1.532799999999999940e+00,-5.237894736842104976e+03,-5.100353096179183012e+03,-1.375416406629219637e+02,-2.865120818465517694e+00
1.533600000000000074e+00,-5.303190283400809676e+03,-5.214102766798418997e+03,-8.908751660239067860e+01,-1.851453398846645060e+00
1.534399999999999986e+00,-5.299821862348178001e+03,-5.120421607378129011e+03,-1.794002549700489908e+02,-3.768241588322648106e+00
1.535199999999999898e+00,-5.024906882591093563e+03,-4.771836627140974997e+03,-2.530702554501185659e+02,-5.304009520110644971e+00
1.536000000000000032e+00,-4.898116059379217404e+03,-4.695610013175230961e+03,-2.025060462039864433e+02,-4.177465412442341375e+00
1.536799999999999944e+00,-4.637970310391363455e+03,-4.477048748353096016e+03,-1.609215620382674388e+02,-3.176169579889018824e+00
1.537599999999999856e+00,-4.485009446693657083e+03,-4.338508563899868022e+03,-1.465008827937890601e+02,-2.576132886400315680e+00
1.538399999999999990e+00,-4.419627530364372433e+03,-4.228216073781291016e+03,-1.914114565830814172e+02,-3.932883914090959276e+00
1.539200000000000124e+00,-4.679168690958164916e+03,-4.512042160737812992e+03,-1.671265302203519241e+02,-3.522174474789175669e+00
1.540000000000000036e+00,-4.691260458839406056e+03,-4.479241106719367963e+03,-2.120193521200380928e+02,-4.336598915295946988e+00
1.540799999999999947e+00,-4.622510121457489731e+03,-4.550324110671936978e+03,-7.218601078555275308e+01,-1.486453984413593110e+00
1.541600000000000081e+00,-4.407708502024291192e+03,-4.269280632411067018e+03,-1.384278696132241748e+02,-2.906650004632759909e+00
1.542399999999999993e+00,-4.369792172739541456e+03,-4.190440052700922024e+03,-1.793521200386194323e+02,-3.727742310766202660e+00
1.543199999999999905e+00,-4.258634278002698920e+03,-4.009654808959156981e+03,-2.489794690435419398e+02,-4.870887723712280959e+00
1.544000000000000039e+00,-3.561371120107962270e+03,-3.451362318840579519e+03,-1.100088012673827507e+02,-2.008860074233669302e+00
1.544799999999999951e+00,-3.817543859649122624e+03,-3.581048748353096016e+03,-2.364951112960266073e+02,-4.752752789535832356e+00
1.545600000000000085e+00,-4.097554655870445458e+03,-4.003415019762845986e+03,-9.413963610759947187e+01,-1.981876011979534002e+00
1.546399999999999997e+00,-4.206553306342780161e+03,-4.056453227931488982e+03,-1.501000784112911788e+02,-3.038859864035835745e+00
1.547199999999999909e+00,-3.953403508771929864e+03,-3.858382081686429501e+03,-9.502142708550036332e+01,-1.959673400842141477e+00
1.548000000000000043e+00,-3.811238866396761296e+03,-3.633328063241106520e+03,-1.779108031556547758e+02,-3.672465229032661149e+00
1.548800000000000177e+00,-3.644458839406207971e+03,-3.520927536231884005e+03,-1.235313031743239662e+02,-2.527375534567112947e+00
1.549599999999999866e+00,-3.446585695006747756e+03,-3.274287220026350496e+03,-1.722984749803972591e+02,-3.018872455595053683e+00
1.550400000000000000e+00,-3.167006747638326488e+03,-3.008843214756258021e+03,-1.581635328820684663e+02,-3.193826214759910354e+00
1.551200000000000134e+00,-3.337673414304993457e+03,-3.172342555994729992e+03,-1.653308583102634657e+02,-3.342284209745496337e+00
1.551999999999999824e+00,-3.519395411605938079e+03,-3.409960474308300491e+03,-1.094349372976375889e+02,-2.294962068175620207e+00
1.552799999999999958e+00,-3.599892037786774836e+03,-3.429017127799736500e+03,-1.708749099870383361e+02,-3.547544407775881314e+00
1.553600000000000092e+00,-3.316771929824561539e+03,-3.206155467720685010e+03,-1.106164621038765290e+02,-2.246817464841754042e+00
1.554400000000000004e+00,-3.208636977058029515e+03,-3.062555994729907979e+03,-1.460809823281215358e+02,-3.076481505156029694e+00
1.555199999999999916e+00,-3.219865047233468431e+03,-3.019636363636363512e+03,-2.002286835971049186e+02,-4.194508389260201753e+00
1.556000000000000050e+00,-2.611821862348178001e+03,-2.471884057971014499e+03,-1.399378043771635021e+02,-2.471959924148346754e+00
1.556799999999999962e+00,-2.624086369770580404e+03,-2.443467720685111999e+03,-1.806186490854684052e+02,-3.571383346958341587e+00
1.557599999999999874e+00,-2.793198380566801461e+03,-2.693649538866930016e+03,-9.954884169987144560e+01,-2.037949928405743183e+00
1.558400000000000007e+00,-3.005408906882591054e+03,-2.837670619235836512e+03,-1.677382876467545429e+02,-3.429830436721165388e+00
1.559200000000000141e+00,-2.949182186234817891e+03,-2.806808959156785022e+03,-1.423732270780328690e+02,-2.963293577053138783e+00
1.560000000000000053e+00,-2.770310391363022973e+03,-2.537401844532279483e+03,-2.329085468307434894e+02,-4.691126959512744499e+00
1.560799999999999965e+00,-2.545403508771929864e+03,-2.405017127799736500e+03,-1.403863809721933649e+02,-2.888375722176373728e+00
1.561600000000000099e+00,-2.484080971659919214e+03,-2.329633728590250485e+03,-1.544472430696687297e+02,-3.178674424905303830e+00
1.562400000000000011e+00,-2.096280701754385973e+03,-2.031978919631093504e+03,-6.430178212329246890e+01,-1.122568941309432855e+00
1.563199999999999923e+00,-2.048863697705803133e+03,-1.791747035573122503e+03,-2.571166621326806307e+02,-5.255338619391246802e+00
1.564000000000000057e+00,-2.264960863697705918e+03,-2.094798418972332001e+03,-1.701624447253739163e+02,-3.491020196096037420e+00
1.564799999999999969e+00,-2.325074224021592272e+03,-2.182661396574440005e+03,-1.424128274471522673e+02,-2.914645420825504818e+00
1.565600000000000103e+00,-2.324296896086369998e+03,-2.278366271409749515e+03,-4.593062467662048221e+01,-9.485530204001906274e-01
1.566400000000000015e+00,-2.153630229419703028e+03,-1.972785243741765498e+03,-1.808449856779375295e+02,-3.694601453708318939e+00
1.567199999999999926e+00,-2.066655870445344135e+03,-1.905749670619235758e+03,-1.609061998261083772e+02,-3.263885042610505494e+00
1.568000000000000060e+00,-1.907390013495276662e+03,-1.699583662714097500e+03,-2.078063507811791624e+02,-4.066480531170006074e+00
1.568799999999999972e+00,-1.456021592442644987e+03,-1.311030303030303003e+03,-1.449912894123419846e+02,-2.558558910854352497e+00
1.569599999999999884e+00,-1.374834008097165906e+03,-1.190366271409749743e+03,-1.844677366874161635e+02,-3.728603645470360828e+00
1.570400000000000018e+00,-1.729986504723346798e+03,-1.555562582345191004e+03,-1.744239223781557939e+02,-3.645635755391992916e+00
1.571200000000000152e+00,-1.925354925775978472e+03,-1.719652173913043498e+03,-2.057027518629349743e+02,-4.195566637459460679e+00
1.571999999999999842e+00,-1.688874493927125513e+03,-1.573776021080368992e+03,-1.150984728467565219e+02,-2.414313100741977358e+00
1.572799999999999976e+00,-1.523390013495276662e+03,-1.434223978919631008e+03,-8.916603457564565360e+01,-1.859077328033143850e+00
1.573600000000000110e+00,-1.318434547908232162e+03,-1.226118577075098756e+03,-9.231597083313340590e+01,-1.917771092758321583e+00
1.574399999999999800e+00,-1.007157894736842081e+03,-8.610909090909091219e+02,-1.460669856459329594e+02,-2.811910817703338950e+00
1.575199999999999934e+00,-1.156232118758434581e+03,-9.065401844532278801e+02,-2.496919343052067006e+02,-4.517004733206547051e+00
1.576000000000000068e+00,-9.493765182186234597e+02,-7.577127799736495035e+02,-1.916637382449739562e+02,-3.919009312006966450e+00
1.576800000000000201e+00,-1.206672064777327932e+03,-1.054018445322793241e+03,-1.526536194545346916e+02,-3.132553796295521664e+00
1.577599999999999891e+00,-1.283454790823211852e+03,-1.169454545454545496e+03,-1.140002453686663557e+02,-2.325847674201324988e+00
1.578400000000000025e+00,-1.115551956815114636e+03,-9.501343873517786278e+02,-1.654175694633360081e+02,-3.404404756130861909e+00
1.579200000000000159e+00,-8.917678812415654193e+02,-7.895019762845849982e+02,-1.022659049569804210e+02,-2.136364985304122666e+00
1.579999999999999849e+00,-9.086099865047233379e+02,-7.152990777338603721e+02,-1.933109087708629659e+02,-3.957537835070378041e+00
1.580799999999999983e+00,-8.421916329284750873e+02,-7.518102766798418770e+02,-9.038135624863321027e+01,-1.696130146556151352e+00
1.581600000000000117e+00,7.203238866396760898e+01,2.259815546772068444e+02,-1.539491660132392212e+02,-2.970025222854016267e+00
1.582400000000000029e+00,-4.720971659919028411e+02,-3.739657444005270008e+02,-9.813142159137584031e+01,-1.986624050530727104e+00
1.583199999999999941e+00,-7.142780026990553779e+02,-4.859446640316205617e+02,-2.283333386674348162e+02,-4.686368912193267455e+00
1.584000000000000075e+00,-6.575330634278002435e+02,-5.025559947299077521e+02,-1.549770686978924914e+02,-3.165339863126635844e+00
1.584799999999999986e+00,-4.969716599190283546e+02,-3.144347826086956275e+02,-1.825368773103327271e+02,-3.713985426119714717e+00
1.585599999999999898e+00,-3.200863697705802906e+02,-1.825559947299077805e+02,-1.375303750406725101e+02,-2.864935272975839275e+00
1.586400000000000032e+00,-2.008960863697705861e+02,-5.261660079051383576e+01,-1.482794855792567432e+02,-3.000077535840465881e+00
1.587199999999999944e+00,4.387584345479082515e+01,1.489117259552042185e+02,-1.050358825004133934e+02,-1.798098517522681794e+00
1.588000000000000078e+00,2.318164642375168683e+02,4.394835309617918142e+02,-2.076670667242749460e+02,-4.139078539266489720e+00
1.588799999999999990e+00,1.764534412955465541e+02,2.683109354413702476e+02,-9.185749414582369354e+01,-1.851256533847296826e+00
1.589599999999999902e+00,-7.445074224021593068e+01,5.033992094861660149e+01,-1.247906631888325251e+02,-2.568881243394918190e+00
1.590400000000000036e+00,-1.032982456140350820e+02,4.410013175230566418e+01,-1.473983773663407533e+02,-3.035946598064243940e+00
1.591199999999999948e+00,-1.891497975708502111e+01,2.243794466403162176e+02,-2.432944263974012529e+02,-4.996814674683755619e+00
1.591999999999999860e+00,2.835519568151146927e+02,3.949617918313570613e+02,-1.114098350162423685e+02,-2.331870198117532045e+00
1.592799999999999994e+00,2.856248313090418378e+02,3.815546772068511245e+02,-9.592984589780928673e+01,-1.995511985241528174e+00
1.593600000000000128e+00,8.914224021592442568e+02,1.006461133069828747e+03,-1.150387309105844906e+02,-2.000709618295986481e+00
1.594400000000000039e+00,7.386342780026990340e+02,9.268616600790513758e+02,-1.882273820763523418e+02,-3.799339230427412950e+00
1.595199999999999951e+00,5.941376518218623914e+02,7.488590250329381206e+02,-1.547213732110757292e+02,-3.163582049629751758e+00
1.596000000000000085e+00,3.994601889338731553e+02,6.065243741765481218e+02,-2.070641852426749665e+02,-4.231083569126282029e+00
1.596799999999999997e+00,4.528367071524966150e+02,6.428669301712779998e+02,-1.900302230187813848e+02,-3.896114437934411256e+00
1.597599999999999909e+00,7.422618083670715805e+02,7.900079051383398792e+02,-4.774609677126829865e+01,-9.653298575429778428e-01
1.598400000000000043e+00,8.354547908232118516e+02,9.792252964426877497e+02,-1.437705056194758981e+02,-2.928458285339688327e+00
1.599200000000000177e+00,9.575816464237516357e+02,1.102840579710144993e+03,-1.452589332863933578e+02,-2.957930075642232204e+00
1.599999999999999867e+00,1.272399460188933972e+03,1.495188405797101495e+03,-2.227889456081675235e+02,-3.821019830471862111e+00
1.600800000000000001e+00,1.419832658569500609e+03,1.487515151515151501e+03,-6.768249294565089258e+01,-1.376785214879856722e+00
1.601600000000000135e+00,1.050515519568151149e+03,1.189607378129117251e+03,-1.390918585609661022e+02,-2.903673129791187968e+00
1.602399999999999824e+00,9.729554655870445004e+02,1.137665349143610001e+03,-1.647098835565655008e+02,-3.383531416260758817e+00
1.603199999999999958e+00,1.028059379217274000e+03,1.276121212121212011e+03,-2.480618329039380114e+02,-5.072631681219804456e+00
1.604000000000000092e+00,1.365592442645074243e+03,1.453955204216073753e+03,-8.836276157099950979e+01,-1.805353051634946304e+00
1.604800000000000004e+00,1.394180836707152594e+03,1.507077733860342505e+03,-1.128968971531899115e+02,-2.295047640917148968e+00
1.605599999999999916e+00,1.522612685560053933e+03,1.542408432147562507e+03,-1.979574658750857452e+01,-3.923768836635488921e-01
1.606400000000000050e+00,1.944442645074223947e+03,2.118071146245059481e+03,-1.736285011708355341e+02,-3.118916752032998119e+00
1.607199999999999962e+00,1.973808367071525026e+03,2.091088274044795980e+03,-1.172799069732709540e+02,-2.370510724246444934e+00
1.608000000000000096e+00,1.596545209176788148e+03,1.722940711462450508e+03,-1.263955022856623600e+02,-2.628336373107873936e+00
1.608800000000000008e+00,1.521403508771929864e+03,1.594603425559947254e+03,-7.319991678801738999e+01,-1.478737210158680870e+00
1.609599999999999920e+00,1.680237516869095771e+03,1.900943346508563991e+03,-2.207058296394682202e+02,-4.627300024154112457e+00
1.610400000000000054e+00,1.898062078272604595e+03,2.077596837944664003e+03,-1.795347596720594083e+02,-3.760772065071013692e+00
1.611199999999999966e+00,1.951697705802969040e+03,2.070682476943346501e+03,-1.189847711403774611e+02,-2.430625196623540152e+00
1.611999999999999877e+00,2.519924426450742430e+03,2.619615283267457016e+03,-9.969085681671458588e+01,-1.905037877488334308e+00
1.612800000000000011e+00,2.147757085020242812e+03,2.275499341238471516e+03,-1.277422562182287038e+02,-2.404509842275473819e+00
1.613600000000000145e+00,2.455060728744939297e+03,2.595583662714097500e+03,-1.405229339691582027e+02,-2.894320608991710841e+00
1.614400000000000057e+00,2.135751686909581622e+03,2.260152832674571982e+03,-1.244011457649903605e+02,-2.613696782568621035e+00
1.615199999999999969e+00,2.084188933873144379e+03,2.223725955204216007e+03,-1.395370213310716281e+02,-2.901144423181841958e+00
1.616000000000000103e+00,2.187746288798920432e+03,2.362013175230566503e+03,-1.742668864316460713e+02,-3.591416646145002556e+00
1.616800000000000015e+00,2.410407557354925757e+03,2.644321475625823496e+03,-2.339139182708977387e+02,-4.868851996503214430e+00
1.617599999999999927e+00,2.448410256410256352e+03,2.533860342555994521e+03,-8.545008614573816885e+01,-1.765713238432702559e+00
1.618400000000000061e+00,2.734207827260458998e+03,2.879409749670619021e+03,-1.452019224101600230e+02,-2.653784546830041613e+00
1.619200000000000195e+00,3.217792172739541002e+03,3.393180500658761503e+03,-1.753883279192205009e+02,-3.426190562593160127e+00
1.619999999999999885e+00,2.793112010796221512e+03,2.975451910408432013e+03,-1.823398996122105018e+02,-3.737322536885184565e+00
1.620800000000000018e+00,2.600075573549257570e+03,2.698034255599472999e+03,-9.795868205021542963e+01,-2.008555272587521756e+00
1.621600000000000152e+00,2.631514170040485624e+03,2.757312252964426989e+03,-1.257980829239413652e+02,-2.651842279280049564e+00
1.622399999999999842e+00,2.812372469635627567e+03,2.904031620553359517e+03,-9.165915091773194945e+01,-1.859085462680148515e+00
1.623199999999999976e+00,2.952982456140350678e+03,3.179594202898550520e+03,-2.266117467581998426e+02,-4.768421721535322177e+00
1.624000000000000110e+00,3.043152496626180891e+03,3.195783926218708984e+03,-1.526314295925280931e+02,-3.165474768841806785e+00
