time_us,abs_welch_t
0.000000000000000000e+00,1.199974669047692455e+00
8.000000000000000383e-04,8.757138726395424788e-01
1.600000000000000077e-03,1.763153675052912206e+00
2.399999999999999790e-03,2.961453527977708777e-01
3.200000000000000153e-03,3.816591052067602741e-01
4.000000000000000083e-03,1.015351811605708532e+00
4.799999999999999580e-03,8.735345547117231435e-01
5.599999999999999943e-03,8.850706976041312624e-01
6.400000000000000307e-03,6.208449003878362821e-02
7.199999999999999803e-03,2.514253392787650920e+00
8.000000000000000167e-03,2.296401672718795250e+00
8.799999999999998795e-03,1.067631621860525515e+00
9.599999999999999159e-03,1.237600414434072010e-01
1.040000000000000126e-02,4.464290913403319849e-01
1.119999999999999989e-02,1.324800067875795850e+00
1.200000000000000025e-02,2.026837178385582749e+00
1.280000000000000061e-02,1.129363724095814536e+00
1.359999999999999924e-02,3.761838574001806768e-01
1.439999999999999961e-02,1.397559071141332154e+00
1.519999999999999997e-02,9.925330383552468660e-01
1.600000000000000033e-02,1.047171475013880526e+00
1.680000000000000243e-02,9.517215429847077912e-01
1.759999999999999759e-02,1.047425420782816419e+00
1.839999999999999969e-02,1.573408738285166031e+00
1.919999999999999832e-02,1.412627829166453131e+00
2.000000000000000042e-02,1.126221747297217801e+00
2.080000000000000251e-02,4.284562330175185896e-02
2.160000000000000114e-02,1.889564313640866411e+00
2.239999999999999977e-02,1.923614780520651379e+00
2.319999999999999840e-02,6.971486778521970296e-01
2.400000000000000050e-02,1.818070890602526690e+00
2.479999999999999913e-02,3.041597873622947090e-01
2.560000000000000123e-02,7.693579249650270291e-02
2.639999999999999986e-02,1.101539875779349753e+00
2.719999999999999848e-02,7.517862833124124844e-01
2.800000000000000058e-02,1.614423928238161166e+00
2.879999999999999921e-02,1.552995064598980290e+00
2.960000000000000131e-02,8.655560337081139588e-01
3.039999999999999994e-02,1.843190894732429364e+00
3.120000000000000204e-02,2.734747170872000588e+00
3.200000000000000067e-02,1.936727780406477750e+00
3.280000000000000276e-02,9.862846510632724550e-01
3.360000000000000486e-02,5.812369709622250413e-01
3.440000000000000002e-02,7.520406881547508915e-01
3.519999999999999518e-02,1.237567392886122830e+00
3.599999999999999728e-02,1.119794636124721299e+00
3.679999999999999938e-02,9.237003650565464019e-01
3.760000000000000148e-02,1.421209924673978720e-01
3.839999999999999664e-02,3.169021727686837653e-01
3.919999999999999873e-02,3.814556707106027122e-01
4.000000000000000083e-02,2.997771410670836412e-01
4.080000000000000293e-02,1.417214563752264844e+00
4.160000000000000503e-02,2.322493733640591085e+00
4.240000000000000019e-02,2.060645152976340988e+00
4.320000000000000229e-02,1.599437067661637346e-01
4.399999999999999745e-02,1.859295681386377463e+00
4.479999999999999954e-02,1.163497144565464714e+00
4.559999999999999470e-02,2.887862345486343907e-01
4.639999999999999680e-02,9.956049900660932650e-01
4.719999999999999890e-02,9.420151413258868178e-01
4.800000000000000100e-02,4.213768941660735456e-01
4.880000000000000310e-02,1.149484999432731497e-01
4.959999999999999826e-02,1.062476185329582767e+00
5.040000000000000036e-02,6.006455481305319477e-01
5.120000000000000245e-02,9.752300763482033563e-01
5.200000000000000455e-02,6.329668691166854266e-01
5.279999999999999971e-02,8.847949510915900095e-01
5.359999999999999487e-02,4.201965063038242548e-02
5.439999999999999697e-02,1.353604742709959341e+00
5.519999999999999907e-02,6.888104821499764219e-01
5.600000000000000117e-02,5.969682387634793752e-01
5.679999999999999633e-02,1.192870962999210249e+00
5.759999999999999842e-02,1.229690287342631860e+00
5.840000000000000052e-02,2.603718656435053957e-01
5.920000000000000262e-02,2.106076329563819627e-01
5.999999999999999778e-02,3.153727631372365559e-01
6.079999999999999988e-02,3.801347601971843959e-01
6.159999999999999504e-02,6.028595668075372727e-01
6.240000000000000407e-02,1.718735252517048062e+00
6.319999999999999230e-02,1.026051903442998459e+00
6.400000000000000133e-02,3.095127153083702676e-01
6.479999999999999649e-02,1.073642845150671432e+00
6.560000000000000553e-02,4.628320364511243623e-01
6.640000000000000069e-02,3.323913670123379016e-01
6.720000000000000973e-02,8.335001323734415601e-01
6.800000000000000488e-02,1.325262669505411717e+00
6.880000000000000004e-02,3.341511173493977305e-01
6.959999999999999520e-02,1.051908465587519714e+00
7.039999999999999036e-02,1.671797674306772619e+00
7.119999999999999940e-02,2.093328390788941729e+00
7.199999999999999456e-02,9.847198684390200407e-01
7.280000000000000360e-02,9.758934460395459753e-01
7.359999999999999876e-02,8.138935667453774947e-01
7.440000000000000779e-02,7.101442628429236459e-01
7.520000000000000295e-02,1.952904811013625341e+00
7.600000000000001199e-02,1.335057117787003866e+00
7.679999999999999327e-02,8.857756138531686085e-01
7.759999999999998843e-02,9.246231601585982451e-01
7.839999999999999747e-02,1.142840115368424225e-01
7.919999999999999263e-02,5.434459575550781851e-02
8.000000000000000167e-02,8.610553040963241367e-01
8.079999999999999682e-02,1.107721627325124025e+00
8.160000000000000586e-02,1.092188294615765942e+00
8.240000000000000102e-02,7.722136499727854098e-01
8.320000000000001006e-02,5.528873126643929492e-01
8.399999999999999134e-02,1.380852992086590403e+00
8.480000000000000038e-02,2.315004232220472524e-01
8.559999999999999554e-02,6.489447703813401302e-01
8.640000000000000457e-02,7.959704445196433831e-01
8.719999999999999973e-02,7.949282274124706005e-01
8.799999999999999489e-02,9.338667272396176111e-01
8.880000000000000393e-02,2.966917505278969802e-01
8.959999999999999909e-02,2.677128526517731366e-01
9.040000000000000813e-02,1.241938424821311004e+00
9.119999999999998941e-02,1.684949797415342010e+00
9.199999999999999845e-02,2.023774894741107389e+00
9.279999999999999361e-02,4.050081236283053499e-01
9.360000000000000264e-02,8.656375082666919463e-01
9.439999999999999780e-02,1.225805073196940820e-01
9.520000000000000684e-02,6.177659522284133231e-02
9.600000000000000200e-02,9.547975673538887376e-02
9.680000000000001104e-02,5.463335118209460273e-01
9.760000000000000620e-02,1.212710912816604703e+00
9.839999999999998748e-02,1.063724397001667210e+00
9.919999999999999651e-02,6.882369751631839394e-01
9.999999999999999167e-02,1.068927086781929603e+00
1.008000000000000007e-01,1.709743948963730498e+00
1.015999999999999959e-01,2.312380754506991209e+00
1.024000000000000049e-01,2.864051057208941486e+00
1.032000000000000001e-01,8.792060344353003210e-01
1.040000000000000091e-01,1.855300931881305182e+00
1.048000000000000043e-01,1.809313964661442231e+00
1.055999999999999994e-01,5.898719865013886121e-01
1.063999999999999946e-01,8.758390362706764964e-01
1.071999999999999897e-01,1.713570751604755138e+00
1.079999999999999988e-01,1.819387277041634610e+00
1.087999999999999939e-01,9.003930720405668442e-01
1.096000000000000030e-01,9.806041615023982638e-01
1.103999999999999981e-01,1.086425977827685463e+00
1.112000000000000072e-01,8.650640569443415195e-01
1.120000000000000023e-01,7.739313974185998424e-01
1.127999999999999975e-01,2.654787139221256864e-01
1.135999999999999927e-01,4.549589503972404914e-01
1.144000000000000017e-01,1.615687891919897812e+00
1.151999999999999968e-01,1.437994710866934422e+00
1.160000000000000059e-01,3.131271918404154309e-01
1.168000000000000010e-01,4.301212344368542384e-01
1.175999999999999962e-01,4.641952600146106306e-02
1.184000000000000052e-01,3.922238819580004532e-01
1.192000000000000004e-01,6.149655640775407717e-01
1.199999999999999956e-01,1.340771197651866808e+00
1.207999999999999907e-01,1.465721787837256374e+00
1.215999999999999998e-01,1.543209940485977372e+00
1.224000000000000088e-01,1.588729128837176541e+00
1.231999999999999901e-01,3.005801981070393425e-01
1.239999999999999991e-01,1.060850095555649020e+00
1.248000000000000081e-01,1.635347381782032317e+00
1.256000000000000172e-01,1.110178864532157750e+00
1.263999999999999846e-01,5.775909641061451882e-01
1.272000000000000075e-01,2.252494321598322025e-01
1.280000000000000027e-01,1.270553017643809346e+00
1.287999999999999978e-01,1.373619882427982386e+00
1.295999999999999930e-01,6.191014377670052138e-01
1.304000000000000159e-01,1.082037292046007959e+00
1.312000000000000111e-01,2.045037335271226109e+00
1.319999999999999785e-01,1.442724397087088217e+00
1.328000000000000014e-01,5.052703409185662492e-02
1.335999999999999965e-01,2.263325815255988471e-01
1.344000000000000195e-01,5.519722330668382915e-01
1.351999999999999869e-01,1.514345647428027908e+00
1.360000000000000098e-01,1.183208322450643779e+00
1.368000000000000049e-01,4.866185583376812507e-01
1.376000000000000001e-01,1.782492141691085358e-02
1.383999999999999952e-01,6.399196458174998270e-01
1.391999999999999904e-01,5.174582777139555834e-01
1.400000000000000133e-01,9.918953761071790387e-01
1.407999999999999807e-01,1.550904045903206185e+00
1.416000000000000036e-01,2.373613158653370192e+00
1.423999999999999988e-01,1.674414326896024985e+00
1.432000000000000217e-01,2.609794584810299356e-01
1.439999999999999891e-01,1.462233375878562391e+00
1.448000000000000120e-01,1.681190738851531474e+00
1.456000000000000072e-01,7.762922190146387402e-02
1.463999999999999746e-01,8.754759383512906723e-01
1.471999999999999975e-01,7.228887963931428517e-01
1.479999999999999927e-01,8.576391140467346519e-01
1.488000000000000156e-01,3.295576087462633863e-01
1.495999999999999830e-01,8.168780047128186561e-02
1.504000000000000059e-01,5.727844233497743076e-01
1.512000000000000011e-01,8.398257151445450708e-01
1.520000000000000240e-01,4.950476973071935016e-01
1.527999999999999914e-01,3.920187782993412307e-01
1.535999999999999865e-01,4.338851910045709026e-01
1.544000000000000095e-01,1.157008268863051192e+00
1.551999999999999769e-01,1.532374418207923528e+00
1.559999999999999998e-01,6.056171402078295296e-01
1.567999999999999949e-01,4.652403796441748063e-01
1.576000000000000179e-01,3.038486930937058239e-01
1.583999999999999853e-01,5.272341330323302433e-01
1.592000000000000082e-01,1.243322374194443386e-01
1.600000000000000033e-01,5.946480813767476281e-01
1.607999999999999985e-01,1.345975302437994459e-01
1.615999999999999936e-01,1.553646348508581410e+00
1.623999999999999888e-01,1.879428876208294463e+00
1.632000000000000117e-01,1.457107111368992181e+00
1.640000000000000069e-01,2.979760544880283302e-01
1.648000000000000020e-01,1.303721711687185092e+00
1.655999999999999972e-01,9.531751672810323539e-01
1.664000000000000201e-01,4.428996976703769572e-01
1.671999999999999875e-01,7.785195696071147697e-01
1.679999999999999827e-01,9.698162741834782663e-01
1.688000000000000056e-01,6.255749014531665209e-01
1.696000000000000008e-01,6.719099517717014303e-01
1.703999999999999959e-01,2.136126906645057222e+00
1.711999999999999911e-01,1.689890857302413840e+00
1.720000000000000140e-01,4.714259889405063575e-01
1.728000000000000091e-01,1.071707818114161936e+00
1.736000000000000043e-01,1.181421403165126893e+00
1.743999999999999995e-01,3.398281872561229044e-01
1.751999999999999946e-01,1.698968980379590432e+00
1.759999999999999898e-01,1.982081199406555694e+00
1.767999999999999849e-01,1.172044187630062906e+00
1.776000000000000079e-01,1.437060633102172358e-01
1.784000000000000030e-01,3.802748892679162496e-01
1.791999999999999982e-01,7.371699526929607373e-03
1.799999999999999933e-01,6.601304884714646048e-01
1.808000000000000163e-01,1.173321147438707968e+00
1.816000000000000114e-01,1.275468099584130544e+00
1.823999999999999788e-01,5.573013036854351787e-01
1.832000000000000017e-01,6.349836925692349532e-02
1.839999999999999969e-01,1.265088426114988340e-01
1.847999999999999921e-01,2.410144686545538095e-01
1.855999999999999872e-01,6.944465366193134370e-01
1.864000000000000101e-01,1.181905083119263677e+00
1.872000000000000053e-01,6.106042545304768421e-02
1.880000000000000004e-01,4.544935431714978297e-02
1.887999999999999956e-01,3.036688631027218421e-01
1.895999999999999908e-01,8.727291358593664006e-01
1.904000000000000137e-01,1.511050223296027006e+00
1.911999999999999811e-01,1.140923103926283710e+00
1.920000000000000040e-01,6.144434999471226622e-01
1.927999999999999992e-01,6.895143286457895426e-01
1.936000000000000221e-01,7.522995661444826787e-01
1.943999999999999895e-01,7.129549908000971659e-01
1.952000000000000124e-01,6.759786202029041124e-01
1.960000000000000075e-01,2.018234970403856909e+00
1.967999999999999750e-01,2.186942964431832337e+00
1.975999999999999979e-01,2.214421506052425492e+00
1.983999999999999930e-01,1.781166892767256815e+00
1.992000000000000159e-01,2.907173442270888711e-02
1.999999999999999833e-01,2.632596935912606684e-01
2.008000000000000063e-01,8.290308547016873864e-02
2.016000000000000014e-01,1.551967949403590952e+00
2.024000000000000243e-01,1.408251515277483046e+00
2.031999999999999917e-01,7.846206594974598492e-01
2.039999999999999869e-01,3.207833776119005109e-01
2.048000000000000098e-01,6.933906765762363200e-01
2.055999999999999772e-01,2.316868654461551325e-01
2.064000000000000001e-01,1.775957332579559456e+00
2.071999999999999953e-01,1.634593652658466567e+00
2.080000000000000182e-01,6.842207381294135304e-01
2.087999999999999856e-01,7.872786739238341047e-01
2.096000000000000085e-01,1.916440382249293473e+00
2.104000000000000037e-01,2.597302771991591985e+00
2.111999999999999988e-01,1.609890067704731642e+00
2.119999999999999940e-01,1.405991038348617383e-01
2.127999999999999892e-01,9.757485693672931504e-01
2.136000000000000121e-01,6.943361422561763474e-01
2.143999999999999795e-01,1.342244737653967568e-01
2.152000000000000024e-01,5.863968738168390260e-01
2.159999999999999976e-01,5.982285123554977879e-01
2.168000000000000205e-01,5.333868272488705431e-01
2.175999999999999879e-01,9.398232496529541624e-01
2.183999999999999830e-01,8.339290525529058362e-01
2.192000000000000060e-01,1.106486088676561730e+00
2.200000000000000011e-01,4.765911318085390147e-01
2.207999999999999963e-01,2.385593758901796424e-01
2.215999999999999914e-01,5.199112909419577599e-01
2.224000000000000143e-01,2.319081672763039503e-01
2.231999999999999817e-01,1.502412498046215572e-01
2.240000000000000047e-01,7.773748790746402015e-01
2.247999999999999998e-01,4.895603027928367990e-01
2.255999999999999950e-01,3.197439544780507070e-01
2.263999999999999901e-01,7.148701125311595073e-01
2.271999999999999853e-01,1.020960256865685700e+00
2.280000000000000082e-01,1.092209218326738451e+00
2.288000000000000034e-01,9.502099801769445797e-01
2.295999999999999985e-01,5.703891629432891221e-03
2.303999999999999937e-01,2.058058115500841723e+00
2.312000000000000166e-01,2.300980197933376825e+00
2.320000000000000118e-01,1.478780388940823531e+00
2.328000000000000069e-01,4.047603728712629856e-01
2.336000000000000021e-01,5.603462865041146657e-01
2.343999999999999972e-01,4.667556739749296746e-01
2.351999999999999924e-01,1.186752260638539669e+00
2.359999999999999876e-01,9.892024029546386821e-01
2.368000000000000105e-01,9.151567739606771834e-01
2.376000000000000056e-01,2.589750643869280777e-01
2.384000000000000008e-01,3.038640056252196464e-01
2.392000000000000237e-01,1.293001119076734873e-01
2.399999999999999911e-01,1.910330091175553580e-01
2.407999999999999863e-01,1.548089850954118551e+00
2.415999999999999814e-01,2.610549445225722298e+00
2.424000000000000044e-01,1.425484033073373569e+00
2.431999999999999995e-01,1.169142247544031725e-02
2.440000000000000224e-01,1.096565652465172125e+00
2.448000000000000176e-01,7.167566718682275573e-01
2.455999999999999850e-01,3.550642286614721227e-02
2.463999999999999801e-01,1.279279017354468140e+00
2.472000000000000031e-01,1.218305971134394650e+00
2.479999999999999982e-01,3.915765964168008706e-01
2.487999999999999934e-01,1.274630881924486980e-01
2.496000000000000163e-01,3.710795440976258353e-01
2.504000000000000115e-01,1.392477151765700860e+00
2.512000000000000344e-01,1.548351570017387768e+00
2.520000000000000018e-01,4.013498562591066299e-01
2.527999999999999692e-01,7.285040623888808797e-01
2.535999999999999921e-01,4.339816624020781388e-01
2.544000000000000150e-01,1.023141733313703838e+00
2.551999999999999824e-01,2.160188316916402118e-01
2.560000000000000053e-01,2.833285655670750858e-01
2.568000000000000282e-01,7.201763272112398084e-01
2.575999999999999956e-01,7.865518649533178586e-01
2.583999999999999631e-01,1.469103324689962298e+00
2.591999999999999860e-01,5.382505306966033354e-01
2.600000000000000089e-01,1.106402715459324504e-01
2.608000000000000318e-01,5.400105136063083622e-01
2.615999999999999992e-01,1.651179477330423806e+00
2.624000000000000221e-01,1.556178362220954847e+00
2.631999999999999895e-01,2.839062609970698370e-01
2.639999999999999569e-01,2.303012243067737719e-01
2.647999999999999798e-01,1.047889057589348472e+00
2.656000000000000028e-01,1.092123937294361635e+00
2.664000000000000257e-01,6.365275764408852011e-01
2.671999999999999931e-01,1.608715241453016143e+00
2.680000000000000160e-01,1.664730578619820989e+00
2.688000000000000389e-01,1.360516576178795178e+00
2.696000000000000063e-01,2.196685392510651369e-01
2.703999999999999737e-01,2.083316743340281274e+00
2.711999999999999966e-01,2.516651755039529537e+00
2.720000000000000195e-01,9.781538844486517004e-01
2.727999999999999869e-01,2.777289396291973689e-01
2.736000000000000099e-01,3.781890168231753085e-02
2.744000000000000328e-01,4.576836788677621226e-01
2.752000000000000002e-01,9.024845327780867121e-01
2.759999999999999676e-01,1.301347357609059285e+00
2.767999999999999905e-01,6.645601538720122825e-01
2.776000000000000134e-01,1.270087842827669899e-01
2.783999999999999808e-01,1.012640113869801572e-01
2.792000000000000037e-01,8.198698721570811809e-01
2.800000000000000266e-01,1.117320136583908052e+00
2.808000000000000496e-01,1.560025483177843064e+00
2.815999999999999615e-01,2.172558195475386089e+00
2.823999999999999844e-01,7.155450347195208005e-01
2.832000000000000073e-01,6.987336001662313167e-01
2.839999999999999747e-01,8.881962308317270516e-01
2.847999999999999976e-01,8.925742201829800493e-01
2.856000000000000205e-01,4.125269568065786374e-01
2.864000000000000434e-01,7.310201263539416461e-01
2.871999999999999553e-01,6.476734576161832235e-01
2.879999999999999782e-01,7.660352243368424574e-01
2.888000000000000012e-01,8.741300568021511674e-01
2.896000000000000241e-01,9.586703086573411525e-01
2.903999999999999915e-01,6.464081010264138838e-01
2.912000000000000144e-01,2.456580532490546531e+00
2.920000000000000373e-01,1.639492906677102457e+00
2.927999999999999492e-01,6.957233225370176299e-01
2.935999999999999721e-01,5.268828906618951979e-01
2.943999999999999950e-01,1.188381965625545100e-01
2.952000000000000179e-01,1.159047246670353859e-01
2.959999999999999853e-01,5.144787447386368617e-01
2.968000000000000083e-01,1.078289613790718082e+00
2.976000000000000312e-01,6.840411428644748160e-01
2.983999999999999986e-01,7.703676460259686332e-01
2.991999999999999660e-01,8.919496478310016130e-01
2.999999999999999889e-01,9.738067494028379567e-01
3.008000000000000118e-01,1.239710457004294497e+00
3.015999999999999792e-01,3.107562974291560920e+00
3.024000000000000021e-01,2.352382166922104112e+00
3.032000000000000250e-01,3.208280842489403262e-01
3.040000000000000480e-01,1.435192448038205892e+00
3.047999999999999599e-01,1.881013189034786537e+00
3.055999999999999828e-01,1.089704610708954524e+00
3.064000000000000057e-01,1.054032024457488337e+00
3.071999999999999731e-01,1.424671434864261510e+00
3.079999999999999960e-01,1.268384586176046103e+00
3.088000000000000189e-01,3.447736906764010678e-01
3.096000000000000418e-01,2.621413510468371677e-01
3.103999999999999537e-01,1.410253303289466853e+00
3.111999999999999766e-01,1.781690958272523551e+00
3.119999999999999996e-01,1.327079699857728820e-02
3.128000000000000225e-01,2.114715569669786410e-01
3.135999999999999899e-01,2.613512436054827304e-01
3.144000000000000128e-01,1.470367065650495020e+00
3.152000000000000357e-01,1.041780752249995556e+00
3.160000000000000031e-01,7.581992752545909653e-01
3.167999999999999705e-01,4.511765218916581333e-01
3.175999999999999934e-01,7.930433375924439421e-01
3.184000000000000163e-01,1.435230138143745726e-01
3.191999999999999837e-01,8.277691968631248898e-01
3.200000000000000067e-01,6.775389777360378840e-01
3.208000000000000296e-01,1.354788756748769085e+00
3.215999999999999970e-01,2.097991191400633948e+00
3.223999999999999644e-01,1.840510233931541784e+00
3.231999999999999873e-01,1.605043689865882639e-01
3.240000000000000102e-01,2.243517822799730999e-01
3.247999999999999776e-01,6.793136286855616657e-01
3.256000000000000005e-01,1.116622945340079109e+00
3.264000000000000234e-01,4.239972057348214141e-01
3.271999999999999909e-01,6.072760826272993739e-01
3.280000000000000138e-01,8.558625449234518179e-01
3.287999999999999812e-01,1.122997146146730740e+00
3.296000000000000041e-01,8.408632492877144982e-01
3.303999999999999715e-01,1.397272750240564410e+00
3.311999999999999944e-01,2.334665137387478495e+00
3.320000000000000173e-01,1.252884566266851296e+00
3.328000000000000402e-01,1.184407634923032443e-01
3.336000000000000076e-01,4.153629484269695527e-02
3.343999999999999750e-01,5.672838152758504782e-01
3.351999999999999980e-01,6.420243063523460858e-01
3.359999999999999654e-01,1.489057424913945438e+00
3.367999999999999883e-01,1.544529195419686474e+00
3.376000000000000112e-01,1.603823143101663906e-02
3.384000000000000341e-01,3.407379285479450459e-01
3.392000000000000015e-01,2.188812013703505255e-01
3.399999999999999689e-01,4.583845532192015182e-01
3.407999999999999918e-01,1.058745204495450176e+00
3.416000000000000147e-01,2.649208327448349110e+00
3.423999999999999821e-01,1.872187780890778974e+00
3.432000000000000051e-01,2.539301786748134337e-01
3.440000000000000280e-01,1.007933385872747056e+00
3.447999999999999954e-01,1.043667086625226670e+00
3.456000000000000183e-01,6.349230698692581720e-01
3.463999999999999857e-01,7.174164170611648794e-01
3.472000000000000086e-01,1.333175130314855572e+00
3.479999999999999760e-01,3.407765878653252201e-01
3.487999999999999989e-01,2.240807952477952281e-01
3.496000000000000218e-01,2.066394572605650404e-01
3.503999999999999893e-01,8.067109225976948350e-01
3.512000000000000122e-01,1.743665142193649542e+00
3.519999999999999796e-01,1.091635039438624277e+00
3.528000000000000025e-01,6.062214906961163052e-01
3.535999999999999699e-01,5.423488430049399067e-01
3.543999999999999928e-01,1.094930668381801864e+00
3.552000000000000157e-01,1.939836021327296656e-01
3.560000000000000386e-01,6.289761488245810828e-01
3.568000000000000060e-01,6.599578153347293030e-01
3.576000000000000290e-01,5.468638346957461760e-01
3.583999999999999964e-01,7.961722452725076282e-01
3.591999999999999638e-01,7.592732184665815787e-01
3.599999999999999867e-01,9.728294563955849905e-02
3.608000000000000096e-01,9.883673747670276843e-02
3.616000000000000325e-01,1.536577705149872353e+00
3.623999999999999999e-01,1.621580422246514663e+00
3.632000000000000228e-01,1.440149538050179145e-01
3.639999999999999902e-01,2.351068176581616320e-01
3.647999999999999576e-01,1.005657419033734401e+00
3.655999999999999805e-01,9.185707588632910925e-01
3.664000000000000035e-01,6.076644472398746721e-01
3.672000000000000264e-01,1.655230184160256801e+00
3.679999999999999938e-01,1.281956157170757393e+00
3.688000000000000167e-01,6.583970547144761820e-01
3.695999999999999841e-01,5.697622956641460457e-01
3.704000000000000070e-01,1.975207335188785329e+00
3.711999999999999744e-01,2.820051569461888175e+00
3.719999999999999973e-01,1.158661577717091662e+00
3.728000000000000203e-01,8.927105487830675479e-01
3.735999999999999877e-01,4.594728629605023262e-01
3.744000000000000106e-01,4.557568062241177942e-01
3.752000000000000335e-01,8.934100693460218512e-01
3.760000000000000009e-01,1.411631154510405439e+00
3.767999999999999683e-01,1.184435202239044083e+00
3.775999999999999912e-01,3.491927430448583253e-02
3.784000000000000141e-01,8.473783637117425147e-03
3.791999999999999815e-01,1.280930200855212586e+00
3.800000000000000044e-01,1.023195566668585466e+00
3.808000000000000274e-01,9.686321868983017724e-01
3.815999999999999948e-01,1.848413059794294488e+00
3.823999999999999622e-01,1.041472491997776917e+00
3.831999999999999851e-01,8.878703563724059666e-01
3.840000000000000080e-01,9.619040269073508842e-01
3.848000000000000309e-01,4.572143994165596137e-01
3.855999999999999983e-01,1.882583965895911204e-01
3.864000000000000212e-01,2.846886549624154106e-01
3.872000000000000441e-01,8.207765591857224541e-01
3.879999999999999560e-01,2.038967169931119316e-01
3.887999999999999790e-01,1.626877116383708133e-01
3.896000000000000019e-01,4.180313273525647078e-01
3.904000000000000248e-01,6.736689407600768842e-01
3.911999999999999922e-01,2.092739092738067797e+00
3.920000000000000151e-01,1.162743835388373448e+00
3.928000000000000380e-01,1.698061076692686938e-02
3.935999999999999499e-01,2.554080873596009660e-01
3.943999999999999728e-01,7.825368050475866033e-01
3.951999999999999957e-01,3.388106017884910948e-01
3.960000000000000187e-01,6.652731716357926928e-01
3.967999999999999861e-01,1.270542842146169082e+00
3.976000000000000090e-01,4.582774930979023886e-01
3.984000000000000319e-01,5.068757964247219694e-02
3.991999999999999993e-01,4.028460170263130635e-01
3.999999999999999667e-01,4.811476054817366843e-01
4.007999999999999896e-01,8.602072970836914800e-01
4.016000000000000125e-01,3.012374655069683271e+00
4.023999999999999799e-01,2.968296694898538313e+00
4.032000000000000028e-01,1.045016608575298989e+00
4.040000000000000258e-01,9.847617588355002116e-01
4.048000000000000487e-01,1.196908832036958525e+00
4.055999999999999606e-01,8.839219669733748841e-01
4.063999999999999835e-01,1.809081262419416358e-01
4.072000000000000064e-01,1.056532291168427395e+00
4.079999999999999738e-01,8.188915707705053393e-01
4.087999999999999967e-01,2.736197988674175519e-01
4.096000000000000196e-01,2.916410694136509774e-01
4.104000000000000425e-01,6.967050208129593747e-01
4.111999999999999544e-01,9.363469401699787698e-01
4.119999999999999774e-01,5.588275826623894105e-01
4.128000000000000003e-01,1.593770932381330940e+00
4.136000000000000232e-01,1.369521974872075221e-01
4.143999999999999906e-01,1.714385065445857670e+00
4.152000000000000135e-01,1.406857645228249076e+00
4.160000000000000364e-01,1.721171852483869058e+00
4.168000000000000038e-01,1.048985529164325525e+00
4.175999999999999712e-01,5.384362902367177961e-01
4.183999999999999941e-01,2.069776606678614961e-01
4.192000000000000171e-01,6.853818228681092251e-01
4.199999999999999845e-01,5.229928461118533338e-04
4.208000000000000074e-01,9.776846629653331011e-02
4.216000000000000303e-01,1.020948534675482966e+00
4.223999999999999977e-01,2.010673519346355853e+00
4.231999999999999651e-01,4.395094764661931497e-01
4.239999999999999880e-01,7.896458101308700961e-01
4.248000000000000109e-01,7.281628373874990956e-01
4.255999999999999783e-01,7.913095326242211569e-02
4.264000000000000012e-01,1.963100898840620112e-01
4.272000000000000242e-01,6.240256811485987987e-01
4.280000000000000471e-01,3.351408439277674400e-01
4.287999999999999590e-01,1.043904172912476641e-01
4.295999999999999819e-01,6.114799343641864615e-01
4.304000000000000048e-01,8.110609130576692527e-01
4.311999999999999722e-01,2.120994817640760477e+00
4.319999999999999951e-01,9.783593552120308789e-01
4.328000000000000180e-01,1.171665165271257303e+00
4.336000000000000409e-01,7.697207309229440186e-01
4.344000000000000083e-01,4.008479110354136732e-01
4.351999999999999758e-01,1.320182702690731347e+00
4.359999999999999987e-01,1.863617590946476721e+00
4.367999999999999661e-01,2.079771467941902596e+00
4.375999999999999890e-01,9.753515254564534276e-01
4.384000000000000119e-01,2.364924316369438617e-01
4.392000000000000348e-01,3.878394200286360838e-01
4.400000000000000022e-01,2.433295565083066214e-01
4.407999999999999696e-01,1.411709416167626907e-01
4.415999999999999925e-01,1.542131384606658218e+00
4.424000000000000155e-01,1.507652212981428708e+00
4.431999999999999829e-01,3.462866918020383600e-01
4.440000000000000058e-01,8.589217661687873484e-01
4.448000000000000287e-01,2.127518718907335862e-02
4.455999999999999961e-01,9.776404296136498306e-01
4.463999999999999635e-01,9.377073060021915429e-01
4.471999999999999864e-01,1.185332227831670249e+00
4.480000000000000093e-01,5.561408936861774732e-01
4.487999999999999767e-01,7.037644161310414592e-01
4.495999999999999996e-01,8.925671474898833058e-01
4.504000000000000226e-01,1.128776805742756739e+00
4.511999999999999900e-01,2.029240210937044875e+00
4.520000000000000129e-01,7.353805276391653933e-01
4.527999999999999803e-01,6.576056668423662099e-01
4.536000000000000032e-01,1.394486443488126837e-01
4.543999999999999706e-01,9.995756714106327490e-01
4.551999999999999935e-01,1.000839082512005734e-01
4.560000000000000164e-01,1.080598670385285176e-01
4.568000000000000393e-01,1.085230642157050784e+00
4.576000000000000068e-01,1.194627792519571408e+00
4.583999999999999742e-01,6.955394689489680093e-01
4.591999999999999971e-01,1.125081609316605391e+00
4.599999999999999645e-01,5.433212579317401314e-01
4.607999999999999874e-01,3.013711256984576495e-03
4.616000000000000103e-01,1.282565799331814027e+00
4.624000000000000332e-01,1.490543804208021239e+00
4.632000000000000006e-01,2.498440546568248544e-01
4.640000000000000235e-01,1.010913732063861703e+00
4.647999999999999909e-01,8.953705747396574210e-01
4.656000000000000139e-01,8.109919862883854247e-01
4.663999999999999813e-01,1.120793881766658368e-01
4.672000000000000042e-01,1.446793029303844236e+00
4.680000000000000271e-01,1.693736010311905238e+00
4.687999999999999945e-01,4.697078079984870480e-01
4.696000000000000174e-01,6.924275638490052787e-01
4.703999999999999848e-01,1.906277820256078614e+00
4.712000000000000077e-01,2.530329953916365504e+00
4.719999999999999751e-01,1.612192656153234704e+00
4.727999999999999980e-01,9.135624002551393508e-01
4.736000000000000210e-01,9.889514050162450109e-01
4.743999999999999884e-01,9.602377346404423752e-01
4.752000000000000113e-01,8.678396773111729523e-01
4.759999999999999787e-01,9.952655232719302969e-01
4.768000000000000016e-01,1.064914552565842332e+00
4.775999999999999690e-01,7.900152696897538851e-02
4.784000000000000474e-01,1.010501759197545840e-01
4.792000000000000148e-01,1.083970943343065985e+00
4.799999999999999822e-01,1.610083020439473156e+00
4.808000000000000052e-01,1.705296812273404239e+00
4.815999999999999726e-01,1.142079643708164616e+00
4.824000000000000510e-01,4.683567772967215936e-01
4.831999999999999629e-01,1.172000171022050008e+00
4.840000000000000413e-01,1.934046259179636573e+00
4.848000000000000087e-01,3.846216293524096219e-01
4.855999999999999761e-01,1.254019303647062149e-02
4.863999999999999990e-01,6.624792847265037476e-01
4.871999999999999664e-01,1.253476216122023867e+00
4.880000000000000449e-01,1.184023655416558629e+00
4.887999999999999567e-01,5.635966311635569603e-01
4.896000000000000352e-01,2.054540510542249288e-01
4.904000000000000026e-01,1.386086776213135918e+00
4.911999999999999700e-01,2.588450778524211238e+00
4.919999999999999929e-01,1.777063027193919398e+00
4.927999999999999603e-01,1.339020709891485250e-01
4.936000000000000387e-01,6.006922211660636890e-01
4.944000000000000061e-01,4.116161192191377660e-01
4.952000000000000290e-01,6.166360706066962294e-01
4.959999999999999964e-01,7.658614289026234589e-02
4.967999999999999639e-01,1.239187798336964574e+00
4.975999999999999868e-01,1.298526609550241906e+00
4.983999999999999542e-01,1.409726498629450875e+00
4.992000000000000326e-01,1.085964874518738021e+00
5.000000000000000000e-01,1.186330886084641545e+00
5.008000000000000229e-01,6.155344415351401421e-01
5.016000000000000458e-01,2.165362142029727544e+00
5.024000000000000687e-01,2.257865361843768959e+00
5.031999999999999806e-01,1.733306267553660629e-01
5.040000000000000036e-01,1.543504395910340055e+00
5.048000000000000265e-01,7.120457239295192586e-01
5.055999999999999384e-01,7.746316539896662412e-02
5.064000000000000723e-01,1.535977240983155356e+00
5.071999999999999842e-01,2.073141743884065136e+00
5.080000000000000071e-01,2.194601452945275977e+00
5.088000000000000300e-01,2.368321510408093467e-01
5.095999999999999419e-01,1.123989842811748519e+00
5.103999999999999648e-01,1.509370125513799010e+00
5.111999999999999877e-01,1.918595468544531446e+00
5.120000000000000107e-01,8.687070979147092364e-01
5.128000000000000336e-01,7.816632017017015599e-01
5.136000000000000565e-01,2.750254446771486228e-01
5.143999999999999684e-01,7.966579693530516648e-01
5.151999999999999913e-01,3.970542965450293837e-01
5.160000000000000142e-01,1.008149141764063672e-01
5.167999999999999261e-01,2.327054522294835504e-01
5.176000000000000600e-01,1.236918094752845532e+00
5.183999999999999719e-01,8.339377253920977617e-01
5.191999999999999948e-01,1.784833150677035851e+00
5.200000000000000178e-01,1.900539487415608519e+00
5.207999999999999297e-01,8.164266035892163709e-01
5.216000000000000636e-01,1.152686094698684993e+00
5.223999999999999755e-01,9.122434740116215357e-01
5.231999999999999984e-01,6.258738337174314381e-01
5.240000000000000213e-01,1.202298169375060510e+00
5.248000000000000442e-01,1.006478646621364659e+00
5.255999999999999561e-01,1.291860464942163333e-01
5.263999999999999790e-01,4.237966787156235982e-01
5.272000000000000020e-01,8.861611356108310966e-01
5.279999999999999138e-01,1.551590571309757305e+00
5.288000000000000478e-01,7.990733171069032137e-01
5.295999999999999597e-01,5.060498129451264093e-01
5.303999999999999826e-01,1.928884839959665420e+00
5.312000000000000055e-01,2.900348523331481410e+00
5.320000000000000284e-01,2.388422241817466318e+00
5.328000000000000513e-01,6.742071585314300675e-02
5.335999999999999632e-01,7.101637800226285879e-01
5.343999999999999861e-01,5.089279144308165442e-02
5.352000000000000091e-01,7.169802392033397531e-01
5.360000000000000320e-01,2.205085280600031783e-01
5.367999999999999439e-01,6.787230186817295730e-01
5.376000000000000778e-01,6.479762881778849959e-01
5.383999999999999897e-01,5.684710094469087871e-02
5.392000000000000126e-01,4.324016882546067309e-01
5.400000000000000355e-01,8.674390278544837907e-01
5.407999999999999474e-01,1.241508064910143760e+00
5.416000000000000814e-01,1.843165029006043731e+00
5.423999999999999932e-01,1.156011068507671657e+00
5.432000000000000162e-01,1.024646639690919070e+00
5.440000000000000391e-01,2.628943024802918416e+00
5.447999999999999510e-01,9.219422291565563254e-01
5.455999999999999739e-01,4.235584002476455168e-01
5.463999999999999968e-01,1.271626980659484207e+00
5.472000000000000197e-01,1.556328380970846137e+00
5.479999999999999316e-01,1.146867197538534056e+00
5.488000000000000655e-01,2.789604841471397534e-01
5.495999999999999774e-01,3.976342467703109507e-01
5.504000000000000004e-01,1.076508016785094890e+00
5.512000000000000233e-01,1.650731554625300301e+00
5.519999999999999352e-01,1.436919381170443932e+00
5.528000000000000691e-01,1.366991309100232810e-01
5.535999999999999810e-01,6.395559390938740374e-02
5.544000000000000039e-01,8.457266838041188617e-01
5.552000000000000268e-01,2.189335537535446463e-01
5.559999999999999387e-01,4.742548199706398959e-01
5.567999999999999616e-01,5.943966196028774851e-01
5.575999999999999845e-01,2.739082540692084899e-01
5.584000000000000075e-01,4.940855371678193331e-01
5.592000000000000304e-01,4.962396667987777343e-01
5.600000000000000533e-01,7.324354175377130183e-01
5.607999999999999652e-01,1.082714560309817831e+00
5.616000000000000991e-01,1.416156246249501649e+00
5.624000000000000110e-01,2.100988321709176265e+00
5.631999999999999229e-01,1.220373514485711075e+00
5.640000000000000568e-01,4.459330682109811095e-01
5.647999999999999687e-01,7.827637262553172048e-01
5.655999999999999917e-01,7.247349321509085618e-01
5.664000000000000146e-01,3.794976282308140658e-02
5.672000000000000375e-01,9.747136787566418326e-01
5.679999999999999494e-01,1.642378949220953066e+00
5.687999999999999723e-01,9.234071206348580807e-01
5.695999999999999952e-01,9.810711608106933435e-01
5.704000000000000181e-01,1.229336349702949027e+00
5.712000000000000410e-01,1.659745313335596384e+00
5.719999999999999529e-01,9.420583047727242310e-01
5.728000000000000869e-01,8.378990564151950204e-01
5.735999999999999988e-01,7.241254792911284710e-01
5.743999999999999106e-01,8.873059255513865429e-01
5.752000000000000446e-01,1.438381118685155835e+00
5.759999999999999565e-01,1.243133002647896168e+00
5.767999999999999794e-01,6.545394589633736215e-01
5.776000000000000023e-01,1.002129774640063142e-01
5.784000000000000252e-01,2.514172919579685805e-01
5.792000000000000481e-01,9.571846345085276153e-02
5.799999999999999600e-01,1.443054346346373196e+00
5.807999999999999829e-01,1.287591545615507371e+00
5.816000000000000059e-01,1.481432579572844466e+00
5.824000000000000288e-01,9.389381485119969728e-01
5.831999999999999407e-01,5.983640293926746345e-01
5.840000000000000746e-01,1.485460154526284660e+00
5.847999999999999865e-01,6.614935983208585224e-01
5.855999999999998984e-01,1.058919791711718239e-01
5.864000000000000323e-01,6.151014200177440383e-01
5.871999999999999442e-01,5.765032515482587661e-01
5.880000000000000782e-01,9.679041988419780917e-01
5.887999999999999901e-01,9.180025487199117151e-01
5.896000000000000130e-01,4.383367780379875400e-01
5.904000000000000359e-01,3.472631320716803582e-01
5.912000000000000588e-01,1.930895059487104826e+00
5.919999999999999707e-01,1.934869681327578528e+00
5.927999999999999936e-01,4.212614397732525884e-01
5.936000000000000165e-01,7.300390800475695108e-02
5.943999999999999284e-01,4.281605983656378012e-01
5.952000000000000624e-01,5.782204362972347411e-01
5.959999999999999742e-01,1.058677830760860750e-01
5.967999999999999972e-01,3.038301735203164378e-01
5.976000000000000201e-01,1.105876207523981636e+00
5.983999999999999320e-01,4.298047954127086623e-01
5.992000000000000659e-01,4.956011870166056599e-01
5.999999999999999778e-01,1.132851953073382711e+00
6.008000000000000007e-01,1.568544741802595732e+00
6.016000000000000236e-01,3.957973393173020327e+00
6.024000000000000465e-01,1.615949307596936668e+00
6.031999999999999584e-01,2.875991968438032842e+00
6.039999999999999813e-01,3.755496109629545387e+00
6.048000000000000043e-01,6.911526091836612817e-01
6.055999999999999162e-01,2.810053198197929980e+00
6.064000000000000501e-01,2.080228233237711777e+00
6.071999999999999620e-01,1.310117017969866460e+00
6.080000000000000959e-01,3.687156839681586362e+00
6.088000000000000078e-01,1.962445541563904383e+00
6.095999999999999197e-01,2.230748936754572309e+00
6.104000000000000536e-01,3.216903474971378518e+00
6.111999999999999655e-01,1.837026064872129716e+00
6.119999999999999885e-01,2.223621586619963786e+00
6.128000000000000114e-01,2.280100370857896408e+00
6.136000000000000343e-01,2.643487465482418308e+00
6.143999999999999462e-01,1.112581028385895010e-01
6.151999999999999691e-01,3.429056530582793361e+00
6.159999999999999920e-01,9.665585236932884294e-01
6.168000000000000149e-01,1.298546417371002848e+00
6.176000000000000378e-01,1.067119024627995350e+00
6.183999999999999497e-01,4.940563955048240530e-01
6.192000000000000837e-01,5.230411905855374410e-01
6.199999999999999956e-01,9.673630904199407299e-01
6.207999999999999075e-01,1.025655561073374189e+00
6.216000000000000414e-01,1.787819088886404728e+00
6.223999999999999533e-01,1.541002131761146865e+00
6.231999999999999762e-01,8.260754469670781308e-01
6.239999999999999991e-01,1.257756306975587601e-01
6.248000000000000220e-01,9.708801983214672138e-01
6.256000000000000449e-01,5.410956130920746565e-01
6.264000000000000679e-01,1.322166527835333616e+00
6.271999999999999797e-01,4.519665951597501841e-01
6.280000000000000027e-01,4.073875197256976444e-01
6.288000000000000256e-01,9.744672416209402277e-01
6.295999999999999375e-01,4.679764197917458124e-01
6.304000000000000714e-01,7.771978251268331084e-01
6.311999999999999833e-01,1.350743672516499627e+00
6.320000000000000062e-01,9.581043829326468808e-01
6.328000000000000291e-01,3.101750081162323869e-01
6.335999999999999410e-01,2.522953344876494031e-01
6.343999999999999639e-01,5.664841545229230002e-01
6.351999999999999869e-01,2.117354006696011481e+00
6.360000000000000098e-01,1.013454459575753974e+00
6.368000000000000327e-01,1.857930472099746488e+00
6.376000000000000556e-01,6.278751822892669754e-01
6.383999999999999675e-01,2.524900927929117911e-01
6.391999999999999904e-01,2.120922124607063086e+00
6.400000000000000133e-01,1.046829881175833865e+00
6.407999999999999252e-01,4.539870694402076308e-03
6.416000000000000592e-01,3.006830839764061736e+00
6.423999999999999710e-01,1.249288893767312558e+00
6.431999999999999940e-01,1.825591400877743187e+00
6.440000000000000169e-01,1.210686232950804797e+00
6.447999999999999288e-01,4.389546233010783727e-01
6.456000000000000627e-01,5.306330390321335466e-01
6.463999999999999746e-01,1.746024491379379873e+00
6.471999999999999975e-01,1.022891002149004303e+00
6.480000000000000204e-01,9.207877721350896660e-01
6.488000000000000433e-01,9.740096301718990102e-01
6.495999999999999552e-01,7.554847627564718060e-01
6.503999999999999782e-01,1.390861795156406622e+00
6.512000000000000011e-01,5.201911321171631686e-01
6.519999999999999130e-01,1.179944828414282831e+00
6.528000000000000469e-01,1.886198489495917618e+00
6.535999999999999588e-01,1.399424526626855902e+00
6.543999999999999817e-01,3.928866518480904069e-01
6.552000000000000046e-01,2.455921550467748293e+00
6.560000000000000275e-01,5.452063482019061658e-01
6.568000000000000504e-01,2.189402068210972718e+00
6.575999999999999623e-01,1.739302722388508249e-01
6.583999999999999853e-01,1.754500836496129867e+00
6.592000000000000082e-01,1.301946563790805644e+00
6.600000000000000311e-01,4.043485513353336502e-01
6.607999999999999430e-01,1.455818616194625825e+00
6.616000000000000769e-01,2.291749882848273856e+00
6.623999999999999888e-01,5.911851135979917515e-01
6.632000000000000117e-01,2.379596464173983961e+00
6.640000000000000346e-01,1.059441840424934833e+00
6.647999999999999465e-01,3.190089813082938597e-02
6.656000000000000805e-01,1.275157832097032040e+00
6.663999999999999924e-01,1.460992706053295231e+00
6.672000000000000153e-01,4.994988981129828143e-01
6.680000000000000382e-01,1.194394021670309503e+00
6.687999999999999501e-01,5.351235402852765333e-01
6.695999999999999730e-01,2.154996200676155826e-01
6.703999999999999959e-01,2.385720450581644947e+00
6.712000000000000188e-01,1.253773168883801858e+00
6.719999999999999307e-01,8.359125216221675592e-01
6.728000000000000647e-01,2.087399096468716131e+00
6.735999999999999766e-01,4.397975225346701378e-01
6.743999999999999995e-01,4.337568794578890996e-01
6.752000000000000224e-01,2.381044248173381117e+00
6.759999999999999343e-01,1.283983517211521264e+00
6.768000000000000682e-01,1.898604347320731911e+00
6.775999999999999801e-01,7.197612816877688724e-01
6.784000000000000030e-01,9.452150377136319115e-01
6.792000000000000259e-01,4.946186952068487575e-01
6.799999999999999378e-01,8.063082980920251996e-01
6.807999999999999607e-01,1.337549350477260091e-02
6.815999999999999837e-01,1.700635100382672737e+00
6.824000000000000066e-01,1.015733416416236407e-01
6.832000000000000295e-01,5.131383934266495750e-01
6.840000000000000524e-01,6.753733902446875659e-01
6.847999999999999643e-01,9.576669949480427491e-01
6.856000000000000982e-01,8.179673944388371476e-01
6.864000000000000101e-01,2.136375474743894110e+00
6.871999999999999220e-01,1.914978378383344337e-01
6.880000000000000560e-01,1.040764602440819253e+00
6.887999999999999678e-01,8.228850799208001776e-01
6.895999999999999908e-01,1.000555821301973569e-01
6.904000000000000137e-01,2.746628155822993023e+00
6.912000000000000366e-01,8.774686504286917099e-01
6.919999999999999485e-01,1.585829745616829767e+00
6.927999999999999714e-01,1.078770813470014467e+00
6.935999999999999943e-01,4.387985221164351635e-01
6.944000000000000172e-01,1.359917348930332448e+00
6.952000000000000401e-01,1.239758297479963245e+00
6.959999999999999520e-01,7.867750029867156547e-01
6.968000000000000860e-01,2.714754446138941457e+00
6.975999999999999979e-01,1.502457120823715853e+00
6.983999999999999098e-01,2.590979663524940690e+00
6.992000000000000437e-01,3.761887503643039365e-01
6.999999999999999556e-01,7.071798706008334268e-01
7.007999999999999785e-01,1.869628203802201072e-01
7.016000000000000014e-01,2.964018353520180504e+00
7.024000000000000243e-01,2.189549105864094236e-01
7.032000000000000473e-01,2.698214070863027114e+00
7.039999999999999591e-01,2.901718634500905836e+00
7.047999999999999821e-01,1.342374853599239248e+00
7.056000000000000050e-01,1.468712850573390627e+00
7.064000000000000279e-01,3.187552680318862297e+00
7.071999999999999398e-01,1.659291944119719864e-01
7.080000000000000737e-01,2.341079537467781524e+00
7.087999999999999856e-01,2.292612155614137670e+00
7.095999999999998975e-01,5.137972749363896030e-01
7.104000000000000314e-01,4.759725839321247598e+00
7.111999999999999433e-01,6.791911828745523794e-01
7.120000000000000773e-01,2.092106124975004366e+00
7.127999999999999892e-01,2.907156198400083991e+00
7.136000000000000121e-01,1.184517149964725347e+00
7.144000000000000350e-01,1.281664812900883188e+00
7.152000000000000579e-01,1.937935857267210071e+00
7.159999999999999698e-01,3.805336507574540450e-01
7.167999999999999927e-01,1.676100664828555686e+00
7.176000000000000156e-01,1.206253564313224530e-01
7.183999999999999275e-01,2.426222067621146117e+00
7.192000000000000615e-01,2.859938415354251195e-01
7.199999999999999734e-01,1.189328310934682387e+00
7.207999999999999963e-01,5.741184487605410780e-01
7.216000000000000192e-01,6.632333624544232142e-01
7.223999999999999311e-01,5.555752568151673954e-01
7.232000000000000650e-01,7.968886793056023654e-02
7.239999999999999769e-01,1.397205793698503173e+00
7.247999999999999998e-01,3.053069058798369428e-01
7.256000000000000227e-01,4.458870984519115455e-01
7.264000000000000457e-01,1.345980627671232277e+00
7.271999999999999575e-01,7.679019635992544446e-01
7.279999999999999805e-01,1.056460868580243018e+00
7.288000000000000034e-01,3.509401544264095785e-01
7.295999999999999153e-01,6.238863275504434591e-02
7.304000000000000492e-01,2.632018006189835724e+00
7.311999999999999611e-01,2.004786534399417341e+00
7.320000000000000950e-01,1.793957454560973774e+00
7.328000000000000069e-01,1.662124685197091889e+00
7.335999999999999188e-01,4.653466978564902989e-01
7.344000000000000528e-01,1.524061541906278627e+00
7.351999999999999647e-01,1.904428370760307798e+00
7.359999999999999876e-01,8.298091736601193036e-01
7.368000000000000105e-01,2.415731786245889356e+00
7.376000000000000334e-01,2.590216919621206038e-01
7.383999999999999453e-01,1.618793944194643508e+00
7.391999999999999682e-01,1.144923139244376831e+00
7.399999999999999911e-01,1.144807771876190872e+00
7.408000000000000140e-01,4.666601877125908238e-01
7.416000000000000369e-01,3.167036961961052999e+00
7.423999999999999488e-01,2.307960423921245341e-01
7.432000000000000828e-01,6.346840547081550321e-01
7.439999999999999947e-01,1.988450877606716016e+00
7.448000000000000176e-01,4.790799837513214920e-01
7.456000000000000405e-01,2.839923988207966876e-01
7.463999999999999524e-01,3.266601765235818799e+00
7.471999999999999753e-01,3.685082444103093824e-01
7.479999999999999982e-01,1.864454160767118562e+00
7.488000000000000211e-01,1.007684891564784690e+00
7.496000000000000441e-01,5.150794015025454975e-01
7.504000000000000670e-01,2.866165242891743237e+00
7.511999999999999789e-01,1.062980281126974624e+00
7.520000000000000018e-01,1.255749849007755881e+00
7.528000000000000247e-01,1.724107426362861517e+00
7.535999999999999366e-01,1.504856871540064089e+00
7.544000000000000705e-01,5.551140839757164880e-01
7.551999999999999824e-01,1.375579381056521333e+00
7.560000000000000053e-01,6.576973604387500449e-01
7.568000000000000282e-01,1.894049671378075450e+00
7.575999999999999401e-01,4.924522430598835543e-01
7.583999999999999631e-01,2.237702900862149846e+00
7.591999999999999860e-01,1.089302500357547526e-01
7.600000000000000089e-01,1.270187360140296873e+00
7.608000000000000318e-01,8.877674101660040229e-01
7.616000000000000547e-01,2.788034105114617134e+00
7.623999999999999666e-01,6.148582296468856762e-02
7.631999999999999895e-01,9.075214150250525691e-01
7.640000000000000124e-01,1.979931189300466077e+00
7.647999999999999243e-01,2.987092046342124108e-01
7.656000000000000583e-01,1.743942937684433758e+00
7.663999999999999702e-01,1.582399083270469298e+00
7.671999999999999931e-01,1.103180055722220887e+00
7.680000000000000160e-01,2.965011600476425091e+00
7.687999999999999279e-01,2.815976743103893454e-01
7.696000000000000618e-01,5.010298276702981335e-01
7.703999999999999737e-01,3.257370761098378420e+00
7.711999999999999966e-01,1.882257704340237980e+00
7.720000000000000195e-01,1.991751303805326945e+00
7.728000000000000425e-01,8.509566571783045985e-01
7.735999999999999543e-01,6.696189947308156531e-01
7.744000000000000883e-01,2.060130568224827763e-01
7.752000000000000002e-01,1.714593174084316107e+00
7.759999999999999121e-01,8.988499574103671341e-03
7.768000000000000460e-01,1.217305801379236163e+00
7.775999999999999579e-01,1.330795079426559058e+00
7.783999999999999808e-01,9.391861750961214561e-01
7.792000000000000037e-01,4.365404293846726902e-01
7.800000000000000266e-01,2.433710637167589841e+00
7.808000000000000496e-01,1.609327329853639243e+00
7.815999999999999615e-01,3.278616624068701579e+00
7.823999999999999844e-01,2.398624411467457362e-01
7.832000000000000073e-01,1.331882547756212641e-02
7.840000000000000302e-01,1.900527877763304119e+00
7.847999999999999421e-01,3.445487091828861037e-02
7.856000000000000760e-01,1.094817215256009391e+00
7.863999999999999879e-01,1.789437391646415243e+00
7.871999999999998998e-01,3.339261352328250498e-01
7.880000000000000338e-01,1.626603435968910771e+00
7.887999999999999456e-01,7.429485527911168508e-02
7.896000000000000796e-01,1.359309009952272218e+00
7.903999999999999915e-01,2.235043979411406312e+00
7.912000000000000144e-01,1.736898189977400087e+00
7.920000000000000373e-01,3.026265037558889315e+00
7.927999999999999492e-01,4.015179646388540857e-01
7.935999999999999721e-01,1.841895328282740829e+00
7.943999999999999950e-01,8.388946925295186485e-01
7.952000000000000179e-01,7.168165667232246907e-01
7.959999999999999298e-01,3.668737448092568854e-01
7.968000000000000638e-01,1.233866695554525217e+00
7.975999999999999757e-01,5.740720858203660626e-01
7.983999999999999986e-01,1.668096334961087335e+00
7.992000000000000215e-01,2.229992916929616764e-01
7.999999999999999334e-01,1.904705283896647394e+00
8.008000000000000673e-01,9.702434692894149615e-01
8.015999999999999792e-01,4.344700481996460084e+00
8.024000000000000021e-01,2.238099508762027234e+00
8.032000000000000250e-01,1.363112538240592864e+00
8.040000000000000480e-01,1.768765501077465663e+00
8.047999999999999599e-01,7.535952254475568601e-01
8.055999999999999828e-01,2.325379100081133910e+00
8.064000000000000057e-01,1.293732549629356132e+00
8.072000000000000286e-01,3.651182565032267124e-01
8.080000000000000515e-01,2.295912603289820275e+00
8.087999999999999634e-01,2.778146239771014381e-01
8.096000000000000973e-01,9.664322638537548027e-01
8.104000000000000092e-01,1.683221715037581445e+00
8.111999999999999211e-01,3.766782617899209207e-01
8.120000000000000551e-01,9.440379432720973352e-01
8.127999999999999670e-01,1.124613427990758918e+00
8.135999999999999899e-01,1.786345974374038637e+00
8.144000000000000128e-01,6.583116178551450259e-01
8.152000000000000357e-01,2.195244950217078106e+00
8.159999999999999476e-01,3.760153240984198675e-01
8.167999999999999705e-01,6.232296430992979586e-01
8.175999999999999934e-01,1.279454075222300036e+00
8.184000000000000163e-01,7.266313861917980121e-01
8.192000000000000393e-01,1.530304755514683979e-01
8.199999999999999512e-01,1.351764354769176668e+00
8.208000000000000851e-01,3.695608529622149696e-01
8.215999999999999970e-01,2.643226235326356921e+00
8.223999999999999089e-01,5.188175802903292055e-01
8.232000000000000428e-01,6.133179519651548173e-01
8.239999999999999547e-01,1.078971930632085519e+00
8.247999999999999776e-01,5.643043678452800381e-03
8.256000000000000005e-01,1.354694952211900949e+00
8.264000000000000234e-01,5.151704313013334424e-01
8.272000000000000464e-01,3.959943889668585820e-03
8.279999999999999583e-01,1.979955767144338186e+00
8.287999999999999812e-01,3.690311945956999962e-01
8.296000000000000041e-01,1.216013387579182092e+00
8.304000000000000270e-01,2.144160721505419254e+00
8.311999999999999389e-01,1.727007384637444298e+00
8.320000000000000728e-01,1.745262242600208236e+00
8.327999999999999847e-01,8.121932805662653854e-01
8.336000000000000076e-01,5.125405164782972367e-01
8.344000000000000306e-01,7.314421637731667314e-01
8.351999999999999424e-01,1.380830834913619132e+00
8.360000000000000764e-01,8.272815327633199489e-01
8.367999999999999883e-01,2.036029551467832377e+00
8.376000000000000112e-01,5.834264166184320866e-01
8.384000000000000341e-01,6.046449339376070986e-01
8.392000000000000570e-01,6.354826554788942095e-02
8.399999999999999689e-01,1.614593370644287873e+00
8.407999999999999918e-01,8.785205796585748850e-01
8.416000000000000147e-01,3.236916051448063936e+00
8.423999999999999266e-01,2.587824538359114190e-01
8.432000000000000606e-01,2.350123885044230199e-01
8.439999999999999725e-01,2.137109377038165281e+00
8.447999999999999954e-01,1.133879266155754378e-01
8.456000000000000183e-01,5.065621244100335652e-01
8.463999999999999302e-01,2.138729903321308523e+00
8.472000000000000641e-01,1.614413178908948199e+00
8.479999999999999760e-01,1.803722709562664006e+00
8.487999999999999989e-01,4.275427921148921007e-01
8.496000000000000218e-01,2.853531767726327217e-01
8.504000000000000448e-01,1.954416715330085985e+00
8.511999999999999567e-01,1.561171241317826253e+00
8.519999999999999796e-01,2.370216728295133191e+00
8.528000000000000025e-01,6.380899994071368431e-01
8.535999999999999144e-01,1.543696021590280187e+00
8.544000000000000483e-01,3.727142359344554068e-01
8.551999999999999602e-01,6.856973348033905680e-01
8.560000000000000941e-01,6.124858365319619802e-01
8.568000000000000060e-01,1.422770707361265208e+00
8.575999999999999179e-01,5.543526177504931596e-01
8.584000000000000519e-01,1.252719871333747959e+00
8.591999999999999638e-01,5.228173438168407516e-01
8.599999999999999867e-01,9.543125842949760074e-01
8.608000000000000096e-01,3.265779426093063931e-01
8.616000000000000325e-01,2.357598847147468923e+00
8.623999999999999444e-01,8.856029252268080576e-01
8.631999999999999673e-01,4.594773167068864628e-01
8.639999999999999902e-01,1.967955167448772080e+00
8.648000000000000131e-01,6.357408047115058469e-01
8.656000000000000361e-01,2.211785121079619110e+00
8.663999999999999480e-01,1.115883812113716012e+00
8.672000000000000819e-01,1.292806553575180262e+00
8.679999999999999938e-01,2.471558164025424720e+00
8.688000000000000167e-01,6.655089901590045542e-01
8.696000000000000396e-01,7.473987124242702507e-01
8.703999999999999515e-01,1.979472434689687699e+00
8.711999999999999744e-01,1.997676105197029539e+00
8.719999999999999973e-01,1.463073822537957813e+00
8.728000000000000203e-01,1.416631888966281227e+00
8.735999999999999321e-01,6.403233174289525431e-01
8.744000000000000661e-01,6.489482968571769206e-01
8.751999999999999780e-01,1.885123409602053490e+00
8.760000000000000009e-01,6.968205608318362998e-01
8.768000000000000238e-01,1.154651430936975087e+00
8.775999999999999357e-01,1.627169416909481248e+00
8.784000000000000696e-01,2.852041329554398374e-01
8.791999999999999815e-01,4.809212628987842575e-02
8.800000000000000044e-01,1.964224096998150149e+00
8.808000000000000274e-01,8.869692124981338743e-01
8.815999999999999392e-01,3.014787316941172524e+00
8.823999999999999622e-01,1.270664752270930231e+00
8.831999999999999851e-01,3.245631062420033242e-02
8.840000000000000080e-01,1.456403988743902200e+00
8.848000000000000309e-01,3.703996465858552245e-01
8.856000000000000538e-01,1.364643836410914135e+00
8.863999999999999657e-01,2.118526650038193571e-01
8.871999999999999886e-01,4.544799970408513468e-01
8.880000000000000115e-01,1.168643333145507723e+00
8.887999999999999234e-01,5.727909560840644954e-01
8.896000000000000574e-01,1.251208959562551959e+00
8.903999999999999693e-01,1.073181748921982592e+00
8.911999999999999922e-01,1.030837499389536838e+00
8.920000000000000151e-01,1.199001959916604854e+00
8.927999999999999270e-01,9.894949881103546341e-01
8.936000000000000609e-01,9.901058898601806657e-01
8.943999999999999728e-01,7.905836319954318014e-01
8.951999999999999957e-01,1.596223823624642879e+00
8.960000000000000187e-01,6.467242777604843562e-01
8.968000000000000416e-01,2.120297253896694656e+00
8.975999999999999535e-01,3.585096201012550332e-01
8.984000000000000874e-01,4.380945155168509686e-01
8.991999999999999993e-01,7.070292288675982251e-01
8.999999999999999112e-01,7.639996993929060176e-01
9.008000000000000451e-01,5.624402451367778166e-01
9.015999999999999570e-01,3.270463055549167386e+00
9.023999999999999799e-01,2.258194273783624695e+00
9.032000000000000028e-01,1.775396645817833186e+00
9.040000000000000258e-01,7.093179239368186950e-01
9.048000000000000487e-01,1.470790835926995832e-01
9.055999999999999606e-01,8.388770615669163266e-01
9.063999999999999835e-01,6.847012307200487369e-01
9.072000000000000064e-01,2.364028856858417516e-01
9.080000000000000293e-01,1.231960394043722040e+00
9.087999999999999412e-01,1.508375559443037917e+00
9.096000000000000751e-01,1.995972987090882111e-01
9.103999999999999870e-01,9.833496516482197469e-01
9.111999999999998989e-01,1.324249617857677086e-01
9.120000000000000329e-01,2.605623057225803230e-01
9.127999999999999448e-01,2.075751777803408249e+00
9.136000000000000787e-01,7.547374697683194578e-01
9.143999999999999906e-01,9.849251791660517119e-01
9.152000000000000135e-01,2.173231293688000942e+00
9.160000000000000364e-01,6.361595879084481764e-01
9.167999999999999483e-01,1.443956778549369435e+00
9.175999999999999712e-01,2.880219906696648846e-01
9.183999999999999941e-01,1.710955478993992640e-01
9.192000000000000171e-01,4.348667473838720848e-02
9.199999999999999289e-01,3.217631532720999776e-01
9.208000000000000629e-01,2.916990648694026689e-01
9.215999999999999748e-01,2.166537200377560701e+00
9.223999999999999977e-01,1.847869730664166710e+00
9.232000000000000206e-01,1.539404276801586091e+00
9.239999999999999325e-01,2.271027609532011160e-01
9.248000000000000664e-01,7.898195661227158659e-01
9.255999999999999783e-01,1.052722603769602028e+00
9.264000000000000012e-01,1.456741293214473265e-01
9.272000000000000242e-01,2.754020870744376404e-01
9.280000000000000471e-01,1.252068104165256601e+00
9.287999999999999590e-01,2.870142173762076365e-01
9.295999999999999819e-01,6.031413829101662794e-01
9.304000000000000048e-01,1.214548644615291106e+00
9.312000000000000277e-01,1.046118185076054585e+00
9.320000000000000506e-01,9.911173033294780055e-01
9.327999999999999625e-01,1.498394754762461423e+00
9.336000000000000965e-01,6.795798977311917621e-02
9.344000000000000083e-01,3.706573083163083870e-01
9.351999999999999202e-01,2.294045749678014445e+00
9.360000000000000542e-01,1.654471454233607863e+00
9.367999999999999661e-01,2.887075878758564418e+00
9.375999999999999890e-01,7.725827550203133269e-03
9.384000000000000119e-01,2.374226081358453977e-01
9.392000000000000348e-01,9.260033122648605453e-01
9.399999999999999467e-01,4.604554049007512639e-01
9.407999999999999696e-01,2.134724403993231712e-01
9.415999999999999925e-01,2.505278157788284332e+00
9.424000000000000155e-01,1.902448371112016812e+00
9.432000000000000384e-01,5.957963256917856443e-01
9.439999999999999503e-01,1.110516775692654168e+00
9.448000000000000842e-01,8.042709448827122243e-01
9.455999999999999961e-01,1.908721052306052157e-01
9.463999999999999080e-01,1.163203921729226265e+00
9.472000000000000419e-01,1.731526023761455896e-02
9.479999999999999538e-01,5.695350344546843413e-01
9.487999999999999767e-01,1.165932687003881085e+00
9.495999999999999996e-01,7.021189675249059348e-02
9.504000000000000226e-01,9.035874859586843222e-01
9.512000000000000455e-01,7.524665780833543760e-01
9.519999999999999574e-01,3.935864698653191440e-01
9.527999999999999803e-01,2.027712365316711729e+00
9.536000000000000032e-01,4.004605971862598146e-01
9.543999999999999151e-01,1.095264286929521935e+00
9.551999999999999380e-01,1.770366269971100914e+00
9.560000000000000719e-01,9.555588454614731830e-01
9.568000000000000949e-01,2.350288353747787884e+00
9.575999999999998957e-01,6.469363596088929524e-01
9.584000000000000297e-01,1.171021060120067014e+00
9.592000000000000526e-01,6.345607441305275431e-01
9.599999999999999645e-01,7.528556918825664301e-02
9.607999999999999874e-01,1.410844352945794355e+00
9.616000000000000103e-01,1.296917976360247415e+00
9.624000000000001442e-01,9.302510294441553862e-01
9.631999999999999451e-01,6.320153642775993008e-01
9.639999999999999680e-01,3.331309350847876938e-01
9.648000000000001020e-01,9.277085062037092600e-01
9.655999999999999028e-01,3.213427577105141264e-01
9.663999999999999257e-01,1.290416477520311744e+00
9.672000000000000597e-01,7.813096776808829969e-01
9.680000000000000826e-01,1.357550496109072524e+00
9.687999999999999945e-01,1.224845944747559034e+00
9.696000000000000174e-01,1.581045812757341906e+00
9.704000000000000403e-01,2.926419191374184603e+00
9.711999999999999522e-01,2.598056055210399506e+00
9.719999999999999751e-01,1.324604513573686360e+00
9.727999999999999980e-01,2.464876007991428253e+00
9.736000000000001320e-01,1.366398539107665178e+00
9.743999999999999329e-01,8.484426407050957852e-01
9.751999999999999558e-01,1.119862956949172927e+00
9.760000000000000897e-01,6.604943676503268746e-01
9.767999999999998906e-01,2.232545035560275615e+00
9.775999999999999135e-01,1.170329531185398952e+00
9.784000000000000474e-01,1.125482951732464931e+00
9.792000000000000703e-01,1.307559910902949207e+00
9.799999999999999822e-01,2.205836725751250782e+00
9.808000000000000052e-01,2.206680409086216044e-01
9.816000000000000281e-01,6.693607323514720875e-01
9.823999999999999400e-01,8.133923241922967895e-01
9.831999999999999629e-01,1.274909859999530326e+00
9.839999999999999858e-01,2.159832814879217633e+00
9.848000000000001197e-01,5.802738585707993835e-01
9.855999999999999206e-01,1.286898745712974801e+00
9.863999999999999435e-01,2.350846939009238135e+00
9.872000000000000774e-01,2.170574019960135992e+00
9.879999999999998783e-01,1.870510983160964313e+00
9.888000000000000123e-01,1.374800994795745412e-01
9.896000000000000352e-01,4.748541751167703051e-01
9.904000000000000581e-01,2.461320869738074624e+00
9.911999999999999700e-01,2.648764146759980509e+00
9.919999999999999929e-01,2.603516746413515826e+00
9.928000000000000158e-01,3.788174821814152549e-01
9.935999999999999277e-01,9.401939998595472137e-01
9.943999999999999506e-01,1.644363360551174935e+00
9.951999999999999735e-01,8.694117201299644826e-01
9.960000000000001075e-01,1.131853685978273072e+00
9.967999999999999083e-01,1.664091720757040704e+00
9.975999999999999313e-01,1.269279587475064641e+00
9.984000000000000652e-01,1.597841437685298294e+00
9.991999999999998661e-01,1.364968715831763824e+00
1.000000000000000000e+00,2.128687127322796080e+00
1.000799999999999912e+00,1.390192784762090961e+00
1.001600000000000046e+00,2.953597678454020325e+00
1.002399999999999958e+00,1.287419162073612844e+00
1.003200000000000092e+00,4.651140129822177727e-01
1.004000000000000004e+00,2.882175024860325951e+00
1.004800000000000137e+00,8.290087026319910013e-01
1.005600000000000049e+00,3.691646790117806831e-01
1.006399999999999961e+00,2.130016671870932576e+00
1.007200000000000095e+00,2.711101944516070006e+00
1.008000000000000007e+00,3.481857134549622756e+00
1.008799999999999919e+00,5.377075366048459371e-01
1.009600000000000053e+00,1.215998331978121044e-01
1.010400000000000187e+00,1.919062102835571881e+00
1.011199999999999877e+00,1.771185119324522050e+00
1.012000000000000011e+00,2.041372745243808851e+00
1.012800000000000145e+00,3.246474986141738017e-01
1.013599999999999834e+00,1.040560824430660336e+00
1.014399999999999968e+00,8.715883331234079989e-01
1.015200000000000102e+00,5.646448560779806503e-01
1.016000000000000014e+00,8.658685291637160386e-01
1.016799999999999926e+00,2.825934226803062388e-01
1.017600000000000060e+00,2.041058995066512283e-01
1.018399999999999972e+00,8.617944302003601731e-01
1.019199999999999884e+00,1.253880781286059065e+00
1.020000000000000018e+00,2.867276185370078334e+00
1.020799999999999930e+00,1.602694987381472869e+00
1.021600000000000064e+00,2.146697707118813359e+00
1.022399999999999975e+00,1.593659804277860248e+00
1.023200000000000109e+00,2.053384813257415897e-01
1.024000000000000021e+00,1.826863765757043678e+00
1.024799999999999933e+00,1.154124822797286010e+00
1.025600000000000067e+00,1.437107919570589809e+00
1.026399999999999979e+00,1.683238368840909438e-01
1.027200000000000113e+00,5.018884838382950964e-01
1.028000000000000025e+00,2.248838910759720200e+00
1.028799999999999937e+00,1.389742746865312739e+00
1.029600000000000071e+00,9.599782317472037585e-01
1.030399999999999983e+00,1.184706372779354089e+00
1.031199999999999894e+00,1.923024504450969729e+00
1.032000000000000028e+00,2.473382212625124144e+00
1.032800000000000162e+00,1.477689360501335536e-01
1.033599999999999852e+00,9.070583238358883582e-01
1.034399999999999986e+00,6.586531502203845090e-01
1.035200000000000120e+00,2.147754461934979542e+00
1.035999999999999810e+00,8.390752932376978057e-01
1.036799999999999944e+00,1.259302602697528473e+00
1.037600000000000078e+00,4.198707600912373987e-03
1.038399999999999990e+00,5.093450526446042792e-01
1.039199999999999902e+00,1.509164970095679514e+00
1.040000000000000036e+00,9.597612942097476507e-01
1.040799999999999947e+00,1.045766216993661013e+00
1.041599999999999859e+00,2.784956074245423796e+00
1.042399999999999993e+00,1.611481840216716810e+00
1.043200000000000127e+00,7.068018219160103754e-01
1.044000000000000039e+00,1.405279430368408633e+00
1.044799999999999951e+00,4.006965020793086252e-01
1.045600000000000085e+00,3.287099356539133765e-01
1.046399999999999997e+00,1.098959495194770097e+00
1.047199999999999909e+00,1.895304320918478336e-01
1.048000000000000043e+00,1.218647574219440477e+00
1.048799999999999955e+00,4.729223848534400143e-01
1.049600000000000088e+00,4.149807033901538600e-01
1.050400000000000000e+00,1.165262205182263422e+00
1.051199999999999912e+00,1.004764853598867358e+00
1.052000000000000046e+00,9.131907860909128649e-01
1.052799999999999958e+00,1.141248148923040606e+00
1.053599999999999870e+00,7.405649899638647726e-01
1.054400000000000004e+00,8.247590080025138937e-01
1.055200000000000138e+00,1.387500174310445589e+00
1.055999999999999828e+00,4.211623150722677844e-02
1.056799999999999962e+00,1.350326346906892461e+00
1.057600000000000096e+00,5.964944758799646252e-01
1.058399999999999785e+00,6.723242637747636197e-01
1.059199999999999919e+00,2.283912230339106009e-01
1.060000000000000053e+00,1.547928235968732413e-01
1.060799999999999965e+00,1.234364424118479797e-01
1.061599999999999877e+00,1.685537653336342423e+00
1.062400000000000011e+00,1.789698346686186214e+00
1.063200000000000145e+00,1.290444693932946585e+00
1.064000000000000057e+00,1.164658564908555460e+00
1.064799999999999969e+00,4.406832069954038089e-01
1.065600000000000103e+00,5.137741310434127406e-01
1.066400000000000015e+00,5.680649328798779152e-01
1.067199999999999926e+00,4.260930095543504770e-01
1.068000000000000060e+00,1.675518832192806284e+00
1.068799999999999972e+00,2.530875275678793890e-01
1.069600000000000106e+00,6.710357303125938921e-01
1.070400000000000018e+00,2.062842008388784176e+00
1.071199999999999930e+00,1.379684699303634687e+00
1.072000000000000064e+00,8.891334010099054552e-01
1.072799999999999976e+00,1.396425003486511329e+00
1.073599999999999888e+00,7.276217900956031270e-01
1.074400000000000022e+00,6.526995763381138183e-01
1.075200000000000156e+00,1.947019075021690249e+00
1.075999999999999845e+00,9.870432752557120049e-01
1.076799999999999979e+00,1.454400381911144180e+00
1.077600000000000113e+00,2.122254141227727584e-02
1.078400000000000025e+00,2.274633344620572983e-01
1.079199999999999937e+00,1.091410417948879795e-02
1.080000000000000071e+00,1.644146376587911185e+00
1.080800000000000205e+00,9.954309788510447010e-01
1.081599999999999895e+00,1.871855301189802701e+00
1.082400000000000029e+00,1.178002304307512293e+00
1.083200000000000163e+00,4.880064663084771603e-01
1.083999999999999853e+00,1.486346448656777230e+00
1.084799999999999986e+00,2.144016018242002053e-01
1.085600000000000120e+00,2.889572137347249520e-02
1.086400000000000032e+00,1.121501160295206523e+00
1.087199999999999944e+00,3.136837226023019842e-01
1.088000000000000078e+00,1.225614815781428391e+00
1.088799999999999990e+00,3.628553023398722321e-01
1.089599999999999902e+00,4.945512892413180817e-01
1.090400000000000036e+00,1.045306221376466782e+00
1.091199999999999948e+00,1.088968673436876422e+00
1.092000000000000082e+00,1.996819399180467913e+00
1.092799999999999994e+00,1.662101617954221677e-01
1.093599999999999905e+00,6.946467696992157659e-02
1.094400000000000039e+00,1.467786212995407236e-01
1.095199999999999951e+00,9.949540277953039524e-01
1.095999999999999863e+00,2.460456749693519518e-01
1.096799999999999997e+00,9.060395883618798107e-01
1.097600000000000131e+00,4.901208558420539485e-01
1.098400000000000043e+00,8.950614646897827598e-01
1.099199999999999955e+00,2.453135971103306556e-01
1.100000000000000089e+00,1.231229701175622360e+00
1.100800000000000001e+00,1.283460163080411442e+00
1.101599999999999913e+00,3.321059350857038517e+00
1.102400000000000047e+00,2.399236922502556713e+00
1.103200000000000180e+00,1.693281186574713937e+00
1.103999999999999870e+00,1.387532647077192927e+00
1.104800000000000004e+00,6.798383621878875127e-01
1.105600000000000138e+00,1.292814111234008356e+00
1.106399999999999828e+00,1.066236444370450398e+00
1.107199999999999962e+00,3.672474226967925026e-01
1.108000000000000096e+00,1.944322087755508743e+00
1.108800000000000008e+00,1.010523955334548668e-01
1.109599999999999920e+00,1.352743232771055903e-01
1.110400000000000054e+00,1.354393189768051675e+00
1.111199999999999966e+00,5.650083369571579084e-01
1.111999999999999877e+00,1.149209198446115687e+00
1.112800000000000011e+00,4.747949749059031110e-01
1.113599999999999923e+00,9.703722139561163917e-01
1.114400000000000057e+00,9.732545797313358893e-01
1.115199999999999969e+00,2.074510470709180154e+00
1.115999999999999881e+00,1.877190969930555564e-01
1.116800000000000015e+00,2.814756691817124710e-03
1.117599999999999927e+00,3.601693929042112940e-01
1.118400000000000061e+00,1.276481803458047737e-01
1.119199999999999973e+00,2.944474721013546487e-02
1.120000000000000107e+00,1.270108268729657652e+00
1.120800000000000018e+00,1.375876184268685964e+00
1.121599999999999930e+00,2.386470348545454812e+00
1.122400000000000064e+00,1.700855986304896206e+00
1.123200000000000198e+00,8.532122131807177157e-01
1.123999999999999888e+00,6.253144470102275365e-01
1.124800000000000022e+00,1.370117016584103675e+00
1.125600000000000156e+00,1.375769930481891778e+00
1.126399999999999846e+00,8.627458912053509454e-01
1.127199999999999980e+00,4.842748897213572379e-01
1.128000000000000114e+00,1.499961928365278530e+00
1.128800000000000026e+00,9.171392261280130187e-01
1.129599999999999937e+00,9.674584501096501477e-01
1.130400000000000071e+00,1.026929839544967971e+00
1.131199999999999983e+00,1.270207641474697224e+00
1.131999999999999895e+00,1.486137415484034330e+00
1.132800000000000029e+00,3.618699103294926306e-02
1.133599999999999941e+00,5.194746384142077122e-01
1.134400000000000075e+00,6.664687364287273930e-01
1.135199999999999987e+00,2.265007251639162611e+00
1.135999999999999899e+00,7.949774859052000098e-01
1.136800000000000033e+00,6.657761457195325860e-01
1.137599999999999945e+00,7.804187696043787259e-01
1.138400000000000079e+00,9.404798858488080393e-01
1.139199999999999990e+00,1.482124282120173220e+00
1.140000000000000124e+00,5.240745358407585819e-01
1.140800000000000036e+00,7.749833442398262884e-01
1.141599999999999948e+00,2.763596855118467754e+00
1.142400000000000082e+00,1.483756900677759338e+00
1.143199999999999994e+00,1.051380568843038876e+00
1.143999999999999906e+00,1.032364184680107488e+00
1.144800000000000040e+00,5.956939043424324121e-01
1.145600000000000174e+00,1.001164751868621888e-01
1.146399999999999864e+00,9.773172385839679066e-01
1.147199999999999998e+00,3.666003637479576804e-01
1.148000000000000131e+00,1.017445084158011825e+00
1.148799999999999821e+00,2.836658412896125164e-02
1.149599999999999955e+00,5.587355451726334632e-01
1.150400000000000089e+00,1.005322761606053161e+00
1.151200000000000001e+00,1.810423775531772861e-01
1.151999999999999913e+00,8.215801069145683977e-01
1.152800000000000047e+00,7.347629807618788478e-01
1.153599999999999959e+00,9.621449181502650383e-01
1.154399999999999871e+00,8.689703893171182303e-01
1.155200000000000005e+00,1.390326839206879717e+00
1.156000000000000139e+00,5.253285178910734876e-01
1.156800000000000050e+00,1.215422686426583132e+00
1.157599999999999962e+00,1.339198944538824154e-01
1.158400000000000096e+00,6.891270639592026459e-01
1.159200000000000008e+00,6.027651122043660159e-01
1.159999999999999920e+00,5.686032997677566148e-02
1.160800000000000054e+00,2.991117768131346666e-01
1.161599999999999966e+00,1.930677841008610729e+00
1.162400000000000100e+00,1.626883213573681486e+00
1.163200000000000012e+00,1.692551817853132690e+00
1.163999999999999924e+00,8.854972323485365004e-01
1.164800000000000058e+00,3.039313073540227950e-01
1.165599999999999969e+00,5.758923185854412097e-01
1.166399999999999881e+00,1.197308866026808971e+00
1.167200000000000015e+00,8.020813354126853367e-01
1.168000000000000149e+00,1.252305997126670567e+00
1.168799999999999839e+00,3.007023476260078931e-01
1.169599999999999973e+00,8.616618474660427962e-01
1.170400000000000107e+00,2.691202483785138710e+00
1.171199999999999797e+00,1.702029605600685169e+00
1.171999999999999931e+00,1.007637786839124638e+00
1.172800000000000065e+00,1.350972211757559549e+00
1.173599999999999977e+00,5.091227002312217476e-01
1.174399999999999888e+00,3.003989491655818522e-01
1.175200000000000022e+00,1.591455977133199973e+00
1.176000000000000156e+00,1.336505171593362018e+00
1.176799999999999846e+00,1.011197198360418215e+00
1.177599999999999980e+00,3.044441096824381798e-01
1.178400000000000114e+00,1.077277905145279657e+00
1.179200000000000026e+00,1.917509685636588079e-01
1.179999999999999938e+00,9.566130421413900908e-01
1.180800000000000072e+00,1.006173471489432591e+00
1.181599999999999984e+00,1.822090099319958911e+00
1.182400000000000118e+00,5.538799395083843224e-01
1.183200000000000029e+00,1.917611944984958794e-01
1.183999999999999941e+00,1.792962023362984214e-01
1.184800000000000075e+00,5.169056452921814149e-01
1.185599999999999987e+00,3.831005198815113366e-01
1.186399999999999899e+00,1.636895124060577800e+00
1.187200000000000033e+00,1.135031673104803553e-02
1.188000000000000167e+00,5.255267949619218948e-01
1.188799999999999857e+00,1.629179542598727104e-01
1.189599999999999991e+00,1.863859594298444555e-01
1.190400000000000125e+00,1.751694686734399431e+00
1.191199999999999815e+00,1.276591568566088020e+00
1.191999999999999948e+00,1.228168106463820353e+00
1.192800000000000082e+00,5.990147942465020581e-01
1.193599999999999994e+00,1.569466612188162025e-01
1.194399999999999906e+00,7.697861904699038194e-01
1.195200000000000040e+00,8.125787773689387983e-01
1.196000000000000174e+00,1.116166062476199317e+00
1.196799999999999864e+00,1.757086002968688110e+00
1.197599999999999998e+00,1.688766242152872632e+00
1.198400000000000132e+00,1.721341188652821819e+00
1.199200000000000044e+00,5.384152138811824223e-02
1.199999999999999956e+00,6.290410565406475696e-01
1.200800000000000090e+00,9.339357599781283881e-02
1.201600000000000001e+00,2.404956406309906480e+00
1.202399999999999913e+00,1.414815380489089058e+00
1.203200000000000047e+00,1.364737819229586036e+00
1.203999999999999959e+00,5.519071516995118776e-01
1.204800000000000093e+00,1.560931414774789083e-01
1.205600000000000005e+00,2.600660304759688235e-01
1.206399999999999917e+00,2.234393186160614331e+00
1.207200000000000051e+00,1.188448330456775448e+00
1.207999999999999963e+00,8.871712099679358587e-01
1.208799999999999875e+00,9.768274969240647865e-01
1.209600000000000009e+00,1.130679657277285699e+00
1.210400000000000142e+00,2.734618743382838613e+00
1.211199999999999832e+00,1.075550070708092054e+00
1.211999999999999966e+00,6.623681667909936399e-01
1.212800000000000100e+00,8.328411950675923547e-01
1.213600000000000012e+00,2.871137656901890690e-03
1.214399999999999924e+00,6.407757120668643169e-02
1.215200000000000058e+00,1.465797530120469983e+00
1.216000000000000192e+00,9.982437354705575583e-01
1.216799999999999882e+00,7.415929881444536242e-01
1.217600000000000016e+00,5.176663365061568989e-01
1.218400000000000150e+00,1.182884135622578992e+00
1.219199999999999839e+00,6.796627251963495153e-01
1.219999999999999973e+00,2.091822131536752172e-01
1.220800000000000107e+00,3.598865281108314385e-01
1.221600000000000019e+00,6.987233729048026865e-01
1.222399999999999931e+00,5.829092958009641362e-02
1.223200000000000065e+00,6.849592169991491897e-01
1.223999999999999977e+00,2.562339987327861834e-01
1.224799999999999889e+00,1.986189081499062370e-01
1.225600000000000023e+00,5.167579777503969463e-02
1.226399999999999935e+00,8.451905865589840472e-01
1.227200000000000069e+00,6.949910374809376012e-01
1.227999999999999980e+00,8.263581684534768712e-01
1.228799999999999892e+00,1.311659515402966436e-01
1.229600000000000026e+00,5.555024227544838045e-01
1.230399999999999938e+00,2.319676062466835109e+00
1.231199999999999850e+00,1.547580167848652710e+00
1.231999999999999984e+00,5.572551879762340787e-01
1.232800000000000118e+00,1.580421159426198541e+00
1.233600000000000030e+00,1.030862053933594868e+00
1.234399999999999942e+00,8.280689125593196920e-01
1.235200000000000076e+00,1.481467255925326354e+00
1.235999999999999988e+00,1.848645683064804812e+00
1.236799999999999899e+00,2.324591513567084267e+00
1.237600000000000033e+00,6.842660059818218565e-01
1.238400000000000167e+00,8.401505766286370136e-01
1.239199999999999857e+00,2.568914952323126943e-01
1.239999999999999991e+00,1.622647412298763581e-01
1.240800000000000125e+00,6.314468476374471839e-01
1.241599999999999815e+00,1.694197798203800120e+00
1.242399999999999949e+00,4.150477504047086486e-01
1.243200000000000083e+00,1.504843644260561997e-01
1.243999999999999995e+00,9.096698006552296212e-01
1.244799999999999907e+00,2.944441473407274912e-01
1.245600000000000041e+00,6.001976688713515085e-01
1.246399999999999952e+00,2.246813152732404451e+00
1.247200000000000086e+00,1.169548850773873827e+00
1.247999999999999998e+00,1.062786122125429111e+00
1.248799999999999910e+00,9.856884387097346323e-02
1.249600000000000044e+00,5.273150347154854645e-01
1.250399999999999956e+00,1.857146471832681334e+00
1.251200000000000090e+00,1.361626010303358836e+00
1.252000000000000002e+00,5.625081993267438962e-01
1.252800000000000136e+00,9.127347620839020292e-01
1.253600000000000048e+00,8.052429050745599781e-01
1.254399999999999959e+00,5.215009149303971858e-01
1.255200000000000093e+00,7.622448554898656470e-01
1.256000000000000005e+00,7.075616703126996754e-01
1.256799999999999917e+00,1.301062708568709647e+00
1.257600000000000051e+00,6.502832711598197646e-01
1.258400000000000185e+00,1.285240692093031045e+00
1.259199999999999875e+00,3.185359649321574671e-01
1.260000000000000009e+00,1.837726000587844299e-02
1.260800000000000143e+00,1.424109080337828412e-03
1.261599999999999833e+00,1.878783653340488025e+00
1.262399999999999967e+00,9.878460511194074867e-01
1.263200000000000101e+00,6.950835794120313604e-01
1.264000000000000012e+00,2.092089396711170057e-01
1.264799999999999924e+00,4.301915141902111772e-01
1.265600000000000058e+00,8.866219305376313864e-01
1.266399999999999970e+00,9.761225152016952400e-01
1.267199999999999882e+00,1.160936607351692906e+00
1.268000000000000016e+00,1.109012800033713386e+00
1.268799999999999928e+00,5.304817179221728296e-02
1.269600000000000062e+00,6.042349299997018530e-01
1.270399999999999974e+00,2.518097025405768186e+00
1.271200000000000108e+00,2.069280225519285921e+00
1.272000000000000020e+00,4.612383137431719238e-01
1.272799999999999931e+00,1.220246045788442091e+00
1.273600000000000065e+00,2.560745595734641514e-02
1.274399999999999977e+00,1.012801404165254889e-02
1.275200000000000111e+00,1.548491271239147649e+00
1.276000000000000023e+00,1.578215384010569267e+00
1.276799999999999935e+00,1.297282613126616635e+00
1.277600000000000069e+00,5.661037707751823689e-01
1.278399999999999981e+00,6.897919042550464397e-01
1.279199999999999893e+00,9.566146359838140212e-01
1.280000000000000027e+00,9.301010151406458037e-01
1.280800000000000161e+00,8.404350371770300532e-01
1.281599999999999850e+00,1.962190365027772776e+00
1.282399999999999984e+00,3.290507974594642643e-02
1.283200000000000118e+00,3.908582871741327902e-01
1.283999999999999808e+00,9.678469039287760367e-01
1.284799999999999942e+00,1.073883153413721925e-01
1.285600000000000076e+00,7.839067252431797250e-02
1.286399999999999988e+00,1.432417641948309228e+00
1.287199999999999900e+00,1.056065682493844138e+00
1.288000000000000034e+00,1.020095233355033493e+00
1.288799999999999946e+00,1.942972505478132716e-02
1.289599999999999858e+00,9.489678653036677514e-02
1.290399999999999991e+00,1.885337264134230972e+00
1.291200000000000125e+00,2.346520893834198151e+00
1.292000000000000037e+00,1.711624700753139106e+00
1.292799999999999949e+00,4.154711391187723701e-01
1.293600000000000083e+00,4.140999497715034394e-01
1.294399999999999995e+00,9.355366093430387275e-01
1.295199999999999907e+00,9.444107658500933145e-02
1.296000000000000041e+00,9.345245584502526182e-02
1.296799999999999953e+00,1.386376955926543753e+00
1.297600000000000087e+00,5.386181623313791578e-01
1.298399999999999999e+00,1.401503284216938816e+00
1.299199999999999910e+00,1.289697093308520559e+00
1.300000000000000044e+00,1.113892266804834552e+00
1.300799999999999956e+00,1.147650918513020812e+00
1.301599999999999868e+00,2.925590780544650826e+00
1.302400000000000002e+00,1.257387117115400743e+00
1.303200000000000136e+00,2.452530683333077610e-01
1.303999999999999826e+00,1.922812621902591834e+00
1.304799999999999960e+00,6.588462890221364887e-01
1.305600000000000094e+00,1.013053926505690150e+00
1.306400000000000006e+00,1.956558397236342950e+00
1.307199999999999918e+00,2.068491342815173883e+00
1.308000000000000052e+00,1.923617453589396842e+00
1.308799999999999963e+00,1.506819603863379653e-01
1.309599999999999875e+00,2.059478214874192192e-01
1.310400000000000009e+00,2.483644031413789754e+00
1.311200000000000143e+00,2.170799720674689848e+00
1.312000000000000055e+00,1.401883138597720846e+00
1.312799999999999967e+00,1.547742067321055681e-01
1.313600000000000101e+00,8.307585263622276894e-01
1.314400000000000013e+00,4.908579532936284129e-01
1.315199999999999925e+00,4.430700167880453622e-01
1.316000000000000059e+00,2.714635159870099068e-01
1.316799999999999971e+00,1.937082409470622657e-01
1.317600000000000104e+00,1.063414107044722501e+00
1.318400000000000016e+00,6.327016680930626080e-01
1.319199999999999928e+00,1.070506209737927650e+00
1.320000000000000062e+00,1.554523066882348425e+00
1.320799999999999974e+00,1.870167445257590488e+00
1.321599999999999886e+00,2.365551104894230150e+00
1.322400000000000020e+00,1.316928314279502743e+00
1.323200000000000154e+00,6.764294791588909561e-01
1.323999999999999844e+00,1.467628020796620136e+00
1.324799999999999978e+00,1.046854912740825760e+00
1.325600000000000112e+00,1.621482813782384014e+00
1.326400000000000023e+00,2.681566779525396474e-02
1.327199999999999935e+00,9.623325321049346348e-01
1.328000000000000069e+00,2.061283145646410020e+00
1.328800000000000203e+00,2.079494560039758966e+00
1.329599999999999893e+00,1.459669764954514060e+00
1.330400000000000027e+00,1.087494815123682290e+00
1.331200000000000161e+00,2.139676381523844206e+00
1.331999999999999851e+00,1.963268247028209235e+00
1.332799999999999985e+00,3.156789936742467884e-01
1.333600000000000119e+00,1.222907075636765040e+00
1.334400000000000031e+00,9.701584148294777332e-01
1.335199999999999942e+00,8.008578744130330218e-01
1.336000000000000076e+00,6.598745751213325184e-01
1.336799999999999988e+00,5.848469760230567971e-01
1.337599999999999900e+00,1.188844356069781227e+00
1.338400000000000034e+00,9.100598024914610118e-01
1.339199999999999946e+00,3.247484825143547305e-01
1.340000000000000080e+00,1.190059108946735167e+00
1.340799999999999992e+00,1.759085668575412820e+00
1.341599999999999904e+00,3.702008006612974356e+00
1.342400000000000038e+00,2.203163222939010346e+00
1.343199999999999950e+00,1.122062942313485495e-01
1.343999999999999861e+00,1.183117662245223745e+00
1.344799999999999995e+00,1.449895443243971682e+00
1.345600000000000129e+00,1.068065361270575275e+00
1.346400000000000041e+00,4.857582926591295647e-01
1.347199999999999953e+00,6.810171083671573422e-01
1.348000000000000087e+00,1.058182239490896182e+00
1.348799999999999999e+00,2.188540705171788114e-01
1.349599999999999911e+00,9.402727275484437097e-01
1.350400000000000045e+00,3.726785464240631729e-01
1.351200000000000179e+00,1.099268265801922162e+00
1.351999999999999869e+00,4.189008722891200409e-01
1.352800000000000002e+00,2.328473525710821057e-01
1.353600000000000136e+00,1.989297276387070212e+00
1.354399999999999826e+00,1.546879596727630979e+00
1.355199999999999960e+00,1.141471860778586311e+00
1.356000000000000094e+00,6.066398915433499628e-01
1.356800000000000006e+00,1.018848480594052308e+00
1.357599999999999918e+00,7.990405162329518307e-02
1.358400000000000052e+00,1.062909910562624682e-02
1.359199999999999964e+00,5.220077712917866285e-03
1.359999999999999876e+00,4.234384905925045461e-01
1.360800000000000010e+00,2.283219954064955870e-01
1.361599999999999921e+00,2.275640918838439219e+00
1.362400000000000055e+00,1.786843760785608692e+00
1.363199999999999967e+00,1.055599689766253846e+00
1.363999999999999879e+00,2.569325851006487582e-01
1.364800000000000013e+00,6.384246457641478134e-01
1.365600000000000147e+00,1.137895493454529339e+00
1.366400000000000059e+00,3.320821564336873810e-01
1.367199999999999971e+00,1.159832809287324018e+00
1.368000000000000105e+00,9.961272666662804864e-01
1.368800000000000017e+00,4.553652167270549334e-01
1.369599999999999929e+00,3.805150415510008544e-01
1.370400000000000063e+00,1.835638288700230936e+00
1.371200000000000196e+00,2.047382076995680755e+00
1.371999999999999886e+00,3.056610654781479197e-01
1.372800000000000020e+00,1.541699652162438428e+00
1.373600000000000154e+00,2.151191282074357558e-01
1.374399999999999844e+00,9.979019239541088160e-01
1.375199999999999978e+00,1.976510989695678511e+00
1.376000000000000112e+00,1.914568710549611863e+00
1.376800000000000024e+00,1.537748745452706345e+00
1.377599999999999936e+00,4.141976202747241764e-01
1.378400000000000070e+00,2.740159927419714703e-01
1.379199999999999982e+00,2.807031666186035612e-01
1.379999999999999893e+00,4.939807970991657582e-01
1.380800000000000027e+00,4.032287015831890753e-01
1.381599999999999939e+00,1.942215136171623113e+00
1.382400000000000073e+00,1.314222976085394068e+00
1.383199999999999985e+00,1.766797116681294855e-01
1.383999999999999897e+00,3.014820686580379494e-01
1.384800000000000031e+00,4.203412194213775321e-01
1.385599999999999943e+00,9.313487884237979519e-02
1.386400000000000077e+00,1.161855269520289391e-01
1.387199999999999989e+00,8.223595823316276476e-02
1.388000000000000123e+00,3.834141860271658708e-01
1.388800000000000034e+00,8.175809090506472865e-01
1.389599999999999946e+00,2.097395283789589282e-01
1.390400000000000080e+00,1.006772341119041014e+00
1.391199999999999992e+00,1.472672652983382013e+00
1.391999999999999904e+00,1.010053071131355340e+00
1.392800000000000038e+00,1.298326423630995041e+00
1.393600000000000172e+00,4.823168531098425693e-01
1.394399999999999862e+00,4.024808381885373043e-01
1.395199999999999996e+00,7.439643552121427694e-01
1.396000000000000130e+00,1.817616500852198946e+00
1.396799999999999820e+00,2.241592944900519857e+00
1.397599999999999953e+00,1.287693341835237204e+00
1.398400000000000087e+00,5.178159009263717527e-01
1.399199999999999999e+00,1.119995946053860686e-01
1.399999999999999911e+00,1.390269476133510207e-01
1.400800000000000045e+00,1.930558635291371727e-01
1.401599999999999957e+00,2.866421484577349688e+00
1.402399999999999869e+00,2.314648438574344436e+00
1.403200000000000003e+00,1.269496582174033161e+00
1.403999999999999915e+00,2.502289323002670485e-01
1.404800000000000049e+00,7.297262883999729999e-01
1.405599999999999961e+00,3.420568252591425495e-01
1.406400000000000095e+00,1.500343172489296162e+00
1.407200000000000006e+00,1.198573047867518504e+00
1.407999999999999918e+00,9.063228799855281848e-01
1.408800000000000052e+00,1.335509861818401145e+00
1.409599999999999964e+00,9.314214274499361679e-01
1.410400000000000098e+00,9.361856396916575784e-01
1.411200000000000010e+00,4.908936298062342996e-01
1.411999999999999922e+00,5.126552931021218784e-01
1.412800000000000056e+00,1.849067462417087526e+00
1.413599999999999968e+00,5.677485290162208598e-01
1.414399999999999880e+00,8.859985475889925466e-01
1.415200000000000014e+00,1.247448170179491722e+00
1.416000000000000147e+00,1.384533861467426963e+00
1.416799999999999837e+00,1.399235283063886115e+00
1.417599999999999971e+00,9.566635968312224847e-01
1.418400000000000105e+00,4.272409244625153396e-02
1.419199999999999795e+00,1.768344773491333788e-01
1.419999999999999929e+00,1.237007876566919781e-03
1.420800000000000063e+00,6.946152023879748061e-01
1.421599999999999975e+00,8.248421143909564490e-01
1.422399999999999887e+00,9.023169632799408202e-01
1.423200000000000021e+00,5.710560688674747309e-01
1.424000000000000155e+00,5.917806223440874591e-01
1.424800000000000066e+00,9.153476152624614448e-01
1.425599999999999978e+00,5.476955818310975665e-01
1.426400000000000112e+00,9.249809677033798971e-01
1.427200000000000024e+00,8.542554041906202933e-01
1.427999999999999936e+00,9.879206031069412974e-01
1.428800000000000070e+00,4.713184079857126174e-01
1.429599999999999982e+00,1.048096797305749339e+00
1.430400000000000116e+00,1.930736896133895764e+00
1.431200000000000028e+00,2.568244238328789120e+00
1.431999999999999940e+00,7.914289188748100390e-01
1.432800000000000074e+00,1.629513751647036379e+00
1.433599999999999985e+00,1.258958384438827682e+00
1.434399999999999897e+00,7.977365571695096413e-01
1.435200000000000031e+00,9.557256957561599542e-01
1.436000000000000165e+00,1.038722724902980898e+00
1.436799999999999855e+00,2.302659390610815482e+00
1.437599999999999989e+00,9.588273080326404907e-01
1.438400000000000123e+00,7.482377731037410662e-01
1.439199999999999813e+00,7.285904753184003768e-01
1.439999999999999947e+00,4.924532604980128014e-01
1.440800000000000081e+00,4.368156430945723812e-01
1.441599999999999993e+00,1.753123965155014341e+00
1.442399999999999904e+00,1.012864753673795137e+00
1.443200000000000038e+00,7.902149354175187490e-01
1.444000000000000172e+00,1.572103311636479761e+00
1.444799999999999862e+00,3.619115959940841232e-01
1.445599999999999996e+00,5.384759603214241963e-01
1.446400000000000130e+00,1.460170597594970143e+00
1.447200000000000042e+00,1.668219401613500574e+00
1.447999999999999954e+00,1.414360688779045416e+00
1.448800000000000088e+00,4.074273333235214900e-01
1.449600000000000000e+00,1.416492626049014811e-02
1.450399999999999912e+00,1.521683173207389217e+00
1.451200000000000045e+00,1.676497070549902046e+00
1.451999999999999957e+00,1.003317737985127467e+00
1.452800000000000091e+00,6.452331610998620626e-01
1.453600000000000003e+00,3.931824253303630168e-01
1.454399999999999915e+00,1.447696935811506380e+00
1.455200000000000049e+00,5.067367288330042463e-01
1.455999999999999961e+00,5.164898881599639946e-01
1.456799999999999873e+00,8.573388244884756482e-01
1.457600000000000007e+00,2.277847174213587511e-01
1.458400000000000141e+00,1.206465902885810682e+00
1.459199999999999831e+00,8.579936386373012702e-01
1.459999999999999964e+00,9.013750012667677280e-01
1.460800000000000098e+00,3.011509983730245588e-01
1.461600000000000010e+00,1.942796194549184063e+00
1.462399999999999922e+00,1.822530393549418370e+00
1.463200000000000056e+00,2.677774353657251249e-01
1.464000000000000190e+00,1.747701037104752997e+00
1.464799999999999880e+00,9.549057614870938293e-01
1.465600000000000014e+00,8.738096788806050119e-01
1.466400000000000148e+00,5.002516966759659733e-02
1.467199999999999838e+00,1.183919937786543919e+00
1.467999999999999972e+00,2.009507282471850509e+00
1.468800000000000106e+00,7.217993685998153053e-01
1.469600000000000017e+00,3.927600323157657281e-01
1.470399999999999929e+00,1.866764438908911750e+00
1.471200000000000063e+00,1.959544117779080663e+00
1.471999999999999975e+00,1.354432077694792236e+00
1.472799999999999887e+00,1.227194415518254589e+00
1.473600000000000021e+00,1.722790796399868984e-01
1.474399999999999933e+00,1.443103887367079619e+00
1.475200000000000067e+00,1.438361463802012352e+00
1.475999999999999979e+00,1.211885373547786804e+00
1.476799999999999891e+00,1.109983271566934437e+00
1.477600000000000025e+00,1.384416545010208610e-01
1.478399999999999936e+00,1.396527549295173976e-01
1.479199999999999848e+00,1.222466380500615846e-01
1.479999999999999982e+00,1.173808163770633461e+00
1.480800000000000116e+00,6.442510182233532889e-01
1.481600000000000028e+00,1.753524780093822510e+00
1.482399999999999940e+00,8.179243871456569615e-01
1.483200000000000074e+00,3.574201482435160893e-01
1.483999999999999986e+00,1.023058682057811808e+00
1.484799999999999898e+00,3.501278544511788327e-01
1.485600000000000032e+00,4.836562490680937354e-01
1.486400000000000166e+00,8.461608815735824907e-01
1.487199999999999855e+00,9.860764464156346332e-01
1.487999999999999989e+00,1.016889030302451813e+00
1.488800000000000123e+00,2.312959095139580368e-01
1.489600000000000035e+00,7.584670577482488518e-01
1.490399999999999947e+00,1.137088394610302977e+00
1.491200000000000081e+00,1.860135539782798331e+00
1.491999999999999993e+00,1.543522429328812784e+00
1.492799999999999905e+00,7.064648989451483008e-01
1.493600000000000039e+00,4.371844202497402465e-01
1.494399999999999951e+00,5.201182531459325187e-01
1.495200000000000085e+00,7.049291325618284136e-03
1.495999999999999996e+00,3.587288696073873129e-01
1.496799999999999908e+00,1.870216752520950987e+00
1.497600000000000042e+00,1.457106297631986846e+00
1.498399999999999954e+00,8.804272579421746903e-01
1.499200000000000088e+00,6.186899118800499586e-01
1.500000000000000000e+00,1.076073284528495044e+00
1.500800000000000134e+00,3.594735449937856986e-01
1.501600000000000046e+00,2.027076945229456140e+00
1.502399999999999958e+00,1.780045446651026930e+00
1.503200000000000092e+00,5.120445545406683285e-01
1.504000000000000004e+00,1.023990026887036775e+00
1.504799999999999915e+00,2.599951031564415316e-02
1.505600000000000049e+00,7.253578185332274497e-01
1.506400000000000183e+00,2.026392719614345417e+00
1.507199999999999873e+00,2.185857438989335932e+00
1.508000000000000007e+00,2.235566354153720514e+00
1.508800000000000141e+00,8.759076789027453458e-01
1.509599999999999831e+00,1.306119464023593357e+00
1.510399999999999965e+00,1.929764110144780220e+00
1.511200000000000099e+00,1.657264787187747501e+00
1.512000000000000011e+00,6.426592149275798249e-01
1.512799999999999923e+00,1.056152231766475991e+00
1.513600000000000056e+00,7.614880831187108567e-01
1.514399999999999968e+00,9.744208191519306006e-02
1.515199999999999880e+00,7.723584680947318537e-01
1.516000000000000014e+00,2.487071740687202270e-01
1.516799999999999926e+00,1.088132103677215357e+00
1.517600000000000060e+00,8.580583650453452726e-01
1.518399999999999972e+00,1.061800730990459796e+00
1.519200000000000106e+00,1.324844198915858584e+00
1.520000000000000018e+00,1.344090118001142420e+00
1.520799999999999930e+00,5.427517629953119149e-01
1.521600000000000064e+00,9.262688439389563655e-01
1.522399999999999975e+00,7.968624508997699252e-01
1.523200000000000109e+00,1.774283489355749088e-01
1.524000000000000021e+00,9.428948512776423874e-01
1.524799999999999933e+00,1.485895042001416921e-01
1.525600000000000067e+00,4.546628012943168540e-01
1.526399999999999979e+00,7.447886722707555140e-01
1.527199999999999891e+00,1.268848187850009746e+00
1.528000000000000025e+00,1.549417834985987064e+00
1.528800000000000159e+00,4.274278629301985211e-01
1.529599999999999849e+00,6.744775645793624763e-01
1.530399999999999983e+00,2.300960540963215006e+00
1.531200000000000117e+00,2.624039634668991816e+00
1.531999999999999806e+00,1.885129924524880929e+00
1.532799999999999940e+00,8.028864381106255443e-01
1.533600000000000074e+00,1.088421805880820159e+00
1.534399999999999986e+00,5.159672905827689809e-02
1.535199999999999898e+00,5.107722276738884126e-01
1.536000000000000032e+00,9.661081579175948564e-01
1.536799999999999944e+00,1.504560541129359441e+00
1.537599999999999856e+00,1.052072801189081641e+00
1.538399999999999990e+00,5.617943750536498193e-01
1.539200000000000124e+00,2.439221809067059626e-02
1.540000000000000036e+00,9.095921858158436679e-01
1.540799999999999947e+00,1.233303877481472410e+00
1.541600000000000081e+00,1.240393073390596124e+00
1.542399999999999993e+00,9.256321286156669048e-01
1.543199999999999905e+00,7.941980390684598712e-01
1.544000000000000039e+00,1.779382427223000773e+00
1.544799999999999951e+00,6.232867350986488475e-01
1.545600000000000085e+00,2.973929919648612974e-01
1.546399999999999997e+00,1.388759700312093504e+00
1.547199999999999909e+00,1.570930892889485841e+00
1.548000000000000043e+00,1.090450012927693280e+00
1.548800000000000177e+00,2.815092743377169485e-02
1.549599999999999866e+00,9.293306201481797979e-01
1.550400000000000000e+00,1.181567075457659266e+00
1.551200000000000134e+00,1.405325600801561325e+00
1.551999999999999824e+00,7.394359055095968136e-01
1.552799999999999958e+00,9.239933400142934516e-01
1.553600000000000092e+00,2.740321498397152444e-01
1.554400000000000004e+00,4.555427581701928519e-01
1.555199999999999916e+00,1.137711301618830884e-01
1.556000000000000050e+00,3.599061245014493204e-01
1.556799999999999962e+00,1.209072476513286309e+00
1.557599999999999874e+00,1.432371541755612210e+00
1.558400000000000007e+00,9.252276297417342255e-01
1.559200000000000141e+00,4.440472834122260459e-01
1.560000000000000053e+00,4.325447134192388909e-01
1.560799999999999965e+00,7.819805733284194982e-02
1.561600000000000099e+00,7.706391389264555247e-01
1.562400000000000011e+00,1.017681785202656286e+00
1.563199999999999923e+00,1.218678586822563720e-01
1.564000000000000057e+00,6.533562778638912771e-01
1.564799999999999969e+00,4.375727503954178199e-01
1.565600000000000103e+00,3.537880802409865133e-01
1.566400000000000015e+00,1.460034239123274125e+00
1.567199999999999926e+00,1.960131333709618673e+00
1.568000000000000060e+00,2.213126882957595853e+00
1.568799999999999972e+00,2.435126763386828430e-01
1.569599999999999884e+00,1.484274989185918825e+00
1.570400000000000018e+00,2.372102348522747040e+00
1.571200000000000152e+00,2.667395668616570514e+00
1.571999999999999842e+00,1.022590344367585669e+00
1.572799999999999976e+00,7.693154373479770269e-01
1.573600000000000110e+00,7.736442943394157279e-01
1.574399999999999800e+00,3.474827655352994427e-01
1.575199999999999934e+00,9.662422368247778337e-01
1.576000000000000068e+00,7.045285066536703944e-01
1.576800000000000201e+00,4.925866791195530059e-01
1.577599999999999891e+00,4.676822509937241801e-01
1.578400000000000025e+00,2.210206465051238189e-01
1.579200000000000159e+00,1.073620201871081870e+00
1.579999999999999849e+00,2.209435463251834708e+00
1.580799999999999983e+00,1.526098954052131251e+00
1.581600000000000117e+00,1.759668800486691831e+00
1.582400000000000029e+00,5.643884964148552230e-01
1.583199999999999941e+00,3.546798602513995258e-01
1.584000000000000075e+00,2.010889673282453050e+00
1.584799999999999986e+00,1.450241684303970491e+00
1.585599999999999898e+00,7.264147145001058348e-02
1.586400000000000032e+00,3.396179961736585651e-01
1.587199999999999944e+00,1.220440568956755900e+00
1.588000000000000078e+00,1.710235924478705094e+00
1.588799999999999990e+00,1.286362585670124625e+00
1.589599999999999902e+00,3.451202558465347181e-01
1.590400000000000036e+00,9.725732630912831134e-01
1.591199999999999948e+00,2.088896482714530656e+00
1.591999999999999860e+00,2.139803930520302266e+00
1.592799999999999994e+00,5.197910845370831145e-01
1.593600000000000128e+00,1.300753922726528844e-01
1.594400000000000039e+00,7.289243239876370684e-01
1.595199999999999951e+00,1.163590189566018784e+00
1.596000000000000085e+00,2.583581924047868572e-01
1.596799999999999997e+00,8.435841616026933387e-01
1.597599999999999909e+00,6.012489609793525425e-01
1.598400000000000043e+00,1.528569551124774328e-01
1.599200000000000177e+00,1.538985892592715232e-01
1.599999999999999867e+00,7.542589036603162267e-01
1.600800000000000001e+00,1.884579520489860549e+00
1.601600000000000135e+00,3.506539417095448474e+00
1.602399999999999824e+00,3.334385323202311735e+00
1.603199999999999958e+00,2.137518288488291063e+00
1.604000000000000092e+00,1.307200634416935126e+00
1.604800000000000004e+00,5.285632087213775199e-01
1.605599999999999916e+00,1.181790540398407197e-01
1.606400000000000050e+00,4.699099095819840866e-01
1.607199999999999962e+00,6.334971428949542904e-01
1.608000000000000096e+00,8.855892526565916079e-01
1.608800000000000008e+00,1.118124047717839603e-01
1.609599999999999920e+00,1.556817716363946384e-02
1.610400000000000054e+00,8.204713734976215589e-01
1.611199999999999966e+00,1.971097208145968227e-01
1.611999999999999877e+00,1.092546897383012694e-01
1.612800000000000011e+00,3.571982682211197191e-01
1.613600000000000145e+00,5.790301430594692045e-01
1.614400000000000057e+00,1.839185423678880493e+00
1.615199999999999969e+00,2.259288760720085776e+00
1.616000000000000103e+00,1.028448328425526803e+00
1.616800000000000015e+00,8.699508850216470801e-01
1.617599999999999927e+00,3.061779810023169679e-01
1.618400000000000061e+00,1.184970901805957322e-01
1.619200000000000195e+00,5.955274986331214604e-02
1.619999999999999885e+00,5.368865419328266997e-01
1.620800000000000018e+00,1.081438962325949271e+00
1.621600000000000152e+00,1.251966286758201985e+00
1.622399999999999842e+00,1.775923282222647170e+00
1.623199999999999976e+00,1.125346032182147127e+00
1.624000000000000110e+00,3.504191454542908424e-02
1.624800000000000022e+00,1.299142819767533930e-01
1.625599999999999934e+00,5.560322535386024168e-01
1.626400000000000068e+00,3.835206938107770247e-01
1.627199999999999980e+00,3.942745683582229987e-01
1.627999999999999892e+00,9.784343191786060157e-01
1.628800000000000026e+00,2.801349493359849840e-01
1.629599999999999937e+00,2.308031640288805697e-01
1.630400000000000071e+00,1.146248112904189487e+00
1.631199999999999983e+00,1.157905342458188436e+00
1.631999999999999895e+00,3.147475462622874587e-01
1.632800000000000029e+00,1.045687049364866894e+00
1.633599999999999941e+00,7.633678451746793714e-01
1.634400000000000075e+00,2.535034574844003408e-01
1.635199999999999987e+00,1.844411709305823655e+00
1.636000000000000121e+00,2.149731675708554057e+00
1.636800000000000033e+00,2.164872546813078724e+00
1.637599999999999945e+00,1.028116958168988626e+00
1.638400000000000079e+00,9.024227664438645713e-02
1.639199999999999990e+00,1.394407071509368823e+00
1.639999999999999902e+00,2.793825135807610771e-02
1.640800000000000036e+00,1.760428148134887405e-01
1.641600000000000170e+00,1.352999178761600918e+00
1.642399999999999860e+00,8.430640092863851409e-01
1.643199999999999994e+00,9.734420648624865502e-02
1.644000000000000128e+00,3.678198634311988235e-01
1.644799999999999818e+00,2.218029957628341042e-01
1.645599999999999952e+00,9.307409453758678231e-01
1.646400000000000086e+00,1.636218916753869435e+00
1.647199999999999998e+00,7.776886682189612099e-01
1.647999999999999909e+00,7.540243748379970024e-01
1.648800000000000043e+00,3.076541878975256328e-01
1.649599999999999955e+00,7.842733001571540186e-01
1.650399999999999867e+00,1.436979238578198759e+00
1.651200000000000001e+00,1.283798627423358374e+00
1.651999999999999913e+00,2.754817865975104918e-01
1.652800000000000047e+00,1.160645493258415595e+00
1.653599999999999959e+00,5.960890260363400639e-01
1.654400000000000093e+00,8.530117483489876862e-03
1.655200000000000005e+00,1.088947024036791417e-01
1.655999999999999917e+00,2.068714274652857371e-02
1.656800000000000050e+00,6.609292886940001388e-01
1.657599999999999962e+00,9.056778999672622232e-01
1.658400000000000096e+00,1.381849031144850581e+00
1.659200000000000008e+00,8.057902161863685908e-01
1.659999999999999920e+00,5.942395367247568227e-01
1.660800000000000054e+00,5.796767623701957195e-01
1.661599999999999966e+00,1.714272076925096977e+00
1.662399999999999878e+00,9.787928330981113811e-01
1.663200000000000012e+00,5.365499154664425951e-01
1.664000000000000146e+00,1.175689190466423950e+00
1.664799999999999836e+00,1.459828447423851205e+00
1.665599999999999969e+00,5.892706820036179849e-01
1.666400000000000103e+00,5.607825510305464167e-01
1.667200000000000015e+00,1.342715862021378825e+00
1.667999999999999927e+00,2.001306252726824386e+00
1.668800000000000061e+00,1.080932080343145030e+00
1.669599999999999973e+00,3.661302058359676148e-01
1.670399999999999885e+00,2.132848499882777915e+00
1.671200000000000019e+00,2.072428705598863274e+00
1.672000000000000153e+00,1.231799399255064209e+00
1.672800000000000065e+00,3.635027498947103475e-02
1.673599999999999977e+00,5.889975008416591801e-02
1.674400000000000110e+00,9.644107076067862661e-01
1.675200000000000022e+00,1.655479816605119670e+00
1.675999999999999934e+00,1.039838774617731776e+00
1.676800000000000068e+00,5.465709280798555225e-01
1.677599999999999980e+00,1.898324597369042410e-01
1.678400000000000114e+00,4.050834823899133186e-01
1.679200000000000026e+00,5.348611946121322180e-01
1.679999999999999938e+00,1.303330433665195409e+00
1.680800000000000072e+00,1.671966513292921563e+00
1.681599999999999984e+00,1.859119038983622296e+00
1.682399999999999896e+00,9.498688661547826095e-01
1.683200000000000029e+00,2.704834419691526728e-02
1.684000000000000163e+00,1.162956907282624019e+00
1.684799999999999853e+00,5.306122668931239073e-01
1.685599999999999987e+00,3.425940649557578932e-01
1.686400000000000121e+00,1.004322174193740702e+00
1.687199999999999811e+00,5.045096803739023139e-01
1.687999999999999945e+00,6.851447561072939729e-01
1.688800000000000079e+00,5.375058604216694791e-01
1.689599999999999991e+00,2.762084871037472356e-01
1.690399999999999903e+00,1.416929671415934733e+00
1.691200000000000037e+00,1.429263289779589829e+00
1.692000000000000171e+00,1.042598792838130395e+00
1.692799999999999860e+00,1.524166214637590056e-01
1.693599999999999994e+00,4.053700991855940239e-01
1.694400000000000128e+00,2.009779905655910415e-01
1.695200000000000040e+00,3.519913377656763709e-01
1.695999999999999952e+00,1.013260128236301849e+00
1.696800000000000086e+00,1.376641911514462358e+00
1.697599999999999998e+00,1.456222542308239998e+00
1.698399999999999910e+00,1.587060157877906663e+00
1.699200000000000044e+00,3.123382975118520477e-01
1.699999999999999956e+00,8.507657752194821565e-01
1.700800000000000090e+00,7.010105718566375099e-01
1.701600000000000001e+00,2.441033656303256638e+00
1.702399999999999913e+00,2.090939798223840906e+00
1.703200000000000047e+00,1.215606598243605507e+00
1.703999999999999959e+00,3.437425378214594152e-01
1.704799999999999871e+00,5.242899182941927055e-02
1.705600000000000005e+00,2.039671988263402208e-02
1.706400000000000139e+00,1.761205149879665255e+00
1.707199999999999829e+00,1.316698481895808515e+00
1.707999999999999963e+00,8.028251110347699449e-01
1.708800000000000097e+00,8.892193736990341435e-01
1.709600000000000009e+00,1.633357946610559663e+00
1.710399999999999920e+00,2.501329604407867446e+00
1.711200000000000054e+00,1.341579343963536397e+00
1.712000000000000188e+00,1.981950455623815444e-01
1.712799999999999878e+00,1.101383954796105069e+00
1.713600000000000012e+00,4.102384799806552129e-01
1.714400000000000146e+00,1.260371769261920682e-01
1.715199999999999836e+00,8.381812379682664904e-01
1.715999999999999970e+00,9.423054232979776179e-01
1.716800000000000104e+00,7.492450747940772038e-01
1.717600000000000016e+00,1.333484028117587039e+00
1.718399999999999928e+00,1.577214267011102455e+00
1.719200000000000061e+00,9.312621515150045770e-01
1.719999999999999973e+00,6.852140505360760914e-01
1.720799999999999885e+00,1.793855120397802871e-01
1.721600000000000019e+00,8.568431203366490001e-01
1.722399999999999931e+00,3.460172004675934332e-01
1.723200000000000065e+00,5.586339039187693256e-01
1.723999999999999977e+00,5.464728940667873403e-01
1.724799999999999889e+00,7.925503755693943941e-02
1.725600000000000023e+00,4.525794226976588286e-01
1.726399999999999935e+00,1.188889429861373248e+00
1.727199999999999847e+00,1.105905419568283587e+00
1.727999999999999980e+00,9.447949213507096378e-01
1.728800000000000114e+00,3.556861643878734824e-01
1.729600000000000026e+00,6.605717509427775358e-01
1.730399999999999938e+00,2.136923802109643500e+00
1.731200000000000072e+00,2.476064361353660814e+00
1.732000000000000206e+00,8.765296898023217098e-01
1.732799999999999896e+00,1.161899326304801638e+00
1.733600000000000030e+00,1.681163814382139243e+00
1.734400000000000164e+00,1.537101874261833423e+00
1.735199999999999854e+00,6.846264382390311320e-01
1.735999999999999988e+00,1.004255792756143295e+00
1.736800000000000122e+00,1.559689456975064115e+00
1.737600000000000033e+00,6.782364971625155503e-01
1.738399999999999945e+00,9.254603223906687770e-01
1.739200000000000079e+00,6.845778795842754061e-01
1.739999999999999991e+00,2.215509790911395771e-01
1.740799999999999903e+00,1.115081242691426944e+00
1.741600000000000037e+00,1.980175105025960836e+00
1.742399999999999949e+00,5.362194433445579556e-01
1.743200000000000083e+00,7.376859327657432353e-01
1.743999999999999995e+00,1.475278540897156043e+00
1.744799999999999907e+00,1.486684734565636712e-01
1.745600000000000041e+00,6.307978121048506415e-01
1.746399999999999952e+00,1.872375713491922999e+00
1.747199999999999864e+00,1.707530403275154152e+00
1.747999999999999998e+00,1.277154986596547248e+00
1.748800000000000132e+00,3.395282423104973857e-01
1.749600000000000044e+00,6.442403117027499515e-02
1.750399999999999956e+00,1.583583972107167170e+00
1.751200000000000090e+00,1.478587243686208641e+00
1.752000000000000002e+00,4.120643140740410937e-01
1.752799999999999914e+00,4.266174476156264217e-01
1.753600000000000048e+00,3.040690899644331036e-01
1.754400000000000182e+00,5.394983309029629526e-01
1.755199999999999871e+00,2.471809224586521136e-01
1.756000000000000005e+00,6.030413376976575535e-01
1.756800000000000139e+00,1.175132354732950857e+00
1.757599999999999829e+00,8.969623106183237660e-01
1.758399999999999963e+00,1.571108382500192135e+00
1.759200000000000097e+00,7.577505765174225028e-01
1.760000000000000009e+00,4.709936427515522966e-02
1.760799999999999921e+00,2.495298782265937265e-01
1.761600000000000055e+00,1.459701556316971294e+00
1.762399999999999967e+00,1.092018163213775983e+00
1.763199999999999878e+00,1.712605731674875925e-02
1.764000000000000012e+00,8.744976547926889276e-01
1.764799999999999924e+00,7.268998404539295244e-01
1.765600000000000058e+00,6.036051684192444977e-01
1.766399999999999970e+00,1.003313333562703580e+00
1.767200000000000104e+00,1.581448746396343807e+00
1.768000000000000016e+00,1.092017611825687240e+00
1.768799999999999928e+00,6.591492066765898272e-01
1.769600000000000062e+00,5.993292942427397296e-01
1.770399999999999974e+00,2.435296657084216498e+00
1.771200000000000108e+00,2.124707354536819803e+00
1.772000000000000020e+00,8.242117249437956872e-01
1.772799999999999931e+00,8.747042899642657465e-01
1.773600000000000065e+00,3.062074120377401565e-01
1.774399999999999977e+00,3.657102673806947868e-01
1.775199999999999889e+00,7.618399182008015469e-01
1.776000000000000023e+00,1.341382047989092996e+00
1.776800000000000157e+00,2.752846203159813876e-01
1.777599999999999847e+00,9.511968446721290327e-02
1.778399999999999981e+00,3.266959078365458402e-01
1.779200000000000115e+00,1.020699380115107857e+00
1.779999999999999805e+00,1.534949885311712725e+00
1.780799999999999939e+00,1.776093768817467611e+00
1.781600000000000072e+00,2.272069652972168452e+00
1.782399999999999984e+00,1.035277525999651838e+00
1.783199999999999896e+00,3.761169417985975594e-01
1.784000000000000030e+00,8.758871412526815226e-01
1.784799999999999942e+00,8.277259718609693007e-01
1.785599999999999854e+00,5.988323783992020033e-01
1.786399999999999988e+00,9.342368016139284137e-01
1.787200000000000122e+00,9.021654572570189101e-01
1.788000000000000034e+00,9.277879959961958800e-01
1.788799999999999946e+00,1.068667278824863232e+00
1.789600000000000080e+00,4.362259664750832155e-01
1.790399999999999991e+00,1.147192657777294844e+00
1.791200000000000125e+00,2.473681442802627917e+00
1.792000000000000037e+00,1.635045237691134412e+00
1.792799999999999949e+00,6.329784825149940009e-01
1.793600000000000083e+00,7.041594227972439723e-01
1.794399999999999995e+00,1.423866806092562165e-01
1.795199999999999907e+00,3.603388030585303881e-01
1.796000000000000041e+00,9.361822209972141540e-01
1.796800000000000175e+00,8.049129070477452075e-01
1.797599999999999865e+00,1.125687380329188025e+00
1.798399999999999999e+00,1.088989643635382309e+00
1.799200000000000133e+00,1.422603160575432568e+00
1.799999999999999822e+00,1.313629181498585430e+00
1.800799999999999956e+00,1.513806089072737393e+00
1.801600000000000090e+00,3.429491213164643781e+00
1.802400000000000002e+00,2.277544803819180785e+00
1.803199999999999914e+00,3.435759201898831439e-01
1.804000000000000048e+00,1.410762952719532226e+00
1.804799999999999960e+00,1.365563593114037078e+00
1.805599999999999872e+00,6.895624106710745993e-01
1.806400000000000006e+00,1.327612127506172079e+00
1.807200000000000140e+00,1.847346696825422629e+00
1.808000000000000052e+00,1.571270954680270115e+00
1.808799999999999963e+00,1.903971339924726003e-01
1.809600000000000097e+00,2.454444027952419616e-01
1.810400000000000009e+00,1.373226830120961139e+00
1.811199999999999921e+00,1.837269001065560792e+00
1.812000000000000055e+00,4.048523471324728673e-01
1.812799999999999967e+00,1.070798214375562329e-01
1.813600000000000101e+00,8.933763960563008144e-01
1.814400000000000013e+00,1.571542546501905724e+00
1.815199999999999925e+00,9.578366273858995861e-01
1.816000000000000059e+00,4.581165811069592420e-01
1.816799999999999971e+00,3.173560134720256887e-01
1.817599999999999882e+00,6.443237083385530140e-01
1.818400000000000016e+00,1.589741135690067586e-01
1.819200000000000150e+00,1.122171510754896628e+00
1.819999999999999840e+00,7.530164260011792399e-01
1.820799999999999974e+00,1.485488788113751069e+00
1.821600000000000108e+00,2.468435478033453645e+00
1.822399999999999798e+00,2.093002472710113970e+00
1.823199999999999932e+00,1.868725735876007599e-01
1.824000000000000066e+00,2.312149317380252089e-01
1.824799999999999978e+00,6.212546594127706934e-01
1.825599999999999890e+00,1.181161481717849071e+00
1.826400000000000023e+00,4.758359516300244008e-01
1.827200000000000157e+00,7.234706371788285351e-01
1.827999999999999847e+00,1.145708599964059271e+00
1.828799999999999981e+00,1.395174101645147768e+00
1.829600000000000115e+00,1.151366951945232753e+00
1.830400000000000027e+00,7.900770688750211601e-01
1.831199999999999939e+00,1.489755335584345364e+00
1.832000000000000073e+00,8.285233164165969333e-01
1.832799999999999985e+00,2.971410862972894695e-01
1.833599999999999897e+00,1.930558104397373242e-01
1.834400000000000031e+00,8.320031021040596997e-01
1.835199999999999942e+00,1.103376262035710598e+00
1.836000000000000076e+00,1.696341370863260423e+00
1.836799999999999988e+00,1.487007888369390463e+00
1.837599999999999900e+00,5.839384513203019905e-02
1.838400000000000034e+00,1.031468447143299300e-01
1.839199999999999946e+00,1.006123487700594649e-01
1.839999999999999858e+00,7.107109502927391187e-01
1.840799999999999992e+00,1.558076199254121219e+00
1.841600000000000126e+00,2.880337023828376974e+00
1.842400000000000038e+00,1.805748989840885388e+00
1.843199999999999950e+00,1.477658273317752728e-02
1.844000000000000083e+00,5.700217683361549215e-01
1.844799999999999995e+00,2.481608629545164479e-01
1.845599999999999907e+00,2.892919651764011557e-01
1.846400000000000041e+00,1.044454195923843143e+00
1.847200000000000175e+00,1.293688783769089135e+00
1.847999999999999865e+00,4.376913267220378656e-01
1.848799999999999999e+00,1.139890319998135629e-02
1.849600000000000133e+00,2.399190581679894879e-02
1.850400000000000045e+00,5.140441992863302723e-01
1.851199999999999957e+00,1.199626868403397273e+00
1.852000000000000091e+00,1.157580919488618992e-03
1.852800000000000002e+00,1.370739305256414964e+00
1.853599999999999914e+00,9.322524719534259763e-01
1.854400000000000048e+00,1.161369512059024389e+00
1.855199999999999960e+00,4.942006402257440589e-01
1.856000000000000094e+00,1.041676766790188946e+00
1.856800000000000006e+00,1.429897900944625544e+00
1.857599999999999918e+00,7.039844394444061404e-01
1.858400000000000052e+00,4.870699773036599733e-01
1.859199999999999964e+00,6.721990186756049424e-01
1.859999999999999876e+00,3.663160862162376935e-02
1.860800000000000010e+00,4.527687786951478666e-03
1.861600000000000144e+00,1.820857054112070550e+00
1.862400000000000055e+00,1.501518427861654237e+00
1.863199999999999967e+00,8.692177036197731594e-04
1.864000000000000101e+00,4.995405026744179633e-01
1.864800000000000013e+00,7.163723057571368402e-01
1.865599999999999925e+00,7.459291739780378183e-01
1.866400000000000059e+00,3.441990755773439714e-01
1.867200000000000193e+00,1.371519637752099952e+00
1.867999999999999883e+00,9.997103336279669072e-01
1.868800000000000017e+00,1.547417005950957880e-01
1.869600000000000151e+00,8.277452874193020893e-01
1.870399999999999840e+00,1.757627598451474871e+00
1.871199999999999974e+00,2.522451537972719482e+00
1.872000000000000108e+00,3.640060310567599933e-01
1.872800000000000020e+00,1.291898944897198698e+00
1.873599999999999932e+00,2.041355361811605929e-01
1.874400000000000066e+00,7.806901127900746085e-01
1.875199999999999978e+00,1.393326723774604758e+00
1.875999999999999890e+00,1.491775987633110256e+00
1.876800000000000024e+00,1.221093188007789987e+00
1.877599999999999936e+00,2.147301951859822144e-01
1.878400000000000070e+00,1.394522808086371968e-01
1.879199999999999982e+00,8.994334899516743809e-01
1.879999999999999893e+00,6.970096253084334670e-01
1.880800000000000027e+00,4.249699049611598278e-01
1.881599999999999939e+00,1.567091592885054174e+00
1.882400000000000073e+00,5.823809201224342535e-01
1.883199999999999985e+00,7.574978281070763320e-01
1.884000000000000119e+00,1.154104310511822939e+00
1.884800000000000031e+00,5.289312335617474964e-02
1.885599999999999943e+00,6.594699142450363150e-01
1.886400000000000077e+00,7.751273092579982205e-01
1.887199999999999989e+00,1.148454570913217010e+00
1.887999999999999901e+00,3.193655699955002536e-01
1.888800000000000034e+00,7.114555663029028532e-01
1.889600000000000168e+00,1.578084124664019816e-01
1.890399999999999858e+00,1.550252390157776938e+00
1.891199999999999992e+00,2.375124150152649882e+00
1.892000000000000126e+00,9.606479330518484794e-01
1.892799999999999816e+00,6.942219745728948066e-01
1.893599999999999950e+00,3.296587374337912046e-01
1.894400000000000084e+00,5.343390054908642856e-02
1.895199999999999996e+00,3.844099186050134453e-01
1.895999999999999908e+00,9.397640682219871033e-01
1.896800000000000042e+00,1.501812300340181316e+00
1.897599999999999953e+00,1.296258751078289029e+00
1.898399999999999865e+00,7.086943215802156137e-01
1.899199999999999999e+00,5.667002100739529924e-01
1.899999999999999911e+00,6.461620278827344688e-01
1.900800000000000045e+00,6.098177290669871686e-01
1.901599999999999957e+00,3.117592090736363453e+00
1.902400000000000091e+00,1.879999321676827373e+00
1.903200000000000003e+00,9.600466780325416227e-01
1.903999999999999915e+00,7.909098267242007374e-01
1.904800000000000049e+00,1.902533866098236326e-01
1.905599999999999961e+00,5.083146787205711226e-01
1.906400000000000095e+00,8.773576599742944904e-01
1.907200000000000006e+00,1.994076478253565599e+00
1.908000000000000140e+00,1.338592135283029672e+00
1.908799999999999830e+00,2.665804903277925186e-01
1.909599999999999964e+00,8.181360409375715292e-01
1.910399999999999876e+00,1.576060081031790405e+00
1.911200000000000010e+00,1.143742438738048373e+00
1.912000000000000144e+00,2.990291857059312886e-01
1.912800000000000056e+00,1.245621262158779663e+00
1.913600000000000190e+00,5.646289931291194053e-01
1.914399999999999880e+00,8.014977024363881819e-01
1.915199999999999791e+00,7.726766318975346604e-01
1.915999999999999925e+00,5.977364724959775000e-01
1.916800000000000059e+00,4.204212552100085043e-01
1.917599999999999971e+00,7.178236872334786689e-02
1.918400000000000105e+00,1.335415026401347849e-01
1.919200000000000239e+00,9.345108900009398978e-01
1.919999999999999929e+00,6.756181497800036739e-01
1.920799999999999841e+00,7.245890650523776344e-01
1.921599999999999975e+00,1.928413473410856893e+00
1.922400000000000109e+00,2.208004581126862931e+00
1.923200000000000021e+00,7.166554786589635073e-01
1.924000000000000155e+00,1.784431399781736052e-02
1.924800000000000288e+00,2.290087252988395605e-01
1.925599999999999756e+00,8.349967015295067796e-01
1.926399999999999890e+00,1.477670794327838322e-01
1.927200000000000024e+00,2.033448231629929326e-01
1.927999999999999936e+00,4.634800754499959208e-01
1.928800000000000070e+00,5.622384338735704201e-01
1.929600000000000204e+00,7.540238982488649266e-02
1.930400000000000116e+00,3.295033277126492854e-01
1.931199999999999806e+00,1.678035673724622256e+00
1.931999999999999940e+00,3.324116742751831999e-01
1.932799999999999851e+00,1.593756757548491443e+00
1.933599999999999985e+00,6.835800154355541336e-01
1.934400000000000119e+00,5.355309096969873561e-01
1.935200000000000031e+00,1.816541084671837281e+00
1.936000000000000165e+00,2.163518700169059006e+00
1.936799999999999855e+00,2.297934893097897557e+00
1.937599999999999989e+00,6.065433460426956636e-01
1.938399999999999901e+00,2.427284576315228426e-01
1.939200000000000035e+00,3.523117352563371885e-01
1.940000000000000169e+00,9.315366604542771323e-02
1.940800000000000081e+00,3.137213463605742492e-01
1.941600000000000215e+00,2.287664587252706827e+00
1.942399999999999904e+00,2.365426481157840932e+00
1.943199999999999816e+00,3.053920229935164557e-02
1.943999999999999950e+00,5.964059239670660428e-01
1.944800000000000084e+00,4.141651121111325495e-01
1.945599999999999996e+00,3.369502605885124069e-01
1.946400000000000130e+00,7.116067324664295812e-01
1.947200000000000264e+00,3.044955421477035795e-01
1.947999999999999732e+00,4.814332617312599982e-01
1.948799999999999866e+00,7.258378392236549681e-01
1.949600000000000000e+00,4.244506021941954477e-01
1.950399999999999912e+00,4.968492281477445704e-01
1.951200000000000045e+00,1.109259229967829219e+00
1.952000000000000179e+00,9.234264429816423092e-02
1.952800000000000091e+00,1.301278501962961576e+00
1.953599999999999781e+00,4.423857945436385775e-01
1.954399999999999915e+00,1.403001880553182312e+00
1.955199999999999827e+00,1.181206364628855532e+00
1.955999999999999961e+00,8.620725195997109847e-01
1.956800000000000095e+00,1.881428979950061642e+00
1.957600000000000007e+00,7.226766962864632493e-01
1.958400000000000141e+00,1.423880103327417601e-01
1.959199999999999831e+00,5.720680690385553102e-02
1.959999999999999964e+00,5.649231977484225897e-01
1.960799999999999876e+00,5.512488429155328884e-01
1.961600000000000010e+00,1.496402446432774536e+00
1.962400000000000144e+00,1.951193765518269396e+00
1.963200000000000056e+00,4.169138234374111796e-01
1.964000000000000190e+00,4.026018067312117088e-01
1.964799999999999880e+00,5.292439682086602648e-02
1.965599999999999792e+00,1.553324585911102784e-01
1.966399999999999926e+00,8.137436507294051324e-01
1.967200000000000060e+00,1.567434008672136336e+00
1.967999999999999972e+00,1.610748967547698696e+00
1.968800000000000106e+00,1.426975173138023689e-01
1.969600000000000239e+00,1.284204908962897074e+00
1.970399999999999707e+00,2.211355035570642613e+00
1.971199999999999841e+00,2.693922855994772991e+00
1.971999999999999975e+00,9.187813600255608781e-01
1.972799999999999887e+00,1.529781318581716398e+00
1.973600000000000021e+00,1.070291978961082524e+00
1.974400000000000155e+00,6.393523077616970474e-01
1.975200000000000067e+00,8.576192104140911709e-01
1.975999999999999757e+00,8.540450180264070879e-01
1.976799999999999891e+00,1.435233644341896708e+00
1.977600000000000025e+00,6.062202812902739435e-01
1.978399999999999936e+00,5.094852605288996417e-01
1.979200000000000070e+00,8.952682794829153190e-01
1.980000000000000204e+00,8.970432406748996002e-01
1.980800000000000116e+00,8.143377214839505607e-01
1.981599999999999806e+00,1.120785587127153482e+00
1.982399999999999940e+00,7.293459664817503185e-01
1.983199999999999852e+00,7.597376954795654891e-01
1.983999999999999986e+00,1.132113819031627999e+00
1.984800000000000120e+00,5.874198055818264930e-01
1.985600000000000032e+00,6.306589428051765367e-01
1.986400000000000166e+00,6.949797606882762713e-01
1.987199999999999855e+00,1.185747346994132201e+00
1.987999999999999767e+00,7.792706804970629397e-01
1.988799999999999901e+00,1.239206805304233078e-01
1.989600000000000035e+00,7.345447832985978476e-01
1.990399999999999947e+00,1.485985818902168409e+00
1.991200000000000081e+00,2.589174088204996504e+00
1.992000000000000215e+00,1.623399173690389663e+00
1.992799999999999683e+00,4.622664305967172371e-01
1.993599999999999817e+00,1.064687124942889307e+00
1.994399999999999951e+00,4.568186638163782010e-01
1.995199999999999863e+00,5.766073671192425421e-01
1.995999999999999996e+00,6.508597967229544368e-02
1.996800000000000130e+00,1.073331402319126493e+00
1.997600000000000042e+00,1.329468140237503482e+00
1.998399999999999732e+00,9.921524131218942832e-01
1.999199999999999866e+00,1.190481484416544999e+00
2.000000000000000000e+00,1.895572992951603197e+00
2.000799999999999912e+00,1.331721721273091408e+00
2.001599999999999824e+00,2.205682245999473157e+00
2.002400000000000180e+00,2.239732604596457399e+00
2.003200000000000092e+00,1.241109453713535038e-01
2.004000000000000004e+00,1.555345259115835654e+00
2.004799999999999915e+00,6.989323787659347254e-01
2.005599999999999827e+00,3.493178788686604475e-01
2.006400000000000183e+00,1.949036208726099728e+00
2.007200000000000095e+00,2.497193345259532737e+00
2.008000000000000007e+00,2.394665999373482457e+00
2.008800000000000363e+00,1.138962940814873537e-01
2.009600000000000275e+00,6.937459890707415866e-01
2.010399999999999743e+00,1.594298781088109074e+00
2.011200000000000099e+00,2.020337783372149421e+00
2.012000000000000011e+00,1.164663625356300747e+00
2.012799999999999923e+00,5.897986441358566978e-01
2.013600000000000279e+00,8.222498088295046581e-02
2.014400000000000190e+00,8.001981313761273862e-01
2.015200000000000102e+00,1.338420379171906538e-01
2.016000000000000014e+00,1.001997397950862845e-01
2.016799999999999926e+00,8.314127055929917964e-02
2.017599999999999838e+00,8.317456727589639387e-01
2.018400000000000194e+00,7.647107311060258317e-01
2.019200000000000106e+00,2.091976809468913512e+00
2.020000000000000018e+00,2.201727478903701574e+00
2.020800000000000374e+00,1.270047204589193734e+00
2.021599999999999842e+00,1.391120235201464661e+00
2.022399999999999753e+00,8.818802872156884520e-01
2.023200000000000109e+00,6.070649229890127119e-01
2.024000000000000021e+00,1.251772019668484726e+00
2.024799999999999933e+00,1.157829997102148401e+00
2.025600000000000289e+00,3.553737937659535995e-02
2.026400000000000201e+00,2.861995601576292070e-01
2.027199999999999669e+00,1.255248087977663296e+00
2.028000000000000025e+00,1.891294617583136883e+00
2.028799999999999937e+00,1.167382522061290118e+00
2.029599999999999849e+00,7.674055337297287782e-02
2.030400000000000205e+00,2.078587271188284014e+00
2.031200000000000117e+00,3.197276044715139154e+00
2.032000000000000028e+00,2.498869557283980303e+00
2.032799999999999940e+00,1.496680454963865148e-01
2.033599999999999852e+00,1.973230696167777021e-01
2.034399999999999764e+00,4.150111696393810404e-03
2.035200000000000120e+00,3.803082136605104857e-01
2.036000000000000032e+00,2.407865471726113871e-01
2.036799999999999944e+00,7.341516477127305595e-01
2.037600000000000300e+00,6.678685234636241308e-01
2.038399999999999768e+00,1.435213945715925199e-01
2.039199999999999680e+00,6.264018321168319803e-01
2.040000000000000036e+00,1.620323326163561672e+00
2.040799999999999947e+00,1.820827371585966636e+00
2.041599999999999859e+00,2.404599546934171439e+00
2.042400000000000215e+00,1.198279867044438118e+00
2.043200000000000127e+00,5.676677813824697605e-01
2.044000000000000039e+00,2.165020707734235383e+00
2.044799999999999951e+00,1.030129578899704912e+00
2.045599999999999863e+00,5.769171972565569767e-02
2.046400000000000219e+00,3.636042448149363615e-01
2.047200000000000131e+00,9.746846050275626006e-01
2.048000000000000043e+00,1.130170307356761272e+00
2.048800000000000399e+00,6.846612637471879426e-01
2.049599999999999866e+00,2.097486192299566621e-01
2.050399999999999778e+00,6.632797755919801475e-01
2.051200000000000134e+00,1.281581054959301635e+00
2.052000000000000046e+00,1.083699552264028920e+00
2.052799999999999958e+00,3.631881858959497000e-01
2.053600000000000314e+00,3.690770814337615557e-01
2.054400000000000226e+00,1.434603065638087038e+00
2.055199999999999694e+00,6.644994450399104302e-01
2.056000000000000050e+00,2.873684803562948642e-01
2.056799999999999962e+00,7.712886889859701389e-01
2.057599999999999874e+00,4.398972516803981159e-01
2.058400000000000230e+00,3.829887562539476820e-01
2.059200000000000141e+00,2.871148535756672393e-01
2.060000000000000053e+00,1.772643461532363851e-01
2.060799999999999965e+00,6.739686988229379727e-01
2.061599999999999877e+00,1.219109431401749433e+00
2.062399999999999789e+00,1.508017003175414317e+00
2.063200000000000145e+00,1.927214249731443174e-01
2.064000000000000057e+00,1.069693139114773262e+00
2.064799999999999969e+00,6.296918946718708110e-01
2.065600000000000325e+00,2.460804167593074188e-01
2.066399999999999793e+00,1.002756075123955926e+00
2.067199999999999704e+00,1.468596245425872304e+00
2.068000000000000060e+00,1.674920739364966771e+00
2.068799999999999972e+00,4.383440284380947793e-01
2.069599999999999884e+00,1.086303643273120345e+00
2.070400000000000240e+00,1.836204328758429094e+00
2.071200000000000152e+00,2.002031334076701530e+00
2.071999999999999620e+00,8.342608028848985668e-01
2.072799999999999976e+00,1.050461000341079920e+00
2.073599999999999888e+00,7.637948873025293128e-01
2.074399999999999800e+00,4.606218823689076092e-01
2.075200000000000156e+00,1.308242424882707811e+00
2.076000000000000068e+00,1.144408314760467560e+00
2.076799999999999979e+00,9.196009005634964151e-01
2.077599999999999891e+00,7.960994736998873167e-01
2.078399999999999803e+00,5.681803029656438131e-01
2.079199999999999715e+00,2.250282727440047759e-01
2.080000000000000071e+00,1.289196735919845738e+00
2.080799999999999983e+00,6.419765474018453988e-01
2.081599999999999895e+00,8.646081183763983935e-01
2.082400000000000251e+00,8.031713979967254335e-01
2.083199999999999719e+00,4.464287985407899839e-01
2.084000000000000075e+00,6.704468605347534416e-01
2.084799999999999986e+00,1.373752041360239151e-01
2.085599999999999898e+00,1.161097029328200136e+00
2.086400000000000254e+00,1.386645536098529252e+00
2.087200000000000166e+00,1.274025864113317974e+00
2.088000000000000078e+00,1.499289721975777034e+00
2.088799999999999990e+00,7.413612864591739848e-01
2.089599999999999902e+00,4.274767006553505388e-01
2.090399999999999814e+00,1.219562108723482252e+00
2.091200000000000170e+00,2.071501119623016862e+00
2.092000000000000082e+00,1.557794420885164843e+00
2.092799999999999994e+00,3.713718073744828874e-01
2.093600000000000350e+00,7.148021123924298559e-01
2.094399999999999817e+00,3.193764879825776171e-01
2.095199999999999729e+00,2.720555968250049084e-01
2.096000000000000085e+00,8.773356682690053310e-02
2.096799999999999997e+00,6.721322901564835695e-01
2.097599999999999909e+00,1.302158322092169529e+00
2.098400000000000265e+00,9.968670956170312403e-01
2.099200000000000177e+00,9.256972267116986286e-01
2.099999999999999645e+00,1.278341184031394961e+00
2.100800000000000001e+00,1.598942443262932001e+00
2.101599999999999913e+00,2.915875029053897283e+00
2.102399999999999824e+00,2.463043759757421736e+00
2.103200000000000180e+00,1.226966055789749488e+00
2.104000000000000092e+00,1.269292256054695311e+00
2.104800000000000004e+00,9.476114162041090472e-01
2.105599999999999916e+00,1.193577193631742001e-01
2.106399999999999828e+00,1.116304276738277146e+00
2.107199999999999740e+00,1.400374684837056627e+00
2.108000000000000096e+00,1.956511222431546626e+00
2.108800000000000008e+00,2.422439474362315381e-01
2.109599999999999920e+00,2.868612286019851521e-01
2.110400000000000276e+00,8.829776976364527297e-01
2.111199999999999743e+00,7.890195797001061662e-01
2.111999999999999655e+00,1.443860993361247569e-01
2.112800000000000011e+00,2.281406668720780961e-01
2.113599999999999923e+00,6.356683525359919651e-01
2.114399999999999835e+00,1.921689424003850899e+00
2.115200000000000191e+00,2.499868640645228179e+00
2.116000000000000103e+00,1.183662697283321297e+00
2.116799999999999571e+00,7.485774873993382705e-01
2.117599999999999927e+00,9.561649469815555746e-02
2.118399999999999839e+00,4.345543301734738351e-01
2.119199999999999751e+00,2.324368048166733022e-02
2.120000000000000107e+00,4.400066712921686940e-01
2.120800000000000018e+00,1.319956158942232172e+00
2.121599999999999930e+00,1.633608707108854308e+00
2.122400000000000286e+00,1.755233741957449523e+00
2.123199999999999754e+00,1.111566389651530207e+00
2.124000000000000110e+00,6.044846906626833924e-03
2.124800000000000022e+00,6.731162103056319568e-01
2.125599999999999934e+00,3.598039609462783117e-01
2.126400000000000290e+00,8.338865678575828611e-01
2.127200000000000202e+00,2.838505457482223271e-01
2.128000000000000114e+00,2.829554566915988278e-01
2.128800000000000026e+00,4.853487089557541601e-01
2.129599999999999937e+00,1.009319172368628725e-01
2.130399999999999849e+00,1.132680446353112380e+00
2.131200000000000205e+00,8.142987163894690461e-01
2.132000000000000117e+00,3.853302126572776265e-01
2.132800000000000029e+00,7.644754390674398659e-01
2.133600000000000385e+00,9.199000273974282660e-01
2.134399999999999853e+00,4.127012225874470142e-01
2.135199999999999765e+00,1.712169652260962627e+00
2.136000000000000121e+00,1.996313775694259940e+00
2.136800000000000033e+00,1.163346229989934644e+00
2.137599999999999945e+00,1.993647895137551085e-01
2.138400000000000301e+00,5.194719410587804731e-01
2.139200000000000212e+00,1.007747550607307918e+00
2.139999999999999680e+00,2.573948665164125793e-01
2.140800000000000036e+00,8.162384984305736113e-01
2.141599999999999948e+00,1.665044287020841729e+00
2.142399999999999860e+00,1.431420814408900455e+00
2.143200000000000216e+00,5.156470883956775220e-01
2.144000000000000128e+00,5.399834613244078874e-01
2.144800000000000040e+00,5.115405213360323389e-01
2.145599999999999952e+00,5.623522409534673638e-01
2.146399999999999864e+00,1.132470392656111713e+00
2.147199999999999775e+00,7.548850254534916759e-01
2.148000000000000131e+00,4.766674444718373427e-01
2.148800000000000043e+00,1.729009133367601925e-01
2.149599999999999955e+00,1.340400610414006766e-01
2.150400000000000311e+00,7.384526681213700039e-01
2.151199999999999779e+00,1.058368941772191985e+00
2.151999999999999691e+00,6.433767774402153750e-01
2.152800000000000047e+00,1.042904700685560737e+00
2.153599999999999959e+00,2.173865857686251291e-01
2.154399999999999871e+00,5.595798687624650158e-01
2.155200000000000227e+00,3.363608401574682549e-01
2.156000000000000139e+00,4.579895524644886362e-01
2.156800000000000050e+00,8.408649071831447719e-01
2.157599999999999962e+00,1.195144314525512286e+00
2.158399999999999874e+00,9.944921378892098707e-01
2.159200000000000230e+00,4.759938499354100516e-01
2.160000000000000142e+00,5.403407908245994040e-01
2.160800000000000054e+00,7.375942518719487140e-01
2.161600000000000410e+00,1.641473124190933719e+00
2.162399999999999878e+00,1.178108291593872536e+00
2.163199999999999790e+00,1.937870061820173018e-01
2.164000000000000146e+00,1.098301460539076402e+00
2.164800000000000058e+00,1.215253097856975328e+00
2.165599999999999969e+00,4.305486499905732123e-03
2.166400000000000325e+00,1.166517097653772428e+00
2.167200000000000237e+00,1.928095827728270484e+00
2.167999999999999705e+00,2.287460592919789093e+00
2.168800000000000061e+00,1.326062807191519255e+00
2.169599999999999973e+00,1.008274480463876355e+00
2.170399999999999885e+00,2.196710696931791329e+00
2.171200000000000241e+00,2.596276164565122002e+00
2.172000000000000153e+00,1.168361605345915821e+00
2.172800000000000065e+00,4.591327676220495202e-01
2.173599999999999977e+00,4.881015075357372779e-02
2.174399999999999888e+00,3.051734333783611142e-01
2.175199999999999800e+00,1.244312102495345185e+00
2.176000000000000156e+00,5.306626745920293153e-01
2.176800000000000068e+00,4.857948725619935099e-02
2.177599999999999980e+00,1.106256592265125321e-01
2.178400000000000336e+00,3.357359681023971421e-01
2.179199999999999804e+00,8.152463437868678886e-01
2.179999999999999716e+00,1.149681768938201731e+00
2.180800000000000072e+00,2.256135466049444371e+00
2.181599999999999984e+00,2.190435150222872274e+00
2.182399999999999896e+00,1.051412641803862069e+00
2.183200000000000252e+00,2.159826377993827873e-01
2.184000000000000163e+00,7.325385704586088176e-01
2.184799999999999631e+00,7.447363101411291764e-01
2.185599999999999987e+00,2.874659462156277101e-01
2.186399999999999899e+00,1.005379302694293431e+00
2.187199999999999811e+00,7.507052596546794909e-01
2.188000000000000167e+00,8.122151750385909752e-01
2.188800000000000079e+00,9.623398054007595848e-01
2.189599999999999991e+00,2.104839336349181300e-01
2.190399999999999903e+00,7.630385637704506507e-01
2.191199999999999815e+00,1.323685387553856785e+00
2.191999999999999726e+00,8.460147859403170933e-01
2.192800000000000082e+00,3.165656564886444313e-01
2.193599999999999994e+00,8.835835187171547922e-02
2.194399999999999906e+00,7.949297570928899326e-01
2.195200000000000262e+00,1.328432395194114601e+00
2.195999999999999730e+00,1.121142751796117887e+00
2.196800000000000086e+00,1.293140268573580220e+00
2.197599999999999998e+00,1.025190420972752037e+00
2.198399999999999910e+00,5.735401748433406333e-01
2.199200000000000266e+00,2.429841903270243686e-01
2.200000000000000178e+00,2.670889135092721078e-01
2.200800000000000090e+00,1.234451699700710003e+00
2.201600000000000001e+00,2.628171641826116733e+00
2.202399999999999913e+00,2.180003614614594909e+00
2.203199999999999825e+00,1.589048766540472890e+00
2.204000000000000181e+00,4.382554568374592008e-01
2.204800000000000093e+00,2.684573893258324767e-02
2.205600000000000005e+00,2.034724753739766412e-01
2.206400000000000361e+00,1.175503684204223687e+00
2.207199999999999829e+00,8.702987797985796137e-01
2.207999999999999741e+00,3.902543122699080325e-01
2.208800000000000097e+00,9.407083676476107881e-01
2.209600000000000009e+00,1.232438950317829685e+00
2.210399999999999920e+00,2.185259487197944939e+00
2.211200000000000276e+00,6.658306690520179316e-01
2.212000000000000188e+00,7.170910522527498832e-02
2.212799999999999656e+00,1.419113361054307187e+00
2.213600000000000012e+00,7.547349130871014999e-01
2.214399999999999924e+00,1.488456236020064272e-01
2.215199999999999836e+00,1.604293490746724782e+00
2.216000000000000192e+00,1.962356477744710004e+00
2.216800000000000104e+00,1.434746719650353386e+00
2.217600000000000016e+00,1.133731228350814302e+00
2.218399999999999928e+00,1.504449049299545704e+00
2.219199999999999839e+00,6.806329586542343435e-01
2.219999999999999751e+00,1.956007996676578653e-01
2.220800000000000107e+00,2.193031708372243649e-01
2.221600000000000019e+00,7.543953375995389454e-02
2.222399999999999931e+00,1.182789465424971369e-02
2.223200000000000287e+00,2.127860197994767555e-01
2.223999999999999755e+00,1.310897044055800154e-01
2.224799999999999667e+00,1.443611605620859217e-01
2.225600000000000023e+00,6.837549742471000780e-01
2.226399999999999935e+00,1.434662172091494936e+00
2.227199999999999847e+00,1.299954970742574156e+00
2.228000000000000203e+00,7.491367767702717950e-01
2.228800000000000114e+00,1.562565888700768735e-01
2.229599999999999582e+00,1.798248573312162257e+00
2.230399999999999938e+00,2.880702903484268163e+00
2.231199999999999850e+00,2.649436316470248354e+00
2.231999999999999762e+00,3.479720090301668400e-01
2.232800000000000118e+00,1.769399579880865492e+00
2.233600000000000030e+00,2.101787485329556393e+00
2.234399999999999942e+00,1.569647688963872190e+00
2.235199999999999854e+00,4.169760447554957117e-01
2.235999999999999766e+00,1.054543707206152980e+00
2.236800000000000122e+00,1.142621045347259612e+00
2.237600000000000033e+00,8.984225413360494850e-01
2.238399999999999945e+00,7.979169358508867438e-01
2.239200000000000301e+00,8.619626073144723843e-01
2.240000000000000213e+00,1.074124359831437170e+00
2.240799999999999681e+00,1.372092050575345556e+00
2.241600000000000037e+00,1.821200144055777681e+00
2.242399999999999949e+00,4.609898800463687052e-01
2.243199999999999861e+00,1.066216104854864621e+00
2.244000000000000217e+00,1.273378611113007430e+00
2.244800000000000129e+00,3.625764484055880588e-01
2.245600000000000041e+00,9.019680934911635806e-01
2.246400000000000396e+00,2.501750954886535094e+00
2.247199999999999864e+00,1.608498630404360474e+00
2.247999999999999776e+00,1.376864901432338417e+00
2.248800000000000132e+00,7.436862031629012382e-01
2.249600000000000044e+00,8.032864971928510567e-02
2.250399999999999956e+00,1.659163709918841878e+00
2.251200000000000312e+00,2.056044485120821275e+00
2.252000000000000224e+00,7.295053968122821031e-01
2.252799999999999692e+00,1.656077535068483375e-01
2.253600000000000048e+00,5.579052599222199538e-01
2.254399999999999959e+00,3.629489549565331208e-01
2.255199999999999871e+00,9.750387828513940036e-02
2.256000000000000227e+00,1.590947118307590724e-01
2.256800000000000139e+00,5.397015483825824411e-01
2.257600000000000051e+00,6.003097278617400834e-01
2.258399999999999963e+00,1.296846428374991644e+00
2.259199999999999875e+00,9.820253011857317249e-01
2.259999999999999787e+00,4.117944754558058307e-01
2.260800000000000143e+00,1.114579446726042145e+00
2.261600000000000055e+00,2.015976677730071387e+00
2.262399999999999967e+00,9.002822951686361153e-01
2.263200000000000323e+00,2.676262627969969721e-01
2.263999999999999790e+00,9.081068748837513027e-01
2.264799999999999702e+00,1.201451933955348439e+00
2.265600000000000058e+00,3.310834271141620544e-01
2.266399999999999970e+00,1.024990124215006126e+00
2.267199999999999882e+00,1.894675001220473609e+00
2.268000000000000238e+00,1.643377290416451419e+00
2.268800000000000150e+00,8.143377306141752481e-01
2.269599999999999618e+00,5.026895349625307707e-01
2.270399999999999974e+00,3.169991009834728590e+00
2.271199999999999886e+00,2.841729810977646320e+00
2.271999999999999797e+00,9.974501196851794926e-01
2.272800000000000153e+00,2.582538490078378768e-01
2.273600000000000065e+00,4.351155911473703758e-02
2.274399999999999977e+00,7.452295583681962654e-01
2.275199999999999889e+00,7.283661126400942099e-01
2.275999999999999801e+00,9.061234608777056776e-01
2.276800000000000157e+00,7.175502269469354877e-01
2.277600000000000069e+00,1.364199692945141373e-01
2.278399999999999981e+00,6.673622076038658868e-01
2.279200000000000337e+00,1.135856374177345973e+00
2.280000000000000249e+00,1.251133372870626426e+00
2.280799999999999716e+00,1.937974718639261962e+00
2.281600000000000072e+00,2.192858197132471432e+00
2.282399999999999984e+00,4.904614237802373267e-01
2.283199999999999896e+00,7.338831564487469095e-01
2.284000000000000252e+00,9.434785372891334454e-01
2.284800000000000164e+00,3.717174620450141020e-01
2.285600000000000076e+00,3.184569832995939875e-02
2.286399999999999988e+00,1.311849732283969949e+00
2.287199999999999900e+00,1.582313957715729247e+00
2.287999999999999812e+00,9.626543495722087451e-01
2.288800000000000168e+00,1.080673726741962826e+00
2.289600000000000080e+00,1.805162599033693083e-01
2.290399999999999991e+00,1.216505064271512282e+00
2.291200000000000347e+00,2.105927150553887905e+00
2.291999999999999815e+00,1.762102476623438330e+00
2.292799999999999727e+00,6.595856536758976096e-01
2.293600000000000083e+00,5.230661691032902905e-01
2.294399999999999995e+00,4.394960531222792399e-01
2.295199999999999907e+00,4.050792949028614309e-01
2.296000000000000263e+00,9.195948739269669270e-01
2.296800000000000175e+00,4.685434852947405471e-01
2.297599999999999643e+00,5.041389855740808779e-01
2.298399999999999999e+00,9.494050837231847728e-01
2.299199999999999910e+00,6.144840720436132164e-01
2.299999999999999822e+00,8.374796083495241739e-01
2.300800000000000178e+00,1.117980820228043237e+00
2.301600000000000090e+00,3.310158124988825001e+00
2.302400000000000002e+00,2.464741841677066336e+00
2.303199999999999914e+00,1.924615196260692496e-01
2.303999999999999826e+00,1.369448989043362319e+00
2.304799999999999738e+00,1.299728402852004860e+00
2.305600000000000094e+00,1.252212157254232627e+00
2.306400000000000006e+00,1.091540755271595664e+00
2.307199999999999918e+00,1.438750828491546452e+00
2.308000000000000274e+00,1.627686093967288361e+00
2.308799999999999741e+00,3.299269167326679408e-01
2.309600000000000097e+00,5.456893533363216253e-02
2.310400000000000009e+00,1.524272988762304992e+00
2.311199999999999921e+00,1.390310579269676161e+00
2.312000000000000277e+00,2.044516542877748699e-01
2.312800000000000189e+00,2.416023409367568792e-02
2.313600000000000101e+00,1.197520770095777065e+00
2.314400000000000013e+00,1.527665984090246454e+00
2.315199999999999925e+00,9.523095660470590751e-01
2.315999999999999837e+00,8.486063854047578570e-01
2.316800000000000193e+00,2.216650089194946160e-01
2.317600000000000104e+00,6.740886130556191791e-01
2.318400000000000016e+00,4.226301944024141721e-01
2.319200000000000372e+00,2.231900059138101633e-01
2.319999999999999840e+00,5.721187519738142324e-01
2.320799999999999752e+00,1.009159300225738187e+00
2.321600000000000108e+00,2.160745110254558288e+00
2.322400000000000020e+00,1.985049114382372304e+00
2.323199999999999932e+00,2.467263567950991332e-01
2.324000000000000288e+00,3.036105181878567816e-01
2.324800000000000200e+00,7.706538284140708184e-01
2.325599999999999667e+00,6.530384499880338423e-01
2.326400000000000023e+00,4.325736029878997635e-01
2.327199999999999935e+00,7.975404468674006653e-01
2.327999999999999847e+00,1.207249919379467684e+00
2.328800000000000203e+00,1.214514029103303416e+00
2.329600000000000115e+00,6.836812358337339690e-01
2.330400000000000027e+00,9.669925598114440524e-01
2.331199999999999939e+00,1.796992689509807173e+00
2.331999999999999851e+00,3.841816834871324415e-01
2.332799999999999763e+00,4.321757423491445205e-01
2.333600000000000119e+00,1.126320211242691355e-01
2.334400000000000031e+00,1.134780897435700986e+00
2.335199999999999942e+00,1.078258129039851410e+00
2.336000000000000298e+00,1.542523645835252699e+00
2.336799999999999766e+00,1.137440291400513948e+00
2.337599999999999678e+00,1.807882132665515340e-01
2.338400000000000034e+00,3.338028041878907670e-01
2.339199999999999946e+00,1.110411801918170099e-01
2.339999999999999858e+00,7.273039760587204361e-01
2.340800000000000214e+00,2.074965885015193301e+00
2.341600000000000126e+00,2.680977300761652415e+00
2.342399999999999594e+00,1.410145279613501224e+00
2.343199999999999950e+00,2.747628034903915606e-01
2.343999999999999861e+00,5.038094400437564957e-01
2.344799999999999773e+00,6.570871753307214735e-01
2.345600000000000129e+00,4.810181453444942745e-01
2.346400000000000041e+00,7.553448281869138414e-01
2.347199999999999953e+00,1.961611078450905765e+00
2.347999999999999865e+00,6.726161420892895482e-01
2.348799999999999777e+00,3.764922966678104777e-01
2.349600000000000133e+00,1.339410952958597911e-01
2.350400000000000045e+00,1.185998683109864560e+00
2.351199999999999957e+00,1.641108625657148101e+00
2.352000000000000313e+00,7.578564260183097145e-01
2.352800000000000225e+00,6.437133184824459509e-01
2.353599999999999692e+00,5.584284288404741670e-01
2.354400000000000048e+00,1.087656844816697443e+00
2.355199999999999960e+00,6.880495713701410831e-02
2.355999999999999872e+00,7.643708552934488365e-01
2.356800000000000228e+00,1.206512505009978309e+00
2.357600000000000140e+00,5.278491415245700757e-01
2.358400000000000052e+00,5.734838583483427010e-01
2.359199999999999964e+00,1.445385180222640065e+00
2.359999999999999876e+00,3.277260313052310359e-01
2.360799999999999788e+00,8.691135519461626879e-01
2.361600000000000144e+00,1.836765098342479696e+00
2.362400000000000055e+00,1.094642154640505405e+00
2.363199999999999967e+00,5.172002788605101209e-01
2.364000000000000323e+00,9.095239732980441305e-01
2.364800000000000235e+00,8.159787318122435629e-01
2.365599999999999703e+00,5.642382516895592115e-01
2.366400000000000059e+00,9.480672267261899266e-01
2.367199999999999971e+00,2.096245050571350799e+00
2.367999999999999883e+00,1.069783317537369882e+00
2.368800000000000239e+00,1.043045628422508919e+00
2.369600000000000151e+00,7.417062924449427941e-01
2.370400000000000063e+00,2.161093657139669943e+00
2.371199999999999974e+00,3.127444324619714333e+00
2.371999999999999886e+00,1.370119716245864483e+00
2.372799999999999798e+00,5.231829550729231171e-01
2.373600000000000154e+00,1.978096033439154244e-01
2.374400000000000066e+00,9.348291608313177292e-01
2.375199999999999978e+00,9.369879148611095498e-01
2.376000000000000334e+00,8.681449349080342381e-01
2.376799999999999802e+00,1.478337712558433770e-01
2.377599999999999714e+00,5.427769700938188668e-01
2.378400000000000070e+00,3.629909777372289925e-01
2.379199999999999982e+00,1.452878551370439641e+00
2.379999999999999893e+00,1.202615702519281404e+00
2.380800000000000249e+00,1.767567968455638017e+00
2.381600000000000161e+00,2.218724309618115509e+00
2.382399999999999629e+00,1.841586599607498931e+00
2.383199999999999985e+00,3.623000460889513330e-01
2.383999999999999897e+00,6.469878885918373124e-01
2.384799999999999809e+00,4.885588207915769754e-01
2.385600000000000165e+00,5.738237479220517079e-01
2.386400000000000077e+00,1.251587661712027233e-01
2.387199999999999989e+00,9.418602914167507612e-01
2.387999999999999901e+00,6.776108609969803132e-01
2.388799999999999812e+00,6.920351939734068480e-01
2.389600000000000168e+00,5.353955957123831544e-01
2.390400000000000080e+00,1.331250506051254168e-01
2.391199999999999992e+00,2.105470056699058734e+00
2.392000000000000348e+00,9.711361867081389487e-01
2.392800000000000260e+00,2.347583868559891540e-01
2.393599999999999728e+00,7.374729658982259739e-01
2.394400000000000084e+00,1.377237076427061613e+00
2.395199999999999996e+00,1.080226516938681103e+00
2.395999999999999908e+00,1.487973093579849193e+00
2.396800000000000264e+00,1.243512588909858385e+00
2.397600000000000176e+00,6.418272528034104640e-01
2.398400000000000087e+00,5.743167513827815984e-01
2.399199999999999999e+00,3.055083825012707144e-01
2.399999999999999911e+00,5.596558956373202109e-01
2.400799999999999823e+00,1.888438033031133723e-01
2.401600000000000179e+00,2.757748247816150577e+00
2.402400000000000091e+00,2.840368753928538048e+00
2.403200000000000003e+00,1.156154984195789881e+00
2.404000000000000359e+00,9.913868059867754490e-02
2.404799999999999827e+00,4.492571119825522485e-02
2.405599999999999739e+00,2.616389099295005072e-02
2.406400000000000095e+00,1.298560235326802204e-01
2.407200000000000006e+00,8.917489671814714525e-01
2.407999999999999918e+00,4.363597643660619974e-01
2.408800000000000274e+00,1.072616320442649540e+00
2.409600000000000186e+00,1.006509109372083488e+00
2.410399999999999654e+00,6.854241612071976242e-01
2.411200000000000010e+00,4.611718950992282906e-01
2.411999999999999922e+00,1.448406593734487435e+00
2.412799999999999834e+00,1.902397335172598902e+00
2.413600000000000190e+00,1.015088286074666418e-01
2.414400000000000102e+00,1.447071371149283303e+00
2.415200000000000014e+00,1.554246053742389222e+00
2.415999999999999925e+00,1.627264826914406104e+00
2.416799999999999837e+00,1.442031350123484934e+00
2.417599999999999749e+00,6.176354463261082284e-01
2.418400000000000105e+00,3.829785803774416603e-02
2.419200000000000017e+00,6.531576655755297889e-01
2.419999999999999929e+00,2.820224042522973540e-01
2.420800000000000285e+00,2.797417187438040048e-02
2.421599999999999753e+00,6.750804201136273441e-01
2.422399999999999665e+00,1.167752056454386400e+00
2.423200000000000021e+00,5.119772751604861893e-01
2.423999999999999932e+00,7.408770681224396970e-01
2.424799999999999844e+00,9.969537724428531034e-01
2.425600000000000200e+00,6.047796099805088366e-01
2.426400000000000112e+00,7.869010684922186361e-01
2.427200000000000024e+00,1.595477234398050115e+00
2.427999999999999936e+00,7.690970558736930363e-01
2.428799999999999848e+00,4.057455836820927919e-01
2.429600000000000204e+00,8.015905756297113660e-01
2.430400000000000116e+00,1.332952806023053549e+00
2.431200000000000028e+00,2.380641029032349199e+00
2.432000000000000384e+00,1.077231419298164683e+00
2.432799999999999851e+00,8.602920330011857297e-01
2.433599999999999763e+00,1.107728786099485774e+00
2.434400000000000119e+00,5.683744681782174624e-01
2.435200000000000031e+00,1.055112027070869818e+00
2.435999999999999943e+00,1.742039907120673581e+00
2.436800000000000299e+00,2.018416769794705967e+00
2.437600000000000211e+00,8.381806065978086862e-01
2.438399999999999679e+00,4.296910938809722635e-01
2.439200000000000035e+00,5.847949383380079968e-01
2.439999999999999947e+00,6.152804876863156025e-01
2.440799999999999859e+00,1.183276453408383500e+00
2.441600000000000215e+00,1.952061096867500289e+00
2.442400000000000126e+00,1.701445698826832054e+00
2.443200000000000038e+00,6.729769608636037015e-01
2.443999999999999950e+00,1.118100568974021769e+00
2.444799999999999862e+00,1.313953785121383111e-01
2.445599999999999774e+00,5.870416804473216343e-01
2.446400000000000130e+00,1.099291907120290235e+00
2.447200000000000042e+00,1.250009417059879002e+00
2.447999999999999954e+00,6.991947391574236947e-01
2.448800000000000310e+00,1.212349371317667235e-01
2.449599999999999778e+00,6.292955237319578510e-01
2.450399999999999689e+00,8.990885131214243486e-01
2.451200000000000045e+00,1.631360872617059199e+00
2.451999999999999957e+00,4.159710165625210010e-01
2.452799999999999869e+00,1.172395321801819934e+00
2.453600000000000225e+00,4.776167502943661214e-01
2.454400000000000137e+00,1.418394133983340799e+00
2.455199999999999605e+00,3.257990424692217002e-01
2.455999999999999961e+00,4.900579328908047927e-01
2.456799999999999873e+00,1.202621057785784986e+00
2.457599999999999785e+00,8.369683722694991612e-01
2.458400000000000141e+00,7.147564902242525831e-02
2.459200000000000053e+00,3.594623169763282444e-01
2.459999999999999964e+00,1.468878453525639949e-01
2.460799999999999876e+00,2.400737880195513985e-01
2.461599999999999788e+00,1.930040761872908739e+00
2.462399999999999700e+00,2.064231056665218222e+00
2.463200000000000056e+00,8.531192514037293576e-03
2.463999999999999968e+00,6.065882818871423110e-01
2.464799999999999880e+00,9.263316072240983523e-01
2.465600000000000236e+00,2.353285825816341104e-01
2.466399999999999704e+00,2.720135134357611340e-01
2.467200000000000060e+00,1.270414492440038234e+00
2.467999999999999972e+00,1.365394125306198747e+00
2.468799999999999883e+00,3.324146300700044354e-01
2.469600000000000239e+00,6.996605884279009091e-01
2.470400000000000151e+00,8.570907905005754612e-01
2.471200000000000063e+00,2.101896222429771033e+00
2.471999999999999975e+00,6.572569538251114007e-01
2.472799999999999887e+00,8.390710949905425542e-01
2.473599999999999799e+00,3.744993818977933597e-01
2.474400000000000155e+00,1.616528000664687825e+00
2.475200000000000067e+00,1.765896876170948593e+00
2.475999999999999979e+00,1.151415643081954210e+00
2.476800000000000335e+00,7.434696598673498080e-01
2.477599999999999802e+00,2.887381565367819203e-01
2.478399999999999714e+00,3.415363121242093736e-01
2.479200000000000070e+00,9.122504054638844728e-01
2.479999999999999982e+00,1.252623810785063796e+00
2.480799999999999894e+00,1.079360497448411227e+00
2.481600000000000250e+00,1.724810302689560482e+00
2.482400000000000162e+00,1.408415446312606178e+00
2.483199999999999630e+00,5.788655432253239086e-01
2.483999999999999986e+00,1.115012520920468431e+00
2.484799999999999898e+00,3.911900775822664267e-01
2.485599999999999810e+00,2.779525780894752662e-01
2.486400000000000166e+00,6.137367232547067536e-02
2.487200000000000077e+00,7.623646075355210439e-01
2.487999999999999989e+00,9.468060906001171118e-01
2.488800000000000345e+00,4.096047461443635962e-01
2.489599999999999813e+00,3.587374386181157310e-02
2.490399999999999725e+00,6.556296371514387378e-01
2.491200000000000081e+00,1.762163557544335957e+00
2.491999999999999993e+00,1.063205216515993534e+00
2.492799999999999905e+00,1.654022311034055726e-01
2.493600000000000261e+00,3.036642782594324297e-01
2.494400000000000173e+00,5.374765647914129252e-01
2.495199999999999640e+00,1.151526187517682293e-01
2.495999999999999996e+00,4.438454571765140799e-02
2.496799999999999908e+00,1.505835906018190506e+00
2.497599999999999820e+00,7.686421564124810146e-01
2.498400000000000176e+00,3.351061220629533710e-01
2.499200000000000088e+00,7.572855257172943499e-01
2.500000000000000000e+00,7.856589786813097387e-01
2.500799999999999912e+00,7.098172990185163123e-01
2.501599999999999824e+00,2.259001607907193510e+00
2.502400000000000180e+00,2.392240130353114225e+00
2.503200000000000092e+00,7.831918478696818786e-01
2.504000000000000004e+00,1.059792556211513359e+00
2.504800000000000360e+00,2.450804965325796836e-01
2.505600000000000271e+00,6.997020735429970717e-01
2.506399999999999739e+00,1.801184220905819089e+00
2.507200000000000095e+00,2.493287527565622330e+00
2.508000000000000007e+00,2.304612694166607856e+00
2.508799999999999919e+00,3.674105216057320100e-01
2.509600000000000275e+00,7.084494815155096825e-01
2.510400000000000187e+00,1.260142487141784340e+00
2.511200000000000099e+00,1.322011871863979060e+00
2.512000000000000011e+00,7.220664170961215156e-01
2.512799999999999923e+00,6.073778105097713542e-01
2.513599999999999834e+00,5.452559587202274877e-02
2.514400000000000190e+00,1.627588556824126842e+00
2.515200000000000102e+00,1.054541971286933943e+00
2.516000000000000014e+00,5.529240686723798648e-01
2.516800000000000370e+00,4.042695198098178455e-01
2.517599999999999838e+00,5.208892283474901852e-01
2.518399999999999750e+00,5.978183677524634421e-01
2.519200000000000106e+00,1.087038475171124174e+00
2.520000000000000018e+00,1.615440939093664152e+00
2.520799999999999930e+00,1.115126521865750009e+00
2.521600000000000286e+00,1.489644268904926072e+00
2.522400000000000198e+00,1.788401686940308766e+00
2.523199999999999665e+00,4.104086638196284276e-01
2.524000000000000021e+00,8.359424914191175837e-01
2.524799999999999933e+00,3.797703739833855341e-01
2.525599999999999845e+00,3.339571477686324452e-01
2.526400000000000201e+00,1.544607195063670280e-01
2.527200000000000113e+00,8.411284601906787728e-01
2.528000000000000025e+00,1.018603072875369442e+00
2.528799999999999937e+00,8.021253854875548539e-01
2.529599999999999849e+00,7.973437271633895262e-01
2.530399999999999761e+00,1.559872937854706487e+00
2.531200000000000117e+00,2.677127226564858464e+00
2.532000000000000028e+00,1.635813750589208748e+00
2.532799999999999940e+00,6.267259615359470626e-01
2.533600000000000296e+00,2.779193733085791873e-01
2.534399999999999764e+00,2.798300751913217477e-01
2.535199999999999676e+00,7.669871237780769846e-01
2.536000000000000032e+00,1.149485475345351171e+00
2.536799999999999944e+00,7.533792491771610367e-01
2.537599999999999856e+00,8.760711769107238922e-01
2.538400000000000212e+00,6.719772321203812404e-02
2.539200000000000124e+00,4.414428202755534825e-01
2.540000000000000036e+00,1.302746136041155189e+00
2.540799999999999947e+00,1.258789642320899071e+00
2.541599999999999859e+00,2.132183306850306881e+00
2.542400000000000215e+00,8.904014075014687890e-01
2.543200000000000127e+00,9.047068867749826770e-01
2.544000000000000039e+00,1.623396828836112471e+00
2.544800000000000395e+00,9.852760132673804572e-01
2.545599999999999863e+00,3.542505842606152311e-01
2.546399999999999775e+00,1.214821364801148329e+00
2.547200000000000131e+00,1.549845503587933715e+00
2.548000000000000043e+00,1.228063126581338649e+00
2.548799999999999955e+00,3.517599279684971991e-01
2.549600000000000311e+00,3.933323643204640341e-01
2.550400000000000222e+00,6.999862334041836442e-01
2.551199999999999690e+00,1.432001707149822112e+00
2.552000000000000046e+00,7.700618000625509829e-01
2.552799999999999958e+00,3.338609266256841734e-01
2.553599999999999870e+00,5.083933491242002001e-01
2.554400000000000226e+00,1.074099167045842185e+00
2.555200000000000138e+00,1.965557775703407895e-01
2.556000000000000050e+00,2.833024781293846939e-01
2.556799999999999962e+00,3.722931979630429433e-01
2.557599999999999874e+00,7.777466559991902395e-01
2.558399999999999785e+00,2.278384132327236355e-01
2.559200000000000141e+00,8.192509005681495315e-01
2.560000000000000053e+00,7.493474273873170777e-01
2.560799999999999965e+00,8.655591624572734899e-01
2.561600000000000321e+00,1.769067573181541508e+00
2.562399999999999789e+00,1.861064605321538279e+00
2.563199999999999701e+00,2.924508317847284156e-01
2.564000000000000057e+00,9.510842482505190709e-01
2.564799999999999969e+00,9.614933512928458548e-01
2.565599999999999881e+00,1.880239819026833792e-01
2.566400000000000237e+00,2.104138299452882332e-01
2.567200000000000149e+00,1.446485135653551302e+00
2.567999999999999616e+00,1.891218861055019129e+00
2.568799999999999972e+00,9.230416223263314679e-01
2.569599999999999884e+00,7.821739054449045048e-01
2.570399999999999796e+00,1.682558209716818576e+00
2.571200000000000152e+00,1.879261561075829423e+00
2.572000000000000064e+00,8.018581657588920164e-01
2.572799999999999976e+00,7.388306409891276516e-01
2.573599999999999888e+00,5.232755629246979012e-01
2.574399999999999800e+00,1.518029639336070158e+00
2.575199999999999712e+00,1.501159287689132871e+00
2.576000000000000068e+00,3.899991113758438654e-01
2.576799999999999979e+00,5.212881254085981880e-02
2.577599999999999891e+00,1.273777578958645018e-01
2.578400000000000247e+00,4.203179624426111594e-01
2.579199999999999715e+00,5.510534902524366618e-01
2.580000000000000071e+00,1.936564919408319430e+00
2.580799999999999983e+00,2.169483580142960388e+00
2.581599999999999895e+00,1.893733550318469572e+00
2.582400000000000251e+00,1.537935976472206034e+00
2.583200000000000163e+00,1.188790792069274876e-01
2.584000000000000075e+00,1.090193593029635366e+00
2.584799999999999986e+00,6.469937570521475667e-01
2.585599999999999898e+00,2.485311023647617662e-02
2.586399999999999810e+00,2.226202428257353094e-01
2.587200000000000166e+00,8.218978621145712760e-01
2.588000000000000078e+00,8.707909302047451838e-01
2.588799999999999990e+00,1.184451895003856059e+00
2.589600000000000346e+00,2.754202159038026121e-01
2.590399999999999814e+00,3.812268442070127494e-01
2.591199999999999726e+00,1.288596218336371502e+00
2.592000000000000082e+00,1.770010761814714950e+00
2.592799999999999994e+00,2.538692500099115623e-01
2.593599999999999905e+00,1.041171399230416683e-01
2.594400000000000261e+00,1.161002919758550522e+00
2.595200000000000173e+00,1.305072390415935146e+00
2.595999999999999641e+00,9.380025141027308333e-01
2.596799999999999997e+00,5.220387727974512559e-01
2.597599999999999909e+00,5.845859896650837939e-01
2.598399999999999821e+00,2.052092922675709252e-01
2.599200000000000177e+00,2.093637395392049239e-01
2.600000000000000089e+00,6.223929524012753456e-01
2.600800000000000001e+00,1.487540712375252872e+00
2.601599999999999913e+00,3.261960907748902017e+00
2.602399999999999824e+00,3.006367788757721815e+00
2.603199999999999736e+00,1.530024870370297219e+00
2.604000000000000092e+00,8.423776701480211182e-01
2.604800000000000004e+00,4.643938052883359036e-01
2.605599999999999916e+00,6.670694676989806678e-03
2.606400000000000272e+00,8.412728429485100134e-01
2.607200000000000184e+00,8.208375881719489620e-01
2.607999999999999652e+00,1.059940951814333010e+00
2.608800000000000008e+00,2.891950216522323758e-01
2.609599999999999920e+00,2.414647748439745778e-01
2.610399999999999832e+00,6.169557609058294867e-01
2.611200000000000188e+00,3.030987435455457235e-01
2.612000000000000099e+00,2.324448703411837597e-02
2.612800000000000011e+00,1.776413386152360108e-01
2.613599999999999923e+00,1.226177640968972860e+00
2.614399999999999835e+00,2.132796225800160261e+00
2.615199999999999747e+00,2.388651424607981522e+00
2.616000000000000103e+00,1.043523791078899032e+00
2.616800000000000015e+00,1.552419152444866057e-01
2.617599999999999927e+00,4.917956691598865948e-01
2.618400000000000283e+00,4.447695452864719456e-01
2.619199999999999751e+00,1.283017407251220987e-01
2.620000000000000107e+00,4.954700048621590303e-01
2.620800000000000018e+00,1.113179326079152043e+00
2.621599999999999930e+00,1.618543274633252205e+00
2.622400000000000286e+00,1.736425181991897659e+00
2.623200000000000198e+00,7.015032820530113788e-01
2.624000000000000110e+00,1.495185576047141640e-01
2.624800000000000022e+00,6.998580759189479972e-01
2.625599999999999934e+00,6.661370980123160201e-01
2.626399999999999846e+00,8.612215445583366602e-01
2.627200000000000202e+00,1.323737463825729876e-01
2.628000000000000114e+00,6.950726813792830194e-01
2.628800000000000026e+00,5.315086169905814950e-01
2.629600000000000382e+00,1.150135920569351905e-01
2.630399999999999849e+00,6.721617829217113593e-01
2.631199999999999761e+00,1.649911390431895830e+00
2.632000000000000117e+00,5.731047875606437580e-01
2.632800000000000029e+00,1.906105347414729367e-01
2.633599999999999941e+00,5.319031056364046384e-01
2.634400000000000297e+00,7.300795020611763331e-01
2.635200000000000209e+00,1.777161252386218804e+00
2.635999999999999677e+00,1.599276878195901253e+00
2.636800000000000033e+00,1.074940509134931110e+00
2.637599999999999945e+00,5.702287931356297968e-02
2.638399999999999856e+00,8.238136470128427646e-01
2.639200000000000212e+00,1.188541995477704338e+00
2.640000000000000124e+00,2.933581286626392171e-01
2.640800000000000036e+00,1.368452105705419752e+00
2.641599999999999948e+00,2.347373715109855485e+00
2.642399999999999860e+00,1.862227540161881967e+00
2.643199999999999772e+00,7.648424990850035687e-01
2.644000000000000128e+00,4.853152835536190257e-01
2.644800000000000040e+00,6.224259471954238787e-01
2.645599999999999952e+00,4.559311246404572082e-01
2.646400000000000308e+00,6.443857488191157001e-01
2.647199999999999775e+00,7.181448088854838208e-01
2.647999999999999687e+00,5.319939348180428018e-01
2.648800000000000043e+00,2.986836116978435762e-01
2.649599999999999955e+00,7.669801793870932582e-02
2.650399999999999867e+00,3.542866098335455405e-01
2.651200000000000223e+00,4.002521895167696075e-01
2.652000000000000135e+00,1.619287425969462013e-01
2.652800000000000047e+00,1.345645039416943023e+00
2.653599999999999959e+00,1.034723185268651979e-01
2.654399999999999871e+00,9.616744572355258036e-01
2.655200000000000227e+00,9.554466541649095923e-01
2.656000000000000139e+00,9.393276890718096350e-01
2.656800000000000050e+00,1.086534849261933333e+00
2.657600000000000406e+00,6.588626081541635315e-01
2.658399999999999874e+00,4.168298230067653543e-01
2.659199999999999786e+00,4.694674332540764716e-01
2.660000000000000142e+00,6.912218681058386327e-01
2.660800000000000054e+00,3.587441232823914139e-01
2.661599999999999966e+00,1.398881944943975553e+00
2.662400000000000322e+00,1.913786024089463744e+00
2.663200000000000234e+00,1.278860053353991555e+00
2.663999999999999702e+00,6.605188560457000979e-02
2.664800000000000058e+00,1.647386363865242787e-01
2.665599999999999969e+00,9.209870415046807895e-03
2.666399999999999881e+00,6.726798149126811399e-01
2.667200000000000237e+00,9.128911707489525407e-01
2.668000000000000149e+00,6.450144016436338834e-01
2.668800000000000061e+00,2.698126765839372609e-01
2.669599999999999973e+00,1.349212414465617016e+00
2.670399999999999885e+00,1.523854628330701511e+00
2.671199999999999797e+00,1.528288231395835028e+00
2.672000000000000153e+00,2.219505281456132795e-02
2.672800000000000065e+00,1.335387135676870507e+00
2.673599999999999977e+00,1.156755707451282866e+00
2.674400000000000333e+00,7.471764145622310505e-01
2.675199999999999800e+00,1.709914281161767580e+00
2.675999999999999712e+00,2.008997386439232535e+00
2.676800000000000068e+00,1.019663031006575515e+00
2.677599999999999980e+00,1.076027051026676729e+00
2.678399999999999892e+00,4.707056104523300588e-01
2.679200000000000248e+00,1.709451936688546336e-01
2.680000000000000160e+00,4.168580228300994284e-01
2.680799999999999628e+00,6.864116592589502019e-01
2.681599999999999984e+00,6.924282213058633451e-01
2.682399999999999896e+00,4.908335425637229688e-01
2.683199999999999807e+00,1.010434015947819647e-01
2.684000000000000163e+00,2.107128865810025953e-01
2.684800000000000075e+00,4.697869435121240222e-01
2.685599999999999987e+00,1.106056861782732881e+00
2.686399999999999899e+00,1.433244386048813546e+00
2.687199999999999811e+00,4.557555251340550950e-01
2.687999999999999723e+00,1.935459561529204453e-01
2.688800000000000079e+00,2.862739547476773616e-01
2.689599999999999991e+00,1.520125014544462028e+00
2.690399999999999903e+00,2.077435327298314149e+00
2.691200000000000259e+00,2.035726310768664060e+00
2.691999999999999726e+00,3.828654727485291676e-01
2.692800000000000082e+00,7.596418951983392454e-01
2.693599999999999994e+00,1.292162339354276490e+00
2.694399999999999906e+00,7.204306662947604911e-01
2.695200000000000262e+00,1.056632747187306459e-01
2.696000000000000174e+00,1.247825594623659384e+00
2.696800000000000086e+00,1.669655497129502120e+00
2.697599999999999998e+00,2.190091599214052387e+00
2.698399999999999910e+00,1.511370155770282997e+00
2.699199999999999822e+00,8.064082538761575547e-01
2.700000000000000178e+00,9.762974991021693416e-01
2.700800000000000090e+00,1.157976190509059311e+00
2.701600000000000001e+00,2.159827694309472523e+00
2.702400000000000357e+00,1.298865136870501313e+00
2.703199999999999825e+00,4.241420280179332702e-01
2.703999999999999737e+00,8.846049920479825968e-01
2.704800000000000093e+00,7.829923593966262585e-01
2.705600000000000005e+00,4.684783191118953027e-01
2.706399999999999917e+00,1.575617252336154017e+00
2.707200000000000273e+00,1.784293388441844153e+00
2.708000000000000185e+00,1.292363059766196809e+00
2.708799999999999653e+00,2.094832969692741742e-01
2.709600000000000009e+00,1.573352041498271792e+00
2.710399999999999920e+00,2.904883163924753653e+00
2.711199999999999832e+00,1.677745031013969657e+00
2.712000000000000188e+00,3.002323433123655350e-01
2.712800000000000100e+00,3.924788752167762129e-01
2.713600000000000012e+00,1.865753953133190424e-01
2.714399999999999924e+00,6.789076593871589127e-01
2.715199999999999836e+00,1.063738995169127843e+00
2.715999999999999748e+00,6.711106811905043212e-01
2.716800000000000104e+00,3.044646106799536178e-01
2.717600000000000016e+00,6.048647776478442983e-01
2.718399999999999928e+00,5.478073015186997186e-01
2.719200000000000284e+00,1.013889425163821301e+00
2.719999999999999751e+00,6.977567309998825573e-01
2.720799999999999663e+00,1.126367501046483310e+00
2.721600000000000019e+00,1.205748069938557876e+00
2.722399999999999931e+00,6.445306041731005964e-01
2.723199999999999843e+00,1.325824520921455862e-01
2.724000000000000199e+00,9.243330724003754328e-01
2.724800000000000111e+00,7.257004930506634199e-01
2.725599999999999579e+00,1.355228222283582640e-01
2.726399999999999935e+00,2.122395208445717052e-01
2.727199999999999847e+00,1.020687016177978190e+00
2.727999999999999758e+00,6.364087929704670410e-01
2.728800000000000114e+00,9.686110710522978229e-01
2.729600000000000026e+00,4.098555200811846433e-01
2.730399999999999938e+00,1.701623527038324868e+00
2.731200000000000294e+00,1.771697573921681146e+00
2.731999999999999762e+00,4.292362722408218367e-01
2.732800000000000118e+00,1.115625589308832044e+00
2.733600000000000030e+00,1.179677538280771154e+00
2.734399999999999942e+00,5.799291621074500330e-02
2.735200000000000298e+00,1.145183194335204879e+00
2.736000000000000210e+00,1.311243315965749279e+00
2.736800000000000122e+00,8.616716491668934275e-01
2.737600000000000033e+00,7.624406018207287028e-01
2.738399999999999945e+00,7.242044280013815172e-02
2.739199999999999857e+00,1.704341147076799401e-01
2.740000000000000213e+00,1.065568210294986912e-01
2.740800000000000125e+00,1.463280220119467900e+00
2.741600000000000037e+00,2.260810133303401859e+00
2.742400000000000393e+00,1.233345834157197896e+00
2.743199999999999861e+00,5.611230496793346428e-02
2.743999999999999773e+00,6.216009065471953532e-01
2.744800000000000129e+00,3.315199842472775216e-01
2.745600000000000041e+00,4.735659881096491164e-01
2.746399999999999952e+00,1.382419035934442597e+00
2.747200000000000308e+00,7.623970322543106581e-01
2.748000000000000220e+00,4.125776106606436344e-01
2.748799999999999688e+00,5.615279195047517824e-01
2.749600000000000044e+00,8.628941009809124041e-02
2.750399999999999956e+00,9.620619464221226158e-01
2.751199999999999868e+00,1.002115154708054900e+00
2.752000000000000224e+00,3.659209091440315809e-01
2.752800000000000136e+00,1.142260489586839345e+00
2.753600000000000048e+00,3.284148644271175366e-01
2.754399999999999959e+00,1.004138101354907109e+00
2.755199999999999871e+00,7.695377482616819753e-01
2.755999999999999783e+00,1.501899640203973263e+00
2.756800000000000139e+00,1.372387349280847824e+00
2.757600000000000051e+00,1.048699675108079710e+00
2.758399999999999963e+00,1.186876237472142215e+00
2.759200000000000319e+00,5.749772784209085906e-03
2.759999999999999787e+00,5.159533178235820028e-01
2.760799999999999699e+00,1.180931408561301660e-01
2.761600000000000055e+00,1.652858452450724602e+00
2.762399999999999967e+00,1.337907687538435253e+00
2.763199999999999878e+00,4.297360956964474954e-01
2.764000000000000234e+00,4.072534198886655910e-01
2.764800000000000146e+00,3.095798000258905280e-01
2.765599999999999614e+00,9.729063936548772162e-02
2.766399999999999970e+00,1.235566204516839850e+00
2.767199999999999882e+00,1.310832935246534658e+00
2.767999999999999794e+00,9.347514869942764593e-01
2.768800000000000150e+00,1.269720797657517275e-01
2.769600000000000062e+00,1.368344112108734523e+00
2.770399999999999974e+00,2.473090584648827139e+00
2.771199999999999886e+00,2.256037695036930746e+00
2.771999999999999797e+00,5.223714280248239333e-02
2.772800000000000153e+00,1.366110406310412362e+00
2.773600000000000065e+00,7.645999508606988737e-01
2.774399999999999977e+00,1.478217531537454887e-01
2.775200000000000333e+00,1.137240071505142280e+00
2.776000000000000245e+00,2.031980462225912998e+00
2.776799999999999713e+00,1.240270257396987041e+00
2.777600000000000069e+00,6.230212149104942254e-01
2.778399999999999981e+00,6.839048525547448687e-01
2.779199999999999893e+00,1.022276691713661645e+00
2.780000000000000249e+00,7.217376601564324812e-01
2.780800000000000161e+00,1.191907887624009676e+00
2.781600000000000072e+00,1.714921703147392451e+00
2.782399999999999984e+00,4.951769244654984081e-02
2.783199999999999896e+00,5.804795227140355784e-01
2.783999999999999808e+00,5.358780208676500179e-02
2.784800000000000164e+00,2.626779218026589202e-01
2.785600000000000076e+00,5.152128369078340375e-01
2.786399999999999988e+00,1.598696992827982610e+00
2.787200000000000344e+00,1.338511809765071892e+00
2.787999999999999812e+00,7.194832393850884023e-01
2.788799999999999724e+00,1.253348491734244119e-01
2.789600000000000080e+00,5.277226370612257966e-01
2.790399999999999991e+00,2.234375193059209064e+00
2.791199999999999903e+00,2.600475468568720583e+00
2.792000000000000259e+00,1.248750647988519313e+00
2.792800000000000171e+00,2.408544604493483357e-02
2.793599999999999639e+00,4.843766056153716582e-01
2.794399999999999995e+00,6.908847476381012598e-01
2.795199999999999907e+00,1.272867778288533196e-02
2.795999999999999819e+00,8.250637478925146873e-01
2.796800000000000175e+00,1.166237881100983476e+00
2.797600000000000087e+00,1.199608158676687353e+00
2.798399999999999999e+00,1.420130975352221547e+00
2.799199999999999910e+00,1.235175387845698358e+00
2.799999999999999822e+00,6.844554374450739775e-01
2.800799999999999734e+00,1.067062048399668672e+00
2.801600000000000090e+00,2.549991086160836584e+00
2.802400000000000002e+00,1.548086219547258668e+00
2.803199999999999914e+00,1.128000082600393028e-01
2.804000000000000270e+00,1.398130613777113673e+00
2.804799999999999738e+00,5.408483060257905928e-01
2.805599999999999650e+00,1.728863799012465008e-01
2.806400000000000006e+00,1.935652204369336937e+00
2.807199999999999918e+00,2.207786964043331412e+00
2.807999999999999829e+00,1.711647267228533220e+00
2.808800000000000185e+00,2.932456322378840241e-01
2.809600000000000097e+00,5.588401917013514630e-01
2.810400000000000009e+00,2.326894042836189502e+00
2.811199999999999921e+00,1.861149526021919742e+00
2.811999999999999833e+00,9.653319448415508264e-01
2.812800000000000189e+00,1.362945105132544188e-01
2.813600000000000101e+00,5.852110552955498424e-01
2.814400000000000013e+00,6.745155929815547236e-01
2.815200000000000369e+00,3.594418701195810084e-01
2.815999999999999837e+00,2.754111020235336937e-01
2.816799999999999748e+00,7.702848562523428866e-01
2.817600000000000104e+00,1.153717222308809076e-01
2.818400000000000016e+00,9.887442689651413374e-01
2.819199999999999928e+00,1.525098103499981095e+00
2.820000000000000284e+00,1.256770700858252265e+00
2.820800000000000196e+00,1.317568300377695456e+00
2.821599999999999664e+00,2.081033331482211590e+00
2.822400000000000020e+00,1.313444814384662873e+00
2.823199999999999932e+00,4.330921664269071214e-01
2.823999999999999844e+00,7.926644271129801300e-01
2.824800000000000200e+00,9.523896466390116000e-01
2.825600000000000112e+00,9.358037055824692807e-01
2.826400000000000023e+00,3.149225908980490818e-02
2.827199999999999935e+00,1.734705205034095643e+00
2.827999999999999847e+00,1.757922884999266744e+00
2.828799999999999759e+00,1.763503187844198461e+00
2.829600000000000115e+00,2.339257777105424041e-01
2.830400000000000027e+00,1.750788696583022164e+00
2.831199999999999939e+00,2.384746746537117712e+00
2.832000000000000295e+00,1.074089748971625680e+00
2.832799999999999763e+00,6.831284508471830996e-01
2.833599999999999675e+00,1.283596911037988286e-01
2.834400000000000031e+00,1.961076193258937672e-01
2.835199999999999942e+00,6.768903533909075010e-02
2.835999999999999854e+00,5.031310851806154449e-01
2.836800000000000210e+00,4.991614579465230017e-01
2.837600000000000122e+00,8.497881463104493827e-02
2.838399999999999590e+00,1.233575854429659890e-01
2.839199999999999946e+00,5.971149254199856760e-01
2.839999999999999858e+00,1.544683913043693346e+00
2.840799999999999770e+00,2.387016469930713036e+00
2.841600000000000126e+00,3.139508355964993225e+00
2.842400000000000038e+00,1.417559037488646867e+00
2.843199999999999950e+00,6.077766168784405343e-01
2.843999999999999861e+00,1.084313816357520555e+00
2.844799999999999773e+00,5.380922114315938032e-01
2.845600000000000129e+00,9.429127978115380004e-02
2.846400000000000041e+00,1.208912700701954446e+00
2.847199999999999953e+00,1.507836907732831300e+00
2.848000000000000309e+00,1.348411928399433801e+00
2.848800000000000221e+00,6.178100122737593125e-01
2.849600000000000133e+00,4.385665187389631847e-01
2.850400000000000045e+00,1.046893309331855537e+00
2.851199999999999957e+00,1.478782524248369645e+00
2.851999999999999869e+00,5.346813090295829962e-01
2.852800000000000225e+00,3.351690798524972204e-01
2.853600000000000136e+00,1.176571300631157113e+00
2.854400000000000048e+00,1.119180815332222467e+00
2.855200000000000404e+00,4.270172598518639506e-01
2.855999999999999872e+00,5.818475756953216393e-01
2.856799999999999784e+00,1.100953713197100337e+00
2.857600000000000140e+00,6.037067414198431514e-01
2.858400000000000052e+00,6.437622888421901113e-01
2.859199999999999964e+00,9.099169078037172564e-01
2.860000000000000320e+00,2.042405692837480635e-01
2.860800000000000232e+00,3.004412160899717632e-01
2.861599999999999699e+00,1.846853933501810374e+00
2.862400000000000055e+00,1.198735663451316658e+00
2.863199999999999967e+00,3.398170202621220715e-01
2.863999999999999879e+00,5.306753115753334304e-01
2.864800000000000235e+00,3.829555178239820723e-01
2.865600000000000147e+00,4.525730781028939331e-01
2.866400000000000059e+00,8.228907158303705449e-01
2.867199999999999971e+00,1.708316556490862448e+00
2.867999999999999883e+00,1.050821203886638910e+00
2.868799999999999795e+00,2.929741355055045723e-02
2.869600000000000151e+00,5.299824866689327729e-01
2.870400000000000063e+00,1.874918693649998858e+00
2.871199999999999974e+00,2.410104889592410427e+00
2.872000000000000330e+00,2.941460780637006889e-01
2.872799999999999798e+00,1.415144286484635305e+00
2.873599999999999710e+00,4.553473898766433603e-01
2.874400000000000066e+00,1.115895185449219840e+00
2.875199999999999978e+00,8.312867941367614311e-01
2.875999999999999890e+00,1.523332930358997528e+00
2.876800000000000246e+00,1.131806145182521650e+00
2.877600000000000158e+00,9.140503875691674551e-02
2.878399999999999626e+00,1.207782398611336322e-01
2.879199999999999982e+00,9.761352046753156708e-01
2.879999999999999893e+00,4.665718641215987339e-01
2.880799999999999805e+00,9.074010158471755849e-01
2.881600000000000161e+00,1.659628263472659571e+00
2.882400000000000073e+00,9.368505598046451555e-01
2.883199999999999985e+00,5.619205011505808978e-01
2.883999999999999897e+00,2.355629386480929677e-01
2.884799999999999809e+00,3.934894814645960026e-01
2.885600000000000165e+00,2.988951327523517443e-01
2.886400000000000077e+00,5.752119438574324617e-01
2.887199999999999989e+00,9.481309541702617194e-01
2.888000000000000345e+00,1.705057180389720484e-01
2.888800000000000257e+00,2.440959286492975500e-01
2.889599999999999724e+00,1.546152199028022756e-01
2.890400000000000080e+00,1.445603833842756369e+00
2.891199999999999992e+00,2.470218700952142576e+00
2.891999999999999904e+00,1.356328364488580851e+00
2.892800000000000260e+00,5.403135762875542758e-01
2.893600000000000172e+00,1.317901529780033387e-01
2.894400000000000084e+00,3.397608938525643607e-01
2.895199999999999996e+00,2.036893023592305785e-01
2.895999999999999908e+00,8.025552970356178983e-01
2.896799999999999820e+00,1.169919917401436305e+00
2.897600000000000176e+00,7.068002986588923786e-01
2.898400000000000087e+00,3.239408129856701235e-01
2.899199999999999999e+00,1.902915099229039730e-01
2.900000000000000355e+00,3.909022102814849742e-01
2.900799999999999823e+00,5.354714992655166261e-01
2.901599999999999735e+00,3.305070055973655663e+00
2.902400000000000091e+00,2.450699305618654567e+00
2.903200000000000003e+00,7.295293413647430114e-01
2.903999999999999915e+00,7.345993041803952073e-01
2.904800000000000271e+00,2.778892379948719737e-01
2.905600000000000183e+00,4.779015873074682341e-01
2.906399999999999650e+00,8.345491561184553708e-01
2.907200000000000006e+00,1.240599696632206594e+00
2.907999999999999918e+00,1.153846229052603034e+00
2.908799999999999830e+00,4.765606236841292698e-01
2.909600000000000186e+00,1.864211411322579670e-01
2.910400000000000098e+00,7.368249450106739706e-01
2.911200000000000010e+00,7.485970395761186724e-01
2.911999999999999922e+00,3.352450601583638612e-01
2.912799999999999834e+00,1.289314304163661440e+00
2.913599999999999746e+00,8.183540262281991939e-01
2.914400000000000102e+00,1.464762602686859649e+00
2.915200000000000014e+00,1.364448648857313540e+00
2.915999999999999925e+00,9.099377987994519135e-01
2.916800000000000281e+00,3.484006933374935722e-01
2.917599999999999749e+00,2.287086013385560557e-01
2.918399999999999661e+00,6.414271241321332084e-01
2.919200000000000017e+00,2.959675638539765452e-01
2.919999999999999929e+00,3.215591992050153003e-01
2.920799999999999841e+00,6.994583083724482675e-01
2.921600000000000197e+00,1.851928872887803168e+00
2.922400000000000109e+00,2.085148792902034032e+00
2.923200000000000021e+00,5.627454802100609887e-01
2.923999999999999932e+00,3.880272400253297338e-01
2.924799999999999844e+00,4.652000440356828248e-01
2.925600000000000200e+00,3.367737515068742749e-01
2.926400000000000112e+00,2.604646181414061457e-01
2.927200000000000024e+00,3.231660478153300375e-01
2.928000000000000380e+00,4.335996780958004115e-01
2.928799999999999848e+00,3.704974542394252612e-01
2.929599999999999760e+00,3.253968260792300393e-01
2.930400000000000116e+00,5.590545102457608051e-01
2.931200000000000028e+00,1.441676836063613187e+00
2.931999999999999940e+00,9.428654521365692487e-02
2.932800000000000296e+00,1.017112952423320005e+00
2.933600000000000207e+00,2.271885255683671057e-01
2.934399999999999675e+00,1.182474688325182655e+00
2.935200000000000031e+00,1.949690151018130591e+00
2.935999999999999943e+00,2.043718935249751123e+00
2.936799999999999855e+00,2.171100959369898664e+00
2.937600000000000211e+00,1.830891734472121779e-01
2.938400000000000123e+00,8.529051221871082333e-01
2.939200000000000035e+00,2.802226448455378827e-01
2.939999999999999947e+00,3.125649727770827280e-01
2.940799999999999859e+00,1.178685147782342568e+00
2.941599999999999770e+00,2.460478226345464314e+00
2.942400000000000126e+00,2.423764038862055603e+00
2.943200000000000038e+00,4.910889490328397278e-01
2.943999999999999950e+00,6.015094141837755704e-01
2.944800000000000306e+00,2.549005409766363361e-01
2.945599999999999774e+00,2.017285022585121879e-01
2.946399999999999686e+00,3.728771638457124005e-01
2.947200000000000042e+00,1.749868694791583135e-01
2.947999999999999954e+00,1.950555990509594273e-01
2.948799999999999866e+00,7.161413809427348287e-01
2.949600000000000222e+00,1.469793603008307525e-01
2.950400000000000134e+00,5.194455754685889382e-01
2.951199999999999601e+00,1.210611534870658312e+00
2.951999999999999957e+00,1.747522293424539838e-02
2.952799999999999869e+00,1.498307654953315193e+00
2.953599999999999781e+00,3.309508513660904261e-01
2.954400000000000137e+00,1.871617143962170715e+00
2.955200000000000049e+00,5.005732132078319907e-01
2.955999999999999961e+00,3.314664533807246682e-01
2.956799999999999873e+00,1.505611708043151253e+00
2.957599999999999785e+00,6.836715832870761123e-01
2.958399999999999697e+00,5.749249047451721051e-01
2.959200000000000053e+00,2.443277425800433056e-02
2.959999999999999964e+00,3.946021660000526010e-01
2.960799999999999876e+00,3.111241985247458763e-01
2.961600000000000232e+00,1.363044020105024901e+00
2.962399999999999700e+00,2.004734444923293779e+00
2.963200000000000056e+00,5.105788469651495465e-01
2.963999999999999968e+00,3.629579020320994331e-01
2.964799999999999880e+00,1.643865743415891811e-01
2.965600000000000236e+00,2.742853767696407097e-01
2.966400000000000148e+00,5.610294716582097108e-01
2.967200000000000060e+00,1.607756839239581348e+00
2.967999999999999972e+00,1.306557259479119715e+00
2.968799999999999883e+00,2.265681538901146708e-01
2.969599999999999795e+00,1.161293754620021712e+00
2.970400000000000151e+00,1.605334462806170093e+00
2.971200000000000063e+00,1.593129016365617323e+00
2.971999999999999975e+00,4.076259964082787901e-01
2.972800000000000331e+00,1.860394188608325949e+00
2.973600000000000243e+00,8.969475214808859675e-01
2.974399999999999711e+00,9.314291313345994805e-01
2.975200000000000067e+00,1.609957572760462030e+00
2.975999999999999979e+00,1.443167041550112772e+00
2.976799999999999891e+00,1.688237944834930282e+00
2.977600000000000247e+00,4.942500386095488585e-01
2.978400000000000158e+00,2.253306817822228192e-01
2.979200000000000070e+00,6.422252270531008111e-01
2.979999999999999982e+00,1.136780795866817684e+00
2.980799999999999894e+00,5.949210803764031219e-01
2.981599999999999806e+00,1.251571697950620621e+00
2.982400000000000162e+00,8.214420106731175064e-01
2.983200000000000074e+00,6.978513932633286787e-01
2.983999999999999986e+00,9.652231162282479682e-01
2.984800000000000342e+00,7.533729385912640852e-01
2.985599999999999810e+00,1.017878596364156785e+00
2.986399999999999721e+00,8.643694216466779601e-01
2.987200000000000077e+00,9.668837043635647444e-01
2.987999999999999989e+00,9.164164072707465802e-01
2.988799999999999901e+00,1.155183539249235447e-01
2.989600000000000257e+00,8.567819578948713266e-01
2.990400000000000169e+00,1.635290015579441203e+00
2.991199999999999637e+00,2.486943157428829654e+00
2.991999999999999993e+00,1.582900505554055925e+00
2.992799999999999905e+00,6.556723599753390141e-01
2.993599999999999817e+00,7.800925925459305521e-01
2.994400000000000173e+00,5.121795209982903385e-01
2.995200000000000085e+00,8.200707293800790776e-02
2.995999999999999996e+00,7.353371707947040092e-02
2.996799999999999908e+00,1.553151900434712074e+00
2.997599999999999820e+00,1.174413574996006071e+00
2.998400000000000176e+00,7.851935648084517050e-01
2.999200000000000088e+00,1.084103598132578838e+00
3.000000000000000000e+00,1.424725190744467129e+00
3.000800000000000356e+00,8.705790279104828056e-01
3.001600000000000268e+00,2.271421826761263585e+00
3.002399999999999736e+00,1.720289188824946081e+00
3.003200000000000092e+00,1.290499153353592554e-01
3.004000000000000004e+00,1.775753907060829029e+00
3.004799999999999915e+00,2.780165080925657839e-01
3.005600000000000271e+00,6.798251904923975353e-01
3.006400000000000183e+00,2.085305023455495732e+00
3.007200000000000095e+00,2.623176047980497749e+00
3.008000000000000007e+00,2.641783917039859819e+00
3.008799999999999919e+00,6.154129611072469697e-01
3.009599999999999831e+00,7.202971267252215037e-01
3.010400000000000187e+00,1.888703732701532578e+00
3.011200000000000099e+00,2.054250564439464188e+00
3.012000000000000011e+00,1.383188542675194199e+00
3.012800000000000367e+00,3.276161658630574181e-01
3.013599999999999834e+00,1.844564000904943546e-01
3.014399999999999746e+00,7.264806412061181051e-01
3.015200000000000102e+00,6.294755790117468885e-01
3.016000000000000014e+00,3.589229858699925502e-01
3.016799999999999926e+00,1.168146114307636874e-01
3.017600000000000282e+00,4.106909475999486192e-01
3.018400000000000194e+00,9.530594524172192328e-01
3.019199999999999662e+00,1.785803680048466013e+00
3.020000000000000018e+00,2.115000750153056774e+00
3.020799999999999930e+00,1.319758350396543989e+00
3.021599999999999842e+00,1.605227049965454622e+00
3.022400000000000198e+00,1.327727235472635492e+00
3.023200000000000109e+00,3.129617092292851788e-01
3.024000000000000021e+00,1.558440538275054799e+00
3.024799999999999933e+00,8.082702179366093587e-01
3.025599999999999845e+00,6.162193409107936254e-02
3.026399999999999757e+00,5.165036026794301849e-01
3.027200000000000113e+00,1.502521510205361288e+00
3.028000000000000025e+00,2.092002686564256031e+00
3.028799999999999937e+00,9.882547864622998057e-01
3.029600000000000293e+00,5.245981085751051376e-01
3.030399999999999761e+00,2.098405019512670666e+00
3.031199999999999672e+00,2.766635045758492950e+00
3.032000000000000028e+00,1.808132187280896863e+00
3.032799999999999940e+00,5.562583825075043675e-01
3.033599999999999852e+00,5.017331140013577828e-01
3.034400000000000208e+00,6.313021058944257025e-01
3.035200000000000120e+00,1.200371716213845641e+00
3.036000000000000032e+00,8.463462026256722837e-01
3.036799999999999944e+00,9.454732213905427951e-01
3.037599999999999856e+00,4.541330094019751518e-01
3.038400000000000212e+00,1.595091399071682861e-02
3.039200000000000124e+00,6.460368425579902929e-02
3.040000000000000036e+00,1.013281985446875089e+00
3.040800000000000392e+00,1.128568180614784255e+00
3.041599999999999859e+00,1.564137154258335105e+00
3.042399999999999771e+00,8.165303850983793854e-01
3.043200000000000127e+00,7.495424870039942844e-01
3.044000000000000039e+00,1.792355364679705021e+00
3.044799999999999951e+00,4.467552289408092681e-01
3.045600000000000307e+00,5.028720332313739716e-01
3.046400000000000219e+00,1.106432187104533726e+00
3.047199999999999687e+00,9.504197918908474652e-01
3.048000000000000043e+00,1.217983699796173713e+00
3.048799999999999955e+00,3.295803244202206717e-01
3.049599999999999866e+00,1.843824152855643161e-01
3.050400000000000222e+00,8.549919996453976268e-01
3.051200000000000134e+00,1.459868435464950043e+00
3.052000000000000046e+00,9.130444362721387153e-01
3.052799999999999958e+00,1.074387939647021950e+00
3.053599999999999870e+00,5.142337718089694532e-01
3.054399999999999782e+00,1.192873429018946885e+00
3.055200000000000138e+00,5.522290332022186110e-01
3.056000000000000050e+00,3.884037655088595775e-01
3.056799999999999962e+00,5.725219387374028690e-01
3.057600000000000318e+00,6.026735456277723113e-01
3.058399999999999785e+00,5.272103591698743541e-01
3.059199999999999697e+00,2.874349953450920300e-02
3.060000000000000053e+00,4.168073093733946632e-01
3.060799999999999965e+00,1.786903481702164787e-01
3.061599999999999877e+00,1.481980698012319353e+00
3.062400000000000233e+00,1.776901460017534129e+00
3.063200000000000145e+00,4.718590585935564796e-01
3.063999999999999613e+00,3.683540304973910717e-01
3.064799999999999969e+00,2.673319802037226189e-01
3.065599999999999881e+00,1.825023569957850977e-01
3.066399999999999793e+00,1.160981298934271821e+00
3.067200000000000149e+00,1.318399592842150581e+00
3.068000000000000060e+00,1.590372266395710277e+00
3.068799999999999972e+00,1.387539752565062900e-01
3.069599999999999884e+00,1.325598031579068303e+00
3.070399999999999796e+00,2.022180242511339987e+00
3.071199999999999708e+00,1.624438052375953401e+00
3.072000000000000064e+00,4.828451407624971270e-01
3.072799999999999976e+00,1.244830980873226522e+00
3.073599999999999888e+00,7.497331216267635323e-01
3.074400000000000244e+00,9.249952026050449749e-01
3.075199999999999712e+00,1.832643692465866669e+00
3.076000000000000068e+00,1.556192862456796222e+00
3.076799999999999979e+00,1.258303541168596995e+00
3.077599999999999891e+00,4.399063468237230934e-01
3.078400000000000247e+00,1.824261863433417341e-01
3.079200000000000159e+00,1.752109857359959166e-01
3.080000000000000071e+00,1.061960210654083525e+00
3.080799999999999983e+00,8.070594051692602244e-01
3.081599999999999895e+00,1.437075279391187399e+00
3.082399999999999807e+00,1.100573638444269031e+00
3.083200000000000163e+00,2.819805857172017483e-01
3.084000000000000075e+00,5.985312728110905311e-01
3.084799999999999986e+00,2.987867806524504011e-01
3.085600000000000342e+00,1.263622994464419058e+00
3.086399999999999810e+00,9.616293741982930854e-01
3.087199999999999722e+00,6.605144073167271701e-01
3.088000000000000078e+00,5.605802237386611209e-01
3.088799999999999990e+00,1.836172103607068007e-01
3.089599999999999902e+00,2.904087258753864642e-01
3.090400000000000258e+00,8.763895488103048415e-01
3.091200000000000170e+00,1.505234713986201234e+00
3.092000000000000082e+00,1.234101525473891403e+00
3.092799999999999994e+00,4.212951887029727782e-01
3.093599999999999905e+00,5.472510609188214747e-01
3.094399999999999817e+00,2.717600927990491688e-01
3.095200000000000173e+00,5.372088506036256650e-01
3.096000000000000085e+00,3.243532496895282224e-01
3.096799999999999997e+00,1.255855989643391402e+00
3.097600000000000353e+00,1.122345122599463396e+00
3.098399999999999821e+00,4.658329485696052763e-01
3.099199999999999733e+00,1.327342415485352201e-01
3.100000000000000089e+00,6.256104525806122085e-01
3.100800000000000001e+00,1.475601888486192559e+00
3.101599999999999913e+00,2.983411679808032346e+00
3.102400000000000269e+00,2.637972182739309002e+00
3.103200000000000180e+00,1.380299702834083098e+00
3.103999999999999648e+00,1.053036139831749374e+00
3.104800000000000004e+00,3.257375006001332531e-03
3.105599999999999916e+00,4.518571710271427899e-01
3.106399999999999828e+00,1.207340842047335494e+00
3.107200000000000184e+00,1.267140492710617128e+00
3.108000000000000096e+00,1.232604948458588590e+00
3.108800000000000008e+00,1.249699547858249132e-01
3.109599999999999920e+00,1.137537797934301320e+00
3.110399999999999832e+00,1.735149124952583666e+00
3.111199999999999743e+00,1.019445607864780667e+00
3.112000000000000099e+00,7.450035506268311014e-01
3.112800000000000011e+00,2.202586732818938575e-01
3.113599999999999923e+00,8.288054001823713657e-01
3.114400000000000279e+00,1.605084472667458906e+00
3.115199999999999747e+00,1.967878959984048048e+00
3.116000000000000103e+00,3.221305499564810493e-01
3.116800000000000015e+00,1.935625388552912052e-01
3.117599999999999927e+00,1.441014596188117669e-01
3.118400000000000283e+00,6.700399534243936528e-02
3.119200000000000195e+00,5.454774469650478519e-01
3.120000000000000107e+00,8.342301363868803721e-01
3.120800000000000018e+00,1.360580877501029740e+00
3.121599999999999930e+00,1.683675611183954590e+00
3.122399999999999842e+00,1.613975718093161982e+00
3.123200000000000198e+00,5.757388990155268838e-01
3.124000000000000110e+00,4.446399268891595424e-01
3.124800000000000022e+00,5.123500939046808922e-01
3.125600000000000378e+00,5.783018286021711640e-01
3.126399999999999846e+00,9.206110215808710473e-02
3.127199999999999758e+00,4.519671851393994300e-02
3.128000000000000114e+00,1.466800202455172286e+00
3.128800000000000026e+00,1.187936626731034950e+00
3.129599999999999937e+00,3.291416100848219006e-01
3.130400000000000293e+00,1.577917535662637150e+00
3.131200000000000205e+00,1.906791937931268555e+00
3.131999999999999673e+00,9.535681841045704488e-01
3.132800000000000029e+00,2.497650911186260758e-01
3.133599999999999941e+00,4.240931125137252233e-01
3.134399999999999853e+00,4.926820508534755505e-01
3.135200000000000209e+00,1.516753360034849285e+00
3.136000000000000121e+00,8.706381914878463801e-01
3.136800000000000033e+00,9.073525999783973450e-01
3.137599999999999945e+00,9.339713521538559049e-02
3.138399999999999856e+00,4.365798937746845354e-01
3.139199999999999768e+00,6.116399444710142186e-01
3.140000000000000124e+00,7.091637605220240115e-01
3.140800000000000036e+00,1.563093340868768610e+00
3.141599999999999948e+00,2.190931582838183900e+00
3.142400000000000304e+00,1.703970657082982454e+00
3.143199999999999772e+00,2.114727263630055698e-01
3.143999999999999684e+00,1.284051869353315167e+00
3.144800000000000040e+00,1.030225266253188998e+00
3.145599999999999952e+00,3.831238791934211130e-01
3.146399999999999864e+00,1.492728704515446037e+00
3.147200000000000220e+00,6.171165680643524443e-01
3.148000000000000131e+00,7.777424953301527166e-01
3.148799999999999599e+00,5.572519779425580966e-01
3.149599999999999955e+00,8.197985606750406162e-02
3.150399999999999867e+00,2.640980153435227851e-01
3.151199999999999779e+00,8.447178736960385681e-01
3.152000000000000135e+00,4.028426583960698082e-01
3.152800000000000047e+00,3.753327407919648806e-01
3.153600000000000403e+00,7.732221085163212271e-01
3.154399999999999871e+00,1.560210509840704862e+00
3.155199999999999783e+00,1.053251213165513622e+00
3.156000000000000139e+00,2.447814158378557869e-01
3.156800000000000050e+00,3.704908649934104403e-01
3.157599999999999962e+00,2.772351489453325768e-01
3.158400000000000318e+00,1.741189484850424185e-01
3.159200000000000230e+00,3.289517890150737700e-01
3.159999999999999698e+00,2.936165066297384552e-02
3.160800000000000054e+00,1.000476163123944051e+00
3.161599999999999966e+00,2.251595826123240052e+00
3.162399999999999878e+00,2.202252634432093181e+00
3.163200000000000234e+00,9.340548583825027951e-01
3.164000000000000146e+00,2.553602378579761800e-01
3.164800000000000058e+00,8.762197959878058606e-01
3.165599999999999969e+00,5.025134882275043499e-03
3.166399999999999881e+00,6.370335823127442065e-01
3.167199999999999793e+00,8.243017016828682042e-01
3.168000000000000149e+00,1.055521951859314633e+00
3.168800000000000061e+00,1.012879137150661801e+00
3.169599999999999973e+00,3.735726104168339279e-01
3.170400000000000329e+00,1.968559528224627764e+00
3.171199999999999797e+00,1.759412984001555991e+00
3.171999999999999709e+00,4.033381212969519569e-01
3.172800000000000065e+00,7.526491500146827995e-01
3.173599999999999977e+00,5.311327259288990410e-01
3.174399999999999888e+00,7.887932795280234721e-01
3.175200000000000244e+00,1.959601583938841651e+00
3.176000000000000156e+00,1.391612879151641113e+00
3.176799999999999624e+00,3.921068120131310231e-01
3.177599999999999980e+00,1.340751381929107255e-01
3.178399999999999892e+00,1.612240266253598397e-01
3.179199999999999804e+00,5.540080682864003681e-01
3.180000000000000160e+00,1.000535399822184424e+00
3.180800000000000072e+00,1.645253922447091455e+00
3.181599999999999984e+00,1.234872325956169803e+00
3.182399999999999896e+00,1.138310307022782242e+00
3.183199999999999807e+00,1.408140288069293644e-01
3.183999999999999719e+00,2.094351884002160769e-01
3.184800000000000075e+00,3.809240196846190862e-01
3.185599999999999987e+00,3.657759333659765244e-01
3.186399999999999899e+00,4.782800546605492364e-01
3.187200000000000255e+00,4.312076498574191064e-01
3.187999999999999723e+00,5.816825136287574471e-01
3.188800000000000079e+00,9.547627869485528773e-01
3.189599999999999991e+00,2.742865716770701012e-01
3.190399999999999903e+00,7.516446742451261542e-01
3.191200000000000259e+00,1.366731759205197294e+00
3.192000000000000171e+00,5.441963362280091143e-01
3.192800000000000082e+00,2.202334147749718807e-01
3.193599999999999994e+00,3.793935843969704069e-01
3.194399999999999906e+00,6.350400227743476789e-01
3.195199999999999818e+00,1.081727142161942101e+00
3.196000000000000174e+00,1.471354867966963686e+00
3.196800000000000086e+00,1.663984971707992422e+00
3.197599999999999998e+00,1.260362169281169509e+00
3.198400000000000354e+00,8.728532861079418836e-01
3.199199999999999822e+00,3.477001882889683149e-01
3.199999999999999734e+00,4.561106239304536514e-01
3.200800000000000090e+00,1.463932753356077532e+00
3.201600000000000001e+00,2.596920678897813417e+00
3.202399999999999913e+00,2.460287976221241735e+00
3.203200000000000269e+00,1.103726591907947974e+00
3.204000000000000181e+00,1.190412953671212137e-01
3.204799999999999649e+00,1.066836646217075510e-02
3.205600000000000005e+00,5.505350973245491941e-01
3.206399999999999917e+00,1.602786531572345519e+00
3.207199999999999829e+00,1.302675416499934569e+00
3.208000000000000185e+00,2.993044763962967036e-01
3.208800000000000097e+00,1.088102650334685340e+00
3.209600000000000009e+00,1.516307045674934351e+00
3.210399999999999920e+00,2.250279799502962863e+00
3.211199999999999832e+00,5.768630217980312835e-01
3.211999999999999744e+00,1.041741251706155419e-01
3.212800000000000100e+00,1.051603568636132247e+00
3.213600000000000012e+00,5.166408252278239521e-01
3.214399999999999924e+00,4.806103911185700683e-01
3.215200000000000280e+00,1.262606930875589173e+00
3.216000000000000192e+00,1.497526849105251356e+00
3.216799999999999660e+00,7.267325231588867007e-01
3.217600000000000016e+00,1.073383764152942677e+00
3.218399999999999928e+00,9.907269745978649622e-01
3.219199999999999839e+00,5.212861019819060582e-01
3.220000000000000195e+00,3.263412232164967786e-01
3.220800000000000107e+00,3.451147300757876901e-01
3.221600000000000019e+00,6.871392948317547322e-01
3.222399999999999931e+00,6.507305224194082083e-01
3.223199999999999843e+00,6.400286737315081798e-01
3.223999999999999755e+00,5.846441863403412098e-01
3.224800000000000111e+00,2.494555557485771680e-01
3.225600000000000023e+00,7.078658772895209950e-01
3.226399999999999935e+00,6.625652129464469908e-01
3.227200000000000291e+00,7.754620709241027976e-01
3.227999999999999758e+00,1.544836212676459486e-01
3.228800000000000114e+00,3.127113428631848602e-01
3.229600000000000026e+00,1.362010783054526941e+00
3.230399999999999938e+00,2.403981750344949209e+00
3.231200000000000294e+00,1.731996967288020883e+00
3.232000000000000206e+00,1.736160667413047531e-01
3.232800000000000118e+00,1.880251300889490995e+00
3.233600000000000030e+00,2.038943478080416760e+00
3.234399999999999942e+00,1.116713739425612806e+00
3.235199999999999854e+00,1.103591008475927060e+00
3.236000000000000210e+00,1.917863004825637985e+00
3.236800000000000122e+00,1.893327207200615758e+00
3.237600000000000033e+00,1.477204167102732724e+00
3.238400000000000389e+00,6.529082171523611366e-01
3.239199999999999857e+00,1.449148634540544656e-01
3.239999999999999769e+00,1.811672671635595200e-01
3.240800000000000125e+00,5.889919308745863447e-01
3.241600000000000037e+00,1.088356131830178208e+00
3.242399999999999949e+00,3.648290385664794411e-02
3.243200000000000305e+00,5.483776539741227474e-01
3.244000000000000217e+00,6.594912067717118020e-01
3.244799999999999685e+00,4.609025180352376849e-01
3.245600000000000041e+00,1.893411929187421849e+00
3.246399999999999952e+00,2.816475348797673472e+00
3.247199999999999864e+00,2.025528061699167992e+00
3.248000000000000220e+00,6.053296398330547667e-01
3.248800000000000132e+00,1.410323509054462188e-01
3.249600000000000044e+00,4.262329808256013486e-01
3.250399999999999956e+00,1.569467268138240890e+00
3.251199999999999868e+00,1.877729770887092808e+00
3.251999999999999780e+00,1.096348681016196397e-01
3.252800000000000136e+00,1.007859267517588142e+00
3.253600000000000048e+00,3.460827144922424270e-01
3.254399999999999959e+00,2.644996061360085915e-01
3.255200000000000315e+00,1.043460505746138522e-01
3.255999999999999783e+00,7.279735519687026146e-01
3.256799999999999695e+00,1.877465765133858211e+00
3.257600000000000051e+00,1.843954973960514110e+00
3.258399999999999963e+00,2.018091675335885959e+00
3.259199999999999875e+00,1.105115865563564670e+00
3.260000000000000231e+00,4.492371740400848135e-02
3.260800000000000143e+00,6.305141018455335811e-01
3.261599999999999611e+00,1.434798918801802214e+00
3.262399999999999967e+00,9.935509247448320869e-01
3.263199999999999878e+00,3.456994779484410252e-01
3.263999999999999790e+00,4.628758149094776564e-01
3.264800000000000146e+00,8.800402187157881917e-01
3.265600000000000058e+00,4.590565298679427642e-02
3.266399999999999970e+00,1.695394701013336780e+00
3.267199999999999882e+00,2.367839874603618444e+00
3.267999999999999794e+00,1.642198906851719098e+00
3.268800000000000150e+00,3.907731426042048151e-01
3.269600000000000062e+00,1.460382231766080396e+00
3.270399999999999974e+00,2.739637669609717108e+00
3.271200000000000330e+00,2.470962529676020036e+00
3.272000000000000242e+00,4.039305763681768080e-01
3.272799999999999709e+00,6.578052275382152425e-01
3.273600000000000065e+00,3.122926601959197246e-01
3.274399999999999977e+00,2.044906687561216518e-01
3.275199999999999889e+00,8.276900559805395741e-01
3.276000000000000245e+00,1.277355712875284821e+00
3.276800000000000157e+00,4.580933015778088091e-01
3.277600000000000069e+00,1.887875596401618061e-01
3.278399999999999981e+00,3.008656201277327691e-01
3.279199999999999893e+00,1.119172459742614034e+00
3.279999999999999805e+00,1.448539759036169716e+00
3.280800000000000161e+00,1.825345316771219473e+00
3.281600000000000072e+00,2.140427237679706884e+00
3.282399999999999984e+00,6.550905918827586438e-01
3.283200000000000340e+00,1.055116890452450606e+00
3.283999999999999808e+00,6.727119604969383770e-01
3.284799999999999720e+00,6.637879493405621778e-01
3.285600000000000076e+00,1.524275949700227006e-01
3.286399999999999988e+00,6.339790967070415562e-01
3.287199999999999900e+00,1.176152738325684677e+00
3.288000000000000256e+00,5.306381583394695900e-01
3.288800000000000168e+00,1.295701300356719488e+00
3.289599999999999635e+00,3.969325520155267961e-01
3.290399999999999991e+00,7.607286219256594872e-01
3.291199999999999903e+00,2.144151381732751549e+00
3.291999999999999815e+00,9.702258130870645703e-01
3.292800000000000171e+00,4.434256329980587052e-01
3.293600000000000083e+00,7.820561247064536925e-01
3.294399999999999995e+00,6.074449076555703542e-01
3.295199999999999907e+00,7.063681931935922309e-01
3.295999999999999819e+00,9.944280467302253346e-01
3.296799999999999731e+00,3.250020769064068116e-01
3.297600000000000087e+00,1.658960359082410907e-01
3.298399999999999999e+00,8.884309136262751039e-02
3.299199999999999910e+00,2.524486685300393329e-01
3.300000000000000266e+00,4.589071790402968198e-01
3.300799999999999734e+00,1.540361107373120930e+00
3.301599999999999646e+00,3.494117578666101842e+00
3.302400000000000002e+00,2.790607810237304864e+00
3.303199999999999914e+00,7.753973960571682866e-01
3.303999999999999826e+00,4.920115029048031663e-01
3.304800000000000182e+00,8.109858750188490006e-01
3.305600000000000094e+00,5.766511044091020555e-01
3.306400000000000006e+00,6.318813192555763347e-01
3.307199999999999918e+00,1.171658618023043275e+00
3.307999999999999829e+00,6.918255523911392979e-01
3.308800000000000185e+00,2.844130879093715314e-01
3.309600000000000097e+00,4.220720921413156357e-01
3.310400000000000009e+00,1.180061268903033866e+00
3.311200000000000365e+00,1.273491824003981865e+00
3.311999999999999833e+00,2.397060183944924039e-02
3.312799999999999745e+00,4.876796911941105872e-01
3.313600000000000101e+00,6.581926545117803284e-01
3.314400000000000013e+00,1.332351961935454021e+00
3.315199999999999925e+00,1.021302627532302942e+00
3.316000000000000281e+00,9.082083520942204613e-01
3.316800000000000193e+00,6.888678984173605968e-02
3.317599999999999660e+00,2.513307156307572066e-01
3.318400000000000016e+00,5.960457475238014474e-02
3.319199999999999928e+00,8.910752209057715145e-01
3.319999999999999840e+00,5.818663564260118798e-02
3.320800000000000196e+00,9.605252117004707824e-01
3.321600000000000108e+00,1.587774861184851893e+00
3.322400000000000020e+00,1.499873975082492095e+00
3.323199999999999932e+00,2.764592212422760653e-01
3.323999999999999844e+00,6.281827284732405259e-02
3.324799999999999756e+00,5.416825745430025041e-01
3.325600000000000112e+00,1.612421568570879260e-01
3.326400000000000023e+00,3.327434774099863879e-01
3.327199999999999935e+00,1.475078955473522857e+00
3.328000000000000291e+00,8.197298487005271195e-01
3.328799999999999759e+00,9.394281727605972021e-01
3.329599999999999671e+00,1.465306322456359223e-01
3.330400000000000027e+00,1.731457510704595304e+00
3.331199999999999939e+00,2.257837212176455388e+00
3.331999999999999851e+00,3.525649002044217717e-01
3.332800000000000207e+00,9.453287805139040101e-01
3.333600000000000119e+00,6.468176637759230907e-01
3.334400000000000031e+00,2.653410863104651574e-01
3.335199999999999942e+00,7.528634261711735221e-01
3.335999999999999854e+00,1.569260881810978780e+00
3.336799999999999766e+00,1.257865551893486922e+00
3.337600000000000122e+00,6.423274286752943540e-01
3.338400000000000034e+00,1.383058061442776210e-01
3.339199999999999946e+00,8.233241371750291693e-01
3.340000000000000302e+00,1.020435168469399301e+00
3.340799999999999770e+00,1.837513645442139243e+00
3.341600000000000126e+00,2.408547708367077433e+00
3.342400000000000038e+00,1.216382441768239175e+00
3.343199999999999950e+00,6.864034556421144684e-01
3.344000000000000306e+00,8.965000601918204914e-01
3.344800000000000217e+00,2.400592083436228208e-01
3.345600000000000129e+00,4.372360970036304195e-01
3.346400000000000041e+00,1.531667250395026825e+00
3.347199999999999953e+00,2.134168684617374190e+00
3.347999999999999865e+00,1.086269119006320949e+00
3.348800000000000221e+00,5.605009752654933619e-01
3.349600000000000133e+00,1.877410627262224574e-01
3.350400000000000045e+00,9.707379523717759584e-01
3.351200000000000401e+00,1.972282729870901363e+00
3.351999999999999869e+00,6.685280049781215927e-01
3.352799999999999780e+00,2.909276684531531543e-01
3.353600000000000136e+00,1.082026424342013682e+00
3.354400000000000048e+00,1.160098593429093050e+00
3.355199999999999960e+00,2.965034814504362570e-01
3.356000000000000316e+00,4.525860710411042653e-01
3.356800000000000228e+00,6.166275055725586318e-01
3.357599999999999696e+00,4.864210803207724698e-01
3.358400000000000052e+00,7.435161755566495057e-01
3.359199999999999964e+00,1.573905977451713234e+00
3.359999999999999876e+00,5.022197157218494246e-01
3.360800000000000232e+00,9.888842642505685232e-01
3.361600000000000144e+00,1.854032405645922754e+00
3.362400000000000055e+00,1.675808583179069666e+00
3.363199999999999967e+00,7.348279405305202516e-01
3.363999999999999879e+00,1.091405704794815801e+00
3.364799999999999791e+00,1.504198987348088101e+00
3.365600000000000147e+00,8.109104827912925195e-01
3.366400000000000059e+00,9.304550246340579367e-01
3.367199999999999971e+00,2.115176569247624094e+00
3.368000000000000327e+00,1.765292835773475622e+00
3.368799999999999795e+00,8.417450145615656965e-01
3.369599999999999707e+00,6.538489203004818062e-01
3.370400000000000063e+00,1.544660129775588864e+00
3.371199999999999974e+00,3.072087343117786418e+00
3.371999999999999886e+00,8.671024583376518713e-01
3.372800000000000242e+00,1.001435161448068906e-01
3.373600000000000154e+00,7.862435496327015161e-02
3.374399999999999622e+00,1.221327532572912933e+00
3.375199999999999978e+00,8.840523350763173083e-01
3.375999999999999890e+00,8.418771579211377087e-01
3.376799999999999802e+00,4.791625661889287735e-01
3.377600000000000158e+00,4.258198342159204008e-01
3.378400000000000070e+00,2.613504050558115299e-01
3.379199999999999982e+00,1.150058301838812858e+00
3.379999999999999893e+00,1.038885321736066958e+00
3.380799999999999805e+00,1.399061636117795215e+00
3.381600000000000161e+00,2.112386487023982795e+00
3.382400000000000073e+00,1.357588313389801460e+00
3.383199999999999985e+00,5.520686106055863185e-01
3.384000000000000341e+00,1.001655219331682584e-01
3.384800000000000253e+00,4.420081291630260228e-02
3.385599999999999721e+00,3.928443508163197984e-01
3.386400000000000077e+00,4.827268206085364999e-01
3.387199999999999989e+00,8.158104127018427354e-01
3.387999999999999901e+00,4.209104455728970851e-01
3.388800000000000257e+00,3.095656118785413205e-02
3.389600000000000168e+00,1.787233920215094696e-01
3.390400000000000080e+00,9.780384299034521334e-01
3.391199999999999992e+00,2.164109386918135591e+00
3.391999999999999904e+00,5.201741835447223350e-01
3.392799999999999816e+00,4.554787154784663006e-01
3.393600000000000172e+00,1.738512116238802307e-01
3.394400000000000084e+00,6.605507355492850063e-01
3.395199999999999996e+00,5.920926163148459986e-01
3.396000000000000352e+00,1.470875736094612307e+00
3.396799999999999820e+00,1.621948800400324631e+00
3.397599999999999731e+00,1.013553215652182482e+00
3.398400000000000087e+00,6.295392404466725045e-02
3.399199999999999999e+00,5.514846523414045076e-02
3.399999999999999911e+00,1.256028299623927480e-01
3.400800000000000267e+00,3.824801660205351395e-01
3.401600000000000179e+00,3.158482149612336087e+00
3.402399999999999647e+00,2.702384473209905824e+00
3.403200000000000003e+00,1.162796005261681920e+00
3.403999999999999915e+00,4.706344744954475690e-02
3.404799999999999827e+00,8.147321041981806511e-01
3.405600000000000183e+00,8.224239627246785478e-01
3.406400000000000095e+00,9.944754248132144925e-01
3.407200000000000006e+00,1.125099370539658805e+00
3.407999999999999918e+00,8.776706477303200526e-02
3.408799999999999830e+00,1.165142909193935816e+00
3.409599999999999742e+00,1.304228677875359566e+00
3.410400000000000098e+00,1.139196002161025012e+00
3.411200000000000010e+00,8.084009129788201076e-01
3.411999999999999922e+00,1.063939991362309101e+00
3.412800000000000278e+00,1.985943155563846929e+00
3.413599999999999746e+00,2.829895858773089357e-01
3.414399999999999658e+00,1.475502402877056696e+00
3.415200000000000014e+00,1.234905840847791536e+00
3.415999999999999925e+00,1.288264929170570339e+00
3.416799999999999837e+00,1.240398136370692850e+00
3.417600000000000193e+00,8.920069515148377759e-01
3.418400000000000105e+00,1.000553874618545641e-01
3.419200000000000017e+00,4.075923165087336209e-01
3.419999999999999929e+00,1.059430086699391371e-01
3.420799999999999841e+00,1.447980695976801568e-01
3.421600000000000197e+00,9.152037105493505686e-01
3.422400000000000109e+00,1.802705565303591717e+00
3.423200000000000021e+00,6.068844259465381308e-01
3.424000000000000377e+00,6.304522864205445165e-01
3.424799999999999844e+00,6.971477010675137809e-01
3.425599999999999756e+00,2.743927247885840637e-01
3.426400000000000112e+00,3.674286534937543647e-01
3.427200000000000024e+00,1.011250377640744880e+00
3.427999999999999936e+00,5.548710538955790028e-01
3.428800000000000292e+00,3.144287411184513714e-01
3.429600000000000204e+00,1.172708594234425084e+00
3.430399999999999672e+00,1.426859050010460095e+00
3.431200000000000028e+00,2.152664183830166333e+00
3.431999999999999940e+00,1.268448817579734822e-01
3.432799999999999851e+00,1.507817443857054851e+00
3.433600000000000207e+00,7.857444805842317415e-01
3.434400000000000119e+00,5.577066541200088601e-01
3.435200000000000031e+00,1.360071693930831493e+00
3.435999999999999943e+00,2.104847475721855599e+00
3.436799999999999855e+00,2.343162150635329510e+00
3.437599999999999767e+00,1.175404578290768054e+00
3.438400000000000123e+00,2.063596017929063831e-01
3.439200000000000035e+00,4.286169637435197632e-01
3.439999999999999947e+00,5.640549349972349136e-01
3.440800000000000303e+00,6.543437394399073126e-01
3.441599999999999770e+00,1.415441716936505445e+00
3.442399999999999682e+00,1.337784904025636434e+00
3.443200000000000038e+00,8.012265444000000736e-01
3.443999999999999950e+00,4.736331858995547206e-01
3.444799999999999862e+00,4.275892022339291554e-01
3.445600000000000218e+00,1.173552098054365667e+00
3.446400000000000130e+00,1.536979190414756502e+00
3.447199999999999598e+00,1.608806348189447011e+00
3.447999999999999954e+00,7.500012843460344136e-01
3.448799999999999866e+00,5.728452548489180174e-01
3.449599999999999778e+00,8.783397220836867136e-01
3.450400000000000134e+00,1.097123334005931872e+00
3.451200000000000045e+00,1.934141555660253919e+00
3.451999999999999957e+00,2.690104492972236194e-01
3.452799999999999869e+00,7.245417294590392743e-01
3.453599999999999781e+00,4.356378434655483467e-02
3.454399999999999693e+00,1.050029267840191460e+00
3.455200000000000049e+00,2.836177649501271936e-01
3.455999999999999961e+00,1.466471931823095376e-01
3.456799999999999873e+00,9.280847412133459429e-01
3.457600000000000229e+00,8.301607693968963142e-01
3.458400000000000141e+00,3.361737687187403845e-01
3.459200000000000053e+00,8.837543102161256048e-01
3.459999999999999964e+00,3.814658486865719622e-01
3.460799999999999876e+00,2.452540974755170744e-01
3.461600000000000232e+00,1.673310434354457366e+00
3.462400000000000144e+00,1.871341296260748299e+00
3.463200000000000056e+00,4.775083662856554056e-01
3.464000000000000412e+00,1.086857891791365827e+00
3.464799999999999880e+00,1.277085685772257895e+00
3.465599999999999792e+00,2.653708854051262667e-01
3.466400000000000148e+00,5.713468679816189645e-03
3.467200000000000060e+00,1.727310480900441148e+00
3.467999999999999972e+00,1.629775664988838635e+00
3.468800000000000328e+00,6.190814460966436172e-01
3.469600000000000239e+00,7.860206971348139282e-01
3.470399999999999707e+00,1.412940405831427659e+00
3.471200000000000063e+00,1.961197151754588308e+00
3.471999999999999975e+00,1.849686183585340926e-01
3.472799999999999887e+00,1.251951365893179569e+00
3.473600000000000243e+00,3.117792849058769744e-01
3.474400000000000155e+00,1.789974316221665251e+00
3.475200000000000067e+00,1.192613842083581899e+00
3.475999999999999979e+00,1.220164784602155938e+00
3.476799999999999891e+00,7.553607859904561961e-01
3.477599999999999802e+00,2.361508566680667609e-01
3.478400000000000158e+00,9.094563972011776576e-01
3.479200000000000070e+00,5.846895051131087984e-01
3.479999999999999982e+00,9.838487277482708127e-01
3.480800000000000338e+00,1.553120634117559851e+00
3.481599999999999806e+00,1.721605298906302872e+00
3.482399999999999718e+00,1.581143106886473859e+00
3.483200000000000074e+00,1.692685541893933499e-01
3.483999999999999986e+00,2.868151427298913925e-01
3.484799999999999898e+00,4.231106129642286939e-01
3.485600000000000254e+00,7.866157608412702729e-01
3.486400000000000166e+00,3.870867238417814993e-01
3.487199999999999633e+00,1.280078183479736120e+00
3.487999999999999989e+00,3.392424019047917128e-01
3.488799999999999901e+00,3.262832916283493062e-02
3.489599999999999813e+00,6.733985374592422746e-01
3.490400000000000169e+00,9.266612719233394690e-01
3.491200000000000081e+00,1.806691344702266111e+00
3.491999999999999993e+00,1.148967626676045795e+00
3.492799999999999905e+00,1.520198804692678707e-01
3.493599999999999817e+00,6.401187295700186963e-01
3.494399999999999729e+00,6.242696980736145429e-01
3.495200000000000085e+00,2.045550563895726093e-01
3.495999999999999996e+00,8.399780806646088838e-01
3.496800000000000352e+00,1.029129113197445600e+00
3.497600000000000264e+00,8.131058972353977232e-01
3.498399999999999732e+00,1.666277578353674849e-01
3.499200000000000088e+00,4.373568263138258860e-01
3.500000000000000000e+00,6.271939324555423356e-01
3.500799999999999912e+00,8.499577394461890201e-01
3.501600000000000268e+00,2.234999091992831755e+00
3.502400000000000180e+00,2.611396391703750375e+00
3.503200000000000092e+00,1.164516546714814638e+00
3.504000000000000004e+00,3.243635739398609275e-01
3.504799999999999915e+00,2.127957568059722360e-01
3.505599999999999827e+00,1.012135309609753397e+00
3.506400000000000183e+00,1.496745418940853334e+00
3.507200000000000095e+00,2.035369595016566446e+00
3.508000000000000007e+00,1.117421762980549182e+00
3.508800000000000363e+00,9.398938004769823440e-01
3.509599999999999831e+00,1.378145257960646797e+00
3.510399999999999743e+00,1.609135017447870686e+00
3.511200000000000099e+00,1.375892687178247975e+00
3.512000000000000011e+00,9.238870468424979776e-02
3.512799999999999923e+00,1.428349414054190136e+00
3.513600000000000279e+00,5.946538654280264513e-01
3.514400000000000190e+00,8.218617687870919397e-01
3.515199999999999658e+00,1.000132044129107056e+00
3.516000000000000014e+00,1.288615513481614183e+00
3.516799999999999926e+00,1.326454076935412729e+00
3.517599999999999838e+00,1.557178047331427839e+00
3.518400000000000194e+00,8.083899246262959970e-01
3.519200000000000106e+00,1.336998605613811231e+00
3.520000000000000018e+00,8.417213838014662164e-01
3.520799999999999930e+00,1.677354115588391148e-01
3.521599999999999842e+00,3.195974307430741179e-01
3.522399999999999753e+00,1.135074218212189123e+00
3.523200000000000109e+00,2.984546137215114085e-03
3.524000000000000021e+00,4.025293581821874633e-02
3.524799999999999933e+00,4.227493639795537606e-01
3.525600000000000289e+00,1.093719207567789953e+00
3.526399999999999757e+00,8.122717237184697847e-01
3.527199999999999669e+00,1.371575950828817891e+00
3.528000000000000025e+00,8.124523632966841324e-01
3.528799999999999937e+00,1.032447231195033309e-02
3.529599999999999849e+00,1.828319609473176621e+00
3.530400000000000205e+00,2.196605453902805483e+00
3.531200000000000117e+00,2.936634311780032647e+00
3.532000000000000028e+00,1.314973969983410651e+00
3.532799999999999940e+00,1.153226532191418796e+00
3.533599999999999852e+00,1.511768769048651873e+00
3.534400000000000208e+00,1.292866543828315729e-01
3.535200000000000120e+00,7.944012985821802264e-01
3.536000000000000032e+00,1.304406479841324407e+00
3.536800000000000388e+00,1.668877260469356472e+00
3.537599999999999856e+00,1.426521653050373928e+00
3.538399999999999768e+00,2.696413729379255608e-01
3.539200000000000124e+00,6.586863317149237451e-01
3.540000000000000036e+00,1.042329890108171675e+00
3.540799999999999947e+00,1.113229187359071171e+00
3.541600000000000303e+00,1.146684786407334622e+00
3.542400000000000215e+00,3.134451525006657358e-01
3.543199999999999683e+00,1.030062108473570381e+00
3.544000000000000039e+00,1.641882795920004190e+00
3.544799999999999951e+00,8.860474339088897366e-02
3.545599999999999863e+00,1.044234847105653063e+00
3.546400000000000219e+00,1.617296541154910949e+00
3.547200000000000131e+00,1.774092347740011677e+00
3.548000000000000043e+00,1.218884144820434168e+00
3.548799999999999955e+00,4.256180694541971121e-01
3.549599999999999866e+00,7.402373077746107199e-01
3.550399999999999778e+00,9.905003949387605200e-01
3.551200000000000134e+00,1.505354585014257340e+00
3.552000000000000046e+00,5.269823284306246469e-01
3.552799999999999958e+00,6.583371609693522419e-01
3.553600000000000314e+00,1.177197476684208460e-01
3.554399999999999782e+00,9.117970407318914949e-01
3.555199999999999694e+00,1.759528382263152169e-01
3.556000000000000050e+00,3.158893722886264022e-01
3.556799999999999962e+00,8.059944508760110704e-01
3.557599999999999874e+00,8.236921876425286060e-01
3.558400000000000230e+00,3.874305257585804463e-01
3.559200000000000141e+00,5.684722443101831724e-01
3.559999999999999609e+00,4.691264778537941882e-01
3.560799999999999965e+00,1.026880163192259277e+00
3.561599999999999877e+00,1.133238568015333403e+00
3.562399999999999789e+00,1.385230234468197930e+00
3.563200000000000145e+00,9.778442942616315248e-02
3.564000000000000057e+00,1.061991542793953913e+00
3.564799999999999969e+00,9.123165851627980105e-01
3.565599999999999881e+00,7.080379918804959039e-02
3.566399999999999793e+00,9.159789744854065496e-01
3.567199999999999704e+00,2.042546272285377107e+00
3.568000000000000060e+00,2.087817128498758112e+00
3.568799999999999972e+00,8.172212191418865013e-01
3.569599999999999884e+00,1.345699868185535886e+00
3.570400000000000240e+00,1.601265809846379229e+00
3.571199999999999708e+00,2.104189925351422463e+00
3.572000000000000064e+00,1.048658029459223151e+00
3.572799999999999976e+00,4.309406415030463955e-01
3.573599999999999888e+00,5.277536880277540199e-01
3.574400000000000244e+00,1.412212669898520234e+00
3.575200000000000156e+00,1.186647906821553633e+00
3.576000000000000068e+00,1.107081232410342952e+00
3.576800000000000423e+00,4.890417141420256852e-01
3.577599999999999891e+00,1.218556607494032384e-01
3.578399999999999803e+00,6.305918908384153809e-01
3.579200000000000159e+00,6.825342268165152104e-02
3.580000000000000071e+00,1.012863253884073167e+00
3.580799999999999983e+00,1.265688157711043704e+00
3.581600000000000339e+00,1.075890929942608265e+00
3.582400000000000251e+00,1.204931047230417773e+00
3.583199999999999719e+00,3.378185670646436517e-02
3.584000000000000075e+00,5.587809302036031989e-01
3.584799999999999986e+00,2.100381862569226099e-01
3.585599999999999898e+00,6.009027838701599400e-01
3.586400000000000254e+00,3.831611053045127502e-01
3.587200000000000166e+00,6.028560869581341963e-01
3.588000000000000078e+00,7.036495214102298501e-01
3.588799999999999990e+00,9.966408804978960090e-01
3.589599999999999902e+00,3.352779679671413771e-01
3.590399999999999814e+00,7.975422256653826869e-01
3.591200000000000170e+00,1.171521173323255782e+00
3.592000000000000082e+00,1.203988554080014151e+00
3.592799999999999994e+00,2.221589940367896532e-01
3.593600000000000350e+00,4.400070696481502286e-01
3.594399999999999817e+00,4.858549988557793742e-01
3.595199999999999729e+00,8.482440701952825846e-01
3.596000000000000085e+00,7.738835529148087033e-01
3.596799999999999997e+00,8.021329100991178018e-01
3.597599999999999909e+00,1.008171595279119259e+00
3.598400000000000265e+00,1.960593434860772033e-01
3.599200000000000177e+00,1.056101087435236049e-02
3.599999999999999645e+00,8.376551988686856687e-01
3.600800000000000001e+00,1.548848534824886602e+00
3.601599999999999913e+00,3.173520249168316099e+00
3.602399999999999824e+00,2.709604132695250911e+00
3.603200000000000180e+00,1.538449555952862591e+00
3.604000000000000092e+00,5.221188920994487281e-01
3.604800000000000004e+00,4.600246420081275378e-01
3.605599999999999916e+00,1.784219567139383733e-01
3.606399999999999828e+00,1.067663304534306468e+00
3.607199999999999740e+00,8.761045285906727820e-01
3.608000000000000096e+00,1.284075168894341701e+00
3.608800000000000008e+00,5.124105004114587469e-01
3.609599999999999920e+00,7.645848883670406382e-01
3.610400000000000276e+00,9.578850117975736822e-01
3.611199999999999743e+00,4.059635608108892735e-02
3.612000000000000099e+00,5.780309323550777284e-02
3.612800000000000011e+00,6.384579586751747415e-01
3.613599999999999923e+00,7.764687097318473397e-01
3.614400000000000279e+00,1.281411613957844198e+00
3.615200000000000191e+00,2.263745150486882185e+00
3.616000000000000103e+00,8.265320345423693427e-01
3.616800000000000015e+00,8.683799072914331063e-01
3.617599999999999927e+00,6.781817128143335927e-01
3.618399999999999839e+00,1.487793443469036803e-01
3.619200000000000195e+00,2.185725373062713806e-01
3.620000000000000107e+00,1.200495045812244449e-01
3.620800000000000018e+00,7.904353648021990031e-01
3.621600000000000374e+00,1.128668237875216862e+00
3.622399999999999842e+00,1.867758676572292442e+00
3.623199999999999754e+00,8.862638361028696288e-01
3.624000000000000110e+00,2.103882039428585718e-02
3.624800000000000022e+00,3.838605208467106289e-01
3.625599999999999934e+00,2.030390758777893545e-01
3.626400000000000290e+00,6.365995012106373530e-02
3.627200000000000202e+00,1.264917638621615992e-01
3.627999999999999670e+00,5.810438753311493176e-01
3.628800000000000026e+00,3.918537767772659608e-01
3.629599999999999937e+00,9.543896488292342717e-01
3.630399999999999849e+00,1.725034572357514451e+00
3.631200000000000205e+00,2.108888554478076216e+00
3.632000000000000117e+00,7.063377635486888240e-01
3.632800000000000029e+00,3.375261570071976802e-01
3.633599999999999941e+00,6.532245433425544201e-01
3.634399999999999853e+00,4.028484588819820633e-01
3.635199999999999765e+00,2.078927348459643554e+00
3.636000000000000121e+00,1.715546579608931976e+00
3.636800000000000033e+00,1.682410831122304939e+00
3.637599999999999945e+00,2.989122233673805473e-01
3.638400000000000301e+00,3.423099056921537556e-03
3.639199999999999768e+00,7.377843285482746927e-01
3.639999999999999680e+00,3.835380658198868087e-01
3.640800000000000036e+00,1.309782135601566866e+00
3.641599999999999948e+00,1.740598481500683192e+00
3.642399999999999860e+00,1.131366372729317504e+00
3.643200000000000216e+00,1.504554171834456278e-01
3.644000000000000128e+00,8.644741102368278529e-01
3.644799999999999596e+00,1.786906619562677878e-01
3.645599999999999952e+00,6.435006055258405411e-01
3.646399999999999864e+00,1.674392401971450672e+00
3.647199999999999775e+00,8.048172712767110992e-01
3.648000000000000131e+00,7.333966038361671158e-01
3.648800000000000043e+00,7.570023993944921537e-02
3.649599999999999955e+00,6.124546503690714988e-02
3.650399999999999867e+00,5.538214998882837747e-01
3.651199999999999779e+00,6.942999353832935983e-01
3.652000000000000135e+00,3.893781003402356777e-01
3.652800000000000047e+00,6.503892380955539343e-01
3.653599999999999959e+00,2.181542638009049961e-01
3.654400000000000315e+00,3.991459534059257908e-01
3.655200000000000227e+00,1.458816020325937393e-02
3.655999999999999694e+00,2.070525769505567396e-02
3.656800000000000050e+00,4.319187035002050590e-01
3.657599999999999962e+00,4.768932318313747198e-01
3.658399999999999874e+00,1.040680229126244694e+00
3.659200000000000230e+00,3.443981456132290120e-01
3.660000000000000142e+00,6.903021441430065019e-01
3.660800000000000054e+00,1.217743268552556213e+00
3.661599999999999966e+00,2.205089069949311309e+00
3.662399999999999878e+00,2.002921708544084467e+00
3.663199999999999790e+00,8.745384244960487941e-01
3.664000000000000146e+00,5.446179251280015565e-01
3.664800000000000058e+00,8.950224954906130792e-01
3.665599999999999969e+00,5.040627247037838821e-01
3.666400000000000325e+00,8.222473184485354913e-01
3.667199999999999793e+00,1.322466979090629380e+00
3.667999999999999705e+00,1.689615322557545651e+00
3.668800000000000061e+00,1.300618733524557147e+00
3.669599999999999973e+00,5.812755939239739877e-01
3.670399999999999885e+00,1.415004825754930362e+00
3.671200000000000241e+00,1.328796528883535055e+00
3.672000000000000153e+00,1.113628716732264351e-01
3.672799999999999621e+00,6.070131951229398304e-01
3.673599999999999977e+00,1.061257768274756624e-01
3.674399999999999888e+00,1.409363622351099243e+00
3.675199999999999800e+00,2.332760023847749498e+00
3.676000000000000156e+00,1.416564580481586733e+00
3.676800000000000068e+00,2.117113780555117120e-01
3.677599999999999980e+00,1.101941661233731828e-01
3.678399999999999892e+00,2.214601915711040159e-04
3.679199999999999804e+00,3.526736797695515652e-02
3.679999999999999716e+00,7.952246505764958284e-01
3.680800000000000072e+00,1.406528217164198402e+00
3.681599999999999984e+00,1.837941107035907295e+00
3.682399999999999896e+00,1.196765414519643578e+00
3.683200000000000252e+00,2.458938154660505193e-01
3.683999999999999719e+00,7.448052140222449768e-02
3.684800000000000075e+00,3.600157523637088908e-02
3.685599999999999987e+00,7.847619198326163392e-01
3.686399999999999899e+00,1.052212972175731620e+00
3.687200000000000255e+00,4.707795425222244812e-01
3.688000000000000167e+00,5.040914745382378825e-01
3.688800000000000079e+00,4.191217023059659597e-01
3.689599999999999991e+00,6.445894389732258478e-01
3.690399999999999903e+00,1.223151975189752605e+00
3.691199999999999815e+00,1.056334274288547093e+00
3.692000000000000171e+00,8.794296978615255556e-02
3.692800000000000082e+00,3.780759586120917004e-01
3.693599999999999994e+00,3.314216646713736836e-01
3.694400000000000350e+00,1.606921886314396641e-01
3.695199999999999818e+00,1.020274111506590087e+00
3.695999999999999730e+00,1.764318565704041442e+00
3.696800000000000086e+00,1.660943538865516711e+00
3.697599999999999998e+00,1.893467475116197285e+00
3.698399999999999910e+00,1.079326110611430245e+00
3.699200000000000266e+00,1.357984895273916214e-04
3.700000000000000178e+00,2.703374021817749329e-01
3.700800000000000090e+00,4.685239122874664264e-01
3.701600000000000001e+00,3.782712269521068205e+00
3.702399999999999913e+00,1.853512134227976726e-01
3.703199999999999825e+00,3.471153469975315264e+00
3.704000000000000181e+00,8.064302639242670878e-01
3.704800000000000093e+00,1.833013024590256723e+00
3.705600000000000005e+00,6.938998403109774005e-01
3.706400000000000361e+00,3.154332034729069090e+00
3.707199999999999829e+00,1.571293476241264753e-01
3.707999999999999741e+00,2.154222833435070594e+00
3.708800000000000097e+00,3.569943606352363741e+00
3.709600000000000009e+00,5.886289967165064807e-01
3.710399999999999920e+00,4.968002608123541108e+00
3.711200000000000276e+00,8.790204196630889699e-01
3.712000000000000188e+00,1.046172061969863343e+00
3.712799999999999656e+00,2.837697822063381281e+00
3.713600000000000012e+00,4.702198753503281092e-01
3.714399999999999924e+00,1.059068713505296522e+00
3.715199999999999836e+00,2.116546455545674554e+00
3.716000000000000192e+00,6.787636982319802392e-01
3.716800000000000104e+00,1.970571335243190170e+00
3.717600000000000016e+00,1.204363430717187100e+00
3.718399999999999928e+00,2.084479949401703891e+00
3.719199999999999839e+00,1.222838482970644680e+00
3.719999999999999751e+00,1.716873118734341397e-01
3.720800000000000107e+00,1.204806172331194664e-01
3.721600000000000019e+00,2.517674722671951471e-01
3.722399999999999931e+00,5.146179888583003459e-01
3.723200000000000287e+00,6.802598815913067920e-01
3.723999999999999755e+00,9.107491658178056004e-02
3.724800000000000111e+00,4.680186059141725613e-03
3.725600000000000023e+00,1.278443095640926508e+00
3.726399999999999935e+00,1.490577869792134802e+00
3.727200000000000291e+00,2.080612874272931290e+00
3.728000000000000203e+00,5.298384083356816321e-01
3.728800000000000114e+00,4.031124111505994256e-01
3.729600000000000026e+00,1.773277263917535373e+00
3.730399999999999938e+00,2.955246695919535149e+00
3.731199999999999850e+00,3.047765445431809272e+00
3.732000000000000206e+00,1.053712974484670939e+00
3.732800000000000118e+00,1.425975447895339476e+00
3.733600000000000030e+00,1.746586761323285719e+00
3.734400000000000386e+00,1.633096912520205057e+00
3.735199999999999854e+00,6.889286516334767185e-01
3.735999999999999766e+00,1.859974425264946107e-01
3.736800000000000122e+00,1.656197642696348060e+00
3.737600000000000033e+00,4.145100430048632156e-01
3.738399999999999945e+00,1.898546110948456933e+00
3.739200000000000301e+00,4.490622151580749288e-01
3.740000000000000213e+00,1.970777444879284079e+00
3.740799999999999681e+00,1.016802818696345367e+00
3.741600000000000037e+00,2.704535771762440088e+00
3.742399999999999949e+00,2.774984807138300980e-01
3.743199999999999861e+00,3.659943469181123898e-01
3.744000000000000217e+00,2.093171686101623852e+00
3.744800000000000129e+00,3.425725442534004461e-01
3.745600000000000041e+00,3.230196091513496404e-01
3.746399999999999952e+00,3.455845820858113093e+00
3.747199999999999864e+00,1.722420624437518422e+00
3.747999999999999776e+00,2.196601135247830516e+00
3.748800000000000132e+00,1.309044175488550676e-01
3.749600000000000044e+00,5.158470559339034534e-01
3.750399999999999956e+00,2.126913084808215615e+00
3.751200000000000312e+00,1.551698132865289015e+00
3.751999999999999780e+00,1.462210466152113364e+00
3.752799999999999692e+00,8.811140887764000729e-01
3.753600000000000048e+00,1.431752638094874630e+00
3.754399999999999959e+00,7.947199745572483542e-02
3.755199999999999871e+00,7.080800197274405017e-01
3.756000000000000227e+00,5.276575861491541453e-01
3.756800000000000139e+00,1.252542466230157192e+00
3.757599999999999607e+00,2.285131562687459650e-01
3.758399999999999963e+00,2.009422964997396477e+00
3.759199999999999875e+00,1.725343938436839641e-01
3.759999999999999787e+00,1.654237894415443444e+00
3.760800000000000143e+00,8.280002172879462607e-01
3.761600000000000055e+00,3.209889406210270746e+00
3.762399999999999967e+00,3.521247479384602697e-01
3.763199999999999878e+00,3.599573285119433419e-01
3.763999999999999790e+00,1.579165045175115578e+00
3.764800000000000146e+00,9.447250823133436226e-01
3.765600000000000058e+00,1.391580622939764700e+00
3.766399999999999970e+00,1.287586899175510391e+00
3.767200000000000326e+00,1.179936003695228885e+00
3.768000000000000238e+00,2.255066131477847957e+00
3.768799999999999706e+00,4.421067190145137604e-01
3.769600000000000062e+00,7.478516567772857115e-01
3.770399999999999974e+00,1.991320409157136595e+00
3.771199999999999886e+00,1.271805483754522292e+00
3.772000000000000242e+00,7.693448927735351273e-01
3.772800000000000153e+00,5.796806984423678033e-01
3.773600000000000065e+00,1.100907227588044268e+00
3.774399999999999977e+00,7.214474418558327606e-01
3.775199999999999889e+00,1.864385858670421170e+00
3.775999999999999801e+00,9.487052967785305491e-01
3.776800000000000157e+00,3.040769804418586575e-01
3.777600000000000069e+00,8.517967614094955620e-01
3.778399999999999981e+00,6.876588466178719383e-02
3.779200000000000337e+00,2.945579996954619806e-01
3.779999999999999805e+00,1.119353434547394999e+00
3.780799999999999716e+00,1.437271481481600555e+00
3.781600000000000072e+00,3.480653721507166676e+00
3.782399999999999984e+00,1.102770668766659190e+00
3.783199999999999896e+00,3.187234768932003526e-01
3.784000000000000252e+00,8.231308614217203168e-01
3.784800000000000164e+00,7.834384262585845915e-02
3.785599999999999632e+00,9.176318917928306673e-01
3.786399999999999988e+00,4.825116939643685487e-01
3.787199999999999900e+00,3.097646815358113259e-01
3.787999999999999812e+00,7.294539998164266681e-01
3.788800000000000168e+00,6.094388861948596414e-01
3.789600000000000080e+00,9.591501182430393069e-01
3.790399999999999991e+00,1.234347120229251971e+00
3.791199999999999903e+00,1.092986977391157133e+00
3.791999999999999815e+00,1.017820212244536782e+00
3.792799999999999727e+00,4.987954680733365787e-01
3.793600000000000083e+00,9.629198162228911340e-01
3.794399999999999995e+00,2.700889002965314312e-01
3.795199999999999907e+00,1.439873743696923336e+00
3.796000000000000263e+00,1.194228612266396761e+00
3.796799999999999731e+00,1.736662556905573807e+00
3.797599999999999643e+00,5.682412320400425099e-01
3.798399999999999999e+00,1.073041679392077397e+00
3.799199999999999910e+00,3.519659097406308557e-01
3.799999999999999822e+00,8.975214458737759138e-01
3.800800000000000178e+00,8.080562195475218257e-01
3.801600000000000090e+00,3.183437384507669332e+00
3.802400000000000002e+00,7.751638288513925668e-01
3.803199999999999914e+00,3.088039196308069556e+00
3.803999999999999826e+00,2.012728656407138494e+00
3.804800000000000182e+00,3.742668006714733320e-01
3.805600000000000094e+00,2.015439490745648543e-01
3.806400000000000006e+00,3.092615029309601304e+00
3.807200000000000362e+00,1.314981013710577518e+00
3.807999999999999829e+00,6.866652940518266357e-01
3.808799999999999741e+00,1.870727257437978963e+00
3.809600000000000097e+00,1.076824043381250096e-01
3.810400000000000009e+00,2.475144272358606123e+00
3.811199999999999921e+00,1.393295961748005407e+00
3.812000000000000277e+00,6.834614261139808633e-01
3.812800000000000189e+00,1.396521250647515089e+00
3.813599999999999657e+00,1.710866394624368514e-01
3.814400000000000013e+00,1.801837451057837275e-03
3.815200000000000369e+00,4.227565160397638300e-01
3.816000000000000281e+00,7.065486581433004509e-02
3.816799999999999748e+00,1.139081209264445199e-01
3.817599999999999660e+00,1.589629277913409411e-01
3.818399999999999572e+00,1.545021258778216167e+00
3.819199999999999928e+00,1.519864239463647904e+00
3.819999999999999840e+00,7.172898533153073686e-01
3.820799999999999752e+00,9.349930172511474735e-01
3.821600000000000108e+00,1.024203686849741946e+00
3.822400000000000020e+00,2.999689802450776765e-01
3.823199999999999932e+00,8.983777677573031584e-01
3.824000000000000288e+00,1.171625069875187553e+00
3.824800000000000200e+00,4.787526611518524988e-01
3.825600000000000112e+00,4.232232530458972519e-01
3.826400000000000468e+00,1.359139747021083533e+00
3.827200000000000379e+00,1.724823606259002107e+00
3.827999999999999403e+00,1.904523498022627770e+00
3.828799999999999759e+00,9.679363894951719116e-01
3.829599999999999671e+00,5.894268777865026010e-01
3.830399999999999583e+00,1.996669029695597786e+00
3.831199999999999939e+00,2.467094381642130241e+00
3.831999999999999851e+00,1.717928891938955038e+00
3.832799999999999763e+00,3.977691252408522837e-01
3.833600000000000119e+00,5.330232323812058581e-01
3.834400000000000031e+00,6.874829393918419074e-02
3.835199999999999942e+00,7.347897630246134071e-01
3.836000000000000298e+00,9.449017788038849286e-02
3.836800000000000210e+00,9.733535281356238134e-01
3.837600000000000122e+00,9.456000108039640528e-01
3.838400000000000478e+00,1.913983076577620290e-01
3.839199999999999502e+00,5.043931764339674162e-01
3.839999999999999858e+00,2.198869770102247490e+00
3.840799999999999770e+00,2.233699637309940478e+00
3.841599999999999682e+00,3.829687962984219318e+00
3.842400000000000038e+00,1.090347925960108988e+00
3.843199999999999950e+00,3.370420101847194649e-01
3.843999999999999861e+00,1.725126124662337501e+00
3.844800000000000217e+00,5.949154313600664157e-01
3.845600000000000129e+00,5.751446076497055415e-01
3.846400000000000041e+00,1.835759650976514834e+00
3.847200000000000397e+00,1.615573283551774431e+00
3.848000000000000309e+00,2.190255621630244676e+00
3.848800000000000221e+00,9.188977008678878011e-01
3.849600000000000577e+00,1.248581923861022513e+00
3.850399999999999601e+00,1.075267270412902487e+00
3.851199999999999513e+00,1.923076359544951375e+00
3.851999999999999869e+00,1.390470100878893778e+00
3.852799999999999780e+00,1.426414928561617612e-01
3.853599999999999692e+00,2.071142412781254993e+00
3.854400000000000048e+00,9.751268006409726796e-01
3.855199999999999960e+00,1.263513347140605703e-01
3.855999999999999872e+00,9.102182002641802105e-01
3.856800000000000228e+00,2.655465165728357890e-01
3.857600000000000140e+00,6.067273948551690221e-01
3.858400000000000052e+00,1.130297291185116348e+00
3.859200000000000408e+00,1.286198118444447758e+00
3.860000000000000320e+00,1.336809406477901696e+00
3.860800000000000232e+00,1.191105983452071193e+00
3.861599999999999699e+00,3.168284528927182819e+00
3.862399999999999611e+00,1.914539766842922264e+00
3.863199999999999523e+00,1.756776560102784879e-01
3.863999999999999879e+00,1.825049769101604769e+00
3.864799999999999791e+00,1.902206125858092456e+00
3.865599999999999703e+00,1.879469474760706138e+00
3.866400000000000059e+00,4.017551220257866151e-01
3.867199999999999971e+00,1.757758112654200344e+00
3.867999999999999883e+00,1.928215735592993196e+00
3.868800000000000239e+00,9.349627325840403902e-01
3.869600000000000151e+00,6.092319324637210931e-01
3.870400000000000063e+00,1.212320080187645033e+00
3.871200000000000419e+00,1.824901904932625607e+00
3.872000000000000330e+00,9.730124018563207633e-01
3.872799999999999798e+00,3.216597241986355327e-01
3.873599999999999710e+00,1.153110268540718630e+00
3.874399999999999622e+00,2.097620829488652472e+00
3.875199999999999978e+00,2.327330571831866202e+00
3.875999999999999890e+00,9.775621390651768605e-01
3.876799999999999802e+00,4.625820531410276271e-01
3.877600000000000158e+00,1.604462396091494991e+00
3.878400000000000070e+00,5.574155885363862861e-01
3.879199999999999982e+00,2.935251892831242104e-01
3.880000000000000338e+00,1.322310736811576737e+00
3.880800000000000249e+00,1.770901428217497076e+00
3.881600000000000161e+00,3.629696807884270182e+00
3.882400000000000517e+00,2.331660184884764675e+00
3.883200000000000429e+00,4.083199076427689311e-01
3.884000000000000341e+00,3.466978051649426407e-01
3.884799999999999809e+00,2.439981485664154126e-02
3.885599999999999721e+00,1.113461955901459355e+00
3.886399999999999633e+00,2.632445684110438777e-01
3.887199999999999989e+00,2.024076733188248933e-01
3.887999999999999901e+00,2.081073063975738546e-01
3.888799999999999812e+00,1.830004691936943373e-01
3.889600000000000168e+00,7.677308556812928453e-01
3.890400000000000080e+00,6.722974438369621053e-01
3.891199999999999992e+00,1.012700082273254143e+00
3.892000000000000348e+00,6.031746690203728667e-01
3.892800000000000260e+00,8.460066888661401663e-01
3.893600000000000172e+00,5.809294112855873937e-01
3.894400000000000528e+00,1.115963317047389936e+00
3.895200000000000440e+00,1.520414670626589304e+00
3.895999999999999464e+00,1.824476984118531986e+00
3.896799999999999820e+00,1.950538457518635083e+00
3.897599999999999731e+00,3.779932925812233280e-01
3.898399999999999643e+00,2.903495668478501147e-03
3.899199999999999999e+00,6.186800598850873412e-01
3.899999999999999911e+00,3.660353855798532674e-01
3.900799999999999823e+00,1.841233481470702760e+00
3.901600000000000179e+00,5.325189239653149720e+00
3.902400000000000091e+00,1.502850247898124492e+00
3.903200000000000003e+00,6.157606884452044405e+00
3.904000000000000359e+00,8.795249684634574905e+00
3.904800000000000271e+00,9.691393213105675031e+00
3.905600000000000183e+00,8.213191845760222876e+00
3.906400000000000539e+00,9.767147014374378600e+00
3.907199999999999562e+00,8.790670596738397791e+00
3.907999999999999474e+00,9.576402989036774116e+00
3.908799999999999830e+00,1.054866934968792869e+01
3.909599999999999742e+00,9.209361788733897214e+00
3.910399999999999654e+00,1.170642513171932642e+01
3.911200000000000010e+00,9.804149463541278919e+00
3.911999999999999922e+00,8.075475518151902676e+00
3.912799999999999834e+00,1.133228129063169654e+01
3.913600000000000190e+00,8.388997313647543308e+00
3.914400000000000102e+00,6.027350007167910029e+00
3.915200000000000014e+00,7.567494829004866475e+00
3.916000000000000369e+00,4.248073285734190740e+00
3.916800000000000281e+00,5.630128222837194052e+00
3.917600000000000193e+00,3.040276207521937835e+00
3.918399999999999661e+00,2.579335048203148517e+00
3.919199999999999573e+00,1.722251929388269875e+00
3.919999999999999929e+00,1.372301136454530557e+00
3.920799999999999841e+00,1.079949522362536163e+00
3.921599999999999753e+00,1.339434525016881539e+00
3.922400000000000109e+00,1.637365055385464618e+00
3.923200000000000021e+00,1.016376605976119542e-02
3.923999999999999932e+00,1.021111777705297818e+00
3.924800000000000288e+00,1.833975286543848560e-01
3.925600000000000200e+00,1.074207048760801975e+00
3.926400000000000112e+00,4.326981061280591456e-01
3.927200000000000468e+00,2.234900467773331734e+00
3.928000000000000380e+00,4.329643709389666695e-01
3.928800000000000292e+00,8.945574837927184886e-01
3.929599999999999760e+00,1.328008864398407152e+00
3.930399999999999672e+00,3.407178825707923853e-01
3.931199999999999584e+00,2.029473799522233612e+00
3.931999999999999940e+00,4.323126691168736047e-01
3.932799999999999851e+00,1.849973260744117054e+00
3.933599999999999763e+00,8.647267416258937189e-02
3.934400000000000119e+00,8.798614154471559035e-01
3.935200000000000031e+00,3.412198093078553818e+00
3.935999999999999943e+00,1.937123444189304544e-01
3.936800000000000299e+00,4.675454942468787678e+00
3.937600000000000211e+00,2.463379336333169967e+00
3.938400000000000123e+00,3.250815009647091802e+00
3.939200000000000479e+00,3.246414989612702584e+00
3.940000000000000391e+00,4.846684835114897005e+00
3.940799999999999415e+00,2.776291749084243587e+00
3.941599999999999770e+00,6.876904090739611952e+00
3.942399999999999682e+00,1.939779242686903604e+00
3.943199999999999594e+00,4.409094424873549301e+00
3.943999999999999950e+00,5.286501896283098745e+00
3.944799999999999862e+00,4.549752549476584029e+00
3.945599999999999774e+00,4.249512176253445794e+00
3.946400000000000130e+00,4.720045639125706849e+00
3.947200000000000042e+00,3.513996706055345420e+00
3.947999999999999954e+00,4.557763250664309318e+00
3.948800000000000310e+00,4.236883485972034791e+00
3.949600000000000222e+00,4.180162670358413379e+00
3.950400000000000134e+00,4.652215542465143017e+00
3.951200000000000490e+00,2.603278452464921511e+00
3.951999999999999513e+00,4.027640264986980689e+00
3.952799999999999869e+00,4.880151881074959341e+00
3.953599999999999781e+00,4.842140020351982876e+00
3.954399999999999693e+00,2.185110741856793215e+00
3.955200000000000049e+00,5.000465643830493967e+00
3.955999999999999961e+00,3.447302267167683620e+00
3.956799999999999873e+00,5.391132237539247640e+00
3.957600000000000229e+00,3.840672712532931854e+00
3.958400000000000141e+00,4.167905032337670512e+00
3.959200000000000053e+00,4.431619903010845185e+00
3.960000000000000409e+00,4.033517028252171066e+00
3.960800000000000320e+00,4.258999968315339224e+00
3.961600000000000232e+00,6.145290521630362157e+00
3.962400000000000588e+00,2.231866276582398001e+00
3.963199999999999612e+00,4.683814194349028348e+00
3.963999999999999524e+00,4.784752284983680326e+00
3.964799999999999880e+00,3.748236240598664892e+00
3.965599999999999792e+00,4.614658136390596077e+00
3.966399999999999704e+00,3.796042936107564270e+00
3.967200000000000060e+00,2.571336037067773361e+00
3.967999999999999972e+00,4.370986246076795645e+00
3.968799999999999883e+00,3.505062885304158105e+00
3.969600000000000239e+00,2.169328412676837292e+00
3.970400000000000151e+00,4.118247398845515939e+00
3.971200000000000063e+00,1.663916051727329037e+00
3.972000000000000419e+00,2.545860370698807884e+00
3.972800000000000331e+00,4.553885375225123155e+00
3.973600000000000243e+00,2.101877627561138162e+00
3.974399999999999711e+00,8.557018761650696526e-01
3.975199999999999623e+00,4.355578430690408176e+00
3.975999999999999535e+00,6.617011210327122805e-02
3.976799999999999891e+00,3.475758915646937286e+00
3.977599999999999802e+00,1.617364438743576383e+00
3.978399999999999714e+00,1.772736695002801621e+00
3.979200000000000070e+00,1.868491155753990274e+00
3.979999999999999982e+00,2.280311314743121542e+00
3.980799999999999894e+00,2.087544899865353187e+00
3.981600000000000250e+00,3.491510612981713724e+00
3.982400000000000162e+00,7.376710795402263710e-01
3.983200000000000074e+00,2.412537500849762928e+00
3.984000000000000430e+00,2.167880172371521752e+00
3.984800000000000342e+00,3.718538626875573350e+00
3.985599999999999365e+00,1.545430058721770417e+00
3.986399999999999721e+00,3.187528037745279264e+00
3.987199999999999633e+00,2.334814904391782964e+00
3.987999999999999545e+00,2.689358037389005585e+00
3.988799999999999901e+00,3.970544820373439254e+00
3.989599999999999813e+00,1.486459562071188012e+00
3.990399999999999725e+00,4.611786001122381684e+00
3.991200000000000081e+00,1.017814516972476380e+00
3.991999999999999993e+00,3.533536710549706417e+00
3.992799999999999905e+00,4.632631409623784613e+00
3.993600000000000261e+00,1.632356146301396693e+00
3.994400000000000173e+00,3.372609444076288820e+00
3.995200000000000085e+00,3.430825413227183152e+00
3.996000000000000441e+00,2.034597831385411393e+00
3.996799999999999464e+00,5.277129832320885505e+00
3.997599999999999820e+00,1.107577811021894343e+00
3.998399999999999732e+00,3.227272657419383517e+00
3.999199999999999644e+00,2.074474300348382538e+00
4.000000000000000000e+00,2.514748936866470164e+00
4.000799999999999912e+00,1.917950399603556733e+00
4.001599999999999824e+00,5.945623179354594612e+00
4.002399999999999736e+00,8.975265137246530855e+00
4.003199999999999648e+00,5.377383486365864051e+00
4.004000000000000448e+00,2.495640027168080088e+00
4.004800000000000360e+00,4.445633590014060665e+00
4.005600000000000271e+00,5.289278937587948093e+00
4.006400000000000183e+00,7.280418566401176683e+00
4.007200000000000095e+00,2.040295790290298950e+00
4.008000000000000007e+00,9.248783256283125809e+00
4.008799999999999919e+00,8.377075802484995393e+00
4.009599999999999831e+00,4.249511557633211645e+00
4.010399999999999743e+00,7.613594008323849138e+00
4.011199999999999655e+00,4.328450271430228646e+00
4.011999999999999567e+00,6.078761609749602890e+00
4.012800000000000367e+00,5.685984997556675857e+00
4.013600000000000279e+00,3.939391855822375277e+00
4.014400000000000190e+00,4.696529121114870975e+00
4.015200000000000102e+00,4.351168207273003574e+00
4.016000000000000014e+00,3.913268970572391314e+00
4.016799999999999926e+00,4.321951090379133831e+00
4.017600000000000726e+00,2.390869256417134991e+00
4.018400000000000638e+00,4.323895544731238161e+00
4.019200000000000550e+00,5.810903325929156482e-01
4.019999999999999574e+00,4.233093283254324213e+00
4.020799999999999486e+00,1.144984795890376272e+00
4.021599999999999397e+00,3.850923981017765119e+00
4.022400000000000198e+00,1.686771535736835581e+00
4.023200000000000109e+00,1.311841767474623222e+00
4.024000000000000021e+00,3.181368729754575408e+00
4.024799999999999933e+00,1.143611836551877259e+00
4.025599999999999845e+00,1.500333737016468438e+00
4.026399999999999757e+00,2.269497797365331859e+00
4.027200000000000557e+00,7.224669356026720834e-02
4.028000000000000469e+00,4.157098799474166384e+00
4.028800000000000381e+00,7.945904062153620329e-01
4.029600000000000293e+00,1.286460260560696511e+00
4.030400000000000205e+00,4.546457948874368604e+00
4.031199999999999228e+00,1.009294501114783582e+00
4.032000000000000028e+00,4.312470942148736164e+00
4.032799999999999940e+00,2.760757799741583085e+00
4.033599999999999852e+00,2.633556525184614028e+00
4.034399999999999764e+00,2.170170177636776998e+00
4.035199999999999676e+00,3.528397308763044471e+00
4.035999999999999588e+00,2.666289038476007178e+00
4.036800000000000388e+00,3.942640544349783838e+00
4.037600000000000300e+00,2.986607798585230178e+00
4.038400000000000212e+00,3.390472217387187293e+00
4.039200000000000124e+00,2.956315417410633195e+00
4.040000000000000036e+00,5.475159752541856051e+00
4.040799999999999947e+00,1.637343283234806046e+00
4.041600000000000747e+00,6.105797898766367915e+00
4.042399999999999771e+00,2.174493162703418303e+00
4.043199999999999683e+00,3.087689572048097464e+00
4.043999999999999595e+00,5.782739291945619087e+00
4.044799999999999507e+00,2.638591169280220861e+00
4.045599999999999419e+00,3.621760462268956537e+00
4.046400000000000219e+00,4.375242810942134852e+00
4.047200000000000131e+00,2.564569072488649404e+00
4.048000000000000043e+00,4.559610393371515080e+00
4.048799999999999955e+00,2.764459328901335500e+00
4.049599999999999866e+00,3.530451876366440978e+00
4.050399999999999778e+00,3.682094405116700386e+00
4.051200000000000578e+00,2.216948598636303114e+00
4.052000000000000490e+00,3.889598991158569330e+00
4.052800000000000402e+00,3.717859651366552498e+00
4.053599999999999426e+00,3.936918432050866112e+00
4.054399999999999338e+00,2.350777008358114095e+00
4.055200000000000138e+00,3.882753139644759433e+00
4.056000000000000050e+00,3.405457523872676528e+00
4.056799999999999962e+00,3.955346259836450606e+00
4.057599999999999874e+00,2.906046152781894598e+00
4.058399999999999785e+00,3.541030151770215628e+00
4.059199999999999697e+00,3.519047751522728973e+00
4.060000000000000497e+00,3.640243537629607840e+00
4.060800000000000409e+00,2.922329756891572927e+00
4.061600000000000321e+00,4.783793774129243559e+00
4.062400000000000233e+00,1.701294206836469591e+00
4.063200000000000145e+00,3.881009650479164463e+00
4.064000000000000057e+00,3.836716438915090066e+00
4.064799999999999969e+00,2.521279754944475648e+00
4.065599999999999881e+00,3.207618613347499092e+00
4.066399999999999793e+00,4.102420439684726361e+00
4.067199999999999704e+00,1.606070028426357377e+00
4.067999999999999616e+00,4.844052655344013303e+00
4.068799999999999528e+00,2.679307185036726935e+00
4.069600000000000328e+00,1.665081346982770993e+00
4.070400000000000240e+00,4.403592305589865141e+00
4.071200000000000152e+00,1.107966302343385001e+00
4.072000000000000064e+00,3.007510098356632966e+00
4.072799999999999976e+00,3.464871096069248591e+00
4.073599999999999888e+00,2.084624882228108156e+00
4.074400000000000688e+00,1.023117430064648836e+00
4.075200000000000600e+00,4.293256760960749929e+00
4.075999999999999623e+00,1.065571883818881904e+00
4.076799999999999535e+00,3.052852610508872466e+00
4.077599999999999447e+00,2.399984827926758157e+00
4.078399999999999359e+00,2.080325793088947606e+00
4.079200000000000159e+00,2.406063912043838737e+00
4.080000000000000071e+00,3.522113265301541229e+00
4.080799999999999983e+00,1.335398174903482671e+00
4.081599999999999895e+00,3.862787446767698807e+00
4.082399999999999807e+00,1.146303874668165079e+00
4.083199999999999719e+00,2.791852796771484346e+00
4.084000000000000519e+00,2.735674188865928169e+00
4.084800000000000431e+00,3.071620652361605863e+00
4.085600000000000342e+00,1.640705701910498915e+00
4.086400000000000254e+00,3.164002721174931754e+00
4.087199999999999278e+00,2.144118814126619643e+00
4.088000000000000078e+00,3.333850293090374173e+00
4.088799999999999990e+00,2.248771571560727267e+00
4.089599999999999902e+00,2.358445575927033744e+00
4.090399999999999814e+00,3.755471929524337948e+00
4.091199999999999726e+00,1.677170270762343929e+00
4.091999999999999638e+00,3.644450626251054981e+00
4.092800000000000438e+00,3.118309243955474930e+00
4.093600000000000350e+00,1.632080942570038884e+00
4.094400000000000261e+00,2.567872198910256198e+00
4.095200000000000173e+00,3.631725779574933366e+00
4.096000000000000085e+00,1.323718261834155863e+00
4.096799999999999997e+00,3.998202860418745175e+00
4.097600000000000797e+00,1.151841531772476834e+00
4.098399999999999821e+00,3.113337613523122993e+00
4.099199999999999733e+00,2.251216313511207101e+00
4.099999999999999645e+00,2.377258017856466399e+00
4.100799999999999557e+00,5.789829617346015089e-01
4.101599999999999469e+00,1.740599629823050831e+00
4.102400000000000269e+00,4.110462814517948260e+00
4.103200000000000180e+00,2.624390497526650101e+00
4.104000000000000092e+00,6.166240517510745534e+00
4.104800000000000004e+00,7.580173643053175425e+00
4.105599999999999916e+00,8.911139013211371918e+00
4.106399999999999828e+00,6.462650629643873046e+00
4.107200000000000628e+00,9.282875771628445349e+00
4.108000000000000540e+00,6.366743454783643230e+00
4.108800000000000452e+00,7.178520226141992921e+00
4.109599999999999476e+00,7.746869756279092911e+00
4.110399999999999388e+00,6.289687645466952581e+00
4.111199999999999299e+00,9.452999981495736392e+00
4.112000000000000099e+00,8.266408215916849045e+00
4.112800000000000011e+00,8.468853691218365398e+00
4.113599999999999923e+00,7.561657945713872842e+00
4.114399999999999835e+00,8.089605850353375871e+00
4.115199999999999747e+00,4.485267469771479831e+00
4.115999999999999659e+00,5.463000899253325215e+00
4.116800000000000459e+00,3.534044087145802759e+00
4.117600000000000371e+00,3.507555643736606221e+00
4.118400000000000283e+00,1.316206474862688491e+00
4.119200000000000195e+00,1.596148554230948813e+00
4.120000000000000107e+00,5.735457270306656419e-01
4.120800000000000018e+00,3.783414478097209543e-01
4.121599999999999930e+00,3.053398238052611902e+00
4.122399999999999842e+00,7.244783037554690663e-01
4.123199999999999754e+00,2.516629389230800040e+00
4.123999999999999666e+00,3.064097422070910071e+00
4.124799999999999578e+00,1.958236356121373811e+00
4.125600000000000378e+00,2.855570949975334560e+00
4.126400000000000290e+00,3.589353469265683216e+00
4.127200000000000202e+00,2.364576249769038796e+00
4.128000000000000114e+00,5.080731567703030471e+00
4.128800000000000026e+00,2.656008617947062334e+00
4.129599999999999937e+00,2.336897484558090987e+00
4.130400000000000738e+00,5.201575288666186125e+00
4.131200000000000649e+00,1.002331989745265800e-01
4.132000000000000561e+00,3.526303176056199362e+00
4.132799999999999585e+00,1.934885347149553514e+00
4.133599999999999497e+00,1.153929097128152392e+00
4.134399999999999409e+00,5.592498346353589334e-01
4.135200000000000209e+00,1.622347049837021382e+00
4.136000000000000121e+00,7.679183485295486555e-01
4.136800000000000033e+00,1.848250570206429189e-02
4.137599999999999945e+00,1.138645077095804758e+00
4.138399999999999856e+00,1.920399669397606424e+00
4.139199999999999768e+00,1.838090720254297539e+00
4.140000000000000568e+00,1.162613853529711694e+00
4.140800000000000480e+00,4.582155631056436640e+00
4.141600000000000392e+00,7.616851762782651525e-01
4.142400000000000304e+00,4.098038970008409443e+00
4.143200000000000216e+00,3.935437978394500824e+00
4.143999999999999240e+00,1.853636199153775976e+00
4.144800000000000040e+00,4.301434720130381528e+00
4.145599999999999952e+00,3.566951062794339045e+00
4.146399999999999864e+00,2.006352689711372150e+00
4.147199999999999775e+00,4.133216154081013727e+00
4.147999999999999687e+00,1.850951038333171095e+00
4.148799999999999599e+00,4.024082080549074014e+00
4.149600000000000399e+00,1.995439623251089589e+00
4.150400000000000311e+00,2.634289727796285785e+00
4.151200000000000223e+00,3.518111303624749553e+00
4.152000000000000135e+00,2.455930154582458336e+00
4.152800000000000047e+00,2.632747701851123612e+00
4.153599999999999959e+00,2.274021703891012436e+00
4.154400000000000759e+00,4.133101154473783012e+00
4.155199999999999783e+00,2.452607779536945642e+00
4.155999999999999694e+00,3.499283628834627180e+00
4.156799999999999606e+00,2.575818279947809319e+00
4.157599999999999518e+00,3.234042319014400757e+00
4.158399999999999430e+00,2.937525566472065197e+00
4.159200000000000230e+00,3.241429173952820708e+00
4.160000000000000142e+00,3.078000957042244412e+00
4.160800000000000054e+00,4.435529573312567031e+00
4.161599999999999966e+00,7.623263019922325023e-01
4.162399999999999878e+00,4.867247516887467818e+00
4.163199999999999790e+00,2.354075572365889713e+00
4.164000000000000590e+00,2.563095681318654506e+00
4.164800000000000502e+00,4.001293612966571267e+00
4.165600000000000414e+00,3.037912688990187071e+00
4.166399999999999437e+00,2.085716507465857905e+00
4.167199999999999349e+00,4.239307026641985665e+00
4.168000000000000149e+00,9.724175894428040978e-01
4.168800000000000061e+00,3.506580123950574723e+00
4.169599999999999973e+00,2.971518427864885847e+00
4.170399999999999885e+00,1.351500160946547402e-01
4.171199999999999797e+00,3.878933082730783077e+00
4.171999999999999709e+00,9.833627802708746479e-01
4.172800000000000509e+00,1.088508145678722450e+00
4.173600000000000421e+00,1.379932265156888604e+00
4.174400000000000333e+00,2.052490474176942303e+00
4.175200000000000244e+00,6.335681697096859910e-01
4.176000000000000156e+00,2.152008086806349585e+00
4.176800000000000068e+00,5.461112502031302274e-01
4.177599999999999980e+00,6.726820849346291098e-01
4.178399999999999892e+00,8.881051780412131391e-01
4.179199999999999804e+00,1.047420523123265390e+00
4.179999999999999716e+00,1.387123279309085133e-01
4.180799999999999628e+00,2.365060352716159553e+00
4.181599999999999540e+00,6.290685639752863212e-01
4.182400000000000340e+00,2.018152500629393220e+00
4.183200000000000252e+00,8.238436497083051480e-01
4.184000000000000163e+00,1.090291013368272166e+00
4.184800000000000075e+00,1.274713373013766970e+00
4.185599999999999987e+00,1.955295752140753240e+00
4.186399999999999899e+00,5.421543554691521383e-01
4.187200000000000699e+00,1.872057924003583063e+00
4.188000000000000611e+00,1.387559918900891587e+00
4.188799999999999635e+00,2.343746301037922475e+00
4.189599999999999547e+00,2.642744543981376371e+00
4.190399999999999459e+00,5.933138426858833858e-01
4.191199999999999370e+00,3.200715381164039197e+00
4.192000000000000171e+00,1.604906513381016087e+00
4.192800000000000082e+00,1.453540239796348166e+00
4.193599999999999994e+00,2.762367290219905680e+00
4.194399999999999906e+00,2.115828537100170603e+00
4.195199999999999818e+00,1.206168154516756408e+00
4.195999999999999730e+00,3.545441607244709026e+00
4.196800000000000530e+00,1.818962762682886369e-01
4.197600000000000442e+00,3.576445962853252336e+00
4.198400000000000354e+00,7.671578328815144010e-01
4.199200000000000266e+00,1.727148406723001406e+00
4.199999999999999289e+00,1.049020600568946859e+00
4.200800000000000090e+00,4.036858962433829690e-01
4.201600000000000001e+00,2.814676242239675386e+00
4.202399999999999913e+00,1.378992228363462802e+00
4.203199999999999825e+00,2.117776343090032931e+00
4.203999999999999737e+00,1.071763358749781325e+01
4.204799999999999649e+00,1.284435907481220340e+01
4.205600000000000449e+00,4.678406191669560954e+00
4.206400000000000361e+00,8.661752595543809718e+00
4.207200000000000273e+00,8.347112857282555254e+00
4.208000000000000185e+00,8.728099076997667183e+00
4.208800000000000097e+00,6.959509325502940769e+00
4.209600000000000009e+00,6.756420829711893283e+00
4.210400000000000809e+00,1.258559476293132384e+01
4.211199999999999832e+00,7.462054465178042939e+00
4.211999999999999744e+00,8.162692434315367507e+00
4.212799999999999656e+00,9.113481023885718457e+00
4.213599999999999568e+00,7.770055327113118970e+00
4.214399999999999480e+00,5.561220870111168502e+00
4.215200000000000280e+00,5.469949929763210150e+00
4.216000000000000192e+00,4.251796762873874869e+00
4.216800000000000104e+00,4.314517301234224611e+00
4.217600000000000016e+00,9.576835267353666081e-01
4.218399999999999928e+00,2.486821094462573267e+00
4.219199999999999839e+00,4.713057584725876548e-01
4.220000000000000639e+00,3.186660609516713816e-01
4.220800000000000551e+00,9.751115293923482419e-01
4.221600000000000463e+00,7.621485295237402369e-01
4.222399999999999487e+00,2.424696398677983034e+00
4.223199999999999399e+00,2.429578620247204057e+00
4.223999999999999311e+00,9.867500566214961744e-01
4.224800000000000111e+00,2.520908621250531390e+00
4.225600000000000023e+00,3.250302113651439839e+00
4.226399999999999935e+00,1.018198356848834196e+00
4.227199999999999847e+00,3.721250850342554539e+00
4.227999999999999758e+00,2.075300543135455644e+00
4.228799999999999670e+00,2.976269560882274234e+00
4.229600000000000470e+00,3.271600666768972765e+00
4.230400000000000382e+00,1.387091567969319372e-01
4.231200000000000294e+00,4.224472576635893262e+00
4.232000000000000206e+00,1.079636284452427208e+00
4.232800000000000118e+00,2.104030429647061606e-01
4.233599999999999142e+00,1.824354500254359079e+00
4.234399999999999942e+00,1.181621540741261550e-01
4.235199999999999854e+00,1.530989375777606298e+00
4.235999999999999766e+00,4.787419373206841522e-01
4.236799999999999677e+00,2.146283909406480728e+00
4.237599999999999589e+00,9.414123090598054411e-01
4.238399999999999501e+00,2.475597881795561062e+00
4.239200000000000301e+00,2.166026337739663798e+00
4.240000000000000213e+00,2.925561603132536437e+00
4.240800000000000125e+00,1.432275585824691388e+00
4.241600000000000037e+00,4.837343607452205596e+00
4.242399999999999949e+00,2.136700383499385847e+00
4.243199999999999861e+00,3.064354775309236167e+00
4.244000000000000661e+00,3.456441435584243216e+00
4.244800000000000573e+00,3.334252861457680961e+00
4.245599999999999596e+00,1.832573097205677959e+00
4.246399999999999508e+00,5.429642899425073388e+00
4.247199999999999420e+00,1.391548762076703749e+00
4.248000000000000220e+00,3.629679859367550332e+00
4.248800000000000132e+00,2.534703548036435272e+00
4.249600000000000044e+00,2.355190394150913136e+00
4.250399999999999956e+00,4.348860329865168239e+00
4.251199999999999868e+00,1.271701276690723414e+00
4.251999999999999780e+00,2.798602607710509282e+00
4.252800000000000580e+00,3.595680496286353556e+00
4.253600000000000492e+00,3.408740473816668448e+00
4.254400000000000404e+00,2.516855927582044572e+00
4.255200000000000315e+00,3.260329345760332398e+00
4.256000000000000227e+00,2.197258050515793926e+00
4.256799999999999251e+00,4.535614076232922010e+00
4.257600000000000051e+00,2.279474820671229196e+00
4.258399999999999963e+00,4.593204832247655744e+00
4.259199999999999875e+00,2.243259877091113630e+00
4.259999999999999787e+00,3.573833047148925690e+00
4.260799999999999699e+00,2.306632476476181637e+00
4.261599999999999611e+00,4.538920469998438456e+00
4.262400000000000411e+00,2.354253724401946357e+00
4.263200000000000323e+00,2.585596378259966688e+00
4.264000000000000234e+00,3.589807837750768282e+00
4.264800000000000146e+00,1.928018332863238316e+00
4.265600000000000058e+00,2.964572251996589802e+00
4.266399999999999970e+00,4.327955710658076605e+00
4.267200000000000770e+00,5.688373348152224729e-01
4.267999999999999794e+00,3.609492089438228746e+00
4.268799999999999706e+00,2.182956601899467941e+00
4.269599999999999618e+00,6.681237415830845183e-01
4.270399999999999530e+00,4.590815577011094994e+00
4.271199999999999442e+00,5.987386536776481138e-01
4.272000000000000242e+00,1.754484862351660901e+00
4.272800000000000153e+00,1.975709789904043667e+00
4.273600000000000065e+00,6.263892901056241636e-01
4.274399999999999977e+00,7.227264171404038651e-01
4.275199999999999889e+00,1.605603111203092626e+00
4.275999999999999801e+00,1.807408391989451524e-01
4.276800000000000601e+00,1.452851404189063667e+00
4.277600000000000513e+00,6.666739455231051048e-01
4.278400000000000425e+00,1.635273111804775636e+00
4.279199999999999449e+00,1.461813493461284197e-01
4.279999999999999361e+00,2.149204145636021579e+00
4.280800000000000161e+00,4.571607719807567194e-01
4.281600000000000072e+00,2.628566767307893848e+00
4.282399999999999984e+00,6.034921009354196064e-01
4.283199999999999896e+00,1.622834958612276446e-01
4.283999999999999808e+00,1.562842379188655650e+00
4.284799999999999720e+00,9.537130567812643900e-01
4.285600000000000520e+00,8.441431313458814811e-01
4.286400000000000432e+00,3.041012654185032638e+00
4.287200000000000344e+00,2.987831476446538015e-01
4.288000000000000256e+00,2.837144884006549628e+00
4.288800000000000168e+00,9.828523159038717871e-01
4.289600000000000080e+00,1.767222373787833423e+00
4.290399999999999991e+00,3.445178585049662345e+00
4.291199999999999903e+00,8.672679696906637759e-01
4.291999999999999815e+00,3.299927509565273365e+00
4.292799999999999727e+00,1.460393320210842782e+00
4.293599999999999639e+00,2.584768783289807637e+00
4.294399999999999551e+00,1.808383531651496234e+00
4.295200000000000351e+00,1.929782754983064841e+00
4.296000000000000263e+00,1.560609029612861853e+00
4.296800000000000175e+00,2.270064543538140356e+00
4.297600000000000087e+00,1.228581410695766651e+00
4.298399999999999999e+00,2.150653238611659912e+00
4.299199999999999910e+00,8.984939292479781070e-01
4.300000000000000711e+00,1.756761208886123304e+00
4.300800000000000622e+00,1.607679948896721500e+00
4.301599999999999646e+00,2.652346382257664281e+00
4.302399999999999558e+00,1.270378741278547663e+00
4.303199999999999470e+00,2.343390088447495856e+00
4.303999999999999382e+00,4.145859293206183516e+00
4.304800000000000182e+00,4.062164424572655363e+00
4.305600000000000094e+00,1.119693038952114783e+01
4.306400000000000006e+00,1.120751482549936284e+01
4.307199999999999918e+00,5.603892018095096184e+00
4.307999999999999829e+00,7.330864044218410314e+00
4.308799999999999741e+00,4.145289782933337719e+00
4.309600000000000541e+00,3.774041334264860659e+00
4.310400000000000453e+00,3.463918822348093229e+00
4.311200000000000365e+00,3.938810376536042934e+00
4.312000000000000277e+00,7.946470198067992818e+00
4.312799999999999301e+00,9.335000967394204707e+00
4.313600000000000101e+00,1.084959871930529829e+01
4.314400000000000013e+00,8.304004750632921983e+00
4.315199999999999925e+00,8.856503198930502307e+00
4.315999999999999837e+00,8.006132918226420259e+00
4.316799999999999748e+00,6.617999984324705487e+00
4.317599999999999660e+00,7.121801008845836556e+00
4.318400000000000460e+00,5.803213752129506631e+00
4.319200000000000372e+00,4.011636039603615700e+00
4.320000000000000284e+00,4.994896227091478735e+00
4.320800000000000196e+00,1.792011102094166031e+00
4.321600000000000108e+00,4.731583414252137132e+00
4.322400000000000020e+00,3.991966137553289856e-02
4.323200000000000820e+00,1.233017248821545842e+00
4.323999999999999844e+00,1.638605550576596404e+00
4.324799999999999756e+00,1.045842329534032861e-01
4.325599999999999667e+00,2.227528747122662800e+00
4.326399999999999579e+00,6.483971850248420044e-01
4.327199999999999491e+00,8.873075113290627147e-01
4.328000000000000291e+00,1.747297564758676147e+00
4.328800000000000203e+00,1.608189458610397748e+00
4.329600000000000115e+00,6.788154144674994894e-01
4.330400000000000027e+00,1.118915741541721021e+00
4.331199999999999939e+00,1.521814478365088652e+00
4.331999999999999851e+00,6.874175762157351821e-01
4.332800000000000651e+00,7.906998126069719746e-01
4.333600000000000563e+00,8.602107899811443081e-01
4.334400000000000475e+00,2.184955731284300429e-01
4.335199999999999498e+00,2.060873211197701504e+00
4.335999999999999410e+00,6.488553299699434396e-01
4.336799999999999322e+00,2.609271504146923881e+00
4.337600000000000122e+00,3.452848840951328491e+00
4.338400000000000034e+00,2.675891542609137197e+00
4.339199999999999946e+00,2.874638144978318266e+00
4.339999999999999858e+00,5.418637330867579038e+00
4.340799999999999770e+00,1.947998541543047191e+00
4.341599999999999682e+00,7.650961769768846565e+00
4.342400000000000482e+00,2.869029078558913426e+00
4.343200000000000394e+00,4.400067027403000708e+00
4.344000000000000306e+00,5.285750371692963689e+00
4.344800000000000217e+00,4.233395134135967908e+00
4.345600000000000129e+00,5.074627871137346702e+00
4.346399999999999153e+00,5.664740915713911029e+00
4.347199999999999953e+00,3.181732576667493539e+00
4.347999999999999865e+00,5.710068648362006449e+00
4.348799999999999777e+00,3.572557780151694562e+00
4.349599999999999689e+00,5.236087534901797014e+00
4.350399999999999601e+00,4.836664522020955204e+00
4.351199999999999513e+00,2.728300888649562772e+00
4.352000000000000313e+00,4.754013692182668116e+00
4.352800000000000225e+00,4.506994218445417921e+00
4.353600000000000136e+00,5.997568106921936426e+00
4.354400000000000048e+00,2.363754508873229021e+00
4.355199999999999960e+00,5.294578383311542069e+00
4.355999999999999872e+00,3.295193362406183546e+00
4.356800000000000672e+00,5.457560164821104287e+00
4.357599999999999696e+00,4.593052593858759636e+00
4.358399999999999608e+00,4.081951444509413385e+00
4.359199999999999520e+00,4.562588658630651217e+00
4.359999999999999432e+00,4.835024768089788871e+00
4.360800000000000232e+00,3.728628705889350137e+00
4.361600000000000144e+00,7.144657905360610073e+00
4.362400000000000055e+00,2.788486338170145462e+00
4.363199999999999967e+00,4.546117479305320508e+00
4.363999999999999879e+00,5.020052534372489106e+00
4.364799999999999791e+00,3.858970834904445812e+00
4.365600000000000591e+00,5.096225317167334623e+00
4.366400000000000503e+00,5.327213005035393856e+00
4.367200000000000415e+00,2.756901809533298664e+00
4.368000000000000327e+00,5.317549904867274080e+00
4.368800000000000239e+00,4.319621277122927872e+00
4.369599999999999262e+00,3.274520912959231644e+00
4.370400000000000063e+00,5.336595072381442151e+00
4.371199999999999974e+00,1.666539626590478607e+00
4.371999999999999886e+00,3.423433487325329594e+00
4.372799999999999798e+00,4.583794686826051290e+00
4.373599999999999710e+00,2.906083353986883555e+00
4.374399999999999622e+00,2.058059068214372456e+00
4.375200000000000422e+00,4.392255792820283666e+00
4.376000000000000334e+00,1.309372258274890566e+00
4.376800000000000246e+00,4.005984076011000816e+00
4.377600000000000158e+00,2.361322327449882685e+00
4.378400000000000070e+00,2.536104162971110743e+00
4.379199999999999982e+00,1.590611914900970536e+00
4.380000000000000782e+00,2.955477107973229600e+00
4.380799999999999805e+00,1.740862259225210984e+00
4.381599999999999717e+00,4.140892753172115803e+00
4.382399999999999629e+00,1.381713196762765161e+00
4.383199999999999541e+00,1.908352993131936737e+00
4.383999999999999453e+00,2.824044979707811986e+00
4.384800000000000253e+00,3.067744556732753480e+00
4.385600000000000165e+00,2.394706181875284390e+00
4.386400000000000077e+00,3.714153183129467628e+00
4.387199999999999989e+00,2.179547361442161879e+00
4.387999999999999901e+00,2.976591422084233773e+00
4.388799999999999812e+00,3.758569178602162886e+00
4.389600000000000612e+00,2.548854598825729401e+00
4.390400000000000524e+00,4.722279448982799721e+00
4.391200000000000436e+00,1.076839691255136122e+00
4.391999999999999460e+00,3.327716825395653277e+00
4.392799999999999372e+00,4.273877869706655730e+00
4.393600000000000172e+00,2.752380249946000390e+00
4.394400000000000084e+00,2.869522927855614469e+00
4.395199999999999996e+00,3.725380740720193096e+00
4.395999999999999908e+00,2.195433079892052053e+00
4.396799999999999820e+00,5.083338538037768473e+00
4.397599999999999731e+00,1.874313203814620854e+00
4.398400000000000531e+00,3.323071735234441881e+00
4.399200000000000443e+00,2.943810740184773955e+00
4.400000000000000355e+00,2.890195577443559927e+00
4.400800000000000267e+00,1.746597071152587777e+00
4.401600000000000179e+00,3.825169211928496349e+00
4.402400000000000091e+00,2.527168617751270663e+00
4.403200000000000003e+00,8.019517524942411768e+00
4.403999999999999915e+00,9.246570123736384872e+00
4.404799999999999827e+00,7.843616169651790315e+00
4.405599999999999739e+00,7.990329414722688206e+00
4.406399999999999650e+00,1.129758640660070945e+01
4.407199999999999562e+00,6.901194588041307476e+00
4.408000000000000362e+00,8.769977200031480180e+00
4.408800000000000274e+00,1.027180204065661506e+01
4.409600000000000186e+00,7.284672063661951746e+00
4.410400000000000098e+00,8.490387228859548330e+00
4.411200000000000010e+00,7.578430112002962460e+00
4.411999999999999922e+00,9.165947424901434104e+00
4.412800000000000722e+00,1.153060707898040427e+01
4.413600000000000634e+00,8.763977138622534468e+00
4.414399999999999658e+00,6.968411599390972100e+00
4.415199999999999569e+00,8.414521023627790086e+00
4.415999999999999481e+00,6.281564452914311758e+00
4.416799999999999393e+00,6.411142436828742852e+00
4.417600000000000193e+00,5.265746261674894235e+00
4.418400000000000105e+00,5.229830002142808354e+00
4.419200000000000017e+00,3.911071838598384698e+00
4.419999999999999929e+00,4.152184049393628840e+00
4.420799999999999841e+00,3.035123054039033708e+00
4.421599999999999753e+00,4.303708845185212795e+00
4.422400000000000553e+00,7.005917554003074921e-01
4.423200000000000465e+00,2.859722328212796594e+00
4.424000000000000377e+00,1.832618982270692642e+00
4.424800000000000288e+00,2.587595504369782251e+00
4.425599999999999312e+00,2.081975131272200130e+00
4.426399999999999224e+00,2.014316755722985519e+00
4.427200000000000024e+00,7.059610530191472444e-01
4.427999999999999936e+00,2.509111133427893492e+00
4.428799999999999848e+00,1.185043250853277552e+00
4.429599999999999760e+00,1.356193442816004291e+00
4.430399999999999672e+00,2.363746555318395171e+00
4.431199999999999584e+00,2.646537507956638891e-01
4.432000000000000384e+00,2.146273898629590171e+00
4.432800000000000296e+00,3.653187659553528643e+00
4.433600000000000207e+00,2.477591665484985217e+00
4.434400000000000119e+00,1.922757893207985846e+00
4.435200000000000031e+00,5.254149768252051267e+00
4.436000000000000831e+00,1.181679569899146687e+00
4.436799999999999855e+00,5.531211790384486626e+00
4.437599999999999767e+00,4.007307511075918427e+00
4.438399999999999679e+00,3.571445304459634151e+00
4.439199999999999591e+00,4.923611935937446837e+00
4.439999999999999503e+00,5.283835542915278793e+00
4.440800000000000303e+00,4.157804816991920838e+00
4.441600000000000215e+00,8.076090216398180033e+00
4.442400000000000126e+00,2.807947280490600939e+00
4.443200000000000038e+00,5.833168835687447817e+00
4.443999999999999950e+00,5.921376859337329712e+00
4.444799999999999862e+00,5.336318413705666508e+00
4.445600000000000662e+00,5.122297354917860090e+00
4.446400000000000574e+00,5.388022913027906036e+00
4.447200000000000486e+00,5.117715301885216839e+00
4.447999999999999510e+00,4.993696689046323023e+00
4.448799999999999422e+00,5.485963053126067912e+00
4.449599999999999334e+00,5.068896023472236223e+00
4.450400000000000134e+00,4.918409265777818007e+00
4.451200000000000045e+00,3.964792214418319638e+00
4.451999999999999957e+00,4.231460801079879097e+00
4.452799999999999869e+00,6.408237433299079910e+00
4.453599999999999781e+00,5.567599215351450859e+00
4.454399999999999693e+00,2.391396122938154178e+00
4.455200000000000493e+00,6.190475778878182567e+00
4.456000000000000405e+00,3.505122399901957397e+00
4.456800000000000317e+00,6.694375830175298248e+00
4.457600000000000229e+00,3.900621616172276873e+00
4.458400000000000141e+00,4.985386020459979584e+00
4.459199999999999164e+00,5.318232593538755104e+00
4.459999999999999964e+00,4.429391635859091458e+00
4.460799999999999876e+00,5.366941163292822559e+00
4.461599999999999788e+00,6.528403498021996043e+00
4.462399999999999700e+00,3.180453411803320751e+00
4.463199999999999612e+00,5.698145024121414437e+00
4.463999999999999524e+00,5.148804912245390497e+00
4.464800000000000324e+00,5.232477826124695142e+00
4.465600000000000236e+00,4.526108844733361281e+00
4.466400000000000148e+00,5.445332530328522935e+00
4.467200000000000060e+00,3.008943159799307043e+00
4.467999999999999972e+00,5.349803242901966627e+00
4.468799999999999883e+00,4.882564829928920602e+00
4.469600000000000684e+00,2.929680478369432350e+00
4.470399999999999707e+00,6.137026381892900062e+00
4.471199999999999619e+00,2.126271115742167872e+00
4.471999999999999531e+00,4.102001680243064996e+00
4.472799999999999443e+00,5.517240807678287950e+00
4.473600000000000243e+00,2.653442562237758651e+00
4.474400000000000155e+00,2.707479699012087959e+00
4.475200000000000067e+00,4.565878525983799285e+00
4.475999999999999979e+00,2.004461483399250454e+00
4.476799999999999891e+00,4.649552913788877362e+00
4.477599999999999802e+00,2.005395321789265939e+00
4.478400000000000603e+00,3.585602069836908878e+00
4.479200000000000514e+00,1.730754537332757081e+00
4.480000000000000426e+00,4.555572182268629255e+00
4.480800000000000338e+00,2.258964159476152922e+00
4.481599999999999362e+00,4.492265974480801560e+00
4.482399999999999274e+00,2.856786444135336556e+00
4.483200000000000074e+00,2.420165898235070667e+00
4.483999999999999986e+00,4.374798017779816917e+00
4.484799999999999898e+00,4.192873569580036985e+00
4.485599999999999810e+00,2.420354825324930736e+00
4.486399999999999721e+00,4.326505596326359004e+00
4.487199999999999633e+00,2.265441571900975060e+00
4.488000000000000433e+00,4.376835902620253904e+00
4.488800000000000345e+00,3.726875158400646093e+00
4.489600000000000257e+00,2.240801881428880815e+00
4.490400000000000169e+00,5.360436756561139937e+00
4.491200000000000081e+00,9.251821835054770959e-01
4.491999999999999993e+00,5.106467258685160715e+00
4.492800000000000793e+00,4.635089220091225037e+00
4.493599999999999817e+00,3.055415708968174382e+00
4.494399999999999729e+00,3.842686658772276775e+00
4.495199999999999640e+00,3.763714532894705922e+00
4.495999999999999552e+00,3.485564923946361748e+00
4.496799999999999464e+00,4.975476546004220069e+00
4.497600000000000264e+00,2.027451214606172059e+00
4.498400000000000176e+00,3.813431326560170032e+00
4.499200000000000088e+00,2.132137977334622292e+00
4.500000000000000000e+00,4.288030804060054990e+00
4.500799999999999912e+00,2.250128195893205341e+00
4.501599999999999824e+00,3.435950155635548064e+00
4.502400000000000624e+00,2.149374793586477761e+00
4.503200000000000536e+00,1.097396933311931333e+00
4.504000000000000448e+00,1.022163687024225442e+00
4.504799999999999471e+00,5.312312362121108800e-01
4.505599999999999383e+00,5.135181090939177073e-01
4.506400000000000183e+00,2.120410458966142553e+00
4.507200000000000095e+00,1.532068483477334153e+00
4.508000000000000007e+00,1.999611960017915635e+00
4.508799999999999919e+00,1.479452729684469059e+00
4.509599999999999831e+00,1.731151790401624646e-01
4.510399999999999743e+00,6.394920778020234120e-02
4.511200000000000543e+00,1.348773791823809409e+00
4.512000000000000455e+00,1.507953435727741875e-01
4.512800000000000367e+00,1.020270537913686049e+00
4.513600000000000279e+00,4.567483197732562505e-01
4.514400000000000190e+00,1.820083871134061393e-01
4.515200000000000102e+00,1.454610937642933699e+00
4.516000000000000014e+00,1.228249458158239493e+00
4.516799999999999926e+00,2.396939010777819679e+00
4.517599999999999838e+00,8.480803946834700735e-01
4.518399999999999750e+00,2.726919991276486321e+00
4.519199999999999662e+00,1.106211542551145621e+00
4.519999999999999574e+00,3.835234643430327939e+00
4.520800000000000374e+00,2.208194796914917823e+00
4.521600000000000286e+00,4.800624894473591198e+00
4.522400000000000198e+00,1.685459508904698422e+00
4.523200000000000109e+00,2.977762782975098332e+00
4.524000000000000021e+00,3.571880995683179627e+00
4.524799999999999933e+00,3.544418726297946964e+00
4.525600000000000733e+00,2.563548261826061214e+00
4.526400000000000645e+00,3.881933048322923518e+00
4.527199999999999669e+00,2.698061896036471285e+00
4.527999999999999581e+00,4.326329861156042789e+00
4.528799999999999493e+00,3.239203568697570645e+00
4.529599999999999405e+00,2.241040976672802998e+00
4.530400000000000205e+00,4.804269318133185251e+00
4.531200000000000117e+00,5.718232145798096688e-01
4.532000000000000028e+00,3.491159239038118756e+00
4.532799999999999940e+00,3.776386069462234651e+00
4.533599999999999852e+00,1.552689554728798438e+00
4.534399999999999764e+00,1.613794395776995794e+00
4.535200000000000564e+00,3.135409067077760348e+00
4.536000000000000476e+00,5.070522745730959846e-01
4.536800000000000388e+00,3.299126791079577181e+00
4.537600000000000300e+00,2.721830885276562695e-01
4.538399999999999324e+00,1.634196687880994370e+00
4.539199999999999235e+00,8.987504811100673896e-01
4.540000000000000036e+00,2.125664217737048389e+00
4.540799999999999947e+00,3.888126213692567057e-01
4.541599999999999859e+00,2.135092207967317801e+00
4.542399999999999771e+00,6.081038477848988572e-02
4.543199999999999683e+00,7.272252508273980842e-01
4.543999999999999595e+00,1.624478263504450792e+00
4.544800000000000395e+00,1.647195662944585193e+00
4.545600000000000307e+00,3.300053047060396150e-01
4.546400000000000219e+00,2.226778526268130776e+00
4.547200000000000131e+00,3.704688728334287195e-01
4.548000000000000043e+00,1.422286642317807548e+00
4.548799999999999955e+00,1.534538395942568689e+00
4.549599999999999866e+00,3.003771950500819590e-02
4.550399999999999778e+00,2.256527239618066449e+00
4.551199999999999690e+00,1.119708087965673587e-01
4.551999999999999602e+00,8.964060461008691583e-01
4.552799999999999514e+00,2.455733995780656986e+00
4.553600000000000314e+00,5.310222588070201422e-01
4.554400000000000226e+00,5.832913964243832128e-01
4.555200000000000138e+00,1.182357747999519537e+00
4.556000000000000050e+00,6.380601691269651710e-01
4.556799999999999962e+00,2.421419946754684638e+00
4.557599999999999874e+00,4.116106479870578205e-01
4.558400000000000674e+00,1.578775463555702308e+00
4.559200000000000585e+00,4.705495899170422103e-01
4.560000000000000497e+00,1.566542956818618659e+00
4.560799999999999521e+00,2.430632426309251859e-01
4.561599999999999433e+00,1.889784353636155156e+00
4.562399999999999345e+00,9.578557843506313452e-02
4.563200000000000145e+00,6.140989983592847201e-01
4.564000000000000057e+00,1.862694569494353303e+00
4.564799999999999969e+00,3.561702738344464381e-01
4.565599999999999881e+00,4.174954719935545233e-01
4.566399999999999793e+00,2.696004701470032128e+00
4.567199999999999704e+00,7.483968649161742981e-01
4.568000000000000504e+00,2.977641359532861021e+00
4.568800000000000416e+00,9.202754045065064670e-01
4.569600000000000328e+00,4.222965305801664737e-01
4.570400000000000240e+00,3.272250180295742439e+00
4.571200000000000152e+00,1.056426369706925827e+00
4.571999999999999176e+00,2.317116942394445545e+00
4.572799999999999976e+00,1.836173794585661101e+00
4.573599999999999888e+00,5.952426564339353687e-01
4.574399999999999800e+00,8.672552242030272529e-01
4.575199999999999712e+00,2.307886804756267285e+00
4.575999999999999623e+00,9.352980309900456035e-01
4.576799999999999535e+00,2.220528939876594166e+00
4.577600000000000335e+00,9.569161126507913506e-01
4.578400000000000247e+00,1.835858959413575242e+00
4.579200000000000159e+00,5.153613823493187196e-01
4.580000000000000071e+00,3.127882991145646052e+00
4.580799999999999983e+00,3.923043203377761870e-03
4.581599999999999895e+00,2.750728994078801559e+00
4.582400000000000695e+00,1.357871265864032950e-01
4.583199999999999719e+00,7.857643302362200544e-01
4.583999999999999631e+00,2.292546623115492732e+00
4.584799999999999542e+00,7.258667375880207828e-01
4.585599999999999454e+00,5.759463207911214022e-01
4.586400000000000254e+00,1.723592975748328149e+00
4.587200000000000166e+00,3.179816172804956209e-01
4.588000000000000078e+00,2.218486680555718404e+00
4.588799999999999990e+00,3.198099308751141123e-01
4.589599999999999902e+00,7.523117088710128408e-01
4.590399999999999814e+00,1.815204296426399466e+00
4.591200000000000614e+00,3.781841492697611828e-01
4.592000000000000526e+00,2.003496172102456008e+00
4.592800000000000438e+00,6.617096036486458388e-01
4.593600000000000350e+00,4.259363676732377813e-01
4.594399999999999373e+00,4.423360579332412668e-01
4.595199999999999285e+00,1.374155803728449587e+00
4.596000000000000085e+00,6.494800460222445171e-01
4.596799999999999997e+00,1.344382805172590567e+00
4.597599999999999909e+00,2.213166673265630491e-01
4.598399999999999821e+00,1.084258950559405799e+00
4.599199999999999733e+00,6.673272596743541341e-01
4.599999999999999645e+00,2.440788229589259117e+00
4.600800000000000445e+00,1.954053522982772018e+00
4.601600000000000357e+00,7.613111740190357857e+00
4.602400000000000269e+00,5.471128512880941486e+00
4.603200000000000180e+00,8.706001616257765363e+00
4.604000000000000092e+00,1.316322509428148813e+01
4.604800000000000004e+00,1.267989092789673577e+01
4.605599999999999916e+00,1.046147962346822702e+01
4.606399999999999828e+00,1.279452247243385266e+01
4.607199999999999740e+00,1.193484631622130010e+01
4.607999999999999652e+00,1.527786721980780982e+01
4.608799999999999564e+00,1.200356419300280919e+01
4.609599999999999476e+00,1.220126538120525517e+01
4.610400000000000276e+00,1.374702059432620516e+01
4.611200000000000188e+00,1.163803918988184805e+01
4.612000000000000099e+00,1.226265833120072024e+01
4.612800000000000011e+00,1.231759279869186230e+01
4.613599999999999923e+00,1.116064868051658721e+01
4.614399999999999835e+00,7.505189398582269078e+00
4.615200000000000635e+00,9.521202747227867746e+00
4.616000000000000547e+00,6.625991796331129002e+00
4.616800000000000459e+00,6.176686045248730217e+00
4.617599999999999483e+00,4.263657420492537042e+00
4.618399999999999395e+00,3.518614488384356420e+00
4.619200000000000195e+00,2.514184228754444916e+00
4.620000000000000107e+00,2.697877786136156253e+00
4.620800000000000018e+00,2.498984769751978752e-01
4.621599999999999930e+00,2.244782753301715506e+00
4.622399999999999842e+00,1.720886071484939661e+00
4.623199999999999754e+00,9.246664725034073884e-01
4.624000000000000554e+00,2.378016265279963778e-02
4.624800000000000466e+00,5.010519211857475952e-01
4.625600000000000378e+00,2.956191553184092657e-01
4.626400000000000290e+00,9.183646219445498193e-01
4.627200000000000202e+00,3.951161994084915752e-01
4.628000000000000114e+00,2.336786983163027520e-01
4.628800000000000026e+00,8.717175328125195133e-01
4.629599999999999937e+00,8.211154446666568685e-01
4.630399999999999849e+00,1.147145021529687003e+00
4.631199999999999761e+00,8.311738264957934108e-01
4.631999999999999673e+00,1.348130038846760970e+00
4.632799999999999585e+00,2.115890042250823111e+00
4.633600000000000385e+00,1.045687697142742234e+00
4.634400000000000297e+00,1.892822728303321655e+00
4.635200000000000209e+00,4.980093892968032065e+00
4.636000000000000121e+00,1.941820323438639750e+00
4.636800000000000033e+00,4.961720293426914452e+00
4.637599999999999945e+00,4.513249353676709319e+00
4.638400000000000745e+00,4.020080977288424506e+00
4.639200000000000657e+00,6.449525878229014353e+00
4.639999999999999680e+00,6.237435272646969509e+00
4.640799999999999592e+00,4.451698239547904556e+00
4.641599999999999504e+00,7.919132997598727464e+00
4.642399999999999416e+00,4.354913187277559494e+00
4.643200000000000216e+00,6.214753326226423624e+00
4.644000000000000128e+00,6.461093940190662188e+00
4.644800000000000040e+00,5.322915224801527678e+00
4.645599999999999952e+00,5.012673829844078277e+00
4.646399999999999864e+00,7.150129744236115137e+00
4.647199999999999775e+00,5.131684018622052257e+00
4.648000000000000576e+00,6.562195815011198974e+00
4.648800000000000487e+00,4.734355887762732529e+00
4.649600000000000399e+00,5.565753147668556444e+00
4.650400000000000311e+00,6.412864305533229725e+00
4.651199999999999335e+00,4.638266606562166494e+00
4.651999999999999247e+00,5.379980045173494929e+00
4.652800000000000047e+00,6.236498448950034579e+00
4.653599999999999959e+00,5.888334160876043555e+00
4.654399999999999871e+00,4.904297293113655698e+00
4.655199999999999783e+00,6.439308091861657424e+00
4.655999999999999694e+00,4.682025849837620157e+00
4.656799999999999606e+00,6.578210476735322665e+00
4.657600000000000406e+00,4.775938523012535519e+00
4.658400000000000318e+00,6.878833672077495187e+00
4.659200000000000230e+00,5.354968813047020326e+00
4.660000000000000142e+00,6.326537222274261296e+00
4.660800000000000054e+00,4.540262572714631517e+00
4.661599999999999966e+00,7.741832388847042168e+00
4.662399999999999878e+00,4.308789589385077612e+00
4.663199999999999790e+00,5.831082586408683710e+00
4.663999999999999702e+00,6.189802503552732205e+00
4.664799999999999613e+00,4.651016457090501710e+00
4.665599999999999525e+00,4.972118709136047698e+00
4.666400000000000325e+00,6.065123279424336822e+00
4.667200000000000237e+00,3.540622707619400789e+00
4.668000000000000149e+00,5.897057730631465766e+00
4.668800000000000061e+00,3.935538336156869654e+00
4.669599999999999973e+00,3.448673409152686720e+00
4.670399999999999885e+00,6.328689184969105597e+00
4.671200000000000685e+00,2.113739468376615527e+00
4.672000000000000597e+00,4.526366606429578887e+00
4.672800000000000509e+00,4.067727066914547329e+00
4.673599999999999532e+00,3.051694351246874604e+00
4.674399999999999444e+00,2.631286663168820095e+00
4.675199999999999356e+00,4.369903738678558192e+00
4.676000000000000156e+00,1.882018491526929793e+00
4.676800000000000068e+00,3.409847404770261381e+00
4.677599999999999980e+00,2.922341594477007476e+00
4.678399999999999892e+00,3.115213697467545284e+00
4.679199999999999804e+00,2.438051873220584476e+00
4.679999999999999716e+00,4.302165190307037257e+00
4.680800000000000516e+00,1.112370319267260710e+00
4.681600000000000428e+00,4.998302005384766211e+00
4.682400000000000340e+00,2.506913910211093555e+00
4.683200000000000252e+00,2.853123968081329398e+00
4.684000000000000163e+00,4.128038409287051458e+00
4.684799999999999187e+00,3.043670806336108203e+00
4.685599999999999987e+00,3.193334390582207138e+00
4.686399999999999899e+00,4.684900069678300305e+00
4.687199999999999811e+00,3.145623963111573662e+00
4.687999999999999723e+00,4.724212707919120291e+00
4.688799999999999635e+00,3.092866689818303705e+00
4.689599999999999547e+00,3.414910503360238714e+00
4.690400000000000347e+00,5.557547243624275879e+00
4.691200000000000259e+00,2.778523794281726023e+00
4.692000000000000171e+00,4.228110098471947076e+00
4.692800000000000082e+00,4.434094711871427563e+00
4.693599999999999994e+00,3.520659569282754031e+00
4.694399999999999906e+00,3.976527103965854515e+00
4.695200000000000706e+00,4.817730573877812894e+00
4.695999999999999730e+00,2.801855557030576538e+00
4.696799999999999642e+00,4.973380487248190818e+00
4.697599999999999554e+00,2.551288375688057997e+00
4.698399999999999466e+00,4.398905935652031474e+00
4.699200000000000266e+00,3.688656254965699155e+00
4.700000000000000178e+00,4.118707909307979698e+00
4.700800000000000090e+00,3.217026714988389102e+00
4.701600000000000001e+00,5.574411574728585173e+00
4.702399999999999913e+00,4.671225169268182764e-01
4.703199999999999825e+00,7.614930760597744541e-01
4.704000000000000625e+00,2.748216564583302990e+00
4.704800000000000537e+00,3.277150578852835228e+00
4.705600000000000449e+00,6.809334927660311010e+00
4.706400000000000361e+00,4.379300514266300404e+00
4.707199999999999385e+00,5.054809137569811206e+00
4.707999999999999297e+00,3.626130310441261440e+00
4.708800000000000097e+00,2.555056542069306325e+00
4.709600000000000009e+00,3.710547742463208731e+00
4.710399999999999920e+00,2.283555000734544205e+00
4.711199999999999832e+00,4.873120797867834142e+00
4.711999999999999744e+00,6.736159551905338994e+00
4.712799999999999656e+00,5.260921685855579177e+00
4.713600000000000456e+00,6.807902710591874573e+00
4.714400000000000368e+00,6.362398882310827730e+00
4.715200000000000280e+00,3.337948612611639998e+00
4.716000000000000192e+00,5.770847856630677342e+00
4.716800000000000104e+00,1.893072985704822964e+00
4.717600000000000016e+00,3.392947467435571518e+00
4.718399999999999928e+00,7.475589481542984638e-01
4.719199999999999839e+00,1.351924134308336800e+00
4.719999999999999751e+00,1.105060857653582529e-01
4.720799999999999663e+00,1.019943431071932194e+00
4.721599999999999575e+00,2.711914510499828346e+00
4.722399999999999487e+00,2.204405964835462584e+00
4.723200000000000287e+00,2.838027857890871530e+00
4.724000000000000199e+00,3.269354136739149652e+00
4.724800000000000111e+00,3.246490980402873650e+00
4.725600000000000023e+00,2.685933180775604612e+00
4.726399999999999935e+00,4.604917362817682047e+00
4.727199999999999847e+00,2.624689960721155568e+00
4.728000000000000647e+00,4.540648754622734096e+00
4.728800000000000558e+00,4.142432720127027679e+00
4.729600000000000470e+00,2.462344657985577001e+00
4.730399999999999494e+00,6.652831493129951923e+00
4.731199999999999406e+00,1.728055642745177867e+00
4.731999999999999318e+00,3.377147052210862199e+00
4.732800000000000118e+00,4.685953750890847758e+00
4.733600000000000030e+00,1.525570953864892054e+00
4.734399999999999942e+00,3.489985408595421834e+00
4.735199999999999854e+00,3.023677615244801498e+00
4.735999999999999766e+00,6.428386274935856681e-01
4.736799999999999677e+00,2.268978949033376935e+00
4.737600000000000477e+00,3.397993074365040500e-01
4.738400000000000389e+00,1.091737316333042385e+00
4.739200000000000301e+00,6.445863208783889631e-01
4.740000000000000213e+00,3.893012180669080391e-01
4.740800000000000125e+00,1.915029003458722290e+00
4.741600000000000037e+00,4.374300113007016377e-01
4.742399999999999949e+00,1.427562766344021128e+00
4.743199999999999861e+00,2.138385156058406178e+00
4.743999999999999773e+00,1.022930529827491108e+00
4.744799999999999685e+00,1.110570512889097472e+00
4.745599999999999596e+00,3.139753775030412530e+00
4.746400000000000396e+00,1.240547557274337409e+00
4.747200000000000308e+00,3.430500651440805626e+00
4.748000000000000220e+00,5.363881776485088793e-01
4.748800000000000132e+00,1.822251065458935448e+00
4.749600000000000044e+00,2.254996706357588199e+00
4.750399999999999956e+00,6.171979620781476994e-01
4.751200000000000756e+00,3.037893004272793185e+00
4.752000000000000668e+00,1.748659207694695406e+00
4.752799999999999692e+00,3.579118915927317901e-01
4.753599999999999604e+00,1.451598041991267074e+00
4.754399999999999515e+00,1.354962531773399537e+00
4.755199999999999427e+00,1.535559247645891245e+00
4.756000000000000227e+00,2.290449894844968970e+00
4.756800000000000139e+00,2.609432703099076600e-01
4.757600000000000051e+00,2.801722730064490019e+00
4.758399999999999963e+00,2.170112416512487430e-02
4.759199999999999875e+00,2.548913225152796613e+00
4.759999999999999787e+00,1.554158910511247438e+00
4.760800000000000587e+00,3.295849712883052618e+00
4.761600000000000499e+00,3.882883877596005756e-02
4.762400000000000411e+00,2.818598508228664201e+00
4.763200000000000323e+00,2.480308335951404430e+00
4.763999999999999346e+00,9.341660263182720580e-01
4.764799999999999258e+00,2.492193400269184345e+00
4.765600000000000058e+00,1.566253880051164504e+00
4.766399999999999970e+00,1.327800330105090854e-01
4.767199999999999882e+00,3.520907136252185765e+00
4.767999999999999794e+00,2.047496836629882078e-01
4.768799999999999706e+00,1.733179968516322944e+00
4.769599999999999618e+00,2.295805103292241967e+00
4.770400000000000418e+00,1.403750921956552045e+00
4.771200000000000330e+00,3.194846232140214237e+00
4.772000000000000242e+00,4.505681014232582604e-01
4.772800000000000153e+00,7.801496461241884395e-02
4.773600000000000065e+00,2.884886097994123211e-01
4.774399999999999977e+00,5.500856092449917245e-01
4.775199999999999889e+00,4.415882039914667545e-01
4.775999999999999801e+00,1.027666886065772500e+00
4.776799999999999713e+00,1.420529391839875089e-01
4.777599999999999625e+00,3.713183037245191276e-01
4.778399999999999537e+00,4.023433887435656775e-01
4.779200000000000337e+00,6.166685988198334911e-01
4.780000000000000249e+00,1.434577377969530554e+00
4.780800000000000161e+00,1.699988011434530266e+00
4.781600000000000072e+00,2.555754243050988972e+00
4.782399999999999984e+00,9.833809815416717504e-01
4.783199999999999896e+00,1.098167199308153624e-01
4.784000000000000696e+00,1.348543804871344398e-01
4.784800000000000608e+00,8.115253408577740579e-01
4.785600000000000520e+00,3.537428090732497310e-01
4.786399999999999544e+00,3.659003827090839822e-01
4.787199999999999456e+00,1.560289169841282408e+00
4.787999999999999368e+00,3.501835926263003329e-01
4.788800000000000168e+00,1.436350382344347310e+00
4.789600000000000080e+00,3.898464884239386530e-01
4.790399999999999991e+00,2.943167435296238366e-01
4.791199999999999903e+00,2.962490360580698479e+00
4.791999999999999815e+00,1.359642645147933759e-01
4.792799999999999727e+00,1.485816495173964968e+00
4.793600000000000527e+00,2.202635450445684928e-01
4.794400000000000439e+00,1.502632147955296205e+00
4.795200000000000351e+00,7.455088566463294319e-02
4.796000000000000263e+00,2.264979032170224116e+00
4.796800000000000175e+00,1.209174856457578828e-01
4.797599999999999199e+00,9.479146320413562865e-01
4.798399999999999999e+00,5.994706802094995624e-01
4.799199999999999910e+00,1.452628649281043627e+00
4.799999999999999822e+00,2.707656898764000397e-01
4.800799999999999734e+00,3.668293694986961118e+00
4.801599999999999646e+00,9.105134777694945392e-01
4.802399999999999558e+00,4.522448951609606027e+00
4.803200000000000358e+00,3.140564807233146905e+00
4.804000000000000270e+00,6.706076381721437052e+00
4.804800000000000182e+00,5.945241241910045105e+00
4.805600000000000094e+00,4.879695185889636022e+00
4.806400000000000006e+00,7.117786028057457415e+00
4.807199999999999918e+00,8.766950571563018713e+00
4.808000000000000718e+00,5.085234612978632107e+00
4.808799999999999741e+00,7.140433151013759527e+00
4.809599999999999653e+00,7.978510536305258860e+00
4.810399999999999565e+00,5.791084255331011121e+00
4.811199999999999477e+00,8.438252362523728678e+00
4.812000000000000277e+00,8.128249346086107607e+00
4.812800000000000189e+00,6.857593867862961545e+00
4.813600000000000101e+00,6.845723473980124929e+00
4.814400000000000013e+00,6.526407852791987096e+00
4.815199999999999925e+00,4.680746616842359487e+00
4.815999999999999837e+00,6.241074660093554272e+00
4.816800000000000637e+00,3.061414977280826122e+00
4.817600000000000549e+00,3.615306024491951487e+00
4.818400000000000460e+00,2.772208811631293290e+00
4.819200000000000372e+00,3.512432941124560060e+00
4.819999999999999396e+00,1.956769444286012849e+00
4.820799999999999308e+00,2.618599126220050088e+00
4.821600000000000108e+00,3.191202705317160992e-01
4.822400000000000020e+00,1.774062652583053623e+00
4.823199999999999932e+00,1.517417465803005738e+00
4.823999999999999844e+00,3.445942614522473635e-02
4.824799999999999756e+00,2.786393839069954415e-01
4.825599999999999667e+00,3.371503431508667270e-01
4.826400000000000468e+00,8.659030925876781692e-01
4.827200000000000379e+00,1.532068926096972428e+00
4.828000000000000291e+00,1.402625664423197804e+00
4.828800000000000203e+00,5.261218460076120262e-01
4.829600000000000115e+00,2.766799348434534900e-01
4.830400000000000027e+00,2.250382209935914535e+00
4.831199999999999939e+00,2.607271070103374555e+00
4.831999999999999851e+00,9.730371993238465245e-02
4.832799999999999763e+00,8.077772623132477292e-02
4.833599999999999675e+00,1.880832115072436084e+00
4.834399999999999586e+00,1.141340317104803770e+00
4.835199999999999498e+00,1.704341108509531244e+00
4.836000000000000298e+00,2.746848392236257652e+00
4.836800000000000210e+00,1.356208147207144998e+00
4.837600000000000122e+00,2.510452330619572514e+00
4.838400000000000034e+00,2.260150151693171683e+00
4.839199999999999946e+00,4.280618248095741762e+00
4.839999999999999858e+00,1.382875446971034927e+00
4.840800000000000658e+00,5.807894219654674117e+00
4.841600000000000570e+00,9.177921753112219250e-01
4.842399999999999594e+00,4.569042645278168280e+00
4.843199999999999505e+00,4.751599986825869593e+00
4.843999999999999417e+00,2.554326399982093765e+00
4.844799999999999329e+00,4.694408528943450065e+00
4.845600000000000129e+00,3.957280130106726634e+00
4.846400000000000041e+00,2.055750926529758438e+00
4.847199999999999953e+00,6.125467988008182374e+00
4.847999999999999865e+00,1.575217470982055001e+00
4.848799999999999777e+00,4.555689776661176360e+00
4.849599999999999689e+00,2.375052215639871012e+00
4.850400000000000489e+00,2.466981012554321229e+00
4.851200000000000401e+00,5.514562467878158181e+00
4.852000000000000313e+00,2.490088277980428089e+00
4.852800000000000225e+00,3.801468005002324624e+00
4.853600000000000136e+00,1.991121183373347758e+00
4.854400000000000048e+00,4.456589850316758472e+00
4.855199999999999960e+00,3.363920915098566500e+00
4.855999999999999872e+00,3.749797796586051390e+00
4.856799999999999784e+00,3.030718730276553252e+00
4.857599999999999696e+00,3.406847092120866893e+00
4.858399999999999608e+00,3.366602112383731082e+00
4.859200000000000408e+00,4.536975013167542592e+00
4.860000000000000320e+00,2.965573773396559254e+00
4.860800000000000232e+00,5.144119573798763945e+00
4.861600000000000144e+00,1.004718809199015794e+00
4.862400000000000055e+00,5.494754963184119489e+00
4.863199999999999967e+00,3.801610563460726677e+00
4.864000000000000767e+00,2.599458809196220965e+00
4.864800000000000679e+00,4.944785828440316777e+00
4.865599999999999703e+00,2.245847861962172232e+00
4.866399999999999615e+00,3.538703776967730530e+00
4.867199999999999527e+00,4.748700728657079040e+00
4.867999999999999439e+00,1.854536670365957374e+00
4.868800000000000239e+00,3.939202920483559467e+00
4.869600000000000151e+00,2.841120610242537481e+00
4.870400000000000063e+00,1.837046654309741678e+00
4.871199999999999974e+00,4.827661617362804414e+00
4.871999999999999886e+00,2.205224017038255546e+00
4.872799999999999798e+00,1.979055275501784728e+00
4.873600000000000598e+00,2.070748223049245773e+00
4.874400000000000510e+00,4.002378630991302089e+00
4.875200000000000422e+00,1.078715075049575312e+00
4.876000000000000334e+00,3.436430896910251942e+00
4.876799999999999358e+00,1.448939781520173664e+00
4.877599999999999270e+00,1.264712075490213472e+00
4.878400000000000070e+00,2.569006660892102278e+00
4.879199999999999982e+00,2.283045054353391112e+00
4.879999999999999893e+00,1.255050010315440723e+00
4.880799999999999805e+00,3.550769080089467788e+00
4.881599999999999717e+00,7.364778327492621512e-01
4.882399999999999629e+00,3.947993371596397960e+00
4.883200000000000429e+00,2.429375754759209194e+00
4.884000000000000341e+00,1.853192213942544742e+00
4.884800000000000253e+00,2.266324643379011849e+00
4.885600000000000165e+00,2.252684533111101839e+00
4.886400000000000077e+00,2.444275816642544008e+00
4.887199999999999989e+00,3.188450454879736551e+00
4.887999999999999901e+00,1.793672053277127310e+00
4.888799999999999812e+00,2.868478248623470783e+00
4.889599999999999724e+00,2.221232422208741397e+00
4.890399999999999636e+00,1.991558126525880601e+00
4.891199999999999548e+00,3.820821762769797125e+00
4.892000000000000348e+00,2.327657118384872437e+00
4.892800000000000260e+00,2.278535392690886674e+00
4.893600000000000172e+00,2.551863763976291111e+00
4.894400000000000084e+00,3.881431817422100305e+00
4.895199999999999996e+00,1.732478920564569425e+00
4.895999999999999908e+00,4.478725212552247648e+00
4.896800000000000708e+00,9.633436389457038507e-01
4.897600000000000620e+00,3.310758300839164114e+00
4.898400000000000531e+00,2.573132069751045581e+00
4.899199999999999555e+00,2.454554434321813972e+00
4.899999999999999467e+00,2.053877828465521471e+00
4.900799999999999379e+00,2.895960426881725169e+00
4.901600000000000179e+00,1.185354433681106379e+00
4.902400000000000091e+00,9.976025516292377660e+00
4.903200000000000003e+00,6.498620397631557744e+00
4.903999999999999915e+00,5.860045862783319848e+00
4.904799999999999827e+00,6.524522636059977287e-01
4.905599999999999739e+00,3.402195634291383275e+00
4.906400000000000539e+00,4.298129672956289227e+00
4.907200000000000450e+00,4.414958251504788933e+00
4.908000000000000362e+00,3.261025269664264759e+00
4.908800000000000274e+00,4.783410212676221462e+00
4.909600000000000186e+00,4.645451912088371493e+00
4.910399999999999210e+00,2.203813109232568124e+00
4.911200000000000010e+00,4.354890128383594572e+00
4.911999999999999922e+00,4.589395779219870519e+00
4.912799999999999834e+00,1.171135368536821098e+00
4.913599999999999746e+00,2.607027043643082465e+00
4.914399999999999658e+00,3.683453736886570073e+00
4.915199999999999569e+00,1.777957867504041056e+00
4.916000000000000369e+00,3.442890539428376862e+00
4.916800000000000281e+00,2.218131245217244973e-01
4.917600000000000193e+00,2.535885848300983181e+00
4.918400000000000105e+00,1.919028657799550563e+00
4.919200000000000017e+00,1.850920108356533866e+00
4.919999999999999929e+00,9.836094625723276197e-01
4.920800000000000729e+00,1.553671234276398083e+00
4.921599999999999753e+00,2.949872384757930566e-01
4.922399999999999665e+00,3.366545737431038354e+00
4.923199999999999577e+00,2.108248673792882499e+00
4.923999999999999488e+00,1.823735234950047968e+00
4.924799999999999400e+00,1.066677310770786979e+00
4.925600000000000200e+00,2.281074779172461486e+00
4.926400000000000112e+00,1.163330490680003493e+00
4.927200000000000024e+00,3.300294588850440025e+00
4.927999999999999936e+00,9.783731562148766381e-01
4.928799999999999848e+00,2.607419874162125062e+00
4.929599999999999760e+00,2.701407808262605847e+00
4.930400000000000560e+00,1.094299421729788557e+00
4.931200000000000472e+00,4.550220878953560089e+00
4.932000000000000384e+00,1.737541124660041181e+00
4.932799999999999407e+00,1.594047994970823057e+00
4.933599999999999319e+00,3.144871966464391377e+00
4.934400000000000119e+00,3.270555195566469120e+00
4.935200000000000031e+00,2.099605453180767967e+00
4.935999999999999943e+00,4.480661386739097196e+00
4.936799999999999855e+00,1.382808543152930447e+00
4.937599999999999767e+00,3.659987512238370932e+00
4.938399999999999679e+00,3.304110312070388744e+00
4.939200000000000479e+00,3.663030744360779689e+00
4.940000000000000391e+00,2.175082720616672294e+00
4.940800000000000303e+00,4.563851185007372635e+00
4.941600000000000215e+00,7.925685306120795470e-01
4.942400000000000126e+00,4.718849916080057660e+00
4.943200000000000038e+00,3.296205758349337600e+00
4.943999999999999950e+00,2.216916678435605359e+00
4.944799999999999862e+00,2.518245210205904971e+00
4.945599999999999774e+00,3.552649623344489527e+00
4.946399999999999686e+00,1.835242586478623705e+00
4.947199999999999598e+00,3.880241260823959148e+00
4.947999999999999510e+00,1.961726502653411197e+00
4.948800000000000310e+00,2.608176149269483712e+00
4.949600000000000222e+00,2.681088889070570858e+00
4.950400000000000134e+00,1.926085787839221686e+00
4.951200000000000045e+00,3.810900994081872550e+00
4.951999999999999957e+00,2.343277627573028266e+00
4.952799999999999869e+00,1.920485661174386793e+00
4.953600000000000669e+00,1.776357667500711557e+00
4.954400000000000581e+00,4.254433122150103053e+00
4.955199999999999605e+00,2.243955934711745037e+00
4.955999999999999517e+00,3.335202424272835309e+00
4.956799999999999429e+00,1.385750572425976657e+00
4.957599999999999341e+00,2.837858859784061938e+00
4.958400000000000141e+00,2.838834230184373197e+00
4.959200000000000053e+00,2.679338006123281879e+00
4.959999999999999964e+00,2.560975651770931005e+00
4.960799999999999876e+00,3.100933291540274528e+00
4.961599999999999788e+00,9.561420207138472405e-01
4.962399999999999700e+00,4.855065831817706012e+00
4.963200000000000500e+00,2.411919385502796498e+00
4.964000000000000412e+00,1.891097758351329983e+00
4.964800000000000324e+00,3.021625782916583347e+00
4.965600000000000236e+00,2.345296023102034333e+00
4.966399999999999260e+00,1.888366391314389325e+00
4.967200000000000060e+00,3.802015355681071185e+00
4.967999999999999972e+00,1.278420217367690848e+00
4.968799999999999883e+00,2.547188656595360090e+00
4.969599999999999795e+00,2.851891475686556543e+00
4.970399999999999707e+00,1.261772426747299614e+00
4.971199999999999619e+00,3.198366692285700807e+00
4.972000000000000419e+00,2.282765709979921009e+00
4.972800000000000331e+00,6.698881707887288650e-01
4.973600000000000243e+00,1.938538781149145018e+00
4.974400000000000155e+00,3.712606088719143216e+00
4.975200000000000067e+00,3.203006469761639496e-01
4.975999999999999979e+00,3.330248487144743308e+00
4.976800000000000779e+00,1.142176159185683826e+00
4.977600000000000691e+00,2.282740569373638451e+00
4.978399999999999714e+00,2.684064100658408947e+00
4.979199999999999626e+00,2.384312305066652815e+00
4.979999999999999538e+00,1.538346154965938961e+00
4.980799999999999450e+00,2.920020049331167211e+00
4.981600000000000250e+00,1.051674751622729165e+00
4.982400000000000162e+00,3.498233021711609325e+00
4.983200000000000074e+00,2.376344995886372047e+00
4.983999999999999986e+00,1.804745435035126633e+00
4.984799999999999898e+00,1.799219418677497906e+00
4.985599999999999810e+00,2.571967089353412117e+00
4.986400000000000610e+00,1.955775041422029181e+00
4.987200000000000522e+00,3.288775114290976020e+00
4.988000000000000433e+00,1.688495768968510502e+00
4.988800000000000345e+00,2.272782838359616697e+00
4.989599999999999369e+00,3.294654396790109185e+00
4.990399999999999281e+00,1.384112241944113642e+00
4.991200000000000081e+00,4.246256141696997943e+00
4.991999999999999993e+00,1.876487048181988859e+00
4.992799999999999905e+00,1.427314142200868607e+00
4.993599999999999817e+00,2.649383945876444102e+00
4.994399999999999729e+00,2.651353438186211164e+00
4.995199999999999640e+00,1.571512209577821784e+00
4.996000000000000441e+00,3.052205764304972480e+00
4.996800000000000352e+00,3.922691053610810608e-01
4.997600000000000264e+00,2.939144915017666726e+00
4.998400000000000176e+00,2.168505279383583950e+00
4.999200000000000088e+00,2.826560532268685311e+00
5.000000000000000000e+00,1.190430560401231963e+00
5.000799999999999912e+00,3.512420945720871934e+00
5.001599999999999824e+00,1.418993625877675191e+00
5.002399999999999736e+00,6.129954082133219906e+00
5.003199999999999648e+00,5.413438487252401066e-01
5.003999999999999559e+00,6.633986639476075808e+00
5.004800000000000360e+00,1.214726185398276392e+01
5.005600000000000271e+00,1.005600940488075778e+01
5.006400000000000183e+00,1.079396039261736817e+01
5.007200000000000095e+00,7.363375395795722866e+00
5.008000000000000007e+00,1.020282276063751326e+01
5.008799999999999919e+00,8.278056295045928437e+00
5.009600000000000719e+00,7.652033549755195452e+00
5.010400000000000631e+00,1.281935119812227875e+01
5.011200000000000543e+00,1.058676852349335995e+01
5.011999999999999567e+00,1.129980414748442463e+01
5.012799999999999478e+00,1.343118123491453453e+01
5.013599999999999390e+00,1.052863715575138315e+01
5.014400000000000190e+00,9.302204701408015808e+00
5.015200000000000102e+00,9.538413149393793589e+00
5.016000000000000014e+00,7.981769120184313060e+00
5.016799999999999926e+00,7.859861658628709336e+00
5.017599999999999838e+00,3.730452507965349884e+00
5.018399999999999750e+00,4.952930599671041101e+00
5.019200000000000550e+00,2.368076380552616822e+00
5.020000000000000462e+00,3.420762389873307274e+00
5.020800000000000374e+00,4.005081815983576043e-01
5.021600000000000286e+00,1.019295853405085550e-01
5.022400000000000198e+00,2.459496391639309998e+00
5.023199999999999221e+00,2.990957755954628983e+00
5.024000000000000021e+00,1.810341461926765261e+00
5.024799999999999933e+00,1.585981293094416156e+00
5.025599999999999845e+00,4.237908989852316566e+00
5.026399999999999757e+00,1.523221971541950381e+00
5.027199999999999669e+00,4.945332971061477956e+00
5.027999999999999581e+00,2.138703052383532199e+00
5.028800000000000381e+00,3.633050782496665132e+00
5.029600000000000293e+00,5.404104621595183566e+00
5.030400000000000205e+00,1.140526591384748656e+00
5.031200000000000117e+00,5.985389704380231102e+00
5.032000000000000028e+00,1.254661679664125229e+00
5.032799999999999940e+00,1.913406908267930584e+00
5.033600000000000740e+00,3.240549724599155468e+00
5.034399999999999764e+00,1.991773658691624371e+00
5.035199999999999676e+00,8.608612685598311387e-01
5.035999999999999588e+00,1.067344106930548042e+00
5.036799999999999500e+00,1.263454725101522236e+00
5.037599999999999412e+00,3.861261216985861777e-01
5.038400000000000212e+00,1.778224697735918181e+00
5.039200000000000124e+00,1.138386023435079109e+00
5.040000000000000036e+00,4.188085415486132668e+00
5.040799999999999947e+00,1.464120769820102863e+00
5.041599999999999859e+00,4.524672905535400247e+00
5.042399999999999771e+00,2.367276533993920129e+00
5.043200000000000571e+00,2.338347659383642529e+00
5.044000000000000483e+00,5.327231329862178733e+00
5.044800000000000395e+00,3.252993500512790792e+00
5.045599999999999419e+00,2.522087332983729446e+00
5.046399999999999331e+00,5.651589471121018171e+00
5.047200000000000131e+00,1.857487959289562562e+00
5.048000000000000043e+00,4.974519722101031327e+00
5.048799999999999955e+00,2.709488082414527987e+00
5.049599999999999866e+00,2.442898107555985021e+00
5.050399999999999778e+00,4.889733843081800480e+00
5.051199999999999690e+00,1.152454342805342868e+00
5.052000000000000490e+00,4.045078045036333059e+00
5.052800000000000402e+00,3.766567485640429869e+00
5.053600000000000314e+00,3.184674804615463817e+00
5.054400000000000226e+00,2.548915442300329737e+00
5.055200000000000138e+00,3.695325407812036556e+00
5.056000000000000050e+00,3.316865606717271486e+00
5.056799999999999962e+00,4.246831708998616506e+00
5.057599999999999874e+00,2.616408877633907171e+00
5.058399999999999785e+00,3.945803086614412258e+00
5.059199999999999697e+00,2.753010350371257520e+00
5.059999999999999609e+00,4.944020261190715360e+00
5.060799999999999521e+00,2.251721447846333213e+00
5.061600000000000321e+00,5.152527579557292015e+00
5.062400000000000233e+00,2.212060517890224176e+00
5.063200000000000145e+00,3.614941989362923547e+00
5.064000000000000057e+00,4.749139766377553862e+00
5.064799999999999969e+00,2.565311362413543073e+00
5.065599999999999881e+00,3.831011272536354539e+00
5.066400000000000681e+00,4.431406367229188348e+00
5.067200000000000593e+00,1.486573297572784780e+00
5.067999999999999616e+00,5.076798825983368069e+00
5.068799999999999528e+00,2.720986977888925740e+00
5.069599999999999440e+00,1.728392145323577767e+00
5.070399999999999352e+00,3.907187124429859715e+00
5.071200000000000152e+00,6.816715685317823459e-01
5.072000000000000064e+00,2.687857410029856009e+00
5.072799999999999976e+00,2.754335610000608447e+00
5.073599999999999888e+00,9.878827523698008317e-01
5.074399999999999800e+00,6.038695269613163497e-01
5.075199999999999712e+00,2.796308974960209692e+00
5.076000000000000512e+00,5.534696943969694694e-01
5.076800000000000423e+00,1.205723689078586514e+00
5.077600000000000335e+00,3.907962367482886723e-01
5.078400000000000247e+00,1.076417460747659316e+00
5.079199999999999271e+00,2.269521338107784725e-01
5.080000000000000071e+00,2.292461883938913481e+00
5.080799999999999983e+00,7.424481015614295965e-01
5.081599999999999895e+00,2.608852791785226888e+00
5.082399999999999807e+00,7.394452275575629230e-01
5.083199999999999719e+00,1.063883618998054281e+00
5.083999999999999631e+00,1.911612371770274432e+00
5.084800000000000431e+00,8.991355695998389796e-01
5.085600000000000342e+00,2.974152538298990844e-01
5.086400000000000254e+00,2.368726042034425383e+00
5.087200000000000166e+00,6.810426043871814494e-01
5.088000000000000078e+00,2.938952503486107926e+00
5.088799999999999990e+00,1.054582370634493449e+00
5.089600000000000790e+00,1.799590653731208967e+00
5.090399999999999814e+00,2.919475664591126840e+00
5.091199999999999726e+00,9.232996833063761288e-01
5.091999999999999638e+00,3.046135118015058652e+00
5.092799999999999550e+00,2.458411800833896876e+00
5.093599999999999461e+00,1.847889490096249698e+00
5.094400000000000261e+00,1.317827854000040766e+00
5.095200000000000173e+00,3.340396965472370194e+00
5.096000000000000085e+00,1.464263996374208787e+00
5.096799999999999997e+00,2.438158517277203341e+00
5.097599999999999909e+00,1.527820889030558904e+00
5.098399999999999821e+00,2.009523774800537232e+00
5.099200000000000621e+00,2.035580617953818727e+00
5.100000000000000533e+00,2.213971889433214546e+00
5.100800000000000445e+00,1.088881799198788025e+00
5.101600000000000357e+00,5.959036435406817045e-01
5.102399999999999380e+00,5.729499761121079615e+00
5.103199999999999292e+00,5.090042263169224590e+00
5.104000000000000092e+00,1.002807847301203203e+01
5.104800000000000004e+00,9.129973585925647228e+00
5.105599999999999916e+00,1.055801354769337763e+01
5.106399999999999828e+00,1.147271816573762493e+01
5.107199999999999740e+00,1.265798150959750856e+01
5.107999999999999652e+00,8.737398537164148493e+00
5.108800000000000452e+00,1.152683013899869024e+01
5.109600000000000364e+00,1.246789040584909714e+01
5.110400000000000276e+00,9.467745263279764956e+00
5.111200000000000188e+00,1.245077601351086649e+01
5.112000000000000099e+00,1.149852933588304360e+01
5.112800000000000011e+00,1.109803747675472074e+01
5.113599999999999923e+00,1.018829153168114310e+01
5.114399999999999835e+00,9.953076459617554050e+00
5.115199999999999747e+00,6.591208517105691556e+00
5.115999999999999659e+00,7.619884035388418297e+00
5.116799999999999571e+00,4.656996727976639328e+00
5.117599999999999483e+00,4.631482728128450077e+00
5.118400000000000283e+00,3.210467438698983322e+00
5.119200000000000195e+00,2.135597451904167610e+00
5.120000000000000107e+00,1.352514013591518682e-01
5.120800000000000018e+00,1.572418492963463699e+00
5.121599999999999930e+00,2.739986006285151987e+00
5.122400000000000730e+00,2.497317955227195962e-01
5.123200000000000642e+00,2.126501775500621694e+00
5.124000000000000554e+00,2.344349119634560719e+00
5.124799999999999578e+00,2.143273070730420393e+00
5.125599999999999490e+00,2.132492385124560297e+00
5.126399999999999402e+00,2.658854823892927488e+00
5.127200000000000202e+00,2.806421884937824629e+00
5.128000000000000114e+00,3.572278367560107970e+00
5.128800000000000026e+00,2.163155137919292592e+00
5.129599999999999937e+00,1.745849802217720237e+00
5.130399999999999849e+00,3.556368423593410988e+00
5.131199999999999761e+00,1.789613745928004540e-01
5.132000000000000561e+00,1.994268533465461068e+00
5.132800000000000473e+00,1.261679377838872407e+00
5.133600000000000385e+00,1.547917483494093138e-01
5.134400000000000297e+00,1.045470782708781243e+00
5.135200000000000209e+00,1.026803953055444918e+00
5.135999999999999233e+00,2.831557295859629342e+00
5.136800000000000033e+00,1.650936186000031780e+00
5.137599999999999945e+00,2.625339210871325157e+00
5.138399999999999856e+00,4.040474956394128014e+00
5.139199999999999768e+00,3.020295044868615886e+00
5.139999999999999680e+00,3.910430130591679099e+00
5.140799999999999592e+00,5.529422715984162018e+00
5.141600000000000392e+00,2.885914145499389516e+00
5.142400000000000304e+00,6.084651527616117939e+00
5.143200000000000216e+00,4.753326444216698476e+00
5.144000000000000128e+00,3.908431914953493180e+00
5.144800000000000040e+00,5.461088923038451171e+00
5.145599999999999952e+00,5.851381883530555328e+00
5.146400000000000752e+00,3.408894526395344737e+00
5.147199999999999775e+00,6.102643268790008513e+00
5.147999999999999687e+00,3.875799290469252423e+00
5.148799999999999599e+00,4.782399192777020858e+00
5.149599999999999511e+00,4.765323207909157865e+00
5.150399999999999423e+00,3.684782283709522765e+00
5.151200000000000223e+00,5.125467599361252624e+00
5.152000000000000135e+00,4.861325185304123941e+00
5.152800000000000047e+00,3.756072360255421572e+00
5.153599999999999959e+00,4.685097434919503812e+00
5.154399999999999871e+00,5.371735349840871088e+00
5.155199999999999783e+00,4.011709251702886725e+00
5.156000000000000583e+00,5.457514991818940508e+00
5.156800000000000495e+00,4.262676208561690494e+00
5.157600000000000406e+00,5.317193343733207733e+00
5.158399999999999430e+00,4.584505139282315511e+00
5.159199999999999342e+00,5.326884141162313568e+00
5.160000000000000142e+00,4.463943670989250379e+00
5.160800000000000054e+00,6.278757140608250964e+00
5.161599999999999966e+00,2.932489539504305132e+00
5.162399999999999878e+00,6.793973728270926493e+00
5.163199999999999790e+00,4.179583453967288698e+00
5.163999999999999702e+00,4.501892538473089900e+00
5.164800000000000502e+00,5.210502150267484645e+00
5.165600000000000414e+00,4.960949561465143987e+00
5.166400000000000325e+00,3.083155574464079063e+00
5.167200000000000237e+00,5.806835884847627582e+00
5.168000000000000149e+00,2.792660472035214614e+00
5.168800000000000061e+00,4.394392199274840927e+00
5.169599999999999973e+00,5.036976936348025014e+00
5.170399999999999885e+00,1.504512391380929737e+00
5.171199999999999797e+00,4.689673455787002787e+00
5.171999999999999709e+00,2.478257486596656900e+00
5.172799999999999621e+00,1.978262887625793942e+00
5.173599999999999532e+00,3.056655079613841419e+00
5.174400000000000333e+00,3.152269735456269650e+00
5.175200000000000244e+00,4.587444415404992593e-01
5.176000000000000156e+00,3.240119472717954974e+00
5.176800000000000068e+00,1.529119692625106719e+00
5.177599999999999980e+00,2.683163070425602204e+00
5.178399999999999892e+00,1.343360791806416099e+00
5.179200000000000692e+00,2.571207735951002160e+00
5.180000000000000604e+00,1.465655172469801482e+00
5.180799999999999628e+00,3.575732065510821567e+00
5.181599999999999540e+00,5.517454936495530537e-01
5.182399999999999451e+00,2.857771659342300818e+00
5.183199999999999363e+00,2.529170086595780909e+00
5.184000000000000163e+00,2.185957795961564365e+00
5.184800000000000075e+00,2.753814477018321938e+00
5.185599999999999987e+00,3.565411678615226343e+00
5.186399999999999899e+00,1.327712863142858080e+00
5.187199999999999811e+00,3.745612902836941149e+00
5.187999999999999723e+00,2.315196148414643051e+00
5.188800000000000523e+00,3.628707281424806919e+00
5.189600000000000435e+00,4.397119743872912601e+00
5.190400000000000347e+00,1.599227053098116968e+00
5.191200000000000259e+00,5.174461019461780609e+00
5.191999999999999282e+00,2.943524102215253624e+00
5.192800000000000082e+00,3.025604491432499099e+00
5.193599999999999994e+00,3.976090978167554635e+00
5.194399999999999906e+00,3.177149529840949782e+00
5.195199999999999818e+00,2.924460077655469892e+00
5.195999999999999730e+00,4.231567790919825711e+00
5.196799999999999642e+00,2.099999424586954433e+00
5.197600000000000442e+00,4.105219874117646661e+00
5.198400000000000354e+00,2.321227602580683502e+00
5.199200000000000266e+00,3.602024839257029321e+00
5.200000000000000178e+00,1.111123317987031678e+00
5.200800000000000090e+00,1.148535931008869415e+00
5.201600000000000001e+00,1.596045392895651949e+00
5.202400000000000801e+00,7.930870150276234654e+00
5.203199999999999825e+00,3.395175160423005600e+00
5.203999999999999737e+00,1.233768193077397601e+00
5.204799999999999649e+00,1.937640498403739198e+00
5.205599999999999561e+00,9.051289390939819768e+00
5.206399999999999473e+00,3.691928527660764292e+00
5.207200000000000273e+00,4.120611668190710120e+00
5.208000000000000185e+00,5.570358618747473400e+00
5.208800000000000097e+00,6.382538407069024977e+00
5.209600000000000009e+00,5.728015366707928102e+00
5.210399999999999920e+00,2.114967752089152775e+00
5.211199999999999832e+00,7.298506565802216350e+00
5.212000000000000632e+00,6.591103921221229456e+00
5.212800000000000544e+00,4.990944697405220509e+00
5.213600000000000456e+00,6.391490006081734343e+00
5.214400000000000368e+00,6.986679809765144356e+00
5.215199999999999392e+00,5.158598128307801289e+00
5.215999999999999304e+00,6.473906888889294109e+00
5.216800000000000104e+00,4.133428726442761381e+00
5.217600000000000016e+00,6.197370621080514397e+00
5.218399999999999928e+00,4.315115659617307031e+00
5.219199999999999839e+00,4.898274437091710176e+00
5.219999999999999751e+00,4.531427874600354677e+00
5.220799999999999663e+00,3.813988476921649884e+00
5.221600000000000463e+00,3.269290952473745016e+00
5.222400000000000375e+00,4.110512551968647621e+00
5.223200000000000287e+00,2.798767221966373953e+00
5.224000000000000199e+00,2.372447856830386836e+00
5.224800000000000111e+00,2.896466117112155736e+00
5.225600000000000023e+00,3.561815620829030138e+00
5.226399999999999935e+00,9.451868959582259144e-01
5.227199999999999847e+00,3.260032092297720840e+00
5.227999999999999758e+00,2.114456917341443365e+00
5.228799999999999670e+00,2.014416862560162169e+00
5.229599999999999582e+00,3.723361205356722436e+00
5.230399999999999494e+00,5.398383732915560396e-01
5.231200000000000294e+00,3.637103390783751777e+00
5.232000000000000206e+00,1.970245925254006991e+00
5.232800000000000118e+00,3.033267677972782406e-01
5.233600000000000030e+00,3.739512906244731205e+00
5.234399999999999942e+00,1.319345509358381685e+00
5.235199999999999854e+00,1.335767012454306624e+00
5.236000000000000654e+00,3.869574907917651352e+00
5.236800000000000566e+00,1.368878591387809207e+00
5.237599999999999589e+00,3.549904378636851821e+00
5.238399999999999501e+00,2.516505137165718331e+00
5.239199999999999413e+00,3.028640007293892822e+00
5.240000000000000213e+00,3.159464962390131859e+00
5.240800000000000125e+00,4.358831635710290975e+00
5.241600000000000037e+00,1.968862439499244887e+00
5.242399999999999949e+00,4.302353685876287415e+00
5.243199999999999861e+00,4.154944375792759104e+00
5.243999999999999773e+00,3.393766376552431296e+00
5.244800000000000573e+00,3.417895927419413837e+00
5.245600000000000485e+00,5.058225505653327403e+00
5.246400000000000396e+00,9.479838542877367935e-01
5.247200000000000308e+00,5.493553600209733823e+00
5.248000000000000220e+00,3.035246443000834571e+00
5.248799999999999244e+00,3.620175763777465860e+00
5.249600000000000044e+00,4.647997377183613388e+00
5.250399999999999956e+00,1.367104813343166470e+00
5.251199999999999868e+00,4.889335017861462518e+00
5.251999999999999780e+00,3.855341856160547920e+00
5.252799999999999692e+00,2.043230799208124449e+00
5.253599999999999604e+00,3.887111156666239964e+00
5.254400000000000404e+00,3.117095853954514606e+00
5.255200000000000315e+00,3.413956287338928863e+00
5.256000000000000227e+00,4.244340998028834022e+00
5.256800000000000139e+00,2.057774465444834444e+00
5.257600000000000051e+00,5.249926190059714060e+00
5.258399999999999963e+00,1.444792665546374311e+00
5.259200000000000763e+00,4.662935059356936307e+00
5.259999999999999787e+00,3.064584213652741251e+00
5.260799999999999699e+00,4.493885643466406066e+00
5.261599999999999611e+00,2.335658132986852209e+00
5.262399999999999523e+00,4.126959737029385344e+00
5.263199999999999434e+00,4.656854031908761904e+00
5.264000000000000234e+00,2.843735289502965724e+00
5.264800000000000146e+00,4.150179222308048921e+00
5.265600000000000058e+00,3.991073291123403255e+00
5.266399999999999970e+00,1.767183174267309864e+00
5.267199999999999882e+00,5.922362194836703786e+00
5.267999999999999794e+00,1.856400831032459564e+00
5.268800000000000594e+00,4.107040660392046405e+00
5.269600000000000506e+00,4.634950843703311563e+00
5.270400000000000418e+00,8.852242314193963235e-01
5.271199999999999442e+00,5.886678914346594738e+00
5.271999999999999353e+00,2.548563300670775078e+00
5.272800000000000153e+00,3.161185166178467121e+00
5.273600000000000065e+00,3.306868907002777025e+00
5.274399999999999977e+00,3.406579510017205603e+00
5.275199999999999889e+00,2.484238965407894906e+00
5.275999999999999801e+00,3.901441917290607186e+00
5.276799999999999713e+00,2.769267309701383795e+00
5.277600000000000513e+00,2.400974284701668182e+00
5.278400000000000425e+00,2.526495791311965000e+00
5.279200000000000337e+00,3.663575693137553380e+00
5.280000000000000249e+00,1.795213280871268413e+00
5.280800000000000161e+00,4.258070012313574182e+00
5.281600000000000072e+00,7.056800044421308593e-01
5.282399999999999984e+00,3.428485848767536925e+00
5.283199999999999896e+00,3.325723382790060523e+00
5.283999999999999808e+00,2.022200510931728701e+00
5.284799999999999720e+00,3.495730014120770779e+00
5.285599999999999632e+00,3.005151535725380629e+00
5.286399999999999544e+00,1.618708543541264033e+00
5.287200000000000344e+00,4.205454372320205358e+00
5.288000000000000256e+00,2.155261903423384862e+00
5.288800000000000168e+00,3.944172520494304113e+00
5.289600000000000080e+00,2.857230999512228919e+00
5.290399999999999991e+00,1.540566156808840681e+00
5.291199999999999903e+00,4.497836610396673152e+00
5.292000000000000703e+00,2.405117507121091958e+00
5.292800000000000615e+00,3.153899691985209142e+00
5.293599999999999639e+00,2.656017228436638788e+00
5.294399999999999551e+00,3.487196964839675228e+00
5.295199999999999463e+00,2.732892546558526536e+00
5.295999999999999375e+00,4.085827387867511540e+00
5.296800000000000175e+00,2.143716163355955384e+00
5.297600000000000087e+00,3.498273158136334438e+00
5.298399999999999999e+00,2.163175458745371316e+00
5.299199999999999910e+00,3.675060279625490089e+00
5.299999999999999822e+00,1.450898116170646013e+00
5.300799999999999734e+00,2.344645428087941852e+00
5.301600000000000534e+00,1.134187262230807125e+00
5.302400000000000446e+00,1.858070221458711035e+00
5.303200000000000358e+00,7.260122057758736425e+00
5.304000000000000270e+00,1.449271910681777520e+01
5.304799999999999294e+00,9.939514576333385421e+00
5.305600000000000094e+00,7.894273851769617600e+00
5.306400000000000006e+00,1.268587831787394293e+01
5.307199999999999918e+00,8.392133242763238243e+00
5.307999999999999829e+00,8.796068506375611662e+00
5.308799999999999741e+00,9.026700593614849666e+00
5.309599999999999653e+00,1.200137285837220524e+01
5.310400000000000453e+00,1.346915062643051364e+01
5.311200000000000365e+00,9.479885803488901530e+00
5.312000000000000277e+00,1.098541869807568361e+01
5.312800000000000189e+00,1.149048233377185468e+01
5.313600000000000101e+00,9.692349777435783409e+00
5.314400000000000013e+00,6.289009741569167922e+00
5.315200000000000813e+00,7.600114190873886066e+00
5.315999999999999837e+00,5.777391937424328106e+00
5.316799999999999748e+00,3.478484723263705725e+00
5.317599999999999660e+00,3.235388712799854627e+00
5.318399999999999572e+00,2.159311387082210931e+00
5.319199999999999484e+00,5.840380758676102513e-01
5.320000000000000284e+00,1.867031923616772338e-01
5.320800000000000196e+00,2.846003815526243486e+00
5.321600000000000108e+00,4.946292289086736682e-01
5.322400000000000020e+00,5.044709625300394684e+00
5.323199999999999932e+00,3.029338346240899593e+00
5.323999999999999844e+00,3.144467720730460769e+00
5.324800000000000644e+00,4.161393399654919278e+00
5.325600000000000556e+00,3.625968070905541296e+00
5.326400000000000468e+00,3.726616736824113651e+00
5.327199999999999491e+00,5.189488022327581440e+00
5.327999999999999403e+00,3.566005111946880302e+00
5.328799999999999315e+00,4.692943640529378513e+00
5.329600000000000115e+00,4.049158776841805363e+00
5.330400000000000027e+00,1.857820448058346674e+00
5.331199999999999939e+00,4.751806659067980831e+00
5.331999999999999851e+00,2.820862335979499758e+00
5.332799999999999763e+00,1.224887691502715814e+00
5.333599999999999675e+00,2.029480085583639237e+00
5.334400000000000475e+00,1.232734423803130586e+00
5.335200000000000387e+00,2.514362814502099641e-01
5.336000000000000298e+00,7.725624789854174113e-01
5.336800000000000210e+00,1.963315753154732946e+00
5.337600000000000122e+00,7.329057938196846811e-01
5.338400000000000034e+00,2.663803276123591246e+00
5.339199999999999946e+00,1.940411326610673060e+00
5.339999999999999858e+00,3.814910049536505365e+00
5.340799999999999770e+00,1.856516041068152933e+00
5.341599999999999682e+00,5.405460058032056203e+00
5.342399999999999594e+00,2.808470798851691708e+00
5.343199999999999505e+00,2.777244502070336019e+00
5.344000000000000306e+00,3.782417265758239999e+00
5.344800000000000217e+00,3.809327539850022593e+00
5.345600000000000129e+00,2.713508207631729618e+00
5.346400000000000041e+00,4.957733743803910187e+00
5.347199999999999953e+00,1.409548580243132232e+00
5.347999999999999865e+00,4.242449607163873537e+00
5.348800000000000665e+00,3.225775228575106901e+00
5.349600000000000577e+00,3.030971606996401224e+00
5.350399999999999601e+00,4.845432733131399772e+00
5.351199999999999513e+00,1.250138130847605611e+00
5.351999999999999424e+00,3.559328480179593246e+00
5.352800000000000225e+00,3.329801895278309498e+00
5.353600000000000136e+00,4.173123584885940929e+00
5.354400000000000048e+00,2.377385840423439145e+00
5.355199999999999960e+00,3.462714624630367055e+00
5.355999999999999872e+00,2.604083434733781122e+00
5.356799999999999784e+00,4.426939736140604431e+00
5.357600000000000584e+00,3.011219627013764111e+00
5.358400000000000496e+00,4.650736709626684728e+00
5.359200000000000408e+00,1.950558057946963242e+00
5.360000000000000320e+00,4.455220243213418918e+00
5.360800000000000232e+00,2.703928584471819274e+00
5.361599999999999255e+00,5.615936339513723397e+00
5.362400000000000055e+00,2.166854624448147248e+00
5.363199999999999967e+00,2.736338537481094235e+00
5.363999999999999879e+00,4.500677028400029478e+00
5.364799999999999791e+00,2.470150568445679262e+00
5.365599999999999703e+00,3.580467916368120118e+00
5.366399999999999615e+00,4.314061415247188336e+00
5.367200000000000415e+00,3.465175404473990195e-01
5.368000000000000327e+00,4.071970480098040746e+00
5.368800000000000239e+00,2.095677129592183885e+00
5.369600000000000151e+00,1.509814564370108858e+00
5.370400000000000063e+00,3.935865391846760097e+00
5.371199999999999974e+00,8.709928122412005091e-01
5.372000000000000774e+00,2.500677170685028816e+00
5.372799999999999798e+00,1.882308327066204434e+00
5.373599999999999710e+00,1.099262844248654947e+00
5.374399999999999622e+00,1.428945981036079116e-01
5.375199999999999534e+00,9.131084652574809057e-01
5.375999999999999446e+00,3.562523059289167127e-01
5.376800000000000246e+00,3.785343886632187571e-01
5.377600000000000158e+00,1.380535376059255359e+00
5.378400000000000070e+00,4.892975485262277546e-01
5.379199999999999982e+00,7.566123438099054965e-01
5.379999999999999893e+00,2.679821311111802995e+00
5.380799999999999805e+00,1.298630639236500128e+00
5.381600000000000605e+00,3.139250470208661437e+00
5.382400000000000517e+00,4.580721250699151814e-01
5.383200000000000429e+00,9.726846233148184195e-02
5.383999999999999453e+00,2.321419572220476457e+00
5.384799999999999365e+00,4.718844373513828572e-01
5.385600000000000165e+00,1.941858944731870151e+00
5.386400000000000077e+00,1.722259210965374709e+00
5.387199999999999989e+00,2.509330718916877312e-01
5.387999999999999901e+00,2.880375514839371487e+00
5.388799999999999812e+00,6.098112063126004401e-01
5.389599999999999724e+00,2.731768461296992356e+00
5.390400000000000524e+00,2.458075453281665101e+00
5.391200000000000436e+00,1.691903668909841910e-02
5.392000000000000348e+00,2.847463645848362646e+00
5.392800000000000260e+00,1.627208948149844403e+00
5.393600000000000172e+00,3.059965482122088076e+00
5.394400000000000084e+00,5.687903060101344721e-01
5.395199999999999996e+00,2.517524678395738569e+00
5.395999999999999908e+00,1.066650798500245800e+00
5.396799999999999820e+00,2.182749455389385140e+00
5.397599999999999731e+00,1.791792591783777810e+00
5.398399999999999643e+00,9.902441272952281492e-01
5.399199999999999555e+00,1.732962989491077410e+00
5.400000000000000355e+00,1.561326419869375703e+00
5.400800000000000267e+00,1.364057215704213566e-01
5.401600000000000179e+00,4.560869263115841399e+00
5.402400000000000091e+00,1.088087194519515633e+00
5.403200000000000003e+00,2.415733588390696074e+00
5.403999999999999915e+00,1.090899590978616107e+00
5.404800000000000715e+00,6.360049867851457206e-01
5.405600000000000627e+00,1.168239745632818405e+00
5.406399999999999650e+00,5.906400847916751795e-01
5.407199999999999562e+00,1.611500475221045559e+00
5.407999999999999474e+00,1.583195184341687600e+00
5.408799999999999386e+00,1.676438251827670145e+00
5.409600000000000186e+00,6.471890396547037572e-01
5.410400000000000098e+00,5.238985868686770742e-01
5.411200000000000010e+00,2.525079631817661596e-01
5.411999999999999922e+00,1.470272868616888218e+00
5.412799999999999834e+00,1.261957933449068481e+00
5.413599999999999746e+00,2.176335144815506328e-01
5.414400000000000546e+00,1.484713255712129643e+00
5.415200000000000458e+00,1.291695309302284933e+00
5.416000000000000369e+00,1.937847556043295949e+00
5.416800000000000281e+00,1.465570725993549539e+00
5.417599999999999305e+00,4.714294171840880884e-03
5.418399999999999217e+00,1.554488888006382297e-01
5.419200000000000017e+00,2.254544248158086017e-01
5.419999999999999929e+00,8.412638673895514452e-02
5.420799999999999841e+00,4.280237959601876363e-01
5.421599999999999753e+00,2.134454087097977570e+00
5.422399999999999665e+00,4.432639383264161959e-01
5.423199999999999577e+00,1.894475591382088320e+00
5.424000000000000377e+00,1.173607551357714329e-01
5.424800000000000288e+00,2.576097913998236066e+00
5.425600000000000200e+00,8.146670924470568176e-01
5.426400000000000112e+00,6.857247977067355560e-01
5.427200000000000024e+00,6.779476587192886372e-01
5.427999999999999936e+00,9.862556182355670664e-01
5.428799999999999848e+00,1.488001448599620691e+00
5.429599999999999760e+00,8.573106101654651146e-02
5.430399999999999672e+00,2.188472356279337117e+00
5.431199999999999584e+00,1.382237466819775072e-02
5.431999999999999496e+00,3.320448165018045628e-01
5.432800000000000296e+00,3.182645561823126190e+00
5.433600000000000207e+00,1.161987202618712939e-01
5.434400000000000119e+00,2.137938575322211321e-01
5.435200000000000031e+00,2.912687773449291750e+00
5.435999999999999943e+00,1.693621061739971401e+00
5.436799999999999855e+00,3.290135116577523888e+00
5.437600000000000655e+00,2.427287953553043665e-01
5.438400000000000567e+00,1.078282281777377616e+00
5.439200000000000479e+00,3.325567268310699043e-01
5.439999999999999503e+00,2.495930562975675060e-01
5.440799999999999415e+00,1.485994417575434989e-01
5.441599999999999326e+00,1.876263075298404859e+00
5.442400000000000126e+00,1.301696034762483301e+00
5.443200000000000038e+00,1.759821942394541594e-01
5.443999999999999950e+00,3.906059967436956160e-01
5.444799999999999862e+00,1.554778978429204983e+00
5.445599999999999774e+00,1.279353785151976064e+00
5.446399999999999686e+00,1.930513632064123852e+00
5.447200000000000486e+00,9.476993626517933311e-01
5.448000000000000398e+00,3.731053246357465825e-01
5.448800000000000310e+00,1.415934884311984110e+00
5.449600000000000222e+00,1.348242451698014266e+00
5.450400000000000134e+00,1.998656850966815668e+00
5.451199999999999157e+00,1.607411935408925796e+00
5.451999999999999957e+00,3.632908968262388988e-02
5.452799999999999869e+00,1.875390432068848812e+00
5.453599999999999781e+00,7.147025185862466989e-02
5.454399999999999693e+00,4.520522326937421731e-01
5.455199999999999605e+00,4.341537607163882262e-01
5.455999999999999517e+00,5.553734753978014638e-01
5.456800000000000317e+00,2.121509100393030867e+00
5.457600000000000229e+00,1.208586783722225055e+00
5.458400000000000141e+00,1.003369919374991426e+00
5.459200000000000053e+00,2.729325913728868347e-01
5.459999999999999964e+00,4.688857280053331800e-01
5.460799999999999876e+00,2.492304655679909442e-01
5.461600000000000676e+00,1.313753543704359039e+00
5.462400000000000588e+00,9.083849224342380735e-01
5.463199999999999612e+00,5.674171589948835415e-01
5.463999999999999524e+00,7.997102130082252014e-01
5.464799999999999436e+00,1.707116869021682581e-02
5.465600000000000236e+00,6.289941755056978057e-01
5.466400000000000148e+00,1.433044990800911300e+00
5.467200000000000060e+00,1.593512189900193388e+00
5.467999999999999972e+00,1.219815073885894607e+00
5.468799999999999883e+00,1.002858735374557719e+00
5.469599999999999795e+00,1.399346258426402034e+00
5.470400000000000595e+00,1.875502203566786097e+00
5.471200000000000507e+00,2.006525232016042715e+00
5.472000000000000419e+00,3.882068953971904990e-01
5.472800000000000331e+00,2.114041214924252898e+00
5.473600000000000243e+00,8.976964367633526454e-01
5.474399999999999267e+00,4.530864561275180780e-01
5.475200000000000067e+00,1.104767657477518927e+00
5.475999999999999979e+00,3.080328522415044512e-01
5.476799999999999891e+00,1.217787642911444923e+00
5.477599999999999802e+00,5.167618015205043269e-01
5.478399999999999714e+00,7.090713369495585949e-01
5.479199999999999626e+00,6.929322295672367682e-01
5.480000000000000426e+00,1.618835428591834269e+00
5.480800000000000338e+00,5.321088973340680761e-01
5.481600000000000250e+00,1.436083455944072496e+00
5.482400000000000162e+00,5.091866878151840581e-01
5.483200000000000074e+00,2.808119901605368174e-01
5.483999999999999986e+00,7.969747894833976165e-01
5.484800000000000786e+00,1.147502975170105799e+00
5.485599999999999810e+00,1.210102856875367117e+00
5.486399999999999721e+00,1.837441968068761033e+00
5.487199999999999633e+00,2.277067397734274579e+00
5.487999999999999545e+00,1.725124086957827485e+00
5.488799999999999457e+00,6.149122709038439272e-01
5.489600000000000257e+00,1.435753720419262747e+00
5.490400000000000169e+00,2.382157791190129714e+00
5.491200000000000081e+00,2.102266672366453815e+00
5.491999999999999993e+00,1.268134605476128884e+00
5.492799999999999905e+00,8.243983964722992885e-01
5.493599999999999817e+00,1.234339732502420350e+00
5.494400000000000617e+00,6.778365952007068262e-01
5.495200000000000529e+00,3.938533631722373474e-01
5.496000000000000441e+00,1.430233567769866043e-01
5.496799999999999464e+00,1.343758325572914414e+00
5.497599999999999376e+00,9.352245453574010714e-01
5.498400000000000176e+00,1.315885352440636202e+00
5.499200000000000088e+00,1.592141714446930312e+00
5.500000000000000000e+00,1.646066237477804783e+00
5.500799999999999912e+00,1.259726424478322171e+00
5.501599999999999824e+00,2.712853805490085257e+00
5.502399999999999736e+00,3.609479032028381607e+00
5.503200000000000536e+00,2.583326899404508215e+00
5.504000000000000448e+00,5.349552500864436233e-01
5.504800000000000360e+00,1.713118051453862700e-01
5.505600000000000271e+00,1.956672424877544392e-01
5.506400000000000183e+00,2.394885469941646861e+00
5.507200000000000095e+00,3.243520126251480562e+00
5.508000000000000007e+00,3.633699034085005941e+00
5.508799999999999919e+00,1.658457024612994157e+00
5.509599999999999831e+00,7.044680731680931229e-01
5.510399999999999743e+00,2.104334413095600098e+00
5.511199999999999655e+00,1.860724932912930951e+00
5.511999999999999567e+00,1.541548784319159315e+00
5.512800000000000367e+00,4.103442822931032130e-01
5.513600000000000279e+00,7.169508170434000238e-01
5.514400000000000190e+00,6.881509346820703366e-01
5.515200000000000102e+00,2.592854776518284110e-01
5.516000000000000014e+00,5.979705334297323871e-01
5.516799999999999926e+00,5.862249889901310906e-01
5.517600000000000726e+00,5.175198202545837622e-01
5.518400000000000638e+00,1.153947538191625877e-01
5.519199999999999662e+00,2.240460161927535054e+00
5.519999999999999574e+00,1.080782771577065926e+00
5.520799999999999486e+00,1.755516295408604099e+00
5.521599999999999397e+00,1.312562355395999747e+00
5.522400000000000198e+00,1.460841074405454298e+00
5.523200000000000109e+00,6.807817101076749644e-01
5.524000000000000021e+00,1.065378220217700900e+00
5.524799999999999933e+00,7.549232912384896688e-01
5.525599999999999845e+00,2.996927619972741819e-01
5.526399999999999757e+00,3.361199810940749821e-01
5.527200000000000557e+00,1.326149399448740773e+00
5.528000000000000469e+00,1.746146559518583219e+00
5.528800000000000381e+00,5.821714653725665878e-01
5.529600000000000293e+00,3.941496799754663494e-01
5.530399999999999316e+00,1.354321624692136794e+00
5.531199999999999228e+00,1.918633530870160087e+00
5.532000000000000028e+00,1.435873828510410011e+00
5.532799999999999940e+00,9.401392208534031791e-01
5.533599999999999852e+00,2.448251746328073686e-01
5.534399999999999764e+00,4.047392659276768390e-01
5.535199999999999676e+00,1.937901252763305049e+00
5.535999999999999588e+00,2.832352384393101441e-01
5.536800000000000388e+00,1.546276208704811195e+00
5.537600000000000300e+00,1.941967159474839930e-02
5.538400000000000212e+00,4.051665502192193513e-02
5.539200000000000124e+00,5.774375781133681551e-01
5.540000000000000036e+00,1.504443246727329431e+00
5.540799999999999947e+00,1.369475394017322101e+00
5.541599999999999859e+00,2.555092978066689113e+00
5.542399999999999771e+00,1.389720672625772924e+00
5.543199999999999683e+00,9.105198132042899295e-02
5.543999999999999595e+00,1.277610310308985087e+00
5.544799999999999507e+00,1.371007475190996472e-01
5.545600000000000307e+00,8.490855974430991382e-02
5.546400000000000219e+00,8.139832387002581271e-01
5.547200000000000131e+00,8.169826739628565093e-01
5.548000000000000043e+00,1.022786706178685279e+00
5.548799999999999955e+00,2.831833459561891586e-02
5.549599999999999866e+00,3.493617812963065172e-01
5.550400000000000666e+00,8.102009714253564088e-01
5.551200000000000578e+00,9.089998359004946016e-01
5.552000000000000490e+00,4.747203054782103693e-02
5.552799999999999514e+00,5.886845283807061735e-01
5.553599999999999426e+00,5.126583289328197068e-01
5.554399999999999338e+00,1.064573031060299657e+00
5.555200000000000138e+00,9.353887497541429896e-01
5.556000000000000050e+00,5.320362365203625821e-01
5.556799999999999962e+00,1.455185754005626331e+00
5.557599999999999874e+00,5.560509193266836014e-01
5.558399999999999785e+00,3.405610231744167493e-02
5.559199999999999697e+00,5.051267198105956480e-01
5.560000000000000497e+00,4.791237878050756509e-03
5.560800000000000409e+00,4.923293454468695152e-01
5.561600000000000321e+00,9.738540891935744126e-01
5.562400000000000233e+00,1.413428843633746546e+00
5.563200000000000145e+00,2.630889578134274799e-03
5.563999999999999169e+00,4.490218782069348991e-01
5.564799999999999969e+00,2.888268424777269347e-02
5.565599999999999881e+00,1.094525489261419349e+00
5.566399999999999793e+00,1.055766096675929910e+00
5.567199999999999704e+00,1.624655142048886836e+00
5.567999999999999616e+00,1.272608568528389217e+00
5.568799999999999528e+00,7.846042657818676214e-02
5.569600000000000328e+00,1.581357872542085152e+00
5.570400000000000240e+00,1.787994479976847240e+00
5.571200000000000152e+00,1.706791292685086558e+00
5.572000000000000064e+00,5.154374339127430760e-02
5.572799999999999976e+00,9.900455787632506111e-01
5.573599999999999888e+00,1.036196245070399868e+00
5.574400000000000688e+00,1.351277569273486634e+00
5.575199999999999712e+00,1.134240471972737918e+00
5.575999999999999623e+00,1.542161004661478207e+00
5.576799999999999535e+00,8.220542937644725878e-01
5.577599999999999447e+00,4.117110838299556930e-01
5.578400000000000247e+00,2.910632548824534926e-01
5.579200000000000159e+00,4.739237734894193310e-01
5.580000000000000071e+00,1.738217457314251480e+00
5.580799999999999983e+00,1.528068989680922307e+00
5.581599999999999895e+00,1.367983394225604332e+00
5.582399999999999807e+00,1.713328801659258049e+00
5.583200000000000607e+00,2.980389000243788833e-01
5.584000000000000519e+00,6.697736050079752257e-01
5.584800000000000431e+00,4.710097569776630633e-01
5.585600000000000342e+00,1.053849477813542546e+00
5.586400000000000254e+00,8.474365617789818561e-01
5.587199999999999278e+00,7.159709395720830205e-01
5.588000000000000078e+00,1.072241271737576884e+00
5.588799999999999990e+00,6.885330941358641654e-01
5.589599999999999902e+00,5.791308026439095924e-01
5.590399999999999814e+00,1.018298479274320822e+00
5.591199999999999726e+00,1.593624771693707753e+00
5.591999999999999638e+00,1.267041642789867639e+00
5.592800000000000438e+00,2.920101627656916665e-02
5.593600000000000350e+00,4.236984301772013239e-01
5.594400000000000261e+00,6.139754679930943260e-01
5.595200000000000173e+00,5.328600766060542782e-01
5.596000000000000085e+00,4.442728878858249186e-01
5.596799999999999997e+00,9.210417420969725655e-02
5.597600000000000797e+00,1.020641972363700134e+00
5.598399999999999821e+00,1.500490299336964262e-01
5.599199999999999733e+00,3.471643338919490063e-01
5.599999999999999645e+00,1.092408728556547803e+00
5.600799999999999557e+00,1.484961315309977659e+00
5.601599999999999469e+00,3.170927349453655508e-01
5.602400000000000269e+00,8.028015524208624853e+00
5.603200000000000180e+00,6.621305169171307625e+00
5.604000000000000092e+00,1.139920231930496719e+01
5.604800000000000004e+00,1.472748643443790861e+01
5.605599999999999916e+00,1.285330693134926783e+01
5.606399999999999828e+00,1.245590468344375346e+01
5.607200000000000628e+00,1.551442361343815968e+01
5.608000000000000540e+00,1.191969937360094356e+01
5.608800000000000452e+00,1.342976510411924984e+01
5.609599999999999476e+00,1.576334613835201104e+01
5.610399999999999388e+00,1.514257890044779487e+01
5.611199999999999299e+00,1.697091715409025880e+01
5.612000000000000099e+00,1.465206068322603095e+01
5.612800000000000011e+00,1.485435497394331961e+01
5.613599999999999923e+00,1.345096566484205347e+01
5.614399999999999835e+00,1.317178975139518116e+01
5.615199999999999747e+00,9.014738210506626714e+00
5.615999999999999659e+00,1.015629818051027122e+01
5.616800000000000459e+00,7.732850622375645244e+00
5.617600000000000371e+00,6.768495021684359791e+00
5.618400000000000283e+00,5.690501744380171978e+00
5.619200000000000195e+00,5.026337407137933866e+00
5.620000000000000107e+00,2.193856125121161682e+00
5.620800000000000018e+00,3.300175484125637215e+00
5.621599999999999930e+00,9.007372356491386567e-01
5.622399999999999842e+00,1.910587233122313933e+00
5.623199999999999754e+00,7.362795247028712797e-01
5.623999999999999666e+00,7.908893571956376878e-01
5.624799999999999578e+00,7.754026341577149872e-02
5.625600000000000378e+00,1.092488723290638175e+00
5.626400000000000290e+00,1.249612892821114318e+00
5.627200000000000202e+00,7.780498398494705148e-01
5.628000000000000114e+00,2.541527054548728515e+00
5.628800000000000026e+00,1.065567820052746528e+00
5.629599999999999937e+00,4.843045795020411992e-01
5.630400000000000738e+00,2.284313995697556443e+00
5.631200000000000649e+00,7.708416130790326504e-01
5.631999999999999673e+00,1.080875081832633144e+00
5.632799999999999585e+00,7.733479268636528348e-02
5.633599999999999497e+00,8.968300282687992064e-01
5.634399999999999409e+00,2.715240209950588568e+00
5.635200000000000209e+00,2.453733359386123802e-01
5.636000000000000121e+00,3.991329101795201950e+00
5.636800000000000033e+00,3.370761477195596711e+00
5.637599999999999945e+00,3.996335227433660098e+00
5.638399999999999856e+00,5.591873134770814602e+00
5.639199999999999768e+00,4.738981698383847529e+00
5.640000000000000568e+00,5.646460733017695688e+00
5.640800000000000480e+00,7.787448816617284386e+00
5.641600000000000392e+00,4.235945535912087223e+00
5.642400000000000304e+00,8.513262192111771043e+00
5.643199999999999328e+00,6.542041594856872422e+00
5.643999999999999240e+00,6.022182420890772825e+00
5.644800000000000040e+00,7.787680288136456852e+00
5.645599999999999952e+00,6.892297836220137697e+00
5.646399999999999864e+00,5.705715449113957227e+00
5.647199999999999775e+00,7.445609809466835038e+00
5.647999999999999687e+00,5.666240686823154959e+00
5.648799999999999599e+00,7.051730957262548394e+00
5.649600000000000399e+00,6.193247989049062596e+00
5.650400000000000311e+00,5.835438549421563259e+00
5.651200000000000223e+00,6.238792023826086997e+00
5.652000000000000135e+00,6.375140618162132178e+00
5.652800000000000047e+00,5.472912121258072915e+00
5.653599999999999959e+00,5.810395251204226064e+00
5.654399999999999871e+00,7.328694294906350493e+00
5.655199999999999783e+00,5.236246684404242124e+00
5.655999999999999694e+00,7.273626260129138821e+00
5.656799999999999606e+00,6.058151703056293691e+00
5.657599999999999518e+00,6.817161292720754773e+00
5.658400000000000318e+00,6.787827519137070276e+00
5.659200000000000230e+00,6.361128633712306524e+00
5.660000000000000142e+00,6.330945943728550240e+00
5.660800000000000054e+00,8.096064870306900474e+00
5.661599999999999966e+00,4.391681507747291491e+00
5.662399999999999878e+00,8.494167510268434640e+00
5.663200000000000678e+00,5.563230190678915221e+00
5.664000000000000590e+00,6.454530026711388757e+00
5.664800000000000502e+00,7.321994618209132000e+00
5.665599999999999525e+00,6.566034861559369773e+00
5.666399999999999437e+00,5.585785570512467935e+00
5.667199999999999349e+00,6.870160019083839664e+00
5.668000000000000149e+00,4.852013783730900975e+00
5.668800000000000061e+00,6.505128068446881073e+00
5.669599999999999973e+00,6.043862806838010471e+00
5.670399999999999885e+00,3.685287494385676155e+00
5.671199999999999797e+00,5.848463977561992877e+00
5.671999999999999709e+00,4.824594905293091429e+00
5.672800000000000509e+00,3.830461061499235154e+00
5.673600000000000421e+00,4.143299649623549463e+00
5.674400000000000333e+00,5.084763194939078801e+00
5.675200000000000244e+00,1.819812682108217228e+00
5.676000000000000156e+00,4.978074478771474354e+00
5.676799999999999180e+00,2.783452829393104011e+00
5.677599999999999980e+00,3.514263687048452045e+00
5.678399999999999892e+00,3.506082655028738948e+00
5.679199999999999804e+00,4.106945702295421441e+00
5.679999999999999716e+00,2.823766621068152016e+00
5.680799999999999628e+00,5.407350029344469178e+00
5.681599999999999540e+00,1.933599302388425034e+00
5.682400000000000340e+00,4.280044422036882956e+00
5.683200000000000252e+00,3.767277175900067387e+00
5.684000000000000163e+00,3.345426553491494648e+00
5.684800000000000075e+00,3.721807564886716158e+00
5.685599999999999987e+00,5.049216053867164433e+00
5.686399999999999899e+00,2.868386645114773259e+00
5.687200000000000699e+00,5.283253502784543088e+00
5.687999999999999723e+00,3.847118294517515302e+00
5.688799999999999635e+00,5.174180636683073153e+00
5.689599999999999547e+00,5.689840813627293770e+00
5.690399999999999459e+00,3.059540146955528783e+00
5.691200000000000259e+00,6.589969985918408213e+00
5.692000000000000171e+00,4.490278108290835846e+00
5.692800000000000082e+00,4.799943876495575523e+00
5.693599999999999994e+00,5.536185396985159102e+00
5.694399999999999906e+00,4.743982470993622691e+00
5.695199999999999818e+00,4.094395796876346694e+00
5.696000000000000618e+00,5.892832088740086682e+00
5.696800000000000530e+00,3.623745461768355991e+00
5.697600000000000442e+00,5.768956508419447182e+00
5.698400000000000354e+00,3.585068214070556980e+00
5.699200000000000266e+00,4.906651055427720287e+00
5.699999999999999289e+00,3.904577310215628927e+00
5.700800000000000090e+00,7.557722000530416651e+00
5.701600000000000001e+00,5.756236401593077368e+00
5.702399999999999913e+00,1.762393051688569301e+01
5.703199999999999825e+00,1.102365321149352972e+01
5.703999999999999737e+00,1.297507287393660924e+01
5.704799999999999649e+00,1.537483219033499005e+01
5.705600000000000449e+00,1.689650356985788093e+01
5.706400000000000361e+00,1.367260481531828731e+01
5.707200000000000273e+00,1.708519697676491234e+01
5.708000000000000185e+00,1.776367394396103094e+01
5.708800000000000097e+00,1.769733468236120899e+01
5.709600000000000009e+00,1.863283828110088081e+01
5.710400000000000809e+00,1.603330916130338935e+01
5.711199999999999832e+00,1.940329783168036570e+01
5.711999999999999744e+00,1.655817078236853135e+01
5.712799999999999656e+00,1.521145074317067269e+01
5.713599999999999568e+00,1.457135554296355551e+01
5.714399999999999480e+00,1.429826668971445613e+01
5.715200000000000280e+00,1.078543236052821008e+01
5.716000000000000192e+00,1.180861504127733674e+01
5.716800000000000104e+00,8.961120756501463447e+00
5.717600000000000016e+00,8.775183386998076429e+00
5.718399999999999928e+00,6.829355856674772518e+00
5.719199999999999839e+00,6.163305149258190063e+00
5.720000000000000639e+00,5.346754047224294482e+00
5.720800000000000551e+00,5.326178830062993086e+00
5.721600000000000463e+00,2.914377058796030262e+00
5.722399999999999487e+00,4.869553892822283458e+00
5.723199999999999399e+00,3.261111134707110448e+00
5.723999999999999311e+00,2.695446935299106173e+00
5.724800000000000111e+00,3.179296599449292327e+00
5.725600000000000023e+00,2.692867713450207479e+00
5.726399999999999935e+00,1.452832512345292981e+00
5.727199999999999847e+00,2.906972070088384985e+00
5.727999999999999758e+00,2.008739442714262413e+00
5.728799999999999670e+00,2.470199706047498722e+00
5.729600000000000470e+00,3.246235594917627143e+00
5.730400000000000382e+00,1.539280960550534427e+00
5.731200000000000294e+00,4.652198076036271779e+00
5.732000000000000206e+00,4.180433468272036990e+00
5.732800000000000118e+00,3.167954387735834487e+00
5.733600000000000030e+00,6.150960908142818262e+00
5.734399999999999942e+00,5.588160660105674360e+00
5.735199999999999854e+00,4.800194915688807740e+00
5.735999999999999766e+00,8.423794381163242306e+00
5.736799999999999677e+00,5.759251364940375595e+00
5.737599999999999589e+00,8.356643808151936526e+00
5.738400000000000389e+00,8.531271906161556728e+00
5.739200000000000301e+00,8.078555923013201578e+00
5.740000000000000213e+00,9.610900650813457347e+00
5.740800000000000125e+00,9.923805647204295255e+00
5.741600000000000037e+00,8.169374928356834431e+00
5.742399999999999949e+00,1.063185335469682968e+01
5.743200000000000749e+00,9.398703016552740763e+00
5.744000000000000661e+00,1.009759653159286330e+01
5.744799999999999685e+00,8.920860758233249754e+00
5.745599999999999596e+00,1.113982639513731066e+01
5.746399999999999508e+00,7.274618789642278927e+00
5.747199999999999420e+00,1.027385985304574945e+01
5.748000000000000220e+00,9.025149995629998756e+00
5.748800000000000132e+00,8.560399737772709017e+00
5.749600000000000044e+00,9.722443505865504321e+00
5.750399999999999956e+00,7.757644362856677134e+00
5.751199999999999868e+00,8.980653066287288766e+00
5.751999999999999780e+00,1.009925876598414085e+01
5.752800000000000580e+00,7.305813784757374307e+00
5.753600000000000492e+00,9.324985682787366059e+00
5.754400000000000404e+00,9.632739714306689294e+00
5.755200000000000315e+00,8.464753061299365555e+00
5.755999999999999339e+00,1.092113154512418838e+01
5.756799999999999251e+00,7.048798901130703065e+00
5.757600000000000051e+00,1.047431723971284612e+01
5.758399999999999963e+00,8.169813919256876389e+00
5.759199999999999875e+00,9.648145714314459553e+00
5.759999999999999787e+00,9.595652110890911857e+00
5.760799999999999699e+00,9.759638964730257271e+00
5.761599999999999611e+00,8.160436541053865511e+00
5.762400000000000411e+00,9.807999013557092027e+00
5.763200000000000323e+00,9.320368265892939874e+00
5.764000000000000234e+00,9.716209222296233960e+00
5.764800000000000146e+00,8.414859097156597301e+00
5.765600000000000058e+00,9.858691175373891724e+00
5.766399999999999970e+00,6.168579533351704391e+00
5.767199999999999882e+00,1.036795770729399635e+01
5.767999999999999794e+00,7.363415834180624842e+00
5.768799999999999706e+00,7.845022178632548915e+00
5.769599999999999618e+00,9.319465515303102521e+00
5.770399999999999530e+00,4.795216964126085557e+00
5.771200000000000330e+00,9.280232006009098811e+00
5.772000000000000242e+00,6.542656615564808931e+00
5.772800000000000153e+00,5.450694887168860525e+00
5.773600000000000065e+00,7.451169758820351596e+00
5.774399999999999977e+00,5.960943114229475093e+00
5.775199999999999889e+00,6.182732381243030595e+00
5.776000000000000689e+00,7.410719813269944112e+00
5.776800000000000601e+00,5.127079294791469621e+00
5.777600000000000513e+00,6.671225366497583131e+00
5.778399999999999537e+00,4.484648706475201863e+00
5.779199999999999449e+00,8.037983235440636420e+00
5.779999999999999361e+00,4.524115731217603908e+00
5.780800000000000161e+00,7.245655136169811605e+00
5.781600000000000072e+00,4.632155298644988761e+00
5.782399999999999984e+00,6.051570901643427369e+00
5.783199999999999896e+00,7.802141817342024055e+00
5.783999999999999808e+00,5.651574032624589350e+00
5.784799999999999720e+00,7.098565875144129400e+00
5.785600000000000520e+00,7.429281661368038137e+00
5.786400000000000432e+00,4.758877952053639504e+00
5.787200000000000344e+00,9.352628658181652455e+00
5.788000000000000256e+00,5.528455533411498202e+00
5.788800000000000168e+00,7.985848210189928409e+00
5.789599999999999191e+00,7.829973934951431680e+00
5.790399999999999991e+00,5.031765139443226786e+00
5.791199999999999903e+00,1.010599119378511901e+01
5.791999999999999815e+00,5.403183236099266651e+00
5.792799999999999727e+00,7.670191224407290953e+00
5.793599999999999639e+00,6.816651863309272308e+00
5.794399999999999551e+00,7.050097707337190656e+00
5.795200000000000351e+00,7.401596492119698389e+00
5.796000000000000263e+00,6.965401152873256230e+00
5.796800000000000175e+00,7.255093825332249224e+00
5.797600000000000087e+00,7.028156635716559464e+00
5.798399999999999999e+00,5.918919736521334407e+00
5.799199999999999910e+00,8.086497798458303521e+00
5.800000000000000711e+00,4.091193352996526755e+00
5.800799999999999734e+00,7.038050379552059255e+00
5.801599999999999646e+00,2.143338195792551026e+00
5.802399999999999558e+00,9.702425940559905371e+00
5.803199999999999470e+00,3.745570033233642349e+00
5.804000000000000270e+00,1.541745667285037369e+00
5.804800000000000182e+00,4.206616987674410169e+00
5.805600000000000094e+00,2.260387727390200219e+00
5.806400000000000006e+00,8.969166371984177433e-01
5.807199999999999918e+00,5.273406175269618856e+00
5.807999999999999829e+00,1.858187086317777181e+00
5.808800000000000630e+00,3.767394463294700291e+00
5.809600000000000541e+00,2.797072241294593642e+00
5.810400000000000453e+00,1.198528211861762172e+00
5.811200000000000365e+00,4.572007299411150250e+00
5.811999999999999389e+00,1.770593783557061318e+00
5.812799999999999301e+00,2.850760695977458070e+00
5.813600000000000101e+00,1.590491113900604159e+00
5.814400000000000013e+00,4.109828391858664887e+00
5.815199999999999925e+00,2.343775750263608959e+00
5.815999999999999837e+00,3.671715850576172446e+00
5.816799999999999748e+00,4.532449282693963077e+00
5.817599999999999660e+00,2.884471284228884880e+00
5.818400000000000460e+00,4.555994109307103024e+00
5.819200000000000372e+00,5.222911317292693312e+00
5.820000000000000284e+00,4.501950478328740068e+00
5.820800000000000196e+00,6.646616748064153590e+00
5.821600000000000108e+00,3.170131017995621470e+00
5.822400000000000020e+00,7.685873237662289803e+00
5.823200000000000820e+00,5.565319390159830348e+00
5.823999999999999844e+00,5.698586636708900421e+00
5.824799999999999756e+00,6.452845355069882771e+00
5.825599999999999667e+00,5.453075635403560995e+00
5.826399999999999579e+00,6.067704339592029150e+00
5.827199999999999491e+00,7.294562089645696190e+00
5.828000000000000291e+00,5.480251430952510105e+00
5.828800000000000203e+00,6.772068225748532733e+00
5.829600000000000115e+00,5.560553277981771458e+00
5.830400000000000027e+00,5.182129458505063901e+00
5.831199999999999939e+00,6.800000503060979362e+00
5.831999999999999851e+00,5.608169405509552341e+00
5.832800000000000651e+00,5.350932050266334450e+00
5.833600000000000563e+00,5.273841876080059166e+00
5.834400000000000475e+00,6.623545934983217087e+00
5.835199999999999498e+00,4.228277483495213040e+00
5.835999999999999410e+00,6.418319284540880076e+00
5.836799999999999322e+00,4.030298419100343033e+00
5.837600000000000122e+00,4.028667043988348517e+00
5.838400000000000034e+00,4.966689124569457547e+00
5.839199999999999946e+00,4.397137782595095246e+00
5.839999999999999858e+00,3.420036047738802765e+00
5.840799999999999770e+00,5.947160474084445703e+00
5.841599999999999682e+00,9.843999953829755123e-01
5.842400000000000482e+00,5.847687602888879788e+00
5.843200000000000394e+00,3.925739056876006217e+00
5.844000000000000306e+00,3.931761972161124330e+00
5.844800000000000217e+00,3.795236568044063841e+00
5.845600000000000129e+00,4.479056964689601017e+00
5.846400000000000041e+00,2.497860713814201716e+00
5.847199999999999953e+00,5.428921557061065606e+00
5.847999999999999865e+00,2.821609487241650616e+00
5.848799999999999777e+00,4.153326491265440623e+00
5.849599999999999689e+00,3.560293912485651635e+00
5.850399999999999601e+00,3.249624507825345177e+00
5.851200000000000401e+00,4.413091073529271213e+00
5.852000000000000313e+00,3.804756153415920217e+00
5.852800000000000225e+00,3.210432873310097968e+00
5.853600000000000136e+00,2.417923060928558243e+00
5.854400000000000048e+00,4.456815677804025100e+00
5.855199999999999960e+00,3.179178417265253298e+00
5.856000000000000760e+00,5.067907337816840219e+00
5.856800000000000672e+00,2.361231002978918969e+00
5.857599999999999696e+00,3.973740332216864957e+00
5.858399999999999608e+00,3.384983447819378100e+00
5.859199999999999520e+00,4.298688774845980554e+00
5.859999999999999432e+00,3.513887955378407479e+00
5.860800000000000232e+00,4.211633729920393421e+00
5.861600000000000144e+00,1.497658771034751979e+00
5.862400000000000055e+00,4.978865037790701109e+00
5.863199999999999967e+00,3.230988279446042721e+00
5.863999999999999879e+00,3.508030053793040004e+00
5.864799999999999791e+00,3.560616198265489807e+00
5.865600000000000591e+00,3.860482930795037237e+00
5.866400000000000503e+00,2.122945805848543976e+00
5.867200000000000415e+00,5.180599949277276295e+00
5.868000000000000327e+00,3.358153778809452206e+00
5.868799999999999351e+00,2.929236262997226614e+00
5.869599999999999262e+00,5.282874861992242543e+00
5.870400000000000063e+00,1.415114008845423044e+00
5.871199999999999974e+00,6.162561094882405222e+00
5.871999999999999886e+00,3.711976026924062477e+00
5.872799999999999798e+00,2.395310564590872549e+00
5.873599999999999710e+00,4.069140633331183921e+00
5.874399999999999622e+00,4.339431457034129025e+00
5.875200000000000422e+00,3.059078446357428760e+00
5.876000000000000334e+00,5.022490278542026232e+00
5.876800000000000246e+00,2.609533746184851566e+00
5.877600000000000158e+00,4.000201701889654515e+00
5.878400000000000070e+00,3.700072931797890874e+00
5.879199999999999982e+00,4.608609027061588037e+00
5.879999999999999893e+00,3.680501145671036145e+00
5.880799999999999805e+00,4.651901937639668638e+00
5.881599999999999717e+00,2.586509001838566579e+00
5.882399999999999629e+00,4.562269009729893021e+00
5.883199999999999541e+00,4.655408502581538599e+00
5.884000000000000341e+00,3.636742928282227894e+00
5.884800000000000253e+00,2.799630579896742688e+00
5.885600000000000165e+00,4.691127829000246052e+00
5.886400000000000077e+00,2.236340304809719459e+00
5.887199999999999989e+00,5.509132182470820815e+00
5.887999999999999901e+00,3.156562167691444376e+00
5.888800000000000701e+00,3.268135523913039187e+00
5.889600000000000612e+00,4.351805264065093937e+00
5.890400000000000524e+00,1.910496930966207652e+00
5.891199999999999548e+00,5.692484982195656684e+00
5.891999999999999460e+00,3.041421539511270478e+00
5.892799999999999372e+00,2.492387556249854530e+00
5.893600000000000172e+00,3.864691233518224855e+00
5.894400000000000084e+00,3.936061011069809989e+00
5.895199999999999996e+00,3.436848889895162351e+00
5.895999999999999908e+00,3.896925255248813169e+00
5.896799999999999820e+00,1.752076113709430727e+00
5.897599999999999731e+00,4.233195598443621144e+00
5.898400000000000531e+00,2.233759060431817378e+00
5.899200000000000443e+00,3.891220489505279545e+00
5.900000000000000355e+00,1.933725277368961715e+00
5.900800000000000267e+00,2.837430233572844962e+00
5.901600000000000179e+00,2.069273713612737264e+00
5.902399999999999203e+00,3.753458192347387534e+00
5.903200000000000003e+00,5.475938714213753222e+00
5.903999999999999915e+00,3.706556134551752368e+00
5.904799999999999827e+00,1.281373002403313421e+00
5.905599999999999739e+00,1.507448857158908639e+00
5.906399999999999650e+00,3.271299376539110515e+00
5.907199999999999562e+00,1.012787403456770985e+00
5.908000000000000362e+00,3.897837100093822560e+00
5.908800000000000274e+00,4.633088303838380995e+00
5.909600000000000186e+00,3.164836486034688701e+00
5.910400000000000098e+00,4.942818856045823495e+00
5.911200000000000010e+00,2.167122868164732541e+00
5.911999999999999922e+00,2.452659553096011802e+00
5.912800000000000722e+00,3.024817059117955953e+00
5.913599999999999746e+00,8.155549809971963660e-01
5.914399999999999658e+00,1.776047197276638956e-01
5.915199999999999569e+00,3.031259458606824775e-01
5.915999999999999481e+00,1.703013928836596635e+00
5.916799999999999393e+00,8.907250077209162287e-01
5.917600000000000193e+00,1.640568499796627000e+00
5.918400000000000105e+00,2.264714741578287782e+00
5.919200000000000017e+00,3.843475889312699678e+00
5.919999999999999929e+00,2.441353162065947657e+00
5.920799999999999841e+00,4.782729410936064518e+00
5.921599999999999753e+00,1.527121498605028327e+00
5.922400000000000553e+00,4.924941216074580908e+00
5.923200000000000465e+00,3.458144627724662357e+00
5.924000000000000377e+00,3.603277716287672128e+00
5.924799999999999400e+00,3.474040129962300494e+00
5.925599999999999312e+00,3.779553550585494026e+00
5.926400000000000112e+00,3.229726127814884329e+00
5.927200000000000024e+00,5.380578336997609235e+00
5.927999999999999936e+00,2.808478985401177574e+00
5.928799999999999848e+00,3.825173094980252042e+00
5.929599999999999760e+00,3.173344369287558919e+00
5.930399999999999672e+00,2.387205438628009713e+00
5.931200000000000472e+00,4.233174096608873782e+00
5.932000000000000384e+00,2.494263129251160116e+00
5.932800000000000296e+00,1.284824040770964126e+00
5.933600000000000207e+00,1.821424459435842635e+00
5.934400000000000119e+00,3.133328320147232393e+00
5.935200000000000031e+00,4.844425536260644205e-01
5.935999999999999943e+00,2.968569441383582141e+00
5.936799999999999855e+00,8.349450228134290830e-01
5.937599999999999767e+00,3.085988579894002326e-01
5.938399999999999679e+00,8.904642818019657957e-01
5.939199999999999591e+00,3.343523349680066481e-01
5.939999999999999503e+00,2.440376200529083273e-01
5.940800000000000303e+00,1.086206138986553604e+00
5.941600000000000215e+00,2.200930175389755661e+00
5.942400000000000126e+00,2.306570751886067416e+00
5.943200000000000038e+00,2.528092188731612122e-01
5.943999999999999950e+00,1.577580343212958980e-01
5.944799999999999862e+00,5.203268868555670501e-01
5.945600000000000662e+00,1.092265679916421206e+00
5.946400000000000574e+00,2.995396493142914451e-01
5.947200000000000486e+00,9.838384107014958024e-01
5.947999999999999510e+00,3.115073702873368336e-02
5.948799999999999422e+00,3.163569938073201859e-01
5.949599999999999334e+00,6.830025959037006045e-01
5.950400000000000134e+00,6.300257251624268307e-01
5.951200000000000045e+00,1.154383478203884206e+00
5.951999999999999957e+00,7.357111897204270390e-01
5.952799999999999869e+00,1.210583091049053373e+00
5.953599999999999781e+00,2.767175274691344722e-01
5.954399999999999693e+00,1.904253258828657147e+00
5.955200000000000493e+00,7.569584052796280993e-01
5.956000000000000405e+00,9.913317556520586660e-01
5.956800000000000317e+00,1.220701663212958588e+00
5.957600000000000229e+00,4.706030040732467334e-01
5.958400000000000141e+00,1.176793160502813927e-02
5.959200000000000053e+00,1.006069710544379020e-01
5.959999999999999964e+00,8.599653267142183533e-02
5.960799999999999876e+00,3.139327813142028245e-01
5.961599999999999788e+00,1.546990226392232159e+00
5.962399999999999700e+00,1.352036655242853547e+00
5.963199999999999612e+00,3.634741592735608595e-01
5.964000000000000412e+00,5.322764313322090324e-01
5.964800000000000324e+00,3.126084792515097521e-01
5.965600000000000236e+00,6.564197305855032916e-01
5.966400000000000148e+00,3.823524122452337526e-01
5.967200000000000060e+00,2.053452109285307081e+00
5.967999999999999972e+00,3.288813650910795694e-01
5.968800000000000772e+00,3.545267900761809310e-01
5.969600000000000684e+00,2.467323532598218350e+00
5.970399999999999707e+00,1.219882296463442817e+00
5.971199999999999619e+00,3.006438182362114020e+00
5.971999999999999531e+00,1.093053746417135930e+00
5.972799999999999443e+00,8.056669115630441524e-01
5.973600000000000243e+00,1.920611622930184836e+00
5.974400000000000155e+00,2.075199262573282244e+00
5.975200000000000067e+00,7.898331010050708700e-01
5.975999999999999979e+00,1.891499183379423021e+00
5.976799999999999891e+00,3.273085539071876604e-01
5.977599999999999802e+00,1.709447597157027543e+00
5.978400000000000603e+00,9.636373845283929818e-01
5.979200000000000514e+00,2.261546569770513049e+00
5.980000000000000426e+00,5.770418769201914877e-01
5.980800000000000338e+00,2.109578377845706676e+00
5.981599999999999362e+00,5.539202253415024257e-01
5.982399999999999274e+00,1.695210890514526225e+00
5.983200000000000074e+00,2.062332415328175461e+00
5.983999999999999986e+00,2.029114705437981836e-01
5.984799999999999898e+00,2.580111421608515254e-01
5.985599999999999810e+00,1.672543475988290673e+00
5.986399999999999721e+00,7.047817143923624794e-01
5.987199999999999633e+00,2.511317013027944522e+00
5.988000000000000433e+00,9.331276113347722889e-01
5.988800000000000345e+00,6.989698251735175782e-01
5.989600000000000257e+00,1.283082594601858029e+00
5.990400000000000169e+00,6.651004669024562777e-01
5.991200000000000081e+00,2.913809986117136486e+00
5.991999999999999993e+00,4.849697460798141901e-01
5.992799999999999905e+00,8.585783426913197458e-02
5.993599999999999817e+00,1.319383177842680333e+00
5.994399999999999729e+00,6.983614814926992764e-01
5.995199999999999640e+00,3.374611836495759465e-01
5.995999999999999552e+00,7.332987556212618996e-01
5.996800000000000352e+00,5.745207032103277767e-01
5.997600000000000264e+00,1.462878600785810779e+00
5.998400000000000176e+00,3.137615700908619187e-02
5.999200000000000088e+00,1.919687658625607307e+00
6.000000000000000000e+00,2.462683118295708184e-01
6.000799999999999912e+00,5.308852006102256382e+00
6.001600000000000712e+00,3.268581738786953572e+00
6.002400000000000624e+00,1.197004161420937329e+01
6.003200000000000536e+00,8.050497155051370868e+00
6.003999999999999559e+00,8.911472451607009404e+00
6.004799999999999471e+00,1.307895496879907782e+01
6.005599999999999383e+00,1.526159880654081569e+01
6.006400000000000183e+00,1.381587976526383521e+01
6.007200000000000095e+00,1.733160807755649913e+01
6.008000000000000007e+00,1.420125285312147589e+01
6.008799999999999919e+00,1.551897164828153386e+01
6.009599999999999831e+00,1.731686914135447353e+01
6.010399999999999743e+00,1.416113142734426056e+01
6.011200000000000543e+00,1.791127389961570060e+01
6.012000000000000455e+00,1.489824457154675486e+01
6.012800000000000367e+00,1.370122717325918416e+01
6.013600000000000279e+00,1.379933356604400352e+01
6.014400000000000190e+00,1.322759918327750839e+01
6.015199999999999214e+00,9.822456260940127137e+00
6.016000000000000014e+00,1.050619060637166591e+01
6.016799999999999926e+00,6.912993882619263175e+00
6.017599999999999838e+00,7.187441347496002386e+00
6.018399999999999750e+00,4.986158628198250398e+00
6.019199999999999662e+00,4.950381442246237107e+00
6.019999999999999574e+00,2.033928798064987387e+00
6.020800000000000374e+00,2.697765750923843964e+00
6.021600000000000286e+00,5.612253741115114103e-01
6.022400000000000198e+00,2.315745010849326935e+00
6.023200000000000109e+00,1.093703144044455428e-01
6.024000000000000021e+00,5.693889867866619436e-01
6.024799999999999933e+00,6.736277364889378116e-01
6.025600000000000733e+00,1.961276089113649646e-01
6.026399999999999757e+00,1.638154593448687191e+00
6.027199999999999669e+00,4.799615474868054177e-01
6.027999999999999581e+00,1.657477361462501353e+00
6.028799999999999493e+00,6.481407795000156957e-01
6.029599999999999405e+00,6.838660129315543568e-01
6.030400000000000205e+00,2.289841707939826776e+00
6.031200000000000117e+00,2.475105790661015881e+00
6.032000000000000028e+00,4.872809414204409273e-01
6.032799999999999940e+00,4.846395034833785864e-01
6.033599999999999852e+00,2.214975792688949952e+00
6.034399999999999764e+00,3.664671021814417617e+00
6.035200000000000564e+00,1.713356383708549924e+00
6.036000000000000476e+00,5.261011039795638666e+00
6.036800000000000388e+00,3.126035132749344303e+00
6.037599999999999412e+00,5.547786526117494788e+00
6.038399999999999324e+00,5.505773538985681448e+00
6.039200000000000124e+00,6.493341902332613991e+00
6.040000000000000036e+00,5.611285213822844398e+00
6.040799999999999947e+00,7.917397868084604440e+00
6.041599999999999859e+00,5.742659488829314540e+00
6.042399999999999771e+00,8.240624939816363792e+00
6.043199999999999683e+00,8.130495992843224329e+00
6.044000000000000483e+00,6.057282053487254458e+00
6.044800000000000395e+00,7.626476631085240321e+00
6.045600000000000307e+00,8.491110873098838496e+00
6.046400000000000219e+00,6.315850115680590626e+00
6.047200000000000131e+00,9.121332769471095503e+00
6.048000000000000043e+00,5.809882711107707820e+00
6.048799999999999955e+00,7.231851053132674956e+00
6.049599999999999866e+00,8.134311943392400934e+00
6.050399999999999778e+00,5.871941466342712523e+00
6.051199999999999690e+00,7.863089647135719673e+00
6.051999999999999602e+00,6.449335842248541617e+00
6.052799999999999514e+00,6.267560619403909072e+00
6.053600000000000314e+00,7.056728796965358264e+00
6.054400000000000226e+00,7.695777404661585663e+00
6.055200000000000138e+00,7.221565581511066867e+00
6.056000000000000050e+00,7.201848170266178073e+00
6.056799999999999962e+00,6.411730278973359454e+00
6.057599999999999874e+00,8.245840758471068455e+00
6.058400000000000674e+00,6.925490269116160391e+00
6.059200000000000585e+00,8.192855901644181316e+00
6.059999999999999609e+00,6.246617390739690912e+00
6.060799999999999521e+00,8.125101493073682235e+00
6.061599999999999433e+00,6.065858989710211979e+00
6.062399999999999345e+00,8.348810286341473486e+00
6.063200000000000145e+00,7.643152311949723554e+00
6.064000000000000057e+00,6.113744779081056180e+00
6.064799999999999969e+00,7.934522206326485971e+00
6.065599999999999881e+00,7.479309802045844613e+00
6.066399999999999793e+00,5.653809597094361372e+00
6.067199999999999704e+00,8.619638664720831400e+00
6.068000000000000504e+00,4.205229049456806756e+00
6.068800000000000416e+00,6.946573110337530110e+00
6.069600000000000328e+00,6.683514493092189035e+00
6.070400000000000240e+00,3.733595978045871178e+00
6.071200000000000152e+00,7.362777399439544901e+00
6.072000000000000064e+00,4.376357483920591207e+00
6.072799999999999976e+00,4.377442526243062737e+00
6.073599999999999888e+00,5.344767628604055965e+00
6.074399999999999800e+00,5.756613144813449878e+00
6.075199999999999712e+00,3.245490827197127448e+00
6.075999999999999623e+00,4.842419229841069317e+00
6.076800000000000423e+00,3.904511706307148167e+00
6.077600000000000335e+00,4.118407510613405265e+00
6.078400000000000247e+00,4.015231181676667482e+00
6.079200000000000159e+00,4.801523541897422476e+00
6.080000000000000071e+00,2.214173137757806220e+00
6.080799999999999983e+00,5.957830339951859067e+00
6.081600000000000783e+00,2.340930857641422946e+00
6.082400000000000695e+00,5.728770381464447503e+00
6.083199999999999719e+00,4.530133639863858974e+00
6.083999999999999631e+00,3.901899089736106330e+00
6.084799999999999542e+00,4.942924540922581933e+00
6.085599999999999454e+00,5.562563722962857504e+00
6.086400000000000254e+00,4.316409597786800667e+00
6.087200000000000166e+00,6.339417751450589833e+00
6.088000000000000078e+00,3.982688939060075040e+00
6.088799999999999990e+00,5.655268595301651047e+00
6.089599999999999902e+00,5.823573966696348414e+00
6.090399999999999814e+00,4.276091217085984830e+00
6.091200000000000614e+00,6.268728760220260376e+00
6.092000000000000526e+00,4.514850079650053694e+00
6.092800000000000438e+00,5.102271699829907803e+00
6.093600000000000350e+00,5.740178970588502239e+00
6.094399999999999373e+00,6.559293469106678209e+00
6.095199999999999285e+00,4.681052267036269754e+00
6.096000000000000085e+00,6.107534717630946020e+00
6.096799999999999997e+00,4.764572980908255317e+00
6.097599999999999909e+00,6.091836424074961620e+00
6.098399999999999821e+00,5.247591627969200978e+00
6.099199999999999733e+00,4.856151081915728085e+00
6.099999999999999645e+00,2.569260793198049342e+00
6.100800000000000445e+00,2.107109401480723232e+00
6.101600000000000357e+00,4.169326371834098488e+00
6.102400000000000269e+00,4.260811484736342969e+00
6.103200000000000180e+00,7.564000720984348725e+00
6.104000000000000092e+00,1.115333843007710257e+01
6.104800000000000004e+00,1.282208950547943616e+01
6.105599999999999916e+00,8.881968269416644191e+00
6.106399999999999828e+00,1.005739597920504913e+01
6.107199999999999740e+00,1.064557636408556363e+01
6.107999999999999652e+00,1.338029649816858502e+01
6.108799999999999564e+00,1.070865014662623871e+01
6.109599999999999476e+00,1.141842369745070762e+01
6.110400000000000276e+00,1.506908952980547234e+01
6.111200000000000188e+00,1.190185675308321933e+01
6.112000000000000099e+00,1.065095346575361290e+01
6.112800000000000011e+00,1.102751320719501393e+01
6.113599999999999923e+00,9.175718901675912420e+00
6.114399999999999835e+00,5.557303547306820413e+00
6.115200000000000635e+00,7.184982578778701168e+00
6.116000000000000547e+00,3.348765209026427048e+00
6.116799999999999571e+00,2.867327043557808874e+00
6.117599999999999483e+00,8.098644960069164567e-01
6.118399999999999395e+00,1.028139332467992162e+00
6.119200000000000195e+00,1.424297650743890697e+00
6.120000000000000107e+00,2.745199824589791504e+00
6.120800000000000018e+00,5.454211258762278192e+00
6.121599999999999930e+00,2.850005170817351274e+00
6.122399999999999842e+00,6.434732284645577671e+00
6.123199999999999754e+00,4.906141379172004768e+00
6.124000000000000554e+00,5.619503443604719095e+00
6.124800000000000466e+00,5.570358858949098213e+00
6.125600000000000378e+00,6.417932090789942201e+00
6.126400000000000290e+00,6.241466132650596244e+00
6.127200000000000202e+00,6.164157093271468213e+00
6.127999999999999226e+00,5.899711620337777518e+00
6.128800000000000026e+00,5.900760013450168096e+00
6.129599999999999937e+00,6.748727714731569627e+00
6.130399999999999849e+00,3.645083501652839786e+00
6.131199999999999761e+00,5.572802436514344926e+00
6.131999999999999673e+00,4.039108814982379947e+00
6.132799999999999585e+00,2.215020984391995018e+00
6.133600000000000385e+00,3.093675736036300083e+00
6.134400000000000297e+00,2.201383406720498925e+00
6.135200000000000209e+00,1.002228003537244616e+00
6.136000000000000121e+00,1.487344948080251417e+00
6.136800000000000033e+00,2.046020388204819351e+00
6.137599999999999945e+00,8.846262951143085695e-01
6.138400000000000745e+00,1.650575493357061552e+00
6.139199999999999768e+00,2.914399106534844019e+00
6.139999999999999680e+00,3.036450263222351342e+00
6.140799999999999592e+00,1.600035898424670089e+00
6.141599999999999504e+00,4.843426047546148361e+00
6.142399999999999416e+00,2.090638308039455939e+00
6.143200000000000216e+00,3.703231145707918781e+00
6.144000000000000128e+00,3.722957024066153142e+00
6.144800000000000040e+00,3.509892616885402550e+00
6.145599999999999952e+00,2.034883201245600404e+00
6.146399999999999864e+00,4.956055773691104172e+00
6.147199999999999775e+00,1.574147701675350897e+00
6.148000000000000576e+00,4.095220096536283272e+00
6.148800000000000487e+00,2.250217995269119253e+00
6.149600000000000399e+00,2.375072904438015886e+00
6.150399999999999423e+00,4.200230199041759427e+00
6.151199999999999335e+00,1.661685013448571890e+00
6.152000000000000135e+00,3.373446782329033944e+00
6.152800000000000047e+00,3.497350548289111849e+00
6.153599999999999959e+00,3.101033871194359026e+00
6.154399999999999871e+00,2.252949311505282992e+00
6.155199999999999783e+00,3.901479602194530383e+00
6.155999999999999694e+00,2.750718034296858239e+00
6.156800000000000495e+00,3.554158760641164871e+00
6.157600000000000406e+00,3.073767108245541557e+00
6.158400000000000318e+00,3.907871759083161756e+00
6.159200000000000230e+00,3.647865676848316863e+00
6.160000000000000142e+00,3.758212505141924620e+00
6.160800000000000054e+00,2.187298688672949076e+00
6.161599999999999966e+00,4.899604484181436348e+00
6.162399999999999878e+00,2.051757938304890061e+00
6.163199999999999790e+00,3.433300356834098288e+00
6.163999999999999702e+00,3.331882951291508466e+00
6.164799999999999613e+00,3.069489154244277263e+00
6.165599999999999525e+00,1.462332630813202528e+00
6.166400000000000325e+00,4.318444488557511285e+00
6.167200000000000237e+00,5.369329530145213747e-01
6.168000000000000149e+00,3.637616293369015708e+00
6.168800000000000061e+00,1.363267287814364348e+00
6.169599999999999973e+00,1.662131943683390622e-01
6.170399999999999885e+00,3.602718978131395744e+00
6.171200000000000685e+00,7.554846862809370123e-01
6.172000000000000597e+00,1.131073490713884633e+00
6.172799999999999621e+00,1.344480313789433223e+00
6.173599999999999532e+00,1.358631584793098812e-01
6.174399999999999444e+00,7.911834018290059278e-02
6.175199999999999356e+00,1.434312428154953523e+00
6.176000000000000156e+00,1.078340022875303506e+00
6.176800000000000068e+00,6.263603275078496457e-01
6.177599999999999980e+00,1.089335530040899558e+00
6.178399999999999892e+00,8.238450226630854578e-01
6.179199999999999804e+00,7.854856192628197897e-01
6.179999999999999716e+00,1.252511026351248002e+00
6.180800000000000516e+00,1.596626375206404491e+00
6.181600000000000428e+00,1.422073968133774624e+00
6.182400000000000340e+00,8.243541790843793293e-02
6.183200000000000252e+00,3.271557078106737126e-01
6.184000000000000163e+00,1.456496028346567773e+00
6.184800000000000075e+00,3.632047140881125014e-01
6.185599999999999987e+00,4.311487142098831965e-02
6.186399999999999899e+00,2.977325678914730656e+00
6.187199999999999811e+00,4.460973910791628527e-01
6.187999999999999723e+00,3.067159211647284778e+00
6.188799999999999635e+00,6.269669787297240671e-01
6.189600000000000435e+00,7.865537893445888606e-01
6.190400000000000347e+00,3.097179234508120604e+00
6.191200000000000259e+00,4.877978605858780958e-01
6.192000000000000171e+00,2.484048453372644794e+00
6.192800000000000082e+00,1.022764024272524441e+00
6.193599999999999994e+00,1.736336898341867885e+00
6.194400000000000794e+00,1.311436829903791068e+00
6.195200000000000706e+00,2.417208460152620031e+00
6.195999999999999730e+00,7.245453660382429328e-01
6.196799999999999642e+00,2.003740651455935051e+00
6.197599999999999554e+00,9.127906902181722737e-01
6.198399999999999466e+00,1.726871354019618332e+00
6.199200000000000266e+00,9.056627762271294291e-01
6.200000000000000178e+00,2.207710968675624663e+00
6.200800000000000090e+00,1.149350215008669851e+00
6.201600000000000001e+00,7.033912013355847925e+00
6.202399999999999913e+00,6.810156061947017392e+00
6.203199999999999825e+00,5.896826515613320829e+00
6.204000000000000625e+00,4.637199618475746909e+00
6.204800000000000537e+00,2.925513858353491869e+00
6.205600000000000449e+00,3.813541547773109941e-01
6.206400000000000361e+00,3.773439658617786741e+00
6.207199999999999385e+00,2.684985134894695591e+00
6.207999999999999297e+00,4.719568470578807684e+00
6.208800000000000097e+00,4.605084247490617955e+00
6.209600000000000009e+00,3.563224452504395678e+00
6.210399999999999920e+00,6.107451239226842965e+00
6.211199999999999832e+00,2.017338021483068733e+00
6.211999999999999744e+00,1.906174761282774188e+00
6.212799999999999656e+00,2.419529809984977575e+00
6.213600000000000456e+00,1.206748519791888352e+00
6.214400000000000368e+00,1.281037700207851848e-01
6.215200000000000280e+00,1.853003141107866680e+00
6.216000000000000192e+00,8.303670106185947475e-01
6.216800000000000104e+00,1.050012651374193862e+00
6.217600000000000016e+00,2.796381952316980279e-01
6.218399999999999928e+00,6.519347772946022523e-01
6.219199999999999839e+00,4.497706611380855035e-01
6.219999999999999751e+00,5.531300240265250023e-01
6.220799999999999663e+00,9.600119390433922151e-01
6.221599999999999575e+00,1.159476809331171143e+00
6.222399999999999487e+00,3.668115320502357002e-01
6.223200000000000287e+00,5.374387133265247085e-01
6.224000000000000199e+00,3.770047120116377659e-01
6.224800000000000111e+00,4.966786217640994927e-02
6.225600000000000023e+00,4.040765571058109185e-01
6.226399999999999935e+00,1.070736055874782711e+00
6.227199999999999847e+00,5.213323112888762489e-01
6.228000000000000647e+00,2.979893136552662081e-01
6.228800000000000558e+00,4.744595969883089737e-01
6.229599999999999582e+00,3.602466701127670645e-01
6.230399999999999494e+00,2.976335365767369012e+00
6.231199999999999406e+00,6.358815675035388582e-01
6.232000000000000206e+00,8.696031516927662519e-01
6.232800000000000118e+00,2.625493880352286702e+00
6.233600000000000030e+00,4.897117293210200284e-01
6.234399999999999942e+00,1.913910182380793801e+00
6.235199999999999854e+00,3.027736750870954729e+00
6.235999999999999766e+00,5.023295542047951923e-01
6.236800000000000566e+00,2.849623455455317256e+00
6.237600000000000477e+00,1.648010525181281771e+00
6.238400000000000389e+00,2.665800382299639004e+00
6.239200000000000301e+00,1.983714871558673876e+00
6.240000000000000213e+00,2.138239483578758371e+00
6.240799999999999237e+00,7.109044399499676592e-01
6.241600000000000037e+00,3.525526333186346672e+00
6.242399999999999949e+00,9.319794915541992353e-01
6.243199999999999861e+00,1.342797121618621192e+00
6.243999999999999773e+00,1.421159200224325403e+00
6.244799999999999685e+00,1.951004800411317186e+00
6.245599999999999596e+00,2.476948378814639862e-01
6.246400000000000396e+00,3.385911048319813599e+00
6.247200000000000308e+00,1.315858797630758414e-01
6.248000000000000220e+00,2.578302560152275991e+00
6.248800000000000132e+00,1.070080823037439233e+00
6.249600000000000044e+00,7.796299506726800388e-01
6.250399999999999956e+00,2.717923520000384396e+00
6.251200000000000756e+00,2.258802162501911959e-03
6.251999999999999780e+00,7.275974043097043209e-01
6.252799999999999692e+00,2.113090822681334302e+00
6.253599999999999604e+00,1.533777708619149971e+00
6.254399999999999515e+00,1.068663413327995748e+00
6.255199999999999427e+00,1.768737605968856874e+00
6.256000000000000227e+00,6.088273540224866665e-01
6.256800000000000139e+00,2.362022801990481646e+00
6.257600000000000051e+00,7.915143955284651422e-01
6.258399999999999963e+00,2.622301504169678665e+00
6.259199999999999875e+00,4.916710895716120966e-01
6.259999999999999787e+00,2.227646220552959910e+00
6.260800000000000587e+00,4.452642670267979441e-01
6.261600000000000499e+00,2.800216693221085240e+00
6.262400000000000411e+00,8.302290930413678272e-01
6.263199999999999434e+00,8.040652474735607846e-01
6.263999999999999346e+00,1.855950143463155344e+00
6.264800000000000146e+00,2.128475431018674591e-01
6.265600000000000058e+00,9.158940675612329274e-01
6.266399999999999970e+00,2.586845741224760964e+00
6.267199999999999882e+00,1.136492588549772309e+00
6.267999999999999794e+00,2.341304014995080340e+00
6.268799999999999706e+00,4.643630182853274446e-01
6.269600000000000506e+00,1.777150368489127108e-01
6.270400000000000418e+00,3.377667599507331975e+00
6.271200000000000330e+00,1.256269011549729475e+00
6.272000000000000242e+00,1.030320414816915608e+00
6.272800000000000153e+00,9.850324257624518687e-01
6.273600000000000065e+00,7.877664260428641763e-01
6.274399999999999977e+00,1.020734657646065330e-01
6.275199999999999889e+00,1.752518353079491886e+00
6.275999999999999801e+00,5.851777214452450471e-01
6.276799999999999713e+00,1.349929499961517676e+00
6.277599999999999625e+00,7.877185349854307628e-01
6.278399999999999537e+00,1.446698823907016651e+00
6.279200000000000337e+00,2.581857886206450625e-01
6.280000000000000249e+00,1.826052174460924826e+00
6.280800000000000161e+00,7.049457022518917926e-01
6.281600000000000072e+00,2.773822144608945273e+00
6.282399999999999984e+00,2.845812888605930846e-01
6.283199999999999896e+00,6.708539234785161343e-01
6.284000000000000696e+00,1.137530005711790526e+00
6.284800000000000608e+00,9.611312043902475732e-01
6.285599999999999632e+00,5.800448403286078136e-01
6.286399999999999544e+00,2.584336715109992966e+00
6.287199999999999456e+00,6.720114066632715266e-01
6.287999999999999368e+00,1.397993233731343432e+00
6.288800000000000168e+00,1.001823691948489081e+00
6.289600000000000080e+00,1.820912353141888596e-01
6.290399999999999991e+00,3.295808301397532780e+00
6.291199999999999903e+00,1.141112408961806102e+00
6.291999999999999815e+00,1.813655835134701855e+00
6.292799999999999727e+00,1.248971787106829989e+00
6.293600000000000527e+00,1.092578054761922157e+00
6.294400000000000439e+00,1.371373445563875970e+00
6.295200000000000351e+00,7.474428580995801097e-01
6.296000000000000263e+00,4.742013070703667843e-01
6.296799999999999287e+00,1.200731659639083571e+00
6.297599999999999199e+00,4.258198231081201102e-01
6.298399999999999999e+00,2.025816806124751679e+00
6.299199999999999910e+00,7.189566427115201552e-01
6.299999999999999822e+00,2.003666406691567925e+00
6.300799999999999734e+00,1.027754432521282402e+00
6.301599999999999646e+00,4.070401915609779486e+00
6.302399999999999558e+00,2.850225558371342505e+00
6.303200000000000358e+00,2.536318987500220778e+00
6.304000000000000270e+00,6.683079085619585413e-01
6.304800000000000182e+00,8.929527714163704388e+00
6.305600000000000094e+00,9.287269003483702434e+00
6.306400000000000006e+00,5.905061735068044548e+00
6.307200000000000806e+00,9.761190300509086981e+00
6.308000000000000718e+00,6.076006567635164224e+00
6.308799999999999741e+00,5.885540517039580699e+00
6.309599999999999653e+00,6.423197756751671150e+00
6.310399999999999565e+00,6.082605662696390247e+00
6.311199999999999477e+00,1.140931029330783808e+01
6.312000000000000277e+00,8.529362794478277721e+00
6.312800000000000189e+00,9.257109306452898423e+00
6.313600000000000101e+00,9.203783028209294059e+00
6.314400000000000013e+00,9.647077695720083668e+00
6.315199999999999925e+00,7.325225697396094304e+00
6.315999999999999837e+00,7.810410889908214749e+00
6.316800000000000637e+00,6.716419700424739680e+00
6.317600000000000549e+00,5.528901490525348628e+00
6.318400000000000460e+00,4.438691081658084236e+00
6.319200000000000372e+00,5.872209606230270218e+00
6.319999999999999396e+00,2.656875141700651977e+00
6.320799999999999308e+00,4.032773541409086171e+00
6.321600000000000108e+00,9.355759534178511583e-01
6.322400000000000020e+00,1.119973071015536448e+00
6.323199999999999932e+00,1.410100450501863278e-01
6.323999999999999844e+00,1.623112495549442480e+00
6.324799999999999756e+00,3.902298173118122770e-01
6.325599999999999667e+00,1.197555222648811091e+00
6.326400000000000468e+00,2.042023139664279174e+00
6.327200000000000379e+00,7.898804760823642246e-01
6.328000000000000291e+00,3.320859501767084332e+00
6.328800000000000203e+00,4.825357609691814931e-01
6.329600000000000115e+00,2.523342385239115693e+00
6.330400000000000027e+00,3.376732340970695301e+00
6.331199999999999939e+00,4.472695384344913677e-02
6.331999999999999851e+00,2.203127952208499440e+00
6.332799999999999763e+00,1.773369333514130730e+00
6.333599999999999675e+00,1.517376789029069251e+00
6.334399999999999586e+00,8.239135488351827519e-01
6.335199999999999498e+00,1.076317022418976421e+00
6.336000000000000298e+00,9.715422700809379919e-02
6.336800000000000210e+00,1.191368125481996193e-01
6.337600000000000122e+00,1.559815596608462029e-01
6.338400000000000034e+00,1.627168146735153309e+00
6.339199999999999946e+00,2.158990823721875785e+00
6.339999999999999858e+00,1.349773223702600999e+00
6.340800000000000658e+00,5.058059388414454460e+00
6.341600000000000570e+00,1.640024770358370632e-01
6.342399999999999594e+00,4.635319044253294329e+00
6.343199999999999505e+00,3.445251219385032648e+00
6.343999999999999417e+00,2.770014188831039448e+00
6.344800000000000217e+00,3.932043792400043536e+00
6.345600000000000129e+00,3.277918391224841077e+00
6.346400000000000041e+00,2.547667066416526183e+00
6.347199999999999953e+00,5.306030836569423315e+00
6.347999999999999865e+00,2.378681980585974021e+00
6.348799999999999777e+00,3.780222887002890442e+00
6.349600000000000577e+00,2.741843191839059557e+00
6.350400000000000489e+00,2.366398427896505119e+00
6.351200000000000401e+00,3.975516528380943715e+00
6.352000000000000313e+00,3.135845327262993365e+00
6.352800000000000225e+00,2.387358047656773063e+00
6.353599999999999248e+00,1.688707147752477544e+00
6.354400000000000048e+00,4.426809599958814623e+00
6.355199999999999960e+00,2.409560074089084569e+00
6.355999999999999872e+00,4.498996690031106027e+00
6.356799999999999784e+00,2.241569255776128422e+00
6.357599999999999696e+00,3.165323959257821951e+00
6.358399999999999608e+00,3.339975401074813721e+00
6.359200000000000408e+00,3.663734087022694652e+00
6.360000000000000320e+00,3.297458216266720754e+00
6.360800000000000232e+00,4.343986594967129911e+00
6.361600000000000144e+00,1.714254872410085229e+00
6.362400000000000055e+00,4.711264205086120427e+00
6.363199999999999967e+00,3.935126675161900955e+00
6.364000000000000767e+00,3.216295472168221981e+00
6.364799999999999791e+00,3.747296327295768670e+00
6.365599999999999703e+00,3.377147652779413534e+00
6.366399999999999615e+00,2.219382280345766123e+00
6.367199999999999527e+00,5.107411619085991283e+00
6.367999999999999439e+00,2.183587265442302527e+00
6.368800000000000239e+00,3.456548924789250687e+00
6.369600000000000151e+00,3.947076035929641513e+00
6.370400000000000063e+00,1.582754142435383704e+00
6.371199999999999974e+00,4.486675730676641827e+00
6.371999999999999886e+00,2.879067390845243768e+00
6.372799999999999798e+00,1.002969618508515515e+00
6.373600000000000598e+00,2.486832441929901716e+00
6.374400000000000510e+00,3.042946539750886803e+00
6.375200000000000422e+00,5.858911388115499719e-01
6.375999999999999446e+00,3.233444197559252942e+00
6.376799999999999358e+00,4.977035494186234921e-01
6.377600000000000158e+00,1.545488909745156070e+00
6.378400000000000070e+00,1.682874795086034547e+00
6.379199999999999982e+00,1.823438885189413439e+00
6.379999999999999893e+00,1.205864355916913322e+00
6.380799999999999805e+00,2.305803685586547136e+00
6.381599999999999717e+00,4.680782366679789863e-01
6.382400000000000517e+00,2.544192876127308711e+00
6.383200000000000429e+00,1.853007693374720599e+00
6.384000000000000341e+00,1.475762315063599006e+00
6.384800000000000253e+00,9.488495833335799379e-01
6.385600000000000165e+00,2.744819341850086580e+00
6.386400000000000077e+00,6.075623516286566828e-01
6.387199999999999989e+00,3.140406161754666137e+00
6.387999999999999901e+00,1.520021746667148843e+00
6.388799999999999812e+00,1.405287386180452014e+00
6.389599999999999724e+00,2.981550727444471249e+00
6.390399999999999636e+00,6.507327914193690166e-01
6.391199999999999548e+00,4.023682022456671170e+00
6.392000000000000348e+00,2.437976056754293630e+00
6.392800000000000260e+00,1.516444097790762058e+00
6.393600000000000172e+00,2.825816896010960644e+00
6.394400000000000084e+00,2.982476665605950483e+00
6.395199999999999996e+00,1.804143306448038997e+00
6.395999999999999908e+00,3.461175984469262001e+00
6.396800000000000708e+00,7.330741080999433334e-01
6.397600000000000620e+00,3.370987382460820747e+00
6.398399999999999643e+00,1.577105035085581530e+00
6.399199999999999555e+00,3.297993484886524218e+00
6.399999999999999467e+00,1.922155999019018235e+00
6.400799999999999379e+00,3.190723865836442297e+00
6.401600000000000179e+00,1.462154224276307923e+00
6.402400000000000091e+00,5.355269238545041333e+00
6.403200000000000003e+00,4.056986121374581700e+00
6.403999999999999915e+00,5.470639392656780231e+00
6.404799999999999827e+00,5.305715064878968157e+00
6.405599999999999739e+00,1.838660954686342386e+00
6.406400000000000539e+00,1.099597441496015682e+00
6.407200000000000450e+00,6.565856979912476632e+00
6.408000000000000362e+00,1.225842370118960689e+00
6.408800000000000274e+00,9.951477619279525122e-01
6.409599999999999298e+00,4.630535379355624315e+00
6.410399999999999210e+00,2.141896219915154997e+00
6.411200000000000010e+00,4.058099042837525872e+00
6.411999999999999922e+00,1.674693369797885412e+00
6.412799999999999834e+00,8.759004398496418320e-01
6.413599999999999746e+00,1.966777490779189952e+00
6.414399999999999658e+00,1.778801149107300805e+00
6.415199999999999569e+00,6.367495747700805397e-01
6.416000000000000369e+00,2.093510681490945213e+00
6.416800000000000281e+00,2.135238679244910731e-01
6.417600000000000193e+00,1.027401645748268644e+00
6.418400000000000105e+00,5.753478599192503040e-01
6.419200000000000017e+00,2.371031000399091315e+00
6.419999999999999929e+00,1.177842594363881362e-01
6.420799999999999841e+00,1.697396483341609974e+00
6.421599999999999753e+00,2.220053328878020260e-01
6.422399999999999665e+00,2.999142263635474759e+00
6.423199999999999577e+00,1.922963059465317315e+00
6.423999999999999488e+00,1.854748327545024722e+00
6.424800000000000288e+00,1.206951411432706678e+00
6.425600000000000200e+00,2.017204213414171221e+00
6.426400000000000112e+00,7.251639328942803830e-01
6.427200000000000024e+00,3.572999868733779394e+00
6.427999999999999936e+00,1.788378286849983678e-01
6.428799999999999848e+00,2.262817246896564605e+00
6.429600000000000648e+00,2.583739408033451035e+00
6.430400000000000560e+00,1.093238885688223139e+00
6.431200000000000472e+00,4.059273797126245142e+00
6.432000000000000384e+00,1.821238304544141817e+00
6.432799999999999407e+00,1.196773761684987392e+00
6.433599999999999319e+00,2.473617690940939973e+00
6.434400000000000119e+00,3.219957565722667781e+00
6.435200000000000031e+00,1.009373920882676634e+00
6.435999999999999943e+00,3.757385665092899618e+00
6.436799999999999855e+00,1.044729526404292397e+00
6.437599999999999767e+00,2.589769949057755927e+00
6.438399999999999679e+00,2.987446666234640613e+00
6.439200000000000479e+00,2.835039286367506683e+00
6.440000000000000391e+00,1.504448736526745378e+00
6.440800000000000303e+00,3.340927118956912967e+00
6.441600000000000215e+00,1.738595735937675801e-01
6.442400000000000126e+00,3.699617947530576600e+00
6.443200000000000038e+00,2.355647534775070717e+00
6.443999999999999950e+00,1.425904766354579412e+00
6.444799999999999862e+00,1.958575122641311950e+00
6.445599999999999774e+00,2.784734412500471823e+00
6.446399999999999686e+00,7.322076669724293385e-01
6.447199999999999598e+00,3.126803758378570830e+00
6.447999999999999510e+00,8.732437394258980579e-01
6.448800000000000310e+00,1.658404936704220622e+00
6.449600000000000222e+00,2.137355545373496923e+00
6.450400000000000134e+00,1.219407036071795014e+00
6.451200000000000045e+00,3.297002288015616678e+00
6.451999999999999957e+00,2.375429179941448421e+00
6.452799999999999869e+00,1.132639326511580835e+00
6.453600000000000669e+00,1.184565794660310534e+00
6.454400000000000581e+00,3.851301248584984460e+00
6.455199999999999605e+00,9.343557517427820702e-01
6.455999999999999517e+00,2.674399334615392032e+00
6.456799999999999429e+00,9.077682941407507755e-01
6.457600000000000229e+00,2.383627112590534836e+00
6.458400000000000141e+00,2.568532359449411384e+00
6.459200000000000053e+00,2.120526744966539034e+00
6.459999999999999964e+00,1.642540960569483177e+00
6.460799999999999876e+00,2.377209980383257815e+00
6.461599999999999788e+00,8.110992317830409415e-02
6.462400000000000588e+00,4.002632601340978979e+00
6.463200000000000500e+00,1.586757627218987610e+00
6.464000000000000412e+00,1.443512887751166485e+00
6.464800000000000324e+00,2.102657640829302732e+00
6.465600000000000236e+00,1.741230040732919981e+00
6.466399999999999260e+00,1.575666663287470515e+00
6.467200000000000060e+00,3.239803901609727532e+00
6.467999999999999972e+00,5.713735869783739263e-01
6.468799999999999883e+00,1.771080203652908081e+00
6.469599999999999795e+00,2.559260664581016087e+00
6.470399999999999707e+00,1.882205655926607324e-01
6.471199999999999619e+00,2.969307754224298268e+00
6.472000000000000419e+00,1.703138347303876809e+00
6.472800000000000331e+00,2.238971488465151261e-01
6.473600000000000243e+00,1.786578868071385662e+00
6.474400000000000155e+00,3.276525345915963339e+00
6.475200000000000067e+00,4.423385743144906956e-01
6.475999999999999979e+00,2.994629536987468033e+00
6.476800000000000779e+00,4.635829112556669740e-01
6.477599999999999802e+00,1.860039709939455665e+00
6.478399999999999714e+00,2.592529323127599206e+00
6.479199999999999626e+00,1.786431669245361009e+00
6.479999999999999538e+00,8.364978786532061283e-01
6.480799999999999450e+00,2.844073655837955350e+00
6.481600000000000250e+00,1.554653972944044227e-01
6.482400000000000162e+00,3.235043845216787783e+00
6.483200000000000074e+00,2.013915119705828705e+00
6.483999999999999986e+00,1.098496221225416791e+00
6.484799999999999898e+00,1.271223708564161337e+00
6.485599999999999810e+00,2.882471343111882245e+00
6.486400000000000610e+00,7.210783469503427856e-01
6.487200000000000522e+00,3.304855412290720995e+00
6.488000000000000433e+00,1.140549689407572176e+00
6.488799999999999457e+00,1.860797589095834370e+00
6.489599999999999369e+00,2.564839475218793741e+00
6.490400000000000169e+00,9.099229988952933779e-01
6.491200000000000081e+00,3.531207593643228559e+00
6.491999999999999993e+00,9.628013753064108560e-01
6.492799999999999905e+00,1.338286280382573690e+00
6.493599999999999817e+00,1.603500963313327921e+00
6.494399999999999729e+00,2.452865911303432345e+00
6.495200000000000529e+00,1.203381060069175224e+00
6.496000000000000441e+00,2.153932975684621720e+00
6.496800000000000352e+00,6.132870869003415049e-01
6.497600000000000264e+00,2.188378850130516806e+00
6.498400000000000176e+00,1.481386303124167414e+00
6.499200000000000088e+00,2.014806494042069573e+00
6.500000000000000000e+00,1.273045334456840871e+00
6.500799999999999912e+00,4.800431204102684646e+00
6.501599999999999824e+00,1.446859720057094956e+00
6.502399999999999736e+00,3.067050683805714328e+00
6.503199999999999648e+00,9.472210380852214007e-01
6.503999999999999559e+00,1.339281859981763745e+00
6.504800000000000360e+00,1.900035228950080146e+00
6.505600000000000271e+00,1.204110531997475197e+00
6.506400000000000183e+00,9.075082636964654226e-02
6.507200000000000095e+00,4.797042165202717534e+00
6.508000000000000007e+00,4.366595103244662046e-01
6.508799999999999919e+00,2.212754745773602982e-01
6.509600000000000719e+00,2.745607013935153162e+00
6.510400000000000631e+00,7.457091533173673681e-02
6.511199999999999655e+00,2.981985597974603053e+00
6.511999999999999567e+00,3.832129599310852841e-01
6.512799999999999478e+00,3.641702097967087770e-01
6.513599999999999390e+00,1.680508237666754390e+00
6.514400000000000190e+00,1.614780176186413785e+00
6.515200000000000102e+00,1.067153709148521284e-01
6.516000000000000014e+00,1.867437026218450091e+00
6.516799999999999926e+00,4.719882356857993400e-01
6.517599999999999838e+00,1.281659160568744182e+00
6.518399999999999750e+00,4.148298001557901848e-01
6.519200000000000550e+00,2.227657791448167668e+00
6.520000000000000462e+00,2.290851146941947636e-01
6.520800000000000374e+00,2.559935215638922568e+00
6.521600000000000286e+00,2.005442717003651787e-01
6.522399999999999309e+00,2.448131805717769893e+00
6.523199999999999221e+00,1.782687706584791032e+00
6.524000000000000021e+00,3.146344733964022145e-01
6.524799999999999933e+00,1.617026428629232848e+00
6.525599999999999845e+00,2.433115382608956878e+00
6.526399999999999757e+00,7.135252638751033993e-01
6.527199999999999669e+00,3.441788560009944486e+00
6.527999999999999581e+00,1.028418995191962559e-01
6.528800000000000381e+00,2.008011328576996490e+00
6.529600000000000293e+00,2.652997109802306408e+00
6.530400000000000205e+00,1.841141631899319009e-01
6.531200000000000117e+00,3.749240794042316249e+00
6.532000000000000028e+00,5.680619111947891042e-01
6.532799999999999940e+00,9.816409836789909971e-01
6.533599999999999852e+00,2.103403929247414261e+00
6.534399999999999764e+00,2.860390967359282666e+00
6.535199999999999676e+00,1.041457755046864886e+00
6.535999999999999588e+00,2.680005542435095478e+00
6.536799999999999500e+00,6.614985253756126005e-01
6.537600000000000300e+00,2.589754714275290137e+00
6.538400000000000212e+00,1.482956364979538533e+00
6.539200000000000124e+00,1.940307284232502871e+00
6.540000000000000036e+00,2.199962583373787361e-01
6.540799999999999947e+00,2.899839434360139911e+00
6.541599999999999859e+00,6.479877318184429358e-02
6.542400000000000659e+00,2.591039699984547529e+00
6.543200000000000571e+00,1.749159494398840220e+00
6.544000000000000483e+00,2.372837615291671365e-01
6.544799999999999507e+00,1.072810587842829344e+00
6.545599999999999419e+00,2.516222463935362086e+00
6.546399999999999331e+00,1.951917626582258536e-01
6.547200000000000131e+00,3.295558805884622799e+00
6.548000000000000043e+00,1.221026438791230143e-02
6.548799999999999955e+00,1.806894097668708676e+00
6.549599999999999866e+00,2.334739192053262968e+00
6.550399999999999778e+00,5.043360077816012865e-02
6.551199999999999690e+00,2.543103880893403002e+00
6.552000000000000490e+00,5.625862679305120295e-01
6.552800000000000402e+00,9.312744546325311124e-01
6.553600000000000314e+00,1.028875397242710488e+00
6.554400000000000226e+00,2.265355946777215745e+00
6.555200000000000138e+00,9.627198609950683439e-01
6.556000000000000050e+00,1.718754104587620013e+00
6.556799999999999962e+00,1.303143785422804068e+00
6.557599999999999874e+00,1.494041488277130680e+00
6.558399999999999785e+00,1.538194457005547688e+00
6.559199999999999697e+00,1.629023065379469504e+00
6.559999999999999609e+00,4.264400538612485025e-01
6.560799999999999521e+00,2.365577114787774438e+00
6.561600000000000321e+00,3.155168241718878663e-01
6.562400000000000233e+00,3.035905842142101019e+00
6.563200000000000145e+00,1.146126818378341516e+00
6.564000000000000057e+00,5.491584097360748817e-01
6.564799999999999969e+00,2.091112218516060217e+00
6.565599999999999881e+00,1.687847185470023881e+00
6.566400000000000681e+00,2.656466712262564589e-02
6.567200000000000593e+00,3.067742498565760201e+00
6.567999999999999616e+00,3.587864613531803748e-01
6.568799999999999528e+00,1.961894629765622566e+00
6.569599999999999440e+00,2.279105947818988120e+00
6.570400000000000240e+00,9.897408072248231603e-02
6.571200000000000152e+00,2.905471887722166358e+00
6.572000000000000064e+00,1.291549667400508028e+00
6.572799999999999976e+00,1.689469879617236103e-01
6.573599999999999888e+00,1.847951993639652679e+00
6.574399999999999800e+00,2.132997129951477611e+00
6.575200000000000600e+00,1.687709856667789221e-01
6.576000000000000512e+00,2.106490296735087142e+00
6.576800000000000423e+00,9.242358226524726161e-01
6.577600000000000335e+00,1.815413090634296456e+00
6.578400000000000247e+00,1.605092026743724754e+00
6.579199999999999271e+00,1.715182995091960372e+00
6.580000000000000071e+00,2.082783139102104778e-03
6.580799999999999983e+00,2.327015446802520593e+00
6.581599999999999895e+00,1.974869522431683955e-01
6.582399999999999807e+00,2.449733678798112990e+00
6.583199999999999719e+00,1.600729348927257378e+00
6.583999999999999631e+00,5.518709674502098039e-01
6.584800000000000431e+00,1.747105707326890744e+00
6.585600000000000342e+00,2.612641800810915349e+00
6.586400000000000254e+00,2.020309773857880964e-01
6.587200000000000166e+00,2.319732975939476027e+00
6.588000000000000078e+00,5.086267469310569167e-01
6.588799999999999990e+00,1.398140422510361747e+00
6.589600000000000790e+00,2.125625789368772445e+00
6.590399999999999814e+00,2.798352785678088761e-01
6.591199999999999726e+00,2.779565454647635381e+00
6.591999999999999638e+00,2.082466404656094505e-01
6.592799999999999550e+00,1.283271193688632961e+00
6.593599999999999461e+00,1.865657448214917524e+00
6.594400000000000261e+00,1.997649823829959370e+00
6.595200000000000173e+00,3.039993289227301831e-01
6.596000000000000085e+00,1.406762453211331643e+00
6.596799999999999997e+00,8.089678386979740621e-01
6.597599999999999909e+00,2.046213782087184629e+00
6.598399999999999821e+00,4.584292909570620855e-01
6.599200000000000621e+00,1.755120843019939869e+00
6.600000000000000533e+00,1.526114751748451348e-01
6.600800000000000445e+00,3.236287387454375608e+00
6.601599999999999469e+00,1.112477899048315733e+00
6.602399999999999380e+00,4.447691975231490957e+00
6.603199999999999292e+00,3.372453281041659423e+00
6.604000000000000092e+00,2.864608493830239411e+00
6.604800000000000004e+00,2.545026226673291259e+00
6.605599999999999916e+00,2.738727000208896367e+00
6.606399999999999828e+00,6.239459806207560133e-01
6.607199999999999740e+00,3.550230155973039370e+00
6.607999999999999652e+00,3.382851804539993568e-01
6.608800000000000452e+00,2.604783939760870748e+00
6.609600000000000364e+00,3.870963419008344175e+00
6.610400000000000276e+00,7.181158647858181254e-01
6.611200000000000188e+00,3.540502092643353027e+00
6.612000000000000099e+00,1.162961003366660639e+00
6.612800000000000011e+00,1.695751051819182509e+00
6.613599999999999923e+00,1.426590595585728982e+00
6.614399999999999835e+00,2.258890222177418750e+00
6.615199999999999747e+00,2.805481432842923603e-02
6.615999999999999659e+00,1.607553983281583720e+00
6.616799999999999571e+00,6.317196945506585726e-01
6.617600000000000371e+00,1.232645138185522127e+00
6.618400000000000283e+00,7.127913893416785163e-01
6.619200000000000195e+00,9.417811999944585288e-01
6.620000000000000107e+00,1.602284715916083291e-01
6.620800000000000018e+00,2.090696856215184418e+00
6.621599999999999930e+00,1.258596660158125990e+00
6.622400000000000730e+00,2.477246903940089950e+00
6.623200000000000642e+00,9.678631393967995766e-01
6.623999999999999666e+00,3.261798389606102577e-01
6.624799999999999578e+00,1.498723072357279973e+00
6.625599999999999490e+00,9.072702775033817391e-01
6.626399999999999402e+00,7.248800824328659465e-01
6.627200000000000202e+00,1.367051407589366052e+00
6.628000000000000114e+00,1.943491566785141567e-01
6.628800000000000026e+00,1.795255809246806056e+00
6.629599999999999937e+00,1.790602293181065452e+00
6.630399999999999849e+00,3.666252386743619196e-01
6.631199999999999761e+00,2.611032982609300390e+00
6.632000000000000561e+00,9.492434250666498263e-01
6.632800000000000473e+00,1.112256193296443874e+00
6.633600000000000385e+00,1.636856531078541677e+00
6.634400000000000297e+00,2.618558007191158943e+00
6.635199999999999321e+00,2.465419748508171915e-01
6.635999999999999233e+00,2.959207836109554624e+00
6.636800000000000033e+00,1.229506191367088830e+00
6.637599999999999945e+00,1.847534909789315227e+00
6.638399999999999856e+00,2.533547916766607511e+00
6.639199999999999768e+00,1.094840674170764583e+00
6.639999999999999680e+00,1.230660121209108171e+00
6.640799999999999592e+00,3.288575240887107398e+00
6.641600000000000392e+00,4.755400471509927951e-01
6.642400000000000304e+00,3.356378082623641568e+00
6.643200000000000216e+00,1.152750328997258711e+00
6.644000000000000128e+00,1.144757965656662657e+00
6.644800000000000040e+00,2.157165620591224187e+00
6.645599999999999952e+00,2.692908868934255295e+00
6.646399999999999864e+00,2.114704591103977183e-01
6.647199999999999775e+00,2.244097508059417656e+00
6.647999999999999687e+00,1.065696648233259047e+00
6.648799999999999599e+00,1.480234023578355540e+00
6.649599999999999511e+00,1.742881712703829855e+00
6.650400000000000311e+00,9.818030656012005641e-01
6.651200000000000223e+00,1.510629363679037329e+00
6.652000000000000135e+00,1.978827917328850328e+00
6.652800000000000047e+00,7.762100047763939026e-01
6.653599999999999959e+00,1.503936186412576426e+00
6.654399999999999871e+00,2.843209094722710883e+00
6.655200000000000671e+00,1.169896721738397996e-02
6.656000000000000583e+00,2.990523161722212109e+00
6.656800000000000495e+00,5.246200278692132457e-01
6.657599999999999518e+00,2.351627208668071844e+00
6.658399999999999430e+00,1.016448511220538808e+00
6.659199999999999342e+00,1.385386220855494344e+00
6.660000000000000142e+00,2.381261542702841183e+00
6.660800000000000054e+00,1.765202221158589602e+00
6.661599999999999966e+00,5.960818337884536966e-01
6.662399999999999878e+00,2.586467651459522621e+00
6.663199999999999790e+00,8.790052571123744274e-01
6.663999999999999702e+00,1.647397112494811688e+00
6.664800000000000502e+00,6.392464666026723696e-01
6.665600000000000414e+00,2.809481210465962775e+00
6.666400000000000325e+00,3.830908881011630962e-01
6.667200000000000237e+00,2.865939160834348520e+00
6.668000000000000149e+00,8.944387907601651921e-01
6.668800000000000061e+00,1.115573000729674691e+00
6.669599999999999973e+00,3.128732413044569949e+00
6.670399999999999885e+00,1.407561373836296426e+00
6.671199999999999797e+00,2.822035891445307865e+00
6.671999999999999709e+00,1.385427610687829603e+00
6.672799999999999621e+00,2.953088271850116131e-01
6.673599999999999532e+00,2.460451309840137935e+00
6.674400000000000333e+00,1.142422601518722436e+00
6.675200000000000244e+00,4.090222944196694743e-01
6.676000000000000156e+00,2.694446914563470408e+00
6.676800000000000068e+00,1.439929277188743417e-01
6.677599999999999980e+00,2.598614696412311798e+00
6.678399999999999892e+00,2.151385695898204165e-01
6.679200000000000692e+00,2.078992716751953296e+00
6.680000000000000604e+00,4.270266887081653473e-01
6.680799999999999628e+00,2.994958889408197766e+00
6.681599999999999540e+00,5.571402143798271922e-01
6.682399999999999451e+00,1.491916660060748967e+00
6.683200000000000252e+00,2.352645200847794715e+00
6.684000000000000163e+00,7.793342860411887063e-01
6.684800000000000075e+00,1.261618944253176888e+00
6.685599999999999987e+00,2.570307130874481594e+00
6.686399999999999899e+00,1.269875339235913003e+00
6.687199999999999811e+00,3.216988900180561828e+00
6.688000000000000611e+00,3.579904827326744199e-01
6.688800000000000523e+00,1.329245197353164043e+00
6.689600000000000435e+00,3.269010704855098925e+00
6.690400000000000347e+00,1.150783378839940196e+00
6.691200000000000259e+00,3.792788051148233919e+00
6.691999999999999282e+00,5.613104689631086552e-01
6.692800000000000082e+00,1.071514652253204414e+00
6.693599999999999994e+00,2.294546905199907449e+00
6.694399999999999906e+00,7.284953086890345597e-01
6.695199999999999818e+00,1.302699699775358155e+00
6.695999999999999730e+00,1.436186323907557849e+00
6.696799999999999642e+00,9.998538622291115452e-01
6.697600000000000442e+00,2.404885750451700499e+00
6.698400000000000354e+00,3.406793834747859906e-01
6.699200000000000266e+00,2.433773419600509857e+00
6.700000000000000178e+00,2.989132288544933957e-01
6.700800000000000090e+00,1.900356226779757129e+00
6.701600000000000001e+00,2.268223612293926994e+00
6.702400000000000801e+00,1.021655633176685285e+00
6.703199999999999825e+00,2.178423893068019535e+00
6.703999999999999737e+00,9.044085603710781740e+00
6.704799999999999649e+00,1.108295533311114944e+01
6.705599999999999561e+00,8.464989792350309017e+00
6.706399999999999473e+00,1.119207053399224883e+01
6.707200000000000273e+00,7.653857082060687489e+00
6.708000000000000185e+00,1.146883424812360452e+01
6.708800000000000097e+00,8.343264081051080083e+00
6.709600000000000009e+00,8.978724646437482804e+00
6.710399999999999920e+00,1.404931107678640778e+01
6.711199999999999832e+00,1.006765674755354922e+01
6.712000000000000632e+00,1.048064437593468945e+01
6.712800000000000544e+00,1.002361913563505169e+01
6.713600000000000456e+00,9.899166452332471167e+00
6.714399999999999480e+00,7.645897204099608047e+00
6.715199999999999392e+00,8.035865910907716625e+00
6.715999999999999304e+00,5.790939589667520870e+00
6.716800000000000104e+00,5.448942585592982724e+00
6.717600000000000016e+00,3.849035934714625018e+00
6.718399999999999928e+00,3.629426311447615738e+00
6.719199999999999839e+00,1.304345193837270100e+00
6.719999999999999751e+00,2.144164701765054470e+00
6.720799999999999663e+00,1.139579474809903736e+00
6.721600000000000463e+00,1.268060995323582629e+00
6.722400000000000375e+00,1.903648863879015218e+00
6.723200000000000287e+00,2.199503215877919526e+00
6.724000000000000199e+00,6.627046517521827385e-01
6.724800000000000111e+00,2.644787779730450428e+00
6.725600000000000023e+00,2.205137769786892132e+00
6.726399999999999935e+00,1.521798725281753528e+00
6.727199999999999847e+00,3.551677696338815249e+00
6.727999999999999758e+00,1.785090967044440147e+00
6.728799999999999670e+00,3.336907359538066498e+00
6.729599999999999582e+00,2.772784093724621091e+00
6.730400000000000382e+00,5.409756828118786887e-01
6.731200000000000294e+00,3.242732171175471301e+00
6.732000000000000206e+00,1.219885178506817658e+00
6.732800000000000118e+00,4.923049944416111878e-01
6.733600000000000030e+00,9.640850553557741565e-01
6.734399999999999942e+00,4.240282530010271445e-01
6.735200000000000742e+00,1.130793823295287437e+00
6.736000000000000654e+00,4.442190804817510164e-01
6.736799999999999677e+00,1.854957116238003856e+00
6.737599999999999589e+00,2.108584769717007923e+00
6.738399999999999501e+00,2.501805168424668047e+00
6.739199999999999413e+00,3.312644140534217296e+00
6.740000000000000213e+00,3.839955371914663296e+00
6.740800000000000125e+00,2.194546292227060658e+00
6.741600000000000037e+00,5.994150673977470589e+00
6.742399999999999949e+00,2.287475584137407481e+00
6.743199999999999861e+00,4.319038313167629539e+00
6.743999999999999773e+00,3.926459346441038889e+00
6.744800000000000573e+00,4.252616857518934701e+00
6.745600000000000485e+00,3.045635752132430429e+00
6.746400000000000396e+00,6.266739852533524058e+00
6.747200000000000308e+00,2.818517074630413788e+00
6.747999999999999332e+00,4.248755630796040350e+00
6.748799999999999244e+00,3.165558144825533216e+00
6.749600000000000044e+00,3.452644151392676442e+00
6.750399999999999956e+00,4.830091870307861690e+00
6.751199999999999868e+00,2.917087064753780101e+00
6.751999999999999780e+00,3.043985489956215318e+00
6.752799999999999692e+00,4.892276368514958840e+00
6.753599999999999604e+00,4.384338799815013843e+00
6.754400000000000404e+00,2.945326488379865104e+00
6.755200000000000315e+00,4.861207523966257327e+00
6.756000000000000227e+00,2.293181271125706022e+00
6.756800000000000139e+00,5.076591328223431177e+00
6.757600000000000051e+00,2.834435917961023677e+00
6.758399999999999963e+00,4.758820843860179117e+00
6.759199999999999875e+00,4.203885871261383578e+00
6.759999999999999787e+00,4.033339698162665243e+00
6.760799999999999699e+00,3.240868313271234591e+00
6.761599999999999611e+00,5.809639476070382003e+00
6.762399999999999523e+00,3.063732712579561923e+00
6.763200000000000323e+00,4.250382015078709941e+00
6.764000000000000234e+00,3.427528339306483929e+00
6.764800000000000146e+00,4.078563746420419633e+00
6.765600000000000058e+00,2.922536267598293325e+00
6.766399999999999970e+00,5.603964362429855406e+00
6.767199999999999882e+00,1.460248848120878185e+00
6.768000000000000682e+00,4.141945675513366787e+00
6.768800000000000594e+00,3.342415821557945588e+00
6.769600000000000506e+00,1.530624264800204859e+00
6.770399999999999530e+00,5.318057474236624671e+00
6.771199999999999442e+00,6.485727412657013025e-01
6.771999999999999353e+00,2.198528713174696669e+00
6.772800000000000153e+00,3.185621442327590369e+00
6.773600000000000065e+00,1.380956327605030731e+00
6.774399999999999977e+00,1.892166236355286468e+00
6.775199999999999889e+00,2.716281237533308968e+00
6.775999999999999801e+00,5.434860928273979042e-01
6.776799999999999713e+00,1.844098387051854582e+00
6.777600000000000513e+00,1.348158249839587652e+00
6.778400000000000425e+00,1.923757447123509712e+00
6.779200000000000337e+00,2.283726244346174772e-01
6.780000000000000249e+00,2.732882123637627281e+00
6.780800000000000161e+00,3.563318949487008780e-01
6.781599999999999184e+00,3.994099022989488823e+00
6.782399999999999984e+00,7.289739625310254212e-01
6.783199999999999896e+00,1.341805477829730364e+00
6.783999999999999808e+00,1.984599265557107195e+00
6.784799999999999720e+00,1.666762258959746612e+00
6.785599999999999632e+00,1.580155284788421266e+00
6.786399999999999544e+00,3.395146535359312434e+00
6.787200000000000344e+00,4.205910659359579640e-01
6.788000000000000256e+00,2.673989633022846313e+00
6.788800000000000168e+00,2.017796219665371371e+00
6.789600000000000080e+00,2.233619849627839216e+00
6.790399999999999991e+00,3.808370382259721687e+00
6.791199999999999903e+00,7.067431217698714185e-01
6.792000000000000703e+00,3.353932722921603382e+00
6.792800000000000615e+00,2.313921006686525672e+00
6.793599999999999639e+00,2.991724932730104314e+00
6.794399999999999551e+00,2.048322704603731115e+00
6.795199999999999463e+00,3.245343863171350485e+00
6.795999999999999375e+00,1.639974462066937644e+00
6.796800000000000175e+00,2.996045270734138732e+00
6.797600000000000087e+00,2.146434151219901221e+00
6.798399999999999999e+00,2.874167105732429395e+00
6.799199999999999910e+00,1.719497815631477522e+00
6.799999999999999822e+00,2.451563276303546424e+00
6.800799999999999734e+00,1.524783809113011979e-01
6.801600000000000534e+00,3.298013083633685394e+00
6.802400000000000446e+00,1.050696418364900284e-02
6.803200000000000358e+00,1.236286544869588111e+00
6.804000000000000270e+00,8.656113849548804140e+00
6.804799999999999294e+00,1.491107159156876172e+01
6.805600000000000094e+00,9.409874743010815834e+00
6.806400000000000006e+00,6.600752387359003492e+00
6.807199999999999918e+00,1.241167908975651990e+01
6.807999999999999829e+00,8.674634591219682278e+00
6.808799999999999741e+00,7.532135780105717160e+00
6.809599999999999653e+00,1.048441562012435568e+01
6.810400000000000453e+00,1.100836233247958162e+01
6.811200000000000365e+00,1.344494382391812159e+01
6.812000000000000277e+00,1.080900387265524465e+01
6.812800000000000189e+00,1.063017762071116401e+01
6.813600000000000101e+00,9.853241335930398748e+00
6.814400000000000013e+00,9.027073477305981086e+00
6.815200000000000813e+00,6.732757005020156171e+00
6.815999999999999837e+00,7.097202407075403841e+00
6.816799999999999748e+00,5.665914099264869108e+00
6.817599999999999660e+00,3.418149706942778643e+00
6.818399999999999572e+00,2.433241756851948878e+00
6.819199999999999484e+00,3.347401585399327750e+00
6.820000000000000284e+00,3.438993169965681718e-01
6.820800000000000196e+00,9.054020696189418738e-01
6.821600000000000108e+00,3.292377503333484778e+00
6.822400000000000020e+00,1.132007209885357524e+00
6.823199999999999932e+00,2.004722403937462705e+00
6.823999999999999844e+00,2.097703207561694150e+00
6.824800000000000644e+00,2.033487664382809701e+00
6.825600000000000556e+00,2.607832511532690134e+00
6.826400000000000468e+00,4.421734517732211600e+00
6.827199999999999491e+00,7.730705792110756924e-01
6.827999999999999403e+00,4.725489822496684589e+00
6.828799999999999315e+00,3.038884373223674551e+00
6.829600000000000115e+00,2.823532434097544286e+00
6.830400000000000027e+00,4.730616868860461288e+00
6.831199999999999939e+00,4.421280171389639635e-02
6.831999999999999851e+00,2.952952332995635309e+00
6.832799999999999763e+00,2.416832440354681477e+00
6.833599999999999675e+00,1.115680087031500234e+00
6.834400000000000475e+00,7.232928281726794806e-01
6.835200000000000387e+00,6.089751195776766934e-01
6.836000000000000298e+00,1.466191352462065778e+00
6.836800000000000210e+00,2.423221936768223117e-01
6.837600000000000122e+00,1.554138272369132823e+00
6.838400000000000034e+00,1.951553758365839997e+00
6.839199999999999946e+00,3.891405339912409111e+00
6.839999999999999858e+00,1.757803286433041068e+00
6.840799999999999770e+00,5.210071123259502279e+00
6.841599999999999682e+00,5.366332042628816357e-01
6.842399999999999594e+00,4.771174347231664115e+00
6.843200000000000394e+00,4.557044069327280233e+00
6.844000000000000306e+00,2.807604348989046539e+00
6.844800000000000217e+00,4.352525634002963884e+00
6.845600000000000129e+00,4.692318594277055332e+00
6.846400000000000041e+00,2.297899339689613463e+00
6.847199999999999953e+00,6.403703941581456505e+00
6.848000000000000753e+00,2.208938934483772432e+00
6.848800000000000665e+00,4.213123950876279444e+00
6.849599999999999689e+00,3.208136959837119218e+00
6.850399999999999601e+00,2.803631068625632938e+00
6.851199999999999513e+00,4.834573979153629963e+00
6.851999999999999424e+00,3.539079778460735071e+00
6.852800000000000225e+00,3.265591981281794176e+00
6.853600000000000136e+00,2.698395653552725815e+00
6.854400000000000048e+00,4.535829075867608751e+00
6.855199999999999960e+00,3.622549926743463544e+00
6.855999999999999872e+00,4.461258303426541616e+00
6.856799999999999784e+00,3.493809697009204296e+00
6.857600000000000584e+00,3.706096896377782723e+00
6.858400000000000496e+00,3.389134997557649687e+00
6.859200000000000408e+00,5.010562510072686493e+00
6.860000000000000320e+00,3.364502589255837339e+00
6.860799999999999343e+00,5.659670560179939081e+00
6.861599999999999255e+00,1.540111985378616710e+00
6.862400000000000055e+00,5.437917617307943985e+00
6.863199999999999967e+00,3.893226887968104677e+00
6.863999999999999879e+00,3.410188034487762643e+00
6.864799999999999791e+00,4.067733060033830839e+00
6.865599999999999703e+00,3.190893114650739104e+00
6.866399999999999615e+00,2.682803890891857890e+00
6.867200000000000415e+00,5.117007653363825348e+00
6.868000000000000327e+00,2.045481129587297886e+00
6.868800000000000239e+00,3.787078136936544936e+00
6.869600000000000151e+00,3.480439670544171360e+00
6.870400000000000063e+00,1.269447437281461699e+00
6.871199999999999974e+00,4.321623946733330612e+00
6.871999999999999886e+00,2.267644263544155603e+00
6.872799999999999798e+00,1.149176399755775790e+00
6.873599999999999710e+00,1.610732544489328788e+00
6.874399999999999622e+00,3.122595518078688404e+00
6.875199999999999534e+00,3.462137066779633621e-01
6.876000000000000334e+00,3.152369194061782398e+00
6.876800000000000246e+00,4.772661751282517018e-01
6.877600000000000158e+00,7.121928719291337195e-01
6.878400000000000070e+00,1.724034958071881896e+00
6.879199999999999982e+00,1.521614159874723926e+00
6.879999999999999893e+00,6.290778610967208140e-01
6.880800000000000693e+00,2.586739807900872989e+00
6.881600000000000605e+00,1.165769526316238425e+00
6.882400000000000517e+00,3.536191457834114260e+00
6.883199999999999541e+00,1.474743959869305732e+00
6.883999999999999453e+00,2.131673030802991420e+00
6.884799999999999365e+00,1.102323052374907242e+00
6.885600000000000165e+00,2.371143128011252266e+00
6.886400000000000077e+00,1.032310952160295336e+00
6.887199999999999989e+00,3.144992912985991484e+00
6.887999999999999901e+00,1.825715974369600092e+00
6.888799999999999812e+00,1.856482771678676258e+00
6.889599999999999724e+00,2.602314120038331957e+00
6.890400000000000524e+00,1.534724047109905065e+00
6.891200000000000436e+00,4.044404815213866300e+00
6.892000000000000348e+00,2.936981588149301103e+00
6.892800000000000260e+00,1.288325979143433386e+00
6.893600000000000172e+00,2.824378046136499343e+00
6.894399999999999196e+00,3.496121748685197428e+00
6.895199999999999996e+00,1.791065984433296787e+00
6.895999999999999908e+00,3.974259239900586049e+00
6.896799999999999820e+00,8.993036217527290432e-01
6.897599999999999731e+00,3.012243641658125970e+00
6.898399999999999643e+00,2.759520415871528076e+00
6.899199999999999555e+00,2.412720070328549404e+00
6.900000000000000355e+00,1.849178376573729077e+00
6.900800000000000267e+00,1.538114794261468132e+00
6.901600000000000179e+00,7.449144948131746213e-01
6.902400000000000091e+00,5.380718546667084823e+00
6.903200000000000003e+00,3.862196628063145898e+00
6.903999999999999915e+00,1.196293347000469787e+01
6.904800000000000715e+00,1.577173116216970072e+01
6.905599999999999739e+00,1.296381134487667808e+01
6.906399999999999650e+00,9.788877148852717980e+00
6.907199999999999562e+00,1.482320663703080754e+01
6.907999999999999474e+00,1.239671836733946542e+01
6.908799999999999386e+00,8.744145570484265662e+00
6.909600000000000186e+00,1.378011470364092439e+01
6.910400000000000098e+00,1.311786261834775402e+01
6.911200000000000010e+00,1.557586541911104838e+01
6.911999999999999922e+00,1.357989449234180590e+01
6.912799999999999834e+00,1.201303092930087502e+01
6.913599999999999746e+00,1.398821986268328743e+01
6.914400000000000546e+00,1.229733240642256398e+01
6.915200000000000458e+00,9.639983271493871797e+00
6.916000000000000369e+00,1.131528396182839558e+01
6.916800000000000281e+00,7.720869946037904441e+00
6.917599999999999305e+00,7.542402203042988695e+00
6.918400000000000105e+00,6.260147002740613864e+00
6.919200000000000017e+00,7.065488626948756234e+00
6.919999999999999929e+00,4.488465496462254123e+00
6.920799999999999841e+00,4.339160510280492211e+00
6.921599999999999753e+00,1.298828835581428809e+00
6.922399999999999665e+00,3.408689553746487633e+00
6.923200000000000465e+00,1.276172351900826341e+00
6.924000000000000377e+00,1.866186327410260803e+00
6.924800000000000288e+00,7.067211128862184166e-01
6.925600000000000200e+00,1.523470069218713752e+00
6.926400000000000112e+00,6.206250775714985402e-01
6.927200000000000024e+00,2.033941331808981623e+00
6.928000000000000824e+00,2.666357300906856409e-01
6.928799999999999848e+00,3.459683517749411186e-01
6.929599999999999760e+00,6.437461399148719510e-01
6.930399999999999672e+00,8.947265430723477797e-01
6.931199999999999584e+00,2.216600766805004508e+00
6.931999999999999496e+00,7.726882949939833933e-01
6.932800000000000296e+00,1.213621237339681663e-01
6.933600000000000207e+00,2.390911594524284478e+00
6.934400000000000119e+00,3.356731107849189932e+00
6.935200000000000031e+00,1.948950789480442758e+00
6.935999999999999943e+00,4.911439595099460931e+00
6.936799999999999855e+00,1.954538334975944869e+00
6.937600000000000655e+00,4.898689836115872609e+00
6.938400000000000567e+00,5.092298436037444809e+00
6.939200000000000479e+00,5.941975866747831958e+00
6.939999999999999503e+00,5.464098931653756708e+00
6.940799999999999415e+00,7.219521906092294827e+00
6.941599999999999326e+00,4.427153688905602458e+00
6.942400000000000126e+00,7.851035150382631222e+00
6.943200000000000038e+00,7.395007336702382084e+00
6.943999999999999950e+00,5.870885396004518419e+00
6.944799999999999862e+00,6.444946559889833892e+00
6.945599999999999774e+00,7.527090411097594469e+00
6.946399999999999686e+00,5.278302977389949469e+00
6.947200000000000486e+00,8.213827805844713836e+00
6.948000000000000398e+00,5.471881923039024542e+00
6.948800000000000310e+00,5.962840692388881259e+00
6.949600000000000222e+00,6.933299799072347724e+00
6.950400000000000134e+00,5.279067561188806934e+00
6.951200000000000045e+00,7.409481110396684223e+00
6.951999999999999957e+00,5.778250516036003148e+00
6.952799999999999869e+00,5.281964274079940402e+00
6.953599999999999781e+00,5.701787547076783369e+00
6.954399999999999693e+00,7.495813539831782002e+00
6.955199999999999605e+00,5.883775544059722584e+00
6.956000000000000405e+00,6.935464330654560250e+00
6.956800000000000317e+00,5.313204205432857208e+00
6.957600000000000229e+00,6.702662965029276165e+00
6.958400000000000141e+00,6.448255140127709062e+00
6.959200000000000053e+00,7.231277718508944297e+00
6.959999999999999964e+00,6.123169890114088076e+00
6.960800000000000765e+00,7.067229983784907965e+00
6.961600000000000676e+00,4.771074859785591649e+00
6.962399999999999700e+00,7.607984703221447376e+00
6.963199999999999612e+00,7.437665447252538975e+00
6.963999999999999524e+00,5.484971786023877804e+00
6.964799999999999436e+00,7.058584386834984237e+00
6.965600000000000236e+00,6.738931158856239279e+00
6.966400000000000148e+00,5.478555494424608874e+00
6.967200000000000060e+00,8.055597880091790230e+00
6.967999999999999972e+00,3.912405072334645073e+00
6.968799999999999883e+00,5.914308706499554091e+00
6.969599999999999795e+00,6.460225042411805063e+00
6.970400000000000595e+00,3.537703736565147139e+00
6.971200000000000507e+00,7.296041049619994112e+00
6.972000000000000419e+00,4.052277604328017979e+00
6.972800000000000331e+00,3.981225513287800943e+00
6.973599999999999355e+00,4.472091471775858196e+00
6.974399999999999267e+00,5.515878077673940894e+00
6.975200000000000067e+00,3.634502912162623556e+00
6.975999999999999979e+00,4.483349869056953096e+00
6.976799999999999891e+00,3.374721645492287259e+00
6.977599999999999802e+00,3.650382677696423439e+00
6.978399999999999714e+00,4.497231045580908138e+00
6.979199999999999626e+00,4.198658958577329514e+00
6.980000000000000426e+00,2.806867196839551770e+00
6.980800000000000338e+00,5.169259346703959146e+00
6.981600000000000250e+00,2.084981857747796763e+00
6.982400000000000162e+00,5.322647915317044287e+00
6.983200000000000074e+00,4.286022151190640450e+00
6.983999999999999986e+00,3.405321217819548441e+00
6.984799999999999898e+00,3.816456811460630316e+00
6.985599999999999810e+00,4.771098527003702294e+00
6.986399999999999721e+00,3.863561812450218458e+00
6.987199999999999633e+00,5.701873198932906561e+00
6.987999999999999545e+00,3.564765501669329151e+00
6.988799999999999457e+00,4.657741013903722305e+00
6.989600000000000257e+00,5.347100038140571776e+00
6.990400000000000169e+00,4.003404919735102929e+00
6.991200000000000081e+00,6.436925301877078454e+00
6.991999999999999993e+00,4.286343255492155890e+00
6.992799999999999905e+00,4.101072101526823666e+00
6.993600000000000705e+00,5.200635122804110111e+00
6.994400000000000617e+00,5.618637231326168546e+00
6.995200000000000529e+00,4.776197465085591176e+00
6.995999999999999552e+00,5.007435280717191795e+00
6.996799999999999464e+00,3.718985187152962446e+00
6.997599999999999376e+00,4.835020850106552359e+00
6.998400000000000176e+00,4.401181452552888729e+00
6.999200000000000088e+00,5.093392651703977592e+00
7.000000000000000000e+00,3.019053449108418441e+00
7.000799999999999912e+00,6.319736310648571553e+00
7.001599999999999824e+00,5.353185946681227492e+00
7.002399999999999736e+00,1.792817645344425515e+01
7.003200000000000536e+00,1.477488985098245777e+01
7.004000000000000448e+00,1.203351194558481119e+01
7.004800000000000360e+00,6.094794396762666544e+00
7.005600000000000271e+00,6.630899516902084123e+00
7.006400000000000183e+00,7.428921952958629227e+00
7.007199999999999207e+00,8.965124112566737580e+00
7.008000000000000007e+00,6.760733505517208641e+00
7.008799999999999919e+00,1.062438315916964626e+01
7.009599999999999831e+00,1.309242354453192547e+01
7.010399999999999743e+00,8.450166612706935254e+00
7.011199999999999655e+00,9.589129509761590953e+00
7.011999999999999567e+00,7.815489702580064701e+00
7.012800000000000367e+00,5.641727103140419253e+00
7.013600000000000279e+00,5.759281619517705231e+00
7.014400000000000190e+00,5.514715795343160920e+00
7.015200000000000102e+00,3.845375113770220565e+00
7.016000000000000014e+00,4.767859252463428454e+00
7.016799999999999926e+00,2.270962401267929032e+00
7.017600000000000726e+00,4.297314746302289379e+00
7.018399999999999750e+00,2.658811459932681309e+00
7.019199999999999662e+00,3.497355728543410702e+00
7.019999999999999574e+00,8.288589894425784088e-01
7.020799999999999486e+00,2.478324371001789039e+00
7.021599999999999397e+00,1.457162514221050476e+00
7.022400000000000198e+00,3.907391908328730512e+00
7.023200000000000109e+00,4.246029094698872797e+00
7.024000000000000021e+00,2.955517043938849842e+00
7.024799999999999933e+00,2.294802246837774451e+00
7.025599999999999845e+00,4.563650443889303965e+00
7.026399999999999757e+00,1.540230926287659230e+00
7.027200000000000557e+00,4.804713814890744672e+00
7.028000000000000469e+00,1.317153394742416994e+00
7.028800000000000381e+00,4.084359608197135394e+00
7.029599999999999405e+00,5.279027325776332269e+00
7.030399999999999316e+00,1.458735809271373807e+00
7.031200000000000117e+00,7.069666805443206137e+00
7.032000000000000028e+00,3.210002395836744959e+00
7.032799999999999940e+00,4.224011045787327667e+00
7.033599999999999852e+00,5.943155744220423919e+00
7.034399999999999764e+00,5.357063049131012278e+00
7.035199999999999676e+00,5.383586157710618103e+00
7.036000000000000476e+00,6.067815488227813248e+00
7.036800000000000388e+00,5.073646334277595038e+00
7.037600000000000300e+00,7.295830785801299179e+00
7.038400000000000212e+00,5.944785503722233244e+00
7.039200000000000124e+00,7.423856109841699080e+00
7.040000000000000036e+00,4.802424850392603695e+00
7.040800000000000836e+00,7.838910180473337874e+00
7.041599999999999859e+00,4.284085540410648818e+00
7.042399999999999771e+00,6.541744104472472898e+00
7.043199999999999683e+00,7.029658016436520107e+00
7.043999999999999595e+00,3.496603160793842591e+00
7.044799999999999507e+00,5.843375624309007144e+00
7.045600000000000307e+00,6.632445866635787723e+00
7.046400000000000219e+00,4.089910862177702278e+00
7.047200000000000131e+00,7.872778098071367303e+00
7.048000000000000043e+00,3.502608492829532683e+00
7.048799999999999955e+00,5.812128691546836201e+00
7.049599999999999866e+00,6.093478417653204637e+00
7.050400000000000666e+00,4.172198449270472231e+00
7.051200000000000578e+00,6.205179238332454439e+00
7.052000000000000490e+00,4.681462342803120791e+00
7.052799999999999514e+00,4.862753246037746280e+00
7.053599999999999426e+00,5.386859882360775842e+00
7.054399999999999338e+00,5.857589901690157141e+00
7.055200000000000138e+00,5.298949451320656756e+00
7.056000000000000050e+00,4.930948066177658795e+00
7.056799999999999962e+00,4.967373431491471258e+00
7.057599999999999874e+00,5.878371059784819330e+00
7.058399999999999785e+00,5.019450767611099096e+00
7.059199999999999697e+00,6.377998789711409877e+00
7.060000000000000497e+00,4.127039649273865685e+00
7.060800000000000409e+00,6.997999683779478453e+00
7.061600000000000321e+00,3.601487766348936859e+00
7.062400000000000233e+00,6.890172521132960526e+00
7.063200000000000145e+00,5.106413866759702103e+00
7.064000000000000057e+00,4.074144379333951349e+00
7.064799999999999969e+00,5.397128693542626365e+00
7.065599999999999881e+00,5.298351049014622838e+00
7.066399999999999793e+00,3.736230747363033178e+00
7.067199999999999704e+00,6.171860163540058508e+00
7.067999999999999616e+00,2.735553518399258088e+00
7.068800000000000416e+00,5.272116013113944177e+00
7.069600000000000328e+00,5.469869887360369276e+00
7.070400000000000240e+00,2.781575539830142940e+00
7.071200000000000152e+00,5.760895155809104828e+00
7.072000000000000064e+00,3.839223845006551894e+00
7.072799999999999976e+00,3.729144863016924383e+00
7.073600000000000776e+00,3.850903733958947139e+00
7.074400000000000688e+00,5.714393769548411051e+00
7.075199999999999712e+00,2.328894659627608554e+00
7.075999999999999623e+00,4.921124596377250526e+00
7.076799999999999535e+00,4.058144706722520922e+00
7.077599999999999447e+00,3.512721105124392285e+00
7.078400000000000247e+00,4.570402671468130507e+00
7.079200000000000159e+00,4.063079045420150415e+00
7.080000000000000071e+00,2.798933155450965771e+00
7.080799999999999983e+00,5.831997474188590047e+00
7.081599999999999895e+00,2.179780882750335991e+00
7.082399999999999807e+00,5.844389429122642809e+00
7.083200000000000607e+00,4.065522946048065300e+00
7.084000000000000519e+00,4.227215597072071951e+00
7.084800000000000431e+00,4.199409562215256742e+00
7.085600000000000342e+00,5.428624876635446128e+00
7.086399999999999366e+00,3.752324873011828377e+00
7.087199999999999278e+00,4.942050623648745145e+00
7.088000000000000078e+00,3.692779296697010327e+00
7.088799999999999990e+00,4.642767769637145214e+00
7.089599999999999902e+00,5.026820097582588076e+00
7.090399999999999814e+00,3.855420507351924986e+00
7.091199999999999726e+00,5.215768545372331033e+00
7.091999999999999638e+00,4.588682468641580137e+00
7.092800000000000438e+00,3.760697674171997740e+00
7.093600000000000350e+00,4.522559173574236979e+00
7.094400000000000261e+00,4.879380597948184572e+00
7.095200000000000173e+00,3.051531583390799440e+00
7.096000000000000085e+00,4.926817928028177640e+00
7.096799999999999997e+00,3.272020171215756168e+00
7.097599999999999909e+00,5.333956912433674091e+00
7.098399999999999821e+00,3.965387496808493228e+00
7.099199999999999733e+00,3.851872456791452404e+00
7.099999999999999645e+00,2.076952157186873649e+00
7.100799999999999557e+00,4.130965378955536171e-01
7.101599999999999469e+00,5.786441695223882853e+00
7.102400000000000269e+00,4.848499908865795405e+00
7.103200000000000180e+00,5.917641903757182575e+00
7.104000000000000092e+00,5.573697406281225675e+00
7.104800000000000004e+00,1.364146520066111590e+00
7.105599999999999916e+00,1.926485223389522217e+00
7.106399999999999828e+00,1.475907592746867447e+00
7.107200000000000628e+00,8.709933112365538799e-01
7.108000000000000540e+00,3.278687122075099492e+00
7.108799999999999564e+00,3.033671323405431774e+00
7.109599999999999476e+00,2.716870083060999974e+00
7.110399999999999388e+00,3.799821011022695316e+00
7.111200000000000188e+00,7.331148832871474397e-02
7.112000000000000099e+00,1.921692197303550842e-01
7.112800000000000011e+00,3.908561272822602684e-01
7.113599999999999923e+00,1.349533335250608701e+00
7.114399999999999835e+00,3.784181815497205115e+00
7.115199999999999747e+00,1.595561759896364729e+00
7.116000000000000547e+00,3.660774338747621481e+00
7.116800000000000459e+00,3.660529386591330869e+00
7.117600000000000371e+00,4.356411657115306646e+00
7.118400000000000283e+00,4.738019802680414116e+00
7.119200000000000195e+00,5.508322929965541626e+00
7.119999999999999218e+00,4.685053372400242111e+00
7.120800000000000018e+00,6.774314986032649699e+00
7.121599999999999930e+00,2.783918198788585041e+00
7.122399999999999842e+00,6.130352378490582232e+00
7.123199999999999754e+00,3.611095076907248291e+00
7.123999999999999666e+00,3.663629104861128916e+00
7.124799999999999578e+00,4.853852450639696059e+00
7.125600000000000378e+00,4.461310130731817480e+00
7.126400000000000290e+00,4.277568096639772222e+00
7.127200000000000202e+00,4.787928744702135475e+00
7.128000000000000114e+00,2.741710240345015759e+00
7.128800000000000026e+00,4.616680519614457801e+00
7.129599999999999937e+00,4.111116559433091844e+00
7.130400000000000738e+00,1.383658905934628036e+00
7.131199999999999761e+00,3.884866167478260301e+00
7.131999999999999673e+00,1.660721787839875896e+00
7.132799999999999585e+00,1.891335278164285372e+00
7.133599999999999497e+00,1.570350766117170060e+00
7.134399999999999409e+00,2.125774351586965594e+00
7.135200000000000209e+00,6.728769811945614632e-02
7.136000000000000121e+00,1.839941809429210373e+00
7.136800000000000033e+00,3.660581263279311659e-01
7.137599999999999945e+00,2.755138316180360050e-02
7.138399999999999856e+00,1.130225400463340746e+00
7.139199999999999768e+00,4.181621073943844746e-01
7.140000000000000568e+00,1.832136397589489429e-01
7.140800000000000480e+00,2.203996833817306822e+00
7.141600000000000392e+00,1.343075766891828504e+00
7.142399999999999416e+00,2.555496915387362566e+00
7.143199999999999328e+00,4.415044808448672642e-01
7.144000000000000128e+00,7.391361501019172442e-01
7.144800000000000040e+00,1.355533516636057145e+00
7.145599999999999952e+00,1.318908288774374382e+00
7.146399999999999864e+00,9.313839097667139105e-03
7.147199999999999775e+00,1.436263400776812249e+00
7.147999999999999687e+00,6.251353325132963379e-01
7.148800000000000487e+00,1.027688825200798073e+00
7.149600000000000399e+00,1.176496833329091940e+00
7.150400000000000311e+00,6.705158172383627324e-01
7.151200000000000223e+00,8.971988032657450818e-01
7.152000000000000135e+00,1.648827558364777124e+00
7.152800000000000047e+00,3.147485451514890342e-01
7.153600000000000847e+00,7.729389208276350454e-01
7.154399999999999871e+00,1.917770985487716517e+00
7.155199999999999783e+00,5.332285707384725182e-01
7.155999999999999694e+00,1.654335231563189845e+00
7.156799999999999606e+00,1.229046140651822855e-01
7.157599999999999518e+00,1.321387073864092931e+00
7.158400000000000318e+00,4.230336541920499682e-01
7.159200000000000230e+00,8.684661744499152514e-01
7.160000000000000142e+00,5.378781709384283793e-01
7.160800000000000054e+00,1.597430700304601103e+00
7.161599999999999966e+00,6.379232571286691522e-01
7.162399999999999878e+00,2.028442304229098436e+00
7.163200000000000678e+00,2.231417885330863604e-01
7.164000000000000590e+00,6.715099106149394759e-01
7.164800000000000502e+00,1.587221458920201611e+00
7.165599999999999525e+00,1.781975540522902968e+00
7.166399999999999437e+00,2.389633148679090255e-02
7.167199999999999349e+00,2.905280652382231654e+00
7.168000000000000149e+00,3.609952174194595020e-01
7.168800000000000061e+00,2.014337350424684203e+00
7.169599999999999973e+00,3.347560982993642575e+00
7.170399999999999885e+00,7.600728609056266460e-01
7.171199999999999797e+00,3.585008953321808800e+00
7.171999999999999709e+00,2.214834806275657542e+00
7.172800000000000509e+00,1.223097348739250911e+00
7.173600000000000421e+00,2.526055768360783826e+00
7.174400000000000333e+00,2.542518279062352171e+00
7.175200000000000244e+00,4.360949680896879510e-01
7.176000000000000156e+00,2.656957905905025008e+00
7.176800000000000068e+00,8.557239580282260949e-01
7.177599999999999980e+00,2.439972212687180786e+00
7.178399999999999892e+00,8.957022324129291224e-01
7.179199999999999804e+00,2.176296389999493375e+00
7.179999999999999716e+00,4.779290824512922309e-01
7.180799999999999628e+00,3.355489516802571792e+00
7.181600000000000428e+00,1.626979925647088765e-01
7.182400000000000340e+00,1.612232559383220964e+00
7.183200000000000252e+00,1.570600500436916347e+00
7.184000000000000163e+00,5.409788871513943054e-01
7.184800000000000075e+00,9.032094884100235754e-01
7.185599999999999987e+00,2.372936136437517440e+00
7.186400000000000787e+00,1.025995209155389665e+00
7.187200000000000699e+00,2.059669875910844272e+00
7.187999999999999723e+00,1.961190263982648951e-01
7.188799999999999635e+00,1.038202938121949082e+00
7.189599999999999547e+00,2.007173719977384696e+00
7.190399999999999459e+00,1.410509561113364896e+00
7.191200000000000259e+00,2.831550170152429047e+00
7.192000000000000171e+00,2.240384357091385614e-01
7.192800000000000082e+00,7.255875447945663304e-01
7.193599999999999994e+00,1.467239643079530698e+00
7.194399999999999906e+00,1.163202795099473885e+00
7.195199999999999818e+00,7.717830360971744685e-01
7.196000000000000618e+00,1.733349801454426853e+00
7.196800000000000530e+00,4.123793268069759765e-01
7.197600000000000442e+00,1.916128242420740202e+00
7.198400000000000354e+00,2.083464280392817447e-01
7.199199999999999378e+00,1.347596767167625886e+00
7.199999999999999289e+00,4.563139630207305730e-01
7.200800000000000090e+00,4.324747347512037932e-01
7.201600000000000001e+00,3.667870267176325694e+00
7.202399999999999913e+00,3.452290996137842516e+00
7.203199999999999825e+00,5.372983454394316460e+00
7.203999999999999737e+00,8.005910823929029974e+00
7.204799999999999649e+00,1.045151728165444815e+01
7.205600000000000449e+00,1.197329952288802524e+01
7.206400000000000361e+00,9.805877564674913671e+00
7.207200000000000273e+00,1.168691843581785683e+01
7.208000000000000185e+00,8.441271554585336290e+00
7.208800000000000097e+00,1.014655840659549035e+01
7.209600000000000009e+00,1.283374436568856503e+01
7.210399999999999920e+00,9.905714681574037783e+00
7.211199999999999832e+00,1.303904296386211215e+01
7.211999999999999744e+00,1.245434959377813122e+01
7.212799999999999656e+00,1.212496295982292160e+01
7.213599999999999568e+00,1.155815313327659766e+01
7.214399999999999480e+00,1.175588698380949459e+01
7.215200000000000280e+00,8.842815212936587344e+00
7.216000000000000192e+00,1.037903315266806104e+01
7.216800000000000104e+00,7.253537367914949741e+00
7.217600000000000016e+00,7.437589446075455690e+00
7.218399999999999928e+00,6.427658490854078366e+00
7.219199999999999839e+00,5.507158246107191069e+00
7.220000000000000639e+00,4.245795764948765871e+00
7.220800000000000551e+00,3.371132911506076635e+00
7.221599999999999575e+00,5.412074891812446165e-01
7.222399999999999487e+00,2.315341898886225103e+00
7.223199999999999399e+00,4.928006798641237363e-01
7.224000000000000199e+00,1.180717183768277057e+00
7.224800000000000111e+00,5.903641628167518585e-01
7.225600000000000023e+00,1.518063146062838875e+00
7.226399999999999935e+00,8.881858412628257371e-01
7.227199999999999847e+00,7.902595412943639319e-01
7.227999999999999758e+00,5.258033616810899868e-01
7.228800000000000558e+00,6.118486749692548798e-01
7.229600000000000470e+00,6.541902562114086939e-01
7.230400000000000382e+00,2.389970599581755728e+00
7.231200000000000294e+00,1.219369711510407628e+00
7.232000000000000206e+00,5.925220473852174097e-01
7.232799999999999230e+00,6.842691219458965080e-01
7.233600000000000030e+00,1.332309593447719598e+00
7.234399999999999942e+00,1.042221807662663924e+00
7.235199999999999854e+00,2.155629022825399435e-02
7.235999999999999766e+00,3.649059589945302218e+00
7.236799999999999677e+00,1.515772236012806307e+00
7.237599999999999589e+00,3.563774554051035270e+00
7.238400000000000389e+00,3.392709346202169574e+00
7.239200000000000301e+00,4.631778607349929189e+00
7.240000000000000213e+00,4.833351020132286457e+00
7.240800000000000125e+00,5.816573667394710156e+00
7.241600000000000037e+00,3.498175272610430486e+00
7.242399999999999949e+00,5.993810326779823505e+00
7.243200000000000749e+00,5.341990658308557904e+00
7.243999999999999773e+00,5.531600995786803310e+00
7.244799999999999685e+00,5.007064302930396948e+00
7.245599999999999596e+00,7.185166467711312066e+00
7.246399999999999508e+00,3.227807000454779196e+00
7.247199999999999420e+00,7.109218642296489143e+00
7.248000000000000220e+00,5.027818286416722238e+00
7.248800000000000132e+00,5.375651993345593738e+00
7.249600000000000044e+00,5.842138455438377953e+00
7.250399999999999956e+00,3.489669705511662556e+00
7.251199999999999868e+00,5.791871099262979605e+00
7.251999999999999780e+00,6.404211715119885184e+00
7.252800000000000580e+00,3.318644877416812466e+00
7.253600000000000492e+00,5.357278546346214476e+00
7.254400000000000404e+00,5.638876560106224289e+00
7.255199999999999427e+00,4.895210971937225430e+00
7.255999999999999339e+00,6.421057995021236309e+00
7.256800000000000139e+00,3.764745749797317576e+00
7.257600000000000051e+00,6.279668518866198923e+00
7.258399999999999963e+00,4.258475405459525298e+00
7.259199999999999875e+00,6.350218395499001467e+00
7.259999999999999787e+00,5.131270210410408872e+00
7.260799999999999699e+00,6.682006617476936583e+00
7.261600000000000499e+00,3.980298910190282147e+00
7.262400000000000411e+00,6.607623498226697478e+00
7.263200000000000323e+00,5.412336860026179863e+00
7.264000000000000234e+00,5.896911188697248285e+00
7.264800000000000146e+00,5.252664381258616899e+00
7.265600000000000058e+00,5.874026183104351873e+00
7.266399999999999970e+00,3.712773475667992873e+00
7.267199999999999882e+00,6.304168105227301311e+00
7.267999999999999794e+00,4.355421982652467605e+00
7.268799999999999706e+00,5.005625973417559216e+00
7.269599999999999618e+00,6.282879812716707590e+00
7.270399999999999530e+00,2.306011936276903818e+00
7.271200000000000330e+00,6.085815036229099917e+00
7.272000000000000242e+00,4.178802213838207713e+00
7.272800000000000153e+00,2.938729912119544707e+00
7.273600000000000065e+00,3.958745012969482335e+00
7.274399999999999977e+00,4.206136843035170436e+00
7.275199999999999889e+00,2.370566907605233808e+00
7.276000000000000689e+00,4.864995716439564077e+00
7.276800000000000601e+00,2.706631422615746629e+00
7.277600000000000513e+00,2.937199155936413231e+00
7.278399999999999537e+00,2.770976189059290551e+00
7.279199999999999449e+00,3.652529556162819269e+00
7.279999999999999361e+00,2.034378864407405008e+00
7.280800000000000161e+00,4.669315458315620226e+00
7.281600000000000072e+00,5.619291472717498070e-01
7.282399999999999984e+00,3.960896952984150676e+00
7.283199999999999896e+00,3.306541310140568513e+00
7.283999999999999808e+00,2.729076396902189838e+00
7.284799999999999720e+00,3.332193352527066388e+00
7.285600000000000520e+00,3.816607096992023607e+00
7.286400000000000432e+00,1.785992976406603594e+00
7.287200000000000344e+00,5.197631473351214559e+00
7.288000000000000256e+00,3.120057831190148789e+00
7.288800000000000168e+00,4.008598214691488693e+00
7.289599999999999191e+00,4.253461069399539163e+00
7.290399999999999991e+00,2.146757081974977055e+00
7.291199999999999903e+00,5.834814916294439158e+00
7.291999999999999815e+00,3.581023940993806054e+00
7.292799999999999727e+00,3.718782587159533470e+00
7.293599999999999639e+00,3.648200866930470632e+00
7.294399999999999551e+00,3.830011344749122415e+00
7.295200000000000351e+00,3.545347797270554935e+00
7.296000000000000263e+00,4.256571674270428929e+00
7.296800000000000175e+00,3.497487987954505773e+00
7.297600000000000087e+00,4.060959860064486726e+00
7.298399999999999999e+00,2.944320426387499801e+00
7.299199999999999910e+00,5.063664127881262189e+00
7.300000000000000711e+00,2.037715809500359132e+00
7.300799999999999734e+00,3.474912353173024826e+00
7.301599999999999646e+00,2.867484165480354452e+00
7.302399999999999558e+00,1.273232378396827347e+00
7.303199999999999470e+00,3.456282712036405691e+00
7.304000000000000270e+00,6.570198177820727459e+00
7.304800000000000182e+00,3.456910699438505041e+00
7.305600000000000094e+00,2.051764017851781752e+00
7.306400000000000006e+00,3.523425194707484387e+00
7.307199999999999918e+00,1.607409303760778840e+00
7.307999999999999829e+00,4.275657417879362932e+00
7.308800000000000630e+00,3.072299804834348613e+00
7.309600000000000541e+00,4.242822580428016188e+00
7.310400000000000453e+00,6.347898854626951248e+00
7.311200000000000365e+00,2.296153052897109248e+00
7.311999999999999389e+00,2.610884332956762588e+00
7.312799999999999301e+00,2.810670904598189246e+00
7.313600000000000101e+00,2.498670888943294255e+00
7.314400000000000013e+00,3.207427775651888746e-01
7.315199999999999925e+00,7.676201046993207378e-01
7.315999999999999837e+00,1.025980758913645818e+00
7.316799999999999748e+00,1.169976323505480753e+00
7.317599999999999660e+00,7.887665459796181500e-01
7.318400000000000460e+00,2.751984654300850597e+00
7.319200000000000372e+00,3.190867051308182933e+00
7.320000000000000284e+00,3.017642163202524763e+00
7.320800000000000196e+00,5.372950743082620662e+00
7.321600000000000108e+00,1.692917357108615795e+00
7.322400000000000020e+00,5.350839439043511447e+00
7.323199999999999932e+00,3.760937575538431332e+00
7.323999999999999844e+00,3.367928186073360308e+00
7.324799999999999756e+00,4.106625719332234858e+00
7.325599999999999667e+00,3.771801383201345725e+00
7.326399999999999579e+00,3.450370038164573216e+00
7.327199999999999491e+00,5.282884146698605399e+00
7.328000000000000291e+00,2.943606884594257789e+00
7.328800000000000203e+00,4.621579387317945375e+00
7.329600000000000115e+00,3.312882508494205513e+00
7.330400000000000027e+00,2.167489065095550949e+00
7.331199999999999939e+00,4.263191539607914748e+00
7.331999999999999851e+00,2.783486213656298780e+00
7.332800000000000651e+00,1.301857224875858421e+00
7.333600000000000563e+00,1.900303355103252878e+00
7.334399999999999586e+00,2.021968038585030492e+00
7.335199999999999498e+00,2.391045806002515817e-01
7.335999999999999410e+00,2.388092860657832883e+00
7.336800000000000210e+00,5.396139930665302398e-01
7.337600000000000122e+00,1.626721508344292910e-01
7.338400000000000034e+00,5.594974267218277841e-01
7.339199999999999946e+00,6.645247597652700899e-02
7.339999999999999858e+00,7.720705758620014514e-01
7.340799999999999770e+00,1.163469593980728245e+00
7.341600000000000570e+00,2.333006328147566588e+00
7.342400000000000482e+00,8.541792914703630890e-01
7.343200000000000394e+00,2.146521862917412371e-01
7.344000000000000306e+00,2.606460962885398525e-01
7.344800000000000217e+00,5.987085699266971733e-02
7.345599999999999241e+00,3.287200775965906652e-01
7.346400000000000041e+00,1.417818747458924111e+00
7.347199999999999953e+00,1.261899295108942942e+00
7.347999999999999865e+00,4.755151086900402113e-01
7.348799999999999777e+00,3.174318789478265401e-01
7.349599999999999689e+00,3.940951434936776354e-01
7.350399999999999601e+00,1.172343405754263435e+00
7.351200000000000401e+00,1.517583929677489119e+00
7.352000000000000313e+00,4.356544548217281543e-01
7.352800000000000225e+00,1.060652145367669830e+00
7.353600000000000136e+00,7.701519160944657605e-01
7.354400000000000048e+00,6.367580292005833309e-01
7.355199999999999960e+00,7.911808068399751592e-01
7.356000000000000760e+00,1.100026822083582045e+00
7.356799999999999784e+00,1.665847824035000313e+00
7.357599999999999696e+00,4.000501442095267257e-01
7.358399999999999608e+00,8.472459450195802821e-01
7.359199999999999520e+00,7.774916955188365675e-01
7.359999999999999432e+00,5.185604079755181672e-01
7.360800000000000232e+00,3.998303123824954036e-02
7.361600000000000144e+00,1.916346193027840705e+00
7.362400000000000055e+00,8.518916291494273985e-01
7.363199999999999967e+00,4.902111141642949699e-01
7.363999999999999879e+00,5.846992070223989701e-01
7.364799999999999791e+00,1.682098931036807021e-01
7.365600000000000591e+00,2.011298667340639945e-01
7.366400000000000503e+00,1.186664209942441373e+00
7.367200000000000415e+00,2.184609620758672932e+00
7.367999999999999439e+00,7.503718803553431904e-01
7.368799999999999351e+00,1.683484576004165567e-01
7.369600000000000151e+00,1.228375932723575703e+00
7.370400000000000063e+00,1.222392241001018176e+00
7.371199999999999974e+00,2.979833465039779306e+00
7.371999999999999886e+00,1.014090847641728077e+00
7.372799999999999798e+00,1.324876237071044016e-01
7.373599999999999710e+00,1.277325041900430280e+00
7.374400000000000510e+00,2.310678132384800243e+00
7.375200000000000422e+00,2.404407665201188093e-01
7.376000000000000334e+00,2.062928636413214889e+00
7.376800000000000246e+00,1.098186481760862754e-01
7.377600000000000158e+00,7.528218377798637784e-01
7.378400000000000070e+00,9.985446163909389439e-01
7.379199999999999982e+00,1.790411569425591987e+00
7.379999999999999893e+00,2.090323603773112070e-03
7.380799999999999805e+00,2.280170965047647602e+00
7.381599999999999717e+00,1.186969613587909977e+00
7.382399999999999629e+00,1.727288789473853337e+00
7.383199999999999541e+00,1.459459902648822860e+00
7.384000000000000341e+00,1.048818220977431326e-01
7.384800000000000253e+00,4.366914933760865369e-01
7.385600000000000165e+00,8.721362909277750042e-01
7.386400000000000077e+00,4.170424103831572027e-01
7.387199999999999989e+00,1.685636161914529252e+00
7.387999999999999901e+00,3.602440287592487134e-01
7.388800000000000701e+00,7.895539199835635569e-02
7.389600000000000612e+00,3.878542995705746566e-01
7.390399999999999636e+00,1.085055157081416866e+00
7.391199999999999548e+00,1.721274705410871908e+00
7.391999999999999460e+00,1.038253677715657436e-01
7.392799999999999372e+00,6.265077482712253509e-01
7.393600000000000172e+00,2.853221016951888456e-01
7.394400000000000084e+00,9.077659970444137416e-01
7.395199999999999996e+00,4.922162901851778738e-02
7.395999999999999908e+00,1.642320282464307057e+00
7.396799999999999820e+00,9.294213605917355236e-01
7.397599999999999731e+00,3.805567860529182611e-01
7.398400000000000531e+00,2.381774504693923433e-01
7.399200000000000443e+00,5.714053700955366855e-02
7.400000000000000355e+00,8.841596940719638476e-02
7.400800000000000267e+00,1.352012928797944991e+00
7.401600000000000179e+00,8.518042799139574628e-01
7.402399999999999203e+00,1.441577088100585868e+01
7.403200000000000003e+00,1.351252397965171781e+01
7.403999999999999915e+00,1.345929039524224358e+01
7.404799999999999827e+00,1.012791189772437583e+01
7.405599999999999739e+00,1.005748778411206956e+01
7.406399999999999650e+00,9.455551346859074613e+00
7.407199999999999562e+00,1.093234128285417839e+01
7.408000000000000362e+00,1.061084183445281859e+01
7.408800000000000274e+00,1.200595250796606628e+01
7.409600000000000186e+00,1.485549974726568578e+01
7.410400000000000098e+00,1.238728237197715920e+01
7.411200000000000010e+00,1.288316194557597427e+01
7.411999999999999922e+00,1.220718444261556890e+01
7.412800000000000722e+00,8.623849866360107086e+00
7.413599999999999746e+00,8.584730179370451353e+00
7.414399999999999658e+00,8.914668634392924673e+00
7.415199999999999569e+00,5.523600796108665278e+00
7.415999999999999481e+00,6.810556401699672691e+00
7.416800000000000281e+00,2.902706418717567516e+00
7.417600000000000193e+00,3.892207614140183125e+00
7.418400000000000105e+00,2.862845577048342527e+00
7.419200000000000017e+00,1.918936466767024340e+00
7.419999999999999929e+00,2.094298834181176905e-01
7.420799999999999841e+00,7.482943546527622836e-01
7.421600000000000641e+00,1.771097782592353287e+00
7.422400000000000553e+00,1.146817779174111207e+00
7.423200000000000465e+00,8.655891841930473118e-01
7.424000000000000377e+00,3.903090298905259048e-01
7.424799999999999400e+00,1.862325342544397078e+00
7.425599999999999312e+00,2.610345108909944978e-01
7.426400000000000112e+00,1.920464475790181869e+00
7.427200000000000024e+00,3.317645496480851608e-01
7.427999999999999936e+00,1.025526114416934087e+00
7.428799999999999848e+00,2.368806116777033122e+00
7.429599999999999760e+00,7.421960387676195259e-01
7.430399999999999672e+00,1.690156430218927142e+00
7.431200000000000472e+00,1.545779360452472551e+00
7.432000000000000384e+00,1.471694722680061629e+00
7.432800000000000296e+00,8.269412273817635661e-01
7.433600000000000207e+00,3.209449644542624824e+00
7.434400000000000119e+00,2.889443993693647794e+00
7.435200000000000031e+00,1.103265595799666876e+00
7.435999999999999943e+00,5.578045966596326899e+00
7.436799999999999855e+00,1.279516429847647796e+00
7.437599999999999767e+00,5.484628512387644150e+00
7.438399999999999679e+00,4.295354844549489570e+00
7.439199999999999591e+00,5.406773110888828171e+00
7.439999999999999503e+00,4.977710298976730563e+00
7.440800000000000303e+00,6.031271245974198614e+00
7.441600000000000215e+00,4.103354195389500525e+00
7.442400000000000126e+00,6.400037209234652025e+00
7.443200000000000038e+00,5.933512263007032494e+00
7.443999999999999950e+00,5.116807732887536986e+00
7.444799999999999862e+00,4.080239641097709757e+00
7.445600000000000662e+00,7.214977468575095365e+00
7.446400000000000574e+00,3.138733521267228266e+00
7.447199999999999598e+00,6.893063957560543464e+00
7.447999999999999510e+00,4.437960962913302332e+00
7.448799999999999422e+00,4.046011489927321847e+00
7.449600000000000222e+00,6.009817529896286814e+00
7.450400000000000134e+00,2.936462111440876210e+00
7.451200000000000045e+00,6.424284410881913487e+00
7.451999999999999957e+00,4.638937608515376176e+00
7.452799999999999869e+00,3.336439926252301902e+00
7.453599999999999781e+00,5.321451009437284441e+00
7.454400000000000581e+00,5.738056490507773333e+00
7.455200000000000493e+00,5.414994471275980104e+00
7.456000000000000405e+00,5.671729551761764299e+00
7.456800000000000317e+00,3.620509014414741156e+00
7.457600000000000229e+00,6.292827610267617722e+00
7.458399999999999253e+00,4.332986823308126567e+00
7.459200000000000053e+00,6.472786874205805674e+00
7.459999999999999964e+00,4.505326028768908309e+00
7.460799999999999876e+00,5.561239511054758999e+00
7.461599999999999788e+00,3.982252547231321493e+00
7.462399999999999700e+00,5.667194053840098000e+00
7.463199999999999612e+00,6.421069455130399284e+00
7.464000000000000412e+00,4.020626839864728908e+00
7.464800000000000324e+00,5.113694564851392066e+00
7.465600000000000236e+00,5.349894634520159009e+00
7.466400000000000148e+00,3.097266443615125819e+00
7.467200000000000060e+00,6.910936035988194170e+00
7.467999999999999972e+00,2.235353937904884347e+00
7.468800000000000772e+00,4.151855293339081321e+00
7.469599999999999795e+00,5.048409650514632752e+00
7.470399999999999707e+00,1.374301989985202255e+00
7.471199999999999619e+00,6.031333032854138132e+00
7.471999999999999531e+00,2.066355209891162836e+00
7.472799999999999443e+00,1.776683288339817368e+00
7.473600000000000243e+00,3.373508194056048737e+00
7.474400000000000155e+00,3.172166717335493935e+00
7.475200000000000067e+00,2.380980727265051389e+00
7.475999999999999979e+00,2.817862902846504536e+00
7.476799999999999891e+00,2.375228283050835554e+00
7.477599999999999802e+00,2.846479760622342869e+00
7.478400000000000603e+00,2.318690560974804082e+00
7.479200000000000514e+00,4.027279580318153585e+00
7.480000000000000426e+00,4.622241973637545298e-01
7.480799999999999450e+00,3.829160095080219151e+00
7.481599999999999362e+00,9.535133350902029736e-01
7.482399999999999274e+00,3.613773057422918544e+00
7.483200000000000074e+00,4.156515023321628810e+00
7.483999999999999986e+00,1.733780890540941533e+00
7.484799999999999898e+00,2.859807244493639988e+00
7.485599999999999810e+00,4.480557483661550044e+00
7.486399999999999721e+00,2.328588962835188347e+00
7.487199999999999633e+00,5.254238997866304217e+00
7.488000000000000433e+00,2.145303502069248136e+00
7.488800000000000345e+00,3.817325158459966783e+00
7.489600000000000257e+00,4.235244958673100690e+00
7.490400000000000169e+00,2.766396167190347199e+00
7.491200000000000081e+00,5.367328779516823190e+00
7.491999999999999993e+00,2.727061884385446611e+00
7.492799999999999905e+00,3.406111286807194993e+00
7.493599999999999817e+00,3.954605797554865632e+00
7.494399999999999729e+00,3.895601667458109318e+00
7.495199999999999640e+00,3.374713522958927570e+00
7.495999999999999552e+00,3.529193592455832196e+00
7.496800000000000352e+00,2.469038613556702177e+00
7.497600000000000264e+00,4.317129242277696122e+00
7.498400000000000176e+00,3.041823556379695592e+00
7.499200000000000088e+00,4.320603253535042931e+00
7.500000000000000000e+00,1.643476159828970218e+00
7.500799999999999912e+00,3.033646072645924008e+00
7.501600000000000712e+00,3.943510081048138827e-01
7.502400000000000624e+00,8.081948294644444308e-01
7.503199999999999648e+00,1.896353505447749832e+00
7.503999999999999559e+00,3.364858402730999565e+00
7.504799999999999471e+00,2.571899753980736225e+00
7.505599999999999383e+00,2.697934599371907716e+00
7.506400000000000183e+00,5.126830925749894519e+00
7.507200000000000095e+00,1.825219468657565958e-01
7.508000000000000007e+00,4.604237947775209783e+00
7.508799999999999919e+00,4.119703895986793540e+00
7.509599999999999831e+00,2.689939301208478906e+00
7.510399999999999743e+00,5.321588348842750449e+00
7.511200000000000543e+00,2.810064059292618932e+00
7.512000000000000455e+00,4.116772281744170314e+00
7.512800000000000367e+00,4.143111264550653594e+00
7.513600000000000279e+00,2.745566805337658955e+00
7.514399999999999302e+00,1.343957468360345908e+00
7.515199999999999214e+00,2.365199560215806684e+00
7.516000000000000014e+00,9.531256239112477768e-01
7.516799999999999926e+00,9.914410595544197458e-01
7.517599999999999838e+00,4.814139612551420755e-01
7.518399999999999750e+00,1.260776107972601603e-02
7.519199999999999662e+00,2.371521424545566692e+00
7.519999999999999574e+00,3.947696601968789798e-01
7.520800000000000374e+00,3.181288043558738288e+00
7.521600000000000286e+00,1.336979910026821594e+00
7.522400000000000198e+00,3.974359913177528014e+00
7.523200000000000109e+00,3.508011965090831019e+00
7.524000000000000021e+00,2.452607646674351827e+00
7.524799999999999933e+00,2.820325950764171807e+00
7.525600000000000733e+00,4.042592067661507471e+00
7.526399999999999757e+00,2.418670038468737626e+00
7.527199999999999669e+00,5.031876135585583221e+00
7.527999999999999581e+00,1.932775131741157892e+00
7.528799999999999493e+00,3.869910349384034554e+00
7.529600000000000293e+00,4.906870685677636956e+00
7.530400000000000205e+00,1.205915299041346866e+00
7.531200000000000117e+00,5.121341849714334593e+00
7.532000000000000028e+00,2.142461172802826663e+00
7.532799999999999940e+00,8.475699987895963794e-01
7.533599999999999852e+00,3.182242915687961027e+00
7.534400000000000652e+00,2.136250600599875149e+00
7.535200000000000564e+00,9.430642254913332856e-01
7.536000000000000476e+00,1.881819542192206152e+00
7.536800000000000388e+00,1.655846943790287851e-01
7.537599999999999412e+00,1.319988009863064304e+00
7.538399999999999324e+00,4.037142782360103599e-01
7.539200000000000124e+00,7.080087270977624136e-01
7.540000000000000036e+00,1.573163583972968516e+00
7.540799999999999947e+00,1.599545218587851370e+00
7.541599999999999859e+00,1.825260155347480318e+00
7.542399999999999771e+00,2.948489610256949112e-01
7.543199999999999683e+00,8.436459487645721067e-01
7.544000000000000483e+00,2.043822462099238901e+00
7.544800000000000395e+00,3.621275357651685400e-01
7.545600000000000307e+00,3.977054861538344976e-01
7.546400000000000219e+00,1.888591630819883571e+00
7.547200000000000131e+00,7.668398612279300197e-01
7.548000000000000043e+00,1.733039222483661268e+00
7.548799999999999955e+00,5.593235731355523932e-02
7.549599999999999866e+00,3.525756349358779573e-01
7.550399999999999778e+00,1.286911771119144454e+00
7.551199999999999690e+00,1.207264805744509006e+00
7.551999999999999602e+00,7.674189807456339718e-01
7.552799999999999514e+00,7.793154887755935345e-01
7.553600000000000314e+00,8.261759264127868096e-01
7.554400000000000226e+00,3.225199304721171889e-01
7.555200000000000138e+00,8.559189168695288119e-01
7.556000000000000050e+00,1.044868617226893059e+00
7.556799999999999962e+00,7.751410811414591873e-01
7.557599999999999874e+00,7.276974093215863304e-01
7.558400000000000674e+00,3.965204409818691156e-01
7.559200000000000585e+00,2.447062707529268355e-01
7.559999999999999609e+00,1.633142159871501020e+00
7.560799999999999521e+00,6.842348982327266516e-01
7.561599999999999433e+00,2.142696588109879841e+00
7.562400000000000233e+00,8.891880825660170018e-01
7.563200000000000145e+00,5.254955547580069108e-01
7.564000000000000057e+00,1.561260344077937345e+00
7.564799999999999969e+00,2.012457412802979295e-01
7.565599999999999881e+00,2.397624274960535179e-02
7.566399999999999793e+00,1.680840199042806793e+00
7.567200000000000593e+00,1.346287475563892722e+00
7.568000000000000504e+00,1.828556644670947140e+00
7.568800000000000416e+00,1.277391652449890724e-01
7.569600000000000328e+00,1.070343965668804742e+00
7.570400000000000240e+00,1.137734990503411536e+00
7.571199999999999264e+00,1.611749495391367359e+00
7.572000000000000064e+00,2.735010606956719825e-01
7.572799999999999976e+00,3.605019883931149249e-01
7.573599999999999888e+00,1.423417169479187727e+00
7.574399999999999800e+00,1.869787866603259907e+00
7.575199999999999712e+00,6.822640842586756849e-01
7.575999999999999623e+00,1.269825878171605416e+00
7.576800000000000423e+00,1.625188753457085244e-01
7.577600000000000335e+00,1.113471648081406196e+00
7.578400000000000247e+00,6.775221121324550566e-01
7.579200000000000159e+00,1.196003035340842846e+00
7.580000000000000071e+00,9.709456482665795862e-01
7.580799999999999983e+00,2.456968812765973453e+00
7.581600000000000783e+00,9.638397405702531229e-01
7.582399999999999807e+00,1.821837756792157315e+00
7.583199999999999719e+00,8.790271811454566375e-01
7.583999999999999631e+00,1.967557671696344157e-01
7.584799999999999542e+00,1.629914199722797552e-01
7.585599999999999454e+00,1.304102914021724846e+00
7.586400000000000254e+00,4.172608482600646540e-01
7.587200000000000166e+00,8.857675484516399633e-01
7.588000000000000078e+00,5.856292707548024223e-01
7.588799999999999990e+00,9.024403763557956593e-01
7.589599999999999902e+00,3.836838153814764452e-01
7.590399999999999814e+00,6.268209356466629689e-01
7.591200000000000614e+00,7.658639321387421539e-01
7.592000000000000526e+00,3.866272210199597770e-01
7.592800000000000438e+00,7.594035899348097196e-01
7.593599999999999461e+00,2.714718034699744025e-03
7.594399999999999373e+00,1.096140233565254363e+00
7.595199999999999285e+00,1.357935968948059680e+00
7.596000000000000085e+00,9.752167162413764023e-01
7.596799999999999997e+00,7.151253893474657231e-01
7.597599999999999909e+00,5.054150560402216330e-01
7.598399999999999821e+00,1.367625433291955739e-01
7.599199999999999733e+00,2.263192647253949863e-01
7.599999999999999645e+00,7.385065119388528609e-01
7.600800000000000445e+00,2.548818821916632782e+00
7.601600000000000357e+00,2.647776262103060385e-02
7.602400000000000269e+00,3.328942071917158518e+00
7.603200000000000180e+00,3.040725251535930873e+00
7.604000000000000092e+00,2.654383966869838130e+00
7.604800000000000004e+00,2.563233254736693834e+00
7.605599999999999916e+00,3.144892698876456283e+00
7.606399999999999828e+00,1.851281638232382232e+00
7.607199999999999740e+00,2.760270735700834699e+00
7.607999999999999652e+00,1.914202550808147940e+00
7.608799999999999564e+00,7.884041622335710153e-01
7.609600000000000364e+00,8.764287943671237313e-01
7.610400000000000276e+00,2.045019240832355034e-01
7.611200000000000188e+00,2.469572848994092240e+00
7.612000000000000099e+00,6.597590136581025222e-01
7.612800000000000011e+00,2.131725369319079078e-02
7.613599999999999923e+00,1.227893271827211086e+00
7.614400000000000723e+00,2.112632312776336452e+00
7.615200000000000635e+00,9.527596402574154411e-01
7.615999999999999659e+00,1.032421418369560140e+00
7.616799999999999571e+00,4.997461329401599039e-01
7.617599999999999483e+00,1.319662314374727030e+00
7.618399999999999395e+00,2.940083426314187842e-01
7.619200000000000195e+00,9.313240818356168793e-01
7.620000000000000107e+00,4.050096687881716284e-01
7.620800000000000018e+00,1.653525501785743979e+00
7.621599999999999930e+00,8.972300877783535578e-01
7.622399999999999842e+00,1.311259978857707065e+00
7.623199999999999754e+00,6.497010303628690808e-01
7.624000000000000554e+00,6.675008645491742332e-01
7.624800000000000466e+00,5.777013412740888976e-01
7.625600000000000378e+00,4.472498843238554289e-01
7.626400000000000290e+00,8.764544923169891311e-01
7.627199999999999314e+00,1.062357445309051851e+00
7.627999999999999226e+00,1.111882413277539561e+00
7.628800000000000026e+00,2.847469147939954426e-01
7.629600000000000826e+00,1.012984797926334668e+00
7.630400000000000738e+00,1.270461872411394300e+00
7.631200000000000649e+00,1.518023121869449543e+00
7.632000000000000561e+00,2.159277829385060354e-01
7.632799999999999585e+00,2.640679042045403491e-01
7.633599999999999497e+00,2.190175213109470664e-01
7.634399999999999409e+00,1.476766842815526282e+00
7.635199999999999321e+00,1.294572906588350003e+00
7.635999999999999233e+00,1.073552027923468488e+00
7.636799999999999145e+00,1.130372473419567481e-01
7.637599999999999945e+00,2.411039583071516723e-01
7.638399999999999856e+00,7.737410894213456736e-01
7.639199999999999768e+00,3.363282554061964302e-01
7.639999999999999680e+00,1.705512126435577425e-01
7.640799999999999592e+00,2.463223683484251580e+00
7.641599999999999504e+00,1.365994495686805976e+00
7.642400000000000304e+00,1.691336709966784424e+00
7.643200000000000216e+00,6.662671871434662219e-01
7.644000000000000128e+00,2.634535636491149857e-01
7.644800000000000040e+00,5.395121467130936654e-01
7.645599999999999952e+00,1.843847293488208638e+00
7.646399999999999864e+00,1.391913415355428452e+00
7.647200000000000664e+00,2.046613402333431697e+00
7.648000000000000576e+00,4.470815390325417193e-01
7.648800000000000487e+00,1.215524375099489074e+00
7.649600000000000399e+00,6.238781558638917257e-01
7.650400000000000311e+00,4.046198019236607046e-01
7.651200000000000223e+00,1.254168043310586622e+00
7.652000000000001023e+00,2.763947751625898119e-01
7.652800000000000935e+00,9.389005555739217412e-02
7.653600000000000847e+00,3.634667474057909353e-01
7.654400000000000759e+00,1.540145563443707122e+00
7.655200000000000671e+00,8.122285096687247019e-02
7.655999999999998806e+00,1.239938488903924885e+00
7.656799999999999606e+00,3.651755239399824826e-01
7.657599999999999518e+00,1.164598724965112853e+00
7.658399999999999430e+00,5.627879731727294249e-02
7.659199999999999342e+00,5.015319132169199223e-01
7.659999999999999254e+00,3.999876635127181390e-01
7.660799999999999166e+00,1.767051847669174780e+00
7.661599999999999966e+00,1.335815050078451804e+00
7.662399999999999878e+00,2.076893785222442279e+00
7.663199999999999790e+00,2.792734489468213788e-01
7.663999999999999702e+00,5.712010289244919686e-02
7.664799999999999613e+00,5.638071277484630883e-01
7.665599999999999525e+00,1.247463404548114996e+00
7.666400000000000325e+00,9.772062609071737738e-01
7.667200000000000237e+00,2.096681017033300787e+00
7.668000000000000149e+00,1.061774765882763427e+00
7.668800000000000061e+00,1.017975085437836213e+00
7.669599999999999973e+00,1.613519283777016700e+00
7.670399999999999885e+00,1.555284200859703203e+00
7.671200000000000685e+00,1.708465860972779415e+00
7.672000000000000597e+00,3.980833215526664026e-01
7.672800000000000509e+00,5.337343756122675531e-01
7.673600000000000421e+00,4.211237007447932723e-01
7.674400000000000333e+00,1.197406959051213304e+00
7.675200000000000244e+00,1.584034628650760723e+00
7.676000000000001044e+00,1.920867595604477174e+00
7.676800000000000956e+00,6.042695381775861074e-01
7.677600000000000868e+00,1.133677947882561821e+00
7.678399999999999004e+00,5.864956126526257862e-02
7.679199999999998916e+00,3.633233811192939644e-01
7.679999999999999716e+00,4.122074300543712710e-01
7.680799999999999628e+00,1.617581859684821044e+00
7.681599999999999540e+00,1.357806395765242202e+00
7.682399999999999451e+00,9.057333376667598968e-01
7.683199999999999363e+00,9.695894786956403555e-02
7.683999999999999275e+00,5.338219487667066332e-01
7.684800000000000075e+00,1.693814386652948145e-01
7.685599999999999987e+00,1.491201902178469929e+00
7.686399999999999899e+00,9.414068466242064837e-01
7.687199999999999811e+00,8.210386140924312848e-01
7.687999999999999723e+00,1.768098364469773975e-01
7.688799999999999635e+00,2.899368957613165376e-01
7.689600000000000435e+00,1.020620354451210465e+00
7.690400000000000347e+00,1.009246106665334208e+00
7.691200000000000259e+00,1.612335136122407198e+00
7.692000000000000171e+00,2.656344267314511010e-01
7.692800000000000082e+00,1.513669948549061228e-01
7.693599999999999994e+00,7.846257450187508198e-01
7.694400000000000794e+00,2.430000974958348436e-01
7.695200000000000706e+00,7.908570826433470868e-01
7.696000000000000618e+00,1.635628042535636428e+00
7.696800000000000530e+00,8.169600969119931166e-01
7.697600000000000442e+00,1.440148758164102150e+00
7.698400000000000354e+00,1.058242361913605267e-01
7.699200000000001154e+00,2.399375361347949598e-01
7.700000000000001066e+00,4.126001723022591494e-01
7.700799999999999201e+00,2.701783950911596399e+00
7.701599999999999113e+00,1.179189683620190721e+00
7.702399999999999025e+00,6.816106544245766230e+00
7.703199999999998937e+00,4.181150022279894962e+00
7.703999999999999737e+00,7.414177988067776504e+00
7.704799999999999649e+00,7.581064380200832176e+00
7.705599999999999561e+00,7.582327457324836928e+00
7.706399999999999473e+00,5.858725786715869965e+00
7.707199999999999385e+00,9.600669076876371832e+00
7.707999999999999297e+00,7.859096556711495651e+00
7.708800000000000097e+00,6.753654057658665444e+00
7.709600000000000009e+00,1.075731888092055932e+01
7.710399999999999920e+00,6.993269642218184146e+00
7.711199999999999832e+00,8.929304764409835116e+00
7.711999999999999744e+00,7.942536879380327264e+00
7.712799999999999656e+00,6.818837348063871318e+00
7.713600000000000456e+00,6.819396116656816886e+00
7.714400000000000368e+00,6.462446577484923793e+00
7.715200000000000280e+00,4.193612892761733768e+00
7.716000000000000192e+00,6.014846042200934662e+00
7.716800000000000104e+00,3.174764197935694643e+00
7.717600000000000016e+00,3.093401169135513662e+00
7.718400000000000816e+00,2.211695852851940813e+00
7.719200000000000728e+00,1.735733580784102115e+00
7.720000000000000639e+00,1.090575739181840031e+00
7.720800000000000551e+00,1.372272851883159284e+00
7.721600000000000463e+00,5.710957953048294566e-01
7.722400000000000375e+00,7.970674886413268156e-01
7.723199999999999399e+00,2.470814736649398491e-01
7.723999999999999311e+00,3.751607724104844693e-02
7.724799999999999223e+00,8.457810738217718116e-01
7.725599999999999135e+00,2.815835568979417336e-01
7.726399999999999046e+00,1.965867304792986214e+00
7.727199999999999847e+00,4.899461968551758195e-01
7.727999999999999758e+00,1.096590453885947003e+00
7.728799999999999670e+00,3.326344532886542082e-01
7.729599999999999582e+00,1.174102774893564849e+00
7.730399999999999494e+00,2.610682959414160731e+00
7.731199999999999406e+00,1.586255036389093487e+00
7.732000000000000206e+00,5.677086927868618682e-01
7.732800000000000118e+00,1.003424385303725463e+00
7.733600000000000030e+00,1.774700657747767529e+00
7.734399999999999942e+00,8.671135707511888890e-01
7.735199999999999854e+00,5.229283209274252497e-01
7.735999999999999766e+00,3.434666723831529822e+00
7.736800000000000566e+00,1.195343400584963023e+00
7.737600000000000477e+00,3.808533270479611321e+00
7.738400000000000389e+00,2.113264009143627664e+00
7.739200000000000301e+00,3.532887017541223251e+00
7.740000000000000213e+00,2.917790885478187768e+00
7.740800000000000125e+00,4.521592290227734345e+00
7.741600000000000925e+00,1.913570790794776988e+00
7.742400000000000837e+00,4.041445710774840272e+00
7.743200000000000749e+00,4.342485035877944100e+00
7.744000000000000661e+00,3.229404378073731596e+00
7.744800000000000573e+00,3.186855437905864896e+00
7.745599999999999596e+00,5.243740923686938338e+00
7.746399999999999508e+00,1.003900651371192998e+00
7.747199999999999420e+00,4.793810082642288251e+00
7.747999999999999332e+00,2.935138882201058674e+00
7.748799999999999244e+00,3.389562973405060742e+00
7.749599999999999156e+00,4.095841916264864935e+00
7.750399999999999956e+00,1.732882947801996698e+00
7.751199999999999868e+00,4.715972733202069556e+00
7.751999999999999780e+00,4.059774899179107166e+00
7.752799999999999692e+00,2.347626584369354230e+00
7.753599999999999604e+00,3.220838259532404546e+00
7.754399999999999515e+00,3.684303856595366966e+00
7.755200000000000315e+00,3.431652373202660478e+00
7.756000000000000227e+00,4.387236234701028081e+00
7.756800000000000139e+00,2.468497346962711614e+00
7.757600000000000051e+00,4.578281480076267229e+00
7.758399999999999963e+00,2.696928064576897377e+00
7.759199999999999875e+00,4.522407593971367490e+00
7.760000000000000675e+00,3.292926092688279294e+00
7.760800000000000587e+00,4.900540773826482344e+00
7.761600000000000499e+00,1.840188893488393207e+00
7.762400000000000411e+00,4.410917865174313057e+00
7.763200000000000323e+00,3.839062938300944694e+00
7.764000000000000234e+00,2.943032571359017968e+00
7.764800000000001035e+00,3.820439656313664223e+00
7.765600000000000946e+00,3.885100336983255520e+00
7.766400000000000858e+00,1.382815334162901033e+00
7.767200000000000770e+00,5.520019616733580214e+00
7.768000000000000682e+00,1.509007202236169798e+00
7.768799999999998818e+00,3.082070355756556967e+00
7.769599999999999618e+00,3.832479931965504072e+00
7.770399999999999530e+00,1.581403985678422053e-01
7.771199999999999442e+00,4.473238206754610147e+00
7.771999999999999353e+00,2.030913752189271282e+00
7.772799999999999265e+00,1.881338818313142758e+00
7.773599999999999177e+00,1.883622571590756634e+00
7.774399999999999977e+00,2.402510870510977448e+00
7.775199999999999889e+00,1.359599973620340130e+00
7.775999999999999801e+00,2.720536853798950716e+00
7.776799999999999713e+00,1.652827419145060706e+00
7.777599999999999625e+00,1.468661653225564967e+00
7.778399999999999537e+00,1.327230124414625623e+00
7.779200000000000337e+00,2.482798795110511936e+00
7.780000000000000249e+00,6.679950550002931031e-01
7.780800000000000161e+00,3.535084300742141306e+00
7.781600000000000072e+00,2.263584719729697381e-01
7.782399999999999984e+00,2.109391589348808438e+00
7.783199999999999896e+00,2.845531034116429048e+00
7.784000000000000696e+00,1.287743624567069034e+00
7.784800000000000608e+00,2.371231541902578233e+00
7.785600000000000520e+00,2.452646614331785102e+00
7.786400000000000432e+00,3.373287643133011104e-01
7.787200000000000344e+00,4.297282055918415722e+00
7.788000000000000256e+00,1.309981929475438456e+00
7.788800000000001056e+00,3.507568316442170708e+00
7.789600000000000968e+00,2.493299120868887719e+00
7.790400000000000880e+00,1.099847036341432327e+00
7.791199999999999015e+00,4.418105960727306325e+00
7.791999999999998927e+00,1.415762998562732911e+00
7.792799999999999727e+00,2.682308326915240571e+00
7.793599999999999639e+00,1.746898912313372687e+00
7.794399999999999551e+00,2.978856571801796083e+00
7.795199999999999463e+00,1.909930264005943901e+00
7.795999999999999375e+00,3.071073811177570168e+00
7.796799999999999287e+00,2.077077659603295157e+00
7.797600000000000087e+00,2.337799524079515745e+00
7.798399999999999999e+00,1.751746851649215619e+00
7.799199999999999910e+00,2.910170567815828946e+00
7.799999999999999822e+00,2.913081876086729416e-01
7.800799999999999734e+00,6.671492889138554983e-01
7.801599999999999646e+00,3.389475409319884669e+00
7.802400000000000446e+00,1.548256359437257590e+00
7.803200000000000358e+00,2.533006158261045027e+00
7.804000000000000270e+00,6.062693906664990529e+00
7.804800000000000182e+00,5.984264358296397468e+00
7.805600000000000094e+00,3.022655161709457694e+00
7.806400000000000006e+00,3.943059379347102489e+00
7.807200000000000806e+00,6.599527969042786602e+00
7.808000000000000718e+00,1.721856856956982318e+00
7.808800000000000630e+00,3.595043993829384554e+00
7.809600000000000541e+00,6.594542580267142462e+00
7.810400000000000453e+00,4.607740615289115382e+00
7.811200000000000365e+00,6.568388614105916012e+00
7.812000000000001165e+00,6.718008576995197600e+00
7.812800000000001077e+00,6.026808060561691605e+00
7.813599999999999213e+00,5.329311441392266424e+00
7.814399999999999125e+00,5.680258982050088612e+00
7.815199999999999037e+00,4.507210027771489713e+00
7.815999999999998948e+00,5.611116359405919241e+00
7.816799999999999748e+00,4.197045955973054632e+00
7.817599999999999660e+00,3.574074199840581834e+00
7.818399999999999572e+00,4.205970492706623709e+00
7.819199999999999484e+00,4.812771979342135076e+00
7.819999999999999396e+00,2.394175713765021918e+00
7.820799999999999308e+00,3.858138250164127481e+00
7.821600000000000108e+00,2.418667367010413904e-01
7.822400000000000020e+00,2.902622135099993450e+00
7.823199999999999932e+00,2.510471882908838381e+00
7.823999999999999844e+00,1.900665074454911396e+00
7.824799999999999756e+00,1.960000372889257658e+00
7.825599999999999667e+00,2.041915640943893440e+00
7.826400000000000468e+00,9.783853823384901505e-01
7.827200000000000379e+00,2.669239533998501113e+00
7.828000000000000291e+00,3.600922778477878561e-01
7.828800000000000203e+00,2.034197704498628578e+00
7.829600000000000115e+00,1.215621530486802326e+00
7.830400000000000027e+00,6.779142828951643107e-01
7.831200000000000827e+00,2.659209753875751758e+00
7.832000000000000739e+00,1.436615533387028520e+00
7.832800000000000651e+00,5.029742677413934215e-01
7.833600000000000563e+00,1.417446901265686732e+00
7.834400000000000475e+00,2.294313629872954952e+00
7.835200000000000387e+00,5.550467665300965470e-01
7.835999999999999410e+00,2.966549031800927327e+00
7.836799999999999322e+00,1.029277545832065321e+00
7.837599999999999234e+00,1.202173997966940133e+00
7.838399999999999146e+00,2.868977107062452347e+00
7.839199999999999058e+00,2.839710463029476273e+00
7.839999999999999858e+00,1.855269028891003202e+00
7.840799999999999770e+00,4.879037620543195786e+00
7.841599999999999682e+00,1.347422248702643821e-01
7.842399999999999594e+00,4.035386147413718483e+00
7.843199999999999505e+00,3.337164049660315879e+00
7.843999999999999417e+00,2.780001491196508301e+00
7.844800000000000217e+00,2.587644177666545531e+00
7.845600000000000129e+00,3.884532824388799543e+00
7.846400000000000041e+00,1.577104242465265038e+00
7.847199999999999953e+00,4.789682708750244267e+00
7.847999999999999865e+00,2.027816530810672813e+00
7.848799999999999777e+00,2.713186048540606077e+00
7.849600000000000577e+00,2.919705188366517934e+00
7.850400000000000489e+00,1.463354963543819443e+00
7.851200000000000401e+00,3.999476624778770084e+00
7.852000000000000313e+00,2.487655304316270577e+00
7.852800000000000225e+00,2.309515717521358980e+00
7.853600000000000136e+00,1.696150754605886490e+00
7.854400000000000936e+00,3.790986740957767331e+00
7.855200000000000848e+00,2.702177698157374852e+00
7.856000000000000760e+00,3.628452038882585828e+00
7.856800000000000672e+00,2.022334971396437808e+00
7.857600000000000584e+00,2.819018309059496907e+00
7.858399999999999608e+00,2.483597834228120860e+00
7.859199999999999520e+00,3.395597975812884695e+00
7.859999999999999432e+00,2.877002294710919283e+00
7.860799999999999343e+00,3.491519454954079116e+00
7.861599999999999255e+00,9.386298007405873278e-01
7.862399999999999167e+00,4.210737857688388708e+00
7.863199999999999967e+00,3.522145837324916595e+00
7.863999999999999879e+00,2.341855031105176455e+00
7.864799999999999791e+00,3.092424669415734684e+00
7.865599999999999703e+00,3.274220274690493149e+00
7.866399999999999615e+00,1.097098962339055239e+00
7.867199999999999527e+00,4.583641181416078680e+00
7.868000000000000327e+00,1.663592352523722839e+00
7.868800000000000239e+00,2.513633871390555719e+00
7.869600000000000151e+00,3.541841391466679312e+00
7.870400000000000063e+00,5.559244880424539792e-01
7.871199999999999974e+00,4.800916483851129790e+00
7.871999999999999886e+00,2.234559183900556079e+00
7.872800000000000686e+00,1.019478443749390673e+00
7.873600000000000598e+00,2.130157535646922895e+00
7.874400000000000510e+00,3.213205670445765882e+00
7.875200000000000422e+00,1.536874877693543473e+00
7.876000000000000334e+00,2.951915902389596003e+00
7.876800000000000246e+00,1.448383190628879102e+00
7.877600000000001046e+00,1.745139059370143908e+00
7.878400000000000958e+00,1.425056567069970193e+00
7.879200000000000870e+00,2.943984744577703427e+00
7.880000000000000782e+00,4.454026592700123244e-01
7.880800000000000693e+00,2.786256580949533657e+00
7.881599999999998829e+00,3.837177116735143723e-01
7.882399999999999629e+00,2.496738986108526959e+00
7.883199999999999541e+00,2.684277186465699572e+00
7.883999999999999453e+00,1.327902590187281184e+00
7.884799999999999365e+00,1.490872578518714686e+00
7.885599999999999277e+00,2.749308801385452306e+00
7.886399999999999189e+00,8.548929020817590541e-01
7.887199999999999989e+00,3.390708629252859652e+00
7.887999999999999901e+00,1.375299023673968835e+00
7.888799999999999812e+00,1.644667375304982304e+00
7.889599999999999724e+00,2.101814424908209133e+00
7.890399999999999636e+00,4.105992912504513037e-01
7.891199999999999548e+00,3.989726306354880236e+00
7.892000000000000348e+00,1.474507945258638264e+00
7.892800000000000260e+00,1.540056106192140950e+00
7.893600000000000172e+00,1.813216625121988335e+00
7.894400000000000084e+00,2.754357640722722600e+00
7.895199999999999996e+00,1.576830294977025204e+00
7.895999999999999908e+00,2.677148440324789824e+00
7.896800000000000708e+00,1.196869671010342140e+00
7.897600000000000620e+00,2.150326183892317555e+00
7.898400000000000531e+00,2.134033023612337931e+00
7.899200000000000443e+00,2.125865067788810236e+00
7.900000000000000355e+00,4.836631313794396148e-01
7.900800000000000267e+00,2.048373200637033653e-01
7.901600000000001067e+00,4.150774142117252374e+00
7.902400000000000979e+00,2.678941916607692431e+00
7.903200000000000891e+00,1.459290438108781673e+00
7.903999999999999027e+00,9.568230389031124883e-01
7.904799999999998938e+00,1.420315240834125747e+00
7.905599999999999739e+00,1.534267600449309654e+00
7.906399999999999650e+00,1.149368901600497095e+00
7.907199999999999562e+00,6.249309150466400009e-01
7.907999999999999474e+00,1.345965241994076411e+00
7.908799999999999386e+00,7.454885803919976128e-01
7.909599999999999298e+00,4.753747149637035929e-02
7.910400000000000098e+00,1.741022160779094330e+00
7.911200000000000010e+00,5.506351062179795086e-01
7.911999999999999922e+00,8.664223413223581804e-01
7.912799999999999834e+00,1.196690464648270558e+00
7.913599999999999746e+00,5.342137559806178215e-01
7.914399999999999658e+00,2.081210680009855984e+00
7.915200000000000458e+00,1.105270860989537585e-01
7.916000000000000369e+00,1.464488552329833659e+00
7.916800000000000281e+00,2.985711774583672540e-01
7.917600000000000193e+00,1.501098489768291078e+00
7.918400000000000105e+00,1.548427623050478763e+00
7.919200000000000017e+00,2.249468401772587889e+00
7.920000000000000817e+00,1.200325060746918027e+00
7.920800000000000729e+00,2.230547519469632256e+00
7.921600000000000641e+00,8.186797610268457814e-02
7.922400000000000553e+00,3.314050583657901505e+00
7.923200000000000465e+00,1.811481841219467759e+00
7.924000000000000377e+00,1.778958705075213143e+00
7.924800000000001177e+00,9.666876969813288367e-01
7.925600000000001089e+00,2.479381459112846020e+00
7.926399999999999224e+00,9.429053460331467962e-01
7.927199999999999136e+00,3.125804608983947297e+00
7.927999999999999048e+00,9.805058061221144650e-01
7.928799999999998960e+00,1.453405312864944898e+00
7.929599999999999760e+00,2.465682930445263654e+00
7.930399999999999672e+00,1.505214853215971482e-01
7.931199999999999584e+00,2.808465152662988906e+00
7.931999999999999496e+00,1.202499496674781732e+00
7.932799999999999407e+00,4.705584700874554938e-01
7.933599999999999319e+00,1.284534974111166683e+00
7.934400000000000119e+00,1.809555376635761048e+00
7.935200000000000031e+00,7.858608650130042284e-01
7.935999999999999943e+00,2.283416137384087996e+00
7.936799999999999855e+00,9.434553585093558015e-01
7.937599999999999767e+00,8.379838470465306166e-01
7.938399999999999679e+00,8.225788743940474212e-01
7.939200000000000479e+00,9.532047483426769885e-01
7.940000000000000391e+00,2.379820810774892770e-01
7.940800000000000303e+00,1.219928017728568514e+00
7.941600000000000215e+00,1.436675724971062662e+00
7.942400000000000126e+00,1.763906849299778923e+00
7.943200000000000038e+00,8.954410001550704434e-01
7.944000000000000838e+00,6.658875164864627716e-02
7.944800000000000750e+00,3.814337083054335220e-02
7.945600000000000662e+00,1.566463887545506362e+00
7.946400000000000574e+00,8.903929136926070909e-01
7.947200000000000486e+00,1.146644223223452386e+00
7.948000000000000398e+00,9.905969893881805266e-02
7.948799999999999422e+00,5.433761843371357481e-01
7.949599999999999334e+00,1.199230495492956017e+00
7.950399999999999245e+00,1.081991528054427665e+00
7.951199999999999157e+00,2.047039565196304256e+00
7.951999999999999069e+00,3.024540687414905560e-01
7.952799999999999869e+00,1.094448325928486954e+00
7.953599999999999781e+00,1.815018271708714603e-01
7.954399999999999693e+00,1.273800068132237451e+00
7.955199999999999605e+00,2.841642066657737095e-02
7.955999999999999517e+00,2.856350976994310176e-01
7.956799999999999429e+00,6.481144697750340633e-01
7.957600000000000229e+00,9.168787167397491888e-01
7.958400000000000141e+00,1.852225840788258027e-01
7.959200000000000053e+00,9.535912037190369395e-01
7.959999999999999964e+00,3.448124718328692828e-01
7.960799999999999876e+00,8.504133751178775125e-01
7.961599999999999788e+00,1.572395960213713861e+00
7.962400000000000588e+00,1.661189980116824172e+00
7.963200000000000500e+00,9.267638353338665258e-01
7.964000000000000412e+00,6.975799944549857523e-01
7.964800000000000324e+00,5.178147351710851165e-01
7.965600000000000236e+00,9.259277457293704217e-01
7.966400000000000148e+00,5.508730161630377431e-01
7.967200000000000948e+00,2.488573103836431599e+00
7.968000000000000860e+00,9.725253971527889618e-01
7.968800000000000772e+00,4.958141115191677106e-01
7.969600000000000684e+00,1.357357086848832939e+00
7.970400000000000595e+00,9.395865320946286126e-01
7.971199999999998731e+00,2.309461079069402789e+00
7.971999999999999531e+00,1.321472947053967395e-01
7.972799999999999443e+00,6.062211096525644827e-01
7.973599999999999355e+00,8.999727719650927327e-01
7.974399999999999267e+00,1.742794829568384385e+00
7.975199999999999179e+00,2.957955338090311193e-01
7.975999999999999091e+00,1.213564600572886176e+00
7.976799999999999891e+00,1.446508161532170655e-01
7.977599999999999802e+00,5.123158476751483725e-01
7.978399999999999714e+00,7.864883205331024696e-01
7.979199999999999626e+00,1.390560849479941519e+00
7.979999999999999538e+00,9.586171761956383541e-01
7.980799999999999450e+00,1.936763551071477130e+00
7.981600000000000250e+00,1.123162595545724507e+00
7.982400000000000162e+00,1.499774321729625770e+00
7.983200000000000074e+00,9.445374822798824344e-01
7.983999999999999986e+00,5.581759724321720961e-01
7.984799999999999898e+00,4.115976876843412124e-02
7.985599999999999810e+00,8.182604526135551781e-01
7.986400000000000610e+00,2.994094608327989016e-01
7.987200000000000522e+00,2.139554886815713708e+00
7.988000000000000433e+00,9.086369321441137847e-01
7.988800000000000345e+00,7.674780998445613900e-01
7.989600000000000257e+00,8.778749330175620313e-01
7.990400000000000169e+00,5.818294791611269279e-01
7.991200000000000969e+00,1.908220653307392212e+00
7.992000000000000881e+00,5.554584725058945294e-01
7.992800000000000793e+00,1.795148437687512921e-01
7.993599999999998929e+00,5.670198923027680582e-01
7.994399999999998840e+00,9.037320988382280262e-01
7.995199999999999640e+00,3.494793101851217387e-01
7.995999999999999552e+00,1.068008639213747335e+00
7.996799999999999464e+00,8.788971817407789100e-01
7.997599999999999376e+00,9.548706592542479665e-01
7.998399999999999288e+00,5.166929023388076858e-02
7.999199999999999200e+00,7.445806231341864923e-01
8.000000000000000000e+00,2.265986779134665952e+00
8.000799999999999912e+00,2.660827724242467607e+00
8.001599999999999824e+00,6.848350595718340372e+00
8.002399999999999736e+00,4.072607279500974897e+00
8.003199999999999648e+00,8.645462101620244866e+00
8.003999999999999559e+00,1.023656364145387521e+01
8.004799999999999471e+00,1.055756391446865905e+01
8.005599999999999383e+00,1.058665825591799781e+01
8.006399999999999295e+00,1.511944903987591182e+01
8.007200000000000983e+00,1.050149412990363373e+01
8.008000000000000895e+00,1.371778847850496064e+01
8.008800000000000807e+00,1.433234206248653919e+01
8.009600000000000719e+00,1.217041061922198075e+01
8.010400000000000631e+00,1.420387898256825743e+01
8.011200000000000543e+00,1.204677744129467420e+01
8.012000000000000455e+00,1.222264167803970203e+01
8.012800000000000367e+00,1.351175338110704693e+01
8.013600000000000279e+00,1.059193653878211094e+01
8.014400000000000190e+00,8.224089292321171030e+00
8.015200000000000102e+00,9.382424313915095127e+00
8.016000000000000014e+00,7.038359139368039585e+00
8.016799999999999926e+00,6.291529443343036654e+00
8.017599999999999838e+00,3.732448285123996179e+00
8.018399999999999750e+00,3.886421703610634548e+00
8.019199999999999662e+00,1.148815006478398848e+00
8.019999999999999574e+00,2.428193588730316765e+00
8.020799999999999486e+00,3.408213453945446725e-01
8.021599999999999397e+00,1.293157643325550721e+00
8.022399999999999309e+00,1.737494120659472063e+00
8.023199999999999221e+00,9.542046743826029243e-01
8.023999999999999133e+00,8.373693342649861648e-01
8.024799999999999045e+00,9.869813447386872607e-01
8.025600000000000733e+00,2.777676992258156119e+00
8.026400000000000645e+00,5.780239104318882770e-01
8.027200000000000557e+00,3.186802125069597924e+00
8.028000000000000469e+00,5.108550573857226773e-01
8.028800000000000381e+00,1.405002680754605660e+00
8.029600000000000293e+00,2.940031895860804045e+00
8.030400000000000205e+00,1.387574963807441497e+00
8.031200000000000117e+00,2.687101051613006497e+00
8.032000000000000028e+00,5.127598702781129836e-01
8.032799999999999940e+00,1.538327307146220901e+00
8.033599999999999852e+00,3.365248223173422093e-01
8.034399999999999764e+00,1.059988773717757349e+00
8.035200000000001452e+00,3.252325653327313049e+00
8.036000000000001364e+00,2.258027662396769664e+00
8.036800000000001276e+00,4.671027140704812730e+00
8.037600000000001188e+00,3.008017565626937007e+00
8.038400000000001100e+00,4.448517722680138675e+00
8.039199999999999235e+00,3.983168063502747547e+00
8.039999999999999147e+00,6.552554769123229761e+00
8.040799999999999059e+00,3.899207543893970840e+00
8.041599999999998971e+00,6.837959744753642433e+00
8.042399999999998883e+00,4.948340728239115194e+00
8.043199999999998795e+00,4.839137717047895748e+00
8.043999999999998707e+00,6.871544549396264578e+00
8.044800000000000395e+00,6.407060719257034798e+00
8.045600000000000307e+00,4.012148900687230402e+00
8.046400000000000219e+00,7.377496731859201518e+00
8.047200000000000131e+00,3.950095921529407583e+00
8.048000000000000043e+00,6.454255667684921427e+00
8.048799999999999955e+00,5.132796818803409877e+00
8.049599999999999866e+00,4.384429295127924675e+00
8.050399999999999778e+00,6.592538902149938096e+00
8.051199999999999690e+00,4.146561728297417204e+00
8.051999999999999602e+00,5.612977918297191948e+00
8.052799999999999514e+00,6.103450974922786543e+00
8.053599999999999426e+00,5.455391651660029595e+00
8.054400000000001114e+00,4.573962337843756387e+00
8.055200000000001026e+00,5.488410037490431215e+00
8.056000000000000938e+00,5.499887762831709992e+00
8.056800000000000850e+00,6.475818339764337850e+00
8.057600000000000762e+00,5.352495940319738743e+00
8.058400000000000674e+00,5.897959725517051055e+00
8.059200000000000585e+00,5.540412829346148982e+00
8.060000000000000497e+00,6.623646221788558108e+00
8.060800000000000409e+00,4.389122272451583484e+00
8.061599999999998545e+00,7.360238834532369268e+00
8.062399999999998457e+00,3.964908762567000977e+00
8.063200000000000145e+00,6.002678873893968259e+00
8.064000000000000057e+00,6.414900196481675643e+00
8.064799999999999969e+00,4.912317411637237008e+00
8.065599999999999881e+00,5.126622351593518090e+00
8.066399999999999793e+00,6.371813076379585716e+00
8.067199999999999704e+00,3.070791889618377457e+00
8.067999999999999616e+00,6.354654075430266502e+00
8.068799999999999528e+00,4.197449066633469172e+00
8.069599999999999440e+00,3.024433627785882983e+00
8.070399999999999352e+00,5.650153528005399828e+00
8.071199999999999264e+00,2.306624064411099795e+00
8.071999999999999176e+00,4.063987057401154956e+00
8.072800000000000864e+00,4.496474193844093747e+00
8.073600000000000776e+00,2.946509013082196038e+00
8.074400000000000688e+00,1.834106837569840609e+00
8.075200000000000600e+00,4.479208941429401847e+00
8.076000000000000512e+00,2.031406599786582667e+00
8.076800000000000423e+00,2.618909066536852848e+00
8.077600000000000335e+00,2.635825668586315729e+00
8.078400000000000247e+00,2.347077584236587189e+00
8.079200000000000159e+00,2.538451789899396349e+00
8.080000000000000071e+00,4.157635204634344106e+00
8.080799999999999983e+00,1.557784304730243319e+00
8.081599999999999895e+00,4.434159196969240213e+00
8.082400000000001583e+00,1.437096939542213958e+00
8.083200000000001495e+00,3.271628273067069159e+00
8.083999999999999631e+00,3.134508397516037270e+00
8.084799999999999542e+00,3.723537656648213456e+00
8.085599999999999454e+00,2.462514377476312077e+00
8.086399999999999366e+00,4.830684274496066521e+00
8.087199999999999278e+00,3.117477907955291894e+00
8.087999999999999190e+00,4.767943522214453722e+00
8.088799999999999102e+00,3.807688537542997409e+00
8.089599999999999014e+00,3.091680339566535984e+00
8.090399999999998926e+00,5.048427499862111922e+00
8.091199999999998838e+00,2.856755713920726691e+00
8.092000000000000526e+00,4.577777559980528821e+00
8.092800000000000438e+00,4.596795138302462114e+00
8.093600000000000350e+00,4.261046025333610210e+00
8.094400000000000261e+00,2.919154619009386664e+00
8.095200000000000173e+00,5.672822523082738044e+00
8.096000000000000085e+00,3.260617887851735119e+00
8.096799999999999997e+00,4.571337365652108353e+00
8.097599999999999909e+00,3.086961497061879278e+00
8.098399999999999821e+00,3.798700472010084983e+00
8.099199999999999733e+00,3.857768706843704098e+00
8.099999999999999645e+00,4.397315117554382979e+00
8.100799999999999557e+00,3.407421888633681561e+00
8.101600000000001245e+00,7.459469650769199767e+00
8.102400000000001157e+00,1.099747767947038035e+01
8.103200000000001069e+00,1.541988808759157692e+01
8.104000000000000981e+00,1.930244032817997990e+01
8.104800000000000892e+00,1.751256549202552293e+01
8.105600000000000804e+00,1.583663871960403746e+01
8.106399999999998940e+00,2.022083643789564888e+01
8.107199999999998852e+00,1.667827689838166449e+01
8.107999999999998764e+00,1.996631135867920648e+01
8.108799999999998676e+00,1.973995645781652186e+01
8.109599999999998587e+00,2.000501743107492203e+01
8.110400000000000276e+00,2.233660593006045048e+01
8.111200000000000188e+00,1.952041485740708993e+01
8.112000000000000099e+00,1.806561329642223868e+01
8.112800000000000011e+00,1.848339715110775572e+01
8.113599999999999923e+00,1.614405678893584195e+01
8.114399999999999835e+00,1.276135280750589196e+01
8.115199999999999747e+00,1.433980951026217099e+01
8.115999999999999659e+00,1.125003877319544188e+01
8.116799999999999571e+00,9.728368701915270478e+00
8.117599999999999483e+00,8.693660839480122249e+00
8.118399999999999395e+00,7.318848002210474490e+00
8.119199999999999307e+00,5.587389874416405000e+00
8.120000000000000995e+00,5.864575771841119334e+00
8.120800000000000907e+00,2.084326982462542333e+00
8.121600000000000819e+00,4.120511408592487435e+00
8.122400000000000730e+00,9.391223775709105492e-01
8.123200000000000642e+00,2.799237920954709580e+00
8.124000000000000554e+00,1.864436984369986394e+00
8.124800000000000466e+00,1.272093082323762614e+00
8.125600000000000378e+00,1.535660863399203269e+00
8.126400000000000290e+00,1.454693166401426652e+00
8.127200000000000202e+00,1.866399272285948763e-01
8.128000000000000114e+00,2.233558626453590712e+00
8.128800000000000026e+00,3.854778198821233182e-01
8.129599999999999937e+00,8.499984510478962862e-01
8.130399999999999849e+00,3.311458869632928348e+00
8.131199999999999761e+00,1.202312307859110918e+00
8.131999999999999673e+00,3.608012569661028568e+00
8.132799999999999585e+00,4.159667040106537428e+00
8.133599999999999497e+00,4.150831270713330134e+00
8.134399999999999409e+00,4.038345276788716021e+00
8.135199999999999321e+00,7.030441301679760890e+00
8.135999999999999233e+00,5.888656022125957179e+00
8.136799999999999145e+00,6.685700137519948960e+00
8.137599999999999056e+00,8.652994924803925514e+00
8.138400000000000745e+00,8.511156590272268119e+00
8.139200000000000657e+00,9.776447453852071590e+00
8.140000000000000568e+00,1.091259025666630045e+01
8.140800000000000480e+00,7.498324348961488361e+00
8.141600000000000392e+00,1.236426809306091457e+01
8.142400000000000304e+00,8.416252397168385357e+00
8.143200000000000216e+00,9.480522317502217078e+00
8.144000000000000128e+00,1.087242286334610775e+01
8.144800000000000040e+00,9.368690444515918259e+00
8.145599999999999952e+00,9.162933412509346454e+00
8.146399999999999864e+00,1.084201637783419692e+01
8.147199999999999775e+00,8.806478076162632007e+00
8.148000000000001464e+00,1.036869635055381877e+01
8.148800000000001376e+00,8.462808821670721571e+00
8.149600000000001288e+00,9.457259076357537708e+00
8.150400000000001199e+00,9.955382127202049958e+00
8.151200000000001111e+00,7.718842354367716929e+00
8.151999999999999247e+00,9.385969136961511694e+00
8.152799999999999159e+00,9.379890509499356099e+00
8.153599999999999071e+00,1.010854299449132299e+01
8.154399999999998983e+00,8.227331114505467724e+00
8.155199999999998894e+00,1.001981596376887396e+01
8.155999999999998806e+00,8.693525668752958069e+00
8.156799999999998718e+00,9.414987779807109547e+00
8.157600000000000406e+00,9.465411406881846901e+00
8.158400000000000318e+00,9.973201367701268083e+00
8.159200000000000230e+00,9.546183767836140532e+00
8.160000000000000142e+00,1.040309638115953739e+01
8.160800000000000054e+00,8.353808161573857305e+00
8.161599999999999966e+00,1.208291259366846582e+01
8.162399999999999878e+00,8.143643707177597335e+00
8.163199999999999790e+00,1.002833318208806190e+01
8.163999999999999702e+00,9.698110988098800789e+00
8.164799999999999613e+00,9.123534094267107264e+00
8.165599999999999525e+00,8.245780214062467195e+00
8.166399999999999437e+00,1.005391239732371034e+01
8.167200000000001125e+00,6.930899284231163193e+00
8.168000000000001037e+00,9.703220932213476146e+00
8.168800000000000949e+00,7.902442132571976252e+00
8.169600000000000861e+00,6.018532420766698365e+00
8.170400000000000773e+00,1.000217317011642848e+01
8.171200000000000685e+00,5.385259482683939503e+00
8.172000000000000597e+00,6.638122777530679919e+00
8.172800000000000509e+00,7.214635237959955205e+00
8.173600000000000421e+00,6.142203633484809799e+00
8.174399999999998556e+00,5.543233978354359159e+00
8.175199999999998468e+00,7.418115672911064884e+00
8.176000000000000156e+00,4.652616278134599881e+00
8.176800000000000068e+00,6.119770939561820278e+00
8.177599999999999980e+00,5.116100442293859629e+00
8.178399999999999892e+00,6.300118355135873038e+00
8.179199999999999804e+00,4.957295956610559884e+00
8.179999999999999716e+00,7.035672904029523167e+00
8.180799999999999628e+00,4.492449433397456282e+00
8.181599999999999540e+00,7.179606131294188565e+00
8.182399999999999451e+00,5.972251151203431974e+00
8.183199999999999363e+00,6.069056284850601557e+00
8.183999999999999275e+00,6.815527077381473120e+00
8.184799999999999187e+00,7.098837096157093463e+00
8.185600000000000875e+00,5.261489870571064209e+00
8.186400000000000787e+00,8.568218620912894323e+00
8.187200000000000699e+00,5.656281050864293114e+00
8.188000000000000611e+00,7.481742587330793448e+00
8.188800000000000523e+00,7.110972164692782371e+00
8.189600000000000435e+00,5.920830092328482230e+00
8.190400000000000347e+00,9.320526498681548588e+00
8.191200000000000259e+00,5.868277472589133126e+00
8.192000000000000171e+00,7.564011493525819141e+00
8.192800000000000082e+00,7.734249782524573291e+00
8.193599999999999994e+00,6.462090962597510035e+00
8.194399999999999906e+00,7.983514902838178884e+00
8.195200000000001594e+00,7.776082806275082859e+00
8.196000000000001506e+00,6.233209807216214315e+00
8.196799999999999642e+00,8.215561513409921801e+00
8.197599999999999554e+00,5.529657810551852570e+00
8.198399999999999466e+00,8.070820937988166577e+00
8.199199999999999378e+00,6.134006661309598485e+00
8.199999999999999289e+00,7.168084655918475434e+00
8.200799999999999201e+00,7.524582682107553211e+00
8.201599999999999113e+00,1.174366951055853647e+01
8.202399999999999025e+00,1.095397898339429155e+01
8.203199999999998937e+00,1.082344079350468569e+01
8.203999999999998849e+00,1.417424012719184567e+01
8.204800000000000537e+00,1.241089678185230660e+01
8.205600000000000449e+00,9.046476505254775091e+00
8.206400000000000361e+00,1.630160705518856545e+01
8.207200000000000273e+00,1.243300947961781588e+01
8.208000000000000185e+00,1.450224767395406289e+01
8.208800000000000097e+00,1.459854818442470759e+01
8.209600000000000009e+00,1.344473142185747605e+01
8.210399999999999920e+00,1.607840936390265441e+01
8.211199999999999832e+00,1.195642888038254625e+01
8.211999999999999744e+00,1.203903859097216511e+01
8.212799999999999656e+00,1.295680809999488758e+01
8.213599999999999568e+00,1.119704457523209129e+01
8.214400000000001256e+00,9.699126761600428637e+00
8.215200000000001168e+00,1.044754731656940727e+01
8.216000000000001080e+00,8.908688828024411421e+00
8.216800000000000992e+00,8.062317637473110921e+00
8.217600000000000904e+00,6.085417892823945074e+00
8.218400000000000816e+00,8.145347545913233844e+00
8.219199999999998951e+00,5.178565396329807058e+00
8.219999999999998863e+00,6.276527524317337736e+00
8.220799999999998775e+00,5.067887894236610791e+00
8.221599999999998687e+00,6.732039952230092439e+00
8.222399999999998599e+00,5.264630674663375309e+00
8.223200000000000287e+00,5.036145458444712730e+00
8.224000000000000199e+00,5.822229937913569131e+00
8.224800000000000111e+00,4.385026967149779686e+00
8.225600000000000023e+00,4.095397403258845159e+00
8.226399999999999935e+00,6.134551955374243803e+00
8.227199999999999847e+00,3.204297203740218425e+00
8.227999999999999758e+00,5.641935201124941734e+00
8.228799999999999670e+00,4.943858294215863758e+00
8.229599999999999582e+00,3.992771178707361646e+00
8.230399999999999494e+00,7.657866881187482377e+00
8.231199999999999406e+00,3.622299493685533278e+00
8.231999999999999318e+00,5.479830950421137992e+00
8.232800000000001006e+00,7.198799229949048417e+00
8.233600000000000918e+00,5.918168074482301755e+00
8.234400000000000830e+00,7.177768398961177354e+00
8.235200000000000742e+00,9.066518019860282607e+00
8.236000000000000654e+00,6.243998198765552843e+00
8.236800000000000566e+00,8.975621995650717722e+00
8.237600000000000477e+00,7.574453776413769823e+00
8.238400000000000389e+00,8.680914111602874073e+00
8.239200000000000301e+00,8.420401119316698768e+00
8.240000000000000213e+00,9.040450403521766987e+00
8.240800000000000125e+00,7.303167757452175834e+00
8.241600000000000037e+00,1.060660187625626527e+01
8.242399999999999949e+00,7.820515401318815840e+00
8.243199999999999861e+00,8.447066689427940034e+00
8.243999999999999773e+00,8.685921379218223493e+00
8.244799999999999685e+00,9.343636348348736576e+00
8.245599999999999596e+00,6.825725904377242692e+00
8.246399999999999508e+00,1.096506347712508322e+01
8.247199999999999420e+00,6.548155039590836779e+00
8.247999999999999332e+00,8.966167247778821903e+00
8.248799999999999244e+00,7.954444747288619944e+00
8.249599999999999156e+00,7.412423577893350490e+00
8.250399999999999068e+00,9.844654227808389280e+00
8.251200000000000756e+00,6.042406596616428871e+00
8.252000000000000668e+00,7.521903100972242129e+00
8.252800000000000580e+00,8.749714991585850754e+00
8.253600000000000492e+00,8.521530638008071534e+00
8.254400000000000404e+00,7.387097785855617715e+00
8.255200000000000315e+00,8.284610235304022297e+00
8.256000000000000227e+00,7.560567008924809151e+00
8.256800000000000139e+00,8.901146582213414149e+00
8.257600000000000051e+00,7.910690680888795789e+00
8.258399999999999963e+00,9.776194508846053566e+00
8.259199999999999875e+00,7.608297274420797507e+00
8.259999999999999787e+00,8.726622359472479218e+00
8.260800000000001475e+00,6.522955898224565452e+00
8.261600000000001387e+00,9.983619070589888622e+00
8.262400000000001299e+00,7.174962467119512688e+00
8.263200000000001211e+00,7.600472442676711182e+00
8.264000000000001123e+00,8.304332558433454636e+00
8.264799999999999258e+00,7.674440127690899338e+00
8.265599999999999170e+00,7.507405185625270150e+00
8.266399999999999082e+00,9.233495955165409441e+00
8.267199999999998994e+00,5.558657682412492917e+00
8.267999999999998906e+00,8.665716633609779507e+00
8.268799999999998818e+00,6.754369698621468743e+00
8.269599999999998730e+00,5.829523376192870643e+00
8.270400000000000418e+00,9.107988275497287844e+00
8.271200000000000330e+00,4.883614986303932426e+00
8.272000000000000242e+00,6.459880560652930370e+00
8.272800000000000153e+00,7.071560237583387476e+00
8.273600000000000065e+00,6.501941694398559513e+00
8.274399999999999977e+00,5.141389405568507875e+00
8.275199999999999889e+00,7.511684726756014285e+00
8.275999999999999801e+00,5.038152298243973704e+00
8.276799999999999713e+00,5.726676252423039237e+00
8.277599999999999625e+00,6.765438140466470074e+00
8.278399999999999537e+00,5.923159610945727849e+00
8.279199999999999449e+00,5.491435182078942212e+00
8.280000000000001137e+00,7.609972121910117515e+00
8.280800000000001049e+00,4.473327541354394477e+00
8.281600000000000961e+00,8.349290087716632058e+00
8.282400000000000873e+00,5.377633821513081891e+00
8.283200000000000784e+00,5.644062759880879909e+00
8.284000000000000696e+00,6.302934740731458874e+00
8.284800000000000608e+00,6.335695789869274286e+00
8.285600000000000520e+00,6.417160953354607678e+00
8.286400000000000432e+00,7.743251566000836306e+00
8.287199999999998568e+00,5.640846440519798222e+00
8.287999999999998479e+00,7.518641016942187782e+00
8.288800000000000168e+00,5.828929254866977772e+00
8.289600000000000080e+00,7.368412132523306290e+00
8.290399999999999991e+00,7.248115245114367333e+00
8.291199999999999903e+00,5.175606674646092920e+00
8.291999999999999815e+00,6.789604913999848890e+00
8.292799999999999727e+00,6.388001808044244001e+00
8.293599999999999639e+00,7.542176846784427013e+00
8.294399999999999551e+00,5.755236619088414329e+00
8.295199999999999463e+00,7.635458290856997010e+00
8.295999999999999375e+00,4.941465110759688528e+00
8.296799999999999287e+00,6.997157483263938715e+00
8.297599999999999199e+00,5.781357780371797261e+00
8.298400000000000887e+00,6.232469245674657543e+00
8.299200000000000799e+00,5.649450517937814276e+00
8.300000000000000711e+00,5.822352151431505085e+00
8.300800000000000622e+00,4.178896859697943889e+00
8.301600000000000534e+00,8.587490526333041885e+00
8.302400000000000446e+00,1.075556942263748184e+01
8.303200000000000358e+00,1.535878071948408952e+01
8.304000000000000270e+00,2.496415927158184900e+01
8.304800000000000182e+00,2.493806140008551253e+01
8.305600000000000094e+00,1.875040719009438561e+01
8.306400000000000006e+00,2.212509861913319398e+01
8.307199999999999918e+00,2.029995159624102641e+01
8.308000000000001606e+00,2.095640308579143252e+01
8.308800000000001518e+00,2.077265135039409572e+01
8.309599999999999653e+00,2.449829743360808720e+01
8.310399999999999565e+00,2.761698049511737452e+01
8.311199999999999477e+00,2.295171436733579995e+01
8.311999999999999389e+00,2.070194989360518179e+01
8.312799999999999301e+00,2.303943123373767676e+01
8.313599999999999213e+00,2.050638985589575825e+01
8.314399999999999125e+00,1.593637712501317871e+01
8.315199999999999037e+00,1.686275173920823534e+01
8.315999999999998948e+00,1.448986572925683980e+01
8.316799999999998860e+00,1.271079081046644177e+01
8.317600000000000549e+00,1.100850019503975652e+01
8.318400000000000460e+00,1.033647009143145468e+01
8.319200000000000372e+00,8.907505650498883654e+00
8.320000000000000284e+00,6.956589914758774640e+00
8.320800000000000196e+00,4.918332343246754945e+00
8.321600000000000108e+00,6.677091793933284336e+00
8.322400000000000020e+00,3.328203751843457514e+00
8.323199999999999932e+00,4.838381308345423015e+00
8.323999999999999844e+00,4.077615984332529031e+00
8.324799999999999756e+00,4.615680380986760589e+00
8.325599999999999667e+00,3.086401755616964060e+00
8.326399999999999579e+00,4.457710230015500485e+00
8.327200000000001268e+00,1.610153381907712733e+00
8.328000000000001180e+00,3.448877161068510500e+00
8.328800000000001091e+00,3.181709873149921375e+00
8.329600000000001003e+00,2.835393944651263709e+00
8.330400000000000915e+00,5.755619371104624626e+00
8.331200000000000827e+00,3.427640433832582989e+00
8.331999999999998963e+00,4.824407367451166273e+00
8.332799999999998875e+00,7.101237233780762104e+00
8.333599999999998786e+00,6.262743074661269560e+00
8.334399999999998698e+00,6.590396812846515573e+00
8.335199999999998610e+00,9.032238458343966769e+00
8.336000000000000298e+00,7.150358442389625147e+00
8.336800000000000210e+00,1.103516205993031818e+01
8.337600000000000122e+00,1.013309450987877547e+01
8.338400000000000034e+00,1.099537491440795023e+01
8.339199999999999946e+00,1.159811451552314665e+01
8.339999999999999858e+00,1.280998163518959387e+01
8.340799999999999770e+00,1.110595132089498982e+01
8.341599999999999682e+00,1.438634801165898836e+01
8.342399999999999594e+00,1.198837824576254185e+01
8.343199999999999505e+00,1.192969246541887607e+01
8.343999999999999417e+00,1.181355461328322853e+01
8.344799999999999329e+00,1.373521902254992888e+01
8.345600000000001017e+00,1.157885510354434366e+01
8.346400000000000929e+00,1.441787282280825977e+01
8.347200000000000841e+00,1.074123441480386987e+01
8.348000000000000753e+00,1.207355522915378288e+01
8.348800000000000665e+00,1.190617182252915107e+01
8.349600000000000577e+00,1.051912889699434572e+01
8.350400000000000489e+00,1.270797755874594515e+01
8.351200000000000401e+00,9.546451980876600629e+00
8.352000000000000313e+00,1.126081332987166128e+01
8.352800000000000225e+00,1.292404579889882221e+01
8.353600000000000136e+00,1.251046911279258467e+01
8.354399999999998272e+00,1.045457516043201274e+01
8.355199999999999960e+00,1.210940894154156666e+01
8.355999999999999872e+00,1.084184394176031851e+01
8.356799999999999784e+00,1.303788570532657687e+01
8.357599999999999696e+00,1.118288392741040127e+01
8.358399999999999608e+00,1.272596563333542008e+01
8.359199999999999520e+00,1.123488136488551881e+01
8.359999999999999432e+00,1.214007229139772726e+01
8.360799999999999343e+00,1.138912949880779202e+01
8.361599999999999255e+00,1.360638068678754387e+01
8.362399999999999167e+00,1.100239566629201171e+01
8.363199999999999079e+00,1.113633099035362406e+01
8.364000000000000767e+00,1.164270780815399853e+01
8.364800000000000679e+00,1.150758518466293268e+01
8.365600000000000591e+00,1.087643547966383295e+01
8.366400000000000503e+00,1.276515047882248766e+01
8.367200000000000415e+00,9.026044623960311597e+00
8.368000000000000327e+00,1.176659514650287619e+01
8.368800000000000239e+00,1.099702834295324827e+01
8.369600000000000151e+00,8.547462438757101211e+00
8.370400000000000063e+00,1.187896635452703364e+01
8.371199999999999974e+00,6.936189857806463799e+00
8.371999999999999886e+00,9.049368985278771760e+00
8.372799999999999798e+00,1.015176331193024595e+01
8.373600000000001486e+00,8.481874806384437804e+00
8.374400000000001398e+00,7.718558277984407745e+00
8.375200000000001310e+00,8.824262717169613524e+00
8.376000000000001222e+00,6.946403235625889572e+00
8.376800000000001134e+00,8.261276541330460077e+00
8.377599999999999270e+00,7.818336805179292526e+00
8.378399999999999181e+00,7.619456309575586950e+00
8.379199999999999093e+00,6.786024830613595960e+00
8.379999999999999005e+00,8.211796429865472646e+00
8.380799999999998917e+00,6.689950614755059810e+00
8.381599999999998829e+00,9.499102598678339504e+00
8.382399999999998741e+00,6.819217465427080960e+00
8.383200000000000429e+00,7.630749367639606540e+00
8.384000000000000341e+00,8.209828917782441948e+00
8.384800000000000253e+00,9.136464716098881667e+00
8.385600000000000165e+00,7.713633630628224935e+00
8.386400000000000077e+00,9.929619714121768581e+00
8.387199999999999989e+00,7.314808591171505725e+00
8.387999999999999901e+00,9.236954060263437682e+00
8.388799999999999812e+00,9.670783249000885817e+00
8.389599999999999724e+00,8.500253090902688768e+00
8.390399999999999636e+00,1.031245076085162893e+01
8.391199999999999548e+00,7.593440120524179271e+00
8.391999999999999460e+00,9.017918300785215280e+00
8.392800000000001148e+00,1.043429454984062943e+01
8.393600000000001060e+00,9.397974422469884459e+00
8.394400000000000972e+00,8.684401048884319962e+00
8.395200000000000884e+00,9.377122305605965380e+00
8.396000000000000796e+00,7.679326739518302247e+00
8.396800000000000708e+00,1.023732680228683378e+01
8.397600000000000620e+00,7.796663049840775628e+00
8.398400000000000531e+00,8.416213382536756882e+00
8.399200000000000443e+00,8.134493376593249891e+00
8.399999999999998579e+00,7.481937824468507081e+00
8.400799999999998491e+00,4.853831922089391959e+00
8.401600000000000179e+00,4.771612396724354888e+00
8.402400000000000091e+00,4.675375983832105731e-01
8.403200000000000003e+00,3.541902275250953469e+00
8.403999999999999915e+00,3.021942575726283220e+00
8.404799999999999827e+00,2.517673748878431539e+00
8.405599999999999739e+00,1.015735686027098739e+00
8.406399999999999650e+00,4.795787741645862745e+00
8.407199999999999562e+00,6.712588723999453055e-01
8.407999999999999474e+00,1.830086809140442083e+00
8.408799999999999386e+00,2.584327252583427104e+00
8.409599999999999298e+00,8.779101721647790679e-01
8.410399999999999210e+00,2.460679167210911178e+00
8.411200000000000898e+00,5.881130025046853449e-01
8.412000000000000810e+00,8.356349300951692038e-01
8.412800000000000722e+00,4.085592653881151115e+00
8.413600000000000634e+00,2.837268403942664996e+00
8.414400000000000546e+00,1.462514575584898502e+00
8.415200000000000458e+00,4.909594864910996392e+00
8.416000000000000369e+00,3.301351095003246083e+00
8.416800000000000281e+00,5.283428796785069714e+00
8.417600000000000193e+00,4.789521255372311437e+00
8.418400000000000105e+00,5.897177520806033080e+00
8.419200000000000017e+00,6.489781393923522046e+00
8.419999999999999929e+00,6.579525361920895321e+00
8.420800000000001617e+00,7.310788870325816369e+00
8.421600000000001529e+00,8.822719072457459788e+00
8.422399999999999665e+00,5.919356864403437335e+00
8.423199999999999577e+00,7.894436913577838943e+00
8.423999999999999488e+00,6.469868360754362335e+00
8.424799999999999400e+00,8.672380517844622716e+00
8.425599999999999312e+00,6.804337329434726911e+00
8.426399999999999224e+00,8.690364526759742247e+00
8.427199999999999136e+00,6.474938565787123679e+00
8.427999999999999048e+00,8.261442629133751936e+00
8.428799999999998960e+00,8.397904571738772361e+00
8.429599999999998872e+00,6.472977547549000121e+00
8.430400000000000560e+00,8.670694100547036598e+00
8.431200000000000472e+00,5.741388173742126178e+00
8.432000000000000384e+00,6.229814300900170743e+00
8.432800000000000296e+00,8.346092733860372093e+00
8.433600000000000207e+00,5.672527388259693382e+00
8.434400000000000119e+00,5.284340994720126083e+00
8.435200000000000031e+00,7.263132516671131356e+00
8.435999999999999943e+00,3.335499028307000291e+00
8.436799999999999855e+00,7.099001194343965260e+00
8.437599999999999767e+00,4.346018333140762913e+00
8.438399999999999679e+00,4.686146771965595370e+00
8.439199999999999591e+00,4.300409339703850975e+00
8.440000000000001279e+00,4.847852978786459488e+00
8.440800000000001191e+00,4.137016268202099667e+00
8.441600000000001103e+00,5.779531770811686897e+00
8.442400000000001015e+00,3.137527357346728163e+00
8.443200000000000927e+00,3.713638242187208949e+00
8.444000000000000838e+00,4.311887173292869413e+00
8.444799999999998974e+00,4.905765486275647014e+00
8.445599999999998886e+00,2.065634106139732751e+00
8.446399999999998798e+00,5.633674524321967247e+00
8.447199999999998710e+00,2.422990234890832095e+00
8.447999999999998622e+00,4.018864457965042547e+00
8.448800000000000310e+00,4.925914610094499935e+00
8.449600000000000222e+00,2.967976284180875446e+00
8.450400000000000134e+00,5.311537745670567467e+00
8.451200000000000045e+00,2.205107166899817894e+00
8.451999999999999957e+00,3.502193271694146848e+00
8.452799999999999869e+00,5.507622766828217387e+00
8.453599999999999781e+00,3.756333443861562316e+00
8.454399999999999693e+00,2.394396988158977724e+00
8.455199999999999605e+00,3.814455666914245757e+00
8.455999999999999517e+00,3.338712003698764974e+00
8.456799999999999429e+00,4.825612278049363546e+00
8.457599999999999341e+00,2.570662815227649833e+00
8.458400000000001029e+00,3.869351509276834467e+00
8.459200000000000941e+00,3.044654469540489572e+00
8.460000000000000853e+00,3.223090250798923861e+00
8.460800000000000765e+00,3.578461696037531059e+00
8.461600000000000676e+00,4.748424557666008461e+00
8.462400000000000588e+00,2.794465415892856797e+00
8.463200000000000500e+00,2.967214868464223443e+00
8.464000000000000412e+00,4.510798991494591625e+00
8.464800000000000324e+00,3.984580355526786466e+00
8.465600000000000236e+00,2.833291210728882792e+00
8.466400000000000148e+00,5.017616166880047857e+00
8.467199999999998283e+00,1.741758651155059567e+00
8.467999999999999972e+00,5.290635253701318597e+00
8.468799999999999883e+00,4.342570457984275656e+00
8.469599999999999795e+00,2.249714774431913700e+00
8.470399999999999707e+00,6.052627928659809697e+00
8.471199999999999619e+00,2.167174949533567485e+00
8.471999999999999531e+00,4.677451390393426500e+00
8.472799999999999443e+00,5.965555421524118884e+00
8.473599999999999355e+00,3.798653367302933237e+00
8.474399999999999267e+00,4.090969801426943775e+00
8.475199999999999179e+00,5.197816133110144676e+00
8.475999999999999091e+00,3.528093173068007182e+00
8.476799999999999002e+00,4.835334670081466335e+00
8.477600000000000691e+00,4.339973460888374213e+00
8.478400000000000603e+00,4.477288662019692111e+00
8.479200000000000514e+00,2.960938203523579837e+00
8.480000000000000426e+00,6.019486762793279766e+00
8.480800000000000338e+00,3.211373524758338149e+00
8.481600000000000250e+00,5.661206602087289319e+00
8.482400000000000162e+00,3.607114580658321135e+00
8.483200000000000074e+00,2.704889846031409029e+00
8.483999999999999986e+00,4.952912125007786770e+00
8.484799999999999898e+00,4.819894105845379251e+00
8.485599999999999810e+00,2.908607086085203797e+00
8.486399999999999721e+00,5.274754596461140643e+00
8.487200000000001410e+00,1.891218432370061819e+00
8.488000000000001322e+00,5.356679799963687927e+00
8.488800000000001234e+00,3.076590583112937427e+00
8.489600000000001145e+00,2.799434705088974518e+00
8.490399999999999281e+00,5.214383024565273139e+00
8.491199999999999193e+00,1.194786899083158938e+00
8.491999999999999105e+00,4.691217425347952386e+00
8.492799999999999017e+00,4.269365725606609985e+00
8.493599999999998929e+00,3.259455628881700040e+00
8.494399999999998840e+00,3.386782384400476964e+00
8.495199999999998752e+00,3.500479862147445775e+00
8.496000000000000441e+00,3.511172591833198631e+00
8.496800000000000352e+00,4.420442939499796609e+00
8.497600000000000264e+00,2.864149628063020092e+00
8.498400000000000176e+00,3.459485003405650794e+00
8.499200000000000088e+00,2.149953368251034114e+00
8.500000000000000000e+00,4.276681314477392526e+00
8.500799999999999912e+00,6.327543978348283416e-01
8.501599999999999824e+00,4.337334433090060948e+00
8.502399999999999736e+00,2.468075977515236108e+00
8.503199999999999648e+00,5.995337574266439873e+00
8.503999999999999559e+00,7.525425993875693109e+00
8.504799999999999471e+00,5.623931270819030992e+00
8.505600000000001160e+00,5.833430529459104008e+00
8.506400000000001071e+00,7.762214400109423984e+00
8.507200000000000983e+00,2.521421490067421889e+00
8.508000000000000895e+00,7.649857456007605805e+00
8.508800000000000807e+00,6.479740845005257377e+00
8.509600000000000719e+00,5.425786684539924742e+00
8.510400000000000631e+00,7.315185680465450702e+00
8.511200000000000543e+00,5.315609290289632582e+00
8.512000000000000455e+00,6.781835750906129334e+00
8.512799999999998590e+00,6.754800758421567686e+00
8.513599999999998502e+00,5.880440677262903648e+00
8.514400000000000190e+00,5.113553301055644873e+00
8.515200000000000102e+00,5.716221069952430511e+00
8.516000000000000014e+00,5.633441267069030367e+00
8.516799999999999926e+00,5.135449570852610002e+00
8.517599999999999838e+00,4.433773331913511306e+00
8.518399999999999750e+00,4.711811308553294886e+00
8.519199999999999662e+00,3.032343961037573976e+00
8.519999999999999574e+00,5.410456472353725843e+00
8.520799999999999486e+00,1.715732599443375861e+00
8.521599999999999397e+00,5.070604259252057489e+00
8.522399999999999309e+00,2.004188634572516392e+00
8.523199999999999221e+00,2.691147402259908006e+00
8.524000000000000909e+00,3.867455691528953743e+00
8.524800000000000821e+00,2.627455471172866819e+00
8.525600000000000733e+00,2.592232779645766705e+00
8.526400000000000645e+00,3.654584521700207311e+00
8.527200000000000557e+00,8.841093160065999212e-01
8.528000000000000469e+00,4.478314522775636242e+00
8.528800000000000381e+00,2.431034706551733926e+00
8.529600000000000293e+00,1.979195983166892603e+00
8.530400000000000205e+00,4.727047353381871986e+00
8.531200000000000117e+00,1.033596565388137378e+00
8.532000000000000028e+00,4.271559713241628309e+00
8.532799999999999940e+00,3.794957273367339123e+00
8.533600000000001629e+00,2.843926966534722656e+00
8.534400000000001540e+00,2.305697542873923922e+00
8.535199999999999676e+00,4.188385569565636679e+00
8.535999999999999588e+00,3.032188745792643747e+00
8.536799999999999500e+00,4.128028982486860343e+00
8.537599999999999412e+00,3.902545623761392246e+00
8.538399999999999324e+00,4.058652707317981445e+00
8.539199999999999235e+00,3.951909770234811159e+00
8.539999999999999147e+00,5.645127963548266514e+00
8.540799999999999059e+00,2.483879642360531381e+00
8.541599999999998971e+00,6.373387740627340037e+00
8.542399999999998883e+00,2.856131566930486088e+00
8.543200000000000571e+00,3.743291391981697913e+00
8.544000000000000483e+00,5.921026147510468185e+00
8.544800000000000395e+00,4.379751411403286276e+00
8.545600000000000307e+00,3.468802112678848193e+00
8.546400000000000219e+00,5.475756657296333429e+00
8.547200000000000131e+00,3.056870059924639893e+00
8.548000000000000043e+00,4.979862073979931303e+00
8.548799999999999955e+00,3.870784503135155763e+00
8.549599999999999866e+00,3.228661428463583061e+00
8.550399999999999778e+00,4.858149432225945752e+00
8.551199999999999690e+00,2.731999414800418968e+00
8.551999999999999602e+00,4.237724707834866322e+00
8.552800000000001290e+00,5.175210677968038908e+00
8.553600000000001202e+00,4.599178329947293697e+00
8.554400000000001114e+00,2.367304896378739532e+00
8.555200000000001026e+00,4.372168477499508654e+00
8.556000000000000938e+00,4.221312953603944429e+00
8.556800000000000850e+00,4.387951863869614222e+00
8.557599999999998985e+00,3.719951501460093457e+00
8.558399999999998897e+00,3.934223929920283247e+00
8.559199999999998809e+00,4.098149655720953355e+00
8.559999999999998721e+00,4.744543622841770336e+00
8.560799999999998633e+00,2.971381991066326389e+00
8.561600000000000321e+00,5.502040221291584210e+00
8.562400000000000233e+00,2.736667731249779134e+00
8.563200000000000145e+00,4.171132894328668961e+00
8.564000000000000057e+00,4.438711493286704446e+00
8.564799999999999969e+00,3.883656185582168074e+00
8.565599999999999881e+00,2.835618951656402320e+00
8.566399999999999793e+00,5.862064196779459557e+00
8.567199999999999704e+00,1.969092666443976292e+00
8.567999999999999616e+00,5.856257535199324238e+00
8.568799999999999528e+00,3.770879660611770490e+00
8.569599999999999440e+00,2.411894243927191539e+00
8.570399999999999352e+00,5.366706680421533981e+00
8.571200000000001040e+00,2.051965966172685452e+00
8.572000000000000952e+00,3.565420593049116960e+00
8.572800000000000864e+00,4.461011410448811887e+00
8.573600000000000776e+00,2.715771716668350599e+00
8.574400000000000688e+00,2.625614290464929557e+00
8.575200000000000600e+00,4.832629863007647408e+00
8.576000000000000512e+00,2.982730043418017285e+00
8.576800000000000423e+00,3.458350952159141567e+00
8.577600000000000335e+00,2.706561558310050408e+00
8.578400000000000247e+00,3.513301866547766661e+00
8.579200000000000159e+00,2.325132526039958680e+00
8.579999999999998295e+00,4.866747867670565775e+00
8.580799999999999983e+00,1.628514539707157205e+00
8.581599999999999895e+00,4.692451578388543432e+00
8.582399999999999807e+00,2.285199075079675790e+00
8.583199999999999719e+00,2.493812339077068785e+00
8.583999999999999631e+00,4.193818075014428715e+00
8.584799999999999542e+00,3.007871478925866704e+00
8.585599999999999454e+00,2.211717625527370945e+00
8.586399999999999366e+00,4.373883414190881780e+00
8.587199999999999278e+00,1.927929416618703762e+00
8.587999999999999190e+00,4.983839143697744056e+00
8.588799999999999102e+00,2.516062208242221043e+00
8.589599999999999014e+00,3.275182048892036235e+00
8.590400000000000702e+00,4.644238407311053862e+00
8.591200000000000614e+00,1.956907610984160772e+00
8.592000000000000526e+00,4.382274271228698836e+00
8.592800000000000438e+00,2.906188172615391530e+00
8.593600000000000350e+00,3.441887378272205478e+00
8.594400000000000261e+00,2.443375113756345751e+00
8.595200000000000173e+00,4.246055246352088197e+00
8.596000000000000085e+00,3.155301066858504200e+00
8.596799999999999997e+00,3.272008319477789584e+00
8.597599999999999909e+00,3.374968245304806658e+00
8.598399999999999821e+00,2.575556209263776708e+00
8.599199999999999733e+00,3.033817240573674301e+00
8.600000000000001421e+00,3.976628417447094499e+00
8.600800000000001333e+00,4.059674235011847543e-01
8.601600000000001245e+00,4.140233130555446728e+00
8.602399999999999380e+00,6.771200375283700224e-01
8.603199999999999292e+00,5.418098683330327958e+00
8.603999999999999204e+00,4.869201745954281790e+00
8.604799999999999116e+00,1.778431801029658699e+00
8.605599999999999028e+00,2.508182962190666387e+00
8.606399999999998940e+00,3.529372994037690336e+00
8.607199999999998852e+00,3.010523829262107265e-01
8.607999999999998764e+00,3.678423650046551696e+00
8.608800000000000452e+00,2.805041870418352623e+00
8.609600000000000364e+00,2.775607370006060393e+00
8.610400000000000276e+00,3.226988147988708810e+00
8.611200000000000188e+00,3.128009519503136993e+00
8.612000000000000099e+00,2.562958630407908167e+00
8.612800000000000011e+00,2.374314943954970669e+00
8.613599999999999923e+00,3.025629354856826048e+00
8.614399999999999835e+00,1.598957964276226662e-01
8.615199999999999747e+00,3.895623852249286312e+00
8.615999999999999659e+00,1.258743237287981653e+00
8.616799999999999571e+00,1.576984116864949881e+00
8.617599999999999483e+00,2.475208581170427635e+00
8.618400000000001171e+00,1.482316440633221211e+00
8.619200000000001083e+00,2.755458411172604372e+00
8.620000000000000995e+00,3.000644070755842829e+00
8.620800000000000907e+00,8.267485519365433966e-01
8.621600000000000819e+00,4.119579252514258272e+00
8.622400000000000730e+00,1.576613833598820014e-01
8.623200000000000642e+00,4.202562136940205306e+00
8.624000000000000554e+00,2.385572031877468469e+00
8.624800000000000466e+00,2.211285283799519608e+00
8.625599999999998602e+00,3.090067377382028635e+00
8.626399999999998514e+00,2.213928918756067343e+00
8.627200000000000202e+00,3.043934973520832532e+00
8.628000000000000114e+00,3.180842254799522095e+00
8.628800000000000026e+00,2.536286477076965973e+00
8.629599999999999937e+00,2.241834639411345087e+00
8.630399999999999849e+00,3.028452346188071687e+00
8.631199999999999761e+00,2.981799782751750172e+00
8.631999999999999673e+00,2.255134187966449932e+00
8.632799999999999585e+00,4.025772548368501624e+00
8.633599999999999497e+00,2.739699133787924623e+00
8.634399999999999409e+00,1.282931750627525735e+00
8.635199999999999321e+00,5.201798636948227639e+00
8.635999999999999233e+00,5.661639304997525546e-01
8.636800000000000921e+00,3.641491636303875623e+00
8.637600000000000833e+00,2.936187436391282102e+00
8.638400000000000745e+00,1.440019160780292129e+00
8.639200000000000657e+00,4.295070545461713962e+00
8.640000000000000568e+00,2.534728155586303711e+00
8.640800000000000480e+00,2.187264791139919673e+00
8.641600000000000392e+00,4.619487032941059113e+00
8.642400000000000304e+00,9.285000327651691254e-01
8.643200000000000216e+00,3.679855212769672423e+00
8.644000000000000128e+00,1.895097855050125624e+00
8.644800000000000040e+00,3.098307940664600135e+00
8.645599999999999952e+00,7.715867672793361720e-01
8.646400000000001640e+00,3.510861260341084478e+00
8.647200000000001552e+00,2.229084918514225855e+00
8.647999999999999687e+00,1.919994978484528492e+00
8.648799999999999599e+00,2.821224743291718795e+00
8.649599999999999511e+00,1.646947242536324740e+00
8.650399999999999423e+00,3.080476124190358433e+00
8.651199999999999335e+00,2.062335729301671083e+00
8.651999999999999247e+00,1.150754268877666631e+00
8.652799999999999159e+00,3.899366919590822711e+00
8.653599999999999071e+00,2.573368134065242785e+00
8.654399999999998983e+00,9.929500655101354267e-01
8.655199999999998894e+00,3.504079495145921541e+00
8.656000000000000583e+00,1.042936854217088039e+00
8.656800000000000495e+00,3.251651393859002148e+00
8.657600000000000406e+00,1.473961804290355726e+00
8.658400000000000318e+00,2.387363300373765540e+00
8.659200000000000230e+00,2.885233226198345768e+00
8.660000000000000142e+00,1.571806988672152405e+00
8.660800000000000054e+00,1.803685547022574331e+00
8.661599999999999966e+00,3.779188930945021951e+00
8.662399999999999878e+00,1.125139166564992799e+00
8.663199999999999790e+00,3.096653601683641899e+00
8.663999999999999702e+00,2.287970519797209334e+00
8.664799999999999613e+00,2.648729181622339279e+00
8.665600000000001302e+00,1.106885457860486310e+00
8.666400000000001214e+00,3.786399194632267040e+00
8.667200000000001125e+00,5.936148245412653512e-01
8.668000000000001037e+00,2.977814294096941872e+00
8.668800000000000949e+00,2.344394649344050841e+00
8.669600000000000861e+00,3.581531923746866242e-01
8.670399999999998997e+00,5.071972788997049619e+00
8.671199999999998909e+00,5.418706261379887534e-01
8.671999999999998820e+00,2.122812319920843294e+00
8.672799999999998732e+00,3.258699332162976692e+00
8.673599999999998644e+00,1.455071130918536459e+00
8.674400000000000333e+00,1.594895899019437291e+00
8.675200000000000244e+00,3.370237422572729180e+00
8.676000000000000156e+00,1.094895768118015589e+00
8.676800000000000068e+00,2.576698605976157186e+00
8.677599999999999980e+00,1.591191239524253120e+00
8.678399999999999892e+00,3.071217139723462441e+00
8.679199999999999804e+00,1.467939103892578423e+00
8.679999999999999716e+00,3.252445620176941610e+00
8.680799999999999628e+00,5.448075597970295503e-01
8.681599999999999540e+00,3.530105260021249691e+00
8.682399999999999451e+00,2.045348037817102060e+00
8.683199999999999363e+00,1.640160704587232177e+00
8.684000000000001052e+00,2.873957755601528330e+00
8.684800000000000963e+00,2.000527733324930058e+00
8.685600000000000875e+00,1.225355107899183560e+00
8.686400000000000787e+00,4.027999117073347790e+00
8.687200000000000699e+00,1.045464795350726117e+00
8.688000000000000611e+00,2.736227263658617126e+00
8.688800000000000523e+00,1.286477688955742327e+00
8.689600000000000435e+00,1.497569453227514336e+00
8.690400000000000347e+00,3.799760444384534086e+00
8.691200000000000259e+00,8.465731096009057044e-01
8.692000000000000171e+00,2.066106682116443327e+00
8.692799999999998306e+00,2.588654970496692798e+00
8.693599999999999994e+00,1.648292711873386551e+00
8.694399999999999906e+00,1.935842252650827877e+00
8.695199999999999818e+00,2.676910458237070856e+00
8.695999999999999730e+00,1.267102004700378926e+00
8.696799999999999642e+00,2.580280449984774016e+00
8.697599999999999554e+00,1.264798771878291150e+00
8.698399999999999466e+00,2.500063673297995503e+00
8.699199999999999378e+00,1.679569490231073825e+00
8.699999999999999289e+00,2.940286679368016021e+00
8.700799999999999201e+00,2.749027348139357896e-01
8.701599999999999113e+00,3.068015027463123268e+00
8.702399999999999025e+00,2.360485775127662833e-01
8.703200000000000713e+00,1.464735870736180168e+00
8.704000000000000625e+00,1.340114943331057518e+00
8.704800000000000537e+00,1.415519079940293079e-01
8.705600000000000449e+00,8.268424374047571579e-01
8.706400000000000361e+00,2.114418827805414569e+00
8.707200000000000273e+00,1.518222781009235467e+00
8.708000000000000185e+00,1.527101894812371574e+00
8.708800000000000097e+00,1.182544203921441772e+00
8.709600000000000009e+00,1.835724486883951512e+00
8.710399999999999920e+00,1.701644641507415567e+00
8.711199999999999832e+00,5.749834511952193195e-01
8.711999999999999744e+00,3.566350103761782853e-01
8.712800000000001432e+00,7.578306790011536398e-01
8.713600000000001344e+00,2.890963431358265501e-01
8.714400000000001256e+00,2.058281219395124428e-01
8.715199999999999392e+00,2.127129821325491665e+00
8.715999999999999304e+00,1.108691794236635053e-01
8.716799999999999216e+00,1.607982204837480555e+00
8.717599999999999127e+00,4.766542324297562971e-01
8.718399999999999039e+00,1.879059788515416995e+00
8.719199999999998951e+00,1.070158993615870635e+00
8.719999999999998863e+00,1.739137619437531868e+00
8.720799999999998775e+00,1.336676295687060145e+00
8.721600000000000463e+00,2.469419243575912137e+00
8.722400000000000375e+00,2.085898142144997358e+00
8.723200000000000287e+00,1.553204032450997474e+00
8.724000000000000199e+00,1.963302646919340644e+00
8.724800000000000111e+00,1.879976065875550217e+00
8.725600000000000023e+00,1.078535745457477324e+00
8.726399999999999935e+00,3.066729148553789308e+00
8.727199999999999847e+00,8.143555320422354304e-01
8.727999999999999758e+00,2.699964211684573900e+00
8.728799999999999670e+00,1.929639747216429724e+00
8.729599999999999582e+00,5.411364239102199880e-01
8.730399999999999494e+00,4.440743308902706410e+00
8.731200000000001182e+00,5.732762148351991903e-03
8.732000000000001094e+00,1.029240894678607576e+00
8.732800000000001006e+00,3.067877786407255503e+00
8.733600000000000918e+00,1.994641269571398590e-01
8.734400000000000830e+00,1.823463706568980269e+00
8.735200000000000742e+00,2.387558749199694130e+00
8.736000000000000654e+00,2.881583659046431031e-02
8.736800000000000566e+00,2.260311419408787881e+00
8.737600000000000477e+00,4.966770508186993949e-01
8.738399999999998613e+00,1.695720584670077802e+00
8.739199999999998525e+00,8.376623816216837159e-01
8.740000000000000213e+00,1.312311528553324003e+00
8.740800000000000125e+00,3.265084532902655656e-01
8.741600000000000037e+00,2.089186698008959286e+00
8.742399999999999949e+00,5.786099351661825319e-01
8.743199999999999861e+00,2.859177215070150546e-01
8.743999999999999773e+00,5.523096377428031722e-01
8.744799999999999685e+00,2.304621833676398168e+00
8.745599999999999596e+00,1.034478753763766967e+00
8.746399999999999508e+00,3.536290988885584241e+00
8.747199999999999420e+00,1.025227259243149280e+00
8.747999999999999332e+00,1.825003027904852360e+00
8.748799999999999244e+00,8.069232050072009388e-01
8.749600000000000932e+00,7.329658605235473898e-03
8.750400000000000844e+00,2.734408444794698578e+00
8.751200000000000756e+00,9.726195439891126560e-01
8.752000000000000668e+00,8.001554432657764782e-01
8.752800000000000580e+00,2.155271318304343264e+00
8.753600000000000492e+00,9.411203346349136245e-01
8.754400000000000404e+00,1.527873865557070054e-01
8.755200000000000315e+00,1.046023157290611794e+00
8.756000000000000227e+00,1.158001646506066074e-01
8.756800000000000139e+00,2.038494563173814722e+00
8.757600000000000051e+00,1.699802381503051352e-01
8.758399999999999963e+00,2.037058525344128235e+00
8.759200000000001651e+00,5.516357551891614142e-01
8.760000000000001563e+00,1.508244918984550154e+00
8.760799999999999699e+00,4.087656138476522538e-01
8.761599999999999611e+00,2.238266166391620349e+00
8.762399999999999523e+00,1.507565262306352905e-01
8.763199999999999434e+00,7.050345829958098998e-02
8.763999999999999346e+00,1.062770984688514941e+00
8.764799999999999258e+00,6.645449798875073810e-01
8.765599999999999170e+00,2.500919659167595843e-01
8.766399999999999082e+00,2.939152767627320362e+00
8.767199999999998994e+00,9.333066828436662465e-01
8.767999999999998906e+00,1.793134032407511347e+00
8.768800000000000594e+00,1.054117249535300171e+00
8.769600000000000506e+00,6.123488315479000965e-01
8.770400000000000418e+00,3.633296841989227755e+00
8.771200000000000330e+00,7.932186376281330498e-01
8.772000000000000242e+00,1.137690650045693586e+00
8.772800000000000153e+00,1.849321508459248919e+00
8.773600000000000065e+00,1.036003031146110143e+00
8.774399999999999977e+00,1.068771414659553942e+00
8.775199999999999889e+00,1.385217876924280223e+00
8.775999999999999801e+00,4.347237719767556643e-03
8.776799999999999713e+00,1.354445791012506062e+00
8.777599999999999625e+00,1.065483951551533304e+00
8.778400000000001313e+00,1.565070698303454799e+00
8.779200000000001225e+00,1.689629085923249341e-01
8.780000000000001137e+00,2.428920785312988162e+00
8.780800000000001049e+00,5.919668003569861225e-01
8.781600000000000961e+00,3.019755838287074390e+00
8.782400000000000873e+00,7.753507598120452649e-01
8.783199999999999008e+00,3.148768411151293689e-01
8.783999999999998920e+00,1.487943288662272101e+00
8.784799999999998832e+00,4.504260693932106152e-01
8.785599999999998744e+00,5.242209172153202701e-01
8.786399999999998656e+00,2.497045394768979243e+00
8.787200000000000344e+00,3.944686439713404602e-01
8.788000000000000256e+00,2.042286180958024833e+00
8.788800000000000168e+00,3.381267666442130948e-01
8.789600000000000080e+00,8.797215536709844796e-01
8.790399999999999991e+00,2.979598775668179211e+00
8.791199999999999903e+00,1.106913901240243359e+00
8.791999999999999815e+00,1.635595718045674163e+00
8.792799999999999727e+00,5.982856918668053581e-01
8.793599999999999639e+00,1.492950148467151239e+00
8.794399999999999551e+00,6.799312010682870833e-01
8.795199999999999463e+00,1.057437244869201542e+00
8.795999999999999375e+00,4.364425508616477378e-01
8.796800000000001063e+00,1.006298396410541196e+00
8.797600000000000975e+00,7.398890757354028569e-01
8.798400000000000887e+00,1.989946805536019880e+00
8.799200000000000799e+00,5.049102981371611509e-01
8.800000000000000711e+00,2.452994151152164903e+00
8.800800000000000622e+00,1.744829791563240251e+00
8.801600000000000534e+00,1.492588039285914325e+00
8.802400000000000446e+00,4.923300555414211743e+00
8.803200000000000358e+00,9.083468933490392860e-01
8.804000000000000270e+00,1.319193066065983855e+00
8.804800000000000182e+00,5.526531229117849442e+00
8.805599999999998317e+00,1.993179792485155533e+00
8.806400000000000006e+00,2.325028754129380371e+00
8.807199999999999918e+00,4.657349998671940661e+00
8.807999999999999829e+00,1.882179906762905697e+00
8.808799999999999741e+00,1.185487407721776520e+00
8.809599999999999653e+00,2.270602363249709210e+00
8.810399999999999565e+00,1.783315745563823551e+00
8.811199999999999477e+00,3.287331210088050515e+00
8.811999999999999389e+00,1.752736126874088862e+00
8.812799999999999301e+00,1.303100361371775318e+00
8.813599999999999213e+00,3.360354467132007361e-01
8.814399999999999125e+00,2.015114913257134877e+00
8.815199999999999037e+00,4.223501770873701322e-02
8.816000000000000725e+00,8.910607241549141355e-02
8.816800000000000637e+00,8.598393379780590040e-01
8.817600000000000549e+00,1.329693844148366333e+00
8.818400000000000460e+00,1.203645176576932929e+00
8.819200000000000372e+00,1.933548034354634348e-01
8.820000000000000284e+00,1.974979503665166503e+00
8.820800000000000196e+00,1.910663941161656054e-01
8.821600000000000108e+00,2.890105724653684760e+00
8.822400000000000020e+00,4.281851756331598313e-01
8.823199999999999932e+00,9.982415457996965946e-01
8.823999999999999844e+00,1.480535102646644896e+00
8.824799999999999756e+00,5.623574711120591374e-01
8.825600000000001444e+00,2.029162867980247587e+00
8.826400000000001356e+00,2.249259026587083099e+00
8.827200000000001268e+00,4.256124932674754113e-01
8.827999999999999403e+00,2.791613119339119820e+00
8.828799999999999315e+00,1.346826577692639693e-01
8.829599999999999227e+00,1.548870239747873079e+00
8.830399999999999139e+00,2.149120107280188652e+00
8.831199999999999051e+00,4.081614805056428263e-01
8.831999999999998963e+00,7.843554259584318844e-01
8.832799999999998875e+00,1.262798629113629278e+00
8.833599999999998786e+00,9.277422689682558454e-01
8.834400000000000475e+00,8.094852221937617331e-01
8.835200000000000387e+00,1.161516563369862309e+00
8.836000000000000298e+00,1.458294172869003091e+00
8.836800000000000210e+00,2.769553762435107425e-01
8.837600000000000122e+00,9.414465679370444262e-02
8.838400000000000034e+00,8.208048593276765503e-01
8.839199999999999946e+00,9.411632931303274274e-01
8.839999999999999858e+00,5.020667501663640397e-01
8.840799999999999770e+00,2.346398557566502063e+00
8.841599999999999682e+00,2.457329873192367842e+00
8.842399999999999594e+00,1.568257844725831074e+00
8.843199999999999505e+00,9.417454714446444886e-01
8.844000000000001194e+00,2.216199742953037233e-01
8.844800000000001106e+00,1.691795479460540819e-01
8.845600000000001017e+00,1.002043170511234038e+00
8.846400000000000929e+00,9.129598294548211257e-01
8.847200000000000841e+00,1.530242063512250450e+00
8.848000000000000753e+00,2.039796160010823034e-01
8.848800000000000665e+00,5.944550720352584916e-01
8.849600000000000577e+00,3.076929407490151536e-01
8.850399999999998712e+00,4.399955636418774740e-01
8.851199999999998624e+00,1.936626545987387038e+00
8.851999999999998536e+00,4.630199247424959808e-01
8.852799999999998448e+00,1.065875332511067031e+00
8.853600000000000136e+00,7.603308025021091598e-01
8.854400000000000048e+00,1.484359521608414445e+00
8.855199999999999960e+00,1.433905567057763009e-01
8.855999999999999872e+00,8.576397543591387507e-01
8.856799999999999784e+00,2.588477023069011285e-01
8.857599999999999696e+00,5.401097279302782272e-01
8.858399999999999608e+00,7.350762644320329997e-01
8.859199999999999520e+00,1.037801449322518277e+00
8.859999999999999432e+00,2.288490636842284986e-01
8.860799999999999343e+00,1.832757259391254223e+00
8.861599999999999255e+00,2.140395641232625046e+00
8.862399999999999167e+00,1.825818517690868337e+00
8.863200000000000855e+00,7.311515507290752280e-01
8.864000000000000767e+00,1.814385135935774052e-01
8.864800000000000679e+00,5.640516531713606341e-01
8.865600000000000591e+00,2.332637717192068139e-01
8.866400000000000503e+00,8.315505337459739854e-01
8.867200000000000415e+00,1.918025252438424699e+00
8.868000000000000327e+00,9.106983379436073278e-01
8.868800000000000239e+00,1.844639202990016325e-01
8.869600000000000151e+00,7.776341918467046810e-01
8.870400000000000063e+00,1.772965770005912933e+00
8.871199999999999974e+00,1.584728811984279506e+00
8.872000000000001663e+00,1.029548777810248249e-02
8.872800000000001575e+00,1.219604632251260146e+00
8.873599999999999710e+00,6.339639663836275085e-01
8.874399999999999622e+00,8.873344488429749655e-01
8.875199999999999534e+00,1.550045630314392797e+00
8.875999999999999446e+00,6.185167778252115278e-01
8.876799999999999358e+00,7.330920602074665338e-01
8.877599999999999270e+00,9.114638681248222740e-01
8.878399999999999181e+00,2.941650902999403683e-01
8.879199999999999093e+00,4.336279495421549446e-01
8.879999999999999005e+00,1.214815353790448249e+00
8.880799999999998917e+00,1.301564810446503628e+00
8.881600000000000605e+00,2.538341619118482662e+00
8.882400000000000517e+00,1.434293701293519741e+00
8.883200000000000429e+00,6.790069770209737621e-02
8.884000000000000341e+00,7.869354544351861436e-02
8.884800000000000253e+00,9.523113117496837532e-01
8.885600000000000165e+00,4.543056580813941703e-01
8.886400000000000077e+00,7.537539579404387569e-01
8.887199999999999989e+00,1.107922760293930331e+00
8.887999999999999901e+00,2.345059145512452536e-01
8.888799999999999812e+00,3.822148261503457295e-02
8.889599999999999724e+00,1.958687686088658453e-01
8.890399999999999636e+00,1.259665050098045525e+00
8.891200000000001324e+00,1.453060040716525503e+00
8.892000000000001236e+00,1.274730316721492396e-01
8.892800000000001148e+00,8.001784613980843508e-01
8.893600000000001060e+00,7.480448968268052501e-02
8.894400000000000972e+00,8.785390212734826010e-01
8.895200000000000884e+00,2.862637792092230793e-01
8.895999999999999019e+00,1.170119206179793148e+00
8.896799999999998931e+00,1.238439463838758581e+00
8.897599999999998843e+00,4.848541872587761037e-01
8.898399999999998755e+00,1.966077720185999134e-01
8.899199999999998667e+00,4.432991908464273823e-01
8.900000000000000355e+00,1.320711192761991226e+00
8.900800000000000267e+00,1.867157845825029749e+00
8.901600000000000179e+00,1.114026191192806436e+00
8.902400000000000091e+00,3.124343370774516071e+00
8.903200000000000003e+00,1.003075670859150392e+00
8.903999999999999915e+00,4.515718110550592357e+00
8.904799999999999827e+00,1.935844483580650310e+00
8.905599999999999739e+00,1.693875697504234612e-01
8.906399999999999650e+00,5.259854681000861731e-01
8.907199999999999562e+00,4.704550407280347457e+00
8.907999999999999474e+00,5.759686183148080701e-02
8.908799999999999386e+00,4.281681332029284998e-02
8.909600000000001074e+00,4.018743857725130653e+00
8.910400000000000986e+00,1.417903394772845438e+00
8.911200000000000898e+00,1.659173951093918964e+00
8.912000000000000810e+00,2.388472626828649137e+00
8.912800000000000722e+00,5.965335498927422375e-03
8.913600000000000634e+00,5.735627034540008440e-01
8.914400000000000546e+00,1.842317552312647377e+00
8.915200000000000458e+00,3.174028923870469976e-01
8.916000000000000369e+00,1.425843936271106616e+00
8.916800000000000281e+00,1.140055377291909755e-01
8.917600000000000193e+00,3.953656328016616484e-01
8.918399999999998329e+00,6.420099901000343445e-01
8.919200000000000017e+00,2.604664306288376197e-01
8.919999999999999929e+00,1.175296252374939732e+00
8.920799999999999841e+00,6.181526405044356354e-01
8.921599999999999753e+00,2.491193465909877336e+00
8.922399999999999665e+00,1.260596102623939618e+00
8.923199999999999577e+00,5.024286730484618380e-01
8.923999999999999488e+00,5.899079210617101943e-01
8.924799999999999400e+00,1.096612077366391880e+00
8.925599999999999312e+00,4.987238845051967240e-01
8.926399999999999224e+00,7.290694734329153937e-01
8.927199999999999136e+00,7.171162337770455864e-01
8.927999999999999048e+00,1.582205336326827583e+00
8.928800000000000736e+00,4.057759622187639970e-01
8.929600000000000648e+00,3.826206766475742649e-01
8.930400000000000560e+00,1.047053884221916142e+00
8.931200000000000472e+00,8.025312649083982119e-01
8.932000000000000384e+00,1.002065323560924481e+00
8.932800000000000296e+00,1.327076049276977532e+00
8.933600000000000207e+00,6.135157530029149847e-02
8.934400000000000119e+00,1.792729789861867928e+00
8.935200000000000031e+00,1.751124815543590785e+00
8.935999999999999943e+00,2.109650075631923194e+00
8.936799999999999855e+00,8.861439850538308516e-01
8.937599999999999767e+00,7.058700787745781913e-01
8.938400000000001455e+00,1.166731130609501177e+00
8.939200000000001367e+00,1.083588513974407697e+00
8.940000000000001279e+00,3.956206750628484814e-01
8.940799999999999415e+00,1.761911909059807657e+00
8.941599999999999326e+00,1.434755866609841002e+00
8.942399999999999238e+00,2.366977512094480041e+00
8.943199999999999150e+00,4.095475877219411642e-01
8.943999999999999062e+00,8.727385405038484700e-01
8.944799999999998974e+00,4.925617270340357789e-01
8.945599999999998886e+00,2.041392245696163510e+00
8.946399999999998798e+00,4.592870271647668257e-01
8.947200000000000486e+00,1.410857689415734972e+00
8.948000000000000398e+00,4.669365073795604393e-01
8.948800000000000310e+00,4.846037694243269245e-01
8.949600000000000222e+00,1.149900315942701035e+00
8.950400000000000134e+00,1.001107186643901636e+00
8.951200000000000045e+00,1.667043110430095565e+00
8.951999999999999957e+00,1.065871584625516011e+00
8.952799999999999869e+00,1.426871863398266438e+00
8.953599999999999781e+00,6.551167459024204165e-01
8.954399999999999693e+00,2.187875978318204240e+00
8.955199999999999605e+00,1.922530203854201647e-01
8.955999999999999517e+00,1.537500152483782578e+00
8.956800000000001205e+00,1.225181542288440673e+00
8.957600000000001117e+00,1.310492930922596111e+00
8.958400000000001029e+00,3.351798238232235883e-01
8.959200000000000941e+00,3.773411925644346576e-01
8.960000000000000853e+00,1.201065421412176759e+00
8.960800000000000765e+00,3.872196535799439787e-01
8.961600000000000676e+00,5.033381116145928535e-01
8.962400000000000588e+00,1.500823831752377879e+00
8.963199999999998724e+00,8.070839832221220478e-01
8.963999999999998636e+00,5.564075346526539123e-01
8.964799999999998548e+00,5.345755363258769544e-01
8.965599999999998460e+00,1.716009439027389005e+00
8.966400000000000148e+00,8.389403259412906433e-01
8.967200000000000060e+00,2.099862587105559619e+00
8.967999999999999972e+00,2.534804532424318052e-02
8.968799999999999883e+00,8.264251831215428945e-01
8.969599999999999795e+00,2.466809434766635167e+00
8.970399999999999707e+00,1.560729854392880922e+00
8.971199999999999619e+00,1.562440219378141704e+00
8.971999999999999531e+00,6.534529230899061014e-01
8.972799999999999443e+00,2.033266397377796686e+00
8.973599999999999355e+00,1.030572218062450363e+00
8.974399999999999267e+00,6.539055244774761855e-01
8.975199999999999179e+00,6.231242375970307279e-01
8.976000000000000867e+00,1.114193152352310978e+00
8.976800000000000779e+00,1.225902858617752278e+00
8.977600000000000691e+00,1.031523789415579984e+00
8.978400000000000603e+00,3.074380902449575653e-02
8.979200000000000514e+00,1.158902399790496807e+00
8.980000000000000426e+00,1.045376449394434637e+00
8.980800000000000338e+00,7.852868928953140593e-01
8.981600000000000250e+00,6.163704799800613365e-01
8.982400000000000162e+00,5.195028465644995208e-01
8.983200000000000074e+00,1.557866371031316088e+00
8.983999999999999986e+00,2.354983831205417419e-02
8.984799999999999898e+00,7.760899745006988315e-01
8.985600000000001586e+00,1.767426837571247855e+00
8.986399999999999721e+00,1.423613060806647956e+00
8.987199999999999633e+00,1.977043078232539441e+00
8.987999999999999545e+00,8.111963637456279796e-01
8.988799999999999457e+00,2.215451499568155957e-01
8.989599999999999369e+00,1.963039393397268295e+00
8.990399999999999281e+00,1.606013102561831385e+00
8.991199999999999193e+00,2.748468927289095642e+00
8.991999999999999105e+00,5.463955971598474237e-01
8.992799999999999017e+00,6.494184603586766746e-01
8.993599999999998929e+00,1.417968847158012524e+00
8.994400000000000617e+00,2.091596299300500228e-01
8.995200000000000529e+00,1.974573922612790633e-01
8.996000000000000441e+00,6.070290564318951976e-01
8.996800000000000352e+00,8.102461770270618091e-01
8.997600000000000264e+00,1.423264557084054971e+00
8.998400000000000176e+00,3.728948951598657358e-01
8.999200000000000088e+00,1.623533307695734340e+00
9.000000000000000000e+00,1.743566486253522063e+00
9.000799999999999912e+00,1.634745550001810210e+00
9.001599999999999824e+00,1.983182031862194217e+00
9.002399999999999736e+00,1.811322328796340253e+00
9.003199999999999648e+00,9.825540229733557007e-01
9.004000000000001336e+00,5.482975292608025519e-01
9.004800000000001248e+00,5.532956149682313196e-01
9.005600000000001160e+00,2.359419235371675416e+00
9.006400000000001071e+00,2.819428998052547986e+00
9.007200000000000983e+00,2.777712605713536842e+00
9.008000000000000895e+00,2.178795556599712135e+00
9.008799999999999031e+00,2.298938093112252445e-01
9.009599999999998943e+00,1.062663032221243586e+00
9.010399999999998855e+00,9.037007763716566888e-01
9.011199999999998766e+00,1.944301012704538811e+00
9.011999999999998678e+00,1.242306043398239829e-01
9.012800000000000367e+00,5.075274777826424000e-01
9.013600000000000279e+00,3.045157322900993169e-01
9.014400000000000190e+00,1.008979700870006990e+00
9.015200000000000102e+00,1.664659739316011189e-01
9.016000000000000014e+00,5.505113966972978723e-01
9.016799999999999926e+00,3.374814045538784141e-02
9.017599999999999838e+00,5.541895424154844596e-01
9.018399999999999750e+00,8.122882977785436109e-01
9.019199999999999662e+00,1.296507914521703775e+00
9.019999999999999574e+00,1.326486972482621818e+00
9.020799999999999486e+00,1.080941437818453643e+00
9.021599999999999397e+00,1.628880027091403448e+00
9.022400000000001086e+00,1.185893201676941899e+00
9.023200000000000998e+00,4.780708101657775155e-01
9.024000000000000909e+00,6.671842516280981350e-01
9.024800000000000821e+00,2.761764498958525493e-01
9.025600000000000733e+00,8.595030841408269895e-01
9.026400000000000645e+00,6.003176233942141282e-01
9.027200000000000557e+00,2.130961538526634946e+00
9.028000000000000469e+00,1.487931742439632554e+00
9.028800000000000381e+00,7.852884704655801462e-01
9.029600000000000293e+00,1.172493588585804325e+00
9.030400000000000205e+00,1.809615930739552958e+00
9.031199999999998340e+00,2.289319914438243231e+00
9.032000000000000028e+00,6.104470239289774280e-01
9.032799999999999940e+00,3.030291847761937274e-01
9.033599999999999852e+00,2.761935360169520681e-01
9.034399999999999764e+00,1.240015844391386901e+00
9.035199999999999676e+00,5.363511525855159112e-01
9.035999999999999588e+00,6.887043094001444876e-01
9.036799999999999500e+00,4.820067655436006127e-01
9.037599999999999412e+00,3.739982199924357098e-01
9.038399999999999324e+00,4.378292095285578611e-01
9.039199999999999235e+00,4.135656704274908169e-01
9.039999999999999147e+00,1.131614227797421268e+00
9.040799999999999059e+00,1.875714563415327385e+00
9.041600000000000747e+00,1.336871696501135132e+00
9.042400000000000659e+00,7.550866876433324215e-01
9.043200000000000571e+00,9.120666994930306526e-01
9.044000000000000483e+00,1.348772468913876921e+00
9.044800000000000395e+00,2.559607382156011135e-01
9.045600000000000307e+00,9.714139140973685471e-01
9.046400000000000219e+00,1.355121676142149845e+00
9.047200000000000131e+00,1.780428534240397598e+00
9.048000000000000043e+00,1.147531829789869562e+00
9.048799999999999955e+00,1.779272751731353353e-01
9.049599999999999866e+00,1.095827472022015581e+00
9.050399999999999778e+00,1.254541245218273371e+00
9.051200000000001467e+00,1.425368286783261773e+00
9.052000000000001378e+00,5.180546663259818496e-01
9.052800000000001290e+00,1.142569365272310566e+00
9.053599999999999426e+00,1.006949270735819496e-01
9.054399999999999338e+00,1.032501575155925000e+00
9.055199999999999250e+00,2.438083477211004102e-01
9.055999999999999162e+00,1.347862750355395545e-01
9.056799999999999073e+00,4.760842921956675022e-01
9.057599999999998985e+00,2.400436492144175926e-01
9.058399999999998897e+00,4.365402932108259498e-02
9.059199999999998809e+00,5.351618796047874493e-01
9.060000000000000497e+00,8.925766139483346517e-01
9.060800000000000409e+00,1.000520003345766185e+00
9.061600000000000321e+00,1.481235421868543289e+00
9.062400000000000233e+00,1.363911325658156315e+00
9.063200000000000145e+00,4.383761252943682574e-01
9.064000000000000057e+00,8.709365601820829861e-01
9.064799999999999969e+00,6.769278174978587970e-01
9.065599999999999881e+00,5.408909941277442179e-01
9.066399999999999793e+00,1.437880844600856189e+00
9.067199999999999704e+00,1.851122210505419474e+00
9.067999999999999616e+00,1.834465231356311898e+00
9.068799999999999528e+00,2.549968908914957422e-01
9.069600000000001216e+00,1.278142690508943469e+00
9.070400000000001128e+00,1.611254266510119049e+00
9.071200000000001040e+00,1.891567509294581617e+00
9.072000000000000952e+00,8.799017175567919180e-01
9.072800000000000864e+00,4.794181875833632978e-01
9.073600000000000776e+00,3.058719204373598899e-01
9.074400000000000688e+00,1.246333759894843629e+00
9.075200000000000600e+00,1.301708880777559418e+00
9.075999999999998735e+00,5.626754526651334132e-01
9.076799999999998647e+00,2.884410999294522715e-01
9.077599999999998559e+00,6.087940613479937008e-02
9.078399999999998471e+00,1.526069373229109738e-01
9.079200000000000159e+00,8.449161026422641330e-01
9.080000000000000071e+00,1.981079706317937950e+00
9.080799999999999983e+00,1.924874493045133361e+00
9.081599999999999895e+00,1.746901330498794147e+00
9.082399999999999807e+00,1.231396845465004608e+00
9.083199999999999719e+00,1.875065283143120265e-01
9.083999999999999631e+00,2.832556027826828582e-01
9.084799999999999542e+00,1.723565564287803942e-01
9.085599999999999454e+00,1.025516911006902898e+00
9.086399999999999366e+00,6.465747690847659657e-01
9.087199999999999278e+00,9.101058095496595834e-01
9.087999999999999190e+00,1.276032714693220660e+00
9.088800000000000878e+00,6.315467212002716657e-01
9.089600000000000790e+00,6.106880155140291810e-01
9.090400000000000702e+00,1.246560534472500592e+00
9.091200000000000614e+00,9.175448424415414417e-01
9.092000000000000526e+00,3.434777018831250417e-01
9.092800000000000438e+00,5.528414982512797060e-01
9.093600000000000350e+00,1.633477878961477614e-01
9.094400000000000261e+00,9.571564156900466136e-01
9.095200000000000173e+00,1.115188508860499805e+00
9.096000000000000085e+00,3.522170750767630865e-01
9.096799999999999997e+00,5.257273332827652190e-01
9.097599999999999909e+00,5.644959367286453977e-01
9.098400000000001597e+00,1.907237629360554743e-01
9.099199999999999733e+00,5.548527399841074459e-03
9.099999999999999645e+00,9.857129477506897386e-01
9.100799999999999557e+00,1.932231461248318682e+00
9.101599999999999469e+00,1.036949543016937092e+00
9.102399999999999380e+00,3.645467027264538196e+00
9.103199999999999292e+00,7.757241801924725788e-01
9.103999999999999204e+00,5.190250658108649162e+00
9.104799999999999116e+00,2.790711468847905330e+00
9.105599999999999028e+00,1.065678049056138388e+00
9.106399999999998940e+00,1.331416755771893223e+00
9.107200000000000628e+00,4.553721611531997837e+00
9.108000000000000540e+00,8.502704291925836655e-01
9.108800000000000452e+00,1.508051643142471532e+00
9.109600000000000364e+00,5.389168498094369042e+00
9.110400000000000276e+00,2.227116581301897380e+00
9.111200000000000188e+00,2.482884503345847094e+00
9.112000000000000099e+00,3.154052505300194209e+00
9.112800000000000011e+00,1.675057341282846668e+00
9.113599999999999923e+00,1.427110185384039776e+00
9.114399999999999835e+00,3.258442280557261039e+00
9.115199999999999747e+00,3.063959309759099470e-01
9.115999999999999659e+00,2.216396312021480686e+00
9.116800000000001347e+00,8.862431354223068714e-02
9.117600000000001259e+00,9.309453378931206169e-01
9.118400000000001171e+00,9.272835954089271304e-01
9.119200000000001083e+00,1.779007921074743717e-02
9.120000000000000995e+00,3.437729111679553307e-01
9.120800000000000907e+00,7.018134067380592533e-01
9.121599999999999042e+00,1.475675149520169205e+00
9.122399999999998954e+00,1.001240316852203716e+00
9.123199999999998866e+00,8.366410596614443085e-01
9.123999999999998778e+00,4.746756053425328636e-02
9.124799999999998690e+00,1.074871426720852119e+00
9.125600000000000378e+00,2.546887054684010554e-01
9.126400000000000290e+00,9.199724199794380164e-01
9.127200000000000202e+00,2.783117138083849793e-02
9.128000000000000114e+00,1.037551502772614986e+00
9.128800000000000026e+00,6.589598383916878133e-01
9.129599999999999937e+00,1.566202971708486213e+00
9.130399999999999849e+00,1.841954419369496998e+00
9.131199999999999761e+00,1.093462923568544243e+00
9.131999999999999673e+00,2.711623734469214564e-01
9.132799999999999585e+00,1.119770090497111958e+00
9.133599999999999497e+00,7.863710718808817335e-01
9.134399999999999409e+00,1.144297623841858957e+00
9.135200000000001097e+00,1.048914379249874518e+00
9.136000000000001009e+00,1.631563218313679675e+00
9.136800000000000921e+00,3.196016780343348129e-01
9.137600000000000833e+00,1.270823092504541840e+00
9.138400000000000745e+00,1.027004156617205011e+00
9.139200000000000657e+00,8.220891031569120821e-01
9.140000000000000568e+00,1.917703685242439227e-01
9.140800000000000480e+00,2.392228550965256328e+00
9.141600000000000392e+00,4.418745616769566564e-01
9.142400000000000304e+00,1.979571206737454681e+00
9.143200000000000216e+00,1.717292871640196061e+00
9.143999999999998352e+00,7.530255449081985075e-01
9.144800000000000040e+00,6.730014608345611382e-01
9.145599999999999952e+00,2.477283896781445005e+00
9.146399999999999864e+00,7.842567582556040362e-01
9.147199999999999775e+00,2.047818788647937094e+00
9.147999999999999687e+00,3.428185667141338544e-01
9.148799999999999599e+00,1.117046514541167435e+00
9.149599999999999511e+00,1.596040525176057878e+00
9.150399999999999423e+00,7.402960664086322140e-02
9.151199999999999335e+00,1.792191289435431489e+00
9.151999999999999247e+00,1.134045502260054850e+00
9.152799999999999159e+00,3.116090531456614521e-01
9.153599999999999071e+00,1.053157203060893998e+00
9.154400000000000759e+00,1.732855986037324270e+00
9.155200000000000671e+00,4.347803443127930545e-01
9.156000000000000583e+00,1.235318490033216365e+00
9.156800000000000495e+00,5.030096108941310984e-01
9.157600000000000406e+00,1.670809948379314847e+00
9.158400000000000318e+00,9.028055934823924211e-01
9.159200000000000230e+00,1.131510870830643833e+00
9.160000000000000142e+00,8.602158947628025798e-01
9.160800000000000054e+00,2.210176506544732522e+00
9.161599999999999966e+00,1.071814798573607508e+00
9.162399999999999878e+00,2.224333055376519930e+00
9.163199999999999790e+00,5.820111958775100458e-01
9.164000000000001478e+00,5.186644414516332624e-01
9.164800000000001390e+00,1.039920000803331579e+00
9.165600000000001302e+00,1.846621670076912469e+00
9.166399999999999437e+00,5.229186924340666343e-01
9.167199999999999349e+00,2.706975050202172106e+00
9.167999999999999261e+00,3.720375704055984833e-01
9.168799999999999173e+00,1.089728091376736208e+00
9.169599999999999085e+00,2.132837283718685306e+00
9.170399999999998997e+00,1.343756966333121472e+00
9.171199999999998909e+00,1.561397190697403348e+00
9.171999999999998820e+00,1.006632376032702281e+00
9.172800000000000509e+00,2.926561449748086852e-01
9.173600000000000421e+00,9.988568500351817647e-01
9.174400000000000333e+00,7.965590130111419587e-01
9.175200000000000244e+00,1.152761970658597868e+00
9.176000000000000156e+00,1.258606722342190398e+00
9.176800000000000068e+00,3.137148641736941523e-01
9.177599999999999980e+00,1.001558217114350890e+00
9.178399999999999892e+00,2.980470117110577966e-01
9.179199999999999804e+00,1.188004803523622144e+00
9.179999999999999716e+00,4.935221882812610983e-01
9.180799999999999628e+00,2.206378059699615868e+00
9.181599999999999540e+00,1.047146049598904671e+00
9.182400000000001228e+00,1.007295262885934628e+00
9.183200000000001140e+00,6.610036951264192107e-01
9.184000000000001052e+00,7.502276503588189982e-02
9.184800000000000963e+00,2.440616166238000484e-01
9.185600000000000875e+00,1.537249253671259641e+00
9.186400000000000787e+00,8.288489541936387983e-01
9.187200000000000699e+00,1.513291885959306970e+00
9.188000000000000611e+00,6.057258924673970812e-02
9.188799999999998747e+00,1.174701733888056987e+00
9.189599999999998658e+00,1.299137282574003960e+00
9.190399999999998570e+00,1.046028680957460599e+00
9.191199999999998482e+00,2.044537699594174640e+00
9.192000000000000171e+00,2.765128074390871826e-01
9.192800000000000082e+00,3.605334579627942904e-01
9.193599999999999994e+00,9.590138350461332450e-01
9.194399999999999906e+00,9.227727717012406128e-01
9.195199999999999818e+00,3.529255757082823686e-01
9.195999999999999730e+00,1.593123888832266966e+00
9.196799999999999642e+00,4.242356131457468149e-01
9.197599999999999554e+00,1.252324409691436546e+00
9.198399999999999466e+00,3.860168413049193115e-01
9.199199999999999378e+00,5.783451440714387770e-01
9.199999999999999289e+00,6.398035432752195995e-01
9.200799999999999201e+00,2.170968440680391076e+00
9.201600000000000890e+00,1.287978056584348607e+00
9.202400000000000801e+00,2.895966339821926638e+00
9.203200000000000713e+00,1.021129293156803675e+00
9.204000000000000625e+00,2.199157394890424833e+00
9.204800000000000537e+00,1.469690516974199612e+00
9.205600000000000449e+00,2.874968638288310618e+00
9.206400000000000361e+00,1.178806970777973584e+00
9.207200000000000273e+00,2.450268647372915609e+00
9.208000000000000185e+00,9.062599513133805518e-01
9.208800000000000097e+00,6.390637515020460846e-01
9.209600000000000009e+00,3.118324679727750848e+00
9.210399999999999920e+00,1.493005438521442241e-01
9.211199999999999832e+00,1.786770153835224084e+00
9.211999999999999744e+00,2.298983268695725446e+00
9.212799999999999656e+00,3.215107071840873632e-01
9.213599999999999568e+00,1.054633202073171905e+00
9.214399999999999480e+00,2.010524780984264570e+00
9.215199999999999392e+00,3.869372670818005400e-01
9.215999999999999304e+00,1.781049918311432556e+00
9.216799999999999216e+00,3.347225828261282121e-01
9.217599999999999127e+00,1.312359347789827657e+00
9.218399999999999039e+00,1.277047171416178795e-01
9.219199999999998951e+00,4.230536823972521066e-01
9.220000000000000639e+00,4.338591907093247158e-01
9.220800000000000551e+00,2.658497310023438809e-01
9.221600000000000463e+00,8.574908404435381826e-01
9.222400000000000375e+00,8.054457213058050513e-01
9.223200000000000287e+00,1.615801074143017046e-01
9.224000000000000199e+00,8.805733023648020241e-01
9.224800000000000111e+00,9.354100444126527136e-02
9.225600000000000023e+00,1.423832455191606616e+00
9.226399999999999935e+00,9.989321630730052526e-01
9.227199999999999847e+00,1.054415807676645223e+00
9.227999999999999758e+00,2.806153393656306005e-01
9.228799999999999670e+00,2.333635706978864910e-01
9.229600000000001359e+00,1.933220896554757040e+00
9.230400000000001270e+00,1.981125677555887643e+00
9.231200000000001182e+00,1.638339699878945011e+00
9.232000000000001094e+00,1.324144397606642487e+00
9.232800000000001006e+00,2.050519493982628561e+00
9.233600000000000918e+00,2.023175744170227830e+00
9.234399999999999054e+00,7.309668708552954225e-03
9.235199999999998965e+00,8.250374234943896878e-01
9.235999999999998877e+00,2.171674831447986342e+00
9.236799999999998789e+00,4.193294470502403892e-01
9.237599999999998701e+00,1.927878949913010898e+00
9.238400000000000389e+00,1.386529130941295818e-01
9.239200000000000301e+00,1.203445706846801855e+00
9.240000000000000213e+00,5.548887755737077487e-01
9.240800000000000125e+00,1.408985801655075587e+00
9.241600000000000037e+00,3.156800055394219928e-01
9.242399999999999949e+00,4.164019608680444851e-01
9.243199999999999861e+00,1.402607372143630293e+00
9.243999999999999773e+00,8.686460053261608749e-01
9.244799999999999685e+00,7.935641843650567129e-01
9.245599999999999596e+00,3.406709290027971626e+00
9.246399999999999508e+00,2.310938649879261675e+00
9.247199999999999420e+00,2.635714659852793851e+00
9.248000000000001108e+00,1.597633876554044041e-01
9.248800000000001020e+00,1.711406594723619556e-01
9.249600000000000932e+00,2.259484311061608519e+00
9.250400000000000844e+00,2.190504679988453773e+00
9.251200000000000756e+00,2.832383357018725345e+00
9.252000000000000668e+00,4.435652396284496257e-01
9.252800000000000580e+00,9.074061347070362382e-01
9.253600000000000492e+00,1.549738561432551398e+00
9.254400000000000404e+00,2.959144302533539550e-01
9.255200000000000315e+00,1.450224509983983667e+00
9.256000000000000227e+00,8.192441719517342680e-01
9.256799999999998363e+00,7.096064613114171082e-02
9.257600000000000051e+00,1.762615573165570160e+00
9.258399999999999963e+00,1.437153438796521243e+00
9.259199999999999875e+00,2.658648634919916098e+00
9.259999999999999787e+00,6.607532668017066513e-01
9.260799999999999699e+00,2.622897664251291339e+00
9.261599999999999611e+00,1.221872375732880212e+00
9.262399999999999523e+00,1.018131176588862097e+00
9.263199999999999434e+00,1.836200583945315490e+00
9.263999999999999346e+00,7.570626604711568897e-01
9.264799999999999258e+00,1.241732041200442671e+00
9.265599999999999170e+00,9.115157585364528359e-01
9.266399999999999082e+00,1.598792189082828274e+00
9.267200000000000770e+00,3.522378050348535794e+00
9.268000000000000682e+00,1.456152395064360006e+00
9.268800000000000594e+00,1.518015011655946767e+00
9.269600000000000506e+00,1.446687801480640134e+00
9.270400000000000418e+00,2.098764478850354109e+00
9.271200000000000330e+00,2.884166796066402139e+00
9.272000000000000242e+00,5.775845188374451045e-01
9.272800000000000153e+00,5.088360440327202028e-01
9.273600000000000065e+00,1.905089497083810590e-01
9.274399999999999977e+00,9.402253548235810499e-01
9.275199999999999889e+00,3.634649941098427178e-02
9.275999999999999801e+00,6.428240939902376549e-01
9.276800000000001489e+00,1.093008131415423190e+00
9.277600000000001401e+00,5.707805928798140860e-01
9.278400000000001313e+00,7.856425068232966713e-02
9.279199999999999449e+00,1.518397576315698938e+00
9.279999999999999361e+00,1.582314357594496679e+00
9.280799999999999272e+00,2.636787491278328677e+00
9.281599999999999184e+00,2.117454078717296184e+00
9.282399999999999096e+00,1.540974034490688593e+00
9.283199999999999008e+00,1.534101833672288251e+00
9.283999999999998920e+00,7.186195781792327208e-01
9.284799999999998832e+00,1.711614411485427700e+00
9.285600000000000520e+00,1.630347317022040887e-01
9.286400000000000432e+00,6.942564454916794192e-01
9.287200000000000344e+00,2.082198580274936095e+00
9.288000000000000256e+00,7.818775911045189320e-01
9.288800000000000168e+00,1.666860157363303951e+00
9.289600000000000080e+00,3.458591320184554729e-01
9.290399999999999991e+00,8.735213569274867806e-01
9.291199999999999903e+00,2.348549595184253214e+00
9.291999999999999815e+00,4.581132674766179580e-01
9.292799999999999727e+00,8.708153884944657142e-01
9.293599999999999639e+00,5.050079430375608025e-01
9.294399999999999551e+00,1.087860636225573607e+00
9.295200000000001239e+00,4.850205893047209171e-01
9.296000000000001151e+00,1.233616018619743127e+00
9.296800000000001063e+00,6.223925146160428357e-01
9.297600000000000975e+00,1.733798190824793473e-01
9.298400000000000887e+00,3.450695329602259664e-01
9.299200000000000799e+00,8.920705390044810779e-01
9.300000000000000711e+00,7.930917212352726064e-01
9.300800000000000622e+00,2.812263016564849227e+00
9.301599999999998758e+00,1.424315840386395582e+00
9.302399999999998670e+00,3.097938144722300002e+00
9.303199999999998582e+00,1.685327614361750381e+00
9.303999999999998494e+00,4.715517214109651967e+00
9.304800000000000182e+00,3.414334021686015408e+00
9.305600000000000094e+00,2.487108901313593023e-01
9.306400000000000006e+00,7.456272570172522984e-01
9.307199999999999918e+00,4.645430380015487692e+00
9.307999999999999829e+00,2.095673232542235587e-01
9.308799999999999741e+00,1.580196185806061138e+00
9.309599999999999653e+00,4.071951064601468495e+00
9.310399999999999565e+00,1.655294075212199845e+00
9.311199999999999477e+00,2.996660560604080370e+00
9.311999999999999389e+00,2.945986070192955886e+00
9.312799999999999301e+00,1.983203824273482629e+00
9.313599999999999213e+00,8.448365546189805508e-01
9.314400000000000901e+00,2.545789230125520497e+00
9.315200000000000813e+00,2.153932666896650472e-01
9.316000000000000725e+00,1.809252134315304961e+00
9.316800000000000637e+00,8.463973418203544208e-01
9.317600000000000549e+00,7.145771140316672931e-02
9.318400000000000460e+00,7.530342113596076858e-01
9.319200000000000372e+00,1.365292278580223506e+00
9.320000000000000284e+00,4.856002812200466145e-01
9.320800000000000196e+00,1.221393912535472470e+00
9.321600000000000108e+00,1.002791465670113347e+00
9.322400000000000020e+00,1.490698852924350060e-01
9.323199999999999932e+00,8.337361005248442591e-01
9.323999999999999844e+00,2.511548845197503210e-01
9.324799999999999756e+00,2.404028849978696869e-01
9.325599999999999667e+00,7.770105037995713726e-01
9.326399999999999579e+00,1.400501921786499127e+00
9.327199999999999491e+00,2.219958431641292140e+00
9.327999999999999403e+00,1.564126249824385972e+00
9.328799999999999315e+00,6.022080707384669385e-01
9.329599999999999227e+00,7.828417314651900938e-01
9.330399999999999139e+00,2.132404672704955928e+00
9.331199999999999051e+00,1.915275502618114301e+00
9.331999999999998963e+00,3.910438062122408853e-01
9.332800000000000651e+00,3.838346610388767011e-01
9.333600000000000563e+00,1.063530799801039040e+00
9.334400000000000475e+00,6.995864243373192126e-01
9.335200000000000387e+00,8.752484676737974922e-01
9.336000000000000298e+00,1.536368506996566019e+00
9.336800000000000210e+00,6.572639177591381721e-01
9.337600000000000122e+00,8.104246167098887454e-01
9.338400000000000034e+00,7.721129871544835099e-01
9.339199999999999946e+00,1.938137348777227986e+00
9.339999999999999858e+00,1.931947813001194669e-01
9.340799999999999770e+00,3.318291800415782422e+00
9.341599999999999682e+00,1.508275835320911806e+00
9.342400000000001370e+00,1.844270338047121482e+00
9.343200000000001282e+00,2.265750431793856823e+00
9.344000000000001194e+00,1.306248801458425625e-02
9.344800000000001106e+00,1.338371067060263542e+00
9.345600000000001017e+00,1.620189738016831305e+00
9.346400000000000929e+00,8.231302482861820868e-01
9.347199999999999065e+00,3.406802999055615011e+00
9.347999999999998977e+00,5.161338347409210048e-01
9.348799999999998889e+00,1.835616367674821170e+00
9.349599999999998801e+00,8.998988338477291737e-01
9.350399999999998712e+00,3.628113413015398581e-01
9.351199999999998624e+00,2.755042032637653460e+00
9.352000000000000313e+00,5.723743439594485005e-02
9.352800000000000225e+00,5.707042668119134410e-01
9.353600000000000136e+00,5.454208179405531931e-01
9.354400000000000048e+00,2.065211501068128896e+00
9.355199999999999960e+00,1.022125424285829309e+00
9.355999999999999872e+00,1.136012196916394767e+00
9.356799999999999784e+00,8.318551697714530180e-01
9.357599999999999696e+00,3.071462299684907249e-01
9.358399999999999608e+00,1.289152614620017401e+00
9.359199999999999520e+00,1.601974473065047366e+00
9.359999999999999432e+00,1.909677477936981907e-02
9.360799999999999343e+00,2.337359588244561248e+00
9.361600000000001032e+00,1.975537865280667660e+00
9.362400000000000944e+00,2.798984777923506861e+00
9.363200000000000855e+00,1.196797008176174959e+00
9.364000000000000767e+00,4.255468395679252308e-02
9.364800000000000679e+00,1.810220680046819242e+00
9.365600000000000591e+00,2.838325100757652653e-01
9.366400000000000503e+00,7.681981581247587787e-02
9.367200000000000415e+00,2.079186396208958509e+00
9.368000000000000327e+00,3.854792164014191891e-01
9.368800000000000239e+00,1.039389723740751892e+00
9.369599999999998374e+00,8.662251452708659150e-01
9.370400000000000063e+00,3.280870724151054851e-01
9.371199999999999974e+00,1.953463331136340297e+00
9.371999999999999886e+00,5.989956021191010782e-01
9.372799999999999798e+00,1.965127996260788643e-02
9.373599999999999710e+00,5.331855640510514416e-01
9.374399999999999622e+00,2.276161120829268913e+00
9.375199999999999534e+00,1.293719206847076864e+00
9.375999999999999446e+00,1.558202339396171698e+00
9.376799999999999358e+00,1.771896610441900666e-01
9.377599999999999270e+00,2.583356754489412044e-01
9.378399999999999181e+00,1.445728461468235748e+00
9.379199999999999093e+00,3.102542834371276870e-01
9.380000000000000782e+00,9.545150510449053327e-02
9.380800000000000693e+00,1.487799032540402910e+00
9.381600000000000605e+00,1.872413195631751126e+00
9.382400000000000517e+00,2.080442214687084235e+00
9.383200000000000429e+00,6.590260178608422503e-01
9.384000000000000341e+00,1.215509891808063125e+00
9.384800000000000253e+00,1.651177353073190676e-02
9.385600000000000165e+00,9.156967831643337830e-01
9.386400000000000077e+00,2.278187919413557916e-01
9.387199999999999989e+00,1.192005077914360278e+00
9.387999999999999901e+00,5.593559959133259651e-01
9.388799999999999812e+00,6.706682797712578692e-01
9.389600000000001501e+00,3.802156421528066765e-01
9.390400000000001413e+00,1.008223170180209266e-01
9.391200000000001324e+00,1.481557465392731032e+00
9.391999999999999460e+00,1.443798417299616776e+00
9.392799999999999372e+00,4.770981822140629158e-01
9.393599999999999284e+00,2.860774162628252348e-01
9.394399999999999196e+00,1.993481836153164988e+00
9.395199999999999108e+00,1.125854766543674446e+00
9.395999999999999019e+00,2.276304442793108507e+00
9.396799999999998931e+00,9.025641362225217401e-01
9.397599999999998843e+00,7.579711176251091587e-01
9.398400000000000531e+00,1.068127422172640673e+00
9.399200000000000443e+00,4.316828546692533797e-01
9.400000000000000355e+00,4.177662677266362756e-01
9.400800000000000267e+00,7.556287848487149850e-01
9.401600000000000179e+00,1.743148099694783237e+00
9.402400000000000091e+00,2.675770485796165055e+00
9.403200000000000003e+00,2.734077665429460735e-01
9.403999999999999915e+00,1.915609266098981189e+00
9.404799999999999827e+00,1.531526303742655193e-01
9.405599999999999739e+00,1.912476498822319737e+00
9.406399999999999650e+00,8.056035708698398023e-01
9.407199999999999562e+00,1.955402052335428520e+00
9.408000000000001251e+00,9.840622083054544333e-01
9.408800000000001162e+00,9.299142303299057222e-01
9.409600000000001074e+00,2.137854163893400994e+00
9.410400000000000986e+00,2.591660860612426398e-01
9.411200000000000898e+00,6.625552487325986339e-01
9.412000000000000810e+00,2.585826608632238788e+00
9.412800000000000722e+00,1.702848321717173929e+00
9.413600000000000634e+00,9.290102773962806149e-01
9.414399999999998769e+00,1.635172924830170516e+00
9.415199999999998681e+00,4.309401724254144361e-01
9.415999999999998593e+00,1.660499713137771227e+00
9.416799999999998505e+00,1.261842259484966977e+00
9.417600000000000193e+00,1.006884533373432200e+00
9.418400000000000105e+00,9.152881459066035397e-02
9.419200000000000017e+00,3.352566087558975227e-01
9.419999999999999929e+00,6.290763345639862614e-01
9.420799999999999841e+00,1.277976126460575457e-01
9.421599999999999753e+00,3.716313363286095628e-01
9.422399999999999665e+00,1.363155471948565678e+00
9.423199999999999577e+00,3.395710859308729429e-02
9.423999999999999488e+00,1.197499839977469005e+00
9.424799999999999400e+00,1.643258876928677559e+00
9.425599999999999312e+00,1.565696992936446375e+00
9.426399999999999224e+00,1.296421520192548416e+00
9.427200000000000912e+00,1.794833119137469124e+00
9.428000000000000824e+00,3.926396585811260387e-01
9.428800000000000736e+00,3.570695334990331982e-01
9.429600000000000648e+00,1.591595206198181511e+00
9.430400000000000560e+00,1.103364513497674837e+00
9.431200000000000472e+00,1.726483896887035074e+00
9.432000000000000384e+00,1.077892251050986294e+00
9.432800000000000296e+00,1.606091640078176175e+00
9.433600000000000207e+00,8.535386272448652889e-01
9.434400000000000119e+00,1.223437380147651687e+00
9.435200000000000031e+00,8.939246034354262349e-01
9.435999999999999943e+00,2.364101664606117481e+00
9.436799999999999855e+00,1.635760264954613463e+00
9.437599999999999767e+00,8.864121287422759288e-01
9.438399999999999679e+00,3.112681189455166475e-01
9.439199999999999591e+00,1.075224268591687959e+00
9.439999999999999503e+00,3.199165963372747057e-01
9.440799999999999415e+00,1.421527877110768223e+00
9.441599999999999326e+00,1.153918701964720794e+00
9.442399999999999238e+00,1.708562492751932949e+00
9.443199999999999150e+00,1.183945689718767902e+00
9.443999999999999062e+00,4.353047798548245750e-01
9.444799999999998974e+00,8.566683333463094296e-01
9.445600000000000662e+00,2.081560708674293547e+00
9.446400000000000574e+00,1.054035936519693628e+00
9.447200000000000486e+00,1.292132233176874312e+00
9.448000000000000398e+00,1.066775118023929186e-02
9.448800000000000310e+00,5.424703292782135922e-01
9.449600000000000222e+00,1.348480747749327691e+00
9.450400000000000134e+00,9.073379616752637045e-01
9.451200000000000045e+00,2.243069226864911503e+00
9.451999999999999957e+00,1.569965213822850092e-01
9.452799999999999869e+00,1.174287672244214153e+00
9.453599999999999781e+00,1.472799190266425584e-01
9.454399999999999693e+00,1.717452342816809807e+00
9.455200000000001381e+00,2.434165631394761553e-01
9.456000000000001293e+00,5.000777267633138568e-01
9.456800000000001205e+00,7.022293809514931207e-01
9.457600000000001117e+00,9.453356163313006988e-01
9.458400000000001029e+00,7.902174221989771707e-01
9.459200000000000941e+00,4.417059059472562277e-01
9.459999999999999076e+00,1.330444119145819670e-01
9.460799999999998988e+00,7.740283004933221633e-01
9.461599999999998900e+00,1.509036663089699193e+00
9.462399999999998812e+00,1.788300549899404679e+00
9.463199999999998724e+00,8.889479443102676903e-01
9.463999999999998636e+00,4.508818451455914866e-02
9.464800000000000324e+00,4.042034590704545738e-01
9.465600000000000236e+00,7.871435913211959345e-01
9.466400000000000148e+00,9.278127847835508923e-01
9.467200000000000060e+00,2.157500408231644240e+00
9.467999999999999972e+00,1.112016300243676481e+00
9.468799999999999883e+00,8.592119067438333535e-02
9.469599999999999795e+00,1.346937577432988808e+00
9.470399999999999707e+00,1.318472127243106584e+00
9.471199999999999619e+00,1.802382094677249968e+00
9.471999999999999531e+00,7.909203600133860590e-01
9.472799999999999443e+00,9.114956634746133046e-01
9.473599999999999355e+00,5.749868907764286163e-01
9.474400000000001043e+00,1.435175693382723328e+00
9.475200000000000955e+00,5.111610323780886311e-01
9.476000000000000867e+00,6.437905513868571461e-01
9.476800000000000779e+00,4.668839381821045520e-01
9.477600000000000691e+00,4.162394943881655984e-02
9.478400000000000603e+00,3.766321554964697227e-01
9.479200000000000514e+00,7.225140109470343797e-01
9.480000000000000426e+00,8.034531467818294415e-01
9.480800000000000338e+00,1.396774545184674476e+00
9.481600000000000250e+00,1.527196192508976758e+00
9.482399999999998386e+00,1.196284026213033647e+00
9.483200000000000074e+00,1.167811440129516320e+00
9.483999999999999986e+00,2.686413947300969052e-01
9.484799999999999898e+00,2.966242030593602697e-01
9.485599999999999810e+00,9.747092222805081585e-01
9.486399999999999721e+00,2.874677985811268099e-01
9.487199999999999633e+00,1.469770238647076344e+00
9.487999999999999545e+00,4.038704776984332612e-01
9.488799999999999457e+00,4.048149427100992959e-02
9.489599999999999369e+00,1.026864619566615122e+00
9.490399999999999281e+00,9.344599121219459015e-01
9.491199999999999193e+00,1.380357038907204181e+00
9.491999999999999105e+00,1.776437931763681921e-01
9.492800000000000793e+00,6.970285654224049887e-01
9.493600000000000705e+00,1.387684577216763637e+00
9.494400000000000617e+00,6.202900062398924996e-01
9.495200000000000529e+00,1.185378778685436674e-01
9.496000000000000441e+00,7.451362647126843486e-01
9.496800000000000352e+00,1.209943357241300976e+00
9.497600000000000264e+00,1.471719564978387851e+00
9.498400000000000176e+00,6.626639427472311716e-01
9.499200000000000088e+00,7.936698130047731281e-01
9.500000000000000000e+00,7.833020929906319152e-01
9.500799999999999912e+00,1.212821607125442958e+00
9.501599999999999824e+00,3.734476094075667163e-01
9.502400000000001512e+00,1.754970762919977334e+00
9.503200000000001424e+00,1.091004396076477478e+00
9.504000000000001336e+00,4.346462564342488122e+00
9.504799999999999471e+00,1.148698902058228555e+00
9.505599999999999383e+00,1.224403504803806220e+00
9.506399999999999295e+00,5.802853151407567633e-01
9.507199999999999207e+00,5.338166789360738740e+00
9.507999999999999119e+00,6.867977295204690247e-01
9.508799999999999031e+00,1.421873425285089254e-01
9.509599999999998943e+00,5.025698749902436369e+00
9.510399999999998855e+00,3.143026793958585419e-01
9.511200000000000543e+00,2.674642799582947816e+00
9.512000000000000455e+00,1.990903091036790640e+00
9.512800000000000367e+00,2.576270944968434562e-01
9.513600000000000279e+00,1.521331543516859508e+00
9.514400000000000190e+00,1.516868053607766331e+00
9.515200000000000102e+00,4.670758869728858231e-01
9.516000000000000014e+00,1.425921320120168367e+00
9.516799999999999926e+00,2.384081322194116503e-01
9.517599999999999838e+00,1.170921776832085204e+00
9.518399999999999750e+00,5.062874944251501974e-01
9.519199999999999662e+00,1.917871077126345192e+00
9.519999999999999574e+00,1.788073538354599146e+00
9.520800000000001262e+00,5.768573850946487891e-01
9.521600000000001174e+00,9.144772222049196708e-01
9.522400000000001086e+00,3.971650296460426111e-01
9.523200000000000998e+00,6.770223134880652971e-01
9.524000000000000909e+00,1.199833925366234309e-02
9.524800000000000821e+00,6.889193230845972460e-01
9.525600000000000733e+00,9.711936099974474157e-01
9.526400000000000645e+00,1.340310209555562793e+00
9.527199999999998781e+00,1.433843229975697131e+00
9.527999999999998693e+00,1.547481468142288596e+00
9.528799999999998604e+00,1.808747791837903851e-01
9.529599999999998516e+00,1.534489131409793927e+00
9.530400000000000205e+00,2.413191424689213438e+00
9.531200000000000117e+00,2.654795854021106294e+00
9.532000000000000028e+00,4.178963985180172980e-01
9.532799999999999940e+00,1.076243938028577318e+00
9.533599999999999852e+00,9.777672300044240039e-01
9.534399999999999764e+00,8.897321454046412947e-01
9.535199999999999676e+00,7.828905444375852674e-02
9.535999999999999588e+00,1.311692435809667767e+00
9.536799999999999500e+00,3.044283583809694882e-01
9.537599999999999412e+00,1.754701904615155073e+00
9.538399999999999324e+00,7.276039905144702225e-01
9.539199999999999235e+00,1.385856587466009371e+00
9.540000000000000924e+00,1.282772558397398677e-01
9.540800000000000836e+00,2.039127361503093372e+00
9.541600000000000747e+00,5.080085246263198462e-01
9.542400000000000659e+00,8.145444047623254802e-01
9.543200000000000571e+00,2.080531853120530794e+00
9.544000000000000483e+00,3.963379813401983753e-01
9.544800000000000395e+00,5.429171855952834580e-01
9.545600000000000307e+00,2.562323183676757932e+00
9.546400000000000219e+00,1.198222521207314539e+00
9.547200000000000131e+00,2.198407367718685279e+00
9.548000000000000043e+00,4.174068223426943280e-01
9.548799999999999955e+00,1.275340600214451385e-02
9.549599999999999866e+00,2.329569728177275145e+00
9.550399999999999778e+00,1.510864905682217207e+00
9.551199999999999690e+00,2.625290831246503753e+00
9.551999999999999602e+00,9.296255370014881725e-02
9.552799999999999514e+00,1.312938691478919562e-01
9.553599999999999426e+00,9.029571706397071518e-01
9.554399999999999338e+00,1.380503198052283720e+00
9.555199999999999250e+00,9.011082664447925827e-01
9.555999999999999162e+00,2.553130931308047677e-02
9.556799999999999073e+00,3.225119764814758372e-01
9.557599999999998985e+00,8.854674158135527051e-01
9.558400000000000674e+00,7.124869760771909144e-01
9.559200000000000585e+00,9.152952144579357130e-01
9.560000000000000497e+00,3.508634872456976028e-01
9.560800000000000409e+00,1.381325240551108946e+00
9.561600000000000321e+00,9.492514237396084686e-01
9.562400000000000233e+00,2.175391186795479381e+00
9.563200000000000145e+00,8.630814803023232340e-01
9.564000000000000057e+00,3.094085094759564669e-02
9.564799999999999969e+00,3.746670131317384467e-01
9.565599999999999881e+00,1.900306637158231338e+00
9.566399999999999793e+00,8.250170066237384470e-01
9.567199999999999704e+00,2.249789954073643461e+00
9.568000000000001393e+00,7.035397595429149220e-01
9.568800000000001305e+00,4.140616748810912462e-01
9.569600000000001216e+00,1.804923548943771827e+00
9.570400000000001128e+00,1.364091763478680219e+00
9.571200000000001040e+00,1.537296140742386408e+00
9.571999999999999176e+00,5.865857288359628274e-01
9.572799999999999088e+00,9.379001602894274647e-01
9.573599999999999000e+00,8.806631702798586314e-01
9.574399999999998911e+00,1.415257524564536906e+00
9.575199999999998823e+00,5.623136586268943082e-01
9.575999999999998735e+00,5.713503879371368832e-01
9.576799999999998647e+00,2.741887304149806179e-02
9.577600000000000335e+00,5.048359799442614371e-01
9.578400000000000247e+00,1.707573730560064673e-01
9.579200000000000159e+00,8.204008351258480491e-01
9.580000000000000071e+00,1.598598476149116765e+00
9.580799999999999983e+00,1.935782304091753669e+00
9.581599999999999895e+00,1.383336518906180812e+00
9.582399999999999807e+00,1.536332827210883600e+00
9.583199999999999719e+00,7.968973992363332925e-01
9.583999999999999631e+00,4.901853002919174807e-01
9.584799999999999542e+00,2.244612638582248743e-01
9.585599999999999454e+00,1.612054466681078102e+00
9.586399999999999366e+00,1.082979742365182130e+00
9.587200000000001054e+00,1.863312436718840726e+00
9.588000000000000966e+00,9.398370976783062547e-01
9.588800000000000878e+00,1.166196825373030155e+00
9.589600000000000790e+00,9.986318394943660692e-01
9.590400000000000702e+00,9.206398688522446916e-01
9.591200000000000614e+00,2.031949411239471814e+00
9.592000000000000526e+00,4.636985403450998300e-01
9.592800000000000438e+00,2.896091589501793573e-01
9.593600000000000350e+00,2.178020310121550340e-01
9.594400000000000261e+00,1.548250929118083041e+00
9.595199999999998397e+00,4.891437863272031228e-01
9.596000000000000085e+00,9.011681109780701471e-01
9.596799999999999997e+00,2.620766460323301072e-01
9.597599999999999909e+00,1.047779899924014657e+00
9.598399999999999821e+00,4.843232740044670082e-01
9.599199999999999733e+00,7.450055089160446675e-01
9.599999999999999645e+00,1.310228558582209990e+00
9.600799999999999557e+00,2.556772877010039746e+00
9.601599999999999469e+00,2.046790436487609277e+00
9.602399999999999380e+00,2.098867147665676836e+00
9.603199999999999292e+00,1.116253372944204653e-01
9.603999999999999204e+00,1.676508525477486078e+00
9.604799999999999116e+00,1.320302222560009175e+00
9.605600000000000804e+00,2.039397100867504697e+00
9.606400000000000716e+00,2.464544578346475889e-01
9.607200000000000628e+00,1.222526277076035006e+00
9.608000000000000540e+00,2.184084851899739554e+00
9.608800000000000452e+00,3.233058383285774551e-01
9.609600000000000364e+00,1.188537494359191093e+00
9.610400000000000276e+00,9.848905045661490165e-01
9.611200000000000188e+00,1.673524489329615506e+00
9.612000000000000099e+00,5.515567153529669087e-01
9.612800000000000011e+00,8.229111529415329418e-01
9.613599999999999923e+00,2.393270389440737222e+00
9.614399999999999835e+00,1.992344287338799758e-01
9.615200000000001523e+00,3.450112266602833877e+00
9.616000000000001435e+00,1.131377690609063125e+00
9.616800000000001347e+00,8.443436019415374583e-01
9.617599999999999483e+00,1.894998151569550426e+00
9.618399999999999395e+00,1.166809563202676037e+00
9.619199999999999307e+00,3.887703068714002952e-01
9.619999999999999218e+00,1.215320088800482257e-01
9.620799999999999130e+00,1.512158989827626199e+00
9.621599999999999042e+00,3.121802551172066578e-02
9.622399999999998954e+00,1.565610440481072452e+00
9.623199999999998866e+00,1.801137683716597770e+00
9.624000000000000554e+00,7.335781204638928965e-02
9.624800000000000466e+00,1.773943895489647149e+00
9.625600000000000378e+00,1.109757878338003989e+00
9.626400000000000290e+00,2.826268133507309765e-01
9.627200000000000202e+00,7.371971560578718385e-01
9.628000000000000114e+00,8.569926338695481594e-01
9.628800000000000026e+00,1.062263750407753671e+00
9.629599999999999937e+00,1.581513268122430205e+00
9.630399999999999849e+00,1.610809478311476806e-01
9.631199999999999761e+00,9.195212327545676523e-01
9.631999999999999673e+00,1.142369586130343562e+00
9.632799999999999585e+00,1.224806105725198130e-01
9.633600000000001273e+00,9.963874933171079640e-01
9.634400000000001185e+00,1.622638774991320476e+00
9.635200000000001097e+00,2.299134583128426002e+00
9.636000000000001009e+00,1.391131566370927164e+00
9.636800000000000921e+00,6.366160367159763300e-01
9.637600000000000833e+00,1.048634654955105106e+00
9.638400000000000745e+00,1.553596707031442259e+00
9.639200000000000657e+00,9.453145954267335727e-01
9.639999999999998792e+00,1.026685467668501994e+00
9.640799999999998704e+00,2.387786133029504987e-01
9.641599999999998616e+00,1.991139483282828859e+00
9.642399999999998528e+00,8.934408470377662725e-01
9.643200000000000216e+00,6.527450947911188350e-02
9.644000000000000128e+00,3.102873359100605244e-01
9.644800000000000040e+00,9.360587178219210713e-01
9.645599999999999952e+00,9.317827027167625564e-01
9.646399999999999864e+00,2.217026529722974981e+00
9.647199999999999775e+00,1.136418800887841529e+00
9.647999999999999687e+00,5.198919833573935056e-01
9.648799999999999599e+00,9.308941898684900407e-01
9.649599999999999511e+00,3.340734014902744242e-01
9.650399999999999423e+00,1.622069702385675605e+00
9.651199999999999335e+00,8.136997791699031035e-01
9.651999999999999247e+00,3.408658259507732491e-02
9.652800000000000935e+00,1.641972952325524870e+00
9.653600000000000847e+00,4.277992656991579379e-01
9.654400000000000759e+00,4.799625744587104337e-01
9.655200000000000671e+00,1.275924619577240460e+00
9.656000000000000583e+00,2.780846372919069248e-02
9.656800000000000495e+00,8.277879209622923673e-01
9.657600000000000406e+00,2.843589301460822116e-01
9.658400000000000318e+00,5.047040555554009877e-01
9.659200000000000230e+00,6.713991693047657305e-01
9.660000000000000142e+00,4.244880732138223145e-01
9.660800000000000054e+00,1.117427667339342401e+00
9.661599999999999966e+00,2.003107147316117054e+00
9.662399999999999878e+00,8.609019829560040638e-01
9.663199999999999790e+00,8.324945643153064401e-01
9.663999999999999702e+00,6.032542707307124719e-01
9.664799999999999613e+00,3.858407531465609663e-01
9.665599999999999525e+00,4.636074066260783000e-01
9.666399999999999437e+00,1.685967780903845359e+00
9.667199999999999349e+00,1.065452851312415516e+00
9.667999999999999261e+00,1.488734768622685278e+00
9.668799999999999173e+00,3.238799301112156859e-01
9.669599999999999085e+00,8.439244388802237262e-01
9.670399999999998997e+00,2.129662188532586597e+00
9.671200000000000685e+00,7.695653197563925296e-01
9.672000000000000597e+00,1.663006989253127677e-01
9.672800000000000509e+00,1.506293102114010685e+00
9.673600000000000421e+00,9.221306967603101756e-02
9.674400000000000333e+00,6.984927442006042542e-01
9.675200000000000244e+00,1.465057695536679638e+00
9.676000000000000156e+00,8.299819648362248836e-01
9.676800000000000068e+00,4.954629552604046805e-01
9.677599999999999980e+00,1.748877696405022331e-01
9.678399999999999892e+00,7.298409982651863359e-01
9.679199999999999804e+00,1.290088088038119363e-01
9.679999999999999716e+00,1.164895275601841140e+00
9.680800000000001404e+00,1.132249356436626941e+00
9.681600000000001316e+00,1.842772179371325425e+00
9.682400000000001228e+00,5.091295715231011210e-01
9.683200000000001140e+00,9.662887770543412969e-02
9.684000000000001052e+00,1.186276560447788349e-02
9.684799999999999187e+00,5.787425936350983902e-01
9.685599999999999099e+00,1.270130963502178467e+00
9.686399999999999011e+00,1.918902540833978598e+00
9.687199999999998923e+00,5.219748680083723391e-01
9.687999999999998835e+00,6.568729199501329719e-01
9.688799999999998747e+00,1.061776420103688057e-01
9.689599999999998658e+00,7.406726836983845708e-01
9.690400000000000347e+00,2.216784804013723242e+00
9.691200000000000259e+00,9.469859704087160157e-01
9.692000000000000171e+00,3.782203122290148101e-01
9.692800000000000082e+00,8.707892781687811556e-01
9.693599999999999994e+00,1.588378910524335663e-01
9.694399999999999906e+00,7.758552416337299862e-02
9.695199999999999818e+00,1.593147741755472246e+00
9.695999999999999730e+00,1.005266401907990215e+00
9.696799999999999642e+00,1.404434864242710024e+00
9.697599999999999554e+00,6.484891606543926601e-01
9.698399999999999466e+00,8.083419744243390825e-01
9.699199999999999378e+00,3.250757429134542020e-01
9.700000000000001066e+00,9.211869186667124287e-01
9.700800000000000978e+00,6.072124533749795328e-01
9.701600000000000890e+00,2.053234048459244843e+00
9.702400000000000801e+00,1.962798851782178611e+00
9.703200000000000713e+00,1.620334265365497739e+00
9.704000000000000625e+00,2.793605518532481735e+00
9.704800000000000537e+00,7.631731637524191703e-01
9.705600000000000449e+00,3.487336846555383563e+00
9.706400000000000361e+00,6.405024202477805906e-01
9.707200000000000273e+00,2.971098519390983572e+00
9.707999999999998408e+00,1.397699477251259426e+00
9.708800000000000097e+00,1.157870828408767094e+00
9.709600000000000009e+00,4.546702934611481339e+00
9.710399999999999920e+00,1.597592061172525280e-01
9.711199999999999832e+00,2.880721215441278460e+00
9.711999999999999744e+00,3.420465021353025659e+00
9.712799999999999656e+00,1.418155863901961800e+00
9.713599999999999568e+00,2.614015197896798703e+00
9.714399999999999480e+00,2.287244064850616265e+00
9.715199999999999392e+00,9.469184721719283715e-01
9.715999999999999304e+00,2.407474796940736184e+00
9.716799999999999216e+00,5.920487239908028831e-01
9.717599999999999127e+00,1.211659086334803570e+00
9.718400000000000816e+00,3.952791458196009966e-01
9.719200000000000728e+00,1.166954610590907659e+00
9.720000000000000639e+00,2.355834935553902942e-01
9.720800000000000551e+00,9.375750392411577039e-01
9.721600000000000463e+00,1.351105817204127924e+00
9.722400000000000375e+00,1.057695146786506446e-01
9.723200000000000287e+00,1.573662519833863294e-01
9.724000000000000199e+00,1.068125125713745849e+00
9.724800000000000111e+00,5.258435248924037131e-01
9.725600000000000023e+00,4.838275275599460135e-01
9.726399999999999935e+00,1.848935353893804479e+00
9.727199999999999847e+00,7.199091717315828642e-01
9.728000000000001535e+00,1.017437816804655393e+00
9.728800000000001447e+00,4.399307409836750171e-01
9.729600000000001359e+00,7.673539295715261499e-01
9.730399999999999494e+00,2.869421305546526746e+00
9.731199999999999406e+00,1.032800908872227197e+00
9.731999999999999318e+00,3.030391558897809201e-01
9.732799999999999230e+00,1.554493801967898881e+00
9.733599999999999142e+00,8.246169521383733825e-01
9.734399999999999054e+00,2.063742326499003535e-02
9.735199999999998965e+00,1.230030388030365351e+00
9.735999999999998877e+00,1.069527085374698760e+00
9.736800000000000566e+00,4.826285249325739102e-01
9.737600000000000477e+00,9.422330441247586119e-01
9.738400000000000389e+00,1.494696764737092620e-01
9.739200000000000301e+00,8.145068168531421904e-01
9.740000000000000213e+00,2.697141661418270969e-02
9.740800000000000125e+00,2.040267548601595760e+00
9.741600000000000037e+00,4.251729744106136355e-01
9.742399999999999949e+00,1.157904544409969150e+00
9.743199999999999861e+00,1.670093232834432673e+00
9.743999999999999773e+00,7.714730700155606469e-01
9.744799999999999685e+00,1.872371744621728895e-01
9.745599999999999596e+00,2.684048530206964323e+00
9.746400000000001285e+00,1.720005182721896730e+00
9.747200000000001197e+00,1.960783785974391069e+00
9.748000000000001108e+00,3.021427313635136058e-01
9.748800000000001020e+00,7.272191218367994869e-01
9.749600000000000932e+00,1.745540121160557900e+00
9.750400000000000844e+00,8.552993849699892515e-01
9.751200000000000756e+00,2.384562508109043133e+00
9.752000000000000668e+00,5.208747556164233794e-01
9.752799999999998803e+00,4.351689481677460392e-01
9.753599999999998715e+00,7.812933032272751932e-01
9.754399999999998627e+00,1.445177874018128028e+00
9.755199999999998539e+00,6.515150833456928581e-01
9.756000000000000227e+00,1.236094288449280931e+00
9.756800000000000139e+00,3.425271199423037261e-01
9.757600000000000051e+00,1.130484775251163754e+00
9.758399999999999963e+00,6.403835549137229521e-02
9.759199999999999875e+00,1.307086863286714307e+00
9.759999999999999787e+00,2.420895896506320699e-01
9.760799999999999699e+00,2.355233036592671247e+00
9.761599999999999611e+00,1.287625681906730879e+00
9.762399999999999523e+00,1.813453525405272160e+00
9.763199999999999434e+00,1.184773847736100505e+00
9.763999999999999346e+00,7.822990929025246398e-01
9.764799999999999258e+00,1.317918480217810551e+00
9.765600000000000946e+00,1.090022167371659911e+00
9.766400000000000858e+00,1.162395248934493530e+00
9.767200000000000770e+00,2.773169392699490032e+00
9.768000000000000682e+00,7.366381318584367399e-01
9.768800000000000594e+00,8.474567306761247032e-01
9.769600000000000506e+00,2.076299025107513962e+00
9.770400000000000418e+00,1.713998844982321579e+00
9.771200000000000330e+00,2.034990127401315796e+00
9.772000000000000242e+00,5.258220110474637332e-01
9.772800000000000153e+00,7.309269316121831672e-02
9.773600000000000065e+00,2.970588242963632108e-01
9.774399999999999977e+00,9.482363314520372288e-01
9.775199999999999889e+00,7.767625720237886222e-01
9.775999999999999801e+00,1.390674637822405746e+00
9.776799999999999713e+00,2.160131053443027083e-01
9.777599999999999625e+00,1.772290119237677347e-02
9.778399999999999537e+00,2.753079286886470634e-01
9.779199999999999449e+00,1.036248661336015564e+00
9.779999999999999361e+00,9.418341988020135780e-01
9.780799999999999272e+00,1.814906464932751984e+00
9.781599999999999184e+00,1.722806520171046074e+00
9.782399999999999096e+00,6.071727036090491803e-01
9.783199999999999008e+00,1.694227733477694092e-02
9.784000000000000696e+00,3.734907444642256991e-01
9.784800000000000608e+00,1.214848580496525471e-01
9.785600000000000520e+00,1.006243060592837191e+00
9.786400000000000432e+00,9.839605001498573644e-01
9.787200000000000344e+00,1.587900747761165965e+00
9.788000000000000256e+00,1.357366927540541168e-01
9.788800000000000168e+00,5.772878272052038851e-01
9.789600000000000080e+00,9.381391210013106940e-01
9.790399999999999991e+00,1.430305416624391146e+00
9.791199999999999903e+00,1.971444156237937451e+00
9.791999999999999815e+00,5.004070159489700798e-01
9.792799999999999727e+00,1.244926537828813101e-01
9.793600000000001415e+00,3.061787471916981862e-01
9.794400000000001327e+00,8.465057036841522331e-01
9.795200000000001239e+00,1.933592828513070461e-01
9.796000000000001151e+00,1.507244446457881804e+00
9.796800000000001063e+00,3.607177337218561153e-01
9.797599999999999199e+00,6.818255110317207324e-01
9.798399999999999110e+00,1.266189768350388656e-01
9.799199999999999022e+00,1.096244434307285465e+00
9.799999999999998934e+00,5.385165703007264160e-01
9.800799999999998846e+00,2.086532063359066491e+00
9.801599999999998758e+00,1.558319232339657301e+00
9.802399999999998670e+00,1.985267275463976633e+00
9.803200000000000358e+00,2.421347836341749549e-01
9.804000000000000270e+00,1.887621258268460389e-01
9.804800000000000182e+00,1.287834613707462827e-01
9.805600000000000094e+00,1.093112794790478848e+00
9.806400000000000006e+00,1.334415467227621832e+00
9.807199999999999918e+00,2.595258480007763602e+00
9.807999999999999829e+00,1.470776065014125222e-01
9.808799999999999741e+00,4.447119780536614719e-01
9.809599999999999653e+00,1.243845185747389781e+00
9.810399999999999565e+00,1.018070953720981109e+00
9.811199999999999477e+00,1.480517098698548750e+00
9.811999999999999389e+00,7.675231606378797311e-01
9.812800000000001077e+00,2.476637434189176701e-01
9.813600000000000989e+00,4.448378379589636861e-02
9.814400000000000901e+00,1.008894300406937727e+00
9.815200000000000813e+00,2.664947033518555441e-01
9.816000000000000725e+00,5.732463552897720804e-01
9.816800000000000637e+00,4.121783437713942289e-01
9.817600000000000549e+00,2.056306162578942220e-01
9.818400000000000460e+00,1.432756156412805792e-01
9.819200000000000372e+00,8.463771197166926052e-01
9.819999999999998508e+00,3.658526666233584135e-01
9.820799999999998420e+00,1.348612454172125830e+00
9.821600000000000108e+00,9.535473492426590481e-01
9.822400000000000020e+00,1.038335281196691495e+00
9.823199999999999932e+00,8.699581328923428059e-01
9.823999999999999844e+00,1.388302132186011451e-01
9.824799999999999756e+00,3.349260020532784932e-01
9.825599999999999667e+00,3.070057696193574936e-01
9.826399999999999579e+00,1.019421366985248101e+00
9.827199999999999491e+00,1.968239417393979895e+00
9.827999999999999403e+00,9.213195082590562857e-01
9.828799999999999315e+00,9.988323687824544050e-01
9.829599999999999227e+00,7.017279800304325743e-01
9.830399999999999139e+00,1.455706198260570350e+00
9.831200000000000827e+00,1.934923092764099684e+00
9.832000000000000739e+00,7.848736174621341599e-02
9.832800000000000651e+00,7.714381903317190092e-01
9.833600000000000563e+00,2.804744492274595657e-01
9.834400000000000475e+00,5.728928306931130310e-01
9.835200000000000387e+00,3.506650395396698761e-01
9.836000000000000298e+00,1.198639598544856577e+00
9.836800000000000210e+00,2.837003867558801629e-02
9.837600000000000122e+00,1.392647842182609397e-01
9.838400000000000034e+00,6.372111456418103614e-01
9.839199999999999946e+00,8.775805710902541135e-01
9.839999999999999858e+00,1.123132427026038327e+00
9.840800000000001546e+00,2.259846887072607835e+00
9.841600000000001458e+00,2.835163821794267403e+00
9.842400000000001370e+00,1.330882552123946683e+00
9.843199999999999505e+00,8.346399428521942276e-01
9.843999999999999417e+00,1.419133573007836380e-01
9.844799999999999329e+00,1.061048495929097467e-02
9.845599999999999241e+00,1.168594373424074462e+00
9.846399999999999153e+00,1.230314322544882266e+00
9.847199999999999065e+00,1.734523620657089760e+00
9.847999999999998977e+00,4.377849719656442540e-01
9.848799999999998889e+00,3.051943926762821224e-01
9.849599999999998801e+00,3.687630762965106168e-01
9.850400000000000489e+00,4.544176889947850739e-01
9.851200000000000401e+00,1.722242906220849745e+00
9.852000000000000313e+00,2.372941206447575294e-02
9.852800000000000225e+00,3.650631179257680103e-01
9.853600000000000136e+00,7.883668093467173232e-01
9.854400000000000048e+00,1.316593919018312686e+00
9.855199999999999960e+00,5.480914040654432107e-01
9.855999999999999872e+00,5.710223352213389392e-01
9.856799999999999784e+00,2.816607584845431389e-01
9.857599999999999696e+00,1.202834853088032563e-01
9.858399999999999608e+00,3.931829958898633848e-01
9.859199999999999520e+00,7.339835484678258748e-01
9.860000000000001208e+00,4.773048623652363653e-02
9.860800000000001120e+00,1.228319473085898839e+00
9.861600000000001032e+00,2.430266596670467738e+00
9.862400000000000944e+00,1.968888789580036436e+00
9.863200000000000855e+00,1.438702497578840667e-01
9.864000000000000767e+00,1.983355738009965619e-01
9.864800000000000679e+00,5.613750162599148164e-01
9.865599999999998815e+00,7.103269817992832746e-02
9.866399999999998727e+00,3.531813264398236396e-01
9.867199999999998639e+00,1.390165335269111235e+00
9.867999999999998550e+00,2.563798471248500688e-01
9.868800000000000239e+00,7.569275939708541324e-03
9.869600000000000151e+00,9.512083807265196977e-01
9.870400000000000063e+00,1.383624838597292239e+00
9.871199999999999974e+00,1.663207578097919859e+00
9.871999999999999886e+00,1.348786200556655046e-01
9.872799999999999798e+00,5.082559925020315728e-01
9.873599999999999710e+00,4.845678808655233816e-01
9.874399999999999622e+00,1.823064139774929204e+00
9.875199999999999534e+00,1.293540732505786606e+00
9.875999999999999446e+00,9.353571088748295903e-01
9.876799999999999358e+00,8.713179198695107652e-02
9.877599999999999270e+00,7.638742075180390279e-01
9.878400000000000958e+00,6.685934865214371303e-01
9.879200000000000870e+00,5.367663823197441619e-01
9.880000000000000782e+00,3.138870405553372822e-01
9.880800000000000693e+00,1.289159015156941868e+00
9.881600000000000605e+00,2.159740148979504504e+00
9.882400000000000517e+00,1.337011443006911326e+00
9.883200000000000429e+00,2.904194959792852915e-01
9.884000000000000341e+00,5.392297654978542298e-02
9.884800000000000253e+00,4.968144043775216123e-01
9.885600000000000165e+00,7.646926423218043667e-02
9.886400000000000077e+00,4.666178180338879655e-01
9.887199999999999989e+00,7.613538764733609465e-01
9.887999999999999901e+00,3.379590086996265286e-01
9.888799999999999812e+00,9.474462580739712037e-02
9.889599999999999724e+00,4.572745573458786850e-01
9.890399999999999636e+00,9.581618837028990088e-01
9.891199999999999548e+00,1.054747218566076894e+00
9.891999999999999460e+00,5.941210278207020856e-01
9.892799999999999372e+00,1.305428838086892362e+00
9.893599999999999284e+00,1.009017983259208329e-01
9.894399999999999196e+00,9.033971780116705208e-01
9.895199999999999108e+00,6.182911702020414957e-01
9.895999999999999019e+00,1.511310830237947211e+00
9.896800000000000708e+00,1.194089837885492944e+00
9.897600000000000620e+00,2.161841374329352417e-01
9.898400000000000531e+00,5.448311345582337317e-01
9.899200000000000443e+00,3.013962413783515260e-01
9.900000000000000355e+00,2.054057756564929005e-01
9.900800000000000267e+00,9.118939809347108572e-01
9.901600000000000179e+00,1.840648545441885719e+00
9.902400000000000091e+00,2.156037957253178483e+00
9.903200000000000003e+00,5.245879742714535388e-01
9.903999999999999915e+00,2.469118154595224268e-01
9.904799999999999827e+00,7.852403401311244258e-01
9.905599999999999739e+00,1.008357419703785007e+00
9.906400000000001427e+00,1.383664956243392252e+00
9.907200000000001339e+00,1.274897890427509450e+00
9.908000000000001251e+00,2.585084496604837523e-01
9.908800000000001162e+00,9.346951027931917899e-01
9.909600000000001074e+00,1.241168241428531660e+00
9.910399999999999210e+00,6.345477456910889602e-01
9.911199999999999122e+00,5.774413867103909137e-01
9.911999999999999034e+00,1.471891475831859974e+00
9.912799999999998946e+00,1.806863401771241495e+00
9.913599999999998857e+00,7.212732184466221289e-03
9.914399999999998769e+00,1.028432528291704173e+00
9.915199999999998681e+00,7.100311341485823213e-01
9.916000000000000369e+00,1.105675950911203964e+00
9.916800000000000281e+00,6.112927276062972703e-01
9.917600000000000193e+00,1.834936040912734101e-01
9.918400000000000105e+00,3.072031685578251459e-01
9.919200000000000017e+00,1.990370092486504483e-01
9.919999999999999929e+00,2.753194157713522924e-02
9.920799999999999841e+00,1.935232333828643125e-01
9.921599999999999753e+00,1.548352119848569686e+00
9.922399999999999665e+00,1.727582086253120375e+00
9.923199999999999577e+00,3.121423319942327468e-01
9.923999999999999488e+00,9.968703106535028446e-01
9.924799999999999400e+00,1.384299843238267602e+00
9.925600000000001089e+00,1.212993676935883114e+00
9.926400000000001000e+00,1.436128698072831167e+00
9.927200000000000912e+00,1.504003297156869756e+00
9.928000000000000824e+00,6.992364722882429273e-01
9.928800000000000736e+00,3.928214838285435939e-01
9.929600000000000648e+00,1.141715298928719369e+00
9.930400000000000560e+00,1.589169276633154437e+00
9.931200000000000472e+00,1.630339761012483457e+00
9.932000000000000384e+00,9.192991500885550060e-01
9.932799999999998519e+00,2.017988196287164637e+00
9.933599999999998431e+00,8.288159903938216999e-01
9.934400000000000119e+00,6.323320744068025023e-01
9.935200000000000031e+00,1.358050186067623066e+00
9.935999999999999943e+00,1.575418435975081577e+00
9.936799999999999855e+00,1.822965118336140611e+00
9.937599999999999767e+00,8.541455047270342105e-01
9.938399999999999679e+00,2.311885711679904920e-01
9.939199999999999591e+00,8.101554431718748228e-01
9.939999999999999503e+00,7.347512146667395383e-01
9.940799999999999415e+00,9.316215886959793302e-01
9.941599999999999326e+00,1.229729974997919584e+00
9.942399999999999238e+00,4.779071231584060553e-01
9.943199999999999150e+00,1.200474292691432909e+00
9.944000000000000838e+00,4.274642376695084733e-01
9.944800000000000750e+00,8.956349586158586229e-01
9.945600000000000662e+00,1.567885626390178810e+00
9.946400000000000574e+00,1.653894875415975019e+00
9.947200000000000486e+00,1.259547868161341455e+00
9.948000000000000398e+00,5.745203873407036532e-01
9.948800000000000310e+00,1.083621500130192539e+00
9.949600000000000222e+00,8.399435977703144651e-01
9.950400000000000134e+00,1.733459214924140124e+00
9.951200000000000045e+00,2.006502524931823128e+00
9.951999999999999957e+00,5.412051085235450865e-01
9.952799999999999869e+00,1.328575994096172108e+00
9.953600000000001558e+00,2.654224828194031577e-02
9.954400000000001469e+00,1.233595492050913567e+00
9.955200000000001381e+00,1.170294776340607135e-01
9.955999999999999517e+00,2.411840729629262103e-01
9.956799999999999429e+00,1.298777205395969192e+00
9.957599999999999341e+00,5.064861441452008783e-01
9.958399999999999253e+00,7.912545116484051566e-02
9.959199999999999164e+00,2.918973094046114491e-01
9.959999999999999076e+00,3.295458570035902368e-01
9.960799999999998988e+00,4.225467591359222674e-01
9.961599999999998900e+00,1.665195049538326311e+00
9.962399999999998812e+00,1.191053408151826698e+00
9.963200000000000500e+00,6.434661131818099067e-01
9.964000000000000412e+00,7.502657609416958362e-01
9.964800000000000324e+00,1.283274295915771968e-01
9.965600000000000236e+00,8.828848562073323691e-01
9.966400000000000148e+00,1.346538646366999492e+00
9.967200000000000060e+00,2.229630858913301150e+00
9.967999999999999972e+00,1.520155067156957474e+00
9.968799999999999883e+00,1.691052173920141177e-01
9.969599999999999795e+00,9.655869078434503594e-01
9.970399999999999707e+00,1.539692787286738751e+00
9.971199999999999619e+00,1.104606860994557183e+00
9.971999999999999531e+00,2.276848872152305303e-01
9.972800000000001219e+00,1.203812771786297198e+00
9.973600000000001131e+00,1.387125333438873620e-01
9.974400000000001043e+00,1.084966678146768171e+00
9.975200000000000955e+00,4.645432883067296959e-01
9.976000000000000867e+00,4.505999510933643704e-01
9.976800000000000779e+00,3.763809964090120697e-01
9.977600000000000691e+00,2.400122070217290404e-01
9.978399999999998826e+00,4.310228399604736360e-01
9.979199999999998738e+00,4.744362065229349446e-01
9.979999999999998650e+00,1.583478329382299599e+00
9.980799999999998562e+00,1.103976607261075937e+00
9.981600000000000250e+00,1.435468160225605416e+00
9.982400000000000162e+00,8.048391327282069518e-01
9.983200000000000074e+00,2.658221396672187931e-01
9.983999999999999986e+00,1.697954923760867374e-01
9.984799999999999898e+00,8.750881438158865100e-01
9.985599999999999810e+00,1.088514711189373374e+00
9.986399999999999721e+00,1.264752744600924128e+00
9.987199999999999633e+00,1.485466926251593822e+00
9.987999999999999545e+00,1.060934092402257889e+00
9.988799999999999457e+00,6.048826452150687927e-02
9.989599999999999369e+00,3.831968913684495326e-01
9.990399999999999281e+00,9.198580674137307733e-01
9.991200000000000969e+00,1.082193280326933404e+00
9.992000000000000881e+00,2.928388472106470686e-01
9.992800000000000793e+00,1.504392236830108365e+00
9.993600000000000705e+00,5.234685552113272911e-01
9.994400000000000617e+00,3.407187570985599767e-01
9.995200000000000529e+00,6.005754696197139753e-01
9.996000000000000441e+00,8.181707317481392572e-01
9.996800000000000352e+00,1.249316134111086996e+00
9.997600000000000264e+00,7.035547594561246676e-01
9.998400000000000176e+00,3.622667487990914870e-01
9.999200000000000088e+00,6.480255934509113747e-01
1.000000000000000000e+01,1.229502340960885176e+00
1.000079999999999991e+01,1.049366995109253242e+00
1.000159999999999982e+01,1.922703939408980656e+00
1.000239999999999974e+01,1.789974729783641916e+00
1.000319999999999965e+01,3.941002044319868447e-01
1.000399999999999956e+01,5.811495811177076476e-01
1.000479999999999947e+01,9.243052661966537631e-01
1.000559999999999938e+01,1.318126107916910872e+00
1.000639999999999930e+01,1.665228882539580679e+00
1.000719999999999921e+01,1.814450454638430354e+00
1.000799999999999912e+01,1.139915589557224829e+00
1.000879999999999903e+01,8.926417362400742572e-01
1.000960000000000072e+01,1.470752863454019232e+00
1.001040000000000063e+01,1.579102118118188791e+00
1.001120000000000054e+01,9.378590405874911440e-01
1.001200000000000045e+01,2.008983996548888984e-01
1.001280000000000037e+01,1.542491091985775720e+00
1.001360000000000028e+01,2.436588966620491237e-01
1.001440000000000019e+01,1.076677261530627705e+00
1.001520000000000010e+01,1.014609022493095924e+00
1.001600000000000001e+01,3.500489228126325153e-02
1.001679999999999993e+01,3.116240763554145032e-01
1.001759999999999984e+01,7.189119976291487024e-01
1.001839999999999975e+01,4.823585191844529385e-01
1.001920000000000144e+01,5.718216665653506059e-01
1.002000000000000135e+01,1.008886251154983649e+00
1.002080000000000126e+01,3.407939915636390982e-01
1.002160000000000117e+01,1.602912626318529155e+00
1.002240000000000109e+01,1.075522671346837988e+00
1.002319999999999922e+01,3.383138926035635374e-01
1.002399999999999913e+01,9.753187601062897338e-02
1.002479999999999905e+01,1.031254791312167685e+00
1.002559999999999896e+01,1.190669029468093720e+00
1.002639999999999887e+01,1.550802432293601152e+00
1.002719999999999878e+01,1.053445663725135706e+00
1.002799999999999869e+01,8.732590515604040649e-01
1.002880000000000038e+01,7.693838629556429831e-01
1.002960000000000029e+01,1.311893771557976818e+00
1.003040000000000020e+01,2.436511667715774099e+00
1.003120000000000012e+01,1.892650558775105019e+00
1.003200000000000003e+01,4.058708396834329601e-01
1.003279999999999994e+01,1.799822707383000875e+00
1.003359999999999985e+01,5.756868397071001064e-01
1.003439999999999976e+01,4.385868839134110519e-01
1.003519999999999968e+01,9.913427057828877453e-01
1.003599999999999959e+01,6.097178645431863275e-01
1.003679999999999950e+01,1.278416247448327159e+00
1.003759999999999941e+01,5.428978812378916219e-01
1.003840000000000110e+01,1.531103695460789837e-01
1.003920000000000101e+01,7.081119918913485467e-01
1.004000000000000092e+01,1.548137006977079677e+00
1.004080000000000084e+01,1.582506664005550068e+00
1.004160000000000075e+01,1.087562530547421247e+00
1.004240000000000066e+01,1.166114598280047349e-01
1.004320000000000057e+01,1.144413627992840077e+00
1.004400000000000048e+01,1.220875583499720918e+00
1.004480000000000040e+01,8.200637706256108661e-01
1.004559999999999853e+01,1.564882788026361604e+00
1.004639999999999844e+01,2.036063082988083472e+00
1.004720000000000013e+01,1.598822830596001277e+00
1.004800000000000004e+01,7.684372261120239189e-01
1.004879999999999995e+01,1.493830366081786154e-01
1.004959999999999987e+01,1.328760996626269009e+00
1.005039999999999978e+01,1.627889082156920297e+00
1.005119999999999969e+01,1.596223430372304408e+00
1.005199999999999960e+01,6.093605715727483663e-01
1.005279999999999951e+01,1.290752214609083071e+00
1.005359999999999943e+01,4.474565432584046154e-01
1.005439999999999934e+01,7.848080996474384730e-01
1.005519999999999925e+01,4.295754708092055368e-02
1.005599999999999916e+01,7.792925283430431893e-01
1.005680000000000085e+01,5.978555343632183661e-01
1.005760000000000076e+01,2.515087031901613868e-01
1.005840000000000067e+01,2.532702283981130495e-02
1.005920000000000059e+01,8.773814931915276116e-02
1.006000000000000050e+01,7.973977288462670565e-02
1.006080000000000041e+01,1.050694079959019644e+00
1.006160000000000032e+01,1.300359174244521743e+00
1.006240000000000023e+01,1.081545805714568376e+00
1.006320000000000014e+01,9.854413627537021714e-02
1.006400000000000006e+01,7.033883035611568912e-01
1.006479999999999997e+01,2.387202752301839301e-02
1.006559999999999988e+01,4.646060269928283804e-01
1.006640000000000157e+01,1.726294039044185213e+00
1.006720000000000148e+01,2.218314344327829257e+00
1.006800000000000139e+01,1.958290337864855291e+00
1.006879999999999953e+01,1.656856266863092342e-01
1.006959999999999944e+01,1.150901804852375365e+00
1.007039999999999935e+01,1.643809113799692412e+00
1.007119999999999926e+01,1.129157019891888547e+00
1.007199999999999918e+01,2.558577957314184803e-01
1.007279999999999909e+01,1.018478578910369858e+00
1.007359999999999900e+01,3.624793112159764297e-01
1.007439999999999891e+01,1.035418527876394990e+00
1.007519999999999882e+01,1.194506139511938070e+00
1.007600000000000051e+01,1.737106845196118576e-01
1.007680000000000042e+01,1.171761441297695661e-01
1.007760000000000034e+01,3.302628538276873305e-01
1.007840000000000025e+01,1.231351086080912788e-01
1.007920000000000016e+01,7.238453976761785036e-01
1.008000000000000007e+01,1.781137270701809605e+00
1.008079999999999998e+01,1.693555670870971586e+00
1.008159999999999989e+01,1.801720816433962424e+00
1.008239999999999981e+01,1.071788223328279610e+00
1.008319999999999972e+01,4.669962652602079878e-01
1.008399999999999963e+01,5.956862011806868251e-01
1.008479999999999954e+01,4.180298354779918291e-01
1.008560000000000123e+01,1.057792680744098712e+00
1.008640000000000114e+01,1.268416160709161966e+00
1.008720000000000105e+01,1.270920547712766968e+00
1.008800000000000097e+01,1.536669483581754259e+00
1.008880000000000088e+01,8.246074150139079961e-01
1.008960000000000079e+01,2.708102121719913047e-01
1.009040000000000070e+01,1.182047642348895922e+00
1.009119999999999884e+01,1.234159882886875614e+00
1.009199999999999875e+01,6.114738602335484385e-01
1.009279999999999866e+01,4.937526725432500596e-01
1.009359999999999857e+01,6.899714673595801206e-02
1.009440000000000026e+01,6.395171950005560380e-01
1.009520000000000017e+01,1.014635081508859615e+00
1.009600000000000009e+01,4.469463691633943081e-01
1.009680000000000000e+01,4.597356042346084082e-01
1.009759999999999991e+01,7.627351572425672410e-01
1.009839999999999982e+01,2.901931751423749151e-01
1.009919999999999973e+01,1.756855554120767826e-01
1.009999999999999964e+01,1.386032661024043211e+00
1.010079999999999956e+01,1.923768695997063238e+00
1.010159999999999947e+01,2.052140482131955324e+00
1.010239999999999938e+01,1.721394996863364613e+00
1.010319999999999929e+01,4.282896044095459431e-01
1.010400000000000098e+01,1.112036631557401734e+00
1.010480000000000089e+01,2.183101192323004536e-01
1.010560000000000080e+01,9.949738531807202913e-01
1.010640000000000072e+01,1.519216995138295223e+00
1.010720000000000063e+01,1.228479805215960230e+00
1.010800000000000054e+01,1.140027988007330073e+00
1.010880000000000045e+01,1.765635467919771939e-01
1.010960000000000036e+01,3.948663877531864985e-01
1.011040000000000028e+01,1.073454381320032569e+00
1.011120000000000019e+01,6.830824102400404607e-01
1.011200000000000010e+01,4.527485151934407814e-01
1.011280000000000001e+01,4.982428453155600401e-02
1.011359999999999992e+01,1.012517145663485385e+00
1.011439999999999984e+01,1.825065237473258994e+00
1.011519999999999975e+01,1.567937391476672992e+00
1.011599999999999966e+01,1.103732456201330925e-01
1.011679999999999957e+01,1.286530861342810583e-01
1.011759999999999948e+01,1.891211026476638246e-01
1.011839999999999939e+01,3.988268331965769131e-01
1.011919999999999931e+01,1.556035607854946712e-01
1.011999999999999922e+01,1.190185216026572679e+00
1.012079999999999913e+01,1.695283800942682051e+00
1.012159999999999904e+01,2.152677544174213864e+00
1.012240000000000073e+01,1.048642000232473448e+00
1.012320000000000064e+01,1.931371310695828847e-01
1.012400000000000055e+01,6.668288003786216889e-01
1.012480000000000047e+01,6.358988798909152029e-01
1.012560000000000038e+01,2.488613260269666450e-01
1.012640000000000029e+01,2.338640395137828454e-01
1.012720000000000020e+01,4.778756652967161012e-01
1.012800000000000011e+01,1.308653296524821874e+00
1.012880000000000003e+01,6.151042067322458617e-01
1.012959999999999994e+01,5.249883254000594635e-01
1.013039999999999985e+01,1.337790185315453462e+00
1.013119999999999976e+01,3.960475405255648451e-01
1.013200000000000145e+01,1.430660699631299826e-01
1.013280000000000136e+01,5.787758235982680688e-01
1.013360000000000127e+01,3.866587476737822215e-01
1.013440000000000119e+01,1.689495078418160601e+00
1.013520000000000110e+01,2.256812496198635110e+00
1.013599999999999923e+01,1.227162731798982831e+00
1.013679999999999914e+01,2.511016457101953314e-01
1.013759999999999906e+01,9.422996558808006684e-01
1.013839999999999897e+01,1.123993933609333418e+00
1.013919999999999888e+01,1.264411309664759564e+00
1.013999999999999879e+01,3.135986519867756117e-01
1.014079999999999870e+01,8.523115689699483077e-01
1.014160000000000039e+01,1.964615753702613876e+00
1.014240000000000030e+01,1.063942340132003839e+00
1.014320000000000022e+01,3.833052579156394635e-01
1.014400000000000013e+01,2.453677425145441571e-01
1.014480000000000004e+01,6.000528087362558827e-01
1.014559999999999995e+01,1.008347502265542817e+00
1.014639999999999986e+01,1.242129053542945893e+00
1.014719999999999978e+01,3.998276684606710124e-02
1.014799999999999969e+01,1.997402530655070507e-01
1.014879999999999960e+01,3.929326422919037776e-01
1.014959999999999951e+01,5.959476190760327752e-01
1.015039999999999942e+01,8.476542646561181504e-01
1.015120000000000111e+01,4.286598618800001315e-02
1.015200000000000102e+01,3.961984643739151490e-01
1.015280000000000094e+01,1.962426004885394981e+00
1.015360000000000085e+01,5.538964910128995056e-01
1.015440000000000076e+01,9.460281850592823227e-01
1.015520000000000067e+01,1.320245227571087865e+00
1.015600000000000058e+01,9.331367465420804530e-01
1.015680000000000049e+01,1.287522759210403267e+00
1.015760000000000041e+01,7.167518206034269035e-01
1.015839999999999854e+01,8.085325320237580771e-01
1.015919999999999845e+01,3.358469344147725355e-01
1.016000000000000014e+01,2.008413401920036145e-01
1.016080000000000005e+01,6.752583437717246499e-03
1.016159999999999997e+01,1.533270276882807037e+00
1.016239999999999988e+01,9.689686541048871948e-01
1.016319999999999979e+01,2.137269261459560088e-01
1.016399999999999970e+01,1.260146216890571380e-01
1.016479999999999961e+01,6.664988124409092496e-01
1.016559999999999953e+01,1.736268635832770135e+00
1.016639999999999944e+01,2.242558336330111146e+00
1.016719999999999935e+01,1.015488996066223004e+00
1.016799999999999926e+01,1.091229840949240470e+00
1.016879999999999917e+01,1.460078929021439986e-01
1.016960000000000086e+01,1.981351087004599609e+00
1.017040000000000077e+01,2.868568048966747330e+00
1.017120000000000068e+01,1.270990701285467095e+00
1.017200000000000060e+01,5.471521155539228465e-01
1.017280000000000051e+01,1.752426994791993042e+00
1.017360000000000042e+01,8.616050796529121092e-01
1.017440000000000033e+01,5.003210729942340895e-02
1.017520000000000024e+01,1.152387172599012910e+00
1.017600000000000016e+01,7.710690190823974444e-01
1.017680000000000007e+01,8.220532880102805473e-01
1.017759999999999998e+01,5.639012606692225260e-01
1.017839999999999989e+01,1.267117480715212352e+00
1.017920000000000158e+01,9.517445859590818458e-01
1.018000000000000149e+01,1.413903735440415366e+00
1.018079999999999963e+01,1.252039539972361837e+00
1.018159999999999954e+01,1.059495797235366910e+00
1.018239999999999945e+01,2.074562687053235210e-01
1.018319999999999936e+01,5.959325427672929054e-01
1.018399999999999928e+01,3.044193000915198510e-01
1.018479999999999919e+01,9.336700543979929989e-01
1.018559999999999910e+01,1.916526284355887899e+00
1.018639999999999901e+01,2.662545302519887525e+00
1.018719999999999892e+01,1.440966190992402085e+00
1.018799999999999883e+01,1.437553717872233960e+00
1.018880000000000052e+01,2.918666250146579322e-01
1.018960000000000043e+01,1.653689540425903992e+00
1.019040000000000035e+01,3.127770262149269342e+00
1.019120000000000026e+01,2.082744962225226537e+00
1.019200000000000017e+01,5.441514471825288357e-01
1.019280000000000008e+01,9.610891141401592952e-01
1.019359999999999999e+01,7.057334018837291278e-01
1.019439999999999991e+01,6.903998728334000967e-01
1.019519999999999982e+01,6.316748359838343374e-01
1.019599999999999973e+01,5.749188899242611006e-01
1.019679999999999964e+01,1.641831590710057132e+00
1.019759999999999955e+01,8.769131170659520969e-01
1.019840000000000124e+01,1.348229221307617909e+00
1.019920000000000115e+01,7.808489551425503716e-01
1.020000000000000107e+01,1.637610752267550263e+00
1.020080000000000098e+01,1.550847814208512920e+00
1.020160000000000089e+01,1.240711559658054686e+00
1.020240000000000080e+01,8.200233379728149030e-01
1.020320000000000071e+01,1.393152062450444539e-01
1.020399999999999885e+01,1.251938603271601114e+00
1.020479999999999876e+01,2.114638300974206464e-01
1.020559999999999867e+01,1.177304991035855730e+00
1.020639999999999858e+01,2.390364632298231484e+00
1.020720000000000027e+01,1.639634504949631699e+00
1.020800000000000018e+01,1.175791289088562452e+00
1.020880000000000010e+01,5.844963811027261702e-01
1.020960000000000001e+01,1.381814431592961245e+00
1.021039999999999992e+01,2.465554088618916229e+00
1.021119999999999983e+01,6.860842892653697955e-01
1.021199999999999974e+01,4.908589406388649268e-01
1.021279999999999966e+01,7.495924515796238419e-01
1.021359999999999957e+01,2.760742688643697540e-01
1.021439999999999948e+01,6.478438581739109914e-01
1.021519999999999939e+01,9.790468412601962545e-01
1.021599999999999930e+01,5.084042552280623184e-01
1.021680000000000099e+01,6.494139498658303422e-01
1.021760000000000090e+01,7.642068334842162802e-02
1.021840000000000082e+01,6.503477418963847789e-01
1.021920000000000073e+01,1.863794340997684124e-02
1.022000000000000064e+01,2.564726272209621460e-01
1.022080000000000055e+01,6.252282621700742116e-01
1.022160000000000046e+01,1.470188017409187697e+00
1.022240000000000038e+01,2.550564859693451036e-01
1.022320000000000029e+01,1.900087603207999687e-01
1.022400000000000020e+01,2.962175458007917928e-01
1.022480000000000011e+01,3.444912361704957071e-01
1.022560000000000002e+01,5.593192405446524296e-01
1.022639999999999993e+01,1.482654682097053200e+00
1.022719999999999985e+01,8.079902203512808745e-01
1.022799999999999976e+01,1.002206937284050969e+00
1.022879999999999967e+01,3.666036144599385538e-01
1.022959999999999958e+01,8.829881516692590360e-01
1.023039999999999949e+01,2.619261205666951309e+00
1.023119999999999941e+01,1.076600194111604347e+00
1.023199999999999932e+01,1.480716618244541927e-01
1.023279999999999923e+01,1.513314818854520905e+00
1.023359999999999914e+01,6.253989387245557641e-01
1.023439999999999905e+01,2.982985067052936617e-02
1.023519999999999897e+01,1.579816949891092337e+00
1.023600000000000065e+01,1.048013968097710080e+00
1.023680000000000057e+01,1.073360835266819802e+00
1.023760000000000048e+01,1.041570384026526408e-01
1.023840000000000039e+01,2.079506372810702997e-01
1.023920000000000030e+01,6.778523452002208627e-01
1.024000000000000021e+01,7.116063445770801632e-01
1.024080000000000013e+01,7.111652385908701079e-01
1.024160000000000004e+01,1.523548991152154919e+00
1.024239999999999995e+01,2.947572987349026188e-02
1.024319999999999986e+01,5.026801867031948090e-01
1.024399999999999977e+01,5.969102752785582916e-02
1.024480000000000146e+01,1.337853180598106873e+00
1.024560000000000137e+01,1.628011362191491118e+00
1.024640000000000128e+01,2.712836159671440761e+00
1.024720000000000120e+01,1.228355402336139157e+00
1.024800000000000111e+01,5.504760115102869111e-01
1.024879999999999924e+01,7.030738462221700624e-01
1.024959999999999916e+01,8.985557827463988012e-01
1.025039999999999907e+01,1.697860281395772608e+00
1.025119999999999898e+01,8.866890973002589105e-01
1.025199999999999889e+01,2.359662651280368395e-01
1.025279999999999880e+01,1.750967804732364907e+00
1.025359999999999872e+01,1.401987073127845262e-01
1.025440000000000040e+01,1.266705657857999101e-01
1.025520000000000032e+01,2.697382429396735781e-01
1.025600000000000023e+01,6.782389520742884148e-01
1.025680000000000014e+01,1.564708288313506612e+00
1.025760000000000005e+01,1.103383897520331836e+00
1.025839999999999996e+01,1.611949744277476615e+00
1.025919999999999987e+01,5.281805006428079707e-01
1.025999999999999979e+01,7.103995776295229936e-01
1.026079999999999970e+01,7.696256734423906343e-01
1.026159999999999961e+01,2.080642113932345882e+00
1.026239999999999952e+01,2.042846710764607832e-01
1.026319999999999943e+01,3.607159616782503186e-01
1.026400000000000112e+01,3.341657417559741328e-01
1.026480000000000103e+01,2.147407475184862080e-01
1.026560000000000095e+01,3.661354292098510932e-01
1.026640000000000086e+01,2.091074123766191395e+00
1.026720000000000077e+01,1.968486190082408438e+00
1.026800000000000068e+01,1.566652750184996501e+00
1.026880000000000059e+01,1.193600595085513028e-01
1.026960000000000051e+01,1.514941033814898308e+00
1.027040000000000042e+01,2.961514096661300055e+00
1.027119999999999855e+01,1.620263428118569715e+00
1.027199999999999847e+01,3.886770520610235979e-01
1.027280000000000015e+01,7.787081382314076095e-01
1.027360000000000007e+01,5.812334927794945427e-01
1.027439999999999998e+01,5.340234739565291600e-01
1.027519999999999989e+01,1.191353090554655658e+00
1.027599999999999980e+01,4.658413995054463963e-01
1.027679999999999971e+01,1.531516031326067562e-01
1.027759999999999962e+01,6.612855803785960829e-01
1.027839999999999954e+01,2.873887867895615345e-01
1.027919999999999945e+01,8.107274484493125488e-01
1.027999999999999936e+01,1.627724057175664818e+00
1.028079999999999927e+01,1.434867826274707214e+00
1.028159999999999918e+01,2.149626770599371017e+00
1.028240000000000087e+01,2.944680984121490486e-01
1.028320000000000078e+01,7.522239502420848822e-01
1.028400000000000070e+01,1.144364775044212967e+00
1.028480000000000061e+01,1.240004019175263983e-01
1.028560000000000052e+01,2.190385485966993562e-01
1.028640000000000043e+01,1.628487418926121144e+00
1.028720000000000034e+01,1.315643403419596291e+00
1.028800000000000026e+01,1.413525323327530225e+00
1.028880000000000017e+01,8.562186448458363186e-01
1.028960000000000008e+01,4.293717834549727330e-01
1.029039999999999999e+01,1.776501540128251122e+00
1.029119999999999990e+01,1.597712529326018371e+00
1.029200000000000159e+01,8.888319485053509661e-01
1.029280000000000150e+01,4.289376493715262029e-02
1.029359999999999964e+01,1.082231907767055246e+00
1.029439999999999955e+01,3.639868590927122782e-01
1.029519999999999946e+01,1.229964183070939798e+00
1.029599999999999937e+01,2.654877575706908743e-01
1.029679999999999929e+01,5.440656398044376729e-01
1.029759999999999920e+01,2.021448705438636806e-01
1.029839999999999911e+01,8.516317931325152468e-01
1.029919999999999902e+01,4.540387116754274199e-01
1.029999999999999893e+01,9.802858227335036201e-01
1.030079999999999885e+01,1.538924258913652476e+00
1.030160000000000053e+01,2.453132186954070537e+00
1.030240000000000045e+01,1.569825982783072948e+00
1.030320000000000036e+01,8.925447029865210546e-02
1.030400000000000027e+01,1.271058861292929665e+00
1.030480000000000018e+01,1.422741299001530346e-01
1.030560000000000009e+01,1.236086871664594106e-01
1.030640000000000001e+01,1.908978451112673058e+00
1.030719999999999992e+01,1.351242872849446330e+00
1.030799999999999983e+01,7.763196451223325356e-01
1.030879999999999974e+01,3.712744549575372477e-01
1.030959999999999965e+01,5.683397495600793770e-01
1.031039999999999957e+01,1.719405118306559510e+00
1.031120000000000125e+01,5.852933869230271258e-01
1.031200000000000117e+01,2.809168502344771001e-01
1.031280000000000108e+01,9.301471590485618224e-01
1.031360000000000099e+01,6.953904106597397217e-01
1.031440000000000090e+01,5.625891740438437871e-01
1.031520000000000081e+01,9.119734303800027808e-01
1.031600000000000072e+01,1.463840947358767408e-01
1.031679999999999886e+01,8.463954250591024242e-02
1.031759999999999877e+01,9.710307296246072362e-01
1.031839999999999868e+01,7.871325336133575545e-01
1.031919999999999860e+01,3.035740725207776158e-01
1.032000000000000028e+01,6.058433777389540253e-01
1.032080000000000020e+01,8.830229868350570888e-01
1.032160000000000011e+01,2.130829747022731091e+00
1.032240000000000002e+01,7.424941560772885252e-01
1.032319999999999993e+01,1.380226399049025721e-01
1.032399999999999984e+01,6.005523347917031129e-01
1.032479999999999976e+01,6.434486553407662290e-01
1.032559999999999967e+01,1.836874384628519319e-01
1.032639999999999958e+01,1.575212917016262981e+00
1.032719999999999949e+01,1.372797796824180905e+00
1.032799999999999940e+01,1.135896556339634156e+00
1.032879999999999932e+01,4.878710465383738204e-01
1.032960000000000100e+01,1.221082526103815791e-01
1.033040000000000092e+01,1.743069361765978043e+00
1.033120000000000083e+01,8.981613856328150014e-01
1.033200000000000074e+01,5.189558394704089084e-01
1.033280000000000065e+01,1.476775642158128843e+00
1.033360000000000056e+01,3.146958329410248223e-01
1.033440000000000047e+01,2.116549437719502380e-01
1.033520000000000039e+01,1.135886157420135323e+00
1.033600000000000030e+01,8.146740550714447471e-01
1.033680000000000021e+01,9.851525349498601036e-01
1.033760000000000012e+01,5.204307215716308388e-01
1.033840000000000003e+01,2.434831715937485833e-02
1.033919999999999995e+01,3.252149233607443679e-01
1.033999999999999986e+01,1.694170382190358426e+00
1.034079999999999977e+01,1.565922886393324998e+00
1.034159999999999968e+01,2.377351526055898834e+00
1.034239999999999959e+01,7.317304354430844704e-01
1.034319999999999951e+01,7.682933107251999072e-02
1.034399999999999942e+01,1.871514120714037610e-01
1.034479999999999933e+01,8.645410465934127986e-01
1.034559999999999924e+01,5.955853130868840051e-01
1.034639999999999915e+01,2.111822628396955004e+00
1.034719999999999906e+01,1.299817943556635935e+00
1.034799999999999898e+01,9.705199359519069979e-01
1.034880000000000067e+01,4.177705541373950560e-01
1.034960000000000058e+01,7.371153327821983181e-03
1.035040000000000049e+01,1.145237723946026298e+00
1.035120000000000040e+01,1.045479282246847941e+00
1.035200000000000031e+01,5.740234234666407032e-01
1.035280000000000022e+01,9.756650597519948009e-01
1.035360000000000014e+01,1.303802829943034203e+00
1.035440000000000005e+01,1.010789698257694491e+00
1.035519999999999996e+01,1.031685435161982634e+00
1.035599999999999987e+01,6.409849113283623279e-01
1.035679999999999978e+01,9.829468275303236968e-01
1.035759999999999970e+01,6.778679041526697313e-02
1.035840000000000138e+01,4.646160008530441088e-01
1.035920000000000130e+01,4.778505750028775312e-01
1.036000000000000121e+01,8.627229602778806461e-01
1.036080000000000112e+01,8.621875428900095395e-01
1.036159999999999926e+01,2.633565954459915925e+00
1.036239999999999917e+01,1.021815293517460699e+00
1.036319999999999908e+01,8.424629590660019651e-02
1.036399999999999899e+01,2.145172386080131943e-01
1.036479999999999890e+01,1.546985784030838196e-01
1.036559999999999881e+01,1.289436492162319460e-02
1.036639999999999873e+01,1.882137415797446423e+00
1.036720000000000041e+01,1.601245358993169443e+00
1.036800000000000033e+01,9.035664409219549276e-01
1.036880000000000024e+01,9.966369323908856881e-01
1.036960000000000015e+01,1.266202735954630398e+00
1.037040000000000006e+01,2.142531756542518817e+00
1.037119999999999997e+01,1.621862235299446287e+00
1.037199999999999989e+01,1.066066051832022937e-01
1.037279999999999980e+01,1.594216231545674489e+00
1.037359999999999971e+01,2.073773628898374077e-01
1.037439999999999962e+01,4.700354889333345221e-01
1.037519999999999953e+01,1.031146397347233457e+00
1.037599999999999945e+01,1.716142175196062325e-01
1.037680000000000113e+01,5.248676422325483371e-01
1.037760000000000105e+01,6.672715620164173522e-01
1.037840000000000096e+01,3.919405491603604116e-03
1.037920000000000087e+01,7.721565237243274149e-01
1.038000000000000078e+01,1.282326089958899074e+00
1.038080000000000069e+01,1.049967831715644007e+00
1.038160000000000061e+01,2.056709475405542609e+00
1.038240000000000052e+01,2.718996655077579594e-01
1.038320000000000043e+01,6.183614585860988111e-01
1.038399999999999856e+01,7.309272362598012718e-01
1.038479999999999848e+01,5.328100434592921708e-01
1.038560000000000016e+01,3.430649720090882537e-01
1.038640000000000008e+01,1.117276525267317133e+00
1.038719999999999999e+01,1.201548015463523411e+00
1.038799999999999990e+01,8.832108051369882418e-01
1.038879999999999981e+01,2.181282796703607196e-01
1.038959999999999972e+01,1.882476794345722959e-01
1.039039999999999964e+01,1.570271802101393055e+00
1.039119999999999955e+01,1.024061665226643658e+00
1.039199999999999946e+01,1.498501055044103303e-01
1.039279999999999937e+01,1.362818786412168803e+00
1.039359999999999928e+01,2.197267379137341214e-01
1.039439999999999920e+01,4.493497846016714092e-01
1.039520000000000088e+01,8.449886614427426501e-01
1.039600000000000080e+01,4.679033653844050233e-01
1.039680000000000071e+01,1.242832269796577682e+00
1.039760000000000062e+01,4.258668792299368649e-02
1.039840000000000053e+01,1.339988565197440529e-01
1.039920000000000044e+01,1.040504460041147827e-01
1.040000000000000036e+01,8.759484269201327500e-01
1.040080000000000027e+01,1.251183290960328431e+00
1.040160000000000018e+01,2.355777841225210167e+00
1.040240000000000009e+01,1.452001308461228213e+00
1.040320000000000000e+01,2.918845599837235905e-01
1.040399999999999991e+01,5.894739557988302181e-01
1.040480000000000160e+01,1.213870989833445657e+00
1.040560000000000151e+01,9.749278365512022981e-01
1.040639999999999965e+01,1.832911461340819503e+00
1.040719999999999956e+01,1.583389416685816897e+00
1.040799999999999947e+01,8.377242965282805098e-01
1.040879999999999939e+01,8.699294712171162791e-01
1.040959999999999930e+01,5.546209895737573836e-01
1.041039999999999921e+01,1.110585393795324061e+00
1.041119999999999912e+01,2.649126773166068927e-01
1.041199999999999903e+01,6.647000511976189907e-01
1.041279999999999895e+01,1.718240577724122753e+00
1.041359999999999886e+01,5.690737124508251643e-01
1.041440000000000055e+01,1.235418662315428184e+00
1.041520000000000046e+01,1.248014952090366281e+00
1.041600000000000037e+01,5.603170123471095110e-01
1.041680000000000028e+01,8.118593160343835491e-01
1.041760000000000019e+01,6.568236147132634484e-01
1.041840000000000011e+01,9.948770087126337924e-02
1.041920000000000002e+01,8.844369384126832268e-02
1.041999999999999993e+01,6.333262868996394346e-01
1.042079999999999984e+01,5.591390387513407445e-01
1.042159999999999975e+01,1.774688432917555181e+00
1.042239999999999966e+01,1.537593157744427508e+00
1.042319999999999958e+01,5.456205920180976499e-01
1.042400000000000126e+01,1.209203803347051326e-01
1.042480000000000118e+01,1.139317727109926848e+00
1.042560000000000109e+01,1.589521934932806302e-01
1.042640000000000100e+01,1.003575072884701269e+00
1.042720000000000091e+01,6.347113084315918474e-01
1.042800000000000082e+01,4.287502991429966714e-01
1.042880000000000074e+01,5.447634451018892321e-01
1.042959999999999887e+01,6.374302630115825652e-01
1.043039999999999878e+01,1.561747243431677701e+00
1.043119999999999870e+01,7.637513078485984597e-01
1.043199999999999861e+01,7.236295130562224731e-01
1.043280000000000030e+01,2.082679103946247334e+00
1.043360000000000021e+01,1.141571656433606058e-01
1.043440000000000012e+01,9.264041913081222379e-01
1.043520000000000003e+01,1.595928934994511827e+00
1.043599999999999994e+01,1.500976072580342491e+00
1.043679999999999986e+01,1.804706625479594484e+00
1.043759999999999977e+01,1.305812945423799089e-02
1.043839999999999968e+01,2.881712115838599986e-01
1.043919999999999959e+01,5.059265883036374589e-01
1.043999999999999950e+01,6.177914181218572276e-01
1.044079999999999941e+01,5.870290707325067636e-01
1.044159999999999933e+01,2.019468413752358860e+00
1.044240000000000101e+01,9.439635088143496500e-01
1.044320000000000093e+01,2.501442431267211219e-01
1.044400000000000084e+01,4.595545199708839790e-01
1.044480000000000075e+01,1.307643834669779181e+00
1.044560000000000066e+01,9.868947903437363944e-01
1.044640000000000057e+01,1.779591284286951680e+00
1.044720000000000049e+01,7.092194075490173555e-01
1.044800000000000040e+01,2.678723072121437787e-01
1.044880000000000031e+01,1.527801031357275185e+00
1.044960000000000022e+01,8.858653499706123924e-01
1.045040000000000013e+01,1.337249176066164669e+00
1.045120000000000005e+01,8.574374833474283086e-01
1.045199999999999996e+01,1.376954824493446250e-01
1.045279999999999987e+01,2.194286540466036328e+00
1.045359999999999978e+01,4.190086811909703168e-02
1.045439999999999969e+01,1.033753549860773058e+00
1.045519999999999960e+01,9.534461952331002577e-01
1.045599999999999952e+01,2.749702572196336403e-01
1.045679999999999943e+01,1.693561142564037114e+00
1.045759999999999934e+01,5.210757294373554727e-01
1.045839999999999925e+01,5.275564052832655282e-01
1.045919999999999916e+01,1.569894583719678993e-01
1.045999999999999908e+01,1.074181781347772757e-01
1.046079999999999899e+01,4.647982348421955678e-01
1.046160000000000068e+01,1.649410658566760723e+00
1.046240000000000059e+01,4.198333223667593539e-01
1.046320000000000050e+01,2.661141510000156751e-01
1.046400000000000041e+01,6.379697191155289104e-01
1.046480000000000032e+01,8.446144893353922933e-01
1.046560000000000024e+01,1.000634363429961482e+00
1.046640000000000015e+01,1.589002229282878487e+00
1.046720000000000006e+01,1.268943262911057301e+00
1.046799999999999997e+01,1.466027288608724666e+00
1.046879999999999988e+01,1.494782959537662270e+00
1.046959999999999980e+01,1.571587057128332354e+00
1.047039999999999971e+01,2.289907660190314331e+00
1.047120000000000140e+01,1.067359173180912224e+00
1.047200000000000131e+01,3.887369201163571319e-01
1.047280000000000122e+01,2.630995413845767406e+00
1.047360000000000113e+01,4.952347680568205956e-01
1.047439999999999927e+01,3.706221119500485023e-02
1.047519999999999918e+01,6.907677184402062354e-01
1.047599999999999909e+01,8.534780292026498960e-03
1.047679999999999900e+01,1.471126226693283412e+00
1.047759999999999891e+01,4.104227017947045114e-02
1.047839999999999883e+01,6.880449123065749406e-01
1.047919999999999874e+01,1.003262850593569677e+00
1.048000000000000043e+01,1.755774678759228324e+00
1.048080000000000034e+01,4.526519353832075820e-01
1.048160000000000025e+01,1.164716041676375990e+00
1.048240000000000016e+01,1.113564942518725648e-01
1.048320000000000007e+01,6.878591088090613148e-01
1.048399999999999999e+01,1.233312165526607274e+00
1.048479999999999990e+01,1.321247102554388375e+00
1.048559999999999981e+01,1.138778675137047003e+00
1.048639999999999972e+01,2.049290326307116050e+00
1.048719999999999963e+01,1.682025514836447799e+00
1.048799999999999955e+01,1.637976249526614136e+00
1.048879999999999946e+01,4.344114174986450361e-01
1.048960000000000115e+01,8.782303821817011302e-01
1.049040000000000106e+01,2.107885981705240219e+00
1.049120000000000097e+01,1.279156822027376794e+00
1.049200000000000088e+01,8.483421406193218939e-01
1.049280000000000079e+01,1.587651440652537049e+00
1.049360000000000070e+01,4.660561863359916623e-01
1.049440000000000062e+01,6.442889424914485241e-01
1.049520000000000053e+01,2.282259863255355903e-01
1.049600000000000044e+01,2.963180922628128044e-01
1.049679999999999858e+01,1.129642662057179114e+00
1.049759999999999849e+01,3.891144181050466000e-01
1.049840000000000018e+01,1.020951124011025835e+00
1.049920000000000009e+01,9.862923661381736151e-01
1.050000000000000000e+01,2.188170512617379604e+00
1.050079999999999991e+01,1.402913189052792609e+00
1.050159999999999982e+01,1.705999633798615189e+00
1.050239999999999974e+01,1.005373890347768029e+00
1.050319999999999965e+01,9.643965043367762335e-02
1.050399999999999956e+01,1.512251737690965436e+00
1.050479999999999947e+01,1.798249003708663751e-01
1.050559999999999938e+01,8.350192164484440127e-01
1.050639999999999930e+01,2.148409066728237615e+00
1.050719999999999921e+01,2.023553725689121396e+00
1.050800000000000090e+01,2.000701671500367151e+00
1.050880000000000081e+01,5.276405362603585614e-01
1.050960000000000072e+01,7.330331625085645397e-01
1.051040000000000063e+01,1.293676118755916704e+00
1.051120000000000054e+01,7.180636573121226274e-01
1.051200000000000045e+01,6.179628839191060319e-01
1.051280000000000037e+01,8.280203122588530862e-01
1.051360000000000028e+01,6.280550679216201360e-01
1.051440000000000019e+01,9.014273498203705381e-01
1.051520000000000010e+01,6.722648850716272939e-01
1.051600000000000001e+01,3.976986888508273199e-01
1.051679999999999993e+01,4.611003806854657716e-02
1.051760000000000161e+01,5.143062315955844177e-01
1.051840000000000153e+01,5.119469355070931371e-01
1.051919999999999966e+01,6.106006182118771664e-01
1.051999999999999957e+01,2.059000532466915168e+00
1.052079999999999949e+01,1.000586885415965854e+00
1.052159999999999940e+01,1.833468522785523858e+00
1.052239999999999931e+01,8.326626619825797659e-01
1.052319999999999922e+01,2.111447185597409848e-01
1.052399999999999913e+01,1.054120236657202225e+00
1.052479999999999905e+01,3.205159129287170616e-01
1.052559999999999896e+01,4.663291176168536389e-01
1.052639999999999887e+01,1.327698659476799437e+00
1.052720000000000056e+01,1.016709897362910953e+00
1.052800000000000047e+01,1.859445479232590959e+00
1.052880000000000038e+01,2.476062756300113632e-01
1.052960000000000029e+01,1.042915805709210719e+00
1.053040000000000020e+01,1.976300443283599995e+00
1.053120000000000012e+01,1.318433587932842377e+00
1.053200000000000003e+01,8.540187487488176687e-01
1.053279999999999994e+01,1.176519278553999959e+00
1.053359999999999985e+01,3.810679750247574771e-01
1.053439999999999976e+01,4.378526358239752114e-01
1.053519999999999968e+01,1.027899625013098506e+00
1.053599999999999959e+01,3.495594811993377737e-01
1.053680000000000128e+01,8.528671291764238216e-01
1.053760000000000119e+01,4.644347084862814889e-01
1.053840000000000110e+01,1.805786812754103798e-01
1.053920000000000101e+01,2.913603182769526900e-01
1.054000000000000092e+01,1.938811997606836979e+00
1.054080000000000084e+01,1.160489473385883041e+00
1.054159999999999897e+01,1.735389570925910174e+00
1.054239999999999888e+01,1.960952220825211700e-01
1.054319999999999879e+01,1.079379312381791856e+00
1.054399999999999871e+01,1.465551490077023900e+00
1.054479999999999862e+01,7.218531385465415395e-01
1.054560000000000031e+01,8.993592171069473284e-01
1.054640000000000022e+01,1.832994670902543755e+00
1.054720000000000013e+01,1.323418303860171896e+00
1.054800000000000004e+01,1.296170111381772294e+00
1.054879999999999995e+01,4.682978848040393327e-01
1.054959999999999987e+01,9.440726370886459717e-01
1.055039999999999978e+01,1.645474091193095179e+00
1.055119999999999969e+01,1.145590006241551162e+00
1.055199999999999960e+01,7.769559984188805224e-01
1.055279999999999951e+01,1.327786734553458858e+00
1.055359999999999943e+01,2.141657616027911881e-01
1.055439999999999934e+01,2.248272892499277587e-01
1.055520000000000103e+01,9.652775725134628004e-01
1.055600000000000094e+01,3.955761030174372861e-01
1.055680000000000085e+01,1.275759119145744025e+00
1.055760000000000076e+01,5.253952690585163010e-01
1.055840000000000067e+01,2.485255491691907848e-01
1.055920000000000059e+01,4.400472161356714339e-03
1.056000000000000050e+01,6.691635335680234942e-01
1.056080000000000041e+01,6.123346626600746356e-01
1.056160000000000032e+01,1.585271426190202781e+00
1.056240000000000023e+01,4.541272150591894041e-01
1.056320000000000014e+01,7.651249903901815967e-03
1.056400000000000006e+01,9.679506509316941898e-01
1.056479999999999997e+01,1.483598617850218904e-01
1.056559999999999988e+01,6.031230049664635384e-01
1.056639999999999979e+01,1.965546879777182232e+00
1.056719999999999970e+01,1.916750300299197463e+00
1.056799999999999962e+01,2.105734483723646910e+00
1.056879999999999953e+01,9.144270548979478719e-02
1.056959999999999944e+01,1.299502148862014650e+00
1.057039999999999935e+01,2.119663026195975242e+00
1.057119999999999926e+01,1.166766917869341169e+00
1.057199999999999918e+01,2.589720627080314974e-02
1.057279999999999909e+01,1.421831986196670838e+00
1.057359999999999900e+01,4.415131750341447781e-01
1.057440000000000069e+01,3.208671685442885946e-01
1.057520000000000060e+01,9.807440014505072190e-01
1.057600000000000051e+01,3.995393887557678880e-01
1.057680000000000042e+01,1.135261845933592667e-01
1.057760000000000034e+01,6.473057730414379929e-01
1.057840000000000025e+01,4.634708907572188674e-01
1.057920000000000016e+01,8.357082197100693666e-01
1.058000000000000007e+01,2.079244076997607049e+00
1.058079999999999998e+01,1.343842533271060624e+00
1.058159999999999989e+01,1.669396935370894841e+00
1.058239999999999981e+01,1.067662669938789222e-01
1.058319999999999972e+01,1.718997458850474447e-01
1.058400000000000141e+01,1.061951486353518437e+00
1.058480000000000132e+01,7.424118340277845451e-01
1.058560000000000123e+01,6.936629907742840606e-01
1.058640000000000114e+01,1.527098908486820061e+00
1.058719999999999928e+01,1.096144927295575444e+00
1.058799999999999919e+01,1.490460300983681208e+00
1.058879999999999910e+01,2.625614064129516145e-01
1.058959999999999901e+01,1.757046190062553637e-01
1.059039999999999893e+01,1.575555266381396979e+00
1.059119999999999884e+01,5.936148842714987772e-01
1.059199999999999875e+01,8.433058318710189294e-01
1.059280000000000044e+01,8.428825430489368387e-01
1.059360000000000035e+01,2.874631139565620441e-01
1.059440000000000026e+01,1.049952894139677850e+00
1.059520000000000017e+01,1.731390296969058662e+00
1.059600000000000009e+01,3.057039964061047388e-01
1.059680000000000000e+01,8.484806105884489247e-01
1.059759999999999991e+01,2.173942930686067476e-01
1.059839999999999982e+01,2.027349751100591402e-01
1.059919999999999973e+01,3.517824785666490151e-01
1.059999999999999964e+01,1.369199485723424425e+00
1.060079999999999956e+01,1.720069121312240767e+00
1.060159999999999947e+01,2.109521530880559492e+00
1.060240000000000116e+01,1.951264159503595996e+00
1.060320000000000107e+01,1.339876723052106477e+00
1.060400000000000098e+01,8.604572595750128450e-01
1.060480000000000089e+01,4.207786165466564365e-01
1.060560000000000080e+01,6.422003018174380351e-01
1.060640000000000072e+01,1.958210239212698989e+00
1.060720000000000063e+01,9.773574781730767214e-01
1.060800000000000054e+01,9.164191923722618816e-01
1.060880000000000045e+01,7.601922395323673642e-01
1.060959999999999859e+01,8.567479216125638564e-01
1.061039999999999850e+01,1.146322595063213656e+00
1.061120000000000019e+01,2.271454846790184889e-01
1.061200000000000010e+01,1.224601867692488161e-01
1.061280000000000001e+01,1.158651720360801773e+00
1.061359999999999992e+01,9.739718388470993693e-01
1.061439999999999984e+01,1.295666980475745911e+00
1.061519999999999975e+01,1.891921151851140293e+00
1.061599999999999966e+01,1.857197948234861062e-01
1.061679999999999957e+01,7.729045019281500783e-01
1.061759999999999948e+01,2.814890853036391971e-02
1.061839999999999939e+01,2.993322213816392852e-01
1.061919999999999931e+01,7.133909852774322768e-01
1.061999999999999922e+01,7.732120809211137091e-01
1.062080000000000091e+01,6.620931657575149787e-01
1.062160000000000082e+01,1.569249267329351438e+00
1.062240000000000073e+01,1.056320538080107285e+00
1.062320000000000064e+01,8.232284429111904611e-01
1.062400000000000055e+01,1.292716388720240306e-01
1.062480000000000047e+01,4.715125536207251389e-01
1.062560000000000038e+01,1.928422305365233569e-02
1.062640000000000029e+01,9.852891442092607255e-01
1.062720000000000020e+01,1.228409579210275326e-01
1.062800000000000011e+01,1.252820249130853547e+00
1.062880000000000003e+01,1.596338405275016248e-01
1.062959999999999994e+01,8.125028439969196326e-01
1.063040000000000163e+01,1.713947115547841626e+00
1.063120000000000154e+01,4.634389832405296228e-01
1.063199999999999967e+01,5.943838951296887517e-03
1.063279999999999959e+01,1.310628032934024523e+00
1.063359999999999950e+01,8.028588153063494215e-02
1.063439999999999941e+01,8.538527413202362526e-01
1.063519999999999932e+01,2.464750669561005303e+00
1.063599999999999923e+01,1.137199061640811859e+00
1.063679999999999914e+01,7.433984856304314270e-01
1.063759999999999906e+01,6.667360708574348038e-01
1.063839999999999897e+01,5.778909703851878854e-01
1.063919999999999888e+01,1.484497295325688970e+00
1.064000000000000057e+01,7.850560395871793995e-01
1.064080000000000048e+01,9.162074116425518167e-01
1.064160000000000039e+01,2.255180570225236103e+00
1.064240000000000030e+01,8.874537166612814776e-01
1.064320000000000022e+01,3.520345053227181414e-02
1.064400000000000013e+01,6.247128815081179898e-01
1.064480000000000004e+01,8.084313781002411270e-01
1.064559999999999995e+01,1.211120219047406188e+00
1.064639999999999986e+01,1.479258902959246669e+00
1.064719999999999978e+01,8.401136303110572079e-02
1.064799999999999969e+01,8.240575089653320306e-01
1.064879999999999960e+01,1.437284012107198916e-01
1.064960000000000129e+01,1.845498294886612212e-01
1.065040000000000120e+01,5.361686506686201836e-01
1.065120000000000111e+01,1.101377695913127452e-01
1.065200000000000102e+01,8.830978827322127911e-02
1.065280000000000094e+01,1.247358683913362576e+00
1.065360000000000085e+01,5.131369275021971932e-01
1.065439999999999898e+01,1.310184850480313523e+00
1.065519999999999889e+01,1.597259529579776460e+00
1.065599999999999881e+01,1.400563423488924708e-01
1.065679999999999872e+01,5.119779807471949162e-01
1.065759999999999863e+01,4.753169743095824185e-01
1.065840000000000032e+01,2.404906344042031519e-01
1.065920000000000023e+01,1.218744415493648203e+00
1.066000000000000014e+01,1.673642776346716543e-01
1.066080000000000005e+01,6.630095160864651893e-01
1.066159999999999997e+01,2.529579036518259549e+00
1.066239999999999988e+01,1.786505008348611145e+00
1.066319999999999979e+01,1.384054820650656881e+00
1.066399999999999970e+01,3.625687856821425137e-01
1.066479999999999961e+01,1.179927724058874999e-01
1.066559999999999953e+01,6.300435992079062020e-02
1.066639999999999944e+01,1.333484162041647103e+00
1.066719999999999935e+01,6.387404624843699974e-01
1.066800000000000104e+01,1.324577099675677827e+00
1.066880000000000095e+01,1.146876246769115183e-02
1.066960000000000086e+01,5.643243441216779788e-01
1.067040000000000077e+01,2.001040038787264663e+00
1.067120000000000068e+01,2.470557190154912264e-01
1.067200000000000060e+01,8.377931573714092472e-01
1.067280000000000051e+01,1.475880541341411112e+00
1.067360000000000042e+01,3.530241732809655808e-01
1.067440000000000033e+01,1.226731104221253199e+00
1.067520000000000024e+01,2.019770487743912657e+00
1.067600000000000016e+01,8.903648752006494416e-01
1.067680000000000007e+01,1.019790636909874149e+00
1.067759999999999998e+01,4.734569764423941507e-01
1.067839999999999989e+01,1.336111328201618209e-01
1.067919999999999980e+01,3.041873397764812692e-01
1.067999999999999972e+01,1.240404146599289215e+00
1.068079999999999963e+01,1.276310169723528842e+00
1.068159999999999954e+01,1.799469912428790952e+00
1.068239999999999945e+01,4.811713754782778185e-01
1.068319999999999936e+01,5.644930506859802133e-01
1.068399999999999928e+01,2.449498448234417314e-01
1.068479999999999919e+01,1.440422631022143962e+00
1.068559999999999910e+01,1.210636986575553298e+00
1.068639999999999901e+01,1.546787946382311540e+00
1.068720000000000070e+01,8.329992891646922915e-02
1.068800000000000061e+01,3.591482779621709143e-01
1.068880000000000052e+01,5.042666578431587165e-01
1.068960000000000043e+01,7.537922097557643308e-01
1.069040000000000035e+01,2.153386661438272398e+00
1.069120000000000026e+01,7.110188746981226382e-01
1.069200000000000017e+01,3.751618749619156090e-01
1.069280000000000008e+01,1.218715675169256940e+00
1.069359999999999999e+01,5.102273819759994833e-01
1.069439999999999991e+01,4.206372857357366241e-02
1.069519999999999982e+01,1.319816922299478223e+00
1.069599999999999973e+01,1.043551486465439160e+00
1.069680000000000142e+01,1.399552075779111115e+00
1.069760000000000133e+01,6.405502956327990827e-01
1.069840000000000124e+01,1.246135518654003072e+00
1.069920000000000115e+01,3.174003917091969829e-01
1.069999999999999929e+01,8.759953120095872459e-01
1.070079999999999920e+01,6.115915006915521035e-01
1.070159999999999911e+01,8.173327620455425047e-01
1.070239999999999903e+01,1.998584724456964612e-01
1.070319999999999894e+01,7.910235285493867619e-02
1.070399999999999885e+01,1.157813914291061286e+00
1.070479999999999876e+01,5.884897510368972684e-01
1.070560000000000045e+01,1.369210665790733250e+00
1.070640000000000036e+01,2.836594677038763557e+00
1.070720000000000027e+01,1.700134473070594732e+00
1.070800000000000018e+01,7.588997750228368977e-01
1.070880000000000010e+01,8.770023716829267180e-01
1.070960000000000001e+01,1.543302953277979617e+00
1.071039999999999992e+01,2.799218971593005367e+00
1.071119999999999983e+01,6.176452001212250353e-01
1.071199999999999974e+01,2.272938307485783682e-01
1.071279999999999966e+01,1.466650828452011446e+00
1.071359999999999957e+01,1.206991651985515474e-01
1.071439999999999948e+01,9.220614618513728322e-02
1.071520000000000117e+01,4.079295320070543962e-01
1.071600000000000108e+01,3.355873488897814089e-02
1.071680000000000099e+01,2.664466618892145644e-01
1.071760000000000090e+01,4.742568868667217941e-01
1.071840000000000082e+01,1.532063552858328404e+00
1.071920000000000073e+01,8.410734030537523331e-01
1.072000000000000064e+01,1.614434329361629894e+00
1.072080000000000055e+01,5.525626177558113916e-01
1.072160000000000046e+01,1.275872106375101955e+00
1.072239999999999860e+01,4.276700408561702194e-01
1.072319999999999851e+01,3.087527774600330455e-01
1.072399999999999842e+01,9.409835066460310316e-01
1.072480000000000011e+01,1.971014276864327674e-01
1.072560000000000002e+01,8.347723379958418288e-01
1.072639999999999993e+01,2.048870568638763601e+00
1.072719999999999985e+01,1.454942858464661093e+00
1.072799999999999976e+01,1.794665737126720284e+00
1.072879999999999967e+01,4.727161106256872469e-01
1.072959999999999958e+01,6.875272048257786706e-01
1.073039999999999949e+01,2.830884921214302796e+00
1.073119999999999941e+01,1.338770888573476148e+00
1.073199999999999932e+01,1.984406886697629990e-01
1.073279999999999923e+01,1.675478087352266998e+00
1.073359999999999914e+01,4.439719040836974662e-01
1.073440000000000083e+01,7.248552793750460133e-01
1.073520000000000074e+01,1.095707162365225917e+00
1.073600000000000065e+01,4.962992458750873914e-01
1.073680000000000057e+01,2.156390580797155898e-01
1.073760000000000048e+01,1.929748562801386624e-01
1.073840000000000039e+01,3.181760953126522296e-01
1.073920000000000030e+01,1.599715086673856312e-01
1.074000000000000021e+01,1.218975295886843169e+00
1.074080000000000013e+01,1.277872509293491055e+00
1.074160000000000004e+01,2.062436228910947023e+00
1.074239999999999995e+01,2.646746889790264623e-01
1.074320000000000164e+01,3.716843398981874436e-01
1.074400000000000155e+01,8.737708974980601395e-01
1.074479999999999968e+01,8.100095914002944930e-01
1.074559999999999960e+01,1.190253704776814914e+00
1.074639999999999951e+01,2.806711564935216785e+00
1.074719999999999942e+01,1.392011311896524939e+00
1.074799999999999933e+01,9.589011365579231949e-01
1.074879999999999924e+01,3.027593726722413101e-02
1.074959999999999916e+01,3.144479645614205454e-01
1.075039999999999907e+01,1.745439674656662277e+00
1.075119999999999898e+01,1.376178225300115354e+00
1.075199999999999889e+01,7.125829674055917939e-01
1.075280000000000058e+01,1.263846287509346356e+00
1.075360000000000049e+01,4.749018520793112375e-01
1.075440000000000040e+01,2.601820045181346686e-01
1.075520000000000032e+01,6.596600545601594145e-01
1.075600000000000023e+01,4.730751242209577101e-01
1.075680000000000014e+01,8.095631637365486855e-01
1.075760000000000005e+01,3.450065798161984221e-01
1.075839999999999996e+01,1.303020248702958739e+00
1.075919999999999987e+01,5.829460172978255805e-01
1.075999999999999979e+01,1.037578263883308649e+00
1.076079999999999970e+01,9.236898767277106348e-01
1.076159999999999961e+01,2.007401276210460050e+00
1.076240000000000130e+01,1.580631708211697461e-01
1.076320000000000121e+01,2.932321148960662649e-01
1.076400000000000112e+01,2.756041873418131893e-01
1.076480000000000103e+01,4.930740976504849882e-01
1.076560000000000095e+01,6.618689580648650095e-01
1.076640000000000086e+01,2.524367290113114226e+00
1.076719999999999899e+01,1.793183033534609283e+00
1.076799999999999891e+01,1.556352499562845493e+00
1.076879999999999882e+01,4.524800960110669235e-01
1.076959999999999873e+01,1.076984224974909310e+00
1.077039999999999864e+01,3.039277472300787153e+00
1.077120000000000033e+01,1.392203799491136706e+00
1.077200000000000024e+01,1.771395210305046763e-01
1.077280000000000015e+01,1.296552505851104931e+00
1.077360000000000007e+01,9.800709235517908458e-03
1.077439999999999998e+01,1.107169159071387798e-01
1.077519999999999989e+01,1.238465569061815819e+00
1.077599999999999980e+01,3.408844435810206575e-01
1.077679999999999971e+01,6.522068865515627811e-01
1.077759999999999962e+01,4.110565736026491335e-01
1.077839999999999954e+01,9.499026812726125701e-01
1.077919999999999945e+01,1.110618126313537068e+00
1.077999999999999936e+01,1.326997226139989161e+00
1.078080000000000105e+01,9.222724483631492554e-01
1.078160000000000096e+01,1.388125620829625095e+00
1.078240000000000087e+01,5.116463761011154077e-01
1.078320000000000078e+01,7.476869756701070013e-01
1.078400000000000070e+01,8.790207330410128028e-01
1.078480000000000061e+01,9.308856535920104758e-01
1.078560000000000052e+01,1.753985149265090138e-01
1.078640000000000043e+01,2.109923667978000683e+00
1.078720000000000034e+01,1.127006440101905316e+00
1.078800000000000026e+01,9.524645279039256618e-01
1.078880000000000017e+01,2.094373948132939034e-01
1.078959999999999830e+01,2.987368820025641525e-01
1.079039999999999999e+01,2.277753267858685149e+00
1.079119999999999990e+01,1.374256940798376236e+00
1.079199999999999982e+01,9.800879322427817897e-01
1.079279999999999973e+01,4.799401684260652390e-01
1.079359999999999964e+01,5.807592895761463092e-01
1.079439999999999955e+01,2.801520797958250708e-01
1.079519999999999946e+01,5.611064600970617766e-01
1.079599999999999937e+01,9.476570298884741395e-02
1.079679999999999929e+01,9.973584774890200677e-01
1.079759999999999920e+01,5.418120995804033280e-01
1.079839999999999911e+01,1.213363986722137300e+00
1.079919999999999902e+01,2.616872153417088565e-01
1.080000000000000071e+01,1.702700482189299036e+00
1.080080000000000062e+01,1.970929536208218869e+00
1.080160000000000053e+01,2.364111737543991509e+00
1.080240000000000045e+01,6.888471087963351502e-01
1.080320000000000036e+01,5.696390010419270442e-03
1.080400000000000027e+01,1.116643168329953362e+00
1.080480000000000018e+01,2.915070643956408358e-01
1.080560000000000009e+01,4.186917578150008423e-01
1.080640000000000001e+01,2.791212304888878393e+00
1.080719999999999992e+01,1.497710808124270487e+00
1.080799999999999983e+01,7.723832407432170699e-01
1.080879999999999974e+01,8.251427536690761899e-01
1.080960000000000143e+01,9.227653744261381519e-01
1.081040000000000134e+01,2.250703784021966136e+00
1.081120000000000125e+01,7.724902153740185184e-01
1.081200000000000117e+01,2.814461902212316846e-01
1.081279999999999930e+01,1.367198483578358603e+00
1.081359999999999921e+01,9.162647282940648008e-01
1.081439999999999912e+01,3.347407420813816592e-01
1.081519999999999904e+01,5.495274197984582054e-01
1.081599999999999895e+01,6.194105553651385598e-01
1.081679999999999886e+01,2.452693166091804433e-01
1.081759999999999877e+01,9.289931661051894496e-01
1.081840000000000046e+01,7.948098697238941135e-01
1.081920000000000037e+01,2.906685640450538122e-01
1.082000000000000028e+01,8.624009976094493268e-01
1.082080000000000020e+01,1.971626435243671038e-01
1.082160000000000011e+01,1.995826030167737075e+00
1.082240000000000002e+01,2.011691221098471094e-01
1.082319999999999993e+01,4.392487156410318505e-02
1.082399999999999984e+01,2.359981113777841477e-01
1.082479999999999976e+01,7.997912077734369296e-01
1.082559999999999967e+01,2.211815755807907680e-01
1.082639999999999958e+01,1.844533472599122481e+00
1.082719999999999949e+01,1.304217235008982678e+00
1.082800000000000118e+01,1.868116255755831956e+00
1.082880000000000109e+01,1.058929995008305869e-01
1.082960000000000100e+01,5.477397395745408487e-02
1.083040000000000092e+01,2.324430937494208038e+00
1.083120000000000083e+01,1.360448939724684836e+00
1.083200000000000074e+01,1.681689298813575373e-01
1.083280000000000065e+01,1.427627543318817915e+00
1.083360000000000056e+01,5.518794144792864564e-01
1.083440000000000047e+01,1.949906259273300954e-02
1.083519999999999861e+01,1.171951606877920327e+00
1.083599999999999852e+01,5.942262848058361691e-01
1.083679999999999843e+01,7.544542872656984089e-01
1.083760000000000012e+01,7.655076579799509062e-01
1.083840000000000003e+01,1.127447175807437668e-01
1.083919999999999995e+01,3.570065694949282609e-01
1.083999999999999986e+01,1.687064927656381164e+00
1.084079999999999977e+01,1.930297498451343463e+00
1.084159999999999968e+01,3.256823417850183144e+00
1.084239999999999959e+01,3.803195721359832193e-01
1.084319999999999951e+01,2.963578201993115058e-01
1.084399999999999942e+01,7.952987038692258537e-01
1.084479999999999933e+01,4.500761003818812278e-01
1.084559999999999924e+01,2.288847966283764079e-01
1.084639999999999915e+01,1.918596547170953182e+00
1.084720000000000084e+01,1.011065452585775404e+00
1.084800000000000075e+01,1.168052483640573236e+00
1.084880000000000067e+01,4.171773285319694269e-01
1.084960000000000058e+01,5.900994813820263918e-01
1.085040000000000049e+01,9.773068474524742033e-01
1.085120000000000040e+01,9.745183813533757622e-01
1.085200000000000031e+01,8.473277544973647490e-01
1.085280000000000022e+01,9.290460164301380663e-01
1.085360000000000014e+01,1.547650901318195382e+00
1.085440000000000005e+01,1.078082466104027803e+00
1.085519999999999996e+01,1.310711994775709099e+00
1.085599999999999987e+01,1.718664032047346191e-01
1.085680000000000156e+01,8.497182747710041451e-01
1.085759999999999970e+01,7.369300707021568808e-01
1.085839999999999961e+01,2.314253081586670896e-02
1.085919999999999952e+01,7.339547559046311065e-02
1.085999999999999943e+01,6.851707479891238073e-01
1.086079999999999934e+01,9.264551636176535654e-01
1.086159999999999926e+01,3.025174401443568861e+00
1.086239999999999917e+01,1.570452115973131502e+00
1.086319999999999908e+01,5.856566368533068223e-01
1.086399999999999899e+01,5.137856902764978972e-01
1.086479999999999890e+01,1.785510799126411308e-01
1.086560000000000059e+01,6.051266503112353590e-01
1.086640000000000050e+01,1.152564402229441232e+00
1.086720000000000041e+01,6.222254866125945805e-01
1.086800000000000033e+01,7.089329826294450410e-01
1.086880000000000024e+01,4.660187453510654110e-01
1.086960000000000015e+01,2.549989646599982729e-01
1.087040000000000006e+01,1.876091076912159039e+00
1.087119999999999997e+01,5.293484113579624006e-01
1.087199999999999989e+01,8.973713731775501135e-02
1.087279999999999980e+01,1.061580313600966496e+00
1.087359999999999971e+01,1.271236027001161117e+00
1.087439999999999962e+01,1.357088775631827282e+00
1.087520000000000131e+01,1.675157250676253096e+00
1.087600000000000122e+01,4.018370254974457101e-01
1.087680000000000113e+01,4.495098230293843589e-01
1.087760000000000105e+01,1.886444922221030884e+00
1.087840000000000096e+01,3.185228424810310766e-01
1.087920000000000087e+01,1.619500392419684631e-01
1.087999999999999901e+01,1.045489961370654308e+00
1.088079999999999892e+01,8.938924584400231854e-01
1.088159999999999883e+01,2.309401663007538019e+00
1.088239999999999874e+01,8.585030241568426534e-01
1.088319999999999865e+01,3.002748653359498254e-01
1.088400000000000034e+01,4.945175219425564928e-01
1.088480000000000025e+01,7.856271017609254281e-01
1.088560000000000016e+01,4.203122340749138597e-01
1.088640000000000008e+01,6.834222434669301460e-01
1.088719999999999999e+01,4.602882011903496884e-01
1.088799999999999990e+01,7.955798112733455385e-01
1.088879999999999981e+01,5.123853837660701238e-01
1.088959999999999972e+01,1.236470870367006175e-01
1.089039999999999964e+01,1.502095770755011106e+00
1.089119999999999955e+01,9.479742773156157876e-02
1.089199999999999946e+01,9.472913481671514369e-01
1.089279999999999937e+01,2.074618969200904939e+00
1.089360000000000106e+01,5.514973043331791169e-01
1.089440000000000097e+01,7.096807672043624615e-01
1.089520000000000088e+01,1.242737280650852538e+00
1.089600000000000080e+01,9.768756670582704471e-01
1.089680000000000071e+01,1.485321122553242335e+00
1.089760000000000062e+01,1.998674696962285113e-01
1.089840000000000053e+01,2.103761288308699517e-01
1.089920000000000044e+01,9.812600279670008474e-01
1.090000000000000036e+01,5.656321645026110012e-01
1.090080000000000027e+01,3.294401809711451912e-01
1.090160000000000018e+01,2.301987734676058661e+00
1.090239999999999831e+01,1.455901534718452517e+00
1.090320000000000000e+01,7.651756288316790000e-01
1.090399999999999991e+01,3.092863361961021851e-01
1.090479999999999983e+01,1.128390114135589206e+00
1.090559999999999974e+01,4.508823245933457069e-01
1.090639999999999965e+01,1.793322456413929622e+00
1.090719999999999956e+01,1.432833477487915008e+00
1.090799999999999947e+01,4.860963853281879410e-01
1.090879999999999939e+01,1.333761446423723962e+00
1.090959999999999930e+01,7.329799514788521986e-01
1.091039999999999921e+01,1.117125566919752178e+00
1.091119999999999912e+01,5.228408204788480285e-02
1.091199999999999903e+01,6.740572326599240105e-01
1.091280000000000072e+01,2.223055825561432108e+00
1.091360000000000063e+01,7.815409819156948767e-01
1.091440000000000055e+01,6.777100013942141121e-01
1.091520000000000046e+01,1.414788481968185074e+00
1.091600000000000037e+01,6.502624506881924393e-01
1.091680000000000028e+01,9.864781630206168606e-01
1.091760000000000019e+01,4.079157984621425426e-01
1.091840000000000011e+01,2.574290131267345516e-01
1.091920000000000002e+01,3.188837709514475982e-01
1.091999999999999993e+01,1.096514238953935072e+00
1.092079999999999984e+01,2.235768757061677159e-01
1.092159999999999975e+01,1.919885830208953426e+00
1.092240000000000144e+01,1.222999429043875264e+00
1.092320000000000135e+01,6.351015248644257261e-01
1.092400000000000126e+01,1.875340782426376252e-01
1.092480000000000118e+01,1.436003993692966718e+00
1.092559999999999931e+01,1.452754338814461477e-01
1.092639999999999922e+01,1.616484984063171204e+00
1.092719999999999914e+01,8.791685999752767433e-01
1.092799999999999905e+01,9.701069654528767794e-01
1.092879999999999896e+01,6.966940048966252519e-01
1.092959999999999887e+01,8.218722463096258535e-01
1.093039999999999878e+01,1.802624034585652346e+00
1.093120000000000047e+01,9.729169755671865927e-01
1.093200000000000038e+01,2.113864552023000942e-01
1.093280000000000030e+01,1.885406688265807817e+00
1.093360000000000021e+01,3.358170121960475374e-01
1.093440000000000012e+01,8.169719408184114018e-01
1.093520000000000003e+01,2.124968797872376580e+00
1.093599999999999994e+01,1.405245803211493394e+00
1.093679999999999986e+01,1.690522831550242300e+00
1.093759999999999977e+01,4.005071008563420576e-01
1.093839999999999968e+01,3.536077628078371782e-01
1.093919999999999959e+01,3.300461645876535677e-01
1.093999999999999950e+01,1.083257296259005020e+00
1.094080000000000119e+01,6.747450623094932709e-01
1.094160000000000110e+01,2.823066585913736048e+00
1.094240000000000101e+01,1.276124386026574298e+00
1.094320000000000093e+01,3.378548498794137767e-01
1.094400000000000084e+01,1.814616986616660599e-01
1.094480000000000075e+01,1.584750346756384154e+00
1.094560000000000066e+01,1.210863542938984239e+00
1.094640000000000057e+01,1.941495279236219673e+00
1.094720000000000049e+01,4.631006853121870659e-01
1.094799999999999862e+01,1.700337046122340767e-01
1.094879999999999853e+01,1.494754088887471966e+00
1.094959999999999845e+01,8.671796615885797935e-03
1.095040000000000013e+01,1.114661434067561130e+00
1.095120000000000005e+01,1.174539272412092661e+00
1.095199999999999996e+01,3.921034145567909857e-01
1.095279999999999987e+01,1.966517309637936695e+00
1.095359999999999978e+01,1.302687607151577776e-01
1.095439999999999969e+01,1.308768397637823044e+00
1.095519999999999960e+01,1.247360284270609521e+00
1.095599999999999952e+01,3.525420829854671312e-01
1.095679999999999943e+01,1.696572879779637333e+00
1.095759999999999934e+01,4.774234262663235584e-01
1.095839999999999925e+01,1.435192956431480815e-01
1.095919999999999916e+01,5.430991672407158299e-01
1.096000000000000085e+01,1.362175858082515512e-01
1.096080000000000076e+01,5.903238835574629029e-01
1.096160000000000068e+01,1.572811759578538471e+00
1.096240000000000059e+01,5.965309157800967599e-01
1.096320000000000050e+01,9.918754876141553517e-03
1.096400000000000041e+01,4.270765378862487194e-01
1.096480000000000032e+01,1.131930704550398348e+00
1.096560000000000024e+01,7.908629408418699214e-01
1.096640000000000015e+01,1.283781555320919532e+00
1.096720000000000006e+01,1.175338628986989820e+00
1.096799999999999997e+01,1.196836074467262589e+00
1.096879999999999988e+01,1.313984138600705176e+00
1.096960000000000157e+01,1.321593480607278215e+00
1.097039999999999971e+01,2.110151579681563749e+00
1.097119999999999962e+01,8.286180607284479027e-01
1.097199999999999953e+01,8.112828820678197328e-01
1.097279999999999944e+01,2.465831970043765420e+00
1.097359999999999935e+01,2.481824083621280430e-01
1.097439999999999927e+01,3.109423096498617478e-01
1.097519999999999918e+01,1.054263863338186669e+00
1.097599999999999909e+01,6.009812590336058857e-01
1.097679999999999900e+01,1.335216436888837066e+00
1.097759999999999891e+01,2.105265472608039423e-01
1.097840000000000060e+01,2.298716265250553281e-01
1.097920000000000051e+01,1.484492141395539477e-01
1.098000000000000043e+01,1.285016548133608216e+00
1.098080000000000034e+01,2.660762400731492838e-01
1.098160000000000025e+01,8.991338754773107178e-01
1.098240000000000016e+01,4.037838126860874288e-01
1.098320000000000007e+01,5.609293720142328743e-01
1.098399999999999999e+01,4.825868446410825352e-01
1.098479999999999990e+01,2.218287825446551231e+00
1.098559999999999981e+01,1.808633343778123681e+00
1.098639999999999972e+01,2.599606137741091949e+00
1.098719999999999963e+01,1.666865418961146261e+00
1.098800000000000132e+01,1.206097020519138363e+00
1.098880000000000123e+01,8.954260852790997260e-01
1.098960000000000115e+01,8.987288921657543561e-01
1.099040000000000106e+01,1.952407896882500049e+00
1.099120000000000097e+01,1.979863469318656310e+00
1.099200000000000088e+01,1.172986708450957982e+00
1.099279999999999902e+01,1.337358025266369044e+00
1.099359999999999893e+01,9.427497047085137138e-01
1.099439999999999884e+01,3.694572510289759748e-01
1.099519999999999875e+01,3.806586456911354444e-01
1.099599999999999866e+01,1.815406216335767597e-01
1.099680000000000035e+01,1.485656702377201155e+00
1.099760000000000026e+01,4.075292194357828524e-01
1.099840000000000018e+01,8.661848966796368288e-01
1.099920000000000009e+01,6.097386048645020429e-01
1.100000000000000000e+01,2.157159395505972022e+00
1.100079999999999991e+01,1.344642279222687087e+00
1.100159999999999982e+01,1.686961664923605664e+00
1.100239999999999974e+01,1.339233565165346196e+00
1.100319999999999965e+01,3.786416235272305891e-02
1.100399999999999956e+01,1.166579525108095261e+00
1.100479999999999947e+01,5.489941452022185642e-01
1.100559999999999938e+01,1.153597716035728693e+00
1.100640000000000107e+01,2.612101687926390525e+00
1.100720000000000098e+01,2.293705985972320338e+00
1.100800000000000090e+01,1.746881243563692010e+00
1.100880000000000081e+01,8.620960716205871011e-01
1.100960000000000072e+01,9.702764270186330364e-01
1.101040000000000063e+01,1.497741006502626648e+00
1.101120000000000054e+01,9.344895918983523453e-01
1.101200000000000045e+01,1.960496046223487721e-01
1.101280000000000037e+01,1.676212443550131326e+00
1.101360000000000028e+01,2.375507348200751531e-02
1.101440000000000019e+01,7.729645505984231724e-01
1.101519999999999833e+01,9.268834640927804402e-01
1.101600000000000001e+01,3.055725094630034819e-02
1.101679999999999993e+01,5.606146746120554969e-01
1.101759999999999984e+01,5.408289389236881767e-02
1.101839999999999975e+01,5.989743969187065753e-01
1.101919999999999966e+01,7.799959993315987994e-01
1.101999999999999957e+01,1.863036295486184102e+00
1.102079999999999949e+01,4.692951795300049911e-01
1.102159999999999940e+01,1.695341194896688775e+00
1.102239999999999931e+01,6.577848065064409999e-01
1.102319999999999922e+01,2.940125897020476331e-01
1.102399999999999913e+01,9.404117213286220522e-01
1.102479999999999905e+01,5.482745376806140714e-01
1.102560000000000073e+01,5.823487678007192025e-01
1.102640000000000065e+01,1.340668158983906233e+00
1.102720000000000056e+01,1.075777678786709046e+00
1.102800000000000047e+01,1.930652109036217423e+00
1.102880000000000038e+01,1.363957171550640446e-01
1.102960000000000029e+01,5.769564698262544811e-01
1.103040000000000020e+01,1.728042429068065378e+00
1.103120000000000012e+01,1.357467660674889443e+00
1.103200000000000003e+01,5.260030810854026129e-01
1.103279999999999994e+01,1.360766765619514818e+00
1.103359999999999985e+01,2.968790926286816734e-01
1.103439999999999976e+01,8.040457125031724717e-01
1.103520000000000145e+01,1.689263014401345631e+00
1.103600000000000136e+01,6.798966875551248901e-01
1.103680000000000128e+01,6.355632227996054207e-01
1.103760000000000119e+01,8.256426890236952254e-02
1.103839999999999932e+01,3.764889659063977989e-01
1.103919999999999924e+01,2.475807062747260312e-01
1.103999999999999915e+01,1.366064407840015038e+00
1.104079999999999906e+01,1.025029177584830364e+00
1.104159999999999897e+01,1.991996540320055464e+00
1.104239999999999888e+01,3.046709931663065252e-01
1.104319999999999879e+01,8.391894963176492750e-01
1.104400000000000048e+01,1.280468334293010324e+00
1.104480000000000040e+01,6.088672283175278199e-01
1.104560000000000031e+01,1.077964862343331554e+00
1.104640000000000022e+01,1.638493985124031438e+00
1.104720000000000013e+01,9.938642613462256303e-01
1.104800000000000004e+01,6.785039420671779009e-01
1.104879999999999995e+01,1.118363685671318608e+00
1.104959999999999987e+01,8.785293356473602433e-01
1.105039999999999978e+01,7.871852276248391123e-01
1.105119999999999969e+01,5.568224600643216782e-01
1.105199999999999960e+01,8.681276078629414361e-02
1.105279999999999951e+01,1.577092430306375359e+00
1.105360000000000120e+01,1.343386752140156848e-01
1.105440000000000111e+01,7.275495939625945541e-01
1.105520000000000103e+01,9.467487549397356483e-01
1.105600000000000094e+01,2.246480123323797151e-01
1.105680000000000085e+01,1.404858361662632005e+00
1.105760000000000076e+01,4.781183430956915115e-01
1.105840000000000067e+01,2.254211226970686752e-02
1.105920000000000059e+01,3.075114799119135767e-01
1.106000000000000050e+01,3.750552717527112084e-02
1.106079999999999863e+01,1.580507640946756109e-01
1.106159999999999854e+01,1.079454874750240378e+00
1.106239999999999846e+01,6.766042209714778766e-01
1.106320000000000014e+01,3.453708126997668271e-01
1.106400000000000006e+01,7.479367268505685562e-01
1.106479999999999997e+01,9.168511516427304553e-01
1.106559999999999988e+01,1.101356194706147429e+00
1.106639999999999979e+01,1.926498375959202480e+00
1.106719999999999970e+01,1.708548704327957912e+00
1.106799999999999962e+01,1.292428799259282668e+00
1.106879999999999953e+01,8.684308932702367034e-01
1.106959999999999944e+01,1.600209610105773894e+00
1.107039999999999935e+01,2.222552484727645883e+00
1.107119999999999926e+01,1.174856519517253339e+00
1.107199999999999918e+01,1.185647489760606743e-01
1.107280000000000086e+01,1.712421210872602018e+00
1.107360000000000078e+01,8.485381248487958716e-01
1.107440000000000069e+01,1.115350339515785716e-01
1.107520000000000060e+01,8.343950550455420112e-01
1.107600000000000051e+01,2.954278225787327350e-01
1.107680000000000042e+01,1.331135988539748349e-01
1.107760000000000034e+01,4.405559416241590642e-01
1.107840000000000025e+01,3.764787835869041199e-01
1.107920000000000016e+01,1.124675744636820518e+00
1.108000000000000007e+01,2.164370329921903036e+00
1.108079999999999998e+01,1.412758342328078287e+00
1.108159999999999989e+01,1.487582046267692526e+00
1.108240000000000158e+01,2.552590184469410994e-01
1.108319999999999972e+01,6.028577647093885661e-01
1.108399999999999963e+01,1.270013915867379106e+00
1.108479999999999954e+01,9.134902581558079770e-01
1.108559999999999945e+01,1.323438970173305806e+00
1.108639999999999937e+01,1.800225261951193811e+00
1.108719999999999928e+01,1.347645189010533429e+00
1.108799999999999919e+01,1.924378088632052508e+00
1.108879999999999910e+01,5.569005114922628286e-01
1.108959999999999901e+01,5.620874105296941314e-01
1.109039999999999893e+01,1.713160007831043607e+00
1.109120000000000061e+01,1.575058659969557295e+00
1.109200000000000053e+01,1.166811408736998512e+00
1.109280000000000044e+01,3.442793126658550973e-01
1.109360000000000035e+01,5.621013468301114951e-02
1.109440000000000026e+01,1.465089527673514025e-01
1.109520000000000017e+01,3.979276305254357826e-01
1.109600000000000009e+01,3.379961643983627195e-01
1.109680000000000000e+01,6.145052130164039283e-01
1.109759999999999991e+01,2.519543850997936763e-01
1.109839999999999982e+01,9.249769931933177203e-01
1.109919999999999973e+01,5.310134925909129056e-01
1.109999999999999964e+01,2.062575277595241285e+00
1.110080000000000133e+01,2.363102328151515774e+00
1.110160000000000124e+01,2.201419353398188949e+00
1.110240000000000116e+01,1.556378886949655094e+00
1.110320000000000107e+01,3.715219043581094449e-02
1.110400000000000098e+01,1.924616672367431836e+00
1.110480000000000089e+01,6.442193788844742253e-01
1.110559999999999903e+01,1.489362334640198515e-01
1.110639999999999894e+01,1.559292960103692893e+00
1.110719999999999885e+01,1.491352603000633215e+00
1.110799999999999876e+01,1.600672228180196832e+00
1.110879999999999868e+01,1.260954483552709227e-01
1.110960000000000036e+01,5.787039230244045429e-01
1.111040000000000028e+01,1.285729700000023401e+00
1.111120000000000019e+01,4.660035056023521527e-01
1.111200000000000010e+01,5.110019229760676129e-01
1.111280000000000001e+01,1.720265555706698424e-01
1.111359999999999992e+01,1.920406496737717905e+00
1.111439999999999984e+01,1.720618780835551531e+00
1.111519999999999975e+01,1.535415965063814614e+00
1.111599999999999966e+01,7.574706235388479758e-01
1.111679999999999957e+01,8.748444051197528104e-01
1.111759999999999948e+01,1.297811232197973119e+00
1.111839999999999939e+01,5.389332013400891519e-01
1.111920000000000108e+01,5.049617782682950251e-01
1.112000000000000099e+01,1.435142335362730392e+00
1.112080000000000091e+01,1.591847060519670842e+00
1.112160000000000082e+01,2.398383251985706011e+00
1.112240000000000073e+01,1.840351773897531018e+00
1.112320000000000064e+01,8.871794441161113820e-01
1.112400000000000055e+01,3.661433204595045399e-01
1.112480000000000047e+01,5.761312841153919118e-02
1.112560000000000038e+01,5.387776960698504869e-01
1.112640000000000029e+01,1.559279221522554548e-01
1.112720000000000020e+01,4.281578169873401229e-01
1.112799999999999834e+01,1.285615872507728685e+00
1.112880000000000003e+01,5.044017325332634805e-01
1.112959999999999994e+01,1.072205919840452937e-01
1.113039999999999985e+01,6.289728862063860282e-01
1.113119999999999976e+01,2.940556880346984481e-01
1.113199999999999967e+01,3.211030916232629484e-01
1.113279999999999959e+01,1.243131606538252498e+00
1.113359999999999950e+01,1.610809203267404566e-01
1.113439999999999941e+01,6.757248244839461071e-01
1.113519999999999932e+01,2.405376449233039615e+00
1.113599999999999923e+01,1.294452413145936065e+00
1.113679999999999914e+01,7.462256128237410024e-01
1.113759999999999906e+01,5.464977766717999952e-01
1.113840000000000074e+01,1.163156544053809194e+00
1.113920000000000066e+01,1.670597715069359612e+00
1.114000000000000057e+01,6.215703780799400890e-01
1.114080000000000048e+01,8.343135359981599386e-01
1.114160000000000039e+01,2.377040688998297124e+00
1.114240000000000030e+01,1.153715711389261545e+00
1.114320000000000022e+01,1.065330774123110835e+00
1.114400000000000013e+01,3.806954733711925276e-01
1.114480000000000004e+01,9.099156904027257964e-01
1.114559999999999995e+01,1.029292489854556347e+00
1.114639999999999986e+01,1.133969562855368984e+00
1.114719999999999978e+01,1.685515017274830385e-01
1.114800000000000146e+01,3.572671650991548487e-01
1.114880000000000138e+01,1.156855400956846136e+00
1.114960000000000129e+01,5.121858223575541658e-01
1.115039999999999942e+01,6.788775005092791970e-01
1.115119999999999933e+01,1.283100869358362872e-01
1.115199999999999925e+01,3.766540649806214835e-01
1.115279999999999916e+01,1.906785727759370053e+00
1.115359999999999907e+01,3.600215973589674934e-01
1.115439999999999898e+01,1.112830269755127555e+00
1.115519999999999889e+01,1.843603805895949854e+00
1.115599999999999881e+01,1.156792371574678402e+00
1.115680000000000049e+01,1.826008633513251045e+00
1.115760000000000041e+01,8.892112651518254696e-01
1.115840000000000032e+01,3.842646100309511925e-01
1.115920000000000023e+01,1.026589147853084638e+00
1.116000000000000014e+01,3.333143013925223830e-01
1.116080000000000005e+01,1.154007379666709548e-01
1.116159999999999997e+01,1.388000578134312546e+00
1.116239999999999988e+01,7.576087387057374167e-01
1.116319999999999979e+01,1.158324673625106715e+00
1.116399999999999970e+01,5.591575171836560276e-01
1.116479999999999961e+01,1.410862267794122271e+00
1.116559999999999953e+01,1.979539909020568311e+00
1.116640000000000121e+01,2.490464280164852440e+00
1.116720000000000113e+01,9.706803773783738709e-01
1.116800000000000104e+01,2.426689944045662684e-01
1.116880000000000095e+01,1.327319384906459065e+00
1.116960000000000086e+01,2.147016285711150108e+00
1.117040000000000077e+01,3.017381397222386852e+00
1.117120000000000068e+01,8.848607162841698459e-01
1.117200000000000060e+01,9.236040639307974143e-01
1.117280000000000051e+01,2.273417757957195029e+00
1.117359999999999864e+01,1.090636866056319709e+00
1.117439999999999856e+01,7.203729959739153810e-02
1.117519999999999847e+01,1.346745530889619680e+00
1.117600000000000016e+01,7.447458359737302303e-01
1.117680000000000007e+01,1.479525282270670372e+00
1.117759999999999998e+01,1.127474996428215359e+00
1.117839999999999989e+01,1.453338953023719737e+00
1.117919999999999980e+01,8.318587124031713298e-01
1.117999999999999972e+01,1.136227166949558498e+00
1.118079999999999963e+01,1.045926152001928067e+00
1.118159999999999954e+01,6.268431983132142227e-01
1.118239999999999945e+01,7.718824146193122848e-01
1.118319999999999936e+01,6.265438707472276159e-01
1.118399999999999928e+01,3.458938791094600673e-01
1.118479999999999919e+01,1.372307619465381601e+00
1.118560000000000088e+01,1.864151439628447759e+00
1.118640000000000079e+01,2.564571231741892277e+00
1.118720000000000070e+01,1.530274533558949379e+00
1.118800000000000061e+01,8.282153235406902736e-01
1.118880000000000052e+01,2.833248450423269116e-01
1.118960000000000043e+01,1.467355397574782394e+00
1.119040000000000035e+01,2.676713062937051468e+00
1.119120000000000026e+01,1.273164038954567090e+00
1.119200000000000017e+01,8.272232632984363176e-01
1.119280000000000008e+01,7.319864696476384713e-01
1.119359999999999999e+01,5.653722498056852341e-01
1.119439999999999991e+01,4.339913717397505533e-01
1.119520000000000159e+01,4.430710836285744469e-01
1.119599999999999973e+01,4.983448557309404503e-01
1.119679999999999964e+01,9.479419928599200906e-01
1.119759999999999955e+01,8.735144133212299211e-01
1.119839999999999947e+01,1.444406076265271732e+00
1.119919999999999938e+01,4.665718543334494428e-01
1.119999999999999929e+01,1.177312100393161476e+00
1.120079999999999920e+01,1.301636476381807128e+00
1.120159999999999911e+01,1.147453362949302003e+00
1.120239999999999903e+01,2.264113031795459696e-01
1.120319999999999894e+01,6.527892721668364373e-02
1.120400000000000063e+01,1.177034749377111389e+00
1.120480000000000054e+01,1.195773929384455619e-01
1.120560000000000045e+01,9.076136583597963492e-01
1.120640000000000036e+01,2.363178473566323490e+00
1.120720000000000027e+01,1.709994839104583164e+00
1.120800000000000018e+01,6.080303199838559269e-01
1.120880000000000010e+01,4.296643577149117377e-01
1.120960000000000001e+01,1.267151634020929230e+00
1.121039999999999992e+01,2.015816048060700361e+00
1.121119999999999983e+01,2.207246092029325757e-01
1.121199999999999974e+01,3.356665484751275574e-01
1.121279999999999966e+01,1.578614945574570383e+00
1.121360000000000134e+01,1.703077349297001941e-01
1.121440000000000126e+01,2.625296984770535413e-01
1.121520000000000117e+01,8.435517333813289387e-01
1.121600000000000108e+01,2.983499554238582818e-01
1.121680000000000099e+01,3.012834413017736468e-01
1.121760000000000090e+01,2.645395096139753835e-02
1.121839999999999904e+01,2.558387499870631299e-01
1.121919999999999895e+01,7.638993775574830225e-02
1.121999999999999886e+01,5.734377040653689805e-01
1.122079999999999878e+01,7.785774324813978797e-01
1.122159999999999869e+01,1.541425677488824642e+00
1.122239999999999860e+01,3.411876380875850101e-01
1.122320000000000029e+01,8.167072771025820632e-01
1.122400000000000020e+01,2.231545858081953604e-01
1.122480000000000011e+01,1.134602948873861594e+00
1.122560000000000002e+01,1.048916727188517584e+00
1.122639999999999993e+01,1.892517851592161460e+00
1.122719999999999985e+01,1.033469487857153091e+00
1.122799999999999976e+01,7.722097170379195186e-01
1.122879999999999967e+01,2.260795491263147827e-01
1.122959999999999958e+01,1.213196053632518145e+00
1.123039999999999949e+01,1.836590622723046184e+00
1.123119999999999941e+01,7.947462342005877645e-01
1.123199999999999932e+01,7.402690316278426330e-01
1.123280000000000101e+01,1.740336734696301457e+00
1.123360000000000092e+01,7.361011375335999585e-01
1.123440000000000083e+01,3.476628775533100457e-01
1.123520000000000074e+01,1.927226389622428648e+00
1.123600000000000065e+01,1.497670610418161186e+00
1.123680000000000057e+01,7.638768631261381170e-01
1.123760000000000048e+01,3.235836503149042143e-01
1.123840000000000039e+01,2.553782394477633888e-01
1.123920000000000030e+01,2.470584736408196758e-01
1.124000000000000021e+01,2.909127089295469037e-01
1.124079999999999835e+01,8.885705433298431988e-01
1.124160000000000004e+01,1.812199840505154258e+00
1.124239999999999995e+01,1.752963014432023237e-01
1.124319999999999986e+01,1.432473718828583265e-01
1.124399999999999977e+01,3.697997257346311573e-01
1.124479999999999968e+01,2.078933488186958112e+00
1.124559999999999960e+01,2.007258142307717819e+00
1.124639999999999951e+01,2.530227667574566741e+00
1.124719999999999942e+01,7.595946474428871831e-01
1.124799999999999933e+01,7.678962040473685802e-02
1.124879999999999924e+01,1.135062102304704057e+00
1.124959999999999916e+01,1.506888695343013618e+00
1.125039999999999907e+01,2.047271693912486423e+00
1.125120000000000076e+01,1.096683453787129503e+00
1.125200000000000067e+01,5.586733530822768357e-01
1.125280000000000058e+01,1.963576025570950900e+00
1.125360000000000049e+01,7.197588122429843249e-01
1.125440000000000040e+01,6.526619694473920208e-02
1.125520000000000032e+01,6.958754164611157256e-01
1.125600000000000023e+01,3.965681734342587639e-01
1.125680000000000014e+01,1.438599961595264709e+00
1.125760000000000005e+01,1.013951692380797853e+00
1.125839999999999996e+01,1.343636222186052054e+00
1.125919999999999987e+01,3.490632857139189249e-01
1.125999999999999979e+01,3.131351324804677594e-01
1.126080000000000148e+01,5.408102768793384696e-01
1.126160000000000139e+01,1.278334637490121661e+00
1.126240000000000130e+01,2.478400815800500534e-01
1.126319999999999943e+01,3.534799132544638733e-01
1.126399999999999935e+01,2.679244954482495333e-01
1.126479999999999926e+01,6.124345384012820359e-01
1.126559999999999917e+01,9.345312447461051608e-01
1.126639999999999908e+01,2.268719190054913515e+00
1.126719999999999899e+01,1.894457105607178615e+00
1.126799999999999891e+01,1.311501554876927100e+00
1.126879999999999882e+01,5.324855796242202732e-01
1.126960000000000051e+01,1.582360348684481499e+00
1.127040000000000042e+01,3.239424747850600195e+00
1.127120000000000033e+01,1.768954132110594601e+00
1.127200000000000024e+01,1.122749682948941119e-01
1.127280000000000015e+01,1.089650608564799450e+00
1.127360000000000007e+01,3.090253988872432855e-01
1.127439999999999998e+01,8.971454314616982006e-02
1.127519999999999989e+01,8.886673426879077020e-01
1.127599999999999980e+01,4.830851169640135168e-01
1.127679999999999971e+01,4.893489599370431375e-01
1.127759999999999962e+01,2.588991694242327446e-01
1.127839999999999954e+01,1.192265564537727141e+00
1.127920000000000122e+01,1.268956373026871587e+00
1.128000000000000114e+01,1.417932782745836784e+00
1.128080000000000105e+01,1.061172159199372578e+00
1.128160000000000096e+01,1.337246106201234186e+00
1.128240000000000087e+01,6.240383123422883482e-01
1.128320000000000078e+01,9.909028439849466574e-01
1.128400000000000070e+01,7.823756419660926609e-01
1.128480000000000061e+01,7.089251019953586308e-01
1.128560000000000052e+01,1.011813846750108548e+00
1.128639999999999866e+01,2.344164207826541446e+00
1.128719999999999857e+01,1.241254099552287160e+00
1.128799999999999848e+01,6.003931522667255161e-01
1.128880000000000017e+01,3.499339473770354814e-01
1.128960000000000008e+01,4.978695253485782568e-01
1.129039999999999999e+01,2.289956054338282421e+00
1.129119999999999990e+01,1.335431173158343920e+00
1.129199999999999982e+01,3.930706776256469026e-01
1.129279999999999973e+01,7.274248727185588237e-01
1.129359999999999964e+01,4.470078438721223346e-01
1.129439999999999955e+01,8.570588592934709204e-01
1.129519999999999946e+01,1.952724064271385840e-01
1.129599999999999937e+01,1.155724718674360080e-01
1.129679999999999929e+01,2.906357850528529241e-01
1.129759999999999920e+01,5.705552436726002430e-01
1.129840000000000089e+01,9.595585654098792716e-01
1.129920000000000080e+01,4.835473554360037451e-01
1.130000000000000071e+01,1.289956329607540475e+00
1.130080000000000062e+01,1.587411157337170753e+00
1.130160000000000053e+01,2.142664396445440822e+00
1.130240000000000045e+01,9.605419090646716285e-01
1.130320000000000036e+01,1.888357048612207545e-01
1.130400000000000027e+01,8.702329424521684231e-01
1.130480000000000018e+01,1.216350702936558753e-01
1.130560000000000009e+01,2.580991050621063154e-01
1.130640000000000001e+01,2.276737088993836977e+00
1.130719999999999992e+01,1.740375950183232101e+00
1.130800000000000161e+01,8.839822246040793807e-01
1.130879999999999974e+01,1.426042401384389202e-01
1.130959999999999965e+01,2.748911680891831799e-01
1.131039999999999957e+01,1.819046933133297461e+00
1.131119999999999948e+01,7.015430414445068541e-01
1.131199999999999939e+01,3.938071848319919105e-02
1.131279999999999930e+01,7.183678473467369763e-01
1.131359999999999921e+01,1.067347745316403307e+00
1.131439999999999912e+01,7.979420142769726443e-01
1.131519999999999904e+01,3.618528793398641530e-01
1.131599999999999895e+01,3.897771079036804198e-01
1.131680000000000064e+01,3.996700392452934292e-01
1.131760000000000055e+01,7.622186014068289550e-01
1.131840000000000046e+01,8.405150641794993938e-01
1.131920000000000037e+01,5.294557295075571490e-01
1.132000000000000028e+01,1.661553275356641546e+00
1.132080000000000020e+01,1.535330714845696276e+00
1.132160000000000011e+01,2.388138929772585239e+00
1.132240000000000002e+01,8.237984616276773364e-01
1.132319999999999993e+01,1.363810596036352796e-01
1.132399999999999984e+01,1.977692728750931606e-01
1.132479999999999976e+01,2.166337748132044216e-01
1.132559999999999967e+01,9.965727569378421413e-02
1.132640000000000136e+01,1.770407074257133395e+00
1.132720000000000127e+01,1.563762097230992687e+00
1.132800000000000118e+01,1.438930620214675438e+00
1.132880000000000109e+01,2.468641298968040076e-01
1.132960000000000100e+01,2.967838892400393933e-02
1.133040000000000092e+01,2.213276575257006051e+00
1.133119999999999905e+01,1.397432330785611576e+00
1.133199999999999896e+01,5.390218676521612608e-03
1.133279999999999887e+01,1.206174771889761743e+00
1.133359999999999879e+01,4.892530899013504686e-01
1.133439999999999870e+01,2.183308241195115185e-01
1.133519999999999861e+01,6.169704311669037544e-01
1.133600000000000030e+01,6.537199742881047992e-01
1.133680000000000021e+01,2.855461386256521322e-02
1.133760000000000012e+01,6.191958585515832114e-01
1.133840000000000003e+01,3.824431239424094797e-01
1.133919999999999995e+01,4.986867442953861196e-01
1.133999999999999986e+01,1.551069387163117819e+00
1.134079999999999977e+01,1.530440917990258942e+00
1.134159999999999968e+01,3.050077673229873998e+00
1.134239999999999959e+01,4.554259657840915021e-01
1.134319999999999951e+01,6.435473884164294445e-01
1.134399999999999942e+01,6.553730923338291214e-01
1.134479999999999933e+01,4.850330738830120336e-01
1.134560000000000102e+01,8.603903555550760363e-01
1.134640000000000093e+01,2.055150583230787031e+00
1.134720000000000084e+01,1.253225893320385032e+00
1.134800000000000075e+01,9.124294543134421343e-01
1.134880000000000067e+01,3.608817696622111937e-01
1.134960000000000058e+01,1.901232090447835532e-01
1.135040000000000049e+01,1.338943948779333759e+00
1.135120000000000040e+01,1.343331609674834670e+00
1.135200000000000031e+01,5.202931213549536471e-01
1.135280000000000022e+01,9.162136936853495506e-01
1.135359999999999836e+01,6.664466995645311753e-01
1.135440000000000005e+01,2.905421429170785275e-01
1.135519999999999996e+01,7.191727352147647689e-01
1.135599999999999987e+01,2.522387955938616005e-02
1.135679999999999978e+01,6.598566072030036533e-01
1.135759999999999970e+01,5.461988445130351311e-01
1.135839999999999961e+01,3.977347953255231383e-01
1.135919999999999952e+01,5.890796657765884348e-01
1.135999999999999943e+01,8.872343904878495779e-01
1.136079999999999934e+01,8.378345885280539251e-01
1.136159999999999926e+01,2.590293161195266869e+00
1.136239999999999917e+01,6.260766493476659367e-01
1.136319999999999908e+01,2.796193444564410435e-01
1.136400000000000077e+01,1.009772186096087099e+00
1.136480000000000068e+01,1.232180935405109423e-01
1.136560000000000059e+01,7.510466627086101465e-02
1.136640000000000050e+01,1.962445484294178755e+00
1.136720000000000041e+01,1.781582605328197122e+00
1.136800000000000033e+01,1.284067130351624453e+00
1.136880000000000024e+01,6.094676288187306223e-01
1.136960000000000015e+01,5.343084318739932392e-01
1.137040000000000006e+01,1.968544417768169019e+00
1.137119999999999997e+01,1.434642511149689881e+00
1.137199999999999989e+01,1.411899172480244880e-01
1.137279999999999980e+01,1.152707530866406982e+00
1.137360000000000149e+01,5.529584840117647282e-01
1.137440000000000140e+01,1.005494689570140210e+00
1.137520000000000131e+01,1.224685099394937637e+00
1.137599999999999945e+01,9.758155022531662948e-02
1.137679999999999936e+01,2.987922956857415047e-01
1.137759999999999927e+01,1.193588198144928558e+00
1.137839999999999918e+01,3.023487371424686890e-02
1.137919999999999909e+01,2.196668692142724477e-01
1.137999999999999901e+01,1.188132930679121513e+00
1.138079999999999892e+01,1.298339121073090130e+00
1.138159999999999883e+01,2.180032234877862685e+00
1.138240000000000052e+01,2.580932607761843856e-01
1.138320000000000043e+01,4.937391232509392713e-01
1.138400000000000034e+01,7.991627379946052434e-01
1.138480000000000025e+01,4.186435289216040023e-01
1.138560000000000016e+01,1.741880041104295063e-01
1.138640000000000008e+01,1.202052427741954865e+00
1.138719999999999999e+01,1.026650651679281268e+00
1.138799999999999990e+01,8.969973531007575662e-01
1.138879999999999981e+01,1.529839744529147005e-01
1.138959999999999972e+01,3.936687789007798921e-01
1.139039999999999964e+01,1.072850716887673084e+00
1.139119999999999955e+01,9.559570489853544961e-01
1.139200000000000124e+01,4.918238998380177265e-03
1.139280000000000115e+01,9.103428970504306994e-01
1.139360000000000106e+01,3.192632614674569824e-01
1.139440000000000097e+01,3.620978380885264691e-01
1.139520000000000088e+01,5.691091578663710626e-01
1.139600000000000080e+01,3.724855979099903069e-01
1.139680000000000071e+01,8.520035672319963282e-01
1.139760000000000062e+01,9.717617424476958643e-01
1.139840000000000053e+01,2.893607363954022738e-01
1.139919999999999867e+01,3.849165771938902747e-01
1.139999999999999858e+01,8.963483707258724786e-01
1.140079999999999849e+01,1.376438472771738031e+00
1.140160000000000018e+01,2.665129735408448219e+00
1.140240000000000009e+01,1.799558904474458210e+00
1.140320000000000000e+01,4.763073386513733687e-01
1.140399999999999991e+01,5.639658961938180948e-01
1.140479999999999983e+01,5.817303814858492128e-01
1.140559999999999974e+01,5.498112742510020690e-01
1.140639999999999965e+01,1.725126382703554562e+00
1.140719999999999956e+01,1.846568905602325783e+00
1.140799999999999947e+01,1.137550689215633293e+00
1.140879999999999939e+01,6.497172651459355297e-01
1.140959999999999930e+01,4.895410008547842473e-01
1.141039999999999921e+01,9.160541270957218707e-01
1.141120000000000090e+01,5.899991891108485181e-02
1.141200000000000081e+01,7.901144912299772338e-01
1.141280000000000072e+01,1.506743196445656352e+00
1.141360000000000063e+01,1.045406197849844565e+00
1.141440000000000055e+01,1.124449836056854668e+00
1.141520000000000046e+01,9.770279688414714725e-01
1.141600000000000037e+01,5.597695846879685577e-01
1.141680000000000028e+01,8.654105096053682500e-01
1.141760000000000019e+01,2.358699401266798334e-01
1.141840000000000011e+01,1.348313014651533097e-03
1.141920000000000002e+01,2.090875050844324401e-01
1.141999999999999993e+01,3.883038693039489453e-01
1.142080000000000162e+01,2.248029073783298082e-01
1.142159999999999975e+01,1.921557257468568647e+00
1.142239999999999966e+01,1.589339749239978339e+00
1.142319999999999958e+01,8.977113384351071979e-01
1.142399999999999949e+01,9.459027385150770018e-01
1.142479999999999940e+01,1.527522415942766276e+00
1.142559999999999931e+01,3.500989463657799838e-01
1.142639999999999922e+01,9.766515793674871437e-01
1.142719999999999914e+01,5.482185009319286983e-01
1.142799999999999905e+01,1.374970045807060448e-01
1.142879999999999896e+01,1.193787273577298969e+00
1.142960000000000065e+01,1.143114158593095731e+00
1.143040000000000056e+01,1.577139225750909146e+00
1.143120000000000047e+01,7.454988942431501897e-01
1.143200000000000038e+01,7.993345697051204013e-01
1.143280000000000030e+01,2.346044735629260192e+00
1.143360000000000021e+01,1.282627135315068945e-01
1.143440000000000012e+01,9.978284123059361077e-01
1.143520000000000003e+01,1.821755740160045045e+00
1.143599999999999994e+01,1.869431191085967781e+00
1.143679999999999986e+01,1.809994498757770964e+00
1.143759999999999977e+01,6.460089287663065005e-02
1.143839999999999968e+01,1.726691834962576777e-01
1.143920000000000137e+01,4.611118069233752781e-01
1.144000000000000128e+01,5.425962579544180153e-01
1.144080000000000119e+01,4.746583508759995018e-01
1.144160000000000110e+01,1.748715887774574984e+00
1.144240000000000101e+01,8.449353000816446357e-01
1.144320000000000093e+01,6.734332822353109593e-01
1.144399999999999906e+01,5.166112129006792397e-01
1.144479999999999897e+01,1.099023260912288746e+00
1.144559999999999889e+01,1.104811991370608926e+00
1.144639999999999880e+01,1.647234801253189440e+00
1.144719999999999871e+01,8.573047506630198100e-01
1.144799999999999862e+01,3.415186587099028337e-01
1.144880000000000031e+01,1.170643997292196481e+00
1.144960000000000022e+01,8.803754005679774730e-01
1.145040000000000013e+01,1.294786400175388152e+00
1.145120000000000005e+01,8.106189081025290122e-01
1.145199999999999996e+01,4.303608187155225639e-01
1.145279999999999987e+01,1.812742283210606598e+00
1.145359999999999978e+01,5.408853016441543538e-02
1.145439999999999969e+01,9.595221583891627715e-01
1.145519999999999960e+01,9.784901453747242295e-01
1.145599999999999952e+01,6.906153624897027887e-01
1.145679999999999943e+01,1.729851792021190438e+00
1.145759999999999934e+01,6.188961022172100312e-01
1.145840000000000103e+01,2.059160395901026841e-01
1.145920000000000094e+01,1.395420090379203282e-01
1.146000000000000085e+01,2.941874188968353621e-01
1.146080000000000076e+01,9.129787959122464061e-03
1.146160000000000068e+01,1.860080706419545260e+00
1.146240000000000059e+01,8.043587432660340708e-01
1.146320000000000050e+01,1.760519022368479125e-01
1.146400000000000041e+01,2.724058047430797380e-01
1.146480000000000032e+01,7.545929184212306629e-01
1.146560000000000024e+01,4.507356301079510907e-01
1.146639999999999837e+01,1.166875244262792100e+00
1.146720000000000006e+01,1.242557557740621377e+00
1.146799999999999997e+01,9.799832993245024548e-01
1.146879999999999988e+01,1.203883016726491340e+00
1.146959999999999980e+01,1.548016262189946701e+00
1.147039999999999971e+01,2.045725092533508871e+00
1.147119999999999962e+01,1.171650042406099379e+00
1.147199999999999953e+01,4.919272266805613802e-01
1.147279999999999944e+01,2.007152714887884937e+00
1.147359999999999935e+01,1.410407187189651468e-01
1.147439999999999927e+01,8.517027505605880844e-01
1.147519999999999918e+01,8.847644921467630041e-01
1.147599999999999909e+01,4.646929577547287177e-04
1.147680000000000078e+01,6.449243789088207057e-01
1.147760000000000069e+01,9.474116700315578232e-02
1.147840000000000060e+01,3.814108775792856426e-02
1.147920000000000051e+01,1.171866635897991643e-01
1.148000000000000043e+01,1.124150137670785199e+00
1.148080000000000034e+01,4.457640194757115926e-01
1.148160000000000025e+01,1.285062359971498758e+00
1.148240000000000016e+01,8.002205582125654360e-02
1.148320000000000007e+01,2.706003189307523704e-01
1.148399999999999999e+01,2.465151391631668076e-01
1.148479999999999990e+01,1.403436463763400255e+00
1.148559999999999981e+01,1.075679173251788745e+00
1.148640000000000150e+01,1.463598982367241730e+00
1.148720000000000141e+01,1.446986146537042384e+00
1.148800000000000132e+01,1.240518144289599389e+00
1.148879999999999946e+01,4.015571207544160748e-01
1.148959999999999937e+01,4.380362851338772123e-01
1.149039999999999928e+01,1.364271832477229163e+00
1.149119999999999919e+01,9.230353068334052891e-01
1.149199999999999910e+01,9.066572280063489586e-02
1.149279999999999902e+01,1.597002442889335461e+00
1.149359999999999893e+01,6.777416976585410868e-01
1.149439999999999884e+01,2.273264964141268746e-02
1.149520000000000053e+01,1.185436917419535607e+00
1.149600000000000044e+01,7.371348269532981279e-01
1.149680000000000035e+01,1.542483906735806709e+00
1.149760000000000026e+01,2.425330225172824539e-01
1.149840000000000018e+01,3.512591399728127728e-01
1.149920000000000009e+01,4.611288863190665110e-01
1.150000000000000000e+01,1.433390056413796465e+00
1.150079999999999991e+01,1.091489313055056698e+00
1.150159999999999982e+01,1.851944313805177655e+00
1.150239999999999974e+01,1.575849827509519852e+00
1.150319999999999965e+01,4.435104691858274273e-01
1.150399999999999956e+01,8.523452888556938278e-01
1.150480000000000125e+01,1.044063507452132500e+00
1.150560000000000116e+01,1.325466488428699741e+00
1.150640000000000107e+01,1.509615940321410443e+00
1.150720000000000098e+01,1.707733333579356749e+00
1.150800000000000090e+01,1.115492993010526623e+00
1.150880000000000081e+01,7.696726856868190136e-01
1.150960000000000072e+01,9.464910342953636313e-01
1.151040000000000063e+01,1.441867617049355621e+00
1.151119999999999877e+01,4.501628566785970675e-01
1.151199999999999868e+01,1.543594752199684006e-01
1.151279999999999859e+01,1.585401674039590203e+00
1.151359999999999850e+01,2.092276708396641760e-01
1.151440000000000019e+01,6.483245604227798609e-01
1.151520000000000010e+01,1.025484277971180802e+00
1.151600000000000001e+01,1.144470723580571225e-01
1.151679999999999993e+01,8.905396038872005482e-01
1.151759999999999984e+01,6.100694686616072726e-01
1.151839999999999975e+01,7.153283926227005374e-01
1.151919999999999966e+01,6.012024001278551966e-01
1.151999999999999957e+01,9.737078051030892967e-01
1.152079999999999949e+01,4.581998675237733964e-01
1.152159999999999940e+01,1.263422502548297022e+00
1.152239999999999931e+01,4.388579876037780325e-01
1.152319999999999922e+01,2.273458737888601755e-01
1.152400000000000091e+01,7.870013678122350642e-01
1.152480000000000082e+01,9.632891882261365168e-01
1.152560000000000073e+01,6.761442437036423447e-01
1.152640000000000065e+01,1.614517518422638132e+00
1.152720000000000056e+01,1.413794294388524442e+00
1.152800000000000047e+01,1.233329682334646016e+00
1.152880000000000038e+01,3.387748959008966554e-01
1.152960000000000029e+01,1.422076803249166854e+00
1.153040000000000020e+01,2.347059462176150912e+00
1.153120000000000012e+01,1.989851920681666053e+00
1.153200000000000003e+01,9.941144546101572388e-01
1.153279999999999994e+01,1.737436422653644286e+00
1.153360000000000163e+01,3.288065410332914329e-01
1.153439999999999976e+01,5.295057352071508988e-02
1.153519999999999968e+01,7.161632812850223795e-01
1.153599999999999959e+01,1.428497224575493163e-01
1.153679999999999950e+01,5.551260262687431890e-01
1.153759999999999941e+01,5.372671365435596064e-02
1.153839999999999932e+01,1.458363585447597921e-01
1.153919999999999924e+01,2.615283538812321895e-01
1.153999999999999915e+01,1.885087026844934233e+00
1.154079999999999906e+01,1.332961199878062386e+00
1.154159999999999897e+01,1.590717456601363766e+00
1.154240000000000066e+01,2.020385139147963527e-01
1.154320000000000057e+01,1.198721703642074088e+00
1.154400000000000048e+01,1.374592355975586822e+00
1.154480000000000040e+01,1.057615056682280397e+00
1.154560000000000031e+01,1.280067219053888206e+00
1.154640000000000022e+01,2.416564831418264170e+00
1.154720000000000013e+01,1.424318654584417532e+00
1.154800000000000004e+01,1.889387364027759419e+00
1.154879999999999995e+01,1.419289264418867880e-01
1.154959999999999987e+01,9.150581465380834834e-01
1.155039999999999978e+01,1.734585993987914021e+00
1.155119999999999969e+01,1.562892224807544084e+00
1.155200000000000138e+01,9.309560991508826211e-01
1.155280000000000129e+01,1.198394641675195826e+00
1.155360000000000120e+01,1.011643491204236994e-01
1.155440000000000111e+01,2.558205522462629888e-01
1.155520000000000103e+01,2.151235346578848628e-01
1.155600000000000094e+01,7.407602838471060158e-01
1.155679999999999907e+01,5.806415968667082428e-01
1.155759999999999899e+01,7.826424372945789409e-02
1.155839999999999890e+01,1.167461716864496152e-01
1.155919999999999881e+01,3.683252708106162648e-02
1.155999999999999872e+01,1.065980696812194317e+00
1.156079999999999863e+01,4.897950204475118308e-01
1.156160000000000032e+01,1.169797113281513479e+00
1.156240000000000023e+01,7.321203988755267122e-01
1.156320000000000014e+01,1.622994507422222676e-01
1.156400000000000006e+01,7.340038860716764368e-01
1.156479999999999997e+01,6.014465516564473924e-02
1.156559999999999988e+01,5.961108638667370618e-01
1.156639999999999979e+01,2.001074171906731536e+00
1.156719999999999970e+01,1.836181378269620357e+00
1.156799999999999962e+01,2.371896694114048465e+00
1.156879999999999953e+01,2.422163184486092469e-01
1.156959999999999944e+01,1.179335193606074972e+00
1.157039999999999935e+01,1.661868229503497663e+00
1.157120000000000104e+01,7.712788602070018706e-01
1.157200000000000095e+01,1.979882666513473333e-01
1.157280000000000086e+01,1.638376447634065203e+00
1.157360000000000078e+01,5.777331910410098414e-01
1.157440000000000069e+01,2.937192089856106580e-01
1.157520000000000060e+01,1.285515116811001057e+00
1.157600000000000051e+01,2.007249266677193222e-01
1.157680000000000042e+01,5.309944298192040835e-01
1.157760000000000034e+01,1.516111823995429930e-01
1.157840000000000025e+01,4.144047183499456888e-01
1.157919999999999838e+01,1.100976963033560574e-01
1.158000000000000007e+01,1.587685383658406169e+00
1.158079999999999998e+01,5.940035870801945173e-01
1.158159999999999989e+01,1.396582878966403429e+00
1.158239999999999981e+01,3.967546686505143971e-01
1.158319999999999972e+01,3.268006062138341661e-01
1.158399999999999963e+01,3.436075202122864103e-01
1.158479999999999954e+01,8.779568699337376714e-01
1.158559999999999945e+01,1.668907253292158943e+00
1.158639999999999937e+01,1.560750281510390636e+00
1.158719999999999928e+01,1.240274103312625220e+00
1.158799999999999919e+01,1.308610411736095935e+00
1.158879999999999910e+01,1.523652262259436174e-01
1.158960000000000079e+01,3.014656120148144214e-01
1.159040000000000070e+01,1.560922147534580917e+00
1.159120000000000061e+01,7.005059094810498488e-01
1.159200000000000053e+01,3.502669396777657873e-01
1.159280000000000044e+01,9.895150215003577499e-01
1.159360000000000035e+01,5.024081304750670496e-01
1.159440000000000026e+01,4.770795981917076434e-01
1.159520000000000017e+01,1.365969300637198236e+00
1.159600000000000009e+01,8.302280782615328869e-01
1.159680000000000000e+01,1.362149626450164241e+00
1.159759999999999991e+01,5.809721055419883040e-01
1.159839999999999982e+01,5.129355823647876456e-01
1.159920000000000151e+01,9.261274770011394819e-02
1.160000000000000142e+01,1.558722351413866614e+00
1.160080000000000133e+01,1.418399335532084971e+00
1.160159999999999947e+01,1.563103115720479774e+00
1.160239999999999938e+01,9.995699755895190997e-01
1.160319999999999929e+01,6.720963639661280409e-01
1.160399999999999920e+01,1.145413619155008167e+00
1.160479999999999912e+01,5.731865735781299653e-01
1.160559999999999903e+01,1.470651287647186223e+00
1.160639999999999894e+01,2.100814928507834356e+00
1.160719999999999885e+01,1.195914524555374170e+00
1.160800000000000054e+01,6.588619006607954187e-01
1.160880000000000045e+01,1.364389171164360093e+00
1.160960000000000036e+01,1.911140013322558673e+00
1.161040000000000028e+01,2.408503636542426385e+00
1.161120000000000019e+01,6.066524784554845340e-01
1.161200000000000010e+01,6.463129738067345531e-02
1.161280000000000001e+01,7.416930033707630487e-01
1.161359999999999992e+01,3.759031545798306728e-02
1.161439999999999984e+01,3.987913103147604499e-01
1.161519999999999975e+01,8.554822421489615136e-01
1.161599999999999966e+01,4.958590655625568777e-01
1.161679999999999957e+01,1.573976289212571100e-02
1.161760000000000126e+01,1.185823986502528848e-01
1.161840000000000117e+01,8.430892203556177300e-01
1.161920000000000108e+01,2.157543753859848257e-01
1.162000000000000099e+01,9.054137221829513527e-01
1.162080000000000091e+01,6.428327050100980378e-01
1.162160000000000082e+01,1.074745828678567605e+00
1.162240000000000073e+01,1.063383162179492997e-01
1.162320000000000064e+01,1.927063289871815688e-01
1.162399999999999878e+01,7.462805359089845769e-01
1.162479999999999869e+01,3.166350216127931660e-01
1.162559999999999860e+01,3.224925240390779102e-01
1.162639999999999851e+01,1.020389430397543595e+00
1.162720000000000020e+01,9.930337627646851351e-01
1.162800000000000011e+01,1.705235828942941456e+00
1.162880000000000003e+01,3.448983146313647774e-01
1.162959999999999994e+01,9.426278711453306425e-01
1.163039999999999985e+01,1.914219923023113612e+00
1.163119999999999976e+01,1.057362229530019126e+00
1.163199999999999967e+01,5.748488733968337705e-01
1.163279999999999959e+01,8.956694900067126985e-01
1.163359999999999950e+01,3.387838294206398926e-01
1.163439999999999941e+01,2.264427273516523009e-01
1.163519999999999932e+01,9.515122342047909187e-01
1.163599999999999923e+01,2.038014160244649986e-01
1.163680000000000092e+01,4.556260269439821320e-02
1.163760000000000083e+01,6.931367708553153317e-01
1.163840000000000074e+01,2.922107133529202039e-01
1.163920000000000066e+01,5.528447021130334926e-01
1.164000000000000057e+01,1.729278168923350734e+00
1.164080000000000048e+01,2.042020528452175743e+00
1.164160000000000039e+01,2.143554132100614407e+00
1.164240000000000030e+01,5.481338025398351244e-01
1.164320000000000022e+01,3.504560459902691244e-02
1.164400000000000013e+01,6.847222883176508068e-01
1.164480000000000004e+01,1.171577649781625902e-01
1.164559999999999995e+01,7.360818381734478555e-01
1.164640000000000164e+01,1.885477587061626270e+00
1.164719999999999978e+01,7.602439337194344393e-01
1.164799999999999969e+01,7.683761509970286063e-01
1.164879999999999960e+01,1.803081940048361087e-01
1.164959999999999951e+01,1.973114299141640049e-01
1.165039999999999942e+01,7.467644083807175592e-01
1.165119999999999933e+01,2.914866702932720766e-01
1.165199999999999925e+01,4.335073503649065074e-01
1.165279999999999916e+01,1.129299835973600175e+00
1.165359999999999907e+01,6.960668636027121936e-01
1.165439999999999898e+01,1.053476320453114567e+00
1.165520000000000067e+01,8.465073377689815715e-01
1.165600000000000058e+01,2.422146302170560261e-01
1.165680000000000049e+01,1.395147473137621219e-01
1.165760000000000041e+01,2.344892749233282447e-01
1.165840000000000032e+01,1.107242976383255167e-01
1.165920000000000023e+01,6.663891380927060570e-01
1.166000000000000014e+01,1.956909313838119113e-01
1.166080000000000005e+01,6.530014189556346826e-01
1.166159999999999997e+01,2.129194221704590717e+00
1.166239999999999988e+01,1.269282080118355971e+00
1.166319999999999979e+01,5.800687360944687399e-01
1.166399999999999970e+01,5.682427057446002294e-01
1.166480000000000139e+01,1.099151836882798355e-01
1.166560000000000130e+01,4.625899383535805320e-01
1.166640000000000121e+01,1.630718098183997711e+00
1.166720000000000113e+01,9.369044679621519878e-01
1.166800000000000104e+01,9.574551293684752107e-01
1.166880000000000095e+01,8.305182170507267522e-03
1.166959999999999908e+01,8.814584595701610015e-01
1.167039999999999900e+01,1.742882547223793654e+00
1.167119999999999891e+01,5.120594261375023271e-01
1.167199999999999882e+01,5.217134873895089564e-01
1.167279999999999873e+01,1.178288516989820511e+00
1.167359999999999864e+01,4.188239976579279100e-02
1.167440000000000033e+01,8.215975578836638427e-01
1.167520000000000024e+01,1.916864941718688709e+00
1.167600000000000016e+01,7.069613336085652788e-01
1.167680000000000007e+01,9.866993883950732347e-02
1.167759999999999998e+01,3.841330686500585290e-01
1.167839999999999989e+01,3.183282551161456531e-01
1.167919999999999980e+01,2.106880433946650422e-01
1.167999999999999972e+01,1.363108960427236616e+00
1.168079999999999963e+01,1.492981510960927238e+00
1.168159999999999954e+01,1.765071748684946096e+00
1.168239999999999945e+01,2.534827310943357781e-01
1.168319999999999936e+01,2.739925575385074863e-01
1.168400000000000105e+01,2.670744130639389757e-01
1.168480000000000096e+01,7.385409745331643627e-01
1.168560000000000088e+01,9.681399664266446825e-01
1.168640000000000079e+01,1.555244082788563409e+00
1.168720000000000070e+01,4.056239371071779787e-01
1.168800000000000061e+01,4.587863170549258407e-01
1.168880000000000052e+01,3.881144867851917812e-01
1.168960000000000043e+01,8.312167316707171905e-01
1.169040000000000035e+01,1.820083214105585157e+00
1.169120000000000026e+01,8.477175204990740065e-01
1.169199999999999839e+01,2.422953352800059912e-01
1.169280000000000008e+01,6.696185040332552907e-01
1.169359999999999999e+01,3.760158181637697772e-01
1.169439999999999991e+01,6.175468531964199703e-02
1.169519999999999982e+01,1.455844905670625078e+00
1.169599999999999973e+01,1.171335108373091627e+00
1.169679999999999964e+01,1.180724886478444091e+00
1.169759999999999955e+01,9.518116427798116730e-01
1.169839999999999947e+01,6.158784996083397356e-01
1.169919999999999938e+01,5.573714378901559741e-01
1.169999999999999929e+01,7.293456013288139861e-01
1.170079999999999920e+01,9.070074224539668162e-01
1.170159999999999911e+01,1.089624099532787271e+00
1.170240000000000080e+01,4.509378934921421389e-01
1.170320000000000071e+01,5.414766773536050515e-01
1.170400000000000063e+01,4.505138932791699635e-01
1.170480000000000054e+01,3.395083762153797702e-01
1.170560000000000045e+01,1.156889036634370926e+00
1.170640000000000036e+01,2.222923871259217421e+00
1.170720000000000027e+01,9.343510746300190961e-01
1.170800000000000018e+01,2.914771457853386205e-01
1.170880000000000010e+01,1.010164210098231097e+00
1.170960000000000001e+01,1.425315631648700565e+00
1.171039999999999992e+01,2.056121798464812134e+00
1.171119999999999983e+01,5.505819682938709742e-02
1.171200000000000152e+01,6.105177698227416405e-01
1.171280000000000143e+01,1.144778432786807576e+00
1.171360000000000134e+01,6.442974430126063856e-02
1.171439999999999948e+01,2.420972620891750915e-01
1.171519999999999939e+01,1.015309642180238558e+00
1.171599999999999930e+01,3.291294910486883274e-01
1.171679999999999922e+01,2.689560640683589243e-01
1.171759999999999913e+01,2.625554951033897133e-01
1.171839999999999904e+01,5.806732980583270143e-01
1.171919999999999895e+01,1.731203546142208449e-01
1.171999999999999886e+01,2.206397579573015633e-01
1.172079999999999878e+01,4.859149118895680353e-01
1.172160000000000046e+01,1.022734856639715195e+00
1.172240000000000038e+01,1.994646106709246081e-01
1.172320000000000029e+01,4.865639553090478908e-01
1.172400000000000020e+01,1.789481101470158653e-01
1.172480000000000011e+01,9.693116893354547514e-01
1.172560000000000002e+01,1.095250218706702361e+00
1.172639999999999993e+01,2.329628370446374941e+00
1.172719999999999985e+01,1.328273434622845972e+00
1.172799999999999976e+01,8.879416104065075421e-01
1.172879999999999967e+01,1.977565797377196788e-01
1.172959999999999958e+01,9.545671713299709316e-01
1.173039999999999949e+01,2.399736383616310142e+00
1.173120000000000118e+01,6.621281486405792283e-01
1.173200000000000109e+01,6.447389058614294566e-01
1.173280000000000101e+01,1.814087040271105344e+00
1.173360000000000092e+01,9.347992143760884831e-01
1.173440000000000083e+01,3.287305153988988593e-01
1.173520000000000074e+01,1.766087463528552837e+00
1.173600000000000065e+01,1.078135444613325555e+00
1.173679999999999879e+01,1.014334560415823594e+00
1.173759999999999870e+01,3.325186494157948425e-01
1.173839999999999861e+01,7.506906772922860016e-01
1.173919999999999852e+01,1.586779926470322996e-02
1.174000000000000021e+01,8.653711195486856189e-01
1.174080000000000013e+01,1.434763033049263559e+00
1.174160000000000004e+01,1.615859619997490393e+00
1.174239999999999995e+01,3.109600739661435576e-01
1.174319999999999986e+01,8.556604453803036137e-01
1.174399999999999977e+01,4.920013950795499857e-01
1.174479999999999968e+01,1.162034675216324420e+00
1.174559999999999960e+01,1.415491978737285272e+00
1.174639999999999951e+01,2.894613099868863948e+00
1.174719999999999942e+01,1.231359102647467285e+00
1.174799999999999933e+01,8.132004070478350277e-01
1.174879999999999924e+01,2.935524291086328841e-01
1.174960000000000093e+01,3.142171736349655964e-01
1.175040000000000084e+01,1.768385971710069171e+00
1.175120000000000076e+01,1.314635395183399558e+00
1.175200000000000067e+01,4.981087272598285209e-01
1.175280000000000058e+01,9.079813288367348800e-01
1.175360000000000049e+01,5.989726402277845141e-01
1.175440000000000040e+01,7.651135803812320058e-01
1.175520000000000032e+01,5.718629826108949654e-01
1.175600000000000023e+01,2.624755396882505476e-01
1.175680000000000014e+01,2.613567824148478325e-01
1.175760000000000005e+01,2.116055745479103745e-01
1.175839999999999996e+01,7.847737410407268355e-01
1.175919999999999987e+01,8.907708609607674355e-02
1.175999999999999979e+01,5.372071347022692178e-01
1.176079999999999970e+01,1.221220007794689089e+00
1.176159999999999961e+01,2.182707343246759191e+00
1.176239999999999952e+01,7.468329121124738235e-01
1.176319999999999943e+01,4.794147357416697619e-02
1.176399999999999935e+01,2.286243409857225198e-02
1.176479999999999926e+01,4.279038151795865885e-01
1.176559999999999917e+01,1.611702229076960868e-01
1.176639999999999908e+01,1.743318255071902412e+00
1.176719999999999899e+01,1.400381515488639428e+00
1.176800000000000068e+01,1.170514045476091836e+00
1.176880000000000059e+01,2.045521535013983261e-02
1.176960000000000051e+01,7.904046499387521463e-01
1.177040000000000042e+01,1.924248116065371050e+00
1.177120000000000033e+01,4.040490016526928074e-01
1.177200000000000024e+01,7.553120779121960116e-01
1.177280000000000015e+01,1.024823729366665992e+00
1.177360000000000007e+01,8.621235630842180031e-01
1.177439999999999998e+01,7.769879443824343479e-01
1.177519999999999989e+01,1.686354894919926073e+00
1.177599999999999980e+01,1.330295573817367627e+00
1.177679999999999971e+01,9.694746552846935650e-01
1.177760000000000140e+01,5.232351025530813660e-01
1.177840000000000131e+01,1.011295187142275016e-02
1.177920000000000122e+01,9.971750099991150140e-02
1.178000000000000114e+01,6.330442415559224267e-01
1.178080000000000105e+01,6.380685432803039348e-01
1.178160000000000096e+01,1.686837627471947876e+00
1.178239999999999910e+01,2.881144684197722294e-01
1.178319999999999901e+01,3.027835064370373308e-01
1.178399999999999892e+01,5.400059085754580629e-02
1.178479999999999883e+01,7.336740312612171078e-01
1.178559999999999874e+01,4.007154310434317135e-01
1.178639999999999866e+01,1.398053846035232084e+00
1.178720000000000034e+01,5.263013383387757926e-01
1.178800000000000026e+01,2.654936874743034636e-01
1.178880000000000017e+01,6.335841758338192076e-01
1.178960000000000008e+01,5.900814239102358805e-01
1.179039999999999999e+01,1.531754330598965153e+00
1.179119999999999990e+01,1.166983467479518533e+00
1.179199999999999982e+01,4.970137117191512910e-02
1.179279999999999973e+01,9.701195369324251416e-01
1.179359999999999964e+01,2.619671064917599712e-01
1.179439999999999955e+01,2.660281231933118162e-01
1.179519999999999946e+01,1.119081573872894309e+00
1.179599999999999937e+01,9.449660555526291361e-01
1.179680000000000106e+01,7.388749863727424039e-01
1.179760000000000097e+01,5.948730216934415560e-02
1.179840000000000089e+01,5.841579318142749999e-01
1.179920000000000080e+01,7.500776006304794852e-02
1.180000000000000071e+01,8.382289677188883292e-01
1.180080000000000062e+01,1.031888226569325440e+00
1.180160000000000053e+01,1.607710643081039059e+00
1.180240000000000045e+01,4.937918092172187690e-01
1.180320000000000036e+01,1.592827427884879188e-01
1.180400000000000027e+01,3.971784666957327015e-01
1.180479999999999841e+01,4.408085671387118043e-01
1.180560000000000009e+01,7.234583321745521323e-01
1.180640000000000001e+01,2.628961073871849852e+00
1.180719999999999992e+01,1.825907327318077700e+00
1.180799999999999983e+01,8.859084256499287768e-01
1.180879999999999974e+01,8.646791811406403516e-01
1.180959999999999965e+01,1.026509548326723698e+00
1.181039999999999957e+01,1.977436444578775099e+00
1.181119999999999948e+01,1.053716956584717757e+00
1.181199999999999939e+01,8.197594694058936149e-01
1.181279999999999930e+01,1.371202020833200308e+00
1.181359999999999921e+01,2.129768763061240799e-01
1.181439999999999912e+01,1.344043654338100136e-01
1.181520000000000081e+01,2.034496637560217203e-01
1.181600000000000072e+01,6.206395997809562859e-01
1.181680000000000064e+01,5.447794674643078455e-02
1.181760000000000055e+01,4.342489452403485162e-01
1.181840000000000046e+01,7.631685401031819138e-01
1.181920000000000037e+01,3.809986360679555872e-01
1.182000000000000028e+01,8.563274137255054708e-01
1.182080000000000020e+01,1.192829165724518692e+00
1.182160000000000011e+01,2.418199521907300031e+00
1.182240000000000002e+01,5.755780982086282638e-01
1.182319999999999993e+01,2.625852219628739825e-01
1.182399999999999984e+01,4.350151988254649660e-01
1.182480000000000153e+01,8.390786360577586755e-01
1.182560000000000144e+01,9.182311937015853465e-01
1.182640000000000136e+01,1.856433286009867345e+00
1.182719999999999949e+01,1.700149853824192148e+00
1.182799999999999940e+01,1.612276492617519041e+00
1.182879999999999932e+01,5.612105507960754025e-01
1.182959999999999923e+01,2.946898276040810782e-01
1.183039999999999914e+01,2.397559028404591341e+00
1.183119999999999905e+01,1.679594534914259363e+00
1.183199999999999896e+01,6.077234344874168220e-02
1.183279999999999887e+01,4.485284947349732487e-01
1.183359999999999879e+01,3.592219481456424557e-01
1.183440000000000047e+01,5.157157889733595679e-01
1.183520000000000039e+01,9.163024873391131253e-01
1.183600000000000030e+01,3.337656962948030714e-01
1.183680000000000021e+01,2.950979021548721937e-01
1.183760000000000012e+01,1.029017831921323900e+00
1.183840000000000003e+01,6.420145247667070898e-02
1.183919999999999995e+01,6.285565361756639824e-01
1.183999999999999986e+01,1.325410880222155363e+00
1.184079999999999977e+01,1.875476885983944131e+00
1.184159999999999968e+01,2.841560005072215844e+00
1.184239999999999959e+01,9.354840535838976345e-01
1.184319999999999951e+01,2.206825276740853048e-01
1.184400000000000119e+01,7.329667656981285750e-01
1.184480000000000111e+01,1.669322323364206828e-01
1.184560000000000102e+01,1.665493978690657795e-01
1.184640000000000093e+01,1.531078405431592238e+00
1.184720000000000084e+01,1.343766517365703184e+00
1.184800000000000075e+01,5.806446290253758358e-01
1.184880000000000067e+01,1.440620264440589937e-01
1.184959999999999880e+01,1.080431127443901990e-01
1.185039999999999871e+01,1.040447153929308088e+00
1.185119999999999862e+01,1.109144544550416445e+00
1.185199999999999854e+01,6.685684935826704534e-01
1.185280000000000022e+01,5.809089296447420558e-01
1.185360000000000014e+01,1.043004089146688518e+00
1.185440000000000005e+01,9.698386875195166290e-01
1.185519999999999996e+01,9.165206546592475911e-01
1.185599999999999987e+01,2.918071865006813814e-01
1.185679999999999978e+01,4.983864603139667726e-01
1.185759999999999970e+01,6.945598165807954638e-01
1.185839999999999961e+01,1.960141338733542571e-01
1.185919999999999952e+01,5.627879853556466000e-02
1.185999999999999943e+01,2.111294421852431547e-01
1.186079999999999934e+01,1.078796007151819225e+00
1.186159999999999926e+01,2.812300478636729828e+00
1.186240000000000094e+01,1.909131734546702708e+00
1.186320000000000086e+01,3.220928839935442434e-01
1.186400000000000077e+01,2.245115761135287324e-01
1.186480000000000068e+01,1.699525917227987307e-02
1.186560000000000059e+01,3.386173037024362009e-01
1.186640000000000050e+01,1.458137582904419860e+00
1.186720000000000041e+01,1.406316206785427347e+00
1.186800000000000033e+01,4.786848218800291987e-01
1.186880000000000024e+01,5.213419234036166250e-01
1.186960000000000015e+01,9.614762717799996139e-01
1.187040000000000006e+01,1.623518023391692822e+00
1.187119999999999997e+01,1.119164980596831560e+00
1.187199999999999989e+01,5.681238373457705437e-01
1.187279999999999980e+01,1.481154130056063112e+00
1.187359999999999971e+01,4.449470915765870727e-01
1.187439999999999962e+01,1.236191525622728271e+00
1.187519999999999953e+01,1.420194281882409371e+00
1.187599999999999945e+01,5.837148893930884652e-01
1.187679999999999936e+01,3.664155400113741079e-01
1.187759999999999927e+01,9.406728973579652209e-01
1.187839999999999918e+01,2.520837801407846968e-01
1.187919999999999909e+01,3.274848755723396287e-01
1.187999999999999901e+01,9.194586564188345079e-01
1.188080000000000069e+01,8.168485588246426898e-01
1.188160000000000061e+01,1.623708911731684301e+00
1.188240000000000052e+01,2.932804624214516154e-01
1.188320000000000043e+01,7.868075743512670250e-01
1.188400000000000034e+01,3.646665343294563377e-01
1.188480000000000025e+01,8.178112089538871476e-01
1.188560000000000016e+01,1.967412371906916979e-01
1.188640000000000008e+01,9.250733521859499930e-01
1.188719999999999999e+01,4.948520268121468502e-01
1.188799999999999990e+01,3.323155363642263938e-01
1.188879999999999981e+01,2.681151427826390377e-01
1.188959999999999972e+01,7.268342362097802989e-02
1.189040000000000141e+01,1.271841924679846247e+00
1.189120000000000132e+01,8.188738153997768832e-01
1.189200000000000124e+01,5.022812149568784967e-01
1.189280000000000115e+01,1.701194848676266469e+00
1.189360000000000106e+01,1.964711596470984922e-01
1.189440000000000097e+01,1.669811402540581635e-01
1.189519999999999911e+01,4.165842469035179740e-01
1.189599999999999902e+01,6.897314803147582829e-01
1.189679999999999893e+01,1.131214933566224490e+00
1.189759999999999884e+01,4.498480036275700339e-02
1.189839999999999876e+01,5.235320818620780026e-01
1.189919999999999867e+01,5.610739110567068977e-01
1.190000000000000036e+01,5.004274656305421898e-01
1.190080000000000027e+01,4.789667535078475091e-01
1.190160000000000018e+01,1.858152098101791383e+00
1.190240000000000009e+01,1.254348369497915172e+00
1.190320000000000000e+01,1.754302931544034494e-01
1.190399999999999991e+01,1.008146049568189317e-01
1.190479999999999983e+01,9.900031010693919331e-01
1.190559999999999974e+01,8.751798522547872272e-01
1.190639999999999965e+01,1.961831380932687496e+00
1.190719999999999956e+01,1.568509523669621375e+00
1.190799999999999947e+01,6.878337780598408058e-01
1.190879999999999939e+01,1.175772234081913670e+00
1.190960000000000107e+01,9.520584132689039469e-01
1.191040000000000099e+01,1.233931887224579915e+00
1.191120000000000090e+01,5.511764176124712700e-01
1.191200000000000081e+01,8.779712263572350128e-01
1.191280000000000072e+01,2.006795320104497016e+00
1.191360000000000063e+01,4.260223011546406813e-01
1.191440000000000055e+01,6.883413151495614279e-01
1.191520000000000046e+01,8.256304838058933226e-01
1.191600000000000037e+01,4.954432207988864745e-01
1.191680000000000028e+01,8.625695075565790182e-01
1.191759999999999842e+01,3.343673052217999708e-01
1.191840000000000011e+01,5.193185347918912731e-01
1.191920000000000002e+01,6.040033263852047085e-01
1.191999999999999993e+01,6.017559629281531430e-01
1.192079999999999984e+01,5.599360768734928939e-01
1.192159999999999975e+01,1.740345164920307663e+00
1.192239999999999966e+01,8.679597231519240452e-01
1.192319999999999958e+01,3.762403272328690429e-01
1.192399999999999949e+01,3.298591037371855217e-01
1.192479999999999940e+01,1.366832855667021063e+00
1.192559999999999931e+01,7.148468121821303090e-01
1.192639999999999922e+01,1.581417323352351190e+00
1.192719999999999914e+01,1.518600512189785645e+00
1.192800000000000082e+01,8.709857454655750564e-01
1.192880000000000074e+01,6.933579879453847239e-01
1.192960000000000065e+01,1.027321154989563778e+00
1.193040000000000056e+01,2.189963172211686349e+00
1.193120000000000047e+01,1.352019716367680591e+00
1.193200000000000038e+01,2.735729742424645727e-01
1.193280000000000030e+01,2.260345404661355140e+00
1.193360000000000021e+01,6.090307649115818123e-01
1.193440000000000012e+01,4.592270387062269976e-01
1.193520000000000003e+01,1.326934856105261185e+00
1.193599999999999994e+01,1.276093253913547443e+00
1.193679999999999986e+01,1.432595721836827929e+00
1.193760000000000154e+01,1.895752728420730671e-01
1.193840000000000146e+01,2.328924734377215214e-02
1.193920000000000137e+01,4.285717185031316934e-01
1.193999999999999950e+01,8.881932803558966194e-01
1.194079999999999941e+01,5.489901737643064772e-01
1.194159999999999933e+01,1.471286944117089712e+00
1.194239999999999924e+01,3.106687402114455820e-01
1.194319999999999915e+01,6.193585166664903330e-01
1.194399999999999906e+01,9.027925388628046388e-01
1.194479999999999897e+01,1.406927778729875955e+00
1.194559999999999889e+01,1.593812761615274853e+00
1.194639999999999880e+01,1.735294976666786670e+00
1.194720000000000049e+01,1.305772272186690675e+00
1.194800000000000040e+01,2.109771581342494151e-01
1.194880000000000031e+01,8.330254252777414825e-01
1.194960000000000022e+01,4.995872258622372497e-01
1.195040000000000013e+01,9.916803139487875285e-01
1.195120000000000005e+01,7.949960259430994824e-01
1.195199999999999996e+01,3.317149113018121875e-01
1.195279999999999987e+01,1.449698430566492835e+00
1.195359999999999978e+01,1.531774466247430300e-01
1.195439999999999969e+01,1.206028429901356835e+00
1.195519999999999960e+01,7.017707714782395190e-01
1.195599999999999952e+01,6.383270084502697117e-02
1.195680000000000121e+01,1.112725426042830534e+00
1.195760000000000112e+01,1.175647318517775569e-01
1.195840000000000103e+01,4.650264110678875573e-02
1.195920000000000094e+01,9.303996477562698209e-02
1.196000000000000085e+01,5.002907747458112953e-01
1.196080000000000076e+01,4.965050333362104329e-01
1.196160000000000068e+01,1.928818774038909778e+00
1.196239999999999881e+01,9.574745599609731928e-01
1.196319999999999872e+01,2.467546766779306899e-01
1.196399999999999864e+01,5.135555719689266496e-01
1.196479999999999855e+01,5.103411372028333615e-01
1.196560000000000024e+01,2.931638248336937980e-01
1.196640000000000015e+01,1.178958660903667521e+00
1.196720000000000006e+01,2.039784318019262965e+00
1.196799999999999997e+01,1.583358417633206061e+00
1.196879999999999988e+01,4.507851177597027581e-01
1.196959999999999980e+01,1.379999023645224199e+00
1.197039999999999971e+01,1.728749418417210526e+00
1.197119999999999962e+01,1.359306648119375849e+00
1.197199999999999953e+01,2.368198000319258756e-01
1.197279999999999944e+01,1.791288425712294519e+00
1.197359999999999935e+01,3.093169636515954446e-01
1.197439999999999927e+01,7.183245027029503404e-01
1.197520000000000095e+01,3.676630173852805661e-01
1.197600000000000087e+01,1.178913527160980745e-01
1.197680000000000078e+01,1.817079537102941622e-01
1.197760000000000069e+01,5.983521927670519824e-01
1.197840000000000060e+01,3.998636710136626027e-01
1.197920000000000051e+01,4.321514831338535423e-01
1.198000000000000043e+01,1.387952534393232629e+00
1.198080000000000034e+01,1.018192317795362234e+00
1.198160000000000025e+01,1.494981356663950711e+00
1.198240000000000016e+01,6.961728048858363271e-01
1.198320000000000007e+01,3.697387187154642096e-01
1.198399999999999999e+01,2.729375152010511396e-01
1.198479999999999990e+01,1.172150539033860239e+00
1.198559999999999981e+01,6.582442863409158074e-01
1.198639999999999972e+01,1.453342882583339435e+00
1.198719999999999963e+01,1.076780233592920188e+00
1.198799999999999955e+01,6.792166931784830997e-01
1.198879999999999946e+01,2.935533348430130474e-01
1.198959999999999937e+01,9.457890262764701017e-01
1.199039999999999928e+01,1.204875738264108209e+00
1.199119999999999919e+01,9.215717751122625145e-01
1.199199999999999910e+01,1.125017470918256018e-01
1.199279999999999902e+01,1.256870937005583277e+00
1.199360000000000070e+01,3.201883748706026989e-01
1.199440000000000062e+01,3.428265163866253129e-01
1.199520000000000053e+01,4.288084596774394130e-01
1.199600000000000044e+01,5.661303540359498010e-01
1.199680000000000035e+01,1.029844492755441765e+00
1.199760000000000026e+01,3.967755279751856157e-01
1.199840000000000018e+01,1.191688743268341788e-02
1.199920000000000009e+01,3.953336672424299647e-01
1.200000000000000000e+01,1.694028225525576081e+00
1.200079999999999991e+01,1.503532246591925192e+00
1.200159999999999982e+01,1.910800876762447142e+00
1.200239999999999974e+01,1.751472898029481584e+00
1.200320000000000142e+01,3.794158132196185588e-03
1.200400000000000134e+01,4.839802057160559889e-01
1.200480000000000125e+01,3.342137257494687264e-01
1.200560000000000116e+01,1.545820236546048498e+00
1.200640000000000107e+01,1.873345360801161430e+00
1.200720000000000098e+01,1.834553921117742181e+00
1.200799999999999912e+01,1.200026678336137076e+00
1.200879999999999903e+01,9.881743233453299524e-01
1.200959999999999894e+01,1.364405804825200130e+00
1.201039999999999885e+01,1.125914327421828620e+00
1.201119999999999877e+01,1.017679372834048968e+00
1.201199999999999868e+01,1.159828702366746678e-01
1.201280000000000037e+01,9.983172226197362109e-01
1.201360000000000028e+01,1.403825672955655024e-01
1.201440000000000019e+01,1.397640400591229515e+00
1.201520000000000010e+01,8.345096947579576652e-01
1.201600000000000001e+01,2.631792033896336869e-01
1.201679999999999993e+01,1.104986026700560814e-01
1.201759999999999984e+01,4.114436024405910275e-01
1.201839999999999975e+01,6.608074029111320469e-01
1.201919999999999966e+01,1.213426807099097671e+00
1.201999999999999957e+01,1.502680661995561717e+00
1.202079999999999949e+01,6.075719897538452985e-01
1.202159999999999940e+01,1.473004017221352102e+00
1.202240000000000109e+01,5.899197160259490591e-01
1.202320000000000100e+01,6.774335140963229085e-01
1.202400000000000091e+01,7.267825923974960967e-01
1.202480000000000082e+01,6.350495048789642771e-01
1.202560000000000073e+01,8.596635246950017351e-01
1.202640000000000065e+01,8.499306223173086483e-01
1.202720000000000056e+01,1.291834434805857468e+00
1.202800000000000047e+01,1.424144455800750553e+00
1.202880000000000038e+01,1.063108674658733432e-01
1.202960000000000029e+01,9.460475750791693672e-01
1.203039999999999843e+01,1.999464599700754963e+00
1.203120000000000012e+01,1.585462079776987832e+00
1.203200000000000003e+01,1.775486711635029802e-01
1.203279999999999994e+01,1.299551435709549008e+00
1.203359999999999985e+01,7.780997419644466451e-01
1.203439999999999976e+01,4.410497563206332017e-01
1.203519999999999968e+01,1.050728847174569047e+00
1.203599999999999959e+01,5.352337198279272235e-01
1.203679999999999950e+01,7.346257010165009316e-01
1.203759999999999941e+01,4.900329644692776043e-02
1.203839999999999932e+01,8.311239007791780820e-01
1.203919999999999924e+01,2.053749866348977549e-01
1.203999999999999915e+01,7.409044871078903638e-01
1.204080000000000084e+01,9.981212305519240324e-01
1.204160000000000075e+01,1.339574878958337267e+00
1.204240000000000066e+01,4.228705464137208492e-01
1.204320000000000057e+01,5.848600257637233124e-01
1.204400000000000048e+01,9.426886695982358289e-01
1.204480000000000040e+01,9.878736928039948406e-01
1.204560000000000031e+01,1.916854591807474861e+00
1.204640000000000022e+01,2.006567076759615098e+00
1.204720000000000013e+01,1.533174308181677548e+00
1.204800000000000004e+01,5.000910654715241543e-01
1.204879999999999995e+01,4.197177562814883300e-01
1.204959999999999987e+01,7.656127151528434593e-01
1.205040000000000155e+01,1.222425631990741390e+00
1.205120000000000147e+01,7.964662158030686445e-01
1.205200000000000138e+01,3.166919993220833618e-01
1.205279999999999951e+01,9.053513046937550213e-01
1.205359999999999943e+01,4.420665745257372492e-02
1.205439999999999934e+01,8.640414058922061269e-01
1.205519999999999925e+01,6.890116960181209838e-02
1.205599999999999916e+01,1.824327971158750672e-01
1.205679999999999907e+01,7.903796487148994077e-01
1.205759999999999899e+01,3.498557767694421283e-01
1.205839999999999890e+01,2.145212676064088900e-02
1.205919999999999881e+01,4.239696116427725814e-01
1.206000000000000050e+01,5.177869687613818606e-01
1.206080000000000041e+01,8.112493830102552872e-01
1.206160000000000032e+01,1.228105672877739085e+00
1.206240000000000023e+01,1.210680322149747079e+00
1.206320000000000014e+01,3.304955971886977539e-02
1.206400000000000006e+01,6.859054287735418809e-01
1.206479999999999997e+01,2.055928085523106019e-01
1.206559999999999988e+01,8.245378665031873888e-01
1.206639999999999979e+01,1.340166450884421989e+00
1.206719999999999970e+01,2.067957592079104234e+00
1.206799999999999962e+01,1.515086550198520010e+00
1.206879999999999953e+01,1.828556597675205786e-01
1.206960000000000122e+01,1.635303117828941444e+00
1.207040000000000113e+01,1.746881344629083399e+00
1.207120000000000104e+01,8.499428212468296273e-01
1.207200000000000095e+01,2.166035980308418929e-01
1.207280000000000086e+01,1.226576239587418904e+00
1.207360000000000078e+01,6.752546709696416460e-01
1.207440000000000069e+01,7.727336289003071679e-01
1.207519999999999882e+01,6.448534451163676628e-01
1.207599999999999874e+01,3.105376693802686661e-01
1.207679999999999865e+01,5.818728682696906046e-02
1.207759999999999856e+01,1.381491722392736050e-02
1.207840000000000025e+01,5.774830155453274105e-02
1.207920000000000016e+01,8.488924304409101174e-01
1.208000000000000007e+01,1.894354924897237558e+00
1.208079999999999998e+01,1.363158384888116359e+00
1.208159999999999989e+01,1.233117738317927259e+00
1.208239999999999981e+01,2.047012788163055097e-01
1.208319999999999972e+01,6.619014048393827565e-01
1.208399999999999963e+01,5.476487782751651157e-01
1.208479999999999954e+01,9.151031706440582170e-01
1.208559999999999945e+01,1.591356428357074693e+00
1.208639999999999937e+01,1.562640006613206234e+00
1.208719999999999928e+01,1.028166484043524287e+00
1.208800000000000097e+01,7.909564034599031457e-01
1.208880000000000088e+01,2.875833246483189276e-01
1.208960000000000079e+01,7.784674644570819257e-01
1.209040000000000070e+01,1.535635692854703471e+00
1.209120000000000061e+01,1.112063659257421122e+00
1.209200000000000053e+01,3.907020432545470490e-01
1.209280000000000044e+01,1.176722275382527272e+00
1.209360000000000035e+01,5.247955332435871867e-01
1.209440000000000026e+01,8.367301255182074682e-02
1.209520000000000017e+01,3.711614579458514251e-01
1.209600000000000009e+01,1.658965158592652367e-01
1.209680000000000000e+01,5.051568842764179168e-01
1.209759999999999991e+01,7.764296294701744650e-01
1.209839999999999982e+01,5.067181677318046695e-01
1.209919999999999973e+01,6.754289207010906182e-01
1.209999999999999964e+01,1.895912636280611130e+00
1.210079999999999956e+01,2.016541902314821222e+00
1.210159999999999947e+01,1.632797605384106232e+00
1.210239999999999938e+01,1.376750152948516215e+00
1.210319999999999929e+01,3.317677135004989397e-01
1.210399999999999920e+01,9.405944175688180087e-01
1.210479999999999912e+01,8.026784389558830335e-02
1.210559999999999903e+01,1.167784320636445328e+00
1.210639999999999894e+01,1.986063901751976557e+00
1.210720000000000063e+01,1.083416621223060705e+00
1.210800000000000054e+01,7.799838051084991841e-01
1.210880000000000045e+01,3.074786730866088669e-01
1.210960000000000036e+01,1.318496452335019109e+00
1.211040000000000028e+01,1.043623190605293738e+00
1.211120000000000019e+01,4.806022953547391396e-01
1.211200000000000010e+01,5.309040728147641497e-01
1.211280000000000001e+01,5.287791033765347759e-01
1.211359999999999992e+01,7.906865041317053810e-01
1.211439999999999984e+01,1.584356458775010079e+00
1.211519999999999975e+01,1.548339126957706480e+00
1.211600000000000144e+01,1.754610760362112706e-02
1.211680000000000135e+01,2.859593306364766052e-01
1.211760000000000126e+01,3.197010033798067807e-01
1.211840000000000117e+01,4.332153141688516174e-02
1.211920000000000108e+01,8.208226217091207921e-02
1.211999999999999922e+01,8.772423127020013700e-01
1.212079999999999913e+01,1.235512879221852378e+00
1.212159999999999904e+01,1.412377634562218098e+00
1.212239999999999895e+01,1.279518657983345298e+00
1.212319999999999887e+01,2.349672960530696242e-01
1.212399999999999878e+01,4.101831221874041589e-02
1.212479999999999869e+01,2.796475094523867555e-01
1.212560000000000038e+01,9.417622959373044000e-02
1.212640000000000029e+01,5.896204902607456999e-01
1.212720000000000020e+01,3.470090399219517563e-01
1.212800000000000011e+01,1.135956807735759799e+00
1.212880000000000003e+01,9.139523066100839477e-02
1.212959999999999994e+01,7.149863405363557911e-01
1.213039999999999985e+01,1.064086622778889213e+00
1.213119999999999976e+01,4.199616317420352130e-01
1.213199999999999967e+01,7.622434410313636555e-01
1.213279999999999959e+01,9.415966078441280196e-01
1.213359999999999950e+01,7.578687393254793236e-02
1.213439999999999941e+01,1.017147853392958545e+00
1.213520000000000110e+01,1.960373967476021217e+00
1.213600000000000101e+01,7.254861222957458278e-01
1.213680000000000092e+01,9.558740006070189088e-02
1.213760000000000083e+01,8.082241545542293570e-01
1.213840000000000074e+01,1.125579346546382142e+00
1.213920000000000066e+01,9.821183681767540197e-01
1.214000000000000057e+01,8.131463574766373270e-01
1.214080000000000048e+01,1.320938984473708944e+00
1.214160000000000039e+01,1.945876428262847790e+00
1.214240000000000030e+01,1.083543423100163272e+00
1.214319999999999844e+01,2.914020399991363308e-01
1.214400000000000013e+01,1.017545221679430484e-01
1.214480000000000004e+01,7.357552026162431646e-01
1.214559999999999995e+01,1.542480305674418961e+00
1.214639999999999986e+01,1.555873609382031342e+00
1.214719999999999978e+01,3.443139301368826621e-01
1.214799999999999969e+01,1.844610897105868064e-01
1.214879999999999960e+01,4.115606239324449689e-01
1.214959999999999951e+01,6.127026866850761137e-03
1.215039999999999942e+01,3.368403841491526829e-01
1.215119999999999933e+01,4.721699846148558546e-03
1.215199999999999925e+01,3.102968593559803923e-01
1.215279999999999916e+01,1.351059241843562742e+00
1.215360000000000085e+01,5.982569951602587088e-02
1.215440000000000076e+01,1.317746250709622702e+00
1.215520000000000067e+01,2.052109611579141735e+00
1.215600000000000058e+01,7.360436791689314306e-01
1.215680000000000049e+01,7.948262031399877525e-01
1.215760000000000041e+01,5.700486175660506027e-02
1.215840000000000032e+01,1.366609396456948677e-01
1.215920000000000023e+01,9.807580138530020974e-01
1.216000000000000014e+01,4.844315090221463227e-01
1.216080000000000005e+01,5.000815670921060496e-01
1.216159999999999997e+01,1.731670404408933051e+00
1.216239999999999988e+01,1.149362846105099534e+00
1.216320000000000157e+01,1.353498643955840741e+00
1.216400000000000148e+01,5.697380591133324179e-01
1.216480000000000139e+01,9.740480981386885340e-01
1.216559999999999953e+01,1.072639960830244155e+00
1.216639999999999944e+01,1.416358205718881047e+00
1.216719999999999935e+01,7.810909122150152539e-01
1.216799999999999926e+01,4.465593318793973365e-01
1.216879999999999917e+01,3.334515231122923140e-01
1.216959999999999908e+01,1.483729704128007754e+00
1.217039999999999900e+01,1.763273600860343571e+00
1.217119999999999891e+01,7.352497044409803117e-02
1.217199999999999882e+01,1.416183783697490206e+00
1.217280000000000051e+01,1.963734586876822341e+00
1.217360000000000042e+01,5.739901934956967988e-01
1.217440000000000033e+01,9.864203072519722726e-01
1.217520000000000024e+01,2.235786996192915321e+00
1.217600000000000016e+01,1.392384493720222549e+00
1.217680000000000007e+01,9.521767858117509142e-01
1.217759999999999998e+01,2.443496666360532033e-01
1.217839999999999989e+01,1.264269340921862772e-01
1.217919999999999980e+01,4.220008278741458341e-01
1.217999999999999972e+01,5.349179867069187022e-01
1.218079999999999963e+01,9.163289274801246220e-01
1.218159999999999954e+01,8.740917094307720792e-01
1.218240000000000123e+01,1.948251798710262384e-01
1.218320000000000114e+01,3.165468524091775149e-01
1.218400000000000105e+01,8.207362328628039494e-01
1.218480000000000096e+01,1.345444586115602137e+00
1.218560000000000088e+01,1.694548393868275493e+00
1.218640000000000079e+01,1.637394048475502295e+00
1.218720000000000070e+01,4.294116794002926785e-01
1.218799999999999883e+01,2.613231245038999048e-02
1.218879999999999875e+01,7.128175841188207906e-01
1.218959999999999866e+01,1.785600571418037186e+00
1.219039999999999857e+01,2.292348530842191145e+00
1.219120000000000026e+01,8.297772579208825272e-01
1.219200000000000017e+01,4.433536931227159972e-01
1.219280000000000008e+01,1.271658336360033115e+00
1.219359999999999999e+01,1.035166477695006471e+00
1.219439999999999991e+01,1.943683561599562626e-01
1.219519999999999982e+01,9.728954220313615897e-01
1.219599999999999973e+01,1.068976867172339862e+00
1.219679999999999964e+01,1.231489111977003947e+00
1.219759999999999955e+01,9.563428770924322642e-01
1.219839999999999947e+01,1.173889065409379207e+00
1.219919999999999938e+01,3.351083414944329708e-01
1.219999999999999929e+01,1.285316027625364121e+00
1.220080000000000098e+01,1.454832943993823235e+00
1.220160000000000089e+01,7.018912707036926157e-01
1.220240000000000080e+01,2.134995991249691305e-01
1.220320000000000071e+01,3.228837278076238659e-01
1.220400000000000063e+01,9.582076201699610829e-01
1.220480000000000054e+01,3.610957947132291124e-01
1.220560000000000045e+01,1.381908356874339994e+00
1.220640000000000036e+01,2.707951055505153803e+00
1.220720000000000027e+01,1.767495674640849446e+00
1.220800000000000018e+01,4.613768926481894850e-01
1.220880000000000010e+01,1.096505500768222285e+00
1.220960000000000001e+01,2.148471239454591508e+00
1.221039999999999992e+01,2.646350113697693907e+00
1.221119999999999983e+01,1.053699458708834635e+00
1.221199999999999974e+01,9.048138216260324940e-02
1.221279999999999966e+01,8.344217482053118973e-01
1.221359999999999957e+01,1.888744808624215066e-01
1.221439999999999948e+01,4.028246261049901467e-01
1.221519999999999939e+01,2.259005789341254899e-01
1.221599999999999930e+01,6.276948410548299773e-02
1.221679999999999922e+01,2.211500370336496879e-01
1.221759999999999913e+01,3.088811763714094036e-02
1.221839999999999904e+01,1.141610448151362700e+00
1.221919999999999895e+01,4.934007991430525153e-01
1.222000000000000064e+01,9.003680672963351173e-01
1.222080000000000055e+01,8.679207834813511546e-01
1.222160000000000046e+01,7.941430329082037609e-01
1.222240000000000038e+01,3.408992460254182122e-01
1.222320000000000029e+01,4.853005615234276537e-01
1.222400000000000020e+01,2.995681585786402756e-01
1.222480000000000011e+01,5.964017291397742948e-01
1.222560000000000002e+01,1.178204056571658720e+00
1.222639999999999993e+01,2.360243424267211676e+00
1.222719999999999985e+01,1.466652586511301815e+00
1.222799999999999976e+01,1.367968689521008585e+00
1.222879999999999967e+01,4.700807665762924414e-01
1.222960000000000136e+01,1.043544334892029912e+00
1.223040000000000127e+01,2.001108760134130193e+00
1.223120000000000118e+01,1.089716502912002394e+00
1.223200000000000109e+01,3.921546624525174551e-01
1.223279999999999923e+01,1.397591452643015764e+00
1.223359999999999914e+01,5.448400529319874508e-01
1.223439999999999905e+01,3.691328704160847241e-01
1.223519999999999897e+01,1.020451733656386528e+00
1.223599999999999888e+01,5.746491783337376313e-01
1.223679999999999879e+01,7.973216152473552865e-02
1.223759999999999870e+01,2.529490577308333155e-01
1.223840000000000039e+01,2.101046678820051028e-01
1.223920000000000030e+01,3.100033033102889135e-01
1.224000000000000021e+01,9.332855672620578025e-01
1.224080000000000013e+01,1.559840700061351448e+00
1.224160000000000004e+01,2.181654309786666968e+00
1.224239999999999995e+01,4.718999792756013445e-01
1.224319999999999986e+01,6.459519218829863352e-01
1.224399999999999977e+01,3.293739567573836236e-01
1.224479999999999968e+01,9.498421329936499458e-01
1.224559999999999960e+01,1.748251874218251789e+00
1.224639999999999951e+01,2.476625567880665901e+00
1.224719999999999942e+01,9.743195857875295296e-01
1.224800000000000111e+01,6.353428405564580661e-01
1.224880000000000102e+01,3.395351193122513878e-01
1.224960000000000093e+01,7.021677360692035741e-01
1.225040000000000084e+01,1.381331362161144716e+00
1.225120000000000076e+01,9.477064560951791172e-01
1.225200000000000067e+01,2.363301476949325741e-01
1.225280000000000058e+01,9.703234438676175966e-01
1.225360000000000049e+01,3.222757100061915958e-01
1.225440000000000040e+01,5.766296085350881562e-01
1.225520000000000032e+01,7.420310854314051685e-01
1.225599999999999845e+01,3.040229832292320328e-02
1.225680000000000014e+01,5.998951981072125905e-01
1.225760000000000005e+01,1.093743069096799053e-01
1.225839999999999996e+01,6.688517454171455379e-02
1.225919999999999987e+01,3.914045523515291558e-02
1.225999999999999979e+01,2.167086365360857692e-01
1.226079999999999970e+01,8.833208294179897280e-01
1.226159999999999961e+01,1.648883813033000356e+00
1.226239999999999952e+01,6.845403035251358403e-01
1.226319999999999943e+01,1.963841913325978794e-01
1.226399999999999935e+01,2.006359446366458577e-01
1.226479999999999926e+01,2.937084600971168191e-02
1.226559999999999917e+01,5.227363785995001733e-01
1.226640000000000086e+01,2.075509847692535992e+00
1.226720000000000077e+01,2.001837619972622218e+00
1.226800000000000068e+01,1.447172697435569200e+00
1.226880000000000059e+01,2.939765897721614563e-01
1.226960000000000051e+01,1.468645910326797255e+00
1.227040000000000042e+01,2.632200051245505268e+00
1.227120000000000033e+01,1.212338503376734211e+00
1.227200000000000024e+01,4.176839578249710166e-02
1.227280000000000015e+01,6.718348081911789116e-01
1.227360000000000007e+01,4.446481958709070370e-01
1.227439999999999998e+01,3.719972856616582391e-01
1.227519999999999989e+01,9.859605393599893963e-01
1.227600000000000158e+01,5.725746234957150849e-01
1.227680000000000149e+01,3.689862572490947290e-01
1.227760000000000140e+01,8.804191299087894551e-01
1.227839999999999954e+01,2.065287349252442339e-01
1.227919999999999945e+01,1.018972615119806413e+00
1.227999999999999936e+01,1.438227315415098628e+00
1.228079999999999927e+01,1.804167385207224861e+00
1.228159999999999918e+01,1.805138470811460838e+00
1.228239999999999910e+01,2.518165194792185146e-01
1.228319999999999901e+01,6.931006906371610654e-01
1.228399999999999892e+01,3.457572345640373412e-01
1.228479999999999883e+01,6.286102615595249299e-01
1.228560000000000052e+01,1.110712422988991532e+00
1.228640000000000043e+01,1.763737526842655612e+00
1.228720000000000034e+01,1.329802789566368659e+00
1.228800000000000026e+01,6.041137630276477433e-01
1.228880000000000017e+01,1.580416154567219900e-01
1.228960000000000008e+01,4.819824648981489434e-01
1.229039999999999999e+01,1.896827185357472523e+00
1.229119999999999990e+01,1.482422458252218744e+00
1.229199999999999982e+01,3.085053385809101711e-01
1.229279999999999973e+01,5.879070004174662412e-01
1.229359999999999964e+01,2.645687841628060477e-01
1.229439999999999955e+01,4.149699227780199173e-01
1.229520000000000124e+01,2.691932707723048712e-01
1.229600000000000115e+01,2.987860885181320980e-01
1.229680000000000106e+01,3.178631700824753326e-01
1.229760000000000097e+01,4.259878542074213570e-01
1.229840000000000089e+01,6.636884237466718073e-01
1.229920000000000080e+01,4.875317395861411551e-01
1.230000000000000071e+01,1.045740772382510286e+00
1.230079999999999885e+01,1.837876313505194981e+00
1.230159999999999876e+01,1.866207215726833679e+00
1.230239999999999867e+01,1.204748016176184988e+00
1.230319999999999858e+01,2.110178883232065872e-01
1.230400000000000027e+01,6.188233786978766249e-01
1.230480000000000018e+01,3.922389146174942720e-02
1.230560000000000009e+01,4.023111814091726024e-01
1.230640000000000001e+01,2.329580890194534071e+00
1.230719999999999992e+01,1.307555271860138424e+00
1.230799999999999983e+01,2.161476298175290522e-01
1.230879999999999974e+01,2.910709242722103740e-01
1.230959999999999965e+01,4.821727783246470556e-01
1.231039999999999957e+01,7.413215842975617864e-01
1.231119999999999948e+01,5.590725692185124496e-01
1.231199999999999939e+01,8.740958719221249007e-01
1.231279999999999930e+01,1.030599215204158758e+00
1.231360000000000099e+01,7.424804664633546381e-01
1.231440000000000090e+01,6.981089527687720508e-01
1.231520000000000081e+01,5.484704261649212542e-01
1.231600000000000072e+01,6.313776624992484265e-02
1.231680000000000064e+01,4.322672485481117710e-01
1.231760000000000055e+01,5.995846979770250718e-01
1.231840000000000046e+01,8.562390090813211119e-01
1.231920000000000037e+01,5.876048155671218520e-01
1.232000000000000028e+01,8.487362118174058834e-01
1.232080000000000020e+01,1.237728164769773098e+00
1.232160000000000011e+01,2.123761432929749393e+00
1.232240000000000002e+01,7.217297817588347320e-01
1.232319999999999993e+01,1.308499198865095345e-02
1.232399999999999984e+01,6.686849192720170643e-02
1.232479999999999976e+01,5.002891808994336387e-01
1.232559999999999967e+01,1.121460534779576829e-01
1.232639999999999958e+01,1.212722028307787525e+00
1.232719999999999949e+01,1.357829577757742934e+00
1.232799999999999940e+01,1.109139677233049737e+00
1.232879999999999932e+01,6.145001169762500659e-01
1.232959999999999923e+01,3.365211308643678567e-01
1.233039999999999914e+01,1.825005410188432098e+00
1.233119999999999905e+01,1.088439229510447470e+00
1.233199999999999896e+01,6.912252221977351896e-01
1.233280000000000065e+01,1.238574379750953414e+00
1.233360000000000056e+01,5.145614150670233533e-01
1.233440000000000047e+01,8.521610571918559751e-01
1.233520000000000039e+01,1.579743853690255717e+00
1.233600000000000030e+01,1.354649418379741510e+00
1.233680000000000021e+01,5.328816319268964152e-01
1.233760000000000012e+01,6.740658671891043285e-01
1.233840000000000003e+01,2.686513355526697899e-01
1.233919999999999995e+01,2.280495862276714705e-02
1.233999999999999986e+01,1.007174229501881957e+00
1.234079999999999977e+01,1.617672299688400983e+00
1.234159999999999968e+01,2.634292840065255881e+00
1.234240000000000137e+01,8.560789754280134778e-01
1.234320000000000128e+01,4.344262571152160968e-01
1.234400000000000119e+01,1.522176465885610175e-01
1.234480000000000111e+01,6.612714199269213999e-01
1.234559999999999924e+01,8.301426795440247641e-01
1.234639999999999915e+01,1.257745460951786853e+00
1.234719999999999906e+01,8.797788665114126827e-01
1.234799999999999898e+01,3.407277594889626116e-01
1.234879999999999889e+01,4.299103151992446636e-01
1.234959999999999880e+01,5.908945549067903119e-02
1.235039999999999871e+01,7.008922617978737835e-01
1.235120000000000040e+01,7.619043132782473693e-01
1.235200000000000031e+01,1.669526017488279224e-01
1.235280000000000022e+01,7.701617144167701712e-01
1.235360000000000014e+01,9.514228833768733073e-01
1.235440000000000005e+01,1.406294977929349210e+00
1.235519999999999996e+01,8.826722364716532709e-01
1.235599999999999987e+01,3.725156279254812630e-01
1.235679999999999978e+01,2.361112781189769749e-01
1.235759999999999970e+01,1.383665074660667127e-01
1.235839999999999961e+01,3.948192392377533610e-02
1.235919999999999952e+01,5.238146221167359062e-01
1.235999999999999943e+01,5.176762189051202778e-01
1.236080000000000112e+01,1.082933072513197148e+00
1.236160000000000103e+01,2.324910316306939784e+00
1.236240000000000094e+01,1.243454124674965078e+00
1.236320000000000086e+01,2.192399007276370215e-01
1.236400000000000077e+01,7.640556310919659200e-02
1.236480000000000068e+01,2.708483403182707083e-02
1.236560000000000059e+01,7.112226187593334581e-02
1.236640000000000050e+01,1.343184470403899322e+00
1.236720000000000041e+01,1.609653035375963714e+00
1.236800000000000033e+01,9.789768319703290311e-01
1.236879999999999846e+01,3.865476404267037536e-01
1.236960000000000015e+01,7.223891430306057515e-01
1.237040000000000006e+01,1.810656091317256688e+00
1.237119999999999997e+01,1.083126550630440388e+00
1.237199999999999989e+01,9.674812141475103155e-01
1.237279999999999980e+01,1.387178333271441133e+00
1.237359999999999971e+01,6.833394808940473908e-01
1.237439999999999962e+01,1.360544149517475709e+00
1.237519999999999953e+01,1.118762061097372973e+00
1.237599999999999945e+01,6.473578003938330605e-01
1.237679999999999936e+01,3.978703141534326720e-02
1.237759999999999927e+01,7.559544155019713996e-01
1.237839999999999918e+01,1.761801667279721817e-01
1.237920000000000087e+01,6.486690770446601473e-01
1.238000000000000078e+01,1.069787858563820526e+00
1.238080000000000069e+01,1.174402059513470098e+00
1.238160000000000061e+01,2.136032890085482361e+00
1.238240000000000052e+01,5.719085509940582401e-01
1.238320000000000043e+01,4.104148491246997765e-01
1.238400000000000034e+01,5.141625984971254226e-01
1.238480000000000025e+01,3.845250212742143958e-01
1.238560000000000016e+01,3.404592987505933865e-01
1.238640000000000008e+01,8.696641665757957051e-01
1.238719999999999999e+01,1.029399675798789993e+00
1.238799999999999990e+01,1.651764647331117053e-01
1.238880000000000159e+01,2.933355649796207110e-01
1.238960000000000150e+01,5.187353762424006670e-02
1.239040000000000141e+01,1.135243173762217950e+00
1.239119999999999955e+01,9.245187014230216160e-01
1.239199999999999946e+01,2.612497624240099348e-01
1.239279999999999937e+01,1.169634958151704485e+00
1.239359999999999928e+01,7.431073623018168151e-02
1.239439999999999920e+01,1.023056300980371841e-01
1.239519999999999911e+01,3.281833378738556184e-01
1.239599999999999902e+01,1.917035195369728995e-01
1.239679999999999893e+01,7.503839610285253370e-01
1.239759999999999884e+01,1.677748222037400150e-01
1.239840000000000053e+01,1.925979429188238723e-01
1.239920000000000044e+01,1.113334866498880416e-01
1.240000000000000036e+01,6.576166299306263063e-01
1.240080000000000027e+01,8.090632753973254765e-01
1.240160000000000018e+01,1.620956700347659707e+00
1.240240000000000009e+01,9.788406762726051813e-01
1.240320000000000000e+01,2.452282017866733721e-01
1.240399999999999991e+01,2.880747240395249431e-01
1.240479999999999983e+01,1.184770964986396891e+00
1.240559999999999974e+01,1.134257510137844482e+00
1.240639999999999965e+01,1.776686364627628967e+00
1.240719999999999956e+01,1.719416474277315920e+00
1.240800000000000125e+01,7.120309846316195124e-01
1.240880000000000116e+01,7.652355705092868110e-01
1.240960000000000107e+01,8.912335066048601151e-01
1.241040000000000099e+01,6.371047608030816489e-01
1.241120000000000090e+01,1.282443236463212677e-01
1.241200000000000081e+01,1.142656400051122789e+00
1.241280000000000072e+01,1.462240404239088631e+00
1.241359999999999886e+01,5.892986717976431699e-01
1.241439999999999877e+01,1.008933239676013116e+00
1.241519999999999868e+01,9.144482291965190246e-01
1.241599999999999859e+01,5.547701805589118074e-01
1.241680000000000028e+01,1.152704532146705985e+00
1.241760000000000019e+01,1.117544179386708858e-01
1.241840000000000011e+01,2.686088020204538962e-01
1.241920000000000002e+01,3.574583946558619330e-01
1.241999999999999993e+01,4.564470968172903986e-01
1.242079999999999984e+01,3.974531981360939770e-01
1.242159999999999975e+01,1.162948011796728132e+00
1.242239999999999966e+01,9.465217739500996208e-01
1.242319999999999958e+01,4.163351089760729956e-02
1.242399999999999949e+01,1.289813228329254359e-02
1.242479999999999940e+01,1.485169123296921967e+00
1.242559999999999931e+01,4.589878882396044024e-01
1.242640000000000100e+01,1.480436510626005786e+00
1.242720000000000091e+01,1.269644810842634364e+00
1.242800000000000082e+01,3.198265769396285152e-01
1.242880000000000074e+01,9.983091282180271975e-01
1.242960000000000065e+01,1.352427795645567254e+00
1.243040000000000056e+01,1.607408555719732179e+00
1.243120000000000047e+01,1.051338578343803620e+00
1.243200000000000038e+01,7.793105256002298420e-01
1.243280000000000030e+01,2.404937846163936133e+00
1.243360000000000021e+01,6.584075808636471461e-01
1.243440000000000012e+01,5.689089230897733662e-01
1.243520000000000003e+01,1.387691709690240360e+00
1.243599999999999994e+01,1.406317244285840484e+00
1.243679999999999986e+01,1.703226554802403037e+00
1.243759999999999977e+01,1.635840302238132093e-01
1.243839999999999968e+01,2.100049995763755561e-01
1.243919999999999959e+01,2.447995719518432090e-01
1.243999999999999950e+01,7.113322641542004776e-01
1.244079999999999941e+01,1.748715093668293252e-01
1.244159999999999933e+01,1.033173606328884775e+00
1.244239999999999924e+01,2.921593748271319457e-01
1.244319999999999915e+01,8.695102139739465663e-01
1.244399999999999906e+01,1.854061661643695014e-01
1.244479999999999897e+01,1.402526676282196183e+00
1.244560000000000066e+01,1.899159082975663049e+00
1.244640000000000057e+01,2.361554824645558437e+00
1.244720000000000049e+01,9.109359709653885862e-01
1.244800000000000040e+01,5.733830000424284395e-02
1.244880000000000031e+01,1.593314159383627748e+00
1.244960000000000022e+01,1.000148050883171269e+00
1.245040000000000013e+01,1.335784034629537542e+00
1.245120000000000005e+01,1.122603539414914531e+00
1.245199999999999996e+01,1.048395222782962100e-01
1.245279999999999987e+01,1.962132580649736280e+00
1.245359999999999978e+01,7.811302500955795425e-02
1.245439999999999969e+01,6.852117550360299347e-01
1.245520000000000138e+01,1.352121077077407573e-03
1.245600000000000129e+01,5.685843954040580017e-02
1.245680000000000121e+01,9.354495555287362096e-01
1.245760000000000112e+01,7.074926223326600816e-01
1.245839999999999925e+01,5.174033789796950167e-01
1.245919999999999916e+01,4.949185573633119173e-01
1.245999999999999908e+01,4.703526184096785134e-01
1.246079999999999899e+01,2.632920046412495774e-01
1.246159999999999890e+01,1.381042001861142232e+00
1.246239999999999881e+01,4.186240150701643903e-01
1.246319999999999872e+01,6.643757202875579804e-01
1.246400000000000041e+01,2.603645189424795281e-01
1.246480000000000032e+01,5.842474038748278753e-01
1.246560000000000024e+01,7.334015582237503050e-01
1.246640000000000015e+01,1.681585870994905418e+00
1.246720000000000006e+01,2.120136737717742470e+00
1.246799999999999997e+01,1.514557552355186187e+00
1.246879999999999988e+01,6.765731317023392366e-01
1.246959999999999980e+01,1.780814483954092919e+00
1.247039999999999971e+01,1.998691744163206607e+00
1.247119999999999962e+01,1.237310550153606803e+00
1.247199999999999953e+01,2.886482052846646162e-01
1.247279999999999944e+01,1.690785285972143059e+00
1.247360000000000113e+01,2.182571810959616498e-01
1.247440000000000104e+01,5.792174580710790499e-01
1.247520000000000095e+01,5.495155789056578310e-01
1.247600000000000087e+01,1.215804537415837716e-01
1.247680000000000078e+01,3.824255003096299066e-01
1.247760000000000069e+01,7.228075689667555481e-02
1.247840000000000060e+01,2.318571589621449824e-01
1.247920000000000051e+01,5.886152282152261606e-01
1.248000000000000043e+01,1.501167263400581486e+00
1.248079999999999856e+01,9.977750248419294810e-01
1.248159999999999847e+01,1.442827151825139653e+00
1.248240000000000016e+01,2.814627609190766266e-01
1.248320000000000007e+01,8.095086978084803375e-01
1.248399999999999999e+01,4.898215724600847865e-01
1.248479999999999990e+01,8.300542561644203010e-01
1.248559999999999981e+01,1.100153273209919735e+00
1.248639999999999972e+01,1.105849707756275668e+00
1.248719999999999963e+01,1.146976702947664295e+00
1.248799999999999955e+01,9.030397139246252314e-01
1.248879999999999946e+01,3.536933317123495679e-01
1.248959999999999937e+01,5.812961883214018410e-01
1.249039999999999928e+01,1.119822185759780986e+00
1.249119999999999919e+01,1.191365228746612326e+00
1.249200000000000088e+01,4.758882690337881000e-02
1.249280000000000079e+01,1.064369374548570946e+00
1.249360000000000070e+01,3.703180166231180848e-01
1.249440000000000062e+01,3.846950948771226675e-01
1.249520000000000053e+01,3.925916794810498378e-01
1.249600000000000044e+01,3.412479269397847986e-02
1.249680000000000035e+01,1.142915187816885503e+00
1.249760000000000026e+01,3.098680592884729967e-01
1.249840000000000018e+01,2.694249198529367062e-01
1.249920000000000009e+01,8.473528118838445922e-01
1.250000000000000000e+01,1.567840529338658584e+00
1.250079999999999991e+01,1.289734346435090773e+00
1.250160000000000160e+01,1.447445549755589811e+00
1.250240000000000151e+01,1.516667726591617082e+00
1.250320000000000142e+01,2.610427452551027927e-01
1.250399999999999956e+01,6.108792854210539636e-01
1.250479999999999947e+01,9.109797667825447753e-01
1.250559999999999938e+01,1.618569486885623299e+00
1.250639999999999930e+01,1.792585776499732830e+00
1.250719999999999921e+01,1.904962767031041615e+00
1.250799999999999912e+01,5.275164324133626570e-01
1.250879999999999903e+01,1.376458152646812483e+00
1.250959999999999894e+01,1.509602934484560954e+00
1.251039999999999885e+01,1.376391629533119332e+00
1.251120000000000054e+01,6.670361902207552207e-01
1.251200000000000045e+01,4.690974027201975094e-01
1.251280000000000037e+01,1.440539822454629748e+00
1.251360000000000028e+01,4.399555359287851686e-01
1.251440000000000019e+01,6.311423979002238616e-01
1.251520000000000010e+01,6.327454336264104473e-01
1.251600000000000001e+01,1.026688801205838247e-01
1.251679999999999993e+01,5.828365843553459102e-01
1.251759999999999984e+01,3.375342368434087748e-01
1.251839999999999975e+01,7.878696663165178915e-01
1.251919999999999966e+01,1.176313012236074096e+00
1.251999999999999957e+01,1.631940888295385639e+00
1.252080000000000126e+01,5.879120257164588415e-01
1.252160000000000117e+01,9.301047307332502845e-01
1.252240000000000109e+01,4.266036057173993590e-01
1.252320000000000100e+01,5.466035469845794692e-01
1.252400000000000091e+01,7.791411152807464768e-01
1.252480000000000082e+01,4.264498439607252722e-01
1.252560000000000073e+01,8.174718802669650453e-01
1.252639999999999887e+01,1.042637481223287033e+00
1.252719999999999878e+01,1.591519867335427607e+00
1.252799999999999869e+01,1.452748106328791700e+00
1.252879999999999860e+01,2.027926651458398233e-01
1.252960000000000029e+01,9.498594251158630763e-01
1.253040000000000020e+01,2.122619120670823811e+00
1.253120000000000012e+01,1.368863954650568981e+00
1.253200000000000003e+01,6.064441089125600648e-01
1.253279999999999994e+01,1.438249929988476339e+00
1.253359999999999985e+01,1.455224843244627697e-01
1.253439999999999976e+01,7.127173021276744791e-01
1.253519999999999968e+01,7.893711960847921150e-01
1.253599999999999959e+01,4.002017262914833173e-01
1.253679999999999950e+01,3.383376074234885067e-01
1.253759999999999941e+01,4.085779865921722320e-02
1.253839999999999932e+01,6.202500507923217055e-02
1.253920000000000101e+01,1.371144286025952896e-01
1.254000000000000092e+01,1.568586096643558969e+00
1.254080000000000084e+01,1.385275234991083959e+00
1.254160000000000075e+01,1.591577988020526302e+00
1.254240000000000066e+01,1.468446065784843879e-01
1.254320000000000057e+01,1.413513766814687544e+00
1.254400000000000048e+01,1.679080552461461817e+00
1.254480000000000040e+01,8.011806432857455640e-01
1.254560000000000031e+01,1.690230736268827583e+00
1.254640000000000022e+01,2.127709522674704257e+00
1.254720000000000013e+01,2.142457946617625453e+00
1.254800000000000004e+01,1.714306569240434008e+00
1.254879999999999995e+01,4.412487838532318518e-01
1.254959999999999987e+01,5.083191229102150821e-01
1.255039999999999978e+01,1.370098359626124251e+00
1.255119999999999969e+01,1.122982342094555275e+00
1.255199999999999960e+01,1.147128959545175464e+00
1.255279999999999951e+01,7.383781578803987333e-01
1.255359999999999943e+01,6.536707441913349736e-01
1.255439999999999934e+01,8.893273880572114543e-01
1.255519999999999925e+01,1.164971842420965409e-01
1.255599999999999916e+01,7.376691663752035222e-01
1.255679999999999907e+01,3.206808102868827226e-01
1.255759999999999899e+01,3.676433221386495864e-01
1.255840000000000067e+01,9.459497559727143845e-02
1.255920000000000059e+01,4.276727801442103960e-01
1.256000000000000050e+01,1.612673695640266747e+00
1.256080000000000041e+01,1.484296591417566979e+00
1.256160000000000032e+01,2.187578390116732052e+00
1.256240000000000023e+01,1.295796826780577504e+00
1.256320000000000014e+01,2.218081721359645153e-01
1.256400000000000006e+01,1.558361820941038811e+00
1.256479999999999997e+01,8.375375556365971530e-01
1.256559999999999988e+01,1.991051312314757460e-01
1.256639999999999979e+01,1.160470251230189431e+00
1.256719999999999970e+01,1.711754163660409889e+00
1.256800000000000139e+01,1.961451017143975406e+00
1.256880000000000130e+01,4.600291901970675057e-01
1.256960000000000122e+01,7.579468687874088006e-01
1.257040000000000113e+01,9.444745995847612097e-01
1.257119999999999926e+01,5.087490701873804699e-01
1.257199999999999918e+01,7.529181905605117353e-02
1.257279999999999909e+01,8.060670222246005823e-01
1.257359999999999900e+01,5.012843349647475577e-01
1.257439999999999891e+01,9.966990095721907084e-01
1.257519999999999882e+01,9.344669579086615219e-01
1.257599999999999874e+01,4.525353647193732232e-01
1.257680000000000042e+01,8.086225616533595506e-01
1.257760000000000034e+01,9.027410389435402971e-01
1.257840000000000025e+01,6.838833217910035289e-01
1.257920000000000016e+01,3.437043511292517395e-01
1.258000000000000007e+01,1.906760302753627512e+00
1.258079999999999998e+01,1.804081952798377353e+00
1.258159999999999989e+01,2.421658494559313812e+00
1.258239999999999981e+01,1.151313916995055253e+00
1.258319999999999972e+01,1.620272510825757420e-03
1.258399999999999963e+01,6.796650450249210884e-01
1.258479999999999954e+01,1.998918308734364269e-01
1.258559999999999945e+01,5.516354846405049361e-01
1.258640000000000114e+01,8.966127543157076385e-01
1.258720000000000105e+01,6.590760071157084621e-01
1.258800000000000097e+01,1.246797463004712503e+00
1.258880000000000088e+01,7.926943412086275842e-01
1.258960000000000079e+01,2.557767541864005567e-01
1.259040000000000070e+01,4.786822074222907286e-01
1.259120000000000061e+01,3.962437363802422952e-01
1.259200000000000053e+01,4.200538363365117212e-01
1.259280000000000044e+01,1.746969024155288486e-01
1.259359999999999857e+01,6.759755019285750288e-01
1.259439999999999849e+01,1.470752252337452104e+00
1.259519999999999840e+01,1.555036958631224930e+00
1.259600000000000009e+01,4.612230060524207254e-01
1.259680000000000000e+01,3.184020653228993303e-01
1.259759999999999991e+01,5.973236269100475060e-02
1.259839999999999982e+01,5.035110079128484184e-01
1.259919999999999973e+01,1.459466388124369962e-01
1.259999999999999964e+01,1.388722777610746473e+00
1.260079999999999956e+01,1.951640095036816902e+00
1.260159999999999947e+01,2.177945955985617132e+00
1.260239999999999938e+01,1.992573019023092584e+00
1.260319999999999929e+01,1.098066219155313217e+00
1.260399999999999920e+01,5.946502864507154928e-01
1.260479999999999912e+01,4.386294740431219141e-01
1.260560000000000080e+01,1.016525020601601215e+00
1.260640000000000072e+01,1.158232127821717805e+00
1.260720000000000063e+01,9.906591115376710555e-01
1.260800000000000054e+01,7.665314391247516346e-01
1.260880000000000045e+01,4.920936379136379712e-01
1.260960000000000036e+01,8.013703408770845860e-01
1.261040000000000028e+01,7.718800390895351748e-01
1.261120000000000019e+01,4.000219002642682042e-01
1.261200000000000010e+01,1.016694089658456202e+00
1.261280000000000001e+01,6.642884335612690982e-01
1.261359999999999992e+01,4.484233165248938668e-01
1.261440000000000161e+01,1.814669522019993320e+00
1.261520000000000152e+01,1.850993069149914572e+00
1.261600000000000144e+01,6.756015849424931163e-01
1.261679999999999957e+01,6.958483940642294918e-01
1.261759999999999948e+01,9.880270528814843935e-04
1.261839999999999939e+01,4.129496658219570793e-01
1.261919999999999931e+01,8.933185619275505474e-01
1.261999999999999922e+01,2.667530168926108836e-01
1.262079999999999913e+01,2.803740521276502640e-01
1.262159999999999904e+01,1.148689284139028821e+00
1.262239999999999895e+01,1.106511064002106748e+00
1.262319999999999887e+01,9.265230534697277420e-01
1.262400000000000055e+01,3.118898323607780659e-02
1.262480000000000047e+01,6.481767771815090118e-01
1.262560000000000038e+01,8.118582203120576768e-01
1.262640000000000029e+01,6.137349818607324980e-01
1.262720000000000020e+01,3.309328490411422852e-01
1.262800000000000011e+01,7.717397589984602568e-01
1.262880000000000003e+01,4.795169463248404318e-01
1.262959999999999994e+01,1.491088119731946771e+00
1.263039999999999985e+01,1.911893548981981272e+00
1.263119999999999976e+01,1.151373931095110020e-01
1.263199999999999967e+01,1.176957494531475801e+00
1.263279999999999959e+01,1.876480770552900301e+00
1.263360000000000127e+01,7.689334534603499138e-01
1.263440000000000119e+01,5.915649407359936385e-01
1.263520000000000110e+01,1.631965563344991432e+00
1.263600000000000101e+01,1.391628097484569615e+00
1.263680000000000092e+01,1.002521297140280376e+00
1.263760000000000083e+01,4.035323139172539847e-02
1.263840000000000074e+01,3.345519374163459791e-01
1.263919999999999888e+01,5.820838360105388132e-01
1.263999999999999879e+01,3.751569449551480639e-01
1.264079999999999870e+01,8.354210263530734704e-01
1.264159999999999862e+01,7.732902716602852999e-01
1.264240000000000030e+01,2.794112373025052776e-01
1.264320000000000022e+01,2.459438059618576991e-02
1.264400000000000013e+01,3.364569996080152975e-02
1.264480000000000004e+01,1.130073384476792064e+00
1.264559999999999995e+01,1.918863474602038766e+00
1.264639999999999986e+01,2.290742762923176912e+00
1.264719999999999978e+01,1.133580596502898885e+00
1.264799999999999969e+01,3.302442130528247533e-01
1.264879999999999960e+01,5.032071327224676427e-01
1.264959999999999951e+01,1.182196004518108579e+00
1.265039999999999942e+01,1.280119198605804032e+00
1.265119999999999933e+01,5.100566182893936373e-01
1.265200000000000102e+01,9.824176225979622257e-02
1.265280000000000094e+01,1.732410324896059839e+00
1.265360000000000085e+01,2.379240721813825066e-01
1.265440000000000076e+01,7.747103713771704703e-01
1.265520000000000067e+01,8.462368185850928093e-01
1.265600000000000058e+01,2.596556105055329300e-01
1.265680000000000049e+01,5.946466614125628380e-01
1.265760000000000041e+01,5.951464657281313464e-01
1.265840000000000032e+01,2.486109078248701643e-01
1.265920000000000023e+01,2.244225426228035336e-01
1.266000000000000014e+01,2.401271207192131885e-01
1.266080000000000005e+01,7.915297837625194788e-01
1.266159999999999997e+01,1.391162846378994455e+00
1.266239999999999988e+01,7.163407009073043952e-01
1.266319999999999979e+01,5.669231571539313369e-02
1.266399999999999970e+01,4.382802460474675699e-01
1.266479999999999961e+01,2.390025873205537943e-01
1.266559999999999953e+01,1.114990155025854524e+00
1.266639999999999944e+01,2.176572241264903340e+00
1.266719999999999935e+01,1.541221407988123460e+00
1.266799999999999926e+01,1.198014415071426031e+00
1.266879999999999917e+01,1.101632618431812732e-01
1.266959999999999908e+01,1.741857539318141912e+00
1.267039999999999900e+01,2.178747035453118208e+00
1.267120000000000068e+01,1.323380899619839068e+00
1.267200000000000060e+01,2.129110846928762568e-02
1.267280000000000051e+01,8.953055732208947681e-01
1.267360000000000042e+01,1.651336390157885914e-01
1.267440000000000033e+01,5.328730750864866250e-01
1.267520000000000024e+01,1.365207902705519061e+00
1.267600000000000016e+01,4.934020915056160361e-01
1.267680000000000007e+01,9.605644673078345130e-02
1.267759999999999998e+01,3.591747772324167809e-02
1.267839999999999989e+01,1.926763123502286401e-01
1.267919999999999980e+01,2.152277690767326612e-01
1.267999999999999972e+01,1.203095602172110423e+00
1.268080000000000140e+01,1.811101002256745751e+00
1.268160000000000132e+01,1.630974619476250886e+00
1.268240000000000123e+01,5.325679505592412211e-01
1.268320000000000114e+01,1.296735095491278467e-01
1.268399999999999928e+01,1.522757822263697824e-01
1.268479999999999919e+01,6.160714148932858736e-01
1.268559999999999910e+01,7.571141464504624885e-01
1.268639999999999901e+01,1.162073911622673483e+00
1.268719999999999892e+01,2.945468269570769015e-01
1.268799999999999883e+01,6.201332445115897984e-01
1.268879999999999875e+01,2.596855798959249798e-02
1.268960000000000043e+01,6.530761532042819173e-01
1.269040000000000035e+01,9.371370081485593806e-01
1.269120000000000026e+01,4.133661962579295301e-01
1.269200000000000017e+01,4.975341917275694081e-01
1.269280000000000008e+01,5.728183252103852263e-01
1.269359999999999999e+01,5.132297572816362646e-02
1.269439999999999991e+01,4.889880805622253135e-01
1.269519999999999982e+01,1.788989314080886794e+00
1.269599999999999973e+01,1.640737736223392140e+00
1.269679999999999964e+01,8.997570828093522932e-01
1.269759999999999955e+01,5.112534841851066325e-01
1.269839999999999947e+01,2.876938447232740281e-01
1.269920000000000115e+01,7.090051850983521975e-01
1.270000000000000107e+01,5.334777732856410548e-01
1.270080000000000098e+01,1.162133065044494318e+00
1.270160000000000089e+01,1.710443781742719382e+00
1.270240000000000080e+01,1.276074242098079514e+00
1.270320000000000071e+01,1.184291102923618277e+00
1.270400000000000063e+01,4.688646629027105051e-01
1.270480000000000054e+01,5.179855772198388442e-01
1.270560000000000045e+01,1.075482360728029274e+00
1.270639999999999858e+01,1.511994610727384503e+00
1.270719999999999850e+01,7.561211898711696078e-01
1.270799999999999841e+01,3.457396817588825888e-01
1.270880000000000010e+01,1.601537060997280992e+00
1.270960000000000001e+01,1.727109108209424759e+00
1.271039999999999992e+01,1.848582614697284132e+00
1.271119999999999983e+01,2.107328896771390736e-01
1.271199999999999974e+01,1.639299307874941158e+00
1.271279999999999966e+01,1.955639366616972241e+00
1.271359999999999957e+01,1.119603774653080475e+00
1.271439999999999948e+01,1.253266363848996590e-01
1.271519999999999939e+01,1.332378854849289862e+00
1.271599999999999930e+01,6.467261722614259245e-01
1.271679999999999922e+01,6.464037466554024558e-01
1.271759999999999913e+01,5.337927975542225978e-01
1.271840000000000082e+01,1.102958723215651471e+00
1.271920000000000073e+01,5.552240579411193977e-01
1.272000000000000064e+01,1.948961506664175780e-01
1.272080000000000055e+01,4.167086119127444421e-03
1.272160000000000046e+01,4.791036876592676963e-01
1.272240000000000038e+01,2.730964245508282207e-01
1.272320000000000029e+01,5.830011988762959785e-01
1.272400000000000020e+01,6.533996405586522949e-01
1.272480000000000011e+01,1.606055020002664868e+00
1.272560000000000002e+01,1.823164866967625253e+00
1.272639999999999993e+01,2.275404746010944113e+00
1.272719999999999985e+01,1.418233892993865375e+00
1.272800000000000153e+01,5.557626349476880723e-01
1.272879999999999967e+01,6.455984129927547777e-01
1.272959999999999958e+01,1.709001142576589416e+00
1.273039999999999949e+01,2.898999791984913532e+00
1.273119999999999941e+01,9.430323165332310520e-01
1.273199999999999932e+01,1.044476333230453191e+00
1.273279999999999923e+01,1.919207663322062052e+00
1.273359999999999914e+01,1.441987108851988442e+00
1.273439999999999905e+01,8.637647469690958868e-01
1.273519999999999897e+01,1.123796528623127289e+00
1.273599999999999888e+01,1.107881663841836284e+00
1.273680000000000057e+01,1.088100446514177699e+00
1.273760000000000048e+01,4.329463330512451358e-01
1.273840000000000039e+01,1.039783970633419985e+00
1.273920000000000030e+01,7.700673467166072594e-01
1.274000000000000021e+01,7.633207053931664321e-01
1.274080000000000013e+01,1.218184984415018768e+00
1.274160000000000004e+01,1.275057409035496470e+00
1.274239999999999995e+01,6.731222270123183860e-01
1.274319999999999986e+01,1.481668551718211990e+00
1.274399999999999977e+01,9.477411364100513103e-01
1.274479999999999968e+01,9.961748284664523334e-01
1.274559999999999960e+01,1.696780101598793999e+00
1.274640000000000128e+01,2.791863813337095213e+00
1.274720000000000120e+01,1.405298374416767970e+00
1.274800000000000111e+01,8.211976971511323331e-01
1.274880000000000102e+01,6.009859759564389892e-02
1.274960000000000093e+01,8.100099724674525437e-01
1.275040000000000084e+01,2.131788388152319413e+00
1.275120000000000076e+01,1.486745419810777902e+00
1.275199999999999889e+01,1.392755265134826559e-01
1.275279999999999880e+01,1.164377206072800819e+00
1.275359999999999872e+01,1.438519535788265746e-01
1.275439999999999863e+01,6.540775158831688141e-02
1.275520000000000032e+01,8.865796443273842031e-02
1.275600000000000023e+01,2.841935314063970264e-01
1.275680000000000014e+01,4.766982449210860895e-01
1.275760000000000005e+01,2.627342392803245774e-01
1.275839999999999996e+01,1.661838452487798712e+00
1.275919999999999987e+01,7.264604293634184806e-01
1.275999999999999979e+01,8.296778109568457849e-01
1.276079999999999970e+01,1.238578974077740869e+00
1.276159999999999961e+01,1.822533538818327470e+00
1.276239999999999952e+01,3.718175808989507281e-01
1.276319999999999943e+01,7.547059010966979953e-01
1.276399999999999935e+01,4.238619385464271194e-01
1.276480000000000103e+01,3.728422103088967904e-02
1.276560000000000095e+01,2.180750708657985537e-01
1.276640000000000086e+01,2.311755617018404596e+00
1.276720000000000077e+01,2.093027841445839421e+00
1.276800000000000068e+01,1.654659083586371482e+00
1.276880000000000059e+01,1.641351222899863072e-02
1.276960000000000051e+01,1.218846337964705651e+00
1.277040000000000042e+01,2.451475004430703653e+00
1.277120000000000033e+01,1.035171951109794986e+00
1.277200000000000024e+01,5.356364510546710728e-02
1.277280000000000015e+01,7.537283785644542933e-01
1.277360000000000007e+01,7.778016308309144700e-01
1.277439999999999998e+01,5.604781452219005367e-01
1.277519999999999989e+01,9.005763047154452527e-01
1.277599999999999980e+01,2.738744635925351445e-01
1.277679999999999971e+01,1.894472951241459591e-01
1.277759999999999962e+01,1.110342285222961856e+00
1.277839999999999954e+01,5.075444151407830506e-02
1.277919999999999945e+01,5.476156371324566452e-01
1.277999999999999936e+01,1.578136030084775765e+00
1.278079999999999927e+01,1.514063891333960132e+00
1.278159999999999918e+01,2.055380245250696625e+00
1.278239999999999910e+01,1.612464906743554804e-01
1.278319999999999901e+01,1.131185721178761677e-01
1.278400000000000070e+01,6.387307914463069558e-02
1.278480000000000061e+01,3.668332613382539464e-01
1.278560000000000052e+01,2.369131726875964294e-01
1.278640000000000043e+01,1.558943394230973389e+00
1.278720000000000034e+01,6.762999010977333025e-01
1.278800000000000026e+01,4.760116156191072090e-01
1.278880000000000017e+01,5.935645235972134004e-02
1.278960000000000008e+01,5.921457364002246093e-01
1.279039999999999999e+01,1.592994387569213410e+00
1.279119999999999990e+01,1.134448079313815194e+00
1.279199999999999982e+01,2.155042581496996457e-01
1.279279999999999973e+01,5.142671157395730663e-01
1.279360000000000142e+01,5.914759515949261637e-01
1.279440000000000133e+01,1.267941465038863458e-01
1.279520000000000124e+01,7.779974663582770456e-01
1.279600000000000115e+01,9.458861032574852334e-01
1.279679999999999929e+01,7.453639840173290620e-01
1.279759999999999920e+01,1.842945778115417099e-01
1.279839999999999911e+01,1.758482786065999615e-01
1.279919999999999902e+01,5.937861172946849730e-02
1.279999999999999893e+01,8.802588857345364781e-01
1.280079999999999885e+01,1.186958053196392360e+00
1.280159999999999876e+01,2.049699041813233702e+00
1.280240000000000045e+01,1.367570227957876083e+00
1.280320000000000036e+01,1.869763721478353846e-01
1.280400000000000027e+01,3.239505803697894648e-01
1.280480000000000018e+01,2.931302861685379790e-01
1.280560000000000009e+01,9.773421141440075122e-01
1.280640000000000001e+01,2.349096408711752293e+00
1.280719999999999992e+01,1.272418654303924646e+00
1.280799999999999983e+01,5.162772363968974876e-01
1.280879999999999974e+01,9.414328868001763384e-01
1.280959999999999965e+01,1.068729305926436224e+00
1.281039999999999957e+01,1.615390101709396564e+00
1.281119999999999948e+01,5.999067328237392971e-01
1.281200000000000117e+01,1.155900095950758821e+00
1.281280000000000108e+01,1.635328468960860260e+00
1.281360000000000099e+01,3.501845751796096584e-01
1.281440000000000090e+01,7.781515076000272702e-02
1.281520000000000081e+01,1.022319014782112068e-01
1.281600000000000072e+01,2.950645484202059077e-01
1.281680000000000064e+01,5.269156343516163687e-01
1.281760000000000055e+01,3.424154132108503945e-01
1.281840000000000046e+01,8.448883214239104600e-01
1.281919999999999860e+01,7.231510715071519657e-01
1.281999999999999851e+01,9.669880306261554592e-01
1.282079999999999842e+01,1.242720634865232210e+00
1.282160000000000011e+01,1.879160271909002589e+00
1.282240000000000002e+01,1.204171829450779024e-01
1.282319999999999993e+01,6.412709197313140042e-01
1.282399999999999984e+01,6.047150690560860326e-02
1.282479999999999976e+01,5.365625091038173089e-01
1.282559999999999967e+01,3.601527844813706136e-01
1.282639999999999958e+01,1.405907739555818603e+00
1.282719999999999949e+01,1.755535946726731300e+00
1.282799999999999940e+01,1.575945516830912663e+00
1.282879999999999932e+01,3.010119163324415092e-01
1.282959999999999923e+01,3.432675474674265481e-01
1.283039999999999914e+01,2.388973271856616787e+00
1.283120000000000083e+01,1.326123575138240307e+00
1.283200000000000074e+01,7.151202589756221889e-03
1.283280000000000065e+01,9.897468469173850147e-01
1.283360000000000056e+01,2.818997792250259038e-01
1.283440000000000047e+01,4.010780451397132351e-01
1.283520000000000039e+01,8.793606754744096587e-01
1.283600000000000030e+01,6.850539867338404365e-01
1.283680000000000021e+01,4.578188362139962164e-01
1.283760000000000012e+01,6.702022770157000098e-01
1.283840000000000003e+01,1.209519977066835818e-02
1.283919999999999995e+01,5.783857414734741020e-01
1.283999999999999986e+01,1.491096770923998838e+00
1.284080000000000155e+01,2.025250108681829975e+00
1.284159999999999968e+01,2.863870722886547870e+00
1.284239999999999959e+01,4.831428548869454165e-01
1.284319999999999951e+01,5.862030455224490622e-01
1.284399999999999942e+01,8.733918927012682687e-01
1.284479999999999933e+01,4.570506319089234215e-01
1.284559999999999924e+01,9.675937263136458188e-01
1.284639999999999915e+01,2.032591219490655465e+00
1.284719999999999906e+01,1.858505544527281339e+00
1.284799999999999898e+01,1.114807205653458588e+00
1.284879999999999889e+01,3.121463507583046582e-01
1.284960000000000058e+01,3.016924047165351896e-01
1.285040000000000049e+01,7.203385309995986585e-01
1.285120000000000040e+01,8.163350026235469681e-01
1.285200000000000031e+01,2.284831495789079736e-01
1.285280000000000022e+01,6.672658941377297426e-01
1.285360000000000014e+01,1.317175616619130407e+00
1.285440000000000005e+01,1.061352704261278257e+00
1.285519999999999996e+01,4.206463563123897242e-01
1.285599999999999987e+01,6.355837815266884849e-02
1.285679999999999978e+01,1.100142162538390589e-01
1.285759999999999970e+01,6.816235164481380115e-01
1.285839999999999961e+01,2.850787292731997158e-01
1.285920000000000130e+01,7.502399407618773886e-01
1.286000000000000121e+01,7.339431279360930649e-01
1.286080000000000112e+01,1.287535385923806341e+00
1.286160000000000103e+01,2.594595371347692137e+00
1.286240000000000094e+01,1.289950774016622281e+00
1.286320000000000086e+01,3.583194418126059433e-01
1.286400000000000077e+01,1.070438518006197937e+00
1.286479999999999890e+01,6.100433506724105559e-01
1.286559999999999881e+01,7.167396823292158103e-01
1.286639999999999873e+01,1.118671370516038488e+00
1.286719999999999864e+01,1.604064502896495270e+00
1.286800000000000033e+01,7.247992539529773959e-01
1.286880000000000024e+01,7.318169238375653307e-02
1.286960000000000015e+01,4.804948424092052583e-01
1.287040000000000006e+01,1.399328451715350585e+00
1.287119999999999997e+01,1.188604984599116454e+00
1.287199999999999989e+01,2.584427201723988876e-01
1.287279999999999980e+01,8.472441172689465505e-01
1.287359999999999971e+01,8.824903258713425735e-01
1.287439999999999962e+01,1.721375792285192219e+00
1.287519999999999953e+01,1.298352281019661492e+00
1.287599999999999945e+01,6.142273827003021935e-01
1.287679999999999936e+01,2.318853442471914827e-01
1.287760000000000105e+01,1.699649149710469320e+00
1.287840000000000096e+01,9.164242278829499710e-01
1.287920000000000087e+01,1.093581478985096861e-01
1.288000000000000078e+01,7.254264624127434447e-01
1.288080000000000069e+01,1.397239283077996719e+00
1.288160000000000061e+01,2.219754228698062715e+00
1.288240000000000052e+01,8.982705957113489292e-01
1.288320000000000043e+01,3.532508407701648312e-01
1.288400000000000034e+01,1.690228463389513713e-01
1.288480000000000025e+01,1.022639870456751643e+00
1.288560000000000016e+01,2.542321436335198692e-01
1.288640000000000008e+01,9.278450800035300539e-01
1.288719999999999999e+01,8.590600586434503638e-01
1.288799999999999990e+01,4.823393407632626390e-02
1.288879999999999981e+01,3.357843699243953650e-01
1.288959999999999972e+01,2.908934639870318015e-02
1.289039999999999964e+01,9.914127248979401896e-01
1.289119999999999955e+01,7.875435213019806868e-01
1.289199999999999946e+01,6.455203949847194700e-01
1.289279999999999937e+01,1.955059379838336220e+00
1.289359999999999928e+01,2.857113415152763847e-01
1.289439999999999920e+01,2.010204247949419765e-01
1.289519999999999911e+01,5.398653662602925785e-01
1.289599999999999902e+01,9.242778346818808499e-01
1.289680000000000071e+01,1.188574670294025637e+00
1.289760000000000062e+01,9.899407778405780456e-02
1.289840000000000053e+01,2.909055033164186232e-01
1.289920000000000044e+01,7.847688649768227998e-02
1.290000000000000036e+01,9.310055371883413367e-01
1.290080000000000027e+01,1.064737731131236043e+00
1.290160000000000018e+01,1.869742146287047380e+00
1.290240000000000009e+01,1.390144613349213021e+00
1.290320000000000000e+01,1.063499964610830351e-01
1.290399999999999991e+01,3.184669251029462189e-01
1.290479999999999983e+01,8.291713522725494556e-01
1.290559999999999974e+01,7.691170436082992445e-01
1.290640000000000143e+01,1.822666495585116619e+00
1.290720000000000134e+01,1.726463500834010789e+00
1.290800000000000125e+01,8.099074251558086024e-01
1.290880000000000116e+01,8.165506458047814276e-01
1.290959999999999930e+01,8.799664574556240737e-01
1.291039999999999921e+01,7.598406918090307993e-01
1.291119999999999912e+01,2.405055804866328140e-01
1.291199999999999903e+01,1.282596035279459645e+00
1.291279999999999895e+01,1.538494293519855338e+00
1.291359999999999886e+01,8.975028569952915314e-01
1.291439999999999877e+01,8.592903658176151982e-01
1.291520000000000046e+01,8.127873706511047347e-01
1.291600000000000037e+01,4.055995084132862361e-01
1.291680000000000028e+01,4.462724187663630881e-01
1.291760000000000019e+01,1.660165826581812276e-01
1.291840000000000011e+01,1.983741701261469981e-01
1.291920000000000002e+01,6.496326706977568755e-01
1.291999999999999993e+01,1.105054094136636911e+00
1.292079999999999984e+01,8.972611293852406078e-01
1.292159999999999975e+01,1.684894750681360742e+00
1.292239999999999966e+01,9.360888924723141935e-01
1.292319999999999958e+01,3.474586416703065450e-01
1.292399999999999949e+01,2.036373942282216631e-01
1.292480000000000118e+01,7.677618604963756255e-01
1.292560000000000109e+01,4.264720435250548003e-01
1.292640000000000100e+01,1.542538177936132460e+00
1.292720000000000091e+01,1.326305396059706654e+00
1.292800000000000082e+01,1.034338453473383490e+00
1.292880000000000074e+01,5.897313635756602501e-01
1.292960000000000065e+01,6.038637613498752943e-01
1.293040000000000056e+01,1.645175107618835009e+00
1.293120000000000047e+01,1.612451608172914774e+00
1.293199999999999861e+01,2.028484584279543479e-01
1.293279999999999852e+01,1.538665783414935317e+00
1.293359999999999843e+01,2.481929796028417845e-01
1.293440000000000012e+01,6.735479103049085703e-01
1.293520000000000003e+01,1.106925514041028569e+00
1.293599999999999994e+01,9.210800383571055017e-01
1.293679999999999986e+01,8.168399031975271951e-01
1.293759999999999977e+01,6.171979386461092787e-01
1.293839999999999968e+01,2.970825057190082941e-01
1.293919999999999959e+01,2.840806090910582005e-01
1.293999999999999950e+01,9.834224197984674509e-01
1.294079999999999941e+01,1.297411161445209737e+00
1.294159999999999933e+01,2.249716284408042277e+00
1.294239999999999924e+01,7.840876651550382492e-01
1.294319999999999915e+01,7.029211670423608505e-01
1.294400000000000084e+01,8.529703616158663682e-01
1.294480000000000075e+01,4.819720808024581804e-01
1.294560000000000066e+01,9.748922512936776252e-01
1.294640000000000057e+01,1.179312883885945684e+00
1.294720000000000049e+01,1.018590980513478961e+00
1.294800000000000040e+01,5.254438040778738328e-01
1.294880000000000031e+01,4.940733213675655433e-01
1.294960000000000022e+01,1.058496437282102631e-01
1.295040000000000013e+01,5.293164136397617847e-01
1.295120000000000005e+01,7.679061569251685038e-01
1.295199999999999996e+01,2.131150885533490691e-01
1.295279999999999987e+01,1.486212432293297470e+00
1.295360000000000156e+01,4.929711489258148394e-01
1.295439999999999969e+01,1.463614217467507528e+00
1.295519999999999960e+01,8.427621245331528010e-01
1.295599999999999952e+01,2.074955268676862696e-01
1.295679999999999943e+01,9.881187407480604978e-01
1.295759999999999934e+01,2.065631004387385172e-01
1.295839999999999925e+01,1.534583650794472086e-03
1.295919999999999916e+01,8.069135790064214941e-02
1.295999999999999908e+01,3.478368253304409130e-01
1.296079999999999899e+01,2.695230274984626306e-01
1.296159999999999890e+01,1.762470912190335470e+00
1.296240000000000059e+01,1.169683533625683891e+00
1.296320000000000050e+01,2.484473172920893813e-01
1.296400000000000041e+01,2.103754282589711810e-01
1.296480000000000032e+01,8.051105468464587744e-01
1.296560000000000024e+01,6.089142051375479037e-01
1.296640000000000015e+01,8.457504462615019758e-01
1.296720000000000006e+01,1.447422344046159992e+00
1.296799999999999997e+01,8.068121434820202387e-01
1.296879999999999988e+01,8.596249949643107735e-01
1.296959999999999980e+01,1.557620409714694176e+00
1.297039999999999971e+01,1.737465444989058971e+00
1.297119999999999962e+01,5.152376380406187284e-01
1.297200000000000131e+01,7.915562568864108473e-01
1.297280000000000122e+01,2.055809187632228863e+00
1.297360000000000113e+01,4.059132845384413879e-02
1.297440000000000104e+01,1.356007885282526138e+00
1.297520000000000095e+01,1.041847056665188509e+00
1.297600000000000087e+01,5.929374877509701047e-01
1.297680000000000078e+01,8.399088972113455398e-01
1.297759999999999891e+01,2.431953834772777046e-01
1.297839999999999883e+01,3.008763521138329566e-01
1.297919999999999874e+01,4.006160525374782289e-01
1.297999999999999865e+01,1.002497491133275132e+00
1.298080000000000034e+01,7.215137343736603981e-01
1.298160000000000025e+01,6.968813470614081407e-01
1.298240000000000016e+01,1.169889105253001937e-01
1.298320000000000007e+01,5.863209270199388756e-01
1.298399999999999999e+01,5.124916648358137511e-02
1.298479999999999990e+01,1.528222192501697663e+00
1.298559999999999981e+01,9.561501756327586143e-01
1.298639999999999972e+01,1.374385463446206934e+00
1.298719999999999963e+01,1.248045740602430342e+00
1.298799999999999955e+01,4.772756390619624645e-01
1.298879999999999946e+01,6.347864872807098546e-01
1.298959999999999937e+01,1.045502160325405105e+00
1.299040000000000106e+01,9.229606736868186667e-01
1.299120000000000097e+01,9.780325284741544500e-01
1.299200000000000088e+01,1.254017456595227509e-01
1.299280000000000079e+01,1.147022036270371581e+00
1.299360000000000070e+01,6.449295872595400825e-01
1.299440000000000062e+01,1.622650677279946219e-01
1.299520000000000053e+01,3.612963777339995436e-02
1.299600000000000044e+01,3.460709102727034248e-01
1.299680000000000035e+01,1.115714565975355343e+00
1.299760000000000026e+01,2.550815395151470599e-01
1.299840000000000018e+01,6.471059398625420567e-01
1.299920000000000009e+01,8.278366613051466594e-01
