sample,mean_class0,mean_class1
0,970.745,832.171
1,-14.3264,-208.95
2,-724.722,-843.656
3,12.2798,30.7405
4,-389.117,-392.027
5,-240.778,-323.928
6,-168.08,-175.861
7,-142.582,-171.677
8,300.941,430.623
9,339.486,277.006
10,-5.07395,37.3582
11,-501.085,-555.336
12,-51.8481,-53.5397
13,-395.043,-457.35
14,207.137,252.157
15,155.63,138.46
16,1393.16,1373.42
17,1105.06,1103.5
18,484.797,518.105
19,-689.546,-654.346
20,-21.9587,-63.7438
21,86.8541,-12.3816
22,492.983,484.889
23,229.692,417.943
24,1264.99,1265.7
25,439.046,365.043
26,224.618,186.535
27,-101.479,-68.2695
28,89.3271,114.679
29,269.431,176.459
30,306.228,331.015
31,2269.34,2553.08
32,4978.36,6173.03
33,3847.89,4947.55
34,563.464,758.522
35,-441.263,-581.508
36,356.712,443.474
37,1903.03,2314.84
38,1987.33,2478.84
39,2608.78,3043.44
40,2346.47,2954.12
41,2023.57,2479.56
42,1124.84,1470.12
43,854.556,1123.82
44,1206.53,1408.56
45,1536.34,1888.36
46,1566.87,1903.56
47,6139.95,7582.66
48,6940.31,9047.78
49,3553.22,5096.05
50,732.653,949.668
51,542.145,536.678
52,2394.95,2865.23
53,3346.04,4460.4
54,3398.74,4378.43
55,3789.56,4714.1
56,3612.78,4565.52
57,2664.46,3509.37
58,1782.07,2489.77
59,1876.68,2442.16
60,2341.99,2952.33
61,2472.68,3180.06
62,3893.98,4834.07
63,7590.2,10928.5
64,7136.96,10724.9
65,3039.81,4532.13
66,1141.08,1438.7
67,1831.23,2296.36
68,3692.3,5118.16
69,4038.95,5807.48
70,4412.5,6024.71
71,4374.04,6170.34
72,3864.69,5583.88
73,2952.44,4298.16
74,2369.24,3459.33
75,2619.57,3691.51
76,2986.13,4172.13
77,2960.42,4183.87
78,5373.95,7534.45
79,6985.59,10022.6
80,5231.24,7897.66
81,2326.77,3627.81
82,1645.11,2411.59
83,2792.21,3845.89
84,3822.6,5569.24
85,3857.48,5704.75
86,4051.66,5758.46
87,4136.63,5839.41
88,3378.01,5025.3
89,2565.8,3882.52
90,2385.27,3568.72
91,2731.24,3902.42
92,2845.76,4154.96
93,3186.01,4436.19
94,7891.19,10414.1
95,8715.26,11598.3
96,4716.73,6653.61
97,1680.54,2747.39
98,1685.79,2533.61
99,3722.02,5047.2
100,4644.07,6320.8
101,4381.97,6042.56
102,5184.13,6727.3
103,4586.08,6190.75
104,3650.81,5063.39
105,2824.61,4024.4
106,2876.16,3925.86
107,3241.83,4448.62
108,3305.57,4554.72
109,4796.5,6067.32
110,7466.43,9559.27
111,6652.29,8632.44
112,3192.41,4509.8
113,1841.72,2791.15
114,2707.19,3558.64
115,4051.61,5254.96
116,4150.88,5534.31
117,4485.88,5790.36
118,4352.85,5555.62
119,3926.13,5099.46
120,3020.41,4148.22
121,2606.56,3510.35
122,2866.78,3718.96
123,3086.8,4048.05
124,3018.06,4021.33
125,5799.65,6810.43
126,6938.39,8134.62
127,4865.92,5933.47
128,2264.94,3129.34
129,1788.55,2538.57
130,3028.81,3725.75
131,3909.71,4661.75
132,3813.86,4614.15
133,3976.1,4901.1
134,4051.49,4856.96
135,3323.82,4021.84
136,2510.92,3112.69
137,2422.79,3014.11
138,2648.13,3312.93
139,2788.8,3418.04
140,3557.27,4029.44
141,5817.77,6653.95
142,6041.67,6971.9
143,3264.17,3871.47
144,1652.53,2097.53
145,1892.2,2306.26
146,3172.41,3660.21
147,3467.34,3965.14
148,3331.92,3960.91
149,3992.86,4585.29
150,3383.3,3797.86
151,2549.81,3043.35
152,2060.28,2498.31
153,2207.17,2551.29
154,2507.73,2783.38
155,2434.47,2835.51
156,4313.41,4768.58
157,6481.52,7248.27
158,5186.39,5907.47
159,2101.72,2537.71
160,1242.39,1480.11
161,2109.23,2350.41
162,3300.67,3683.31
163,3281.69,3725.83
164,3721.59,4133.14
165,3550.19,4011.85
166,3033.54,3391.57
167,2239.96,2507.44
168,1907.81,2215.79
169,2189.94,2462.14
170,2417.8,2681.77
171,2417.5,2605.81
172,5147.84,5678.24
173,5732.97,6339.24
174,3406.8,4017.18
175,1487.22,1693.89
176,1289.42,1331.06
177,2427.22,2628.27
178,2993.29,3377.87
179,3039.38,3346.91
180,3338.96,3621.36
181,3181.84,3418.64
182,2323.14,2572.21
183,1690.35,1957.19
184,1753.07,1908
185,2037.64,2163.45
186,2138.69,2247.43
187,2921.87,3172.55
188,5339.84,5912.72
189,5124.01,5708.38
190,2308.82,2601.67
191,949.98,974.815
192,1330.57,1414.92
193,2573.99,2873.08
194,2789.82,3066.96
195,3146.87,3261.22
196,3113.02,3389.27
197,2643.1,2860.53
198,1875.61,2027.76
199,1516.34,1637.66
200,1661.7,1830.6
201,1887.04,2032.33
202,1862.57,1893.74
203,3910.18,4227.33
204,5235.81,5693.78
205,3655.21,4128.62
206,1300.21,1418.37
207,781.09,755.362
208,1654.49,1725.78
209,2479.88,2763.1
210,2591.3,2765.36
211,2779.33,2876.11
212,2854.93,3003.09
213,2084.75,2357.71
214,1410.3,1547.74
215,1264.82,1272.02
216,1544.06,1568.32
217,1700.88,1786.28
218,1923.37,1990.02
219,4774.76,5173.07
220,5241.86,5676.53
221,2614.19,2812.63
222,708.946,727.141
223,654.497,634.279
224,1982.17,2113.28
225,2585.2,2672.16
226,2316.24,2466.46
227,3080.4,3181.51
228,2472.25,2639.71
229,1820.65,1836.7
230,1243.03,1234.32
231,1218.9,1254.94
232,1511.31,1551.84
233,1596.38,1599.62
234,2685.78,2759.73
235,4568.69,4992.3
236,3946.77,4217.21
237,1435.42,1509.44
238,413.804,376.785
239,1018.8,985.831
240,2060.11,2129.85
241,2103.6,2237.01
242,2440.7,2562.65
243,2331.93,2362.19
244,1899.28,2047.23
245,1230.58,1279.36
246,917.618,815.861
247,1129.49,1062.47
248,1274.33,1295.84
249,1247.51,1254.47
250,3719.63,3886.45
251,4629.36,4982.74
252,2789.31,2986.99
253,675.731,627.277
254,279.75,153.873
255,1275.65,1217.88
256,2014.02,2075.58
257,2001.14,2095.18
258,2233.05,2330.47
259,2228.66,2317.79
260,1534.81,1558.8
261,889.732,830.719
262,811.576,716.339
263,1019.18,1079.89
264,1144.03,1137.48
265,1909.64,1703.36
266,3769.73,4008.56
267,3874.41,4346.49
268,1470.72,1628.56
269,199.632,-5.12342
270,419.987,238.58
271,1473.54,1452.62
272,1663.7,1735.22
273,1666.39,1723.13
274,2334.15,2436.82
275,1668.43,1676.08
276,944.181,941.086
277,574.806,451.33
278,631.43,572.243
279,992.959,802.711
280,897.151,851.042
281,2642.72,2665.16
282,4679.72,5031.02
283,3500.47,3792.74
284,697.007,605.673
285,-223.126,-370.551
286,635.608,483.053
287,1806.07,1773.26
288,1727.62,1764.63
289,2200.13,2243.33
290,2091.19,2070.63
291,1593.82,1511.02
292,783.051,706.903
293,465.865,423.322
294,783.861,696.699
295,987.075,863.424
296,1022.98,857.276
297,3228.48,3409.16
298,3582.08,3943.45
299,1703.82,1943.4
300,225.769,39.493
301,0.682212,-269.876
302,895.147,837.209
303,1375.25,1391.39
304,1409.19,1371.75
305,1770.85,1721.77
306,1536.47,1575.62
307,784.799,736.235
308,252.802,129.025
309,343.664,160.576
310,594.505,409.617
311,571.011,489.158
312,1382.8,1340.97
313,3342.16,3579.47
314,3077.12,3373.6
315,701.101,718.089
316,-357.905,-626.722
317,10.02,-230.895
318,987.246,925.801
319,1035.85,1163.83
320,1541.12,1424.95
321,1519.24,1435.54
322,981.404,925.374
323,347.502,254.079
324,37.4364,-41.4997
325,215.408,67.1167
326,397.9,237.47
327,362.937,156.435
328,2012.31,2132.32
329,3060.36,3240.9
330,1762.96,1962.91
331,-116.744,-256.939
332,-574.636,-821.497
333,203.512,-12.8512
334,799.595,802.156
335,844.024,811.976
336,1132.6,989.673
337,1137.89,1133.21
338,478.444,460.083
339,-106.425,-274.359
340,-199.121,-412.819
341,26.1372,-158.015
342,141.9,-14.9006
343,409.327,259.672
344,2658.2,2825.39
345,2915.26,3218.15
346,785.951,772.611
347,-681.572,-931.779
348,-706.473,-956.499
349,356.328,278.543
350,778.745,731.752
351,617.999,483.949
352,1362.25,1249.64
353,741.053,722.743
354,157.165,-5.03803
355,-283.587,-541.502
356,-294.374,-412.307
357,-27.2885,-172.232
358,15.9467,-240.544
359,965.543,784.865
360,2298.71,2648.64
361,1737.64,1958.08
362,-168.208,-381.31
363,-953.519,-1210.54
364,-440.368,-639.274
365,284.482,191.488
366,348.397,242.167
367,728.645,668.093
368,550.843,479.851
369,180.914,164.803
370,-332.365,-564.259
371,-578.985,-899.885
372,-419.304,-665.788
373,-311.941,-441.211
374,-313.903,-459.997
375,1635.6,1626.34
376,2199.96,2437.12
377,739.603,760.699
378,-874.169,-1070.49
379,-1103.48,-1415.94
380,-280.432,-517.977
381,203.427,61.3956
382,149.149,117.284
383,411.459,329.521
384,489.828,307.405
385,-196.136,-328.582
386,-796.099,-919.013
387,-742.161,-953.553
388,-541.207,-798.057
389,-479.211,-710.191
390,237.879,-22.8419
391,1389.62,1631.3
392,1581.03,1843.92
393,-275.699,-363.464
394,-1278.29,-1596.93
395,-1068.98,-1362.32
396,-248.41,-480.363
397,-137.977,-253.993
398,-104.421,-179.405
399,497.034,482.241
400,-132.989,-219.239
401,-690.015,-913.249
402,-964.946,-1313.9
403,-899.07,-1178.43
404,-720.032,-916.921
405,-728.005,-903.771
406,740.839,540.264
407,2119.46,2308.44
408,1022.25,1307.88
409,-1008.05,-1241.45
410,-1546.74,-1940.32
411,-870.46,-1197.98
412,-140.834,-201.478
413,-191.403,-281.062
414,332.877,138.716
415,192.81,47.5624
416,-257.023,-444.243
417,-941.111,-1122.63
418,-1124.11,-1353.31
419,-852.083,-1083.35
420,-648.613,-968.112
421,-665.455,-973.577
422,1165.73,1280.68
423,1444.2,1752.08
424,-124.504,-69.2515
425,-1341.44,-1704.82
426,-1490.25,-1903.52
427,-695.941,-921.702
428,-356.029,-459.784
429,-300.216,-519.045
430,-9.97735,-36.2482
431,-132.434,-239.221
432,-830.721,-1057.56
433,-1306.27,-1566.74
434,-1221.29,-1456.93
435,-951.43,-1262.88
436,-922.692,-1181.84
437,-202.915,-439.461
438,1217.71,1358.43
439,1049.75,1201.83
440,-933.777,-1037.58
441,-1765.95,-2146.54
442,-1423.99,-1837.73
443,-629.042,-782.388
444,-560.096,-636.371
445,-130.771,-361.201
446,-101.351,-373.54
447,-606.188,-779.143
448,-1177.88,-1360.78
449,-1455.63,-1621.52
450,-1260.56,-1569.05
451,-1046.81,-1391.35
452,-1052.44,-1417.65
453,289.684,388.27
454,1106.97,1353.05
455,50.8674,124.499
456,-1485.22,-1818.64
457,-1940,-2322.83
458,-1331.12,-1584.12
459,-696.027,-830.164
460,-616.037,-796.905
461,-433.716,-645.166
462,-415.723,-446.548
463,-970.617,-1147.99
464,-1486.8,-1819.41
465,-1565.63,-1908.26
466,-1362.08,-1625.02
467,-1221.88,-1441.6
468,-929.428,-1231.8
469,793.412,836.056
470,1011.12,1199.18
471,-881.034,-904.838
472,-1951,-2320.52
473,-1895.57,-2320.4
474,-1063.91,-1241.19
475,-822.79,-852.835
476,-868.498,-1148.54
477,-104.933,-389.807
478,-727.025,-863.808
479,-1344.38,-1478.19
480,-1655.52,-1941.09
481,-1553.27,-1916.67
482,-1399.69,-1678.22
483,-1349.12,-1679.33
484,-628.019,-769.025
485,433.716,720.737
486,-68.477,36.8886
487,-1580.17,-1855.06
488,-2185.89,-2485.62
489,-1715.04,-2061.45
490,-1171.78,-1396.77
491,-1108.76,-1360.82
492,-776.229,-858.556
493,-948.019,-1008.42
494,-1229.6,-1430.41
495,-1671.21,-2053.21
496,-1871.99,-2265.32
497,-1809.87,-2020.38
498,-1627.71,-1883.88
499,-1583.84,-1918.16
500,-156.013,-244.387
501,146.974,384.982
502,-976.33,-1044.58
503,-2107.91,-2444.55
504,-2245.76,-2703.84
505,-1686.04,-1935.28
506,-1328.18,-1555.34
507,-1362.46,-1560.59
508,-1101.6,-1201.53
509,-1044,-1217.2
510,-1621.06,-1875.51
511,-2087.7,-2382.09
512,-2058.06,-2350.67
513,-1869.56,-2205.89
514,-1812.25,-2135.74
515,-1140.87,-1505.13
516,-586.063,-324.056
517,-374.79,-190.975
518,-1736.53,-1954.67
519,-2424.71,-2833.42
520,-2308.95,-2689.54
521,-1686.94,-1980.76
522,-1614.62,-1846.18
523,-1636.41,-1700.21
524,-972.919,-1086.16
525,-1570.03,-1807.46
526,-2036.66,-2350.03
527,-2274.96,-2655.34
528,-2212.03,-2566.49
529,-1990.1,-2312.28
530,-2011.2,-2312.67
531,-906.958,-1100.38
532,127.147,329.137
533,-800.149,-614.596
534,-2305.92,-2599.79
535,-2672.69,-3121.44
536,-2150.67,-2527.77
537,-1590.58,-1808.61
538,-1691.84,-1856.56
539,-1125.48,-1344.85
540,-1277.4,-1456.89
541,-1658.12,-1959.45
542,-2257.61,-2472.18
543,-2347.15,-2656.45
544,-2098.31,-2500.78
545,-1946.18,-2354.94
546,-1970.48,-2237.48
547,-573.74,-365.129
548,-347.288,-159.722
549,-1586.31,-1615.37
550,-2514.12,-2862.11
551,-2678.24,-3111.11
552,-1972.91,-2353.4
553,-1715.08,-1878.29
554,-1716.23,-1900.36
555,-1368.64,-1478.45
556,-1454.18,-1668.27
557,-2102.45,-2357.41
558,-2525.12,-2830.3
559,-2404.41,-2682.83
560,-2174.68,-2455.7
561,-2124.71,-2473.84
562,-1161.17,-1380.89
563,1599.57,4512.36
564,1445.22,4839.15
565,-1497.46,-428.873
566,-2930.91,-3637.54
567,-2536.25,-3120.12
568,-1231.86,-503.973
569,-902.481,365.983
570,-451.923,614.169
571,-377.178,737.003
572,-898.899,264.753
573,-1667.75,-808.432
574,-2087.23,-1620.49
575,-1768.93,-1490.36
576,-1489.82,-995.565
577,-1617.99,-949.668
578,2493.87,8954.96
579,5524.25,16894
580,2895.26,11068.7
581,-1853.7,-758.394
582,-2866.27,-3618.71
583,-1057.77,591.328
584,805.991,5531.07
585,904.314,5967.07
586,1189.73,6008.4
587,1299.14,6262.95
588,357.607,4802.73
589,-720.544,2235.43
590,-1064.42,1345.02
591,-566.023,2316.13
592,-244.019,3083.27
593,-16.4157,3704.96
594,3570.87,19268.6
595,4799.79,22974.9
596,1743.18,11060
597,-1333.08,413.161
598,-1677.69,-175.52
599,109.026,6183.88
600,1092.31,9989.29
601,903.291,9459.62
602,1667.28,10055.8
603,1060.88,9493.13
604,246.662,7330.33
605,-587.512,4673.75
606,-617.402,4318.36
607,-221.634,5570.86
608,-102.033,5956.01
609,7197.68,12371.3
610,23130.9,28508.4
611,20001.3,25673.1
612,3220.55,8497.91
613,-3331.75,1247
614,129.237,4304.4
615,7672.84,11953.7
616,9322.51,13628.8
617,9325.84,13361.8
618,9322.81,13276.3
619,8341.19,12232.5
620,5344.83,8913.8
621,3335.33,6547.73
622,4161.96,7351.16
623,5382.23,8544.15
624,5359.07,8348.14
625,19159.9,21542.7
626,26249.6,29364.8
627,16990.4,20418.3
628,3708.72,6388
629,1204.36,3462.49
630,6897.63,9035.91
631,12048.8,14360.9
632,12025.4,14319.6
633,11959,14139.3
634,12010.3,14116.9
635,9989.67,12085.8
636,6942.1,8751.56
637,6079.15,7708.82
638,7228.63,8756.26
639,7843.9,9379.1
640,10275.9,11548.7
641,29222.5,29505.3
642,30138.5,30317.2
643,13827.9,14823.7
644,3358.1,4672.77
645,4412.93,5465.19
646,12512.2,12954.7
647,15524.6,15849.9
648,14740,15266.1
649,15464.4,15795
650,14456,14611.6
651,11333.7,11625.1
652,8394.96,8809.5
653,8544.15,8807.19
654,9901.75,9965.68
655,9953.13,10024.8
656,18217.6,17662.8
657,29767.8,29689.3
658,24808.8,25100.6
659,9882.18,9989.81
660,4869.71,4741.17
661,8496.22,8237.73
662,14675.2,14399.7
663,15315.2,15102.6
664,15281.2,14931.7
665,14972.2,14742.6
666,13616.9,13294.8
667,10478.6,10137.9
668,8691.51,8331.53
669,9421.56,9000.43
670,10296.7,9802.8
671,10152.2,9616.27
672,27567.3,26073.7
673,32180.9,31490.3
674,20488.6,20185.5
675,6843.05,6488.17
676,5135.69,4531.06
677,12146.6,11020.3
678,16993.5,16010.3
679,16669.9,15684.3
680,16611.6,15617
681,16282.2,15290
682,13633.4,12711.6
683,10181.1,9368.98
684,9514.3,8622.11
685,10758.6,9728.34
686,11223,10165.2
687,15014.4,13547.8
688,29645.3,28793.9
689,28660.7,28364.7
690,13826.1,13333.5
691,5969.06,5031.15
692,7666.1,6526.21
693,14369.7,13271.9
694,16196.8,15240.7
695,15842.5,14844.1
696,15743.3,14846.3
697,14655.3,13720.9
698,11676.9,10764.1
699,9297.35,8386.86
700,9577.57,8546.58
701,10600.2,9453.43
702,10375.8,9294.9
703,22635.9,20847.3
704,31927.5,30811.2
705,24978.3,23783.4
706,8963.24,8102.68
707,4854.19,3915.06
708,10174.5,8747.12
709,16415.4,14900.1
710,16617.4,15201.7
711,16355.8,14906.4
712,16382.9,14958.8
713,14290.3,12920.2
714,10751.7,9415.94
715,9267.38,7950.94
716,10285.2,8856.34
717,10980.4,9516.66
718,11431.3,9922.09
719,26959.7,26061
720,29775.3,29240.9
721,17167.8,16378.7
722,6695.44,5392.57
723,6144.77,4662.78
724,12329.4,11006
725,15633.9,14563.2
726,14941.1,13871.5
727,15416.1,14261.4
728,14432.4,13487.8
729,11976.1,10892.9
730,9205,7999.06
731,8795.2,7509.18
732,9685.96,8560.12
733,9861.97,8733.59
734,16351.3,14717.1
735,31659.2,30781.4
736,28512.1,27825.7
737,11687.1,10680.5
738,4407.94,3230.7
739,7396.71,6047.21
740,14756.2,13447
741,16264.8,15093.7
742,15955.1,14710.4
743,15689.3,14422.8
744,14492,13263.4
745,11084.1,9892.21
746,8662.98,7420.46
747,9217.75,7882.76
748,10256.4,8943.52
749,9946.31,8739.27
750,23247.4,21522.7
751,30574.6,29166.3
752,21492.9,20254.4
753,7553.07,6403.93
754,4603.69,3374.11
755,10140,8627.62
756,15206.8,13716.4
757,15025.2,13624.8
758,14762.5,13464.9
759,14709.1,13344.9
760,12490.3,11126.9
761,9190.54,7821.92
762,8145.1,6714.28
763,9054.74,7677.82
764,9490.21,8152.59
765,11620,9980.88
766,29171.3,28025.4
767,29881.6,29309.8
768,14384.9,13504.3
769,4565.32,3255.03
770,5385.55,3820.06
771,12584.8,11089.5
772,15301.2,14034.2
773,14519.4,13406.2
774,15098.3,13932.1
775,13946.5,12668.5
776,10871.9,9670.7
777,8087.28,6791.69
778,8041.23,6682.17
779,9123.18,7756.68
780,9058.54,7843.74
781,16950.6,15349.2
782,27931.9,27684.8
783,22973.1,23044.5
784,8577.79,7749.34
785,3821.58,2376.11
786,7179.43,5751.67
787,12907.6,11889.9
788,13409.3,12572.1
789,13334.6,12460
790,12984.6,12163.8
791,11552.1,10637.7
792,8469.36,7510.84
793,6730.87,5690.15
794,7319.83,6228.66
795,8041.02,6999.23
796,7845.27,6769.7
797,24957.1,23104.2
798,30731.5,29160.1
799,18364.6,17395.1
800,4584.68,3631.05
801,2725.05,1542.83
802,9428.98,7927.38
803,14264.1,12857
804,13960.1,12542.5
805,13889.6,12456
806,13616.2,12129
807,10881.2,9498.73
808,7424.47,6233.02
809,6728.06,5380.48
810,7863.94,6409.48
811,8295.53,6807.44
812,11952.9,10252.1
813,27814.6,26247.6
814,27223.8,25911
815,11384.8,10271.6
816,2945.11,1578.78
817,4530.48,3028.96
818,11549.7,9955.74
819,13576,12072.1
820,13176.8,11606.6
821,13130.8,11639.2
822,12005.1,10491.1
823,8850.12,7434.16
824,6311.53,4939.61
825,6539.85,5130.2
826,7582.15,6070.61
827,7378.93,5815.97
828,19059.2,17196.1
829,28924.4,27702.8
830,21255.5,20553.6
831,5854.23,4613.59
832,1869.56,257.879
833,6771.63,5106.04
834,12585.6,11306
835,12852.2,11531.8
836,12650,11183.2
837,12601.5,11241.1
838,10417.6,9232.52
839,7012.46,5747.83
840,5619.55,4173.62
841,6534.23,5062.36
842,7112.57,5736.09
843,7462.8,6030.35
844,23612.3,22174.3
845,26811.4,25497
846,13711.6,12623.9
847,2789.86,1499.32
848,2197.79,704.47
849,8504.28,7021.6
850,12003.6,10517.8
851,11240.5,9837.43
852,11708.2,10298.9
853,10752.3,9408.04
854,8186.03,6795.74
855,5371.82,3960.83
856,4866.6,3522.56
857,5833.81,4462.88
858,6016.34,4562.27
859,12359.2,10264.2
860,28091,26483.4
861,24990.8,23661.3
862,7708.35,6571.46
863,473.157,-881.74
864,3398.44,1808.22
865,10627,8951.63
866,12090.5,10526.5
867,11797.5,10259.6
868,11582.6,9980.84
869,10229.5,8784.86
870,6872.18,5463.91
871,4553.76,3041.39
872,5063.5,3472.95
873,5969.91,4499.38
874,5649.65,4247.06
875,19105.5,16724.6
876,26759.6,24278.8
877,17432.3,15585.7
878,3360.62,1964.96
879,367.712,-1106.4
880,5791.08,4017.36
881,10884.5,8943.99
882,10726,8887.12
883,10554.5,8714.76
884,10445.4,8567.5
885,8192,6418.23
886,4917.89,3232.41
887,3825.5,2115.84
888,4648.42,3010.52
889,5134.37,3417.1
890,7131.59,5201.46
891,24983.1,22749
892,26052.9,24146.7
893,10176.1,8718.22
894,211.528,-1401.6
895,907.129,-913.548
896,8081.78,6080
897,10830,8934.98
898,10126.7,8387.8
899,10715.2,8926.66
900,9491.57,7593.16
901,6415.95,4768.7
902,3633.08,1923.84
903,3572.91,1781.58
904,4709.52,2839.48
905,4528.18,2918.98
906,12267,10235.4
907,24238.5,22167.6
908,19359.6,17585.9
909,4313.37,2694.19
910,-920.474,-2509.15
911,2589.51,762.834
912,8526.33,6694.38
913,9066.51,7335.36
914,8999.36,7283.53
915,8678.89,6940.39
916,7242.11,5458.74
917,4146.74,2425.6
918,2256.93,617.073
919,2818.05,1183.68
920,3594.87,1874.27
921,3402.7,1601.58
922,19735.1,18580.4
923,25275.3,24841.1
924,13272.4,12618.2
925,88.7302,-1539.29
926,-1779.42,-3640.06
927,4581.95,3018.29
928,9117.89,7954.87
929,8843.51,7677.05
930,8793.03,7663.01
931,8410.99,7335.19
932,5792.62,4670.16
933,2511.95,1255.49
934,1826.62,445.609
935,2886.35,1533.82
936,3195.74,1953.05
937,6919.46,5207.95
938,22651.9,20108.7
939,22028.2,19597.7
940,6297.97,4846.67
941,-2058.4,-3272.45
942,-491.662,-1888.92
943,6382.01,4580.38
944,8367.12,6481.29
945,8080.33,6109.12
946,7980.26,6044.95
947,6777.95,4900.8
948,3767.13,2039.76
949,1268.23,-296.304
950,1457.55,-192.47
951,2455.32,647.813
952,2248.7,417.601
953,13806.6,11779.2
954,23869.7,22112
955,16256.3,14938
956,783.35,-729.916
957,-3325.44,-4990.21
958,1582.22,-245.839
959,7371.98,5777.72
960,7646.78,6100.92
961,7515.37,5843.94
962,7391,5845.48
963,5262.75,3826.42
964,1937.4,416.875
965,502.278,-1143.8
966,1307.93,-303.221
967,1942.17,344.977
968,2320.54,751.733
969,17492.5,16115.6
970,20442,19208.5
971,8146.25,6847.49
972,-2240.98,-3772.03
973,-2959.69,-4507.37
974,3008.98,1479.64
975,6246.16,4832.62
976,5614.65,4223.66
977,6020.65,4599.8
978,5089.34,3732.79
979,2641.52,1241.28
980,-89.7535,-1526.31
981,-569.903,-1960.82
982,286.316,-1120.79
983,432.309,-988.52
984,6733.3,4777.46
985,22975.6,20879.9
986,19889.8,18079.4
987,2443.68,1064.52
988,-4988.12,-6319.86
989,-2139.29,-3677.16
990,5132.02,3475.08
991,6776.03,5094.13
992,6542.62,4829.72
993,6246.37,4513.22
994,4910.05,3383.25
995,1642.64,42.567
996,-759.046,-2414.92
997,-304.096,-1960.73
998,611.987,-888.528
999,351.766,-1115.37
1000,13079.5,10795.7
1001,20109,17785.2
1002,11217.4,9349.34
1003,-2065.06,-3532.81
1004,-4918.88,-6362.04
1005,253.058,-1435.92
1006,5029.35,3193.64
1007,4836.97,3155.81
1008,4675.28,2933.92
1009,4530.48,2750.8
1010,2395.46,675.779
1011,-781.047,-2363.65
1012,-1843.81,-3386.24
1013,-1016.71,-2658.67
1014,-595.272,-2257.93
1015,1409.28,-450.476
1016,18416.9,17499.9
1017,19562.3,18847.9
1018,4272.1,3160.93
1019,-5398.77,-7007.89
1020,-4754.08,-6398.42
1021,2210.32,704.427
1022,4873.08,3593.65
1023,4211.93,3006.76
1024,4723,3590.7
1025,3590.05,2370.43
1026,608.405,-655.199
1027,-2129.18,-3554.5
1028,-2205.25,-3580.07
1029,-1183.08,-2470.47
1030,-1248.92,-2464.7
1031,6679.75,5141.18
1032,18693.6,18182.1
1033,13736.5,13557.9
1034,-1408.9,-2367.96
1035,-6587.31,-7954.83
1036,-3069.61,-4483.24
1037,2905.03,1910.56
1038,3510.02,2698.55
1039,3489.09,2587.58
1040,3192.67,2293.92
1041,1701.22,761.254
1042,-1540.18,-2468.16
1043,-3347.14,-4356.06
1044,-2706.85,-3771.18
1045,-1962.72,-3030.67
1046,-2203.84,-3221.05
1047,14425.8,12959
1048,20120,18869.5
1049,7916.73,7107.59
1050,-5466.65,-6461.27
1051,-7259.5,-8445.05
1052,-856.73,-2114.22
1053,3751.65,2648.08
1054,3511.69,2312.97
1055,3481.37,2313.18
1056,3128.41,1994.2
1057,428.728,-649.734
1058,-2889.64,-3994.9
1059,-3588.52,-4751.11
1060,-2538.68,-3707.09
1061,-2170.54,-3306.1
1062,1389.03,10.7592
1063,17041,15906.5
1064,16510.8,15548.6
1065,896.81,44.3175
1066,-7436.83,-8494.32
1067,-5890.47,-7130
1068,954.883,-259.288
1069,2935.94,1863.43
1070,2630.95,1428.92
1071,2569.08,1397.07
1072,1357.6,290.754
1073,-1668.26,-2758.62
1074,-4126.96,-5169.74
1075,-3969.36,-5069.71
1076,-3025.74,-4173.11
1077,-3140.18,-4394.4
1078,8845.81,7221.45
1079,19195.9,17693.4
1080,11434.5,10297
1081,-4515.65,-5619.96
1082,-8743.27,-9898.01
1083,-3795.95,-4979.58
1084,2392.86,1158.28
1085,2714.69,1451.55
1086,2481.63,1109.26
1087,2376.87,1200.16
1088,286.444,-899.629
1089,-3187.68,-4396.79
1090,-4715.15,-5930.01
1091,-3867.67,-5026.88
1092,-3184.99,-4351.15
1093,-2813.53,-4046.9
1094,12763.9,11759.3
1095,15556.3,15112.6
1096,2862.9,2451.94
1097,-7478.62,-8563.19
1098,-8070.99,-9360.52
1099,-2016.41,-3171.78
1100,1175.45,354.711
1101,601.114,-326.319
1102,1054.36,93.6304
1103,45.7082,-755.747
1104,-2523.71,-3275.66
1105,-5217.47,-6105.66
1106,-5641.85,-6659.76
1107,-4764.35,-5735.45
1108,-4651.92,-5561.25
1109,1495.66,409.147
1110,17291.3,17206.3
1111,14276.1,14278
1112,-2854.84,-3395.46
1113,-10151.2,-11003.4
1114,-7214.43,-8279.4
1115,-98.8354,-832.384
1116,1452.43,869.486
1117,1157.42,634.962
1118,931.56,348.947
1119,-384.128,-923.496
1120,-3702.28,-4328.56
1121,-6006.02,-6835.7
1122,-5571.84,-6348.42
1123,-4645.48,-5263.75
1124,-4891.54,-5502.04
1125,8359.7,6869.09
1126,15760,14400.4
1127,6544.33,5675.51
1128,-7276.51,-7865.68
1129,-10191.9,-10949.5
1130,-4860.89,-5762.52
1131,240.991,-818.85
1132,90.052,-933.017
1133,-170.979,-1119.94
1134,-250.244,-1264.2
1135,-2467.05,-3378.47
1136,-5724.7,-6581.37
1137,-6806.34,-7694.47
1138,-5913.16,-6874.51
1139,-5471.98,-6394.07
1140,-3448.67,-4555.48
1141,13265.5,13173.8
1142,14312.8,14480.2
1143,-833.45,-1070.84
1144,-10345.3,-11240.8
1145,-9652.06,-10705.6
1146,-2740.45,-3597.92
1147,-158.529,-731.923
1148,-883.592,-1287.73
1149,-331.427,-754.594
1150,-1493.53,-2030.71
1151,-4404.4,-4979.23
1152,-7132.27,-7825.76
1153,-7217.67,-7962.47
1154,-6161.35,-6805.82
1155,-6216.44,-6797.58
1156,1869.39,365.385
1157,13445.9,12433
1158,8346.56,7945.73
1159,-6568.29,-6912.6
1160,-11599.6,-12249.8
1161,-8002.94,-8932.85
1162,-2085.91,-2959.5
1163,-1561.33,-2307.03
1164,-1588.57,-2395.45
1165,-1893.95,-2712.12
1166,-3433.66,-4222.42
1167,-6580.7,-7155.92
1168,-8280.56,-9019.94
1169,-7682.43,-8522.46
1170,-6931.06,-7784.86
1171,-7191.32,-7889.76
1172,9741.3,8968.5
1173,15522.5,14733
1174,3091.23,2537.29
1175,-10457.7,-11225.1
1176,-12338.1,-13176.5
1177,-5688.5,-6546.74
1178,-955.608,-1692.35
1179,-1264.1,-2042.92
1180,-1327.88,-1987.46
1181,-1631.34,-2401.17
1182,-4315.93,-5060.82
1183,-7652.67,-8394.84
1184,-8406.38,-9133.94
1185,-7296.26,-8024.89
1186,-6898.82,-7656.05
1187,-3269.16,-4350.55
1188,11308,10791.5
1189,10453.6,10340.9
1190,-4377.92,-4622.52
1191,-12075.7,-12866.3
1192,-10507.5,-11473.8
1193,-4124.52,-4788.39
1194,-2348.73,-2842.68
1195,-2535.06,-3241.37
1196,-2604.09,-3316.86
1197,-3887.37,-4347.09
1198,-6810.82,-7239.81
1199,-9091.11,-9692.56
1200,-8885.25,-9561.66
1201,-7975.4,-8621.47
1202,-8202.92,-8829.87
1203,4045.35,2649.66
1204,14155.7,12547.4
1205,6213.88,5255.39
1206,-9589.68,-10123.2
1207,-13723.7,-14334.2
1208,-8600.77,-9437.84
1209,-2467.48,-3437.94
1210,-2216.51,-3160.85
1211,-2473.96,-3502.75
1212,-2519.07,-3484.56
1213,-4574.66,-5493.54
1214,-8036.8,-8886.18
1215,-9606.78,-10344.4
1216,-8621.88,-9464.66
1217,-7872.9,-8803.05
1218,-7510.68,-8438.39
1219,8600.69,7738.83
1220,11907.7,10856.4
1221,-1102.97,-2035.75
1222,-12213.6,-13083.8
1223,-12978.4,-13775
1224,-6470.65,-7289.13
1225,-2939.61,-3800.04
1226,-3618.75,-4532.6
1227,-3196.8,-4097.67
1228,-4096.77,-4938.08
1229,-6656,-7478.48
1230,-9572.24,-10340.2
1231,-10022.3,-10818.1
1232,-8988.78,-9783.63
1233,-8834.86,-9640.13
1234,-2565.42,-3574.86
1235,13242.8,12801.2
1236,10150.1,9862.45
1237,-7103.36,-7606.31
1238,-14536.1,-15167.3
1239,-11477.2,-12311.6
1240,-4136.25,-4896.19
1241,-2659.18,-3228.35
1242,-3014.14,-3548.05
1243,-3284,-3827.28
1244,-4524.17,-4982.56
1245,-7826.76,-8360.35
1246,-10190.5,-10896.4
1247,-9747.96,-10325.3
1248,-8750.82,-9286.96
1249,-8977.1,-9507.31
1250,3666.29,3441.01
1251,10174.8,11097.4
1252,1287.85,2060.85
1253,-11516.7,-11910
1254,-14200.9,-14983.5
1255,-9042.16,-9536.6
1256,-4461.54,-4387.05
1257,-4595.72,-4530.68
1258,-4822.77,-4717.64
1259,-4952.09,-4839.15
1260,-7119.05,-6928.78
1261,-10201.2,-10303.8
1262,-11149,-11438.5
1263,-10274.6,-10470
1264,-9947.71,-9922.43
1265,-7805.95,-8035.91
1266,9504.28,9470.59
1267,10607.7,10810
1268,-4979.42,-4731.69
1269,-14825.1,-14902.3
1270,-14023.1,-14326.9
1271,-6823.48,-7105.79
1272,-4111.01,-4254.27
1273,-4789.98,-4806.28
1274,-4264.42,-4354.99
1275,-5455.73,-5539.14
1276,-8353.94,-8509.05
1277,-11124.1,-11352.8
1278,-11255.2,-11384.9
1279,-10133.9,-10317.7
1280,-10100.1,-10304.8
1281,-2229.21,-2916.21
1282,8924.1,8870.3
1283,4031.06,4301.83
1284,-10492.4,-10516.3
1285,-15512.1,-15798.6
1286,-12021.2,-12318.1
1287,-6114.45,-6295.06
1288,-5604.2,-5707.36
1289,-5653.75,-5909.26
1290,-5967.35,-6098.06
1291,-7421.19,-7507.17
1292,-10505.6,-10650.3
1293,-12271.6,-12498.2
1294,-11620.4,-11859.4
1295,-10904.3,-11037.8
1296,-11067.1,-11245.5
1297,5635.11,5380.01
1298,10987.7,11171.1
1299,-1326.6,-820.43
1300,-14414.4,-14559.2
1301,-16160,-16503.7
1302,-9540.82,-9893.66
1303,-5020.57,-5015.14
1304,-5297.25,-5318.96
1305,-5336.6,-5320.88
1306,-5694.29,-5706.93
1307,-8287.42,-8363.51
1308,-11566.7,-11673.9
1309,-12262.8,-12363.4
1310,-11167.3,-11275.5
1311,-10767.4,-10879.7
1312,-6844.38,-7251.81
1313,6802.55,6776.49
1314,5503.79,5796.21
1315,-8816.52,-8692.3
1316,-15948.6,-16108.5
1317,-14149.9,-14421.9
1318,-7917.96,-8022.2
1319,-6416.42,-6403.54
1320,-6652.42,-6840.36
1321,-6772.74,-6919.56
1322,-7917.41,-7985.18
1323,-10814.1,-10812.3
1324,-13019.2,-13048.4
1325,-12699.1,-12831.4
1326,-11771,-11974.3
1327,-12033.2,-12147
1328,-6833.03,-6974.63
1329,-3292.06,-3358.27
1330,-7310.67,-7222.74
1331,-14337.9,-14295
1332,-16287.2,-16369.7
1333,-13923.4,-14157.8
1334,-11539.8,-11627.1
1335,-11783,-11784.2
1336,-11868.9,-12024.1
1337,-12004.9,-12085.9
1338,-13432.1,-13459.8
1339,-15333.4,-15409.4
1340,-16086.8,-16134.1
1341,-15657.3,-15806.2
1342,-15537.5,-15623.3
1343,-15168.2,-15324.9
1344,-972.024,-341.134
1345,3569.97,5051.99
1346,-7351.05,-6250.82
1347,-18364.4,-18352
1348,-19484.2,-19789.5
1349,-13713.8,-13647.4
1350,-9894.54,-9331.28
1351,-10252.2,-9723.22
1352,-9674.36,-9263.95
1353,-10525,-9887.94
1354,-12768.5,-12210.7
1355,-15467.9,-15150.9
1356,-15936.4,-15767.4
1357,-14974.8,-14602.2
1358,-14703.9,-14251.8
1359,-12361.3,-12210.5
1360,-4577.73,-4201.8
1361,-5896.06,-5343.34
1362,-14560.1,-13975.8
1363,-18629,-18243.6
1364,-17398,-17289.6
1365,-13868.9,-13681.3
1366,-13169.4,-12803.5
1367,-13228,-12915.2
1368,-13585.8,-13320.1
1369,-14346,-14048.5
1370,-16199.5,-15863.2
1371,-17534.6,-17324.4
1372,-17331.2,-17212.6
1373,-16917.7,-16651.7
1374,-17118.2,-16779.4
1375,-7472.39,-7926.78
1376,-19.7415,-338.145
1377,-6120.08,-6093.06
1378,-18014.1,-17763.3
1379,-21060.5,-20828.1
1380,-16987.5,-16962.8
1381,-12350.3,-12363
1382,-12131.6,-12199.5
1383,-12299.1,-12280.5
1384,-12281.3,-12263
1385,-13942,-13896.8
1386,-16570.2,-16577.4
1387,-17559.2,-17546.9
1388,-16869.9,-16785.2
1389,-16315.9,-16234.4
1390,-15557.9,-15709.4
1391,-3823.88,-4037.08
1392,-2328.09,-2309.85
1393,-12359.2,-12155.3
1394,-19734.9,-19631.9
1395,-19685.7,-19773.9
1396,-14776.2,-14963
1397,-12595.2,-12697.3
1398,-13134.4,-13045.4
1399,-12678.8,-12661.5
1400,-13517.9,-13561.9
1401,-15529.4,-15487
1402,-17516.7,-17535.1
1403,-17665.9,-17718.5
1404,-16859.2,-16895.7
1405,-16854.8,-16748.9
1406,-11821.2,-12119.4
1407,-1649.59,-1585.18
1408,-4347.27,-4050.15
1409,-16201.8,-16030.7
1410,-20771.9,-20815.3
1411,-18498.5,-18546.8
1412,-13491.4,-13432.5
1413,-12716.7,-12658.5
1414,-12725.5,-12662.5
1415,-12897.9,-12807.6
1416,-13951.1,-13875.1
1417,-16431.6,-16298.4
1418,-17923.4,-17809.2
1419,-17399.7,-17379.1
1420,-16697.2,-16619.4
1421,-16838.7,-16759.7
1422,-6087.16,-6496.23
1423,-1595.27,-1747.81
1424,-9364.3,-8950.69
1425,-19058.2,-18818.8
1426,-20720.7,-20766.5
1427,-16251.8,-16422.8
1428,-12715.8,-12678.2
1429,-12927.7,-12848.5
1430,-12898.1,-12805.8
1431,-13127.5,-13083.8
1432,-14976.6,-14880.4
1433,-17353.3,-17194.6
1434,-17903.1,-17840.5
1435,-17125.1,-17099
1436,-16706.1,-16681.4
1437,-15006,-15004.3
1438,-974.54,-746.866
1439,-617.913,-277.134
1440,-13087.8,-12700.9
1441,-20563.3,-20455.2
1442,-19729.3,-19748.5
1443,-13919.3,-13824
1444,-11803.4,-11609.8
1445,-11964,-11859.6
1446,-12106.5,-11910.9
1447,-12783.7,-12612.6
1448,-15229.7,-14985.9
1449,-17368,-17157.8
1450,-17228.3,-17032.5
1451,-16223.5,-16054.9
1452,-16234.6,-16116.4
1453,-8839.89,-9173.56
1454,-1177.92,-1249.77
1455,-5785.67,-5263.58
1456,-17052.6,-16634.6
1457,-20466.9,-20336.7
1458,-17229.2,-17210
1459,-12641.6,-12456
1460,-12262.2,-12129.9
1461,-12518.3,-12444.7
1462,-12498.1,-12319.3
1463,-13941.8,-13614.8
1464,-16422.9,-16192.5
1465,-17601.5,-17439.3
1466,-16909.1,-16766.5
1467,-16264.8,-16136.5
1468,-16284.8,-16079.5
1469,-3944.17,-3736.81
1470,-124.887,174.41
1471,-9641.02,-9243.84
1472,-19276.1,-18982.7
1473,-20279.5,-20132.2
1474,-15161.4,-14956.1
1475,-11802.3,-11557.7
1476,-12298.7,-12026.8
1477,-11744.6,-11540.4
1478,-12549.5,-12251.5
1479,-14465.2,-14146.6
1480,-16797.8,-16502.5
1481,-17280.9,-16993.6
1482,-16349.9,-16081.5
1483,-16053.8,-15819.8
1484,-12219.7,-12389.5
1485,281.199,470.287
1486,-1100.32,-740.291
1487,-14116.9,-13569.2
1488,-20281.6,-19959.6
1489,-18479.3,-18292.3
1490,-12619.2,-12499.3
1491,-11154.6,-10957.7
1492,-11418.8,-11151.8
1493,-11657.9,-11448.1
1494,-12499.1,-12123.3
1495,-14964,-14659.8
1496,-16882.7,-16708.1
1497,-16536.4,-16304.9
1498,-15646.6,-15329.7
1499,-15768.6,-15444
1500,-4173.22,-3917.92
1501,4600.5,6115.35
1502,-3756.56,-2417.01
1503,-16558,-15955.2
1504,-20836,-20642.2
1505,-15305,-14898.4
1506,-9731.75,-9177.45
1507,-9923.45,-9100.08
1508,-9980.84,-9286.58
1509,-9981.1,-9153.07
1510,-11988.4,-11185.1
1511,-14515.9,-13804.2
1512,-16259.1,-15730
1513,-14667.4,-13968.3
1514,-14752.4,-14111.5
1515,-13508.1,-12984.7
1516,-11560.3,-11109.9
1517,-10624.9,-9982.08
1518,-14944.1,-14352.7
1519,-17118.9,-16584.6
1520,-17858.3,-17267
1521,-15793.2,-15251.7
1522,-15791.5,-15308.5
1523,-15858.7,-15285.1
1524,-15836.6,-15234.7
1525,-16411.6,-15907.1
1526,-17566.9,-16994.7
1527,-18279,-17819.5
1528,-18571.6,-18046.4
1529,-18297.2,-17809.1
1530,-18476.1,-17833.4
1531,-18579.4,-17968.9
1532,-18605.5,-18016.9
1533,-19181.3,-18615.6
1534,-19710.8,-19209.6
1535,-20228.4,-19679.8
1536,-20195,-19623.4
1537,-20246.4,-19715
1538,-20528.4,-19980
1539,-20340.5,-19778.6
1540,-20509.6,-19945.9
1541,-21025.1,-20559
1542,-21431.6,-20925.6
1543,-21781.6,-21157
1544,-21678.7,-21078
1545,-21769.6,-21280.8
1546,-21794.2,-21371.2
1547,-21862.5,-21367.8
1548,-22043.9,-21416.7
1549,-22496.6,-21859.4
1550,-22686.5,-22153.5
1551,-22902.8,-22426.4
1552,-22806,-22310.1
1553,-22989.9,-22420.3
1554,-23062.3,-22493.8
1555,-22681.2,-22145.8
1556,-22974.2,-22404.7
1557,-23541.7,-22966.6
1558,-23808.1,-23266
1559,-23676.6,-23187.2
1560,-23676.6,-23164.6
1561,-23804.6,-23180.3
1562,-23649.9,-23025.4
1563,-23612.3,-23185.8
1564,-23858.7,-23355.1
1565,-24251.2,-23607.8
1566,-24334.5,-23852.1
1567,-24307,-23843.4
1568,-24329.3,-23796.4
1569,-24509.3,-23874.4
1570,-23940.3,-23474.7
1571,-24050.9,-23549.7
1572,-24471.8,-23944.1
1573,-24745.3,-24198.3
1574,-24832.9,-24193.6
1575,-24721.5,-24139.2
1576,-24596.2,-24135
1577,-24624.6,-24193.3
1578,-24509.5,-23814.1
1579,-24441.9,-23940.2
1580,-24805.5,-24182.7
1581,-24976.3,-24404.7
1582,-25099.8,-24548.9
1583,-24904.6,-24420
1584,-24944.1,-24354.2
1585,-24907.8,-24296.6
1586,-24608.2,-24130.3
1587,-24553.4,-23982
1588,-24992.3,-24362.1
1589,-25244.9,-24649.4
1590,-25146.1,-24629.8
1591,-24994.5,-24446.1
1592,-24953.3,-24383.6
1593,-24675,-24067.5
1594,-24819.1,-24313.6
1595,-24684.3,-24148.8
1596,-25018.5,-24491.6
1597,-25218.8,-24615.6
1598,-25230.1,-24589.5
1599,-25013.9,-24398.4
1600,-24987.4,-24407.1
1601,-25011.7,-24508.2
1602,-24246.9,-23690.1
1603,-24851.1,-24197.9
1604,-25054.5,-24484.6
1605,-25123.2,-24577.6
1606,-25065.2,-24388.5
1607,-24937.5,-24317.1
1608,-24861.8,-24334.5
1609,-24661.3,-24132.3
1610,-24534.8,-23823.6
1611,-24701.6,-24073.5
1612,-24952.9,-24393.8
1613,-25056.2,-24487.3
1614,-24906.6,-24298.6
1615,-24842,-24195.7
1616,-24792.5,-24202.3
1617,-24276.3,-23716.7
1618,-24480.4,-23891.1
1619,-24679,-23969.3
1620,-24785.1,-24221.9
1621,-24847.1,-24282.1
1622,-24696.5,-24107.8
1623,-24597,-23906.1
1624,-24503.4,-23817.7
1625,-24177.8,-23631.2
1626,-24205,-23591.8
1627,-24444.9,-23924.3
1628,-24602.8,-23965.2
1629,-24691.1,-23997
1630,-24410.7,-23754.2
1631,-24311.6,-23768.6
1632,-24308.1,-23658.9
1633,-24035.2,-23344.6
1634,-23896.9,-23270
1635,-24200.5,-23645.5
1636,-24441,-23792.3
1637,-24303.9,-23599.1
1638,-24125.6,-23505.2
1639,-24055.1,-23432.9
1640,-23530.6,-22919.2
1641,-24026,-23317.3
1642,-23705.8,-23020.5
1643,-23973.7,-23368.6
1644,-24108.6,-23458.7
1645,-23973.6,-23248.4
1646,-23742.4,-23188.5
1647,-23764.5,-23208.8
1648,-23592.3,-22881.7
1649,-23061.7,-22265.8
1650,-23460.2,-22824.2
1651,-23690.7,-23093.8
1652,-23708.4,-23086.7
1653,-23552.5,-22894.8
1654,-23415.5,-22723.6
1655,-23370.8,-22591.7
1656,-23093.7,-22395.6
1657,-22832.3,-22223.7
1658,-23152.4,-22457.9
1659,-23343.3,-22658.7
1660,-23342.6,-22624.1
1661,-23133.5,-22513.2
1662,-23088.8,-22380.7
1663,-23082.8,-22369.5
1664,-22464,-21829.9
1665,-22518.9,-21850
1666,-22806.3,-22172.1
1667,-22980.8,-22266.1
1668,-22893.8,-22171.2
1669,-22755.7,-22043
1670,-22611.4,-21948.8
1671,-22355.9,-21765
1672,-22203.5,-21521.9
1673,-22277.9,-21502.4
1674,-22512.4,-21727
1675,-22499,-21788.4
1676,-22472.3,-21815
1677,-22274.9,-21605.4
1678,-22245.9,-21527.1
1679,-22157,-21435.4
1680,-21570.2,-20801.8
1681,-21733.9,-21008.7
1682,-22125.5,-21408.4
1683,-22241.6,-21536.4
1684,-21975.2,-21289
1685,-21788.8,-21082.3
1686,-21737.7,-20948.5
1687,-21500.3,-20788.9
1688,-21334.1,-20710.1
1689,-21398.7,-20648.9
1690,-21693.1,-20891.8
1691,-21716.7,-21017.6
1692,-21512.5,-20834.9
1693,-21376.2,-20611
1694,-21431.8,-20656.2
1695,-20764.6,-20150.5
1696,-20789.8,-20085.7
1697,-21038.9,-20332.7
1698,-21273.3,-20539.8
1699,-21242.2,-20404
1700,-20969.4,-20251.9
1701,-20802.6,-20153.5
1702,-20710.1,-20120.5
1703,-20461.5,-19573.9
1704,-20339,-19589.7
1705,-20576.8,-19824.7
1706,-20727,-19961.3
1707,-20697.2,-19987.9
1708,-20484,-19748.2
1709,-20420.5,-19624
1710,-20269.2,-19528.4
1711,-19917.2,-19245.2
1712,-19796.1,-18964.4
1713,-20164.9,-19382.3
1714,-20343,-19601.1
1715,-20114.8,-19449.7
1716,-19942.2,-19154.2
1717,-19900.4,-19058.8
1718,-19440.4,-18787.5
1719,-19587.5,-18917.6
1720,-19383.7,-18648.4
1721,-19726.9,-18974.4
1722,-19759.6,-19026.8
1723,-19701.6,-18927.3
1724,-19504.4,-18704.1
1725,-19408.7,-18622.4
1726,-19302.1,-18657.9
1727,-18458.5,-17786.8
1728,-19066.5,-18305.3
1729,-19266.3,-18476.1
1730,-19224.5,-18443.7
1731,-19068.6,-18352.7
1732,-18916.5,-18180
1733,-18812.3,-18069.9
1734,-18616.2,-17775
1735,-18353.4,-17548
1736,-18457.8,-17776.8
1737,-18721.9,-17990.9
1738,-18812,-17952.4
1739,-18543.5,-17822.4
1740,-18420.1,-17673.1
1741,-18325.1,-17618
1742,-17841.7,-17065.2
1743,-17938.2,-17138.7
1744,-18080.4,-17278.5
1745,-18178.9,-17473.4
1746,-18187.7,-17495.5
1747,-18019.9,-17188.5
1748,-17833,-17030.2
1749,-17760.1,-16958.7
1750,-17334,-16628.9
1751,-17324.2,-16504.5
1752,-17553.9,-16893.2
1753,-17693.4,-16892.7
1754,-17679.7,-16880.6
1755,-17388.8,-16578.7
1756,-17269,-16538.9
1757,-17227.7,-16459.7
1758,-16842.2,-15995.2
1759,-16678.4,-15950.3
1760,-17096.2,-16294.4
1761,-17228.8,-16421.1
1762,-16996.2,-16193.8
1763,-16830,-16049.1
1764,-16719.6,-15937.2
1765,-16196.6,-15417.7
1766,-16590.6,-15721.4
1767,-16213.5,-15461.3
1768,-16555.3,-15759.1
1769,-16613.8,-15795.2
1770,-16442.3,-15643.2
1771,-16231.9,-15505.7
1772,-16211.5,-15474.9
1773,-16008.2,-15104.9
1774,-15421.5,-14541.5
1775,-15825.6,-15048.2
1776,-16025.2,-15242.4
1777,-15998.2,-15236.3
1778,-15841.3,-15056.1
1779,-15651.2,-14783.5
1780,-15560.2,-14714.8
1781,-15277.9,-14484.1
1782,-14985.4,-14209.8
1783,-15322.9,-14422.4
1784,-15472.1,-14669.4
1785,-15399.8,-14636.8
1786,-15187.2,-14395.5
1787,-15077.8,-14241.3
1788,-15097.9,-14276.4
1789,-14473.9,-13722.7
1790,-14437.8,-13638.3
1791,-14762.6,-13987.6
1792,-14929.4,-14068.1
1793,-14775.5,-14000.3
1794,-14602.9,-13788
1795,-14389.9,-13641
1796,-14161.7,-13386.8
1797,-14025.8,-13163.9
1798,-13996.1,-13191.9
1799,-14228.5,-13382
1800,-14210.9,-13394.9
1801,-14224.3,-13435
1802,-13950.6,-13192.8
1803,-13865.7,-13065.4
1804,-13783.5,-12983
1805,-13187.2,-12255.3
1806,-13312.1,-12523.2
1807,-13668.2,-12879.3
1808,-13725.5,-12975
1809,-13528.5,-12694.6
1810,-13307.7,-12472.3
1811,-13179.7,-12438.1
1812,-12946.5,-12159.9
1813,-12766,-11980.7
1814,-12879.5,-11975.8
1815,-13045.3,-12217.1
1816,-13022.3,-12317.2
1817,-12915.2,-12125.5
1818,-12762,-11855.8
1819,-12708.9,-11930.9
1820,-12047.5,-11389.9
1821,-12087.4,-11360.4
1822,-12351.4,-11496.5
1823,-12542.3,-11681.4
1824,-12498.1,-11675.1
1825,-12196.2,-11450.9
1826,-11981.7,-11256.9
1827,-11987.4,-11220.3
1828,-11634.9,-10752.1
1829,-11479.8,-10744.9
1830,-11762.5,-10908.7
1831,-11908.2,-11062.9
1832,-11853.8,-11120.5
1833,-11586.7,-10809.6
1834,-11467,-10707.5
1835,-11390.3,-10554.6
1836,-11026.2,-10188.2
1837,-10807,-9992.97
1838,-11176.8,-10418.7
1839,-11372.5,-10593.5
1840,-11245.5,-10370.8
1841,-10946.1,-10159.3
1842,-10807,-10045.6
1843,-10419.5,-9643.04
1844,-10597.1,-9804.08
1845,-10312.7,-9587.23
1846,-10619.2,-9858.82
1847,-10694.9,-9916.67
1848,-10624.5,-9808.74
1849,-10333,-9529.47
1850,-10295.9,-9456.16
1851,-10241.6,-9537.07
1852,-9265.89,-8657.63
1853,-9893.44,-9065.24
1854,-10112.3,-9263.78
1855,-10089,-9265.83
1856,-9864.49,-9110.16
1857,-9692.82,-8887.03
1858,-9587.98,-8857.62
1859,-9363.4,-8541.8
1860,-9086.59,-8252.8
1861,-9246.23,-8460.64
1862,-9451.66,-8692.98
1863,-9488.63,-8704.85
1864,-9279.92,-8467.08
1865,-9116.27,-8340.49
1866,-9000.46,-8285.33
1867,-8457.72,-7704.34
1868,-8619.88,-7810.09
1869,-8709.88,-7910.13
1870,-8798.32,-8094.44
1871,-8837.12,-8118.82
1872,-8656.16,-7795.87
1873,-8397.3,-7668.47
1874,-8301.28,-7582.78
1875,-7934.38,-7192.68
1876,-7911.95,-7083.55
1877,-8125.95,-7475.36
1878,-8218.01,-7521.64
1879,-8228.5,-7377.76
1880,-7934.51,-7107.16
1881,-7875.45,-7178.33
1882,-7717.86,-7017.84
1883,-7305.04,-6516.47
1884,-7240.48,-6475.44
1885,-7620.48,-6818.46
1886,-7716.37,-6967.2
1887,-7491.03,-6727.56
1888,-7262.19,-6573.09
1889,-7221.55,-6384.2
1890,-6703.54,-5886.33
1891,-7038.76,-6298.56
1892,-6681.92,-5966.26
1893,-6957.41,-6227.77
1894,-7129.46,-6312.65
1895,-6892.94,-6152.45
1896,-6627.77,-5932.87
1897,-6654.12,-5914.13
1898,-6448.31,-5560.02
1899,-5838.8,-5049.3
1900,-6243.73,-5477.32
1901,-6387.55,-5699.2
1902,-6404.31,-5686.05
1903,-6278.27,-5461.09
1904,-6035.27,-5304.96
1905,-5922.41,-5222.64
1906,-5652.89,-4911.22
1907,-5469.25,-4606.04
1908,-5682.53,-4915.75
1909,-5780.08,-5146.73
1910,-5799.14,-5038.79
1911,-5610.17,-4781.77
1912,-5413.22,-4743.39
1913,-5442.94,-4743.69
1914,-4838.63,-4142.92
1915,-4856.75,-4029.74
1916,-5071.44,-4376.04
1917,-5254.86,-4534.09
1918,-5160.76,-4447.21
1919,-4943.86,-4222.55
1920,-4788.49,-4023.2
1921,-4522.81,-3790.99
1922,-4371.06,-3644.2
1923,-4346.03,-3630.15
1924,-4597.6,-3787.31
1925,-4584.63,-3889.57
1926,-4570.18,-3835.39
1927,-4262.12,-3610.73
1928,-4276.49,-3550.61
1929,-4126.87,-3389.78
1930,-3492.54,-2686.63
1931,-3704.37,-2998.82
1932,-4023.9,-3347.43
1933,-4135.53,-3354.26
1934,-3872.02,-3101.16
1935,-3675.8,-2975.72
1936,-3577.22,-2907.03
1937,-3298.84,-2546
1938,-3077.93,-2408.73
1939,-3236.75,-2469.36
1940,-3433.96,-2705.08
1941,-3421.55,-2772.11
1942,-3198.81,-2561.2
1943,-3122.27,-2354.29
1944,-3144.36,-2373.81
1945,-2416.05,-1852.07
1946,-2450.46,-1812.28
1947,-2718.1,-1994.55
1948,-2958.62,-2210.8
1949,-2822.57,-2155.85
1950,-2585.11,-1862.36
1951,-2432.13,-1724.93
1952,-2334.19,-1697.56
1953,-1981.31,-1233.25
1954,-1944.47,-1213.61
1955,-2121.81,-1408.98
1956,-2227.38,-1545.86
1957,-2274.54,-1569.22
1958,-2036.27,-1335.85
1959,-1880.47,-1202.17
1960,-1717.64,-1050.9
1961,-1455.07,-732.563
1962,-1246.44,-497.313
1963,-1557.11,-912.352
1964,-1786.07,-1101.19
1965,-1705.4,-877.513
1966,-1317.14,-686.367
1967,-1198.18,-608.833
1968,-808.592,-218.556
1969,-1094.78,-330.033
1970,-760.922,-43.8906
1971,-1004.81,-423.835
1972,-1131.66,-490.652
1973,-1032.44,-349.929
1974,-818.91,-44.1041
1975,-745.999,-38.7672
1976,-664.304,-57.4676
1977,260.775,809.414
1978,-354.324,359.536
1979,-548.37,113.569
1980,-559.584,119.717
1981,-327.973,318.933
1982,-179.592,564.387
1983,-102.161,611.053
1984,150.3,844.809
1985,442.67,1102.73
1986,306.526,918.458
1987,19.9973,728.55
1988,-5.11659,691.448
1989,237.58,891.474
1990,365.239,991.039
1991,456.016,1118.19
1992,1024.09,1619.26
1993,878.433,1525.97
1994,745.061,1414.4
1995,618.34,1303.74
1996,623.03,1257.71
1997,816.65,1451.08
1998,978.249,1646.49
1999,1122.92,1795.2
2000,1535.1,2172.5
2001,1513.02,2177.07
2002,1277.91,1836.96
2003,1168.71,1811.47
2004,1183.42,1897.59
2005,1482.92,2133.43
2006,1546.19,2147.22
2007,1661.36,2275.27
2008,2009.67,2725.02
2009,2156.94,2791.28
2010,1806.5,2406.9
2011,1651.29,2243.97
2012,1872.46,2499.12
2013,2010.69,2683.43
2014,2139.59,2798.62
2015,2684.93,3267.97
2016,2314.15,2904.64
2017,2594.79,3270.19
2018,2307.11,2918
2019,2229.3,2890.72
2020,2434.73,3018.89
2021,2583.15,3218.91
2022,2657.3,3204.74
2023,2890.83,3528.58
2024,3409.06,4055.48
2025,2960.5,3594.97
2026,2783.42,3411.85
2027,2894.67,3422.31
2028,2984.12,3549.16
2029,3134.42,3740.52
2030,3232.66,3868.05
2031,3553.3,4110.35
2032,3762.65,4387.05
2033,3484.06,4114.96
2034,3314.1,3865.36
2035,3372.73,3914.93
2036,3585.79,4171.83
2037,3661.26,4266.44
2038,3649.92,4209.57
2039,4262.84,4800
2040,4289.45,4880.4
2041,3970.94,4528.16
2042,3814.03,4342.91
2043,3918.54,4453.66
2044,4090.76,4680.54
2045,4229.97,4884.66
2046,4510.15,4989.52
2047,4657.97,5148.69
2048,4639.77,5228.96
2049,4358.23,5060.74
2050,4389.69,4965.19
2051,4436.85,4913.91
2052,4645.69,5166.58
2053,4676.43,5272.59
2054,4779.15,5325.71
2055,5407.89,6023.9
2056,5202.29,5782.63
2057,4853.89,5363.06
2058,4752.5,5346.84
2059,5019.8,5548.92
2060,5195.38,5713.04
2061,5329.87,5801.71
2062,5492.44,6085.93
2063,5704.36,6270.38
2064,5615.71,6151.17
2065,5391.39,5903.37
2066,5347.43,5870.37
2067,5482.55,6018.39
2068,5654.9,6219.44
2069,5667.56,6205.35
2070,6259.38,6688.23
2071,6172.61,6728.71
2072,6007.69,6491.24
2073,5802.04,6290.32
2074,5827.79,6374.9
2075,5997.37,6607.37
2076,6199.64,6724.91
2077,6324.49,6710.01
2078,6617.07,7186.53
2079,6686.19,7180.51
2080,6381.79,6982.28
2081,6302.15,6830.79
2082,6312.46,6786.52
2083,6534.27,6989.32
2084,6616.77,7162.66
2085,6786.81,7259.32
2086,7059.49,7565.92
2087,7256.56,7748.7
2088,6826.81,7396.55
2089,6668.79,7233.92
2090,6812.44,7321.1
2091,7080.59,7511.95
2092,7211.53,7634.4
2093,7535.71,8025.92
2094,7353.26,7865.13
2095,7635.06,8075.61
2096,7299.97,7721.5
2097,7236.39,7708.86
2098,7287.52,7762.36
2099,7484.03,7986.68
2100,7570.5,8040.52
2101,7620.22,8030.01
2102,8513.19,8890.71
2103,7861.64,8367.39
2104,7691.38,8156.39
2105,7692.49,8186.07
2106,7811.45,8306.94
2107,7995.78,8464.82
2108,8108.64,8549.06
2109,8285.04,8762.92
2110,8506.2,9001.67
2111,8405.92,8790.16
2112,8134.82,8644.31
2113,8073.68,8550.64
2114,8264.95,8726.67
2115,8481.39,8911.92
2116,8474.48,8960.17
2117,8987.33,9420
2118,8864.06,9267.11
2119,8735.3,9249.56
2120,8589.47,9059.99
2121,8537.54,8937.37
2122,8793.97,9176.68
2123,8926.36,9394
2124,8977.78,9450.91
2125,9408.47,9812.02
2126,9393.67,9810.27
2127,9103.86,9446
2128,9008.69,9410.22
2129,8991.94,9454.07
2130,9236.04,9702.55
2131,9291.34,9676.98
2132,9414.05,9799.77
2133,9799.5,10203.5
2134,9850.03,10276.1
2135,9464.54,9908.34
2136,9334.49,9712.37
2137,9515.79,9888.19
2138,9630.02,10124
2139,9748.21,10192.1
2140,10293.5,10637.4
2141,9907.12,10221.6
2142,10175.7,10608.1
2143,9852.55,10292
2144,9735.59,10144.1
2145,9920.17,10308.2
2146,10127.4,10482.6
2147,10069.1,10455.1
2148,10294.4,10759
2149,10889.4,11328
2150,10406.6,10763.1
2151,10179.5,10575.8
2152,10267.2,10558.6
2153,10348.5,10702.3
2154,10552.2,10865.7
2155,10536.8,11017.2
2156,10820.5,11244.7
2157,11078.6,11418.6
2158,10791.5,11111.7
2159,10605.2,10921.5
2160,10561.2,10987.9
2161,10768.8,11110.7
2162,10923.8,11213.9
2163,10846.6,11176.7
2164,11390.7,11837.2
2165,11429.2,11730.9
2166,11151.8,11405.9
2167,10959.4,11247.2
2168,10957.3,11383.2
2169,11165,11538.6
2170,11327.4,11620.2
2171,11560.3,11825.5
2172,11712.1,12012.5
2173,11613.3,12012.4
2174,11377.6,11763.5
2175,11379.5,11704.9
2176,11369.7,11632.3
2177,11579.7,11871.3
2178,11627.5,11904.5
2179,11669.1,12012.8
2180,12246.6,12612.2
2181,12042.6,12369.5
2182,11749.4,12043.5
2183,11566.7,11904.5
2184,11765.3,12050.9
2185,11984.8,12196.3
2186,12052,12363.2
2187,12249.3,12608
2188,12378.8,12641.7
2189,12313.3,12558
2190,12061.8,12395.4
2191,12001,12241.8
2192,12117.9,12396
2193,12292.3,12581
2194,12205.6,12565
2195,12847.5,13027.9
2196,12807.1,13037
2197,12520.5,12803.4
2198,12278.9,12566.9
2199,12288.9,12620.9
2200,12512.5,12830.2
2201,12712.2,12939.7
2202,12747.6,12895.4
2203,12975.7,13354.1
2204,13057.9,13334.1
2205,12783.9,13163
2206,12684.7,12920.1
2207,12599.7,12828.3
2208,12872.3,13108.5
2209,12931.5,13210.7
2210,13016.3,13257.3
2211,13289.4,13530.4
2212,13422.9,13771.1
2213,13121.7,13341.4
2214,12871.5,13089.5
2215,12948.4,13226.8
2216,13184.5,13461.5
2217,13325.8,13467.5
2218,13631,13867.5
2219,13428.1,13700.2
2220,13658.5,13880.1
2221,13413.7,13506.9
2222,13215.1,13482.7
2223,13191.2,13562.4
2224,13479.4,13718.5
2225,13562.4,13709.9
2226,13535.6,13690.1
2227,14338.1,14558
2228,13768.6,13977.4
2229,13554.1,13762.9
2230,13511.4,13774
2231,13622,13907.6
2232,13820,13974.1
2233,13870.1,14013.4
2234,14049.5,14278.3
2235,14212.4,14518.2
2236,14062.3,14265
2237,13838.2,14007.2
2238,13751.5,13983.9
2239,13916.7,14121.8
2240,13985.4,14182.3
2241,14056.1,14254.4
2242,14580.3,14766.2
2243,14400.5,14523.2
2244,14198.5,14484.8
2245,14095.3,14256.9
2246,14046.2,14168.5
2247,14239.3,14320.4
2248,14306.8,14562.7
2249,14385.2,14635.1
2250,14777,14844.4
2251,14746.9,14865.8
2252,14483.2,14534.1
2253,14288.4,14454.6
2254,14213.5,14441.8
2255,14506.9,14702.7
2256,14540.6,14634.1
2257,14590.5,14732.5
2258,14939.2,15068.9
2259,15020.2,15151.4
2260,14618.6,14737.1
2261,14424.9,14567.7
2262,14613.1,14788.7
2263,14711.5,14852.7
2264,14763.4,14877.7
2265,15302.1,15393.1
2266,14800.2,15003.3
2267,15098.3,15278.2
2268,14830.3,14878
2269,14677.4,14798.6
2270,14767,14954.7
2271,14973.7,15018
2272,14951,15003.3
2273,15098.1,15276.4
2274,15595.4,15836.9
2275,15179.8,15281.4
2276,14971.5,15024.8
2277,14955.1,14967
2278,15000.9,15102.5
2279,15161.7,15303.8
2280,15175.2,15383.4
2281,15452.3,15480.8
2282,15668.1,15696.9
2283,15309.5,15463.2
2284,15123.3,15174
2285,15109.4,15215.8
2286,15264.7,15352
2287,15289.8,15413.7
2288,15298,15343.3
2289,15844.2,15906.5
2290,15722.3,15885.7
2291,15478.7,15499.5
2292,15265.3,15307.9
2293,15288.2,15419
2294,15432,15573
2295,15586.7,15599.1
2296,15750.7,15753.3
2297,15877.8,15980.4
2298,15807.2,15952.3
2299,15508.4,15606.5
2300,15454.3,15534.7
2301,15539.2,15527.9
2302,15672.6,15699.5
2303,15593.8,15701.2
2304,15699.6,15772.5
2305,16241.6,16357.7
2306,16050.7,16119.2
2307,15605.5,15650.9
2308,15498.4,15550.6
2309,15736.6,15778.5
2310,15807.8,15856.5
2311,15821.3,15928.7
2312,16112.9,16123.2
2313,16184.8,16157.2
2314,16099.8,16091.2
2315,15763.6,15854.5
2316,15680.2,15775.5
2317,15822.2,15854.6
2318,15965.5,15979.5
2319,15907.5,15907.9
2320,16371,16391.5
2321,16376.4,16393.6
2322,16122,16083.5
2323,15835.4,15834.3
2324,15788.4,15959.7
2325,16047.5,16042.6
2326,16184.3,16079.1
2327,16193.3,16071.4
2328,16354.2,16581.8
2329,16446,16504.3
2330,16168.8,16181.4
2331,16029.2,16005
2332,16009.4,15975.4
2333,16105.5,16105.1
2334,16139.1,16178.3
2335,16288.7,16284.9
2336,16564.7,16509.3
2337,16621.4,16678.6
2338,16245.2,16212.6
2339,16019.5,16004.2
2340,16121.7,16084.2
2341,16247.4,16265.8
2342,16354.3,16366.1
2343,16656.7,16577.3
2344,16482.4,16407.9
2345,16654.5,16576.9
2346,16273.1,16277.6
2347,16142.6,16183.4
2348,16185.5,16164.8
2349,16378,16327.9
2350,16342.6,16372.3
2351,16346.7,16263.1
2352,17149,17030.7
2353,16591.3,16506
2354,16238.7,16318.2
2355,16256.1,16259.6
2356,16373.2,16277.9
2357,16469.3,16411.5
2358,16530.4,16444.9
2359,16686.2,16627.8
2360,16835.8,16855.3
2361,16618.7,16633.5
2362,16378.3,16311.8
2363,16304.4,16208.4
2364,16411.4,16336.1
2365,16482.7,16486
2366,16507.1,16448.7
2367,16961.2,16894.5
2368,16837.2,16709.5
2369,16607,16584.6
2370,16392.6,16356.7
2371,16372.2,16224.2
2372,16505.8,16450.2
2373,16596.9,16594.9
2374,16602,16568.4
2375,16987.5,16821
2376,16920.1,16845
2377,16619.2,16441.8
2378,16432.6,16399.2
2379,16396.7,16323.4
2380,16551.5,16528.2
2381,16629.1,16472.3
2382,16665.8,16553.9
2383,16910.8,16849.2
2384,16996.6,16875.4
2385,16554.4,16542.6
2386,16421.1,16318.1
2387,16505,16379.4
2388,16592.2,16458
2389,16660,16602.5
2390,17117.9,17021.2
2391,16632.2,16531.6
2392,16924.2,16779.1
2393,16583.1,16459
2394,16435,16323.4
2395,16500.1,16381.8
2396,16632.2,16534.2
2397,16584.1,16460.3
2398,16685.5,16641.3
2399,17333.2,17190.5
2400,16772.6,16631.8
2401,16469.2,16396
2402,16468.4,16326
2403,16583.5,16394.1
2404,16664.2,16549.8
2405,16601.4,16587.1
2406,16880.4,16712.2
2407,17157,16906.2
2408,16698.4,16600.4
2409,16431.8,16376.1
2410,16467.3,16314.4
2411,16610.7,16403.6
2412,16616,16481.1
2413,16505.9,16398.7
2414,17116.5,16901.4
2415,16979.4,16811.2
2416,16642.3,16454.2
2417,16457.3,16373
2418,16516.6,16279.4
2419,16548.2,16396.1
2420,16661,16491.8
2421,16771.5,16659.8
2422,16951.5,16814.2
2423,16838.4,16678.5
2424,16544.7,16417.5
2425,16515,16348.4
2426,16416.5,16213
2427,16597.4,16388.8
2428,16589.3,16425.5
2429,16607.7,16433.1
2430,16992.8,16955.4
2431,16886.4,16700.8
2432,16500.7,16248.6
2433,16336.5,16088.7
2434,16420.7,16331.1
2435,16540.3,16415.1
2436,16674.6,16377.7
2437,16828.1,16567.9
2438,16781.9,16551.8
2439,16655.5,16553.8
2440,16433.2,16281.9
2441,16357.4,16109.6
2442,16414.7,16158.5
2443,16481.3,16337.1
2444,16433.8,16218.8
2445,16890.6,16655.4
2446,16871.3,16644.4
2447,16548.8,16359.8
2448,16303.4,16098.2
2449,16232.7,16057.6
2450,16375,16193
2451,16558.9,16258.3
2452,16505.3,16225.6
2453,16636.1,16623.3
2454,16786.9,16552.6
2455,16458.9,16260.9
2456,16232.9,16036.7
2457,16150.7,15927.8
2458,16367.4,16128.2
2459,16388.3,16130
2460,16345.3,16175.5
2461,16715.9,16431.9
2462,16755.3,16545.6
2463,16297,16069.8
2464,16090.2,15794.4
2465,16139.8,15939.8
2466,16301.6,16101.7
2467,16354.8,16070.9
2468,16592.8,16246.6
2469,16433.2,16163
2470,16536.3,16283.9
2471,16183.3,15969.2
2472,16055.1,15784.5
2473,16022.3,15770.2
2474,16228.1,15946.2
2475,16146.8,15952.4
2476,16099.3,15806.9
2477,16931,16536.8
2478,16308.6,16092.6
2479,15988.4,15782.4
2480,15920.6,15687.8
2481,16047.2,15737.3
2482,16123.9,15845.2
2483,16103.3,15814.7
2484,16259.2,16056.8
2485,16429.9,16200.6
2486,16187.1,15889.3
2487,15931.7,15613.6
2488,15753,15545.3
2489,15894.3,15655.8
2490,15940.4,15664.7
2491,15901.7,15650.7
2492,16422.2,16109.3
2493,16192.5,15859.8
2494,15912.9,15693.1
2495,15774.1,15489.8
2496,15724.9,15357.1
2497,15795.5,15562.5
2498,15839.9,15590.3
2499,15843.5,15570.5
2500,16277.7,15855.3
2501,16126,15871.9
2502,15740.7,15442.4
2503,15601.5,15304.2
2504,15570.9,15259.2
2505,15744.9,15459.7
2506,15658.3,15350.6
2507,15730.1,15414
2508,15999.9,15735.9
2509,16012.5,15706.6
2510,15540.6,15333.8
2511,15415.1,15044
2512,15516.5,15148.5
2513,15558.7,15218.8
2514,15523.7,15308.3
2515,16043.1,15753.9
2516,15532,15187.6
2517,15773.4,15438
2518,15438.3,15078.7
2519,15181.7,14933.1
2520,15267.6,15019.8
2521,15460.9,15115.1
2522,15383.5,14976.6
2523,15358.3,15185.2
2524,16003.7,15720.6
2525,15459.9,15139
2526,15261.3,14835.4
2527,15109.6,14783.8
2528,15143.1,14869.3
2529,15308,14933.7
2530,15275.1,14975.5
2531,15417.7,15097.4
2532,15583.1,15287.7
2533,15286.1,14940.7
2534,15018.8,14648.9
2535,14896.6,14594.4
2536,15037.7,14729.1
2537,15116.6,14736.1
2538,14935.6,14616.4
2539,15477,15106.8
2540,15303,15009
2541,15086.5,14713.7
2542,14790.1,14422.9
2543,14769.4,14366.5
2544,14909.3,14540.8
2545,14913.9,14635.2
2546,14999.8,14677
2547,15205.8,14767.1
2548,15099.7,14727.9
2549,14696.8,14479
2550,14634.5,14246.4
2551,14609.1,14186
2552,14770.7,14343.3
2553,14639.1,14334
2554,14741.7,14371.9
2555,15045.1,14778.9
2556,14928.1,14595.8
2557,14518.2,14094.1
2558,14322,13935.9
2559,14440.1,14121.4
2560,14506.7,14194
2561,14558,14140.8
2562,14760.8,14370.8
2563,14677.3,14264.1
2564,14561,14266.7
2565,14325.8,13922.2
2566,14181.4,13758.7
2567,14253.5,13851.7
2568,14277.7,13945.4
2569,14168,13791.7
2570,14675.2,14161
2571,14638.9,14296
2572,14259.8,13930.9
2573,13947.3,13571.2
2574,13946.9,13578.2
2575,14070.4,13715
2576,14138.8,13726.7
2577,14134.1,13709.8
2578,14296.8,13976
2579,14338.6,13944.4
2580,14036.9,13662.4
2581,13798,13449.4
2582,13694.7,13331
2583,13824,13388.5
2584,13844.3,13442
2585,13888.8,13488.9
2586,14114.8,13675.2
2587,14136.4,13785.2
2588,13742.4,13324.4
2589,13515.9,13051
2590,13458,13169.1
2591,13612.5,13225
2592,13699.4,13236.6
2593,13934.5,13414.6
2594,13688.8,13367.7
2595,13749,13423.6
2596,13470.4,13003.4
2597,13345.3,12860.6
2598,13272.4,12871.1
2599,13346.8,12988.6
2600,13333.9,12943.3
2601,13307.4,12821.6
2602,14041.2,13551.9
2603,13404.3,13088.7
2604,13101.8,12689.6
2605,13039.9,12618.9
2606,13119.4,12661.9
2607,13144.7,12772.4
2608,13172.1,12743.2
2609,13243.7,12865.4
2610,13423.8,13007.7
2611,13200.9,12734.7
2612,12842.2,12466.2
2613,12698.6,12331.9
2614,12860.7,12404.5
2615,12896.9,12421.5
2616,12821.8,12432.1
2617,13261.8,12805
2618,13051.4,12567.2
2619,12779.4,12404.4
2620,12535,12170.1
2621,12534.3,12080.1
2622,12642.4,12149
2623,12628.9,12193.8
2624,12597.7,12200.3
2625,12908.4,12512.5
2626,12862.3,12422.9
2627,12516.4,11956.2
2628,12297,11854.3
2629,12199.1,11843.2
2630,12345.9,11940.9
2631,12319.8,11849.5
2632,12357,11874.3
2633,12544.3,12167.4
2634,12622.8,12183.9
2635,12150.1,11732.8
2636,11938.1,11437
2637,12014.8,11570.6
2638,12053.1,11649.6
2639,12044.8,11631.2
2640,12504.1,12013.6
2641,11992.3,11565.9
2642,12205.3,11800.4
2643,11854.7,11319.5
2644,11631.5,11238.3
2645,11706.7,11283
2646,11810.1,11356.7
2647,11753.1,11222.8
2648,11730,11375.6
2649,12325.9,11950.8
2650,11744.7,11258.2
2651,11498.5,11022.4
2652,11465.3,10971.8
2653,11422.6,10998
2654,11484.4,11060.5
2655,11466.9,11098.1
2656,11670.1,11132.9
2657,11784.9,11376.9
2658,11441.3,10999.2
2659,11193.4,10704.4
2660,11145.1,10634.8
2661,11151.8,10747.5
2662,11148.2,10772.5
2663,11109.4,10579.8
2664,11623.2,11111.9
2665,11375.6,10975.8
2666,11099.5,10656.6
2667,10882.4,10382
2668,10804.2,10327.6
2669,10871.3,10464.5
2670,10920.8,10562.7
2671,11028.3,10500.7
2672,11155.2,10650.9
2673,11051.7,10626.7
2674,10657.7,10311.2
2675,10567.8,10102
2676,10518.3,9991.47
2677,10639.4,10154.7
2678,10577.2,10069.9
2679,10559.2,10134.7
2680,10872.2,10567.6
2681,10811.7,10364
2682,10360.2,9781.67
2683,10094.6,9687.53
2684,10227.5,9840.29
2685,10312,9830.51
2686,10358.3,9793.62
2687,10509.9,10083.5
2688,10389,9948.14
2689,10335.9,9847.21
2690,10032.5,9550.39
2691,9895.78,9388.79
2692,9899.19,9441.77
2693,9963.49,9509.49
2694,9872.16,9383.54
2695,10267.9,9744.74
2696,10279.8,9871.29
2697,9932.54,9400.02
2698,9566.32,9113.36
2699,9537.62,9106.36
2700,9613.22,9208.06
2701,9732.14,9234.49
2702,9709.75,9134.96
2703,9808.03,9427.13
2704,9901.11,9377.22
2705,9508.63,9106.57
2706,9313.09,8871.58
2707,9213.19,8716.3
2708,9323.58,8793.96
2709,9308.78,8892.58
2710,9335.77,8866.07
2711,9579.28,9044.71
2712,9594.2,9108.32
2713,9107.14,8703.62
2714,8926.06,8469.3
2715,8907.55,8461.28
2716,9022.29,8503.8
2717,9097,8533.82
2718,9214.76,8734.83
2719,9068.98,8631.63
2720,9174.09,8666.56
2721,8814.3,8296
2722,8602.56,8145.55
2723,8543.68,8049.87
2724,8704.17,8234.31
2725,8616.63,8164.25
2726,8534.6,8028.18
2727,9313.6,8726.33
2728,8729.54,8279.48
2729,8327.85,7897.06
2730,8224.15,7782.64
2731,8340.55,7808.85
2732,8379.61,7895.35
2733,8344.26,7866.54
2734,8442.84,7984.67
2735,8599.75,8155.97
2736,8377.22,7856.42
2737,8026.56,7588.68
2738,7892.47,7386.94
2739,7950.88,7472.07
2740,8028.18,7569.12
2741,7945.59,7512.76
2742,8359.65,7824.31
2743,8147.61,7603.02
2744,7872.85,7460.59
2745,7670.71,7212.45
2746,7577.46,7071.21
2747,7668.02,7189.56
2748,7714.11,7229.14
2749,7643.67,7174.15
2750,7943.42,7532.1
2751,7909.52,7407.6
2752,7541.89,6951.02
2753,7326.23,6834.04
2754,7180.88,6795.57
2755,7337.36,6917.34
2756,7320.52,6785.2
2757,7320.01,6826.44
2758,7554.69,7094.48
2759,7571.31,7082.87
2760,7111.21,6684.52
2761,6886.54,6411.48
2762,6961.03,6422.54
2763,6985.76,6538.42
2764,6993.14,6586.07
2765,7430.86,6929.89
2766,6941.21,6369.52
2767,7072.66,6650.75
2768,6729,6295.52
2769,6582.62,6057.33
2770,6609.65,6086.62
2771,6698.43,6196.6
2772,6568.98,6088.71
2773,6577.67,6169.02
2774,7191.37,6754.41
2775,6597.63,6112.11
2776,6327.6,5869.13
2777,6304.96,5743.65
2778,6261.43,5776.27
2779,6371.13,5823.57
2780,6284.83,5887.74
2781,6431.42,5969.5
2782,6614.81,6098.62
2783,6282.53,5720.21
2784,5995.58,5465.75
2785,5842.33,5437.35
2786,5957.76,5503.62
2787,6014.21,5463.82
2788,5846.09,5305.64
2789,6313.44,5899.06
2790,6122.3,5666.67
2791,5879.86,5321.56
2792,5643.9,5079.78
2793,5505.71,5076.28
2794,5588.68,5183.44
2795,5692.16,5178.45
2796,5732.24,5220.89
2797,5885.57,5349.57
2798,5696.09,5270.97
2799,5377.19,4989.91
2800,5308.29,4812.6
2801,5211.54,4658.68
2802,5313.92,4794.58
2803,5221.39,4746.84
2804,5254.57,4845.56
2805,5557.47,5117.95
2806,5411.73,4960.41
2807,5028.84,4523.68
2808,4780.3,4331.25
2809,4909.58,4426.46
2810,4967.61,4450.92
2811,4954.61,4460.15
2812,5162.04,4663.08
2813,5029.95,4523.85
2814,4957.76,4490.03
2815,4650.3,4174.52
2816,4525.37,3996.86
2817,4530.44,4081.31
2818,4589.03,4081.95
2819,4465.08,3964.88
2820,4888.77,4357.68
2821,4884.42,4424.88
2822,4485.42,4019.11
2823,4184.39,3715.63
2824,4124.7,3695.69
2825,4215.69,3721.35
2826,4307.83,3789.58
2827,4284.97,3773.1
2828,4394.85,4005.91
2829,4441.33,3928.55
2830,4047.73,3708.67
2831,3857.31,3415.1
2832,3778.52,3264.13
2833,3928.01,3369.07
2834,3824.48,3442.98
2835,3827.72,3448.02
2836,4142.31,3594.63
2837,4152.67,3677.67
2838,3700.57,3202.65
2839,3421.46,2964.84
2840,3476.21,3004.37
2841,3560.98,3125.24
2842,3576.24,3050.99
2843,3743.51,3234.03
2844,3651.41,3184.63
2845,3656.66,3179.89
2846,3349.19,2804.73
2847,3157.92,2685.27
2848,3019.09,2632.67
2849,3171.65,2701.83
2850,3177.23,2645.73
2851,3120.78,2559.15
2852,3724.49,3262.12
2853,3157.02,2740.94
2854,2872.92,2368.21
2855,2739.76,2301.05
2856,2789.14,2385.29
2857,2897.35,2336.36
2858,2884.73,2305.71
2859,2931.46,2522.43
2860,3025.65,2699.87
2861,2806.19,2340.93
2862,2537.7,1985.67
2863,2363.86,1932.13
2864,2446.88,1996.64
2865,2483.93,1994.97
2866,2425.39,1953.52
2867,2821.37,2373.21
2868,2610.01,2076.9
2869,2346.47,1895.66
2870,2144.11,1683
2871,2011.08,1600.94
2872,2175.02,1617.59
2873,2152.51,1710.37
2874,2095.46,1692.69
2875,2399.77,1945.32
2876,2325.96,1806.99
2877,2015.42,1397.63
2878,1723.99,1334.27
2879,1623.83,1255.92
2880,1808.2,1352.8
2881,1768.89,1218.09
2882,1724.25,1290.25
2883,1945.03,1513.07
2884,2047.28,1563.03
2885,1587.68,1119.94
2886,1254.97,841.82
2887,1390.13,926.911
2888,1472.34,963.629
2889,1400.41,984.336
2890,1850.16,1376.53
2891,1307.33,857.147
2892,1555.4,1094.96
2893,1195.49,673.43
2894,940.386,507.432
2895,996.967,592.181
2896,1138.48,653.961
2897,995.816,558.58
2898,1006.35,587.784
2899,1609.72,1193.59
2900,1041.61,617.969
2901,748.685,311.418
2902,669.719,161.686
2903,701.655,216.08
2904,750.689,326.917
2905,665.37,333.065
2906,881.375,362.311
2907,1041.82,554.225
2908,670.273,234.439
2909,375.046,-72.0267
2910,266.66,-111.477
2911,367.84,-80.5657
2912,364.642,-105.884
2913,284.781,-229.828
2914,748.173,325.764
2915,510.55,151.269
2916,277.873,-204.211
2917,25.4977,-429.129
2918,-31.1259,-521.478
2919,-33.4284,-409.873
2920,75.7255,-332.467
2921,185.945,-296.731
2922,296.847,-194.092
2923,105.316,-239.989
2924,-207.051,-600.55
2925,-279.366,-768.982
2926,-328.741,-844.424
2927,-306.057,-703.146
2928,-393.039,-767.274
2929,-295.057,-754.722
2930,0.596935,-355.693
2931,-129.151,-555.677
2932,-612.584,-1061.53
2933,-777.892,-1231.03
2934,-634.286,-1052.43
2935,-629.554,-1058.63
2936,-650.574,-1041.76
2937,-394.873,-865.43
2938,-521.295,-1008.84
2939,-578.047,-1022.93
2940,-959.062,-1326.49
2941,-1089.62,-1459.75
2942,-1044.21,-1495.23
2943,-961.748,-1451.04
2944,-1058.37,-1517.26
2945,-687.414,-1111.91
2946,-725.575,-1065.8
2947,-1035.09,-1516.27
2948,-1340.76,-1807.84
2949,-1432.99,-1738.8
2950,-1366.9,-1751.74
2951,-1243.84,-1747.47
2952,-1197.24,-1715.02
2953,-1176.47,-1395.79
2954,-1117.29,-1503.47
2955,-1457.08,-1857.96
2956,-1632.79,-2062.64
2957,-1723.69,-2149.79
2958,-1684.59,-2116.06
2959,-1702.76,-2071.74
2960,-1660.5,-1999.46
2961,-1373.51,-1843.15
2962,-1403.69,-1772.32
2963,-1827.82,-2269.93
2964,-2068.21,-2451
2965,-2015.51,-2438.92
2966,-1988.48,-2336.45
2967,-1937.18,-2334.95
2968,-1707.87,-2197.35
2969,-1860.09,-2311.73
2970,-1835.28,-2242.86
2971,-2186.83,-2553.6
2972,-2318.92,-2735.6
2973,-2391.92,-2823.34
2974,-2327.11,-2692.57
2975,-2363.22,-2660.59
2976,-2335.08,-2827.66
2977,-1680.67,-2173.57
2978,-2301.91,-2669.9
2979,-2654.15,-2952.84
2980,-2671.03,-3016.58
2981,-2633.38,-3055.01
2982,-2633.59,-2989.81
2983,-2564.39,-3010.56
2984,-2489.69,-2836.75
2985,-2361.77,-2682.71
2986,-2633.93,-2998.95
2987,-2885.16,-3324.63
2988,-3028.38,-3415.74
2989,-2980.58,-3343.71
2990,-2992.56,-3278.47
2991,-2949.76,-3394.52
2992,-2523.63,-2971.45
2993,-2784.7,-3172.55
2994,-3121.63,-3389.78
2995,-3236.07,-3631.39
2996,-3279.82,-3735.48
2997,-3271.85,-3593.18
2998,-3249.08,-3558
2999,-3237.01,-3639.89
3000,-2929.67,-3337.48
3001,-3025.48,-3382.31
3002,-3363.77,-3796.24
3003,-3580.59,-3903.7
3004,-3647.23,-4016.76
3005,-3567.54,-3864.51
3006,-3544.82,-3964.67
3007,-3542.6,-3920.05
3008,-3337.55,-3667.04
3009,-3284.42,-3664.14
3010,-3743.42,-4075.38
3011,-3966.93,-4331.89
3012,-3901.78,-4268.36
3013,-3845.63,-4218.07
3014,-3860.08,-4203.59
3015,-3395.37,-3767.25
3016,-3945.53,-4242.87
3017,-3703.26,-4115
3018,-4070.93,-4483.67
3019,-4251.63,-4589.64
3020,-4241.06,-4506.77
3021,-4127.98,-4469.28
3022,-4198.8,-4631.57
3023,-4189.72,-4475.82
3024,-3538.21,-3903.96
3025,-4197.86,-4496.82
3026,-4464.14,-4774.6
3027,-4434.12,-4895.72
3028,-4432.71,-4840.65
3029,-4450.03,-4726.99
3030,-4502.56,-4741.38
3031,-4246.56,-4660.73
3032,-4032.64,-4486.49
3033,-4512.75,-4754.57
3034,-4804.18,-5065.56
3035,-4802.43,-5192.41
3036,-4703.85,-5096.65
3037,-4715.11,-5063.6
3038,-4894.87,-5191.43
3039,-4357.67,-4679.04
3040,-4495.95,-4836.68
3041,-4781.88,-5163.72
3042,-5080.6,-5350.04
3043,-5119.91,-5461.3
3044,-4998.82,-5399.14
3045,-4909.37,-5307.82
3046,-4954.86,-5138.62
3047,-4769.9,-5065.82
3048,-4830.91,-5207.87
3049,-5185.83,-5506.09
3050,-5324.32,-5609.33
3051,-5412.03,-5719.48
3052,-5219.6,-5604.85
3053,-5322.36,-5598.48
3054,-5321.29,-5586.27
3055,-4971.19,-5199.41
3056,-5029.1,-5393.38
3057,-5542.54,-5838.73
3058,-5714.08,-6086.02
3059,-5602.07,-5884.8
3060,-5531.16,-5759.57
3061,-5526.04,-5821.69
3062,-5319.08,-5699.63
3063,-5393.61,-5778.62
3064,-5507.11,-5723.84
3065,-5800.46,-6027.7
3066,-5906.21,-6289.5
3067,-5876.4,-6229.82
3068,-5812.53,-6090.89
3069,-5890.47,-6241.81
3070,-5518.07,-5847.18
3071,-5503.57,-5795.86
3072,-5826.94,-6136.49
3073,-6121.79,-6434.58
3074,-6240.19,-6495.34
3075,-6100.64,-6415.46
3076,-5954.98,-6356.32
3077,-6021.71,-6359.61
3078,-5912.43,-6085.59
3079,-5825.79,-6127.78
3080,-6179.22,-6463.96
3081,-6363.67,-6678.37
3082,-6450.06,-6767.73
3083,-6337.24,-6608.69
3084,-6357.15,-6644.22
3085,-6329.05,-6622.06
3086,-6014.51,-6380.1
3087,-6067.21,-6310.43
3088,-6514.31,-6793.01
3089,-6626.45,-6996.41
3090,-6658.52,-6908.03
3091,-6598.82,-6847.57
3092,-6514.91,-6832.2
3093,-6283.38,-6651.3
3094,-6483.02,-6763.16
3095,-6410.79,-6716.37
3096,-6724.52,-6969.81
3097,-6882.07,-7179.83
3098,-6972.84,-7279.09
3099,-6784.51,-7098.88
3100,-6864.84,-7069.29
3101,-6936.13,-7196.18
3102,-6154.66,-6563.14
3103,-6743.07,-7011.95
3104,-7094.15,-7339.98
3105,-7230.55,-7403.51
3106,-7094.58,-7363.2
3107,-6999.02,-7316.41
3108,-7034.29,-7341.09
3109,-6952.76,-7094.61
3110,-6787.24,-6989.96
3111,-7014.84,-7342.92
3112,-7265.47,-7586.33
3113,-7430.01,-7640.85
3114,-7355.4,-7588.89
3115,-7318.26,-7584.58
3116,-7319.58,-7593.76
3117,-6868.81,-7182.64
3118,-7137.43,-7435.87
3119,-7388.99,-7581.72
3120,-7554.56,-7778.84
3121,-7633.61,-7905.05
3122,-7552.94,-7775.08
3123,-7505.87,-7741.35
3124,-7506.97,-7784.73
3125,-7161.95,-7471.01
3126,-7260.91,-7463.79
3127,-7636.72,-7884.04
3128,-7812.14,-8038
3129,-7865.43,-8085.13
3130,-7716.29,-7919.39
3131,-7807.36,-8035.65
3132,-7731.17,-7974.34
3133,-7439.69,-7686.79
3134,-7440.84,-7699.85
3135,-7944.48,-8080.44
3136,-8095.77,-8324.18
3137,-7978.34,-8245.24
3138,-7911.95,-8228.85
3139,-7975.1,-8129.37
3140,-7503.22,-7684.18
3141,-7989.55,-8263.39
3142,-7748.39,-8056.78
3143,-8108.34,-8384.17
3144,-8367.75,-8486.25
3145,-8241.63,-8470.29
3146,-8121.26,-8393.44
3147,-8216.09,-8424.73
3148,-8188.42,-8308.64
3149,-7550,-7833.96
3150,-8164.24,-8343.01
3151,-8380.33,-8590.64
3152,-8471.24,-8731.45
3153,-8397.99,-8625.74
3154,-8345.58,-8526.05
3155,-8394.28,-8539.88
3156,-8144.12,-8458.29
3157,-7998.89,-8213.18
3158,-8352.49,-8495.56
3159,-8614.46,-8829.48
3160,-8692.62,-8912.39
3161,-8582.01,-8770.43
3162,-8555.75,-8788.45
3163,-8690.1,-8880.29
3164,-8134.78,-8375.42
3165,-8291.82,-8497.53
3166,-8581.12,-8747.68
3167,-8858.22,-9022.16
3168,-8855.66,-9130.18
3169,-8775.08,-8979.21
3170,-8711.63,-8856.08
3171,-8618.42,-8751.73
3172,-8458.66,-8690.34
3173,-8575.4,-8774.4
3174,-8915.19,-9031.56
3175,-8975.52,-9179.45
3176,-9041.61,-9245.93
3177,-8900.26,-9111.01
3178,-8954.76,-9123.52
3179,-8900.39,-9103.63
3180,-8594.72,-8671.04
3181,-8712.91,-8871.66
3182,-9121.6,-9327.69
3183,-9279.19,-9494.33
3184,-9149.61,-9312.32
3185,-9095.85,-9236.62
3186,-9034.36,-9256.22
3187,-8874.3,-9079.08
3188,-8922.65,-9141.16
3189,-8981.87,-9076.73
3190,-9266.48,-9414.28
3191,-9416.1,-9626.86
3192,-9307.03,-9547.27
3193,-9249.56,-9414.96
3194,-9399.43,-9504.41
3195,-8926.91,-9111.18
3196,-8885.08,-9062.6
3197,-9235.19,-9409.2
3198,-9594.37,-9711.14
3199,-9593.65,-9691.37
3200,-9433.84,-9604.82
3201,-9348.18,-9571.91
3202,-9360.29,-9513.76
3203,-9201.38,-9257.37
3204,-9152.21,-9320.65
3205,-9463.86,-9572.72
3206,-9688.18,-9759.38
3207,-9735.04,-9868.94
3208,-9576.12,-9781.75
3209,-9606.65,-9730.82
3210,-9571.09,-9673.39
3211,-9305.41,-9458.98
3212,-9235.49,-9346.22
3213,-9642.42,-9810.66
3214,-9904.65,-10058.6
3215,-9852.55,-9913.6
3216,-9713.59,-9841.48
3217,-9642.21,-9837.47
3218,-9369.37,-9650.38
3219,-9581.92,-9676.12
3220,-9527.43,-9606.87
3221,-9857.28,-9961.12
3222,-9921.45,-10130.2
3223,-9986.9,-10145.9
3224,-9927.46,-9974.56
3225,-9902.13,-9986.65
3226,-9874.12,-10086
3227,-9174.81,-9359.67
3228,-9786.16,-9843.92
3229,-10062.2,-10173.4
3230,-10161.4,-10205
3231,-10021.9,-10193.9
3232,-9984.9,-10100.9
3233,-9946.65,-10034.3
3234,-9839.46,-9904.93
3235,-9668.09,-9769.07
3236,-9853.78,-10005.7
3237,-10201.5,-10261.4
3238,-10320.9,-10405.3
3239,-10162.4,-10298.8
3240,-10105,-10219
3241,-10188.8,-10207
3242,-9697.13,-9869.53
3243,-9880.56,-10020.1
3244,-10144.4,-10169.8
3245,-10363.9,-10402.6
3246,-10359.9,-10488
3247,-10227.4,-10354.3
3248,-10208.6,-10305.8
3249,-10212.7,-10315.1
3250,-9884.01,-9980.5
3251,-9929.38,-10010.3
3252,-10266.8,-10439.5
3253,-10451.5,-10511.9
3254,-10521.2,-10574.3
3255,-10344.3,-10428.9
3256,-10394.7,-10469.8
3257,-10307.2,-10415.2
3258,-10039.9,-10127.4
3259,-9981.1,-10068.9
3260,-10494,-10443.3
3261,-10668.8,-10711.2
3262,-10490.4,-10669.6
3263,-10456.9,-10519.5
3264,-10467.7,-10449.3
3265,-9963.41,-10033.1
3266,-10460.8,-10540.2
3267,-10210.5,-10274.8
3268,-10545.1,-10687
3269,-10744.4,-10768.3
3270,-10652,-10689.1
3271,-10526.4,-10595.4
3272,-10550.5,-10687.7
3273,-10506.6,-10474.5
3274,-9940.21,-9931.7
3275,-10493.3,-10562.8
3276,-10665.3,-10778.9
3277,-10711.2,-10795.5
3278,-10731.9,-10760.9
3279,-10628.5,-10682.1
3280,-10611.3,-10619.8
3281,-10411.2,-10482.1
3282,-10267.8,-10271.8
3283,-10557.7,-10608
3284,-10816.4,-10832.5
3285,-10836.8,-10918.2
3286,-10779.8,-10793.7
3287,-10731.3,-10758.5
3288,-10784.6,-10861.1
3289,-10254.9,-10323.3
3290,-10399.8,-10403.2
3291,-10721.2,-10717.8
3292,-10923.1,-10939.7
3293,-10889.8,-11000.3
3294,-10830.4,-10860.9
3295,-10720.7,-10720.6
3296,-10583.4,-10646.1
3297,-10490.5,-10519.5
3298,-10540.8,-10586.3
3299,-10877.3,-10848.9
3300,-10970.5,-10919.6
3301,-10984.4,-11029.6
3302,-10784.4,-10899.3
3303,-10859.7,-10894
3304,-10875.6,-10810.2
3305,-10408,-10359.5
3306,-10494,-10605.7
3307,-10999.3,-11031.7
3308,-11176,-11119.3
3309,-10948.7,-10988.9
3310,-10867.9,-10895.9
3311,-10846.7,-10860
3312,-10674.9,-10625.6
3313,-10615.9,-10674.5
3314,-10748.8,-10743.7
3315,-11042.2,-10997.4
3316,-11076.1,-11124.3
3317,-11039.2,-11059
3318,-10970.4,-10966.7
3319,-11040.5,-11019.3
3320,-10517.7,-10578
3321,-10564.7,-10541
3322,-10874.3,-10905
3323,-11176.5,-11140.7
3324,-11148.8,-11155.8
3325,-11056.7,-11011.8
3326,-10919.8,-10941
3327,-10901.9,-10973.9
3328,-10700.9,-10621
3329,-10628.1,-10657.6
3330,-11030.1,-10914.5
3331,-11171.7,-11113.5
3332,-11164.8,-11211.7
3333,-11044.7,-11096.7
3334,-11048.3,-10968.3
3335,-10959.2,-10935.9
3336,-10666.3,-10718
3337,-10626.7,-10613.6
3338,-11066,-11041.5
3339,-11239.1,-11229
3340,-11194.6,-11123.5
3341,-11065,-11020.8
3342,-10957.5,-10996.3
3343,-10710.4,-10767.6
3344,-10879.8,-10852.4
3345,-10792.5,-10739.5
3346,-11091.4,-11063
3347,-11172.9,-11161
3348,-11238.7,-11206.7
3349,-11121.2,-11053.4
3350,-11087.3,-11054
3351,-11105.3,-11092.6
3352,-10295.9,-10315.2
3353,-10940.2,-10851.5
3354,-11218.3,-11146.6
3355,-11275.4,-11194.6
3356,-11183.5,-11121.7
3357,-11036.9,-11019.8
3358,-10998.1,-10996
3359,-10907.6,-10799
3360,-10739.8,-10605.3
3361,-10871.3,-10909.8
3362,-11184.3,-11135.6
3363,-11332.6,-11267.1
3364,-11191,-11139.1
3365,-11029.5,-11012.6
3366,-11091.4,-11009.8
3367,-10680.8,-10635.4
3368,-10818.4,-10845.5
3369,-10992.5,-10946.4
3370,-11207.1,-11143.2
3371,-11299.4,-11212.4
3372,-11105.3,-11048.2
3373,-10993.5,-10968
3374,-11067.4,-11010.5
3375,-10715.9,-10616.7
3376,-10695.7,-10655.3
3377,-11029.4,-11056.2
3378,-11190.6,-11145.4
3379,-11302.8,-11125.5
3380,-11110,-10970.3
3381,-11081.7,-11093
3382,-10991.2,-10978.8
3383,-10693,-10608.8
3384,-10697.7,-10578.5
3385,-11144.5,-11019.8
3386,-11268.6,-11255.8
3387,-11144.6,-11105.9
3388,-11085.1,-10959.8
3389,-11021,-10964.3
3390,-10536.1,-10497.2
3391,-11008.2,-10949.2
3392,-10784.1,-10642.3
3393,-11098,-11047.5
3394,-11237.6,-11203.7
3395,-11124.7,-11052.8
3396,-11027.6,-10918.3
3397,-11082.7,-11020
3398,-10937.9,-10821.1
3399,-10351.5,-10274.6
3400,-10928.6,-10845.4
3401,-11123.7,-11048.3
3402,-11106.3,-11084.1
3403,-11112.4,-11015
3404,-10960.3,-10907.9
3405,-11006.3,-10813.7
3406,-10750.5,-10626.3
3407,-10547.8,-10512.8
3408,-10873.6,-10823.4
3409,-11061.1,-11001.1
3410,-11193.6,-11017.1
3411,-11043.4,-10923.9
3412,-10927.6,-10871.6
3413,-11031.1,-10987
3414,-10509.6,-10421.5
3415,-10574.6,-10448.2
3416,-10874.2,-10748.8
3417,-11073.1,-11034.7
3418,-11079.2,-11040.2
3419,-10926.8,-10825
3420,-10866.1,-10744
3421,-10713.2,-10648.3
3422,-10547.5,-10495.4
3423,-10650.9,-10479.5
3424,-10953.9,-10791
3425,-10978.3,-10946.6
3426,-10994.1,-10946.1
3427,-10878.8,-10720.7
3428,-10887.6,-10767.1
3429,-10823.2,-10691.9
3430,-10349,-10193.4
3431,-10540.9,-10408.5
3432,-10892.4,-10820.6
3433,-11062.8,-10936.3
3434,-10878.2,-10758.2
3435,-10789.4,-10664.3
3436,-10724.1,-10577.3
3437,-10543.6,-10406.5
3438,-10479,-10412.4
3439,-10597.5,-10442.6
3440,-10844.1,-10682.6
3441,-10941.5,-10819.8
3442,-10834.8,-10710.6
3443,-10723.3,-10649.3
3444,-10835.6,-10683.6
3445,-10281.4,-10174.5
3446,-10329.1,-10133.2
3447,-10608.9,-10447.4
3448,-10866.5,-10755.9
3449,-10887.1,-10736.1
3450,-10729.9,-10584
3451,-10596.8,-10480.7
3452,-10522.9,-10461.2
3453,-10326.2,-10116.9
3454,-10319.1,-10155.8
3455,-10621.7,-10368.8
3456,-10723.5,-10622.3
3457,-10767.5,-10714.9
3458,-10579.1,-10507.2
3459,-10571.4,-10370.3
3460,-10547.6,-10356.2
3461,-10241.8,-10155.5
3462,-10149.2,-9977.94
3463,-10529.6,-10409.5
3464,-10783,-10606.5
3465,-10679.4,-10463.2
3466,-10467,-10353.6
3467,-10405.1,-10354.8
3468,-10157.2,-10004.2
3469,-10291.7,-10122.2
3470,-10143.4,-10053.7
3471,-10475.2,-10361.9
3472,-10625.1,-10388.7
3473,-10620.9,-10366
3474,-10421.9,-10318.4
3475,-10421.8,-10319.8
3476,-10384.3,-10279.3
3477,-9664.51,-9443.39
3478,-10224.7,-10047.6
3479,-10461.3,-10322.7
3480,-10552.6,-10331.3
3481,-10445.5,-10220.1
3482,-10254,-10151.1
3483,-10201.7,-10110.8
3484,-10093.7,-9866.89
3485,-9928.4,-9668.31
3486,-10118.5,-9941.65
3487,-10392.2,-10218.4
3488,-10464.3,-10290.8
3489,-10263.5,-10147.5
3490,-10243.9,-10019.2
3491,-10253.1,-10005.7
3492,-9695.77,-9590.78
3493,-9867.09,-9827.05
3494,-10140.4,-9895.88
3495,-10308,-10057.2
3496,-10289.8,-10121.3
3497,-10098.6,-10024.8
3498,-10076.1,-9868.3
3499,-10068.7,-9827.52
3500,-9672.02,-9557.13
3501,-9662.89,-9562.3
3502,-9975.94,-9853.78
3503,-10199.8,-9942.07
3504,-10234.2,-10015.9
3505,-9991.21,-9808.95
3506,-10002.1,-9839.56
3507,-9925.5,-9714.47
3508,-9594.63,-9418.2
3509,-9520.05,-9345.41
3510,-9975.69,-9739.53
3511,-10179.5,-9950.23
3512,-9955.39,-9809.59
3513,-9879.02,-9708.66
3514,-9847.47,-9638.81
3515,-9329.89,-9155.84
3516,-9801.17,-9605.68
3517,-9517.88,-9321.5
3518,-9838.43,-9725.99
3519,-9995.73,-9822.57
3520,-9889.94,-9674.93
3521,-9753.16,-9541.17
3522,-9780.74,-9555.26
3523,-9589.85,-9384.52
3524,-9065.49,-8865.99
3525,-9563.63,-9363.43
3526,-9786.03,-9605.93
3527,-9765.1,-9610.8
3528,-9690.99,-9511.15
3529,-9620,-9389.9
3530,-9611.98,-9312.96
3531,-9345.07,-9127.41
3532,-9107.49,-8934.13
3533,-9416.91,-9253.14
3534,-9656.84,-9473.45
3535,-9725.48,-9399.55
3536,-9531.27,-9346.39
3537,-9458.19,-9331.15
3538,-9518.3,-9351.64
3539,-9024.47,-8762.66
3540,-9064.25,-8788.75
3541,-9324.9,-9153.79
3542,-9563.25,-9335.33
3543,-9531.27,-9359.71
3544,-9412.56,-9221.42
3545,-9265.67,-9050.73
3546,-9119.51,-8842.42
3547,-8980.76,-8793.32
3548,-9033.08,-8789.39
3549,-9310.79,-9062
3550,-9394.87,-9170.02
3551,-9338.29,-9192.6
3552,-9156.48,-8966.75
3553,-9241.71,-8946.21
3554,-9182.4,-8970.33
3555,-8631.56,-8380.88
3556,-8807.7,-8598.46
3557,-9242.9,-9012.43
3558,-9321.27,-9107.26
3559,-9095.55,-8883.49
3560,-9030.95,-8802.33
3561,-9007.33,-8735.64
3562,-8765.57,-8566.65
3563,-8639.45,-8494.54
3564,-8743.91,-8545.64
3565,-9079.69,-8774.19
3566,-9155.2,-8840.71
3567,-8985.41,-8799.64
3568,-8847.05,-8768
3569,-8934.76,-8719.5
3570,-8437.3,-8152.46
3571,-8450.94,-8161.9
3572,-8692.74,-8515.29
3573,-8954.12,-8775.34
3574,-8976.2,-8676.55
3575,-8806.37,-8557.9
3576,-8645.5,-8454.19
3577,-8568.96,-8410.94
3578,-8370.44,-8029.59
3579,-8342.51,-8066.95
3580,-8641.19,-8361.54
3581,-8737.47,-8526.56
3582,-8752.48,-8554.44
3583,-8661.96,-8404.07
3584,-8579.71,-8296.05
3585,-8459.55,-8216.51
3586,-8185.99,-7977.16
3587,-8114.82,-7836.65
3588,-8466.08,-8268.81
3589,-8688.95,-8397.11
3590,-8587,-8318.59
3591,-8416.45,-8168.6
3592,-8266.75,-8043.68
3593,-8014.88,-7829.95
3594,-8245.72,-8021.18
3595,-7991.6,-7800.57
3596,-8293.1,-8021.35
3597,-8456.91,-8154.51
3598,-8450.81,-8201.35
3599,-8214.09,-8027.92
3600,-8233.62,-7944.11
3601,-8260.9,-8037.23
3602,-7410.78,-7195.92
3603,-7955.78,-7718.08
3604,-8248.88,-7985.44
3605,-8291.09,-8006.53
3606,-8183.98,-7919.39
3607,-7982.01,-7774.19
3608,-7939.03,-7758.43
3609,-7834.22,-7495.51
3610,-7611.22,-7262.91
3611,-7758.84,-7557.38
3612,-8064.72,-7846.47
3613,-8147.95,-7879.34
3614,-7935.4,-7701.26
3615,-7855.63,-7569.08
3616,-7878.31,-7610.83
3617,-7374.62,-7144.69
3618,-7482.67,-7340.66
3619,-7727.58,-7461.49
3620,-7909.05,-7592.22
3621,-7903.04,-7638.16
3622,-7699.74,-7495.51
3623,-7617.71,-7374.52
3624,-7653.61,-7361.32
3625,-7269.05,-7022.71
3626,-7244.11,-7017.76
3627,-7530.17,-7365.17
3628,-7726.52,-7384.04
3629,-7747.16,-7459.69
3630,-7542.88,-7262.19
3631,-7459.94,-7309.45
3632,-7422.25,-7179.06
3633,-7095.09,-6776.49
3634,-7014.72,-6747.58
3635,-7469.2,-7178.33
3636,-7595.66,-7346.81
3637,-7413.17,-7199.85
3638,-7318.21,-7085.04
3639,-7273.15,-7000.21
3640,-6757.82,-6532.01
3641,-7204.88,-6893.85
3642,-6938.61,-6697.07
3643,-7272.89,-7070.4
3644,-7391.94,-7139.86
3645,-7263.04,-6946.2
3646,-7126.04,-6809.45
3647,-7142.84,-6897.48
3648,-6946.49,-6687.51
3649,-6369.43,-6179.01
3650,-6951.82,-6651.77
3651,-7161.56,-6819.35
3652,-7085.62,-6905.94
3653,-7013.18,-6804.75
3654,-6925.05,-6573.43
3655,-6910.25,-6551.14
3656,-6605.9,-6432.23
3657,-6353.61,-6185.97
3658,-6756.88,-6383.95
3659,-6970.2,-6624.41
3660,-6955.96,-6704.29
3661,-6762.68,-6544.91
3662,-6722,-6442.48
3663,-6811.5,-6515.79
3664,-6243.77,-5991.49
3665,-6230.43,-5950.51
3666,-6547.36,-6280.33
3667,-6815.21,-6496.96
3668,-6725.24,-6521.77
3669,-6558.96,-6316.92
3670,-6418.59,-6171.45
3671,-6305.77,-5963.87
3672,-6136.62,-5860.97
3673,-6180.07,-5920.53
3674,-6440.04,-6213.04
3675,-6504.17,-6244.55
3676,-6524.59,-6251.72
3677,-6281.55,-6052.46
3678,-6293.62,-6039.95
3679,-6282.4,-6000.16
3680,-5748.62,-5405.67
3681,-5908.55,-5679.31
3682,-6274.13,-6022.36
3683,-6396.42,-6167.91
3684,-6215.08,-5919.47
3685,-6108.95,-5791.98
3686,-6034.46,-5778.53
3687,-5831.21,-5605.23
3688,-5683.76,-5499.26
3689,-5832.23,-5511.56
3690,-6073.73,-5780.66
3691,-6133.21,-5902.56
3692,-6020.52,-5785.75
3693,-5868.86,-5661.12
3694,-5943.77,-5704.5
3695,-5438.98,-5139.47
3696,-5474.11,-5178.66
3697,-5679.46,-5451.14
3698,-5928.12,-5680.03
3699,-5960.1,-5675.98
3700,-5783.75,-5522.19
3701,-5591.07,-5395.13
3702,-5563.44,-5305.68
3703,-5312.77,-4946.32
3704,-5266.85,-5027.48
3705,-5626.46,-5298.04
3706,-5669.39,-5421.13
3707,-5658.86,-5459.77
3708,-5531.71,-5264.57
3709,-5511.93,-5226.44
3710,-5396.89,-5113.08
3711,-5033.53,-4816.14
3712,-5029.01,-4702.74
3713,-5419.58,-5162.27
3714,-5528.22,-5310.76
3715,-5459.74,-5115
3716,-5301.98,-5001.05
3717,-5183.91,-4977.23
3718,-4827.03,-4686.05
3719,-5060.01,-4819.43
3720,-4902.29,-4629.01
3721,-5199.9,-4852.26
3722,-5272.35,-4992.51
3723,-5282.45,-5055.7
3724,-5050.2,-4854.99
3725,-5071.52,-4753.38
3726,-5027.05,-4810.76
3727,-4215.9,-4023.76
3728,-4812.19,-4510.14
3729,-5074.59,-4777.33
3730,-5136.07,-4807.94
3731,-4938.92,-4686.3
3732,-4792.67,-4534.61
3733,-4744.19,-4553.14
3734,-4601.39,-4239.28
3735,-4376.69,-4057.96
3736,-4536.45,-4321.94
3737,-4807.8,-4601.42
3738,-4910.01,-4606.76
3739,-4742.86,-4388.68
3740,-4604.63,-4359.04
3741,-4615.21,-4384.45
3742,-4079.41,-3838.16
3743,-4272.39,-3997.84
3744,-4445.33,-4176.22
3745,-4625.35,-4371.77
3746,-4653.45,-4344.91
3747,-4454.08,-4125.97
3748,-4348.29,-4113.68
3749,-4351.96,-4099.54
3750,-3934.7,-3693.73
3751,-3926.98,-3641.51
3752,-4265.15,-4030.93
3753,-4465.08,-4159.74
3754,-4412.8,-4160.73
3755,-4163.67,-3904.68
3756,-4246.94,-3958.27
3757,-4128.96,-3837.05
3758,-3720.06,-3469.58
3759,-3686.25,-3426.54
3760,-4167.97,-3786.38
3761,-4261.48,-4018.25
3762,-4077.71,-3893.11
3763,-3969.19,-3752.26
3764,-3973.37,-3608.64
3765,-3409.95,-3115.16
3766,-3874.96,-3576.87
3767,-3586.86,-3347.3
3768,-3862.17,-3695.48
3769,-4065.6,-3739.88
3770,-3930.82,-3600.52
3771,-3695.54,-3451.52
3772,-3732.85,-3505.61
3773,-3614.02,-3254.44
3774,-3047.06,-2809.08
3775,-3534.71,-3261.31
3776,-3744.06,-3468.89
3777,-3763.08,-3479.18
3778,-3599.65,-3347.77
3779,-3509.55,-3235.18
3780,-3512.37,-3193.21
3781,-3217.61,-2975
3782,-3021.3,-2723.74
3783,-3318.53,-3047.79
3784,-3510.11,-3250.81
3785,-3558.54,-3249.4
3786,-3397.5,-3115.89
3787,-3308,-3067.65
3788,-3348.68,-3079.98
3789,-2787.01,-2561.24
3790,-2854.03,-2534.6
3791,-3098.35,-2848.49
3792,-3340.36,-3069.95
3793,-3285.87,-3094.33
3794,-3144.36,-2906.09
3795,-3046.84,-2669.98
3796,-2877.61,-2521.02
3797,-2663.23,-2453.09
3798,-2699,-2494.68
3799,-3065.73,-2732.36
3800,-3090.42,-2804.34
3801,-3038.27,-2788.59
3802,-2823.33,-2598.98
3803,-2916.29,-2619.82
3804,-2816.34,-2568.54
3805,-2239.83,-1928.97
3806,-2474.68,-2204.78
3807,-2852.41,-2620.54
3808,-2963.19,-2728.01
3809,-2715.8,-2444.04
3810,-2670.43,-2313.35
3811,-2603.32,-2340.08
3812,-2335.72,-2185.26
3813,-2199.37,-2022.6
3814,-2380.92,-1976.44
3815,-2628.99,-2330.17
3816,-2674.91,-2483.11
3817,-2497.32,-2296.74
3818,-2438.52,-2136.89
3819,-2495.4,-2205.63
3820,-1899.62,-1719.55
3821,-1970.65,-1668.1
3822,-2202.14,-1941.3
3823,-2466.2,-2248.5
3824,-2443.34,-2206.31
3825,-2277.82,-2000.65
3826,-2145.98,-1930.08
3827,-2091.24,-1842.51
3828,-1800.4,-1462.01
3829,-1762.62,-1543.9
3830,-2061.9,-1798.92
3831,-2221.32,-1905.95
3832,-2234.58,-1938.02
3833,-1998.11,-1842.59
3834,-1959.65,-1724.84
3835,-1897.49,-1576.05
3836,-1597.61,-1331.28
3837,-1512.72,-1215.87
3838,-1842.27,-1638.81
3839,-2054.91,-1828.38
3840,-2025.53,-1638.17
3841,-1789.87,-1510.98
3842,-1645.03,-1457.44
3843,-1291.51,-1203.83
3844,-1640.42,-1327.9
3845,-1412.26,-1076.81
3846,-1662.85,-1390.41
3847,-1746.04,-1555.34
3848,-1769.15,-1519.61
3849,-1632.23,-1310.57
3850,-1533.91,-1259.38
3851,-1496.3,-1342.76
3852,-717.857,-529.676
3853,-1363.1,-990.997
3854,-1522.82,-1279.02
3855,-1586.06,-1324.32
3856,-1446.89,-1261.43
3857,-1294.62,-996.504
3858,-1226.96,-988.392
3859,-1102.07,-820.686
3860,-855.238,-616.304
3861,-1025.11,-796.905
3862,-1398.96,-1050.77
3863,-1413.42,-1157.59
3864,-1182.15,-982.073
3865,-1139.25,-850.914
3866,-1150.25,-828.243
3867,-572.29,-398.217
3868,-721.268,-544.021
3869,-953.348,-710.447
3870,-1168.33,-870.169
3871,-1118.74,-832.683
3872,-944.778,-686.965
3873,-878.135,-655.071
3874,-803.944,-620.702
3875,-465.055,-213.817
3876,-506.372,-209.078
3877,-723.784,-568.785
3878,-892.205,-638.207
3879,-967.547,-671.936
3880,-734.657,-492.958
3881,-709.33,-458.332
3882,-599.153,-381.438
3883,-277.532,-27.4957
3884,-179.72,63.445
3885,-672.533,-306.252
3886,-815.456,-564.472
3887,-601.412,-447.231
3888,-494.305,-245.668
3889,-465.524,-163.949
3890,58.8834,316.627
3891,-358.843,-118.821
3892,-130.175,144.48
3893,-404.935,-274.871
3894,-559.073,-274.188
3895,-405.362,-160.448
3896,-281.455,-24.1654
3897,-286.955,-74.6738
3898,-106.212,176.544
3899,426.34,659.597
3900,-97.7269,131.416
3901,-285.975,-27.026
3902,-224.149,-28.6057
3903,-212.338,23.5677
3904,-79.2645,174.495
3905,-22.6835,269.278
3906,244.488,407.995
3907,412.653,698.065
3908,147.059,367.264
3909,-69.6283,165.657
3910,-84.7648,135.899
3911,26.4783,298.439
3912,138.191,385.665
3913,118.023,267.4
3914,632.837,823.418
3915,573.996,882.423
3916,276.765,577.324
3917,112.48,267.784
3918,159.296,256.427
3919,264.144,493.556
3920,368.266,707.971
3921,592.416,837.636
3922,751.542,923.453
3923,692.189,880.544
3924,360.506,652.809
3925,324.775,620.318
3926,354.025,538.898
3927,562.953,719.541
3928,552.165,755.021
3929,525.687,860.862
3930,1123.6,1395.83
3931,950.747,1111.53
3932,555.789,754.209
3933,398.241,700.712
3934,630.151,845.577
3935,737.343,941.001
3936,825.221,1033.61
3937,1008.1,1197.81
3938,1147.27,1298.49
3939,1013.47,1248.23
3940,784.927,1014.27
3941,710.95,858.77
3942,763.821,1021.48
3943,930.111,1149.1
3944,918.47,1062.34
3945,1412.95,1574.38
3946,1340.55,1655.67
3947,1153.58,1329.48
3948,898.814,1055.85
3949,909.516,1068.19
3950,995.901,1268.94
3951,1203.12,1402.36
3952,1255.01,1407.62
3953,1509.69,1796.61
3954,1560.52,1750.33
3955,1183.17,1531.82
3956,1126.33,1319.75
3957,1115.2,1246.74
3958,1263.88,1426.4
3959,1284.52,1588.3
3960,1407.79,1620.71
3961,1701.56,1866.67
3962,1778.57,2027.85
3963,1397.6,1607.86
3964,1227.17,1382.94
3965,1294.92,1528.31
3966,1470.64,1722.58
3967,1597.44,1747.17
3968,1904.1,1985.84
3969,1672.19,1871.46
3970,1873.01,2137.02
3971,1579.62,1763.48
3972,1469.74,1606.83
3973,1502.1,1712.8
3974,1650.74,1893.79
3975,1670.95,1843.19
3976,1697.22,1801.65
3977,2549.51,2727.15
3978,1911.39,2152.3
3979,1637.65,1805.49
3980,1627.33,1834.7
3981,1751.32,1980.46
3982,1896.25,2078.61
3983,1973,2080.7
3984,2117.33,2369.41
3985,2297.6,2576.78
3986,2130.5,2275.01
3987,1847.22,2028.32
3988,1793.15,1957.66
3989,1928.36,2137.4
3990,2082.32,2237.78
3991,2062.41,2261.86
3992,2540.94,2724.72
3993,2365.91,2497.58
3994,2201.11,2370.48
3995,2027.7,2233.04
3996,1944.77,2214.3
3997,2186.62,2362.45
3998,2332.35,2408.99
3999,2274.15,2424.19
4000,2629.46,2867.02
4001,2681.82,2804.09
4002,2357.08,2404.21
4003,2196.89,2378.33
4004,2128.29,2422.18
4005,2363.86,2586.77
4006,2363.86,2470.25
4007,2459.42,2624.43
4008,2826.87,2986.57
4009,2878.08,3032.34
4010,2368.43,2646.24
4011,2281.49,2451.47
4012,2441.89,2511.16
4013,2515.14,2686.04
4014,2591.68,2802.08
4015,3101.76,3271.73
4016,2667.92,2760.41
4017,2900.81,3095.95
4018,2592.58,2765.24
4019,2433.45,2588.82
4020,2568.4,2698.38
4021,2747.14,2936.44
4022,2708.17,2902.88
4023,2868.23,3064.78
4024,3429.48,3501.47
4025,2914.79,3058.21
4026,2649.07,2873.6
4027,2683.78,2815.7
4028,2811.91,2903.14
4029,2928.61,3060.64
4030,2815.57,3146.63
4031,3125.34,3292.82
4032,3421.42,3485.2
4033,3098.56,3171.86
4034,2805.26,3003.77
4035,2759.89,3045.53
4036,2997.38,3127.85
4037,3078.35,3127.5
4038,2950.48,3070.46
4039,3467.81,3681.39
4040,3512.54,3637.28
4041,3179.24,3328.68
4042,2940.63,3080.54
4043,2993.8,3079.64
4044,3168.11,3295.59
4045,3242.6,3428.5
4046,3405.56,3581.31
4047,3571.34,3695.52
4048,3478.73,3670.16
4049,3209.76,3373
4050,3178.6,3307.72
4051,3148.36,3248.67
4052,3322.76,3481.79
4053,3340.62,3462.4
4054,3366.12,3567.22
4055,3876.03,4058.9
4056,3664.97,3786.08
4057,3358.96,3459.24
4058,3183.46,3345.21
4059,3375.71,3498.74
4060,3505.33,3611.32
4061,3539.23,3713.96
4062,3735.41,3848.54
4063,3853.86,3900.88
4064,3743.17,3840.47
4065,3483.84,3644.58
4066,3399.67,3518.76
4067,3490.62,3596.64
4068,3660.32,3706.32
4069,3557.27,3677.67
4070,4074.72,4188.56
4071,4022.96,4195.1
4072,3792.88,3924.19
4073,3545.97,3628.27
4074,3521.24,3624.65
4075,3666.21,3796.96
4076,3836.42,3952.67
4077,3868.14,3969.37
4078,4108.32,4284.54
4079,4159.1,4218.88
4080,3799.75,4067.86
4081,3687.48,3821.3
4082,3680.83,3714.05
4083,3868.44,3930.86
4084,3851.13,4087.46
4085,3935.08,4127.59
4086,4270.48,4302.9
4087,4330.72,4424.71
4088,3951.07,4037.68
4089,3716.18,3878.68
4090,3833.05,3996.35
4091,4020.7,4122.39
4092,4109.18,4151.72
4093,4415.96,4471.38
4094,4169.98,4246.24
4095,4335.07,4426.46
4096,4079.63,4173.19
4097,3946.81,4122.17
4098,3908.01,4046.13
4099,4122.65,4151.72
4100,4162.77,4227.03
4101,4113.78,4190.87
4102,4879.9,5018.39
4103,4330.04,4481.62
4104,4124.91,4172.51
4105,3994.27,4111.63
4106,4096.55,4263.58
4107,4334.48,4399.78
4108,4366.62,4385.17
4109,4467.63,4598.65
4110,4641.64,4862.08
4111,4500.55,4588.06
4112,4191.08,4221.82
4113,4117.15,4156.8
4114,4297.76,4389.44
4115,4320.06,4511.38
4116,4336.86,4467.02
4117,4931.16,4926.8
4118,4698.48,4708.93
4119,4407.9,4574.74
4120,4288,4415.27
4121,4305.44,4393.2
4122,4469.51,4491.27
4123,4491.43,4616.07
4124,4529.29,4660.13
4125,4902.93,4938.93
4126,4889.75,4896.79
4127,4564.25,4608.26
4128,4385.09,4567.61
4129,4363.34,4477.1
4130,4543.23,4657.14
4131,4550.57,4621.75
4132,4651.75,4713.16
4133,4943.86,5057.54
4134,5025.04,5174.56
4135,4611.37,4678.58
4136,4431.35,4471.16
4137,4570.48,4635.07
4138,4680.57,4719.73
4139,4716.05,4786.51
4140,5194.15,5314.26
4141,4725.3,4872.88
4142,5018.86,5052.8
4143,4705.17,4689.33
4144,4478.64,4602.15
4145,4624.97,4735.62
4146,4798.89,4850.81
4147,4746.57,4850.42
4148,4935.12,5010.15
4149,5434.71,5436.46
4150,4904.98,4983.29
4151,4657.03,4842.65
4152,4731.61,4761.32
4153,4820.98,4781.47
4154,4855.81,4971.93
4155,4855.05,5042.51
4156,5152.87,5163.98
4157,5357.15,5372.46
4158,5003.09,5078.12
4159,4798.08,4860.11
4160,4749.9,4880.61
4161,4905.44,4967.02
4162,4932.31,4952.17
4163,4945.61,4905.16
4164,5419.02,5500.5
4165,5323.3,5458.1
4166,5055.83,5090.58
4167,4865.02,4884.41
4168,4886.47,4888.46
4169,4940.02,5033.58
4170,5098.64,5191.04
4171,5264.88,5375.19
4172,5410.45,5425.36
4173,5283.69,5395.68
4174,5034.81,5104.59
4175,4997.12,4983.63
4176,4972.56,4948.11
4177,5094.2,5228.74
4178,5109.3,5227.59
4179,5179.82,5155.61
4180,5647.9,5712.14
4181,5420.17,5525.65
4182,5043.51,5118.29
4183,4972.77,4957.37
4184,5151.21,5169.87
4185,5157.99,5262.56
4186,5224.25,5333.35
4187,5481.74,5433.68
4188,5570.22,5512.84
4189,5452.88,5475.18
4190,5107.85,5276.44
4191,5038.73,5161.84
4192,5154.45,5176.23
4193,5299.12,5220.38
4194,5226.81,5227.81
4195,5675.15,5764.31
4196,5632.77,5752.66
4197,5446.95,5411.44
4198,5167.12,5110.78
4199,5093.56,5178.96
4200,5249.83,5302.56
4201,5427.25,5416.65
4202,5505.36,5432.53
4203,5630.04,5799.75
4204,5647.69,5772.77
4205,5371.1,5425.1
4206,5281.68,5196.77
4207,5208.01,5233.7
4208,5319.8,5418.91
4209,5383.29,5440.38
4210,5476.29,5484.1
4211,5763.03,5750.44
4212,5780.25,5889.75
4213,5451.51,5362.29
4214,5210.99,5241.3
4215,5305.22,5360.5
4216,5438.08,5502.63
4217,5522.25,5522.1
4218,5837.35,5747.36
4219,5658.35,5604.8
4220,5769.25,5774.05
4221,5389.81,5510.32
4222,5351.57,5377.49
4223,5383.8,5335.35
4224,5471.51,5447.09
4225,5421.67,5517.06
4226,5482.94,5460.24
4227,6284.02,6280.11
4228,5688.2,5696.85
4229,5371.86,5435.82
4230,5350.93,5397.05
4231,5451.51,5452
4232,5594.39,5571.8
4233,5641.12,5586.23
4234,5737.36,5841.5
4235,5941.81,6019.16
4236,5741.07,5748
4237,5480.08,5413.06
4238,5394.16,5367.76
4239,5505.19,5511.13
4240,5556.23,5681.61
4241,5603.94,5589.3
4242,6104.99,6004.13
4243,5886.21,5814.69
4244,5641.76,5731.22
4245,5504.68,5502.85
4246,5482.81,5439.23
4247,5600.28,5640.54
4248,5685.64,5704.45
4249,5700.65,5643.53
4250,6020.39,5975.1
4251,5981.38,6022.96
4252,5709.9,5656.25
4253,5540.07,5575
4254,5438.42,5487.05
4255,5629.19,5671.71
4256,5744.61,5582.73
4257,5733.91,5725.93
4258,5938.1,6075.6
4259,6111.81,6093.83
4260,5714.29,5626.66
4261,5456.42,5438.89
4262,5530.14,5587.6
4263,5714.25,5671.54
4264,5811.38,5730.11
4265,6185.87,6192.84
4266,5652.34,5798.55
4267,5988.11,5972.02
4268,5721.58,5541.36
4269,5532.44,5499.6
4270,5543.48,5666.5
4271,5720.65,5780.54
4272,5759.02,5646.94
4273,5853.29,5814.56
4274,6353.65,6346.12
4275,5803.45,5824.09
4276,5631.15,5593.53
4277,5635.28,5573.59
4278,5670.72,5635.42
4279,5744.91,5801.24
4280,5741.41,5766.49
4281,5989.56,5945.04
4282,6226.04,6144.13
4283,5874.78,5886.76
4284,5603.09,5663.47
4285,5570.6,5558.78
4286,5760.6,5673.54
4287,5814.88,5719.95
4288,5677.15,5653.52
4289,6180.88,6183.71
4290,6171.08,6140.54
4291,5850.95,5829.04
4292,5590.94,5597.5
4293,5616.39,5487.35
4294,5773.94,5687.03
4295,5906.97,5849.4
4296,5938.4,6030.3
4297,6109.38,6093.75
4298,6074.8,5993.16
4299,5756.42,5707.95
4300,5656.99,5616.33
4301,5629.7,5590.16
4302,5861.31,5797.4
4303,5799.27,5786.34
4304,5751.22,5731.22
4305,6274.77,6281.61
4306,6140.03,6052.59
4307,5708.15,5689.47
4308,5549.11,5473.26
4309,5716.68,5692.93
4310,5830.31,5857.17
4311,5845.32,5824.9
4312,6040.09,5885.57
4313,6142.93,5988.25
4314,5972.42,6023.81
4315,5706.36,5730.03
4316,5596.27,5528.46
4317,5724.61,5618.38
4318,5819.74,5742.92
4319,5749.64,5645.79
4320,6213.93,6144.85
4321,6150.48,6177.3
4322,5940.15,5875.36
4323,5666.79,5549.3
4324,5551.88,5523.13
4325,5732.92,5682.12
4326,5940.74,5780.79
4327,5898.96,5846.71
4328,6061.41,6134.35
4329,6134.88,6061.47
4330,5807.97,5756.97
4331,5654.64,5595.84
4332,5615.29,5530.56
4333,5762.3,5706.8
4334,5808.69,5750.56
4335,5806.26,5785.83
4336,6168.52,6035.17
4337,6169.33,6133.37
4338,5772.32,5685.97
4339,5569.96,5512.84
4340,5654.94,5641.56
4341,5803.79,5740.19
4342,5837.86,5740.27
4343,6136.2,5983.55
4344,5967.48,5865.54
4345,6029.6,5961.35
4346,5701.12,5763.54
4347,5677.41,5587.81
4348,5633.02,5473.69
4349,5766.86,5634.13
4350,5692.38,5731.35
4351,5702.86,5663.17
4352,6529.79,6355
4353,5921.85,5862.85
4354,5632.77,5561.34
4355,5548.51,5518.69
4356,5645.43,5554.12
4357,5792.62,5705.35
4358,5837.35,5683.87
4359,5932.09,5941.37
4360,6113,6096.78
4361,5876.27,5790.78
4362,5654.64,5493.88
4363,5526.68,5493.88
4364,5641.25,5587.77
4365,5698.05,5621.97
4366,5712.88,5619.7
4367,6219.43,6081.58
4368,5977.92,5803.55
4369,5743.97,5683.28
4370,5594.56,5567.06
4371,5525.49,5470.44
4372,5648.33,5573.25
4373,5744.35,5644.68
4374,5758.04,5608.9
4375,6083.07,5956.31
4376,6000.39,5973.3
4377,5711.9,5616.89
4378,5542.2,5446.32
4379,5460.21,5367.08
4380,5666.24,5607.28
4381,5606.93,5547.59
4382,5744.69,5610.61
4383,6032.03,5891.12
4384,6044.44,5964.68
4385,5535.81,5594.09
4386,5436.42,5278.87
4387,5529.11,5403.28
4388,5647.65,5520.27
4389,5638.82,5608.99
4390,6084.31,6058.31
4391,5611.53,5562.28
4392,5884.93,5744.72
4393,5602.28,5373.78
4394,5349.27,5333.52
4395,5448.53,5436.16
4396,5622.36,5517.02
4397,5568.43,5426.51
4398,5634.77,5613.9
4399,6243.35,6091.53
4400,5676.9,5574.4
4401,5433.39,5335.57
4402,5371.52,5339.24
4403,5485.96,5399.7
4404,5578.15,5448.97
4405,5506.3,5485.21
4406,5779.66,5653.95
4407,5946.03,5874.98
4408,5655.32,5544.69
4409,5377.83,5315.46
4410,5318.74,5236.69
4411,5451.94,5356.79
4412,5510.95,5346.5
4413,5412.41,5307.35
4414,5915.89,5811.87
4415,5852.4,5759.91
4416,5535.59,5403.75
4417,5284.8,5223.36
4418,5315.11,5162.1
4419,5446.27,5239.55
4420,5489.67,5447.51
4421,5578.49,5608.86
4422,5764.35,5645.11
4423,5719.02,5531.37
4424,5349.73,5275.32
4425,5293.79,5198.3
4426,5285.99,5138.23
4427,5417.87,5296.5
4428,5356.43,5289.8
4429,5422.94,5302.44
4430,5856.23,5818.45
4431,5630.59,5559.42
4432,5291.53,5129.22
4433,5171,4992.38
4434,5298.19,5208.46
4435,5303.81,5275.37
4436,5376.77,5263.88
4437,5612.39,5421.94
4438,5648.42,5423.99
4439,5443.84,5448.71
4440,5218.2,5145.79
4441,5152.66,5017.7
4442,5235.42,5061.51
4443,5251.24,5128.92
4444,5183.36,5092.33
4445,5703.93,5556.47
4446,5626.97,5568.47
4447,5347.13,5227.34
4448,5051.99,4921.38
4449,5078.6,4921.08
4450,5181.31,5064.2
4451,5274.39,5117.95
4452,5293.67,5194.16
4453,5508.18,5483.34
4454,5496.96,5371.82
4455,5201.31,5089.94
4456,5070.41,4932.23
4457,4983.39,4904.77
4458,5129.51,4952.17
4459,5149.97,5005.06
4460,5202.38,5102.79
4461,5438.98,5334.37
4462,5505.96,5385.65
4463,5165.79,4922.07
4464,4881.31,4758.46
4465,4894.91,4936.71
4466,5089.3,4951.7
4467,5180.76,4959.59
4468,5433.48,5201.12
4469,5204.34,5122.95
4470,5298.14,5220.42
4471,4982.92,4881.89
4472,4923.74,4765.25
4473,4888.43,4725.8
4474,4992.38,4824.42
4475,4939.98,4870.58
4476,4989.1,4816.57
4477,5714.97,5549.17
4478,5085.21,5055.53
4479,4833.43,4711.32
4480,4802.26,4668.07
4481,4898.75,4719.73
4482,4928.3,4857.38
4483,5007.39,4847.31
4484,5120.43,5015.7
4485,5259.6,5167.9
4486,5050.76,4923
4487,4746.66,4626.87
4488,4686.8,4552.07
4489,4790.15,4662.18
4490,4841.15,4711.36
4491,4826.31,4725.84
4492,5314.6,5105.95
4493,5099.53,4903.79
4494,4848.65,4736.94
4495,4635.37,4578.75
4496,4626.8,4532.81
4497,4778.6,4633.36
4498,4827.76,4656.97
4499,4842.17,4612.31
4500,5092.46,4984.4
4501,5075.49,4996.74
4502,4770.71,4579.82
4503,4605.65,4432.22
4504,4508.7,4415.91
4505,4668.29,4560.05
4506,4668.93,4524.45
4507,4770.54,4555.48
4508,4975.75,4876.6
4509,5075.87,4936.88
4510,4567.24,4507.67
4511,4382.78,4249.28
4512,4551.38,4331.51
4513,4597.81,4453.32
4514,4608.55,4526.84
4515,5083.63,4968.99
4516,4586.47,4458.05
4517,4835.48,4679.64
4518,4526.13,4292.01
4519,4312.26,4204.57
4520,4405.89,4295.9
4521,4535,4421.76
4522,4517.31,4321.43
4523,4553.08,4471.25
4524,5093.95,4970.61
4525,4603.31,4428.81
4526,4365.9,4188.65
4527,4284.46,4145.61
4528,4330.43,4214.99
4529,4452.03,4317.76
4530,4425.68,4307.21
4531,4622.92,4454.3
4532,4794.54,4719.6
4533,4506.09,4312.81
4534,4213.55,4063.77
4535,4184.6,4039.73
4536,4300.83,4219.73
4537,4308.13,4161.11
4538,4254.61,4009.63
4539,4752.2,4583.49
4540,4678.95,4569.32
4541,4264.34,4200.56
4542,4100.48,3939.44
4543,4184.56,3911.43
4544,4223.15,4046.22
4545,4204.39,4211.83
4546,4422.91,4262.08
4547,4574.61,4364.94
4548,4476.93,4266.91
4549,4098.9,3987.51
4550,4034.09,3902.46
4551,4032.3,3832.02
4552,4174.07,3997.67
4553,4136.55,3959.33
4554,4098.69,4028.37
4555,4573.51,4532
4556,4410.84,4212.9
4557,4007.7,3777.84
4558,3834.58,3719.22
4559,4016.95,3885.98
4560,4033.66,3915.31
4561,4089.09,3884.7
4562,4261.95,4103.6
4563,4338.82,4137.2
4564,4151.47,4006.6
4565,3876.54,3762.29
4566,3849.08,3649.49
4567,3844.73,3705.38
4568,3940.84,3744.06
4569,3861.15,3677.2
4570,4351.49,4137.16
4571,4247.02,4185.28
4572,3956.06,3807.3
4573,3719.97,3543.99
4574,3727.61,3479.48
4575,3728.8,3631.78
4576,3920.16,3726.22
4577,3957.51,3743.38
4578,4090.54,3991.23
4579,4106.28,3943.15
4580,3762.23,3695.18
4581,3643.52,3495.41
4582,3592.31,3400.07
4583,3729.18,3493.19
4584,3689.66,3619.18
4585,3731.23,3622.85
4586,4077.41,3844.87
4587,4106.96,3904.38
4588,3660.49,3477.69
4589,3434.6,3285.35
4590,3465.21,3391.1
4591,3629.28,3483.24
4592,3728.63,3467.53
4593,3918.67,3682.88
4594,3738.69,3579.39
4595,3836.55,3714.48
4596,3514.16,3371.04
4597,3406.84,3237.49
4598,3364.24,3197.35
4599,3537.31,3318.74
4600,3480.35,3318.99
4601,3401.85,3249.23
4602,4219.1,4012.96
4603,3624.42,3478.71
4604,3279.95,3165.03
4605,3249.12,3096.29
4606,3354.01,3149.58
4607,3451.18,3267.46
4608,3434.17,3244.36
4609,3531.98,3435.34
4610,3729.23,3650.78
4611,3524.82,3300.5
4612,3181.84,3051.21
4613,3097.37,2915.1
4614,3262.51,3048.01
4615,3327.87,3133.99
4616,3198,3140.82
4617,3687.31,3521.37
4618,3536.12,3237.1
4619,3275.6,3097.83
4620,3097.16,2924.74
4621,3005.57,2907.79
4622,3165.51,3013.42
4623,3238.67,3032.51
4624,3221.75,2962.57
4625,3483.97,3347.98
4626,3458.69,3286.54
4627,3156.04,2908.78
4628,3020.62,2807.12
4629,2849.98,2769.25
4630,3003.82,2906.64
4631,3025.82,2792.94
4632,3136.26,2912.96
4633,3376.14,3196.41
4634,3359.04,3239.88
4635,2898.72,2821.76
4636,2787.3,2580.37
4637,2867.34,2598.94
4638,2897.01,2757.93
4639,2973.72,2832.61
4640,3428.29,3269.51
4641,2929.63,2735.56
4642,3125.17,3004.93
4643,2821.16,2646.24
4644,2647.54,2433.37
4645,2716.99,2523.41
4646,2830.07,2718.61
4647,2749.91,2632.71
4648,2892.83,2738.12
4649,3456.98,3203.46
4650,2847.17,2675.79
4651,2585.75,2527.77
4652,2633.93,2408.56
4653,2696.27,2441.86
4654,2699.09,2539.29
4655,2598.16,2606.24
4656,2932.74,2730.23
4657,3163.33,2900.28
4658,2750.68,2559.91
4659,2458.18,2328.98
4660,2421.64,2285.47
4661,2569.08,2395.92
4662,2577.4,2372.01
4663,2490.88,2247.73
4664,2968.13,2799.82
4665,2907.16,2761.99
4666,2524.7,2438.53
4667,2366.08,2107.05
4668,2339.77,2094.15
4669,2436.09,2271.38
4670,2488.54,2347.25
4671,2620.93,2480.84
4672,2797.03,2586.26
4673,2642.55,2488.53
4674,2340.03,2127.8
4675,2247.72,2070.88
4676,2233.26,2036.26
4677,2353.8,2182.79
4678,2292.27,2118.28
4679,2291.17,2222.2
4680,2760.44,2631.3
4681,2583.07,2362.75
4682,2204.87,1957.57
4683,1989.29,1873.46
4684,2145.77,2011.79
4685,2244.05,2041.68
4686,2254.37,2114.6
4687,2409.91,2250.63
4688,2463.04,2204.22
4689,2340.41,2140.65
4690,2058.45,1929.22
4691,1926.99,1770.18
4692,1982.68,1834.57
4693,2109.44,1843.83
4694,2018.88,1819.84
4695,2484.66,2289.95
4696,2364.97,2318.09
4697,2124.92,1944.42
4698,1886.91,1622.88
4699,1807.73,1611.1
4700,1861.16,1744.18
4701,2055.16,1829.32
4702,2073.84,1877.9
4703,2161.59,2153.5
4704,2201.58,2038.91
4705,1918.17,1817.96
4706,1789.36,1576.35
4707,1663.36,1454.2
4708,1833.15,1601.02
4709,1827.3,1764.25
4710,1848.92,1779.45
4711,2151.4,1902.41
4712,2161.72,2009.15
4713,1809.74,1604.74
4714,1505.22,1375.94
4715,1542.1,1455.18
4716,1718.45,1591.85
4717,1819.89,1572.8
4718,2015.85,1767.19
4719,1802.74,1620.54
4720,1937.69,1783.38
4721,1631.72,1477.17
4722,1442.75,1312.92
4723,1395.98,1275.82
4724,1632.28,1379.52
4725,1584.22,1369.49
4726,1484.83,1319.28
4727,2180.52,2116.44
4728,1746.97,1554.06
4729,1430.09,1228.38
4730,1260.13,1138.21
4731,1354.02,1230.43
4732,1511.14,1302.2
4733,1532.5,1311.12
4734,1632.96,1499.62
4735,1740.32,1700.8
4736,1552.63,1417.61
4737,1272.79,1048.42
4738,1175.32,946.252
4739,1302.64,1098.2
4740,1274.63,1205.8
4741,1261.11,1190.81
4742,1808.46,1559.01
4743,1564.01,1297.68
4744,1262.26,1156.95
4745,1096.87,952.486
4746,1073.55,940.958
4747,1240.64,1016.96
4748,1239.2,1092.31
4749,1229.81,1057
4750,1509.86,1350.96
4751,1497.07,1311.94
4752,1184.53,971.869
4753,980.807,882.124
4754,883.763,754.039
4755,1065.19,899.074
4756,1031.29,842.503
4757,1114.82,978.572
4758,1402.88,1203.23
4759,1387.06,1268.13
4760,912.33,833.409
4761,750.561,606.57
4762,923.161,675.48
4763,932.584,739.01
4764,928.064,806.34
4765,1476.56,1297.42
4766,901.117,828.926
4767,1126.59,988.648
4768,835.113,555.891
4769,656.458,439.717
4770,685.197,609.943
4771,821.895,734.612
4772,794.18,636.67
4773,911.35,718.346
4774,1420.79,1212.88
4775,860.482,708.611
4776,641.791,488.048
4777,579.752,428.616
4778,629.213,421.444
4779,706.004,570.023
4780,663.792,611.864
4781,904.741,703.488
4782,1081.56,876.061
4783,753.077,577.75
4784,483.688,361.841
4785,406.087,331.442
4786,540.184,325.209
4787,551.227,347.325
4788,524.749,295.963
4789,960.469,866.882
4790,828.887,778.46
4791,577.791,374.095
4792,340.168,148.664
4793,335.009,129.324
4794,403.869,251.09
4795,498.228,346.727
4796,634.755,515.885
4797,748.003,599.226
4798,624.65,545.217
4799,358.246,157.545
4800,253.399,39.8346
4801,198.012,-4.61107
4802,318.636,272.096
4803,287.467,206.346
4804,305.077,131.416
4805,746.382,605.502
4806,590.753,452.44
4807,150.939,15.3276
4808,-0.852765,-199.045
4809,185.221,27.1541
4810,219.118,113.996
4811,197.159,107.592
4812,420.669,188.456
4813,477.25,247.717
4814,377.775,184.016
4815,4.09327,-55.1194
4816,-85.5323,-183.717
4817,35.0913,-152.379
4818,116.104,-155.026
4819,-24.1759,-220.99
4820,401.183,330.119
4821,390.609,381.951
4822,156.61,-39.7065
4823,-149.063,-386.391
4824,-217.967,-342.458
4825,-97.002,-220.179
4826,42.0413,-183.674
4827,66.3877,-151.781
4828,156.951,217.19
4829,245.127,122.62
4830,-95.3817,-236.83
4831,-265.039,-410.001
4832,-307.805,-475.197
4833,-192.469,-346.556
4834,-172.514,-270.474
4835,-120.922,-257.195
4836,138.318,-44.6591
4837,150.769,36.5897
4838,-222.742,-419.352
4839,-434.057,-594.017
4840,-390.737,-511.53
4841,-319.744,-392.368
4842,-208.885,-379.944
4843,75.0859,-201.393
4844,-147.912,-334.644
4845,-88.3038,-175.904
4846,-442.883,-476.221
4847,-472.432,-624.886
4848,-512.213,-710.959
4849,-408.901,-630.137
4850,-478.103,-569.553
4851,-428.941,-628.942
4852,292.498,171.592
4853,-279.792,-443.005
4854,-611.987,-719.029
4855,-650.148,-781.193
4856,-609.13,-744.859
4857,-468.424,-613.913
4858,-414.06,-623.861
4859,-364.983,-412.35
4860,-249.562,-276.024
4861,-431.925,-557.385
4862,-683.576,-867.608
4863,-804.925,-986.3
4864,-709.969,-832.854
4865,-675.006,-696.785
4866,-677.138,-786.53
4867,-210.718,-383.872
4868,-408.304,-635.688
4869,-696.368,-726.799
4870,-849.78,-922.343
4871,-872.208,-1040.52
4872,-768.341,-889.297
4873,-721.098,-845.15
4874,-735.169,-897.195
4875,-394.361,-576.854
4876,-463.264,-558.153
4877,-817.759,-928.192
4878,-937.061,-1044.84
4879,-1020.42,-1151.27
4880,-882.271,-996.76
4881,-871.099,-1072.54
4882,-791.92,-910.089
4883,-551.568,-671.722
4884,-547.688,-668.35
4885,-1006.65,-1077.58
4886,-1136.91,-1269.2
4887,-1065.79,-1232.22
4888,-976.117,-1160.2
4889,-939.917,-1066.27
4890,-475.161,-601.617
4891,-1048.22,-1049.49
4892,-773.884,-917.476
4893,-1033.51,-1340.76
4894,-1215.79,-1418.16
4895,-1253.44,-1252.8
4896,-1142.83,-1129.93
4897,-1063.82,-1320.56
4898,-956.802,-1150.89
4899,-486.929,-622.879
4900,-1072.91,-1158.92
4901,-1243.03,-1368.98
4902,-1278.04,-1392.16
4903,-1276.38,-1379.82
4904,-1175.15,-1298.44
4905,-1207.81,-1322.99
4906,-971.043,-1119.64
4907,-773.074,-919.61
4908,-1170.93,-1264.67
4909,-1423.61,-1482.84
4910,-1458.31,-1566.4
4911,-1285.46,-1479.34
4912,-1287.72,-1483.57
4913,-1390.99,-1493.73
4914,-898.601,-975.755
4915,-971.47,-1094.7
4916,-1322.51,-1429.56
4917,-1530.37,-1604.65
4918,-1503.68,-1739.27
4919,-1443.52,-1605.42
4920,-1339.35,-1451.46
4921,-1281.96,-1270.27
4922,-1075.93,-1210.58
4923,-1167.99,-1302.41
4924,-1500.18,-1666.56
4925,-1592.28,-1745.42
4926,-1698.41,-1749.65
4927,-1473.62,-1552.78
4928,-1492.38,-1652.47
4929,-1550.62,-1641.03
4930,-1105.61,-1120.28
4931,-1242.99,-1393.91
4932,-1630.96,-1794.65
4933,-1803.94,-1985.37
4934,-1678.03,-1730.18
4935,-1582.86,-1656.1
4936,-1571.39,-1684.84
4937,-1401.99,-1557.43
4938,-1330.19,-1557.43
4939,-1488.59,-1540.57
4940,-1777.12,-1761.3
4941,-1849.9,-1951.85
4942,-1775.41,-1983.83
4943,-1711.16,-1835.98
4944,-1807.78,-1891.18
4945,-1317.78,-1402.15
4946,-1354.79,-1430.59
4947,-1655.34,-1768.39
4948,-1907.51,-2053.51
4949,-1978.76,-2094.84
4950,-1872.2,-1983.57
4951,-1721.65,-1863.73
4952,-1710.73,-1847.08
4953,-1553.23,-1561.02
4954,-1517.03,-1579.51
4955,-1860.56,-1925.29
4956,-2006.6,-2137.06
4957,-2044.8,-2190.52
4958,-1929.85,-2005.35
4959,-1891.26,-1993.69
4960,-1899.66,-2011.67
4961,-1533.95,-1723.56
4962,-1563.71,-1607.94
4963,-1983.91,-2076.56
4964,-2169.43,-2319.58
4965,-2093.62,-2176.38
4966,-1976.62,-2046.76
4967,-1961.4,-2087.62
4968,-1628.23,-1893.06
4969,-1829.95,-1973.03
4970,-1782.79,-1844.26
4971,-2138.05,-2089.8
4972,-2173.78,-2318.99
4973,-2224.18,-2395.97
4974,-2056.74,-2243.54
4975,-2178.77,-2196.96
4976,-2149.56,-2257.04
4977,-1360.76,-1474.95
4978,-1951.08,-2054.49
4979,-2278.2,-2392.51
4980,-2378.19,-2428.29
4981,-2254.24,-2318.22
4982,-2115.84,-2250.5
4983,-2099.17,-2293.5
4984,-2021.44,-2001.42
4985,-1858.17,-1860.7
4986,-2063.01,-2178.26
4987,-2301.95,-2500.53
4988,-2464.11,-2545.01
4989,-2368.9,-2376.37
4990,-2281.44,-2329.36
4991,-2302.59,-2387
4992,-1810.59,-1973.8
4993,-2069.02,-2199.7
4994,-2260.98,-2287.05
4995,-2446.07,-2511.46
4996,-2538.98,-2626.22
4997,-2402.84,-2417.83
4998,-2280.21,-2391.01
4999,-2299.74,-2493.05
5000,-1984.81,-2161.91
5001,-2081.85,-2078.14
5002,-2377.21,-2414.79
5003,-2530.15,-2644.11
5004,-2632.14,-2723.74
5005,-2438.86,-2520.93
5006,-2494.85,-2543.39
5007,-2376.06,-2491.05
5008,-2120.36,-2201.4
5009,-2070.94,-2107.6
5010,-2571,-2563.12
5011,-2728.04,-2846.36
5012,-2599.7,-2727.45
5013,-2495.91,-2616.96
5014,-2515.83,-2530.92
5015,-2010.48,-2088.35
5016,-2536.46,-2595.78
5017,-2277.86,-2357.11
5018,-2586.73,-2772.28
5019,-2804.87,-2861.39
5020,-2724.8,-2746.92
5021,-2602.21,-2607.82
5022,-2622.47,-2731.46
5023,-2501.07,-2588.18
5024,-1951.64,-2092.7
5025,-2573,-2553.21
5026,-2771.83,-2822.79
5027,-2771.36,-2873.43
5028,-2709.75,-2807.33
5029,-2681.65,-2725.14
5030,-2707.23,-2731.08
5031,-2414.6,-2528.06
5032,-2268.14,-2314.42
5033,-2615.77,-2655.55
5034,-2840.77,-2932.3
5035,-2920.42,-2970
5036,-2783.34,-2824.84
5037,-2744.58,-2896.69
5038,-2795.28,-2897.76
5039,-2334.02,-2392.04
5040,-2436.26,-2471.19
5041,-2688.9,-2782.23
5042,-2948.18,-3003.94
5043,-2983.82,-3070.46
5044,-2860.6,-2975.08
5045,-2763.94,-2806.09
5046,-2630.23,-2619.26
5047,-2497.36,-2566.11
5048,-2577.31,-2683.73
5049,-2897.31,-2971.88
5050,-3016.49,-3055.73
5051,-3022.45,-3092.19
5052,-2858,-2943.57
5053,-2920.55,-2965.26
5054,-2886.05,-2937.55
5055,-2438.65,-2425.08
5056,-2654.96,-2706.91
5057,-3013.63,-3105.17
5058,-3148.75,-3241.84
5059,-3010.17,-3047.36
5060,-2982.89,-2961.97
5061,-2927.03,-2967.23
5062,-2717.08,-2846.23
5063,-2657.26,-2815.23
5064,-2808.28,-2789.53
5065,-3056.48,-3093.39
5066,-3187.76,-3269.98
5067,-3094.47,-3174.21
5068,-2991.97,-3086.94
5069,-3124.15,-3170.54
5070,-2626.98,-2688.73
5071,-2673.2,-2673.14
5072,-2909.59,-3021.79
5073,-3257.99,-3277.83
5074,-3277.09,-3349.99
5075,-3142.31,-3194.28
5076,-2997,-3089.25
5077,-2991.37,-2984.01
5078,-2783.38,-2767.67
5079,-2766.88,-2875.94
5080,-3087.14,-3120.84
5081,-3268.18,-3251.23
5082,-3315.17,-3366.51
5083,-3153.4,-3264.64
5084,-3126.49,-3155.08
5085,-3100.35,-3129.21
5086,-2848.49,-2887.43
5087,-2801.2,-2802.34
5088,-3112.08,-3233.64
5089,-3374.18,-3476.58
5090,-3373.15,-3287.57
5091,-3209,-3226.17
5092,-3107.05,-3230.74
5093,-2809.22,-2999.67
5094,-3111.44,-3096.12
5095,-2935.13,-2950.7
5096,-3254.24,-3249.18
5097,-3378.06,-3438.62
5098,-3409.4,-3483.92
5099,-3237.52,-3328.85
5100,-3293.34,-3291.37
5101,-3283.23,-3368.69
5102,-2536.12,-2599.02
5103,-3116.94,-3094.71
5104,-3408.54,-3453.82
5105,-3482.95,-3491.65
5106,-3386.24,-3456.98
5107,-3279.14,-3280.57
5108,-3182.73,-3275.53
5109,-3137.49,-3121.01
5110,-2970.82,-2950.28
5111,-3130.2,-3202.31
5112,-3435.02,-3492.97
5113,-3554.88,-3589.04
5114,-3424.96,-3444.6
5115,-3353.54,-3371.59
5116,-3407.39,-3372.4
5117,-2883.24,-2971.37
5118,-3083.04,-3187.45
5119,-3316.1,-3360.79
5120,-3532.45,-3504.97
5121,-3547.89,-3536.74
5122,-3426.45,-3438.88
5123,-3343.01,-3427.39
5124,-3325.78,-3446.95
5125,-3037.16,-3060.81
5126,-3087.69,-3074.73
5127,-3407.56,-3435.63
5128,-3518.42,-3582.85
5129,-3638.75,-3620.93
5130,-3477.15,-3484.65
5131,-3464.36,-3485.33
5132,-3352.26,-3433.84
5133,-3148.07,-3125.07
5134,-3027.74,-3059.83
5135,-3532.45,-3487.51
5136,-3719.63,-3732.19
5137,-3599.01,-3646.38
5138,-3467.98,-3504.54
5139,-3441.89,-3461.12
5140,-3012.14,-2997.62
5141,-3469.86,-3464.07
5142,-3210.23,-3253.03
5143,-3537.99,-3655.3
5144,-3756,-3696.93
5145,-3610.48,-3642.19
5146,-3514.58,-3515.69
5147,-3535.99,-3555.14
5148,-3403.64,-3373
5149,-2883.5,-2974.91
5150,-3469.56,-3487.04
5151,-3663.48,-3625.24
5152,-3636.36,-3678.48
5153,-3631.41,-3683.78
5154,-3578.84,-3549.84
5155,-3562.55,-3509.71
5156,-3281.35,-3368.9
5157,-3145.98,-3126.99
5158,-3467.47,-3470.94
5159,-3710.04,-3733.09
5160,-3728.97,-3773.31
5161,-3643.91,-3592.33
5162,-3624.29,-3584.04
5163,-3642.58,-3744.62
5164,-3128.54,-3195.22
5165,-3222.47,-3205.59
5166,-3582.42,-3520
5167,-3773.65,-3778.31
5168,-3721.59,-3844.74
5169,-3649.49,-3693.77
5170,-3614.91,-3476.45
5171,-3421.63,-3404.47
5172,-3235.13,-3338.08
5173,-3346.12,-3388.41
5174,-3695.24,-3654.75
5175,-3777.28,-3738.47
5176,-3779.16,-3830.27
5177,-3643.86,-3608.93
5178,-3621.22,-3645.69
5179,-3664.93,-3647.57
5180,-3179.15,-3111.75
5181,-3361.34,-3353.45
5182,-3699.89,-3771.39
5183,-3880.46,-3911.34
5184,-3731.78,-3695.43
5185,-3640.84,-3630.28
5186,-3579.65,-3638.82
5187,-3486.23,-3460.87
5188,-3354.31,-3374.71
5189,-3444.91,-3468.85
5190,-3745.3,-3789.32
5191,-3881.19,-3880.18
5192,-3791.82,-3710.38
5193,-3639.17,-3723.31
5194,-3770.46,-3809.09
5195,-3285.7,-3284.75
5196,-3351.54,-3225.15
5197,-3524.82,-3607.14
5198,-3865.92,-3883.55
5199,-3898.24,-3939.61
5200,-3792.97,-3741.8
5201,-3574.11,-3627.25
5202,-3605.79,-3596.21
5203,-3407.69,-3344.35
5204,-3360.41,-3391.66
5205,-3721.21,-3624.22
5206,-3874.92,-3843.2
5207,-3876.67,-3924.79
5208,-3706.03,-3751.45
5209,-3740.23,-3649.07
5210,-3694.09,-3668.79
5211,-3401.68,-3376.2
5212,-3310.22,-3305.67
5213,-3722.74,-3769.04
5214,-3917.69,-3964.76
5215,-3858.68,-3777.49
5216,-3772.8,-3688.99
5217,-3678.61,-3714.9
5218,-3350.85,-3457.07
5219,-3584.17,-3561.63
5220,-3490.11,-3413.35
5221,-3797.49,-3731.47
5222,-3842.22,-3842.52
5223,-3917.3,-3923.9
5224,-3750.54,-3758.07
5225,-3749.73,-3756.06
5226,-3771.05,-3791.41
5227,-3014.01,-2985.41
5228,-3603.83,-3514.71
5229,-3882.68,-3829.84
5230,-3926.94,-3961.6
5231,-3867.76,-3820.15
5232,-3686.5,-3659.83
5233,-3650.56,-3700.09
5234,-3579.14,-3518.51
5235,-3410.68,-3322.11
5236,-3581.61,-3580.5
5237,-3877.78,-3849.78
5238,-3968.3,-3979.1
5239,-3821.15,-3829.97
5240,-3713.24,-3737.02
5241,-3806.27,-3701.58
5242,-3305.83,-3274.55
5243,-3495.57,-3544.29
5244,-3681.68,-3698.12
5245,-3865.67,-3853.88
5246,-3966.55,-3844.14
5247,-3781.07,-3755.68
5248,-3705.22,-3712.77
5249,-3684.67,-3748.59
5250,-3396.18,-3330.39
5251,-3410.55,-3389.99
5252,-3757.07,-3718.06
5253,-3857.52,-3852.59
5254,-3972.6,-3918.52
5255,-3812.29,-3696.54
5256,-3771.57,-3772.58
5257,-3637.08,-3690.27
5258,-3414.9,-3401.82
5259,-3392.81,-3294.61
5260,-3843.58,-3704.61
5261,-3943.27,-3959.67
5262,-3834.88,-3885.68
5263,-3786.87,-3725.75
5264,-3716.48,-3712
5265,-3249.29,-3222.03
5266,-3699.08,-3683.1
5267,-3507.72,-3413.48
5268,-3788.45,-3819.72
5269,-3948.73,-3957.03
5270,-3858.55,-3849.86
5271,-3735.07,-3661.11
5272,-3775.15,-3721.56
5273,-3609.03,-3579
5274,-3073.41,-3168.53
5275,-3663.78,-3634.64
5276,-3895.09,-3754.91
5277,-3867.37,-3867.67
5278,-3802.78,-3816.82
5279,-3715.88,-3679.55
5280,-3789.73,-3660.38
5281,-3473.99,-3482.73
5282,-3281.31,-3276.72
5283,-3637.81,-3602.53
5284,-3872.96,-3834.19
5285,-3938.11,-3844.18
5286,-3767.64,-3705.08
5287,-3754.25,-3734.2
5288,-3802.44,-3833.98
5289,-3278.88,-3252.73
5290,-3320.54,-3275.31
5291,-3700.53,-3600.61
5292,-3910.01,-3861.26
5293,-3859.4,-3895.33
5294,-3692.86,-3726.35
5295,-3685.69,-3570.08
5296,-3573.51,-3397.64
5297,-3355.42,-3396.74
5298,-3441.97,-3426.92
5299,-3756.05,-3713.15
5300,-3876.88,-3789.45
5301,-3888.65,-3859.73
5302,-3656.74,-3597.49
5303,-3676.06,-3669.39
5304,-3748.5,-3672.21
5305,-3220.72,-3167
5306,-3400.87,-3327.62
5307,-3723.43,-3706.71
5308,-3944.38,-3897.34
5309,-3792.03,-3686.21
5310,-3677.51,-3591.3
5311,-3610.27,-3580.16
5312,-3448.37,-3462.87
5313,-3353.8,-3350.29
5314,-3491.43,-3418.56
5315,-3773.57,-3699.62
5316,-3884.77,-3828.86
5317,-3776.38,-3656.45
5318,-3626.08,-3666.02
5319,-3740.23,-3755.72
5320,-3232.66,-3188.6
5321,-3342.88,-3121.18
5322,-3572.1,-3492.8
5323,-3809.6,-3835.13
5324,-3807.25,-3830.31
5325,-3726.62,-3605.65
5326,-3591.72,-3513.13
5327,-3545.97,-3486.27
5328,-3336.57,-3195.09
5329,-3296.36,-3277.83
5330,-3638.7,-3498.1
5331,-3746.45,-3742.27
5332,-3811.3,-3772.76
5333,-3605.53,-3576.49
5334,-3615.94,-3506.59
5335,-3606.43,-3507.7
5336,-3293.85,-3241.93
5337,-3210.23,-3142.06
5338,-3555.43,-3614.66
5339,-3836.42,-3795.77
5340,-3771.52,-3591.04
5341,-3612.35,-3479.87
5342,-3518.55,-3539.6
5343,-3199.62,-3224.55
5344,-3430.37,-3361.99
5345,-3348.38,-3242.31
5346,-3634.82,-3532.3
5347,-3707.95,-3640.02
5348,-3730.59,-3630.96
5349,-3574.83,-3566.84
5350,-3607.54,-3536.61
5351,-3549.12,-3565.51
5352,-2853.82,-2726.47
5353,-3421.51,-3298.88
5354,-3660.79,-3623.32
5355,-3734.09,-3677.12
5356,-3663.14,-3544.29
5357,-3485.55,-3430
5358,-3436.94,-3432.9
5359,-3307.32,-3207.34
5360,-3192.96,-3030.29
5361,-3336.19,-3279.2
5362,-3638.66,-3610.94
5363,-3722.11,-3683.39
5364,-3570.44,-3538.1
5365,-3517.19,-3406
5366,-3533.05,-3386.36
5367,-3010.56,-2996.51
5368,-3199.49,-3238.81
5369,-3436.94,-3347
5370,-3596.36,-3531.4
5371,-3685.1,-3522.78
5372,-3520.9,-3425.34
5373,-3437.11,-3369.97
5374,-3346.59,-3369.46
5375,-3113.49,-3027.38
5376,-3146.49,-3044.72
5377,-3372.51,-3359
5378,-3553.73,-3487.17
5379,-3675.12,-3542.46
5380,-3483.03,-3363.27
5381,-3416.05,-3386.88
5382,-3332.09,-3277.19
5383,-3094.04,-3005.52
5384,-3000.88,-2895.54
5385,-3466.19,-3348.07
5386,-3669.19,-3568.89
5387,-3451.22,-3447.97
5388,-3349.49,-3336.8
5389,-3375.2,-3276.94
5390,-2926.22,-2779.45
5391,-3322.24,-3218.87
5392,-3093.15,-3023.11
5393,-3419.2,-3423.42
5394,-3560.51,-3498.7
5395,-3465.42,-3367.66
5396,-3373.84,-3216.18
5397,-3384.24,-3284.07
5398,-3187.72,-3119.86
5399,-2673.93,-2685.65
5400,-3201.41,-3131.43
5401,-3460.73,-3299.91
5402,-3484.31,-3384.02
5403,-3402.53,-3341.88
5404,-3297.77,-3206.11
5405,-3298.66,-3207
5406,-3039.89,-2945.79
5407,-2873.31,-2722.8
5408,-3139.45,-3102.74
5409,-3390.98,-3367.19
5410,-3480.6,-3300.25
5411,-3328.38,-3210.33
5412,-3271.85,-3255.85
5413,-3214.11,-3297.73
5414,-2814.29,-2690.69
5415,-2941.36,-2703.33
5416,-3201.62,-3092.37
5417,-3353.67,-3325.82
5418,-3322.07,-3350.24
5419,-3265.58,-3156.19
5420,-3156.89,-3033.62
5421,-2998.02,-2876.84
5422,-2851.18,-2808.06
5423,-2914.45,-2783.08
5424,-3187.98,-3179.04
5425,-3329.66,-3262.93
5426,-3300.37,-3222.59
5427,-3160.18,-2974.36
5428,-3173.65,-3083.1
5429,-3186.53,-3112.56
5430,-2623.83,-2515.47
5431,-2803.59,-2737.74
5432,-3216.84,-3131.6
5433,-3367.14,-3267.37
5434,-3179.24,-3083.02
5435,-3100.7,-3003.77
5436,-3047.95,-2928.25
5437,-2838.94,-2812.71
5438,-2722.84,-2732.62
5439,-2889.04,-2814.93
5440,-3220.21,-3005.05
5441,-3251.29,-3110.3
5442,-3113.96,-3095.57
5443,-3045.14,-3026.19
5444,-3130.33,-3046.72
5445,-2642.93,-2512.18
5446,-2726.37,-2525.89
5447,-2895.86,-2832.1
5448,-3139.84,-3135.1
5449,-3184.31,-3129.08
5450,-3091.7,-2991.82
5451,-2941.83,-2838.67
5452,-2890.66,-2790.9
5453,-2699.6,-2491.13
5454,-2611.46,-2558.46
5455,-2950.65,-2840.85
5456,-3107.09,-3014.66
5457,-3115.32,-3037.59
5458,-2950.69,-2896.86
5459,-2946.81,-2806.86
5460,-2884.35,-2769.46
5461,-2567.04,-2535.49
5462,-2521.67,-2415.39
5463,-2885.33,-2862.67
5464,-3145.04,-3005.44
5465,-3043.26,-2906.21
5466,-2887.85,-2772.11
5467,-2798.9,-2726.3
5468,-2502.65,-2460.35
5469,-2761.55,-2655.59
5470,-2555.27,-2496.09
5471,-2925.67,-2725.1
5472,-3005.36,-2860.23
5473,-2984.46,-2921.2
5474,-2814.81,-2799.9
5475,-2887.46,-2725.66
5476,-2832.25,-2770.79
5477,-2064.42,-1896.47
5478,-2626.26,-2568.2
5479,-2953.47,-2878.12
5480,-2925.79,-2816.55
5481,-2865.55,-2703.03
5482,-2756.22,-2642.32
5483,-2660.54,-2654.61
5484,-2511.18,-2342.43
5485,-2341.65,-2222.45
5486,-2606.65,-2512.44
5487,-2838.17,-2771.6
5488,-2878.89,-2795.34
5489,-2777.58,-2722.97
5490,-2741.77,-2530.07
5491,-2746.29,-2563.5
5492,-2168.45,-2160.42
5493,-2347.53,-2378.72
5494,-2623.96,-2485.92
5495,-2800.91,-2651.28
5496,-2826.02,-2696.54
5497,-2634.57,-2544.59
5498,-2553.05,-2518.59
5499,-2552.2,-2526.48
5500,-2238,-2127.88
5501,-2261.87,-2146.54
5502,-2562.13,-2511.93
5503,-2705.06,-2577.89
5504,-2801.38,-2659.31
5505,-2601.49,-2504.92
5506,-2542.9,-2526.14
5507,-2462.06,-2356.9
5508,-2237.23,-2042.79
5509,-2135.02,-2059.61
5510,-2592.75,-2463.42
5511,-2720.83,-2630.53
5512,-2594.11,-2539.12
5513,-2514.72,-2435.03
5514,-2458.82,-2335.94
5515,-1956.84,-1876.58
5516,-2460.65,-2281.24
5517,-2207.51,-2084.63
5518,-2497.11,-2484.26
5519,-2619.69,-2581.52
5520,-2572.49,-2411.16
5521,-2490.37,-2235.47
5522,-2447.52,-2358.56
5523,-2193.87,-2189.11
5524,-1763.65,-1722.36
5525,-2339.22,-2147.78
5526,-2529.98,-2381.79
5527,-2504.06,-2437.38
5528,-2445.22,-2369.49
5529,-2368.09,-2206.1
5530,-2333.63,-2247.09
5531,-2102.02,-2002.79
5532,-1911.34,-1783.85
5533,-2224.61,-2108.24
5534,-2428.29,-2303.66
5535,-2530.54,-2400.62
5536,-2359.13,-2254.94
5537,-2229.77,-2200.25
5538,-2328.9,-2265.53
5539,-1901.62,-1742
5540,-1867.21,-1760.96
5541,-2184.57,-2074.86
5542,-2455.54,-2287.05
5543,-2376.7,-2379.36
5544,-2226.95,-2163.28
5545,-2167.09,-2011.79
5546,-2068.3,-1830.9
5547,-1838.35,-1766.85
5548,-1866.7,-1816.04
5549,-2195.57,-2153.41
5550,-2350.39,-2226.29
5551,-2314.19,-2229.16
5552,-2106.16,-1961.37
5553,-2118.14,-2055.69
5554,-2167.47,-2046.63
5555,-1600.43,-1442.8
5556,-1793.32,-1745.63
5557,-2182.23,-2055
5558,-2347.28,-2231.33
5559,-2186.02,-2044.97
5560,-2022.59,-1923.54
5561,-1994.96,-1861.81
5562,-1841.8,-1783.08
5563,-1698.37,-1694.31
5564,-1839.29,-1699.05
5565,-2119.38,-1935.07
5566,-2228.53,-2110.59
5567,-2088.51,-2046.55
5568,-1963.32,-1899.72
5569,-2037.47,-1943.31
5570,-1578.85,-1440.79
5571,-1660.8,-1468.71
5572,-1850.29,-1740
5573,-2057.64,-2020.08
5574,-2126.67,-2072.04
5575,-2052.73,-1859.2
5576,-1822.87,-1769.63
5577,-1758.61,-1684.45
5578,-1606.82,-1419.87
5579,-1590.19,-1479.22
5580,-1860.95,-1721.55
5581,-1989.24,-1862.49
5582,-2038.92,-1978.19
5583,-1905.93,-1759.59
5584,-1826.45,-1687.18
5585,-1761.9,-1667.12
5586,-1457.25,-1416.37
5587,-1450,-1258.4
5588,-1812.13,-1718.31
5589,-1998.37,-1961.93
5590,-1934.58,-1771.89
5591,-1780.57,-1602.82
5592,-1704.42,-1611.95
5593,-1335.6,-1378.92
5594,-1611.43,-1533.4
5595,-1470.34,-1334.05
5596,-1809.48,-1554.79
5597,-1859.67,-1758.36
5598,-1860.65,-1798.75
5599,-1673.68,-1645.3
5600,-1756.99,-1564.61
5601,-1717.3,-1597.82
5602,-911.606,-789.945
5603,-1506.54,-1396.86
5604,-1750.26,-1687.27
5605,-1857.83,-1687.4
5606,-1739.09,-1579.29
5607,-1552.97,-1491.81
5608,-1505.6,-1476.61
5609,-1414.23,-1131.85
5610,-1229.35,-1049.4
5611,-1400.11,-1335.25
5612,-1657.9,-1612.34
5613,-1767.4,-1620.92
5614,-1630.06,-1481.35
5615,-1571.9,-1439
5616,-1567.51,-1411.37
5617,-987.672,-962.007
5618,-1224.02,-1178.04
5619,-1465.86,-1311.42
5620,-1614.33,-1465.64
5621,-1660.97,-1511.92
5622,-1477.16,-1358.43
5623,-1388.51,-1324.1
5624,-1386.3,-1311.25
5625,-1036.15,-948.771
5626,-1086.17,-960.384
5627,-1409.58,-1273.64
5628,-1550.62,-1388.23
5629,-1569.47,-1466.79
5630,-1361.4,-1318.55
5631,-1452.86,-1297.76
5632,-1306.69,-1125.02
5633,-964.136,-891.133
5634,-938.255,-864.149
5635,-1459.25,-1172.32
5636,-1543.72,-1442.28
5637,-1360.59,-1350.83
5638,-1279.1,-1233.08
5639,-1309.85,-1101.88
5640,-787.571,-647.514
5641,-1191.48,-1088.51
5642,-1005.96,-874.097
5643,-1289.12,-1257.41
5644,-1454.05,-1341.65
5645,-1335.47,-1211.56
5646,-1249.81,-1027.33
5647,-1237.96,-1118.31
5648,-1013.04,-921.233
5649,-541.463,-552.987
5650,-1130,-912.608
5651,-1282.94,-1128.47
5652,-1287.85,-1192.65
5653,-1217.88,-1117.55
5654,-1153.36,-974.943
5655,-1147.35,-991.979
5656,-849.226,-805.23
5657,-702.465,-522.674
5658,-989.335,-846.516
5659,-1204.15,-1115.15
5660,-1281.36,-1154.86
5661,-1139.72,-960.854
5662,-1025.19,-978.103
5663,-1098.49,-1012.39
5664,-634.542,-497.996
5665,-650.66,-507.602
5666,-923.843,-826.492
5667,-1185.85,-1060.33
5668,-1180.14,-1071.82
5669,-1008.18,-907.143
5670,-883.038,-762.023
5671,-772.264,-600.123
5672,-647.121,-514.903
5673,-664.091,-554.823
5674,-917.276,-908.382
5675,-1078.66,-990.527
5676,-1136.78,-900.44
5677,-911.691,-720.395
5678,-842.66,-835.714
5679,-842.532,-770.177
5680,-410.393,-153.959
5681,-627.891,-454.49
5682,-907.939,-847.925
5683,-1037.52,-933.401
5684,-892.29,-750.068
5685,-833.919,-688.544
5686,-746.638,-624.587
5687,-575.829,-473.532
5688,-447.829,-438.394
5689,-586.063,-466.145
5690,-837.714,-664.806
5691,-976.586,-803.01
5692,-818.867,-776.197
5693,-706.601,-631.931
5694,-796.738,-640.47
5695,-295.781,-179.149
5696,-364.514,-201.393
5697,-545.215,-493.769
5698,-871.227,-746.909
5699,-852.125,-766.463
5700,-746.51,-639.189
5701,-562.015,-490.994
5702,-533.362,-353.046
5703,-303.115,-153.532
5704,-304.053,-249.169
5705,-599.153,-469.817
5706,-709.245,-552.133
5707,-747.619,-652.766
5708,-644.989,-532.707
5709,-547.773,-414.143
5710,-465.524,-353.046
5711,-255.062,-133.422
5712,-160.959,5.80654
5713,-459.512,-417.217
5714,-713.892,-652.467
5715,-701.015,-511.658
5716,-516.605,-375.546
5717,-396.493,-303.648
5718,-0.596935,-97.8999
5719,-349.975,-256.811
5720,-191.233,10.4176
5721,-527.904,-323.501
5722,-536.261,-529.206
5723,-564.658,-515.971
5724,-446.721,-309.412
5725,-435.763,-302.153
5726,-375.302,-361.372
5727,365.026,508.414
5728,-269.388,-68.9099
5729,-485.053,-444.841
5730,-510.891,-402.786
5731,-475.715,-327.215
5732,-286.358,-196.355
5733,-169.316,-165.102
5734,-119.899,97.8999
5735,17.7375,208.566
5736,-102.076,-42.8659
5737,-381.783,-299.293
5738,-471.28,-378.535
5739,-340.765,-268.894
5740,-255.702,-128.811
5741,-275.272,-77.2782
5742,273.226,265.991
5743,66.5157,119.162
5744,-163.901,-14.0467
5745,-338.974,-212.793
5746,-368.522,-256.256
5747,-199.206,-28.3496
5748,-144.629,-2.51901
5749,-46.7742,-99.992
5750,264.954,324.44
5751,192.469,378.791
5752,-138.915,-26.8125
5753,-238.987,-173.3
5754,-292.626,-173.043
5755,-100.839,-19.4263
5756,-141.772,-13.0647
5757,-20.5516,91.9653
5758,273.524,408.849
5759,402.931,448.213
5760,-147.614,19.3409
5761,-303.328,-132.056
5762,-120.922,-34.9673
5763,26.521,38.9807
5764,36.7968,131.074
5765,464.927,650.076
5766,67.9227,208.31
5767,322.26,399.029
5768,4.3491,-12.8939
5769,-200.016,-38.6391
5770,-51.976,59.944
5771,41.2738,190.634
5772,77.0473,150.159
5773,264.826,402.316
5774,730.35,777.051
5775,157.548,275.213
5776,14.1985,131.501
5777,8.86875,114.124
5778,28.8235,139.272
5779,151.749,277.134
5780,182.236,289.388
5781,431.499,491.25
5782,599.28,759.674
5783,322.857,382.121
5784,52.0613,157.118
5785,13.431,128.171
5786,163.134,311.333
5787,248.069,314.492
5788,189.271,243.277
5789,685.452,745.201
5790,688.309,768.384
5791,283.118,463.883
5792,60.461,208.48
5793,159.765,124.286
5794,291.901,320.64
5795,322.857,576.171
5796,504.496,658.316
5797,682.979,694.906
5798,637.484,698.748
5799,285.889,413.161
5800,180.274,299.592
5801,209.141,283.837
5802,409.796,532.28
5803,386.771,453.892
5804,315.267,456.411
5805,922.905,1100.68
5806,754.697,807.322
5807,348.269,408.251
5808,131.07,313.083
5809,389.245,479.21
5810,488.464,557.171
5811,494.476,610.156
5812,648.698,763.261
5813,885.639,898.903
5814,689.375,789.305
5815,372.829,505.937
5816,325.031,385.409
5817,440.41,532.664
5818,540.61,598.415
5819,477.548,536.806
5820,969.38,1042.02
5821,841.338,1074.21
5822,681.743,769.708
5823,430.262,487.109
5824,447.36,415.253
5825,474.265,655.755
5826,680.89,774.233
5827,726.001,820.43
5828,927.169,1072.16
5829,956.376,1050.21
5830,635.097,770.818
5831,521.892,616.987
5832,484.839,565.07
5833,623.499,704.171
5834,663.536,793.361
5835,721.226,823.632
5836,1009.93,1141.71
5837,1095.46,1191.79
5838,719.691,718.26
5839,540.141,598.927
5840,589.729,755.832
5841,701.229,831.232
5842,807.355,863.722
5843,1199.84,1166.3
5844,926.529,964.953
5845,1029.76,1152.56
5846,711.973,910.815
5847,670.358,733.417
5848,666.009,634.535
5849,820.957,879.178
5850,771.71,943.69
5851,787.23,840.667
5852,1603.84,1634.11
5853,1009.8,1167.24
5854,717.857,869.102
5855,642.899,710.618
5856,765.399,857.361
5857,1004.6,1063.15
5858,1005.79,1068.27
5859,1045.57,1225.31
5860,1267.04,1381.74
5861,1129.96,1174.59
5862,786.931,952.443
5863,703.147,762.279
5864,894.891,891.944
5865,1001.15,1064.77
5866,857.668,1097.52
5867,1463.9,1473.96
5868,1318.72,1250.11
5869,1020.12,1153.32
5870,838.353,946.508
5871,799.339,936.262
5872,1028.82,1089.79
5873,1079.47,1138.64
5874,1124.41,1057.09
5875,1459.63,1540.61
5876,1401.82,1519.78
5877,1042.89,1138.81
5878,983.877,936.902
5879,850.889,989.716
5880,1023.15,1217.58
5881,1073.72,1137.61
5882,1243.93,1230.69
5883,1451.32,1507.99
5884,1476.14,1640.26
5885,1072.05,1208.06
5886,931.134,966.746
5887,1021.44,1056.58
5888,1116.4,1219.42
5889,1246.32,1278.76
5890,1652.91,1735.3
5891,1173.75,1306.17
5892,1408.3,1550.05
5893,1165.69,1150.12
5894,946.654,1066.95
5895,1085.06,1187.78
5896,1232.33,1329.7
5897,1166.84,1242.56
5898,1395.29,1488.52
5899,1888.49,1940.71
5900,1304.56,1378.84
5901,1087.45,1206.05
5902,1138.19,1208.23
5903,1196.81,1282.13
5904,1261.15,1332.73
5905,1285.76,1361.63
5906,1570.41,1676.42
5907,1717.38,1848.31
5908,1438.02,1433.57
5909,1187.77,1228.81
5910,1068.09,1252.33
5911,1255.44,1372.95
5912,1367.66,1352.5
5913,1317.65,1339.9
5914,1765.91,1864.5
5915,1755.12,1795.54
5916,1425.61,1555.51
5917,1191.53,1289.52
5918,1223.04,1218.05
5919,1407.57,1435.5
5920,1469.44,1610.2
5921,1556.81,1751.91
5922,1765.91,1744.82
5923,1717.17,1784.66
5924,1412.56,1467.99
5925,1276.97,1370.68
5926,1282,1369.83
5927,1466.24,1600.9
5928,1469.31,1493.73
5929,1453.11,1566.23
5930,1989.07,2109.22
5931,1743.48,1800.58
5932,1449.19,1493.69
5933,1292.58,1367.31
5934,1394.53,1515.29
5935,1502.49,1576.26
5936,1595.05,1682.49
5937,1758.66,1804.72
5938,1861.37,1877.56
5939,1750.9,1804.81
5940,1462.19,1573.53
5941,1331,1419.74
5942,1446.93,1602.6
5943,1640.63,1616.99
5944,1497.16,1520.84
5945,2012.01,2067.3
5946,1932.07,2113.2
5947,1699.18,1784.1
5948,1418.57,1456.16
5949,1462.7,1455.35
5950,1582.09,1655.03
5951,1648.39,1781.2
5952,1708.09,1841.78
