sample,mean0,mean1,diff_of_means,t_first,t_second
0,439.18895,504.31596,-65.127001,-1.1819503,1.4680564
1,1264.7511,1201.9463,62.804797,1.2418638,1.6049241
2,2077.9929,2103.7093,-25.716421,-0.49079039,0.7981178
3,3193.5874,3304.2401,-110.65275,-1.2490685,-0.13911509
4,11399.523,11356.209,43.314941,0.50899441,1.1711722
5,-10119.221,-10442.111,322.89007,1.4931677,0.42037206
6,-7887.5266,-7612.2591,-275.26754,-1.432204,-0.84757136
7,5640.2809,5737.2512,-96.970317,-1.662837,0.87395574
8,3248.7258,3181.6998,67.025996,0.8075553,0.43278723
9,-9017.2592,-9198.7109,181.45173,1.7106426,0.60532337
10,-8491.626,-8360.0379,-131.58812,-1.5431775,0.10207301
11,-487.35937,-403.91785,-83.441517,-0.93298529,-1.2979486
12,7708.0742,7782.0158,-73.941636,-1.1505088,1.1674224
13,1201.1298,909.04265,292.08713,2.1486491,0.91599652
14,-6230.3432,-6051.4882,-178.85504,-2.0368391,-0.88440501
15,9282.3479,9386.06,-103.7121,-0.79535122,1.0757722
16,5581.7089,5376.2022,205.50666,1.3625561,1.019078
17,-3601.4706,-3536.4803,-64.990359,-1.1463246,1.6666981
18,-3272.3566,-3426.376,154.01938,2.2525552,0.58258959
19,-5255.4225,-5057.2133,-198.20922,-2.5057344,-0.51429086
20,5022.7503,5129.2006,-106.45034,-1.3392631,0.53068922
21,2156.5602,1947.6019,208.95826,2.1670566,0.43593134
22,-4445.5132,-4337.3397,-108.17356,-2.0256233,-0.93003566
23,-2832.2588,-2867.0585,34.799675,0.65609692,-0.32472868
24,-2125.6584,-2098.5529,-27.10546,-0.50411854,1.6876993
25,-2607.8675,-2622.1801,14.312639,0.24907184,2.1884233
26,-1826.9412,-1781.3839,-45.557337,-0.59810727,1.3039944
27,4637.286,4716.1833,-78.897258,-1.3891834,1.5112777
28,1157.3018,1003.7788,153.52294,2.1634177,1.4786527
29,-2054.7661,-2024.7457,-30.020419,-0.57326428,1.6738638
30,161.17396,151.96209,9.2118792,0.15592736,1.9053845
31,3354.8623,3423.9494,-69.08712,-1.2267603,1.2303214
32,3849.3917,3804.9163,44.475444,0.79955649,-1.2640292
33,-320.42919,-373.88942,53.460224,0.83263986,0.480896
34,-3146.7298,-3110.1169,-36.612879,-0.68636906,-2.0994136
35,-3150.9712,-3137.2133,-13.757933,-0.25724027,-1.1054549
36,-1825.0225,-1827.1848,2.1623489,0.041067756,-1.425377
37,-1545.5937,-1474.9321,-70.661619,-1.3403575,0.71645283
38,1162.755,1124.7014,38.053608,0.68174665,0.78442368
39,-459.99211,-385.11216,-74.879946,-1.1221241,0.62529194
40,-3169.3507,-3288.9731,119.62245,2.2548927,-0.023334966
41,-267.41144,-145.99684,-121.4146,-2.1525212,0.95259445
42,-233.98501,-268.84044,34.855432,0.65197955,1.4323628
43,-760.72899,-813.90205,53.17306,1.0271397,0.68056258
44,-151.27732,-53.080569,-98.196749,-1.933163,1.3433336
45,585.01302,493.69984,91.313176,1.7746251,0.54406028
46,173.99921,191.69668,-17.697471,-0.3380377,0.23347801
47,218.23116,260.75197,-42.520811,-0.7933276,-2.1368041
48,2543.4383,2534.3191,9.119149,0.17422228,-1.250476
49,2061.8351,2097.5419,-35.706756,-0.66742902,0.67352231
50,592.78895,561.84518,30.943773,0.584286,1.4334792
51,-1404.314,-1423.6714,19.357402,0.35941683,0.59008036
52,-2375.8012,-2352.4297,-23.371484,-0.44920798,0.34216903
53,-2037.0935,-2036.6761,-0.41734578,-0.0080421129,-0.062222415
54,-1221.63,-1160.2907,-61.339301,-1.1747575,1.5490014
55,-293.16292,-352.15166,58.98874,1.1354481,1.6502378
56,-749.7215,-690.35071,-59.370788,-1.1519283,0.39174977
57,-915.33886,-984.66983,69.33097,1.362793,-1.3928061
58,-229.74359,-162.47709,-67.266497,-1.29539,-1.9976249
59,383.64655,375.00158,8.6449685,0.16799255,-2.0972649
60,814.75661,746.56556,68.191047,1.2914834,-1.4062719
61,-867.4714,-771.63981,-95.83159,-1.8147718,-0.90193546
62,1058.1333,992.15166,65.981675,1.243545,1.0845525
63,-689.7357,-689.54186,-0.19383606,-0.0036625817,0.78312989
64,176.42288,295.53239,-119.10951,-2.2894524,-0.7840334
65,225.50217,149.73776,75.764413,1.396772,-1.4649515
66,2430.9396,2551.7093,-120.76968,-2.30724,0.80152485
67,2850.0323,2833.0869,16.945459,0.32288596,2.6224398
68,881.81144,835.5387,46.272735,0.84062973,1.4672191
69,-1153.2623,-1103.7725,-49.489816,-0.93568034,1.309537
70,-1738.1744,-1810.7046,72.530222,1.4100104,0.073911943
71,-1020.5665,-975.26698,-45.299487,-0.86807808,0.81141352
72,-279.52978,-297.15008,17.620296,0.3385547,-2.2334359
73,-458.78028,-444.66351,-14.116769,-0.27260123,-1.4883716
74,-389.40276,-435.15956,45.756796,0.88298864,-0.27229543
75,277.71203,301.59874,-23.886705,-0.4703476,1.7967909
76,589.45641,616.34123,-26.884822,-0.52280279,1.2282999
77,940.98935,912.17694,28.812414,0.55709407,0.39927527
78,865.95661,872.74566,-6.7890481,-0.13133697,-1.0255336
79,414.24536,446.68562,-32.440259,-0.62990619,-0.50711941
80,78.870217,25.478673,53.391544,1.0077858,0.11161073
81,-843.63866,-777.09953,-66.539133,-1.3014996,0.061588584
82,67.559763,60.36019,7.1995737,0.13864902,-1.1801867
83,877.46903,949.48499,-72.015959,-1.3944734,-1.7413924
84,382.03077,354.17378,27.856994,0.53584443,-0.96331719
85,152.18619,136.49289,15.693302,0.30094148,-1.768697
86,-366.27692,-323.33649,-42.94043,-0.83178438,-0.68281762
87,-963.10533,-1035.3239,72.218529,1.373959,-0.32532629
88,-1576.7984,-1574.6224,-2.1759892,-0.042537276,2.0369635
89,-1670.0087,-1646.3065,-23.702201,-0.46492744,1.8440135
90,-1356.7495,-1433.4787,76.729166,1.4905638,0.56187169
91,-1358.4663,-1275.3491,-83.117141,-1.6114031,0.36680825
92,-576.32821,-607.84834,31.520136,0.59770782,1.8681672
93,171.77751,172.58768,-0.81016293,-0.015671775,1.8139531
94,503.2142,570.43918,-67.224977,-1.3307037,2.0310673
95,753.96292,714.21169,39.751229,0.78380312,0.77677463
96,463.22367,461.04265,2.1810146,0.041851355,-0.19882409
97,-35.648126,3.0331754,-38.681302,-0.7458835,-1.6292029
98,-306.99803,-308.27172,1.2736943,0.024653957,-1.4007222
99,-472.11045,-497.94629,25.835834,0.50193781,0.2013959
100,-390.00868,-336.78357,-53.225108,-1.0401508,1.9516965
101,-352.23984,-384.10111,31.861264,0.62137943,2.029927
102,-168.84892,-192.30332,23.454402,0.45027704,1.3702189
103,-210.96016,-189.27014,-21.690016,-0.42546516,-0.1266284
104,-307.80592,-386.32543,78.519517,1.5394274,-0.45085472
105,-627.22525,-620.68878,-6.536463,-0.12644969,1.2615255
106,-751.23629,-747.37441,-3.8618843,-0.074878332,1.4899263
107,-983.90848,-988.41074,4.5022612,0.087013489,0.4809467
108,-1100.5475,-1047.1532,-53.394296,-1.0340463,-1.3287116
109,-875.65128,-863.84834,-11.802941,-0.22483605,-0.81983999
110,-1.5147929,-7.0774092,5.5626163,0.1059252,-0.94921673
111,549.36489,600.56872,-51.203829,-0.97574647,-0.87998662
112,682.56568,703.69668,-21.131002,-0.39897784,0.48726936
113,832.12623,806.72354,25.402694,0.4860584,1.4519673
114,570.87495,639.09005,-68.215097,-1.3159649,0.14613949
115,295.78856,200.18957,95.598987,1.8615018,0.95847272
116,-86.343195,-31.64613,-54.697066,-1.0628882,2.1642769
117,-319.6213,-333.95261,14.331305,0.27770941,2.4156701
118,-295.78856,-332.73934,36.950776,0.71790123,0.25760694
119,-680.34398,-672.25276,-8.0912196,-0.1596732,0.67317076
120,-288.71953,-333.75039,45.030868,0.88619314,0.50512013
121,-236.40868,-246.19273,9.7840545,0.19202275,0.46272033
122,-608.34083,-587.42496,-20.915868,-0.40067625,-0.50699673
123,-121.89034,-104.34123,-17.549103,-0.31830273,-1.1372548
124,-250.24379,-258.72986,8.4860708,0.15300412,-0.47883762
125,57.865089,118.69826,-60.833173,-1.0914657,0.058660794
126,581.4785,583.48183,-2.0033316,-0.03923207,2.0273296
127,1868.7495,1914.4392,-45.689672,-0.86373634,2.4499333
128,-356.38028,-410.48973,54.109455,0.98981238,2.8922559
129,1358.9712,1413.4597,-54.488512,-0.95154838,2.1802402
130,1670.2107,1634.2749,35.935769,0.69590592,1.3397766
131,2678.9617,2701.0427,-22.080918,-0.4237218,-0.20989119
132,1724.5412,1673.2006,51.340591,0.99165175,-1.0278817
133,1885.0083,1925.9652,-40.956961,-0.79782332,-1.4817204
134,1081.1582,1007.0142,74.143967,1.4386899,-0.91804984
135,926.85128,944.93523,-18.083947,-0.34629801,-0.21181168
136,898.27219,914.70458,-16.432392,-0.31531224,-0.89668548
137,1092.1657,1088.91,3.2557279,0.063081189,0.75376559
138,1054.2959,1015.406,38.889855,0.74250997,0.27401886
139,1121.9566,1253.9147,-131.95808,-2.5336006,-0.59290343
140,1211.8343,1096.4929,115.34143,2.2129099,-0.78653835
141,1005.2166,1105.7946,-100.57806,-1.8995158,1.1042638
142,838.79132,828.15798,10.633344,0.2022686,2.5583929
143,781.93609,757.78831,24.147785,0.46287283,1.7517964
144,427.37357,476.10742,-48.733855,-0.95096315,-0.14007356
145,599.757,573.67457,26.082436,0.50759022,-0.86280865
146,601.87771,569.52923,32.348486,0.62308825,-0.47015107
147,234.7929,263.07741,-28.28451,-0.54412395,-1.1435819
148,399.80434,380.4613,19.343044,0.3726758,-0.61103222
149,436.56331,375.60821,60.955099,1.1730361,0.3393391
150,311.74438,370.1485,-58.404121,-1.1347977,1.9623466
151,185.8146,147.41232,38.402273,0.74376991,1.962395
152,-441.20868,-454.26856,13.059884,0.25337527,1.9832683
153,-902.6146,-865.36493,-37.249667,-0.72715595,1.6895505
154,-1199.514,-1184.9605,-14.553498,-0.28253476,0.93825197
155,-1068.03,-1080.5182,12.488187,0.24127014,1.8987911
156,-987.443,-920.87204,-66.57096,-1.2929324,2.4248877
157,-631.76963,-668.81517,37.045541,0.72508021,0.83504557
158,-629.44694,-567.60821,-61.838728,-1.2088549,-1.1350277
159,-444.7432,-471.86098,27.117784,0.5282771,-0.33679848
160,-373.14398,-390.57188,17.427896,0.33670323,0.69840056
161,-317.09665,-309.5861,-7.510549,-0.14511224,1.2535319
162,-196.62012,-224.8594,28.239281,0.5450369,0.64111948
163,-279.73176,-299.37441,19.642652,0.38575249,0.95917483
164,-168.84892,-143.77251,-25.076403,-0.49683821,-0.071461093
165,-58.672978,-103.7346,45.061619,0.88335275,0.9028006
166,78.2643,125.87678,-47.612477,-0.91441097,1.4157068
167,179.14951,161.97156,17.177943,0.32667889,2.1673599
168,229.13767,241.64297,-12.505297,-0.23716052,0.97219271
169,145.82406,187.75355,-41.929491,-0.81545668,0.1059523
170,-106.43945,-156.20853,49.769083,0.98135858,-0.18509757
171,-242.36686,-192.60664,-49.760229,-0.96270438,-0.89623181
172,-342.94911,-336.07583,-6.873283,-0.13259644,-1.1702323
173,-243.5787,-216.77093,-26.807766,-0.51847246,-0.69365778
174,-120.17357,-179.36177,59.188199,1.1411106,0.70788814
175,197.73097,258.42654,-60.695574,-1.1796539,1.0474885
176,462.11282,409.8831,52.229724,1.0198663,0.25212116
177,712.86154,733.92733,-21.065792,-0.40555947,0.14978683
178,646.6146,614.21801,32.396586,0.6325702,1.2007367
179,737.40118,694.59716,42.804027,0.84292512,1.4442784
180,541.89191,560.22749,-18.335575,-0.35707362,0.52176292
181,345.37278,368.22749,-22.854707,-0.44197783,1.3105363
182,261.35227,216.2654,45.086865,0.87718942,0.76516349
183,6.0591716,106.46445,-100.40528,-1.9749999,-0.50258731
184,74.426824,12.840442,61.586382,1.2144262,-1.4342538
185,900.49389,939.2733,-38.779416,-0.7532219,-0.041860874
186,-337.49586,-291.18483,-46.311024,-0.88026382,0.68223259
187,1262.6304,1261.1943,1.436062,0.026996075,1.2627769
188,150.36844,125.06793,25.300511,0.47996242,1.9921251
189,337.39487,362.26224,-24.867371,-0.44724572,-0.45156046
190,-1210.3195,-1266.7551,56.435608,1.0668605,0.55503027
191,814.75661,874.86888,-60.112271,-1.1365471,0.59171363
192,2259.768,2252.3349,7.4331342,0.14256666,2.0678801
193,1432.5901,1366.951,65.639111,1.216586,0.35069606
194,73.820907,70.167457,3.6534507,0.070540013,1.1167396
195,396.57278,414.63507,-18.06229,-0.34926242,-0.2792695
196,1167.0974,1147.0458,20.051622,0.39254093,-0.57891724
197,1374.5231,1403.1469,-28.623843,-0.54950512,-1.4795282
198,1309.488,1332.575,-23.087071,-0.43777399,-1.7328411
199,971.38619,911.36809,60.018105,1.160477,0.36149985
200,538.86233,624.83412,-85.971796,-1.6499895,1.3534703
201,45.140828,40.442338,4.6984903,0.091543143,1.9168353
202,479.88639,476.91627,2.9701188,0.05785139,0.261381
203,633.68836,662.24329,-28.554923,-0.55607478,-0.91220578
204,370.61933,329.09953,41.519803,0.80287291,-0.96714679
205,526.13807,530.80569,-4.6676201,-0.08940235,0.48575846
206,-65.136095,-94.331754,29.195659,0.56968031,0.81674977
207,76.951479,64.404423,12.547056,0.24657725,0.54005342
208,170.26272,208.58136,-38.318637,-0.75239068,-2.002701
209,-194.80237,-267.93049,73.128123,1.4252971,-2.2041387
210,73.820907,124.25908,-50.438176,-0.98614512,-0.88967401
211,249.4359,257.7188,-8.2829019,-0.16011443,-0.86056419
212,298.71716,276.42338,22.293779,0.43107527,1.6455232
213,97.552663,129.11216,-31.559502,-0.60093059,1.004626
214,78.870217,99.28594,-20.415723,-0.39239466,-0.85302512
215,181.27022,164.90363,16.366583,0.31544728,-1.435809
216,48.978304,123.45024,-74.471933,-1.4393889,-0.78864166
217,31.507692,14.154818,17.352874,0.33795404,0.85647721
218,-256.90888,-246.69826,-10.210613,-0.19746339,0.77524714
219,-454.63984,-467.81675,13.176903,0.25906008,0.24043889
220,-445.04615,-441.63033,-3.4158221,-0.067432126,-1.5414021
221,-284.27613,-346.18641,61.91028,1.2153695,-2.8007526
222,-166.52623,-121.63033,-44.895901,-0.89655583,-1.8105261
223,34.133333,-28.815166,62.948499,1.2421087,-1.3750591
224,-165.41538,-215.25434,49.83896,0.96609296,-0.46305493
225,-167.03116,-81.99684,-85.034323,-1.6618853,-0.1109586
226,-68.872584,-124.25908,55.3865,1.0787318,0.42370769
227,6.5641026,44.890995,-38.326893,-0.73894274,0.55174222
228,-116.33609,-88.467615,-27.86848,-0.55018699,0.70815515
229,110.27692,69.055292,41.221631,0.82349048,0.5962652
230,126.83866,166.62243,-39.783774,-0.77931387,0.2630944
231,272.0568,290.98262,-18.925818,-0.36578238,0.61257988
232,362.54043,336.07583,26.464605,0.51683429,0.80672643
233,298.81815,366.00316,-67.185014,-1.3195896,-1.3010643
234,349.71519,293.20695,56.508236,1.1082925,-1.7643705
235,193.99448,227.99368,-33.999204,-0.65879499,-1.816706
236,92.907298,93.725118,-0.81782065,-0.015777258,-1.0433774
237,-4.6453649,5.6619273,-10.307292,-0.19901396,0.17340565
238,-2.1207101,-90.186414,88.065704,1.7095969,-1.2129665
239,35.143195,110.40758,-75.264388,-1.4921459,-0.59369956
240,138.75503,89.781991,48.973039,0.9582139,-0.12285095
241,160.36607,230.31912,-69.95304,-1.3531342,0.78846446
242,261.35227,236.18325,25.169014,0.49057292,1.5491182
243,333.86036,360.24013,-26.379771,-0.50885449,0.46459146
244,101.28915,106.86888,-5.5797265,-0.10781827,0.097651123
245,346.58462,400.78357,-54.198955,-1.0623775,-0.22554223
246,402.63195,392.89731,9.7346383,0.1909091,-0.33163992
247,-43.727022,-21.333333,-22.393688,-0.42785761,-0.25922414
248,367.1858,395.52607,-28.340268,-0.51585528,-0.3552038
249,523.20947,446.18009,77.029373,1.4316692,0.0010260982
250,1090.5499,1225.4028,-134.85294,-2.4015396,-0.15781592
251,2060.2193,1988.1453,72.07399,1.4177006,-0.49456435
252,3511.5929,3635.3618,-123.76887,-2.3641468,0.23302251
253,1622.9491,1706.3633,-83.414237,-1.5708488,0.17832909
254,3660.2446,3854.2559,-194.01135,-3.2853669,1.3911633
255,3989.4596,4203.5766,-214.11705,-4.0508762,-0.71081392
256,5176.2493,5412.1959,-235.94658,-4.3711247,0.4423529
257,4304.4355,4505.9842,-201.5487,-3.7705066,-1.0113331
258,4631.4288,4900.8025,-269.37373,-5.0558164,-0.70083669
259,4164.3677,4303.7725,-139.40486,-2.6133164,-1.7126367
260,4522.1617,4830.6351,-308.47334,-5.8837015,0.41910667
261,5111.9211,5354.4645,-242.54335,-4.4862029,-0.51476689
262,5461.4343,5691.248,-229.81371,-4.24816,0.77883496
263,5293.9992,5501.4724,-207.47314,-3.8306009,1.9273377
264,5226.7424,5534.2306,-307.48824,-5.7373027,-1.6951983
265,4789.8761,4958.534,-168.65783,-3.1254112,-0.73903432
266,4391.5866,4612.8531,-221.26649,-4.1416797,0.25345377
267,3987.4398,4206.7109,-219.27106,-4.0945769,1.7251337
268,3762.7456,3846.8752,-84.129635,-1.6089406,-0.085483662
269,2976.3661,3185.4408,-209.07468,-3.9969156,0.08883884
270,2683.5061,2810.7425,-127.23638,-2.4360584,-0.9585354
271,2269.4627,2351.5197,-82.057025,-1.5721574,-1.0676262
272,1327.5645,1484.9415,-157.37705,-3.0496177,-1.7541369
273,980.57594,1045.94,-65.364032,-1.2551777,-1.4898682
274,647.52347,652.63823,-5.1147592,-0.09856837,0.12403983
275,412.02367,562.95735,-150.93368,-2.909896,0.72910246
276,331.63866,288.96051,42.678153,0.82364425,1.9483523
277,-102.50099,-51.867299,-50.633688,-0.96812416,2.0519332
278,-93.513215,-138.61611,45.102899,0.88272579,1.6436326
279,-261.35227,-291.89258,30.540307,0.59670551,1.6663794
280,-218.02919,-230.31912,12.289924,0.24182666,1.0498914
281,-380.314,-397.34597,17.031968,0.33444452,1.8352797
282,-406.77239,-448.50553,41.733143,0.81777429,-0.39661872
283,-655.29941,-706.52765,51.228238,0.99648964,-1.8224027
284,-839.90217,-868.09479,28.192617,0.55315877,-1.5245715
285,-780.62327,-786.30016,5.6768838,0.11054126,0.89585124
286,-631.76963,-635.75355,3.9839293,0.07752478,1.0853748
287,-506.04181,-517.86414,11.822324,0.22808151,2.7784509
288,-391.11953,-438.90047,47.780947,0.91553944,2.0707723
289,-257.21183,-190.18009,-67.03174,-1.3095313,0.32966082
290,-53.017751,-81.187994,28.170242,0.55998365,0.12398003
291,68.16568,134.67299,-66.507305,-1.303736,1.0155745
292,319.92426,337.39021,-17.465945,-0.34013818,1.9557086
293,639.54556,618.26224,21.283319,0.41098231,1.8307074
294,874.74241,962.93207,-88.189663,-1.7211057,1.2172018
295,1165.8856,1195.981,-30.095441,-0.59137901,-0.22806563
296,1432.1862,1465.9336,-33.747456,-0.65982683,-1.1707455
297,1572.456,1665.3144,-92.85836,-1.8142317,-2.4168974
298,1832.8994,1849.9336,-17.034241,-0.33077087,-1.2292625
299,1758.4726,1848.0126,-89.540054,-1.7143384,0.53072215
300,1920.9594,2056.8973,-135.93795,-2.5919832,0.84870747
301,1820.5791,1885.1185,-64.539391,-1.2383364,0.89447079
302,1875.6166,2007.6588,-132.0422,-2.4871626,1.1550452
303,1844.3108,1926.2686,-81.957714,-1.5698037,0.97398122
304,1926.3116,2025.1501,-98.838442,-1.9204244,1.6907505
305,1908.1341,2030.5087,-122.37457,-2.3522939,0.82657833
306,1894.097,2036.575,-142.478,-2.7278266,1.2613527
307,1951.3562,2003.3112,-51.955003,-0.99747412,0.29577048
308,1727.6718,1879.0521,-151.38034,-2.9252505,-1.8222672
309,1602.5499,1671.5829,-69.033037,-1.3376777,-1.8274498
310,2482.2406,2554.7425,-72.501865,-1.3926042,-1.4063177
311,1175.6813,1318.4202,-142.73896,-2.7308943,0.16427031
312,2984.445,3019.8294,-35.384413,-0.66964468,0.75042472
313,1993.2655,2041.0237,-47.758213,-0.90220112,-1.2936853
314,2281.5811,2421.9905,-140.40946,-2.5686142,-1.8241612
315,812.43393,864.25276,-51.81884,-0.98394447,-1.2583257
316,2764.901,2934.2938,-169.39285,-3.1944429,-0.10868339
317,4157.6016,4263.6335,-106.03191,-2.0546963,2.6216047
318,3100.2761,3154.7046,-54.428447,-1.0137459,0.8578695
319,1479.0438,1600.6066,-121.56285,-2.3303009,0.86298388
320,1633.4517,1768.9479,-135.49619,-2.5828747,0.49283945
321,2340.0521,2398.4329,-58.380788,-1.1284705,0.12524064
322,2592.6185,2764.6382,-172.01969,-3.2995668,-1.2745861
323,2733.7972,2800.2275,-66.430249,-1.2660656,-1.8203669
324,2543.6402,2608.0253,-64.38504,-1.2267539,-0.014747985
325,2305.2118,2434.3254,-129.1136,-2.5044431,1.0889934
326,1847.7444,1908.4739,-60.729555,-1.1816684,0.70750291
327,2300.3645,2375.684,-75.319547,-1.4434061,0.81786408
328,2416.9026,2487.7093,-70.806757,-1.3719257,-0.39917194
329,2049.9187,2153.4534,-103.53466,-2.0174368,1.1534476
330,2186.755,2267.6019,-80.846866,-1.5744517,1.3949864
331,1579.929,1671.7852,-91.856156,-1.786697,2.0876437
332,1708.8884,1823.1406,-114.25224,-2.1976676,1.1907345
333,1852.3897,1961.7567,-109.36697,-2.0857266,-1.4316594
334,1409.5653,1455.8231,-46.257779,-0.88771003,-2.1252447
335,1545.1897,1710.5087,-165.31895,-3.1978986,-0.088640489
336,1520.5491,1579.2733,-58.724189,-1.1303217,0.30494968
337,1296.1578,1379.8926,-83.734784,-1.6017231,0.81446591
338,999.76331,1008.2275,-8.4641745,-0.16245537,1.3621072
339,750.02446,869.81359,-119.78913,-2.3195913,-1.4580621
340,951.99684,952.21485,-0.21800574,-0.004257703,-2.470827
341,904.73531,983.55766,-78.822356,-1.5302655,-0.74743738
342,989.96765,1009.0363,-19.068682,-0.36627962,0.85579505
343,875.44931,873.35229,2.097019,0.040568511,1.8078
344,698.42051,792.87204,-94.451525,-1.8643251,1.3332999
345,685.19132,735.64613,-50.454808,-0.9839751,-1.0387584
346,774.96805,765.97788,8.9901642,0.17439488,-1.2039745
347,711.14477,849.59242,-138.44764,-2.7278647,-1.1309238
348,900.19093,880.73302,19.45791,0.3782766,-1.3979294
349,650.75503,690.75513,-40.000105,-0.77503027,0.39434068
350,687.81696,854.14218,-166.32522,-3.2281216,1.1124485
351,859.69546,834.52765,25.167817,0.4933254,1.0181543
352,915.7428,1013.1817,-97.438874,-1.8834664,1.2994671
353,944.01893,935.43128,8.5876553,0.16723227,0.51026818
354,1007.5393,1068.1833,-60.644004,-1.1746386,1.850197
355,1035.8154,1078.4961,-42.680666,-0.82338504,0.46748393
356,1059.0422,1106.8057,-47.763478,-0.92538674,1.2932017
357,1095.2963,1107.3112,-12.014964,-0.23355826,0.48406531
358,1160.9373,1233.188,-72.250716,-1.3990833,-0.2810948
359,1198.4032,1245.9273,-47.524174,-0.91618904,-1.5686874
360,1287.7759,1361.6935,-73.917586,-1.4320407,-0.017921406
361,1379.0675,1446.6224,-67.554977,-1.2985358,0.033164907
362,1373.6142,1480.3918,-106.77758,-2.0373287,1.3629944
363,1473.9945,1453.6998,20.294635,0.38839547,1.2373295
364,1357.6584,1569.0616,-211.40323,-4.1151294,-0.39262048
365,1418.5531,1430.5466,-11.993546,-0.23398235,0.60699065
366,1397.5479,1493.03,-95.482087,-1.8584811,2.4513379
367,1321.1014,1430.7488,-109.64743,-2.1049875,1.4026048
368,1483.5882,1462.0916,21.496539,0.41823628,-0.026013248
369,1105.3949,1233.8957,-128.50086,-2.4998358,0.34137773
370,1502.5736,1528.6193,-26.045703,-0.50642939,0.7273952
371,1492.7779,1523.7662,-30.988283,-0.59983493,0.49191132
372,1032.4828,1086.6856,-54.202784,-1.0330075,-2.1323566
373,1450.1617,1494.1422,-43.980444,-0.81497449,-2.0400114
374,1475.8122,1517.1943,-41.382084,-0.7778123,-0.85169904
375,2276.4308,2442.7172,-166.28645,-2.8812464,0.59416396
376,4046.3148,4097.7188,-51.404006,-0.99288986,1.5868215
377,6823.2331,7049.6051,-226.37192,-4.0718347,0.45117304
378,5190.8923,5327.267,-136.37467,-2.4383909,0.73984787
379,6223.9811,6654.5845,-430.60345,-7.6176631,1.5024092
380,6259.4272,6641.5419,-382.11465,-7.0380406,-0.92342093
381,7506.1018,7971.2859,-465.18416,-8.4335095,1.1906191
382,6506.6414,6832.1264,-325.48496,-6.0091468,-1.6344168
383,6738.1018,7084.1833,-346.08148,-6.4356317,-1.3646846
384,6452.2099,6817.2638,-365.05396,-6.797411,-2.1047405
385,7178.5026,7492.3476,-313.84499,-5.8316443,-2.3663811
386,7497.316,7903.3428,-406.02684,-7.5166932,-0.93284749
387,7757.4564,8103.4313,-345.97487,-6.3007497,0.60836472
388,7501.4564,7858.3507,-356.8943,-6.4489044,2.26552
389,7294.5357,7815.7852,-521.24945,-9.5703164,-1.8224446
390,6751.9369,7040.7077,-288.77086,-5.2654118,-1.9817121
391,6036.8536,6514.3507,-477.49706,-8.8357348,-0.98336075
392,5677.7467,6035.3112,-357.56447,-6.5552813,1.9015998
393,5264.6122,5517.2449,-252.63264,-4.8274074,1.2944171
394,4232.2304,4637.8262,-405.59585,-7.6525031,0.69770498
395,3921.2939,4155.4502,-234.15635,-4.5026584,-0.21728232
396,3498.2627,3728.7836,-230.52085,-4.3471898,-0.10948833
397,2539.0959,2742.7994,-203.70351,-3.8630639,0.020826952
398,2054.3621,2190.8626,-136.50043,-2.6086501,-0.14741052
399,1531.2536,1646.7109,-115.45725,-2.2180448,-0.31914119
400,1274.3448,1400.6193,-126.2745,-2.4669179,0.48427714
401,1106.7077,1158.8752,-52.167505,-1.0118751,1.5748928
402,746.7929,735.94945,10.843452,0.20872536,1.60256
403,556.6359,622.91311,-66.277215,-1.2948226,0.06911813
404,312.45128,317.87678,-5.4254952,-0.10563606,-0.061824815
405,325.4785,369.64297,-44.164469,-0.86335823,0.89328403
406,119.16371,191.79779,-72.63408,-1.4337775,0.57977975
407,179.25049,164.70142,14.549071,0.2867394,-0.70782485
408,-31.507692,13.447077,-44.95477,-0.87994921,-2.0998259
409,-97.855621,-92.916272,-4.9393496,-0.095697215,-2.9662287
410,36.35503,72.391785,-36.036756,-0.69319708,-1.1505089
411,204.0931,243.56398,-39.470884,-0.75794067,0.013520309
412,426.66667,395.72828,30.938389,0.59326821,-0.72484689
413,540.78107,534.14218,6.638885,0.12910833,1.0677691
414,785.26864,875.2733,-90.004663,-1.7744543,0.78824029
415,1070.8576,1067.981,2.876551,0.056934611,-0.22355804
416,1305.3475,1375.2417,-69.894172,-1.3520303,0.46738806
417,1655.7696,1680.1769,-24.40731,-0.46878814,1.9180322
418,1955.3957,2019.7915,-64.395808,-1.2436289,-0.12841893
419,2218.3637,2356.8784,-138.51465,-2.7350104,0.82013737
420,2455.5803,2574.357,-118.77675,-2.3400437,0.4306556
421,2714.2059,2844.5118,-130.30593,-2.514046,-0.37352993
422,2889.6189,3051.2733,-161.65437,-3.0946849,-0.88148635
423,3089.7736,3235.9937,-146.22011,-2.7970332,-1.7559322
424,3119.9684,3292.1074,-172.13898,-3.2904871,1.0103393
425,3311.9432,3563.4755,-251.53232,-4.8740424,0.93716915
426,3305.4801,3455.5956,-150.1155,-2.8961307,1.3045162
427,3463.4225,3626.8689,-163.44639,-3.1258691,0.42437578
428,3359.2047,3564.9921,-205.78737,-3.9170672,-0.19168773
429,3497.8588,3647.7978,-149.93901,-2.8764956,0.16244435
430,3396.2667,3579.9558,-183.6891,-3.5592251,0.63967006
431,3325.4753,3528.594,-203.11865,-3.914808,1.4560361
432,3354.3574,3456.7077,-102.35034,-1.9681463,-0.001952354
433,3040.2903,3311.4186,-271.12831,-5.2289317,-1.7394091
434,2990.7061,3124.6761,-133.97003,-2.5831612,-1.9134402
435,3765.1692,3990.4455,-225.27627,-4.3237903,-0.4159228
436,2488.0978,2711.5577,-223.45983,-4.2386417,-0.79191797
437,4224.6564,4406.7994,-182.14296,-3.4551393,0.027628338
438,3231.5582,3377.2385,-145.68036,-2.7490888,0.49947308
439,3487.4572,3763.9684,-276.51121,-4.9905814,-1.0801087
440,2002.3542,2135.3555,-133.00121,-2.5209428,-0.80054524
441,3958.0529,4232.1896,-274.13671,-5.0978261,0.36514248
442,5440.2272,5605.5103,-165.28305,-3.1290784,2.2351497
443,4406.8355,4535.9115,-129.07603,-2.404475,1.030633
444,2901.4343,3087.6714,-186.23709,-3.6094033,-1.0309313
445,3062.5073,3272.1896,-209.68228,-4.0101466,-1.1021472
446,3828.9925,3955.7662,-126.77369,-2.4597124,-0.90966545
447,4035.3073,4248.4676,-213.16032,-4.0860502,-1.9412464
448,4123.5692,4289.7188,-166.14957,-3.1753059,-1.6711448
449,3873.2245,4038.5719,-165.34742,-3.1724411,0.73475908
450,3558.4505,3825.1374,-266.68695,-5.0752234,1.6803385
451,3070.0813,3231.4439,-161.36266,-3.0945353,1.9556143
452,3513.0067,3699.6651,-186.65838,-3.5779611,0.36515369
453,3610.4584,3799.4566,-188.99817,-3.5875498,0.24311664
454,3272.3566,3475.4123,-203.05571,-3.8985372,1.7687344
455,3378.998,3563.8799,-184.88191,-3.5292393,2.0538643
456,2748.6422,2939.5513,-190.90913,-3.6952734,2.5951198
457,2921.6316,3053.1943,-131.56275,-2.5563659,0.55005786
458,2981.5164,3191.8104,-210.29406,-4.020442,-0.58066239
459,2531.8249,2643.9179,-112.093,-2.1628337,-1.0787759
460,2662.4,2830.357,-167.95703,-3.2624957,-0.58914383
461,2627.3578,2756.8531,-129.49529,-2.5244993,-0.26697768
462,2425.9913,2534.5213,-108.53001,-2.1004166,0.16169816
463,2092.9389,2204.2085,-111.26967,-2.1408053,0.83588885
464,1816.8426,2047.3934,-230.55076,-4.4850579,-0.1157264
465,1987.3073,2050.831,-63.523666,-1.2375912,-0.80278753
466,1843.099,2056.1896,-213.09056,-4.0817072,0.76751221
467,1907.3262,2000.1769,-92.850702,-1.7609233,1.0069588
468,1724.2383,1814.2433,-90.005022,-1.7318584,1.1249627
469,1519.9432,1717.5861,-197.6429,-3.8606968,0.92564023
470,1566.1949,1646.5087,-80.313817,-1.5768833,0.43666447
471,1620.4245,1704.139,-83.714563,-1.6105664,-0.731579
472,1683.1369,1788.6635,-105.52662,-2.0303333,-1.5579566
473,1803.9164,1908.0695,-104.15314,-1.9961975,-1.9179621
474,1686.8734,1738.515,-51.641635,-0.99612862,-0.78408968
475,1682.329,1855.2923,-172.96327,-3.3691955,0.6007956
476,1857.1361,1881.3776,-24.241472,-0.47177131,1.0814893
477,1940.6517,2036.3728,-95.721151,-1.8395211,1.3322294
478,1871.7791,2004.6256,-132.8465,-2.5618585,0.69482301
479,2032.3471,2121.6051,-89.257915,-1.7408384,0.4512904
480,2033.054,2156.4866,-123.43253,-2.3701033,0.16215518
481,2065.3696,2241.6177,-176.24807,-3.3790795,1.6816338
482,2216.142,2259.3112,-43.169205,-0.84404875,0.019327562
483,2176.8584,2400.6572,-223.79881,-4.3559623,-0.71518738
484,2265.7262,2374.7741,-109.04786,-2.0991783,-0.72251197
485,2322.4805,2476.0821,-153.60168,-2.9724448,-0.20041682
486,2368.2272,2507.7283,-139.50106,-2.6996235,1.1695351
487,2429.3239,2530.4771,-101.15323,-1.9432664,1.3925258
488,2397.6142,2527.8483,-130.23414,-2.4930977,0.93111925
489,2436.7968,2609.3397,-172.54281,-3.3025866,-0.85915972
490,2415.9937,2497.6177,-81.624005,-1.5667504,-0.12982101
491,2428.415,2577.4913,-149.07632,-2.8935642,0.84217716
492,2386.3037,2509.7504,-123.44665,-2.3366417,2.1632553
493,2476.6864,2601.2512,-124.56479,-2.383628,0.32701725
494,2182.7156,2346.3633,-163.64777,-3.2023668,0.42819635
495,2469.3144,2608.1264,-138.81198,-2.7171412,0.66820221
496,2434.6761,2570.3128,-135.63666,-2.6339655,0.19428146
497,1985.6915,2093.6998,-108.00832,-2.034538,0.10639357
498,2356.8158,2560.6066,-203.79086,-3.6850161,-0.26022575
499,2459.7207,2503.2796,-43.558911,-0.8010292,0.75790971
500,3217.0162,3502.9131,-285.89694,-4.9560709,0.14551372
501,4928.8331,5100.4866,-171.65344,-3.2880001,1.7492695
502,7486.9144,7936,-449.0856,-7.9107547,0.76198312
503,5600.6943,6343.8863,-743.19198,-12.66068,1.4410632
504,7348.7653,8266.3128,-917.54751,-14.337047,0.37490871
505,7869.4501,9028.9542,-1159.5041,-19.278918,0.45591205
506,9012.0079,10160.126,-1148.1185,-18.25005,2.3416609
507,7699.8943,8727.9621,-1028.0678,-17.058483,-0.52254993
508,8136.9625,9182.1295,-1045.167,-17.942493,-0.312184
509,7962.6604,8961.5166,-998.85623,-16.853632,0.19793779
510,8268.3456,9423.9747,-1155.6292,-19.036042,0.75381701
511,8736.6185,9872.278,-1135.6595,-18.503185,1.4049042
512,9227.3105,10391.052,-1163.7417,-18.752747,1.7563532
513,8954.7487,10243.134,-1288.3856,-20.336254,3.9318533
514,8711.17,10004.828,-1293.6578,-20.517991,-0.27451803
515,8160.9972,9307.3997,-1146.4024,-18.286501,2.081626
516,7617.5905,8744.7457,-1127.1551,-18.567658,0.97359118
517,7127.3026,8136.4929,-1009.1903,-16.651474,3.1710876
518,6575.9179,7479.1027,-903.18474,-15.69034,2.7401313
519,5659.6702,6490.6919,-831.02173,-14.647225,1.2397541
520,5237.245,5969.188,-731.94302,-13.267622,0.077889917
521,4760.5901,5288.4423,-527.8522,-9.7313612,-1.3192677
522,3673.5748,4240.278,-566.70329,-10.493738,0.21179649
523,3171.3704,3576.9226,-405.55218,-7.5681105,-0.55730584
524,2642.8087,2949.4597,-306.65104,-5.7493505,1.4821679
525,2192.1073,2548.3728,-356.26553,-6.7245488,1.2329701
526,2081.1235,2168.6193,-87.495802,-1.6784019,2.1874009
527,1582.1507,1713.643,-131.49228,-2.4988963,1.2486091
528,1367.858,1500.0063,-132.14833,-2.53135,0.91048641
529,1178.9128,1220.752,-41.839154,-0.81875895,1.4253732
530,1184.972,1259.4755,-74.503521,-1.4510134,1.0145323
531,1004.6107,1022.5845,-17.973867,-0.34894496,1.0413581
532,984.71637,957.77567,26.940699,0.51892933,0.14432329
533,748.10572,770.62875,-22.523032,-0.43498839,-1.8046741
534,715.18422,638.58452,76.599703,1.5031675,-1.9517996
535,743.66233,731.90521,11.757114,0.2274682,-1.0271814
536,967.85168,906.4139,61.437774,1.1820656,-0.59754352
537,1131.7523,1133.0932,-1.3409387,-0.025498666,0.5403939
538,1247.2805,1259.4755,-12.19504,-0.23398401,0.31537508
539,1520.0442,1633.1627,-113.11854,-2.2486612,0.74118823
540,1745.3444,1818.0853,-72.740929,-1.4389745,-0.065343288
541,2022.6525,2200.1643,-177.51183,-3.4424525,0.31607305
542,2373.2765,2527.4439,-154.16739,-2.9093281,1.3414864
543,2677.9519,2926.6098,-248.65792,-4.727399,1.3922304
544,3017.2655,3316.575,-299.30956,-5.7892427,0.92880189
545,3265.0856,3603.3112,-338.22561,-6.5793414,1.1394432
546,3640.7542,3951.2164,-310.46219,-5.98215,-0.63988157
547,3781.731,4230.7741,-449.04313,-8.5751796,-0.61153983
548,4026.1176,4455.4313,-429.31373,-8.1137723,-1.1016952
549,4112.4607,4546.7299,-434.26911,-8.2034122,1.5067881
550,4247.2773,4822.7488,-575.4715,-10.906995,1.7840137
551,4286.9649,4697.6809,-410.71599,-7.8061871,0.8458614
552,4358.8671,4925.7757,-566.90861,-10.63236,1.4330202
553,4299.6892,4819.6145,-519.92538,-9.6131917,1.0090502
554,4416.8331,4947.3112,-530.47808,-10.03987,3.4850438
555,4265.7578,4855.2038,-589.446,-11.031736,0.85871297
556,4285.4501,4812.436,-526.98592,-9.8175728,1.9521504
557,4250.8118,4786.0474,-535.23556,-9.9725076,-0.31879851
558,3990.3684,4596.7773,-606.40881,-11.291101,-0.2281934
559,3919.3751,4415.7978,-496.42264,-9.3304263,-0.043658177
560,4675.4588,5234.654,-559.19525,-10.460391,-1.6002346
561,3475.7428,3961.1248,-485.382,-8.9995857,-0.34952604
562,5152.1136,5690.7425,-538.62889,-9.7979206,0.32392221
563,4181.9393,4645.9147,-463.97544,-8.5239489,0.57436995
564,4476.617,5054.9889,-578.37198,-10.26381,-0.73647156
565,2945.7673,3395.6398,-449.87255,-8.4070975,-0.53405809
566,4916.1089,5437.4724,-521.36348,-9.6041165,0.2840832
567,6321.8367,6892.0821,-570.24546,-10.504871,1.8566269
568,5320.1546,5737.1501,-416.99544,-7.5004862,0.44167274
569,3756.2824,4325.207,-568.92451,-10.541246,0.9865203
570,3862.9239,4427.2227,-564.29888,-10.399897,-0.065420891
571,4706.3606,5155.6904,-449.32981,-8.4993853,-0.54375058
572,4846.7314,5463.9621,-617.23072,-11.605977,-0.23747085
573,4981.144,5512.6951,-531.55112,-9.9266076,-1.3250413
574,4779.3736,5298.654,-519.28046,-9.6972012,1.8706031
575,4447.7349,5061.6619,-613.92702,-11.414994,1.7241597
576,4071.8643,4498.8057,-426.94139,-8.0559614,1.4812839
577,4361.2907,4975.722,-614.43123,-11.700496,1.8708294
578,4578.2091,5044.7773,-466.56818,-8.7702745,-0.49171455
579,4198.703,4731.5513,-532.84838,-10.118255,2.0206057
580,4251.7207,4751.267,-499.54627,-9.4427917,1.2406783
581,3694.7819,4137.049,-442.26712,-8.3140767,2.9700651
582,3746.1838,4265.1501,-518.96625,-9.9009942,-0.72923834
583,3858.9854,4343.2038,-484.21839,-9.1865666,-0.66548681
584,3364.86,3829.8894,-465.02945,-8.8605883,-0.61217134
585,3444.0331,3928.7709,-484.7378,-9.2139965,0.3809887
586,3467.3609,3868.7141,-401.35311,-7.537078,0.97940006
587,3160.8679,3629.1943,-468.32646,-8.8653595,1.3061765
588,2904.8679,3248.5308,-343.66296,-6.5351032,2.2191765
589,2614.6335,3082.6161,-467.98258,-8.8623713,0.077230975
590,2747.6323,3073.8199,-326.18756,-6.2838926,-0.2396617
591,2731.8785,3057.2385,-325.36005,-6.1631832,-0.18675594
592,2649.1708,3003.7536,-354.58275,-6.6801112,0.99153806
593,2572.7243,2793.4534,-220.72914,-4.1754615,0.17503469
594,2320.6627,2688.6066,-367.94391,-7.1088598,1.2229879
595,2330.6604,2572.0316,-241.37124,-4.6336236,-0.60279949
596,2409.3286,2625.0111,-215.68246,-4.1309543,-0.64633213
597,2351.3625,2708.7267,-357.36417,-6.9824499,-0.72461976
598,2552.83,2785.8705,-233.04048,-4.5303562,-1.0790732
599,2329.7515,2608.0253,-278.2738,-5.3229057,-0.24517509
600,2333.8919,2720.5561,-386.66417,-7.4171567,-0.059256308
601,2544.3471,2761.0995,-216.75239,-4.1730688,0.76175385
602,2554.0418,2918.5213,-364.47951,-6.9919125,1.2867602
603,2608.6753,2895.0648,-286.38943,-5.5025344,-0.12415161
604,2701.7846,3027.2101,-325.4255,-6.4019654,0.75570351
605,2737.2308,3059.4629,-322.23211,-6.2602056,-0.48115346
606,2851.7491,3143.684,-291.93493,-5.5648705,1.5240802
607,2844.0742,3204.752,-360.67781,-7.0515281,0.73287543
608,2980.3045,3305.8578,-325.55328,-6.2746378,-1.6232934
609,2980.1026,3333.3586,-353.25605,-6.8975895,-1.7779724
610,3079.9779,3402.7172,-322.73931,-6.2695453,-1.1510601
611,3103.0028,3480.5687,-377.56596,-7.2392523,1.853956
612,3126.4316,3508.8784,-382.4468,-7.3116531,2.1837043
613,3162.5846,3468.7393,-306.15472,-5.7688371,1.1345367
614,3078.8671,3581.9779,-503.11082,-9.6492759,-0.2534799
615,3111.5866,3443.2607,-331.67408,-6.2912825,0.58999266
616,3113.3034,3523.7409,-410.43756,-7.821744,0.88738912
617,3056.4481,3463.7852,-407.33702,-7.7522116,1.9102506
618,3199.2426,3538.4013,-339.15866,-6.480103,0.66849087
619,2824.0789,3299.5893,-475.51036,-9.1380487,1.7351156
620,3194.5972,3528.4929,-333.89565,-6.3952018,1.0995505
621,3171.0675,3518.1801,-347.11264,-6.6243626,-0.81898052
622,2670.2769,3072.4044,-402.1275,-7.5708551,-1.9339266
623,3148.4465,3474.6035,-326.15693,-5.9392589,-1.714467
624,3097.9535,3456,-358.04655,-6.6379847,0.56510094
625,3777.9945,4176.3791,-398.38467,-7.0297621,0.51850602
626,4863.697,5242.8436,-379.14656,-7.2448606,0.21557119
627,7216.6753,7846.5213,-629.84598,-11.005097,0.99210389
628,5687.9464,6407.0774,-719.13106,-12.21599,0.74574228
629,6865.4454,7859.3618,-993.9164,-16.387587,1.706746
630,6800.5112,7804.8657,-1004.3545,-16.851668,1.5450871
631,8007.5992,9056.7583,-1049.1591,-17.083871,2.1504189
632,7088.3219,8055.2038,-966.8819,-16.45612,-0.096173845
633,7278.6809,8248.1137,-969.43288,-16.328261,-0.25304746
634,6852.9231,7826.5024,-973.57929,-16.617312,1.506149
635,7520.4418,8470.4455,-950.00368,-15.95036,0.0056422415
636,7919.2363,8963.2354,-1043.9991,-17.514308,1.3692312
637,8179.7807,9227.425,-1047.6443,-17.075399,2.4722241
638,7952.8647,8981.1311,-1028.2664,-16.657202,3.0223288
639,7768.3629,8956.3602,-1187.9973,-19.726148,0.50343744
640,7421.0714,8274.8057,-853.73429,-13.996548,1.2718385
641,6730.6288,7820.9415,-1090.3128,-18.568272,1.9696606
642,6479.2742,7362.1232,-882.84906,-14.833939,3.8209109
643,6147.3325,6957.9021,-810.56951,-14.234821,3.3558977
644,5246.2327,6111.8483,-865.6156,-15.431636,2.0737234
645,4975.0848,5657.782,-682.69718,-12.226964,1.7173877
646,4632.2367,5283.0837,-650.84704,-11.845761,0.46539461
647,3778.4994,4410.4392,-631.93977,-11.646321,0.018305774
648,3363.9511,3877.8136,-513.8625,-9.6412551,-1.388087
649,2941.2229,3407.8736,-466.65074,-8.8984657,1.841881
650,2729.7578,3115.1722,-385.4144,-7.3589547,1.880453
651,2554.3448,2887.8863,-333.54148,-6.4106041,2.3194171
652,2228.8663,2507.9305,-279.06422,-5.3147549,2.2771344
653,2094.8576,2375.684,-280.82645,-5.3679317,0.29648813
654,1842.998,2106.0348,-263.03673,-5.1351728,0.66876655
655,1932.3708,2110.1801,-177.80929,-3.4547911,0.076783623
656,1689.1961,1985.8199,-296.62385,-5.7754673,1.0051852
657,1757.0588,1927.684,-170.62527,-3.2987595,0.098382956
658,1467.8343,1738.515,-270.68069,-5.1211391,-0.2843845
659,1419.058,1598.1801,-179.12211,-3.4044495,-2.0142996
660,1515.0959,1709.5987,-194.50288,-3.7615542,-1.5400573
661,1627.6955,1861.5608,-233.86536,-4.4800792,-0.4794191
662,1826.7393,2040.316,-213.57671,-4.048235,1.8065539
663,1859.8627,2098.3507,-238.48799,-4.5581898,1.4728593
664,2084.9609,2431.09,-346.1291,-6.6529735,-0.03390149
665,2317.3302,2497.1122,-179.78199,-3.5020037,0.41031679
666,2465.8809,2846.4329,-380.55199,-7.387947,1.8935858
667,2803.7807,3074.2243,-270.44366,-5.1629179,2.1251599
668,3026.5562,3375.722,-349.16575,-6.7290271,2.0863745
669,3262.7629,3705.6303,-442.86741,-8.5759376,2.4971923
670,3481.802,3840.2022,-358.40024,-6.8886593,0.57095291
671,3697.8114,4170.1106,-472.29914,-9.0074091,0.21831039
672,3844.7464,4342.2938,-497.54749,-9.4017852,0.50701582
673,3984.5112,4516.3981,-531.88686,-10.083905,-1.0936381
674,4004.8095,4535.0016,-530.19211,-9.880641,1.7012439
675,4140.7369,4755.2101,-614.47323,-11.526651,1.28824
676,4129.4264,4648.0379,-518.61148,-9.7750071,1.8488413
677,4208.7006,4808.3918,-599.69119,-11.070795,2.6455898
678,4134.7787,4712.139,-577.36032,-10.662433,1.7349394
679,4249.0951,4816.4803,-567.38518,-10.530793,2.4821749
680,4149.9266,4704.8594,-554.93277,-10.337237,-0.1121097
681,4121.5495,4706.9826,-585.43312,-10.899495,0.90092473
682,4148.7148,4632.4676,-483.75282,-9.0458639,-0.93870955
683,3846.3621,4496.0758,-649.7137,-12.103171,-0.6451353
684,3800.4134,4289.8199,-489.40649,-9.0543433,0.32957235
685,4557.2039,5097.9589,-540.75498,-9.9880438,-1.6765886
686,3326.1822,3900.9668,-574.78458,-10.600624,-0.72516343
687,5010.7329,5540.3981,-529.66517,-9.6209509,1.3782057
688,4020.8663,4582.6224,-561.75616,-10.27835,1.1842282
689,4281.1077,4881.188,-600.0803,-10.425142,0.26122352
690,2777.5243,3280.278,-502.75378,-9.19935,-0.10643674
691,4712.1168,5337.8831,-625.76633,-11.35649,1.1317288
692,6146.4237,6719.3934,-572.9697,-10.550169,2.4658366
693,5147.0643,5643.1216,-496.05734,-9.0574505,3.0757126
694,3583.3941,4159.1912,-575.79707,-10.704188,3.0977842
695,3752.8489,4282.7425,-529.89358,-9.6726671,1.1468986
696,4500.5507,5018.1864,-517.63572,-9.6145902,0.4865506
697,4708.7842,5289.9589,-581.1747,-10.729438,-1.2395418
698,4834.2091,5376.8088,-542.59977,-10.196167,-0.69377123
699,4596.8915,5080.872,-483.98052,-9.0716615,1.8813454
700,4297.8714,4880.3791,-582.50775,-10.920538,2.314787
701,3837.7783,4348.2591,-510.48078,-9.6506345,2.0875655
702,4193.2497,4756.4234,-563.17368,-10.570692,1.7469081
703,4359.675,4898.8815,-539.20657,-9.9910246,0.075915494
704,3943.9148,4499.109,-555.19421,-10.395174,2.0019218
705,4102.1602,4606.6856,-504.52547,-9.3930345,1.3992873
706,3461.2008,4008.139,-546.93823,-10.096903,2.1423435
707,3600.1578,4127.545,-527.38723,-9.9456126,-0.57747304
708,3734.6714,4266.2622,-531.59084,-9.9530656,-0.70888622
709,3238.9302,3717.5608,-478.63064,-8.9255468,0.65383383
710,3443.8312,3914.1106,-470.27942,-8.7971514,-0.33497539
711,3391.8233,3865.782,-473.95872,-8.9251204,1.3333407
712,3214.3905,3630.812,-416.42147,-7.7783626,0.48852818
713,2910.1191,3304.139,-394.01989,-7.5690153,2.08993
714,2659.9763,3122.9573,-462.98101,-8.8591823,0.86326987
715,2820.1404,3166.7362,-346.59574,-6.5616235,0.5209461
716,2733.7972,3188.6761,-454.87891,-8.6282638,1.0130013
717,2733.4943,3118.812,-385.31773,-7.2501781,1.3460696
718,2621.2986,2952.1896,-330.89095,-6.3694,1.5767377
719,2343.7886,2815.2923,-471.5037,-9.1375211,1.8060502
720,2437.0998,2747.6524,-310.55265,-5.961844,0.81388193
721,2438.1097,2795.981,-357.87138,-6.7640235,0.27904687
722,2462.9523,2891.5261,-428.5738,-8.1044364,-0.82408832
723,2647.555,2959.7725,-312.21748,-5.9781571,-0.055597146
724,2411.2473,2778.1864,-366.93908,-7.0221587,1.3424771
725,2520.6154,2897.2891,-376.67371,-7.2668236,2.1931735
726,2588.3771,2930.1485,-341.77138,-6.570204,2.1006682
727,2717.8414,3072.91,-355.06853,-6.7444197,1.1790522
728,2670.3779,3007.8989,-337.52098,-6.4122864,0.6681528
729,2770.5562,3135.3934,-364.83715,-7.0600395,0.41254359
730,2799.1353,3141.6619,-342.52662,-6.5760478,1.1740082
731,2804.8915,3214.7615,-409.86993,-7.8414761,1.7062572
732,2884.4686,3244.7899,-360.32125,-6.9016542,-0.11717184
733,2891.5377,3340.6382,-449.10056,-8.5128395,-0.19046698
734,2876.2888,3327.09,-450.80129,-8.515617,-0.66826447
735,3046.7535,3391.4945,-344.74102,-6.5863721,-0.997286
736,2976.77,3464.0885,-487.31845,-9.1775347,0.31774084
737,3071.3941,3470.6603,-399.26626,-7.4962317,0.84857722
738,3077.0493,3438.9131,-361.8638,-6.8585977,2.7144815
739,3001.4107,3524.1453,-522.73469,-9.9235535,-0.22560024
740,3119.2615,3390.8878,-271.6263,-5.1686222,0.92839341
741,2989.6963,3511.9115,-522.21528,-10.031756,2.1454429
742,3078.4631,3423.3428,-344.8797,-6.4476454,2.0283862
743,3105.7294,3504.0253,-398.29589,-7.6113718,0.96747159
744,2814.6872,3244.9921,-430.30492,-8.393941,0.28931855
745,3152.284,3502.2054,-349.92135,-6.7618599,0.17047687
746,3069.7783,3488.3539,-418.57557,-8.0554274,0.7821048
747,2629.9834,3025.9968,-396.01341,-7.366176,0.41581943
748,2994.6446,3424.1517,-429.50708,-7.7118685,-1.895491
749,3008.9846,3406.1548,-397.1702,-7.1982424,0.6114952
750,3742.1444,4166.4708,-424.3264,-7.3164905,0.10978312
751,4950.4442,5420.5877,-470.1435,-8.8102363,1.808549
752,7605.4722,8133.1564,-527.68421,-9.204199,1.9295382
753,6334.9649,6877.7251,-542.76023,-9.6148559,1.568132
754,8139.9921,8881.643,-741.65086,-11.967461,1.1707127
755,8678.4505,9423.8736,-745.42312,-12.81441,0.38525624
756,9779.503,10725.308,-945.8051,-15.861086,1.6638005
757,8732.3771,9393.7441,-661.36696,-11.524703,-1.3693695
758,8831.3436,9665.921,-834.57742,-14.626417,-1.1494092
759,8559.0848,9279.5956,-720.51076,-12.655559,0.84046126
760,9031.7002,9805.4471,-773.74688,-13.353792,-1.6130206
761,9492.6012,10337.466,-844.86485,-14.471368,-0.55503335
762,10042.168,10825.504,-783.3359,-13.195042,1.7009841
763,9777.7862,10637.852,-860.06531,-14.335166,1.3173561
764,9628.2256,10556.158,-927.93234,-15.915475,-0.69574913
765,9156.2162,9833.7567,-677.54054,-11.506981,0.67599383
766,8420.4308,9363.9179,-943.48708,-16.211919,1.1952685
767,8014.0623,8719.7725,-705.71018,-12.092023,2.712517
768,7459.4462,8168.6445,-709.1984,-12.581636,2.4639201
769,6500.7842,7183.0648,-682.28055,-12.258095,0.57272395
770,6040.9941,6617.5798,-576.5857,-10.683026,0.27140009
771,5507.888,6097.6935,-589.80555,-10.798734,-0.060790327
772,4529.4327,5015.861,-486.42824,-8.9948773,-0.5700305
773,3908.3677,4411.3491,-502.98148,-9.3560565,-0.69747465
774,3413.5353,3787.3239,-373.78855,-7.0064211,0.39299265
775,2911.6339,3383.1027,-471.46876,-8.8813305,1.0017819
776,2662.198,3004.6635,-342.46548,-6.5162734,1.1788192
777,2191.4004,2521.3776,-329.97717,-6.3263979,3.0578044
778,1937.3191,2293.9905,-356.67139,-6.8315138,0.37310579
779,1733.428,2036.8784,-303.45035,-5.8874167,0.53891882
780,1745.1424,2032.8341,-287.69172,-5.4664121,0.49655224
781,1536.303,1892.1959,-355.89293,-6.7308674,2.4682689
782,1532.7684,1778.7551,-245.98669,-4.761363,-0.7975986
783,1248.8963,1603.4376,-354.54135,-6.7700691,-0.65984697
784,1213.7531,1428.1201,-214.36701,-4.0662609,-0.61033681
785,1242.3321,1519.3175,-276.98539,-5.2622714,-0.27061656
786,1447.94,1710.1043,-262.16423,-4.9999178,-0.48596825
787,1624.4639,1871.4692,-247.00529,-4.6453702,-0.99139613
788,1731.2063,1989.9652,-258.75893,-4.9518944,0.20349747
789,2010.8371,2323.4123,-312.57524,-6.0833948,0.14191532
790,2245.327,2489.8325,-244.50552,-4.7026254,0.04258577
791,2512.1325,2901.8389,-389.70632,-7.5187424,1.0314919
792,2830.2391,3146.1106,-315.87153,-5.9701291,1.9420876
793,3163.5945,3532.3349,-368.74044,-6.9216243,1.2453169
794,3480.3882,3895.1027,-414.71452,-8.0462122,1.1768426
795,3750.5262,4145.5419,-395.01563,-7.6512026,-0.1473825
796,4101.0493,4530.4518,-429.40251,-8.1894148,-0.67405391
797,4268.4844,4749.346,-480.86155,-9.1185553,-0.27181564
798,4548.0142,5004.2338,-456.21961,-8.6077958,-0.85089493
799,4643.2442,5054.1801,-410.93591,-7.7845792,0.073910566
800,4794.3195,5331.109,-536.78948,-10.278882,0.68371371
801,4849.357,5270.5466,-421.1896,-8.067251,0.96932455
802,4916.1089,5407.7472,-491.63836,-9.2739202,0.58657037
803,4889.3475,5368.0126,-478.6651,-9.0617488,1.0187408
804,4994.0702,5422.7109,-428.64068,-8.228937,1.3144429
805,4875.2095,5388.8404,-513.63097,-9.6900098,-0.47287744
806,4854.3053,5356.1833,-501.87793,-9.371856,2.1422528
807,4813.2039,5268.2212,-455.01722,-8.5834112,-0.26799424
808,4564.374,5111.3049,-546.93093,-10.358,-0.77692303
809,4450.1586,4894.6351,-444.47649,-8.438147,-0.39538844
810,5251.484,5747.9684,-496.48438,-9.2523103,-0.33258049
811,3995.5187,4513.466,-517.9473,-9.6292014,0.27903501
812,5682.7961,6152.3918,-469.59573,-8.6219747,0.26911064
813,4730.7992,5192.1896,-461.39036,-8.5757045,0.6622312
814,4981.4469,5482.7678,-501.32083,-8.7882814,-1.9554349
815,3490.6888,3917.0427,-426.3539,-7.8373905,-0.29235073
816,5415.3846,5923.7915,-508.40685,-9.3425249,1.167947
817,6867.1621,7342.4076,-475.24545,-8.7237312,2.1428866
818,5897.2907,6262.7994,-365.50864,-6.5687203,1.0293145
819,4276.1594,4768.2528,-492.0934,-9.2319096,-0.037279041
820,4467.6292,4929.6177,-461.9885,-8.6918765,-0.58658301
821,5188.4686,5638.3697,-449.90103,-8.5878516,-0.23671884
822,5413.0619,5927.128,-514.06603,-9.5511777,-0.76406745
823,5511.9274,5979.9052,-467.9778,-8.5654029,-0.71081561
824,5280.568,5713.2891,-432.72105,-8.1360309,0.7535398
825,5000.5333,5520.8847,-520.35134,-9.7946903,1.4124473
826,4502.4694,4967.128,-464.65853,-8.9099575,2.129027
827,4916.5128,5405.5229,-489.01009,-9.2507924,1.4729991
828,5053.6521,5505.1122,-451.46009,-8.4443475,0.82345839
829,4683.6387,5130.2117,-446.57303,-8.378225,0.62707736
830,4798.9649,5228.891,-429.9261,-8.1347393,1.206934
831,4156.5917,4604.158,-447.56626,-8.442059,1.7472001
832,4293.0241,4715.1722,-422.14813,-8.1100008,-0.59859513
833,4378.6604,4787.7662,-409.10584,-7.783615,-0.43712199
834,3864.0347,4261.5103,-397.47555,-7.6065564,-0.18494819
835,4022.0781,4442.5908,-420.51273,-7.9899686,-0.23502851
836,3914.2249,4336.8341,-422.60927,-7.9750966,0.60291072
837,3720.4323,4116.7267,-396.29435,-7.449616,0.9731565
838,3335.8769,3714.1232,-378.2463,-7.1177325,1.2112272
839,3099.6702,3546.8942,-447.22394,-8.435057,-1.4141499
840,3238.9302,3543.2543,-304.32417,-5.7963027,-1.4160691
841,3086.542,3545.5798,-459.03777,-8.6930909,-1.0620367
842,3144.3061,3468.5371,-324.23101,-6.1173263,1.2671828
843,2935.1637,3255.1027,-319.93898,-6.0599568,2.0338647
844,2747.5314,3127.1027,-379.57132,-7.3513261,0.35385205
845,2759.4477,3067.7536,-308.30582,-6.0223609,-0.81557013
846,2789.5416,3089.188,-299.64638,-5.8106671,-2.202102
847,2821.7562,3186.0474,-364.29118,-7.1047497,-1.2547179
848,2952.6343,3230.8373,-278.20296,-5.3680675,-1.419454
849,2749.1471,3048.5434,-299.3963,-5.6636248,0.34743212
850,2811.7586,3186.1485,-374.38992,-7.1420382,1.395545
851,2892.7495,3202.831,-310.08146,-5.9183355,1.4963118
852,3037.4627,3367.7346,-330.27188,-6.2646689,1.2220776
853,2924.2572,3300.8025,-376.54533,-7.1786739,1.5577491
854,3136.2272,3440.0253,-303.79806,-5.8260198,1.460302
855,3121.1803,3482.6919,-361.51167,-6.887625,0.89040825
856,3160.7669,3546.9953,-386.2284,-7.3040115,2.0843614
857,3293.3617,3605.3333,-311.9716,-6.0813481,0.72289255
858,3270.5389,3690.1611,-419.62228,-8.0891544,-0.77369244
859,3412.1215,3707.8547,-295.73316,-5.6994997,-0.5595675
860,3422.5231,3782.7741,-360.25101,-6.8850371,-1.0067819
861,3507.6544,3851.1216,-343.46721,-6.5052601,0.45744213
862,3551.6844,3889.3397,-337.65523,-6.3522582,1.4088571
863,3538.9602,3834.9447,-295.98455,-5.6762402,1.2459823
864,3546.9381,3930.3886,-383.45056,-7.4900368,-0.91296858
865,3523.6103,3833.4281,-309.81786,-6.0685136,0.40643964
866,3500.8884,3905.5166,-404.62822,-7.8698766,1.6880019
867,3498.0607,3840.6066,-342.54589,-6.5703958,2.631302
868,3507.8564,3884.3855,-376.52906,-7.1460337,1.1661577
869,3290.4331,3631.4186,-340.98551,-6.471025,0.91419706
870,3508.3613,3920.6825,-412.32112,-8.0083454,1.0920027
871,3530.8813,3865.4787,-334.59741,-6.4698323,-0.036716607
872,3078.6651,3412.2212,-333.55608,-6.2783601,0.40771781
873,3413.3333,3827.2607,-413.92733,-7.4219394,-0.5069708
874,3556.0268,3780.5498,-224.52294,-4.0953021,0.48054966
875,4047.7286,4521.049,-473.32037,-8.3121242,1.165052
876,5278.6493,5555.8673,-277.21799,-5.3351302,0.12841071
877,7490.045,7886.1548,-396.10985,-7.1776233,0.36815583
878,5757.1219,6120.0379,-362.91602,-6.5112297,1.0910184
879,7069.0335,7586.1738,-517.14025,-8.8414936,1.2611564
880,7119.0217,7707.6019,-588.5802,-10.808595,0.86391301
881,8327.7254,8834.3254,-506.59999,-9.1876516,2.2940592
882,7329.275,7797.5861,-468.31115,-8.6230091,-0.75371269
883,7508.4245,8129.2133,-620.78881,-11.493806,-0.66113243
884,7234.7519,7630.6603,-395.90847,-7.3409033,-0.36804986
885,7606.0781,8199.0774,-592.9993,-11.101106,0.28751433
886,8106.4647,8635.4502,-528.98554,-9.6001332,-0.0049460517
887,8385.2876,8912.6825,-527.39489,-9.5384794,0.75341166
888,8115.5535,8637.5735,-522.02001,-9.4298905,1.8159733
889,8040.3187,8599.6588,-559.34003,-10.178344,-1.2597431
890,7537.8114,8031.1406,-493.32916,-9.0033638,0.46762165
891,7103.7728,7596.7899,-493.01711,-9.084684,-0.26315501
892,6700.4339,7188.6256,-488.19167,-9.035104,2.104777
893,6425.7515,6820.7014,-394.94994,-7.4910776,1.0688572
894,5595.544,6046.534,-450.98998,-8.5462554,0.53909446
895,5230.8828,5698.9321,-468.04923,-8.9156506,0.19929936
896,4998.0087,5311.1912,-313.18247,-5.9749602,-0.070634789
897,4033.8935,4492.5371,-458.64363,-8.8567413,-0.24618366
898,3681.4517,4059.0964,-377.64469,-7.2279101,-0.99214613
899,3310.3274,3563.981,-253.65363,-4.8727586,0.52558224
900,2947.0801,3442.0474,-494.96731,-9.4877685,1.2240198
901,2952.1294,3154.0979,-201.96856,-3.9195888,1.8844233
902,2471.7381,2838.2433,-366.50522,-7.0561784,2.6405033
903,2398.826,2673.3397,-274.51362,-5.2875032,1.4943912
904,2202.9128,2423.1027,-220.18987,-4.2672135,1.2969501
905,2173.2229,2505.4028,-332.17996,-6.5039816,0.51112056
906,2124.9515,2325.5355,-200.58407,-3.8828586,2.5884416
907,2017.4012,2328.3665,-310.96533,-6.0146797,0.19146394
908,1886.1191,2109.8768,-223.75765,-4.3182289,-2.2311757
909,1759.0785,1983.7978,-224.71929,-4.361094,-1.4160727
910,1795.7365,2119.8863,-324.14977,-6.2782803,0.57002377
911,2012.0489,2222.4076,-210.35867,-4.0451611,0.36863276
912,2033.256,2376.0885,-342.83245,-6.5030375,0.73128742
913,2186.856,2390.7488,-203.8928,-3.8793873,1.3169519
914,2356.8158,2681.1248,-324.30902,-6.2609112,-0.70374427
915,2525.4627,2817.5166,-292.05387,-5.6420351,0.22225185
916,2778.6351,3058.1485,-279.51339,-5.4306248,0.66330426
917,2953.0383,3307.5766,-354.53835,-6.8517043,1.9556603
918,3318.8103,3523.2354,-204.42513,-3.9325803,1.9139019
919,3485.0335,3841.8199,-356.78637,-6.8650327,1.200692
920,3688.9247,4002.1738,-313.24912,-6.0901642,1.2179017
921,3979.8659,4237.9526,-258.08673,-5.0179331,-0.54487816
922,4003.4966,4410.4392,-406.94253,-7.9232689,-0.089128801
923,4275.9574,4517.6114,-241.65398,-4.6954151,-0.12161774
924,4213.144,4562.4013,-349.25728,-6.7591527,0.56695789
925,4364.9262,4769.7694,-404.84312,-7.7737352,1.1543863
926,4374.217,4650.06,-275.84307,-5.32181,0.99250515
927,4357.0493,4788.4739,-431.42462,-8.1931114,0.42717724
928,4380.8821,4675.6398,-294.75776,-5.5986086,1.3003356
929,4421.6805,4792.7204,-371.03991,-7.1488351,1.395916
930,4320.3913,4717.9021,-397.51073,-7.5786885,-0.47146876
931,4338.6698,4668.158,-329.48816,-6.2407322,0.86293384
932,4258.9917,4632.9731,-373.98143,-7.0934672,-0.63055118
933,4121.4485,4445.5229,-324.07439,-6.1470289,-1.1209575
934,3943.2079,4309.5355,-366.32766,-7.0088197,-0.98582475
935,4794.5215,5101.5987,-307.07724,-5.7918629,-1.7468104
936,3558.6525,3891.3618,-332.7093,-6.2886142,-0.55590633
937,5209.5748,5539.6904,-330.11561,-6.1476293,0.88514642
938,4297.1645,4542.4834,-245.31892,-4.5617141,0.13931061
939,4465.0036,4903.8357,-438.83215,-7.860957,-1.4577908
940,3033.0193,3285.4344,-252.41511,-4.7253177,-0.71033543
941,4892.4781,5295.4186,-402.94053,-7.5209655,-1.1283617
942,6305.174,6697.2512,-392.07722,-7.3491892,1.6947749
943,5378.2217,5598.0284,-219.80674,-4.0277614,1.4453113
944,3754.9696,4143.9242,-388.95455,-7.4059256,0.94694033
945,3924.7274,4281.2259,-356.49849,-6.6981702,1.3563895
946,4681.215,4979.0585,-297.84346,-5.680589,-0.92748067
947,4854.8103,5256.2907,-401.48042,-7.6792199,-0.4277102
948,5050.8245,5304.4171,-253.5926,-4.8162369,-1.7466069
949,4739.787,5085.3207,-345.53371,-6.600809,1.4328749
950,4510.8513,4828.613,-317.76167,-6.0107541,2.3586185
951,4023.8959,4311.9621,-288.06623,-5.5459656,1.3706928
952,4380.983,4696.1643,-315.18126,-6.0528355,0.17756066
953,4574.5736,4834.6793,-260.10573,-4.9848242,-0.37722208
954,4129.7294,4489.3017,-359.57235,-7.0012082,1.2066094
955,4304.5365,4555.9305,-251.394,-4.861871,0.86794178
956,3649.641,4004.7014,-355.0604,-6.8510468,1.5210147
957,3758.6051,4053.6367,-295.03152,-5.6181924,-0.97366417
958,3913.316,4244.6256,-331.30962,-6.2617735,-2.124084
959,3383.0375,3700.2717,-317.23425,-6.0358468,-2.1682549
960,3604.5002,3899.0458,-294.54562,-5.6241727,-0.25848565
961,3542.8986,3867.0964,-324.19775,-6.3031871,1.0332558
962,3355.9732,3637.9905,-282.01735,-5.3381604,1.0341142
963,3089.2686,3310.5087,-221.24005,-4.2244785,1.1923283
964,2798.0245,3178.8689,-380.84442,-7.3198419,-1.8574701
965,3051.4998,3195.3491,-143.84933,-2.7887021,-1.5169264
966,2885.5795,3249.3397,-363.76017,-7.0750239,-0.17982864
967,2957.2797,3142.3697,-185.08998,-3.5764437,2.1808967
968,2791.1574,3012.5498,-221.39237,-4.2681623,1.3451597
969,2567.271,2866.9573,-299.68634,-5.7814708,0.54930683
970,2615.6434,2830.0537,-214.41032,-4.1182025,0.46503104
971,2599.2836,2879.1912,-279.90752,-5.3924484,-1.1017473
972,2648.7669,2923.7788,-275.01197,-5.3231504,-1.7316508
973,2803.2757,3053.0932,-249.81747,-4.8171868,-2.4207182
974,2570.0986,2813.169,-243.07042,-4.6310236,-0.27840719
975,2646.8481,2962.4013,-315.55314,-6.0185032,0.12708664
976,2730.8686,2976.0506,-245.18191,-4.7370025,1.6861598
977,2858.6162,3088.4803,-229.86408,-4.3980562,1.4090511
978,2799.5393,3046.8246,-247.28539,-4.7936239,0.53245397
979,2904.9688,3147.3239,-242.35502,-4.7292901,0.95150946
980,2970.0039,3182.0032,-211.99921,-4.1176823,0.099503389
981,2948.4939,3242.2622,-293.76836,-5.7009055,2.6805424
982,3079.473,3214.1548,-134.68184,-2.6444148,0.11836134
983,3033.7262,3359.3428,-325.61658,-6.3408148,-0.79136748
984,3106.4363,3317.8894,-211.45312,-4.0873614,-1.7997027
985,3155.3136,3419.5008,-264.18718,-5.0970998,-0.37818085
986,3145.6189,3436.7899,-291.17095,-5.6372042,0.23706469
987,3182.075,3439.6209,-257.5459,-4.9712773,1.9474385
988,3196.112,3419.703,-223.59097,-4.3232895,2.5619958
989,3156.9294,3488.8594,-331.93001,-6.4593363,0.82691253
990,3175.2079,3399.7852,-224.57726,-4.3508392,2.040124
991,3126.6335,3456.1011,-329.46758,-6.3607112,2.7382273
992,3174.9049,3386.0348,-211.12982,-4.0255718,2.5617318
993,3228.7306,3455.1912,-226.46058,-4.3776342,1.1358301
994,2930.6193,3213.2449,-282.62554,-5.4800133,1.196026
995,3264.5807,3496.7457,-232.16498,-4.4724931,0.66931274
996,3218.9349,3435.3744,-216.4395,-4.1237861,0.62557932
997,2798.2264,2984.4423,-186.21591,-3.5156729,-0.76947491
998,3119.3625,3409.188,-289.82547,-5.294391,-1.8082164
999,3208.1294,3366.9258,-158.79636,-2.9473152,-0.51112683
1000,3722.755,4079.2164,-356.4614,-6.3446112,0.68235374
1001,4694.1412,4909.6998,-215.55862,-4.2058435,1.8695951
1002,6634.5909,6938.3886,-303.7977,-5.5727616,1.1329048
1003,4844.6107,5106.5529,-261.94227,-4.7341267,0.96409869
1004,6334.46,6699.7788,-365.31887,-6.3891145,1.5173583
1005,6457.7641,6781.7757,-324.01157,-6.2132473,0.90870773
1006,7535.3878,7854.7109,-319.32313,-6.043343,1.9376602
1007,6664.9878,6921.5039,-256.51618,-4.8266365,-0.91542621
1008,6933.2071,7281.4408,-348.23366,-6.5613665,-1.033894
1009,6509.57,6743.5577,-233.98764,-4.4862928,-0.92635899
1010,6855.4477,7168.5055,-313.0578,-6.0299116,-1.5576446
1011,7313.7231,7646.0284,-332.30536,-6.3132071,-0.11742777
1012,7683.5345,7913.4534,-229.91888,-4.3632323,0.86739064
1013,7338.3637,7620.9542,-282.59048,-5.2822205,2.1226162
1014,7256.7669,7635.3112,-378.54435,-7.1673426,-0.76392487
1015,6863.0217,7107.2354,-244.21369,-4.55345,-0.86526426
1016,6384.6501,6731.425,-346.77486,-6.6274127,-0.82256712
1017,6057.5558,6341.2575,-283.70169,-5.3825236,1.5436345
1018,5800.445,6040.2654,-239.82043,-4.6805349,1.8940178
1019,5082.5341,5392.5814,-310.04724,-5.9565303,0.49916656
1020,4758.6714,5041.0363,-282.36493,-5.4600637,0.054245559
1021,4517.8193,4725.7883,-207.96898,-3.9692432,-0.38953555
1022,3702.6588,3961.5292,-258.87045,-4.9813255,-0.18878999
1023,3363.0422,3583.5956,-220.55337,-4.254282,-1.1300427
1024,3049.6821,3212.6382,-162.95618,-3.138131,-0.60925542
1025,2766.2138,3059.7662,-293.55239,-5.69401,1.8593635
1026,2700.4718,2851.387,-150.91525,-2.9119717,1.1981561
1027,2295.6181,2462.6351,-167.01693,-3.1969347,1.0716653
1028,2148.5822,2364.8657,-216.28347,-4.1461903,0.076463465
1029,1981.0462,2151.9368,-170.89066,-3.2906246,0.62074174
1030,1980.5412,2184.2907,-203.74946,-3.9266273,1.2382647
1031,1833.3034,2064.6825,-231.37911,-4.5346425,2.0468881
1032,1838.3527,2027.2733,-188.92064,-3.7157964,0.24742523
1033,1645.873,1848.4171,-202.54408,-3.9115099,-1.404219
1034,1539.5345,1752.9731,-213.43863,-4.029575,-1.5641954
1035,1598.8134,1811.9179,-213.10444,-4.0890562,-0.55748054
1036,1778.6698,1984.8088,-206.13902,-3.9979735,0.25502412
1037,1886.6241,2068.9289,-182.30485,-3.4763702,-0.083194921
1038,1960.9499,2103.6082,-142.65831,-2.7456919,1.7677043
1039,2132.5254,2394.0853,-261.55986,-5.1317331,-1.0768173
1040,2330.0544,2448.0758,-118.02139,-2.2840369,-0.21923786
1041,2479.1101,2725.7125,-246.60242,-4.7784304,0.64341364
1042,2701.9866,2856.4423,-154.45575,-2.9732546,1.0815218
1043,2970.4079,3132.2591,-161.85119,-3.1635928,0.66424153
1044,3115.828,3384.4171,-268.58905,-5.3446825,1.5317301
1045,3299.2189,3486.2306,-187.01171,-3.6889966,1.4020705
1046,3507.0485,3718.673,-211.62447,-4.0511034,-0.070464898
1047,3594.6036,3826.654,-232.05048,-4.4560238,-0.64606209
1048,3805.8667,3999.8483,-193.98167,-3.7579767,-1.5918845
1049,3749.6174,4007.128,-257.51061,-5.0543612,0.45108831
1050,3916.4465,4173.7504,-257.30385,-5.0509856,1.3195693
1051,3900.3897,4101.2575,-200.86776,-3.9263061,1.6328014
1052,3963.0012,4177.5924,-214.59123,-4.13944,0.90294948
1053,3942.602,4142.4076,-199.80561,-3.8746454,0.04626792
1054,3994.3069,4219.4502,-225.14333,-4.4171857,-0.21581071
1055,3955.1243,4121.3776,-166.25331,-3.244194,-0.46938132
1056,3890.5941,4146.8562,-256.26216,-5.0003775,0.3004443
1057,3896.0473,4020.9795,-124.93213,-2.4229925,-0.58756262
1058,3658.5278,3928.0632,-269.53538,-5.2141912,-0.22926352
1059,3527.6497,3724.3349,-196.68521,-3.7824639,-0.59310934
1060,4365.6331,4542.7867,-177.15359,-3.3898508,-0.099393824
1061,3062.3053,3350.6477,-288.34238,-5.5242832,-1.087494
1062,4765.8414,4925.6746,-159.83315,-3.0289153,-0.39586987
1063,3796.6769,3987.0079,-190.33098,-3.5887145,0.044756999
1064,4021.5732,4331.4755,-309.90234,-5.5804459,-1.4549378
1065,2589.6899,2707.7156,-118.0257,-2.2304663,-0.49583503
1066,4420.6706,4746.515,-325.8444,-6.1215657,1.1477162
1067,5934.1507,6097.7946,-163.64394,-3.1056125,2.3257618
1068,4935.8012,5103.6209,-167.81967,-3.1073762,0.56213364
1069,3351.2268,3564.0821,-212.85532,-4.1263504,-0.99825512
1070,3539.0611,3713.2133,-174.15213,-3.3429705,-0.5206653
1071,4225.8682,4418.3254,-192.45719,-3.730742,-0.066077031
1072,4467.4272,4635.2986,-167.87136,-3.2283575,-1.3845675
1073,4558.5168,4776.8468,-218.33,-4.1495844,-1.2167723
1074,4305.0414,4458.8689,-153.82746,-2.9797108,0.62273498
1075,4049.5464,4294.4708,-244.92442,-4.7310922,2.485135
1076,3516.3393,3722.8183,-206.47907,-3.9975327,2.456157
1077,3949.469,4130.8815,-181.41248,-3.5579526,0.83627458
1078,4063.7854,4298.515,-234.7296,-4.5142457,-0.30142516
1079,3710.0308,3907.5387,-197.50794,-3.8670686,2.1685808
1080,3859.0864,4054.8499,-195.76353,-3.8093743,2.1707152
1081,3218.632,3441.2385,-222.60659,-4.3686148,1.2916718
1082,3416.9688,3544.1643,-127.19546,-2.4954211,-1.4391231
1083,3511.6939,3759.0142,-247.32033,-4.8337476,-1.7368386
1084,3064.2241,3190.4961,-126.27199,-2.4689521,-0.27547364
1085,3239.0312,3458.2243,-219.19316,-4.2343406,-0.071434288
1086,3215.1984,3356.5118,-141.31343,-2.7763436,0.28633209
1087,3030.3937,3172.4992,-142.10552,-2.7634899,0.024565665
1088,2729.8588,2881.6177,-151.75892,-2.9713218,1.1682345
1089,2472.8489,2706.7046,-233.85567,-4.5821522,0.86769524
1090,2684.516,2823.8863,-139.37028,-2.6879121,-0.34254816
1091,2514.4552,2760.1896,-245.73435,-4.6910196,1.4287974
1092,2626.5499,2768.4803,-141.93035,-2.7116658,2.1109033
1093,2439.0185,2599.7346,-160.71606,-3.0877207,0.82485126
1094,2236.2383,2467.6904,-231.4521,-4.5749097,-0.20509913
1095,2286.4284,2468.4992,-182.07081,-3.6011624,-0.23995646
1096,2304.101,2425.8325,-121.73156,-2.3360987,-0.57492294
1097,2386.3037,2573.0427,-186.73891,-3.5920654,-0.50951114
1098,2492.5412,2636.8404,-144.29922,-2.7860006,-1.1172437
1099,2326.4189,2417.3397,-90.920718,-1.7466467,-1.0329207
1100,2353.6852,2611.2607,-257.57546,-5.0135357,1.1621552
1101,2459.2158,2520.4676,-61.251835,-1.2024292,1.4541451
1102,2549.8004,2729.7567,-179.95632,-3.477433,2.1202478
1103,2489.7136,2634.515,-144.8014,-2.8224636,1.2002808
1104,2572.1183,2733.1943,-161.07597,-3.1631016,0.64776353
1105,2596.254,2768.3791,-172.1251,-3.3445225,0.76921384
1106,2566.5641,2750.2812,-183.7171,-3.5758197,2.6235272
1107,2702.9964,2827.425,-124.42851,-2.4362851,0.49760205
1108,2658.9665,2885.1564,-226.18993,-4.4436983,-1.6404677
1109,2723.1937,2881.0111,-157.81737,-3.1049246,-1.7724736
1110,2803.6797,2977.466,-173.78635,-3.3919547,-1.1269235
1111,2796.0047,2961.4913,-165.48658,-3.2236209,1.0631065
1112,2887.2963,3022.5592,-135.26299,-2.5765334,0.59117339
1113,2835.7933,2959.6714,-123.87811,-2.4159284,1.0110484
1114,2853.7688,3071.09,-217.32121,-4.2952457,-0.048730056
1115,2841.4485,2948.5498,-107.10124,-2.1347738,1.1679106
1116,2829.9361,2973.5229,-143.58681,-2.85946,0.64334064
1117,2803.6797,2970.8942,-167.21447,-3.2038057,2.4783363
1118,2872.5523,2995.3618,-122.8095,-2.3672715,1.0056515
1119,2589.589,2773.2322,-183.64327,-3.6243715,0.95819468
1120,2859.828,3035.3997,-175.57168,-3.4935194,-0.022728401
1121,2852.759,2969.9842,-117.22523,-2.306531,-0.50480844
1122,2393.0698,2571.0205,-177.95071,-3.3480126,-0.20550526
1123,2768.7385,2947.4376,-178.69914,-3.2331927,0.017324205
1124,2844.8821,2959.8736,-114.99157,-2.1171687,1.4114218
1125,3346.9854,3603.8167,-256.83134,-4.5781727,1.4668942
1126,4407.2394,4507.8041,-100.56466,-1.9595694,1.8486886
1127,6486.8481,6693.207,-206.35882,-3.829951,1.5845187
1128,4740.1909,4882.0979,-141.90702,-2.6087067,1.0408032
1129,5879.4162,6113.466,-234.04986,-4.2495359,1.510731
1130,5719.3531,5902.7615,-183.4084,-3.5524734,1.1245324
1131,6916.4434,7080.3412,-163.89784,-3.1557473,1.6236141
1132,6075.8343,6267.9558,-192.12145,-3.7099484,-0.22729109
1133,6263.2647,6474.4139,-211.14921,-4.1237685,-0.77029695
1134,5828.4181,6002.9573,-174.5392,-3.4035905,-0.86409353
1135,6309.3144,6528.7077,-219.39334,-4.2299625,-0.29809743
1136,6743.0501,6975.4945,-232.44437,-4.4594628,0.67408704
1137,6922.0986,7111.0774,-188.97879,-3.5875128,-0.010676576
1138,6677.813,6838.2938,-160.48082,-3.0323984,1.5596843
1139,6550.7724,6876.8152,-326.04278,-6.2523444,-1.3719149
1140,6187.1211,6296.7709,-109.64983,-2.1088779,0.14681236
1141,5693.8036,5929.8578,-236.05427,-4.576171,0.033629506
1142,5427.503,5580.3349,-152.83195,-2.9480624,1.7681883
1143,5218.8655,5342.6351,-123.76959,-2.4047029,2.2018219
1144,4484.5949,4677.6619,-193.06706,-3.7742947,0.99411657
1145,4216.1736,4368.3791,-152.20558,-3.0221973,0.18264256
1146,4016.8268,4079.2164,-62.389605,-1.2253964,-0.88552523
1147,3213.4817,3405.8515,-192.36984,-3.7763177,-0.40340961
1148,2895.0722,3007.8989,-112.8267,-2.1856714,-0.56532194
1149,2555.3546,2656.3539,-100.99924,-1.9572389,0.9019126
1150,2323.2884,2534.218,-210.92965,-4.0677622,1.0495385
1151,2278.2485,2376.1896,-97.941053,-1.8914471,1.9232842
1152,1946.3069,2053.8641,-107.55724,-2.0649709,1.7431658
1153,1830.4757,2002.3002,-171.82442,-3.3447957,0.71946478
1154,1626.8876,1744.8847,-117.9971,-2.3217595,0.64480255
1155,1689.903,1812.019,-122.116,-2.377168,0.33698045
1156,1557.914,1691.3997,-133.48568,-2.6030984,1.0227278
1157,1597.5006,1679.9747,-82.474132,-1.6105611,0.085332718
1158,1386.2375,1537.921,-151.68354,-2.9649685,-1.6984562
1159,1330.897,1397.6872,-66.790162,-1.30317,-1.4127216
1160,1391.4888,1515.2733,-123.78454,-2.3989591,-0.69502318
1161,1548.0174,1624.2654,-76.248046,-1.4872554,-0.32373098
1162,1653.4469,1762.2749,-108.82794,-2.1281336,0.90464746
1163,1692.4276,1784.7204,-92.292766,-1.7820709,0.9532995
1164,1871.6781,2044.158,-172.47987,-3.3653973,0.56278735
1165,2013.0588,2109.0679,-96.009153,-1.8781516,0.77748721
1166,2173.5258,2328.5687,-155.04288,-3.0184442,1.543765
1167,2411.7523,2520.872,-109.11977,-2.0902691,0.47717893
1168,2613.7247,2747.3491,-133.62448,-2.5796627,-0.35803776
1169,2804.2856,2972.4107,-168.12514,-3.3026596,0.64443553
1170,2985.7578,3109.9147,-124.1569,-2.4766916,1.1636616
1171,3179.0454,3262.7867,-83.741365,-1.6352052,-0.620886
1172,3265.0856,3423.0395,-157.95389,-3.0777347,-0.96645123
1173,3432.0158,3541.2322,-109.21645,-2.1262796,-0.405059
1174,3425.2497,3516.9668,-91.717121,-1.8001496,-0.80816555
1175,3525.125,3720.8973,-195.77227,-3.8975302,0.79051388
1176,3510.4821,3555.5893,-45.107206,-0.8919903,0.089288639
1177,3573.2955,3741.9273,-168.63187,-3.2543156,0.65463606
1178,3486.5483,3616.8594,-130.31108,-2.526363,1.0490245
1179,3591.069,3697.5419,-106.47283,-2.1184038,2.5691187
1180,3445.5479,3616.3539,-170.80594,-3.3398636,0.82008895
1181,3462.9176,3571.6651,-108.74753,-2.124592,-0.075954544
1182,3442.6193,3556.4992,-113.87988,-2.2043705,-0.8770221
1183,3187.8312,3386.3381,-198.50691,-3.8933953,-0.560107
1184,3129.4611,3224.7709,-95.309788,-1.8609812,-0.29442182
1185,3891.7049,4066.1738,-174.46884,-3.3467907,-0.6281372
1186,2722.9917,2806.4961,-83.504335,-1.5818663,-0.064197313
1187,4332.0047,4490.9194,-158.9147,-3.012911,0.7694788
1188,3434.9444,3482.9953,-48.050882,-0.92794918,0.26935739
1189,3647.8233,3838.7867,-190.96346,-3.5173565,-1.2871667
1190,2186.3511,2235.248,-48.89694,-0.92425138,-1.3518613
1191,4066.613,4220.3602,-153.74717,-2.9145526,0.95183144
1192,5494.3558,5663.8483,-169.49252,-3.2406444,1.8847351
1193,4534.684,4562.0979,-27.413923,-0.50989449,-0.17946473
1194,2941.8288,3117.1943,-175.36552,-3.4111571,-0.19559374
1195,3043.7239,3208.2907,-164.56681,-3.2009369,-0.16518991
1196,3842.9286,3902.7867,-59.85813,-1.1778923,-1.043824
1197,3998.4473,4192.0506,-193.60322,-3.7633871,-1.1119044
1198,4136.6974,4252.0063,-115.30888,-2.2006134,-0.81106524
1199,3884.232,4001.1627,-116.93076,-2.2767395,0.12295575
1200,3605.611,3787.7283,-182.11723,-3.5637804,0.96762125
1201,3185.5085,3221.1311,-35.62264,-0.70100323,-0.4894706
1202,3516.4402,3691.4755,-175.03528,-3.4057245,0.47447783
1203,3733.7625,3777.7188,-43.956275,-0.86125378,-0.26081487
1204,3329.0099,3469.9526,-140.94274,-2.7792318,1.063367
1205,3475.0359,3542.951,-67.915129,-1.3253157,1.8015555
1206,2863.6655,2940.9668,-77.301341,-1.5249953,1.3308426
1207,2976.77,3103.1406,-126.37058,-2.4855436,-0.47508405
1208,3130.9759,3243.4755,-112.49958,-2.2222389,-1.050654
1209,2626.146,2742.0916,-115.94567,-2.2706535,-0.77666928
1210,2793.985,2956.436,-162.45101,-3.1627318,0.74418587
1211,2813.3744,2893.0427,-79.668295,-1.5398156,0.60979942
1212,2610.5941,2743.8104,-133.21634,-2.5737184,1.193094
1213,2320.3598,2403.4882,-83.128388,-1.6261994,1.0691983
1214,2105.2592,2297.9336,-192.67448,-3.800638,0.89939502
1215,2294.8103,2346.06,-51.249775,-1.0174301,0.94590985
1216,2238.9649,2345.049,-106.08408,-2.0530319,-0.4588653
1217,2239.5708,2368.6066,-129.03583,-2.4727656,0.92478347
1218,2180.8978,2162.5529,18.344908,0.35636093,0.39122535
1219,1915.3041,2105.0237,-189.71955,-3.7489423,1.3617448
1220,1997.6079,2011.2986,-13.690689,-0.2717553,-0.066520831
1221,2011.8469,2061.5482,-49.70124,-0.96809648,-0.28108443
1222,2036.4876,2205.0174,-168.5298,-3.3104175,-1.66478
1223,2179.1811,2223.5197,-44.338682,-0.87110025,-0.93913806
1224,1966.7061,2071.7599,-105.05376,-2.0543961,1.3114446
1225,1998.4158,2146.8815,-148.46574,-2.8924005,0.57961229
1226,2112.4292,2150.4202,-37.99103,-0.74430881,0.14374122
1227,2182.0087,2337.9716,-155.96289,-3.0315081,0.77723078
1228,2138.1807,2221.2954,-83.114748,-1.6119667,0.59174606
1229,2253.2039,2346.1611,-92.957193,-1.8263667,0.91926691
1230,2253.002,2343.3302,-90.328201,-1.7578452,1.6871571
1231,2314.0986,2386.5024,-72.40375,-1.3998675,1.3592523
1232,2345.7073,2439.4818,-93.774535,-1.8189254,0.11970773
1233,2384.183,2476.2844,-92.101323,-1.8046894,-2.363517
1234,2407.5108,2517.6367,-110.1258,-2.1646501,-1.2564096
1235,2488.1988,2517.4344,-29.235623,-0.57305641,-0.092496902
1236,2470.5262,2592.2528,-121.72653,-2.3829184,1.3250621
1237,2519.1006,2605.8009,-86.700356,-1.6569036,0.85268994
1238,2511.3247,2550.4961,-39.171396,-0.74898871,0.19774176
1239,2444.5728,2645.94,-201.36719,-3.9443145,0.34587644
1240,2476.4844,2504.3918,-27.907367,-0.54701965,0.70449352
1241,2459.7207,2577.4913,-117.7706,-2.2925855,1.178929
1242,2419.5282,2536.3412,-116.81303,-2.2772302,2.6558861
1243,2520.9183,2572.3349,-51.41657,-0.99801202,2.0144382
1244,2213.3144,2370.0221,-156.70772,-3.02624,1.7087645
1245,2536.7732,2601.9589,-65.18575,-1.2834548,1.1192312
1246,2528.4923,2587.8041,-59.3118,-1.1610851,-0.36063491
1247,2071.2268,2159.4186,-88.191817,-1.6872289,-1.5872298
1248,2491.7333,2565.6619,-73.928594,-1.3599372,-0.68282791
1249,2495.5708,2560.7077,-65.136932,-1.2236189,0.73003373
1250,3135.9243,3247.6209,-111.69659,-2.0215378,1.9730759
1251,4154.875,4222.7867,-67.911779,-1.3321079,0.95697091
1252,6137.2339,6280.7962,-143.56228,-2.6678376,-0.29176278
1253,4323.2189,4434.8057,-111.58675,-2.0336414,0.31850576
1254,5776.1073,6019.5387,-243.43141,-4.2681076,-0.16480449
1255,5972.3235,6162.9068,-190.58332,-3.6372877,0.061891709
1256,7027.7302,7196.1074,-168.37725,-3.1962039,-0.93374568
1257,6095.9306,6259.564,-163.63341,-3.1214557,-0.6654719
1258,6391.2142,6625.6682,-234.45405,-4.487239,-1.6549181
1259,5991.2079,6122.5656,-131.35767,-2.5378084,-1.4812771
1260,6334.157,6527.1912,-193.03415,-3.7127858,-0.56265954
1261,6803.1369,6984.3918,-181.2549,-3.4537996,1.8211237
1262,7153.7609,7318.4455,-164.68455,-3.1444136,2.1258767
1263,6869.1819,6993.4913,-124.30946,-2.3625272,1.39013
1264,6735.6781,7011.8926,-276.21447,-5.2539219,-1.3417171
1265,6374.8544,6431.3428,-56.488374,-1.0843192,-0.7600913
1266,5869.0146,6076.158,-207.14338,-4.0094524,1.0904437
1267,5552.5239,5691.6524,-139.12858,-2.6776926,3.0921206
1268,5224.0158,5328.5814,-104.56558,-2.055991,3.0431959
1269,4500.9546,4701.3207,-200.36606,-3.8870246,1.5160808
1270,4183.555,4301.6493,-118.09426,-2.3015801,1.452019
1271,3924.9294,3973.1564,-48.22701,-0.93247553,-0.35212561
1272,3067.5566,3245.8009,-178.24434,-3.471476,-0.45444355
1273,2726.2233,2815.4945,-89.271197,-1.7394083,-1.054853
1274,2397.1093,2460.3096,-63.200366,-1.2190793,0.9955168
1275,2119.0943,2255.267,-136.1727,-2.609731,2.5935173
1276,2074.8623,2076.613,-1.7506268,-0.033592946,2.5767753
1277,1639.9148,1723.8547,-83.939867,-1.6242365,2.3597236
1278,1545.2907,1581.0932,-35.802477,-0.69975366,1.1663215
1279,1348.1657,1401.8325,-53.666863,-1.0409794,0.71355482
1280,1376.4418,1409.5166,-33.074773,-0.64052244,1.2477038
1281,1245.7657,1297.5924,-51.826737,-1.0185621,0.67612197
1282,1236.273,1301.4344,-65.161461,-1.2703542,-0.48508904
1283,1033.8966,1108.5245,-74.62784,-1.4460954,-1.0706137
1284,931.19369,986.89415,-55.700466,-1.07877,-1.5738094
1285,988.25089,1062.6224,-74.371545,-1.4425081,-1.1496871
1286,1188.4055,1224.8973,-36.491792,-0.69575173,-0.32436788
1287,1250.815,1360.1769,-109.36195,-2.0908901,1.1327379
1288,1367.757,1377.3649,-9.6079269,-0.18539921,1.7571052
1289,1517.5195,1671.1785,-153.65899,-3.0023044,0.57596226
1290,1739.1842,1720.5182,18.666053,0.36546382,-0.1591171
1291,1901.57,2007.3555,-105.78543,-2.0702832,0.60556818
1292,2123.6387,2196.019,-72.380299,-1.3981074,0.45231938
1293,2429.7278,2439.4818,-9.7540219,-0.19181907,1.0731749
1294,2557.5763,2701.0427,-143.46632,-2.8664117,1.6158631
1295,2802.2659,2820.6509,-18.384991,-0.36308255,0.39019246
1296,2994.6446,3063.7093,-69.064745,-1.3443351,-0.54657424
1297,3066.9507,3194.9447,-127.99402,-2.5336393,-1.9817406
1298,3294.6746,3352.9731,-58.298588,-1.1548568,-1.9647968
1299,3217.2181,3320.2148,-102.9967,-2.0140423,-0.28796081
1300,3401.316,3552.9605,-151.64453,-3.0048695,1.0666424
1301,3387.1779,3426.6793,-39.501396,-0.77610497,1.2150714
1302,3415.2521,3580.6635,-165.41144,-3.1857222,1.2901931
1303,3419.1905,3492.4992,-73.308678,-1.4190002,0.96927342
1304,3446.2548,3571.0585,-124.80362,-2.470662,2.1868632
1305,3434.1365,3497.3523,-63.215802,-1.2427687,1.0693707
1306,3364.456,3481.6809,-117.22487,-2.2762841,0.58397271
1307,3362.3353,3417.9842,-55.648896,-1.0639824,-1.3035233
1308,3169.7546,3292.5118,-122.75721,-2.387709,-0.57725423
1309,3020.8,3090.9068,-70.106793,-1.3688545,-0.26932248
1310,3864.7416,3924.5245,-59.782869,-1.1647404,-1.3972069
1311,2601.7073,2724.0948,-122.38749,-2.3358408,-0.31623906
1312,4257.9819,4343.2038,-85.221937,-1.6171795,1.842012
1313,3334.2611,3380.8784,-46.617213,-0.8814576,0.28671604
1314,3494.3243,3681.9716,-187.6473,-3.408857,-0.56098935
1315,2108.0868,2108.4613,-0.37451041,-0.007155814,-0.21607113
1316,3916.7495,4078.9131,-162.16361,-3.0733322,0.3011988
1317,5392.0568,5528.5687,-136.51192,-2.6250981,2.2767737
1318,4441.4738,4447.8483,-6.374574,-0.11888882,1.2955522
1319,2823.271,3010.831,-187.55996,-3.6136332,-0.2404614
1320,3054.8323,3075.9431,-21.110781,-0.40492688,-0.28772414
1321,3722.3511,3807.8483,-85.497256,-1.6605213,0.91346178
1322,3982.4915,4083.6651,-101.17357,-1.9727798,-1.1562322
1323,4099.0296,4145.5419,-46.512278,-0.90669915,-0.75170779
1324,3823.6402,3905.2133,-81.573033,-1.5983894,-0.0022412254
1325,3586.4237,3645.8768,-59.453109,-1.1559901,1.0430022
1326,3064.628,3141.0553,-76.427284,-1.4963537,1.3405055
1327,3467.3609,3561.049,-93.688026,-1.8298425,1.7080443
1328,3627.0201,3676.7141,-49.693942,-0.95650586,1.0209937
1329,3182.3779,3340.436,-158.05811,-3.0811561,0.35755662
1330,3411.4146,3425.1627,-13.748122,-0.2654549,0.10429044
1331,2703.1984,2828.9415,-125.74313,-2.4570078,-0.70218736
1332,2907.2915,2985.6556,-78.364089,-1.5228953,-2.2897334
1333,2999.9968,3123.6651,-123.66824,-2.3777282,-1.3416952
1334,2535.4604,2622.8878,-87.427481,-1.6819522,-0.44790502
1335,2777.3223,2799.722,-22.399671,-0.43684021,-2.1505977
1336,2653.5132,2786.7804,-133.2672,-2.601299,-0.74419402
1337,2590.4978,2599.128,-8.6301317,-0.16617047,-0.47169416
1338,2212.5065,2255.4692,-42.962685,-0.84542763,0.95167369
1339,2014.3716,2137.782,-123.41039,-2.4346215,-0.7055848
1340,2207.2552,2146.376,60.879239,1.1873003,-0.69838711
1341,2042.6477,2200.5687,-157.92099,-3.0407811,-0.11437849
1342,2161.9124,2176.4044,-14.491997,-0.27607046,1.2842725
1343,1943.2773,1969.9463,-26.66897,-0.51389157,1.2516491
1344,1737.4675,1880.1643,-142.69684,-2.8089879,-0.20672959
1345,1813.2071,1801.3017,11.905363,0.23237951,-1.1424572
1346,1783.9211,1868.6382,-84.717126,-1.6261704,-2.0534441
1347,1881.0698,1966.2054,-85.135549,-1.6484198,-1.6836646
1348,1977.4107,2030.812,-53.401355,-1.0349446,-0.44273426
1349,1828.557,1857.0111,-28.454056,-0.55238224,0.89995974
1350,1862.9933,1943.1532,-80.159945,-1.5664425,1.3446761
1351,1944.1862,1989.2575,-45.071311,-0.8756919,0.27025276
1352,2123.9416,2110.5845,13.357099,0.25741819,0.30220482
1353,1966.3022,2049.0111,-82.708889,-1.5990819,0.54279855
1354,2171.9101,2154.1611,17.748922,0.34837362,0.13805174
1355,2095.7665,2141.624,-45.857543,-0.89840278,1.5291864
1356,2148.3803,2239.3934,-91.013089,-1.7791744,2.0123666
1357,2226.9475,2240.5055,-13.557995,-0.26519278,-0.42317042
1358,2180.3929,2302.8878,-122.49494,-2.377263,-1.9107111
1359,2275.4209,2324.7267,-49.305791,-0.94658379,-2.2344018
1360,2310.968,2365.5735,-54.605412,-1.0556645,-1.371346
1361,2329.2465,2439.0774,-109.83086,-2.1178886,-0.7413041
1362,2383.5771,2432.7077,-49.130621,-0.94242911,0.44808249
1363,2362.9759,2401.2638,-38.287886,-0.73935224,0.48021676
1364,2370.146,2498.6288,-128.4828,-2.5055721,-0.51083827
1365,2373.4785,2340.8025,32.675973,0.64529368,0.48763517
1366,2343.7886,2475.981,-132.19248,-2.6011859,2.2544303
1367,2387.0107,2381.0427,5.9679969,0.11585312,2.5316025
1368,2396.0994,2446.8626,-50.763151,-0.98175451,1.4309006
1369,2176.3535,2228.9795,-52.626011,-1.0391674,0.60121926
1370,2409.5306,2440.3918,-30.861213,-0.60623005,0.30671968
1371,2441.1393,2471.128,-29.988712,-0.58709649,0.15806526
1372,1927.8264,1991.5829,-63.756508,-1.212228,-1.4457377
1373,2328.6406,2409.7567,-81.116083,-1.4705572,-2.0292337
1374,2369.2371,2395.5008,-26.263709,-0.47886082,-0.0042144876
1375,2902.1412,3018.515,-116.37379,-2.0561911,0.68184231
1376,3919.0722,3972.0442,-52.972044,-1.0253636,0.33510422
1377,5911.5298,6030.2559,-118.72614,-2.2118153,0.0044861948
1378,4140.6359,4217.8325,-77.196646,-1.3988941,0.49868824
1379,5211.0895,5383.9874,-172.89782,-3.1232007,1.7855236
1380,5151.5077,5206.951,-55.443335,-1.0625136,1.4502263
1381,6298.0039,6439.9368,-141.93286,-2.6820163,0.52665144
1382,5517.1787,5575.8863,-58.707558,-1.1339304,-1.6622881
1383,5669.3649,5834.515,-165.15012,-3.2372415,-1.4293509
1384,5297.2308,5316.0442,-18.813465,-0.37056663,-0.78133167
1385,5724.9073,5851.3997,-126.49239,-2.4321688,-1.1785308
1386,6157.7341,6306.9826,-149.2485,-2.8446596,-0.8939637
1387,6317.5953,6423.5577,-105.9624,-2.0360196,1.4263481
1388,6068.5633,6152.0885,-83.525154,-1.5925879,0.80966385
1389,5936.5744,6178.6793,-242.10495,-4.7113451,-0.97434308
1390,5607.7633,5601.5671,6.196173,0.11873088,-0.61662697
1391,5097.4801,5300.6761,-203.19607,-3.9196413,0.29444005
1392,4833.1992,4938.0095,-104.81027,-2.0213095,1.8824861
1393,4678.6903,4720.9352,-42.244894,-0.82476852,1.5884308
1394,3919.7791,4043.9305,-124.1514,-2.4242722,-0.2520951
1395,3706.4963,3746.5782,-40.081947,-0.7887601,-1.1375787
1396,3510.583,3560.8468,-50.263724,-0.9720011,-1.0863019
1397,2739.4525,2813.4724,-74.019888,-1.433492,-1.4436168
1398,2429.9298,2474.7678,-44.837989,-0.86739392,-0.84625459
1399,2115.6607,2079.9494,35.711302,0.69301347,-0.54318608
1400,1914.5972,2012.4107,-97.813504,-1.9112444,2.2783534
1401,1875.3136,1886.0284,-10.714827,-0.20659763,1.928005
1402,1507.5219,1527.0016,-19.479686,-0.37729781,2.7597195
1403,1419.159,1488.8847,-69.725702,-1.3554489,0.20229526
1404,1189.3144,1220.0442,-30.729835,-0.59991682,0.14536459
1405,1268.4876,1274.7425,-6.2549221,-0.12093116,0.99473119
1406,1115.9984,1230.5592,-114.56082,-2.2163348,0.79803565
1407,1154.8781,1142.4961,12.382056,0.23997438,-0.32665367
1408,951.28994,1049.782,-98.49205,-1.9057982,-0.64291355
1409,888.6785,851.41232,37.266179,0.72147691,-0.48631409
1410,970.47732,1009.4408,-38.963441,-0.75536375,0.050569353
1411,1108.5254,1149.6746,-41.149122,-0.80332534,-0.2265088
1412,1253.7436,1213.2701,40.473448,0.77980489,-0.29204252
1413,1285.5542,1307.8041,-22.249867,-0.42863999,0.63329925
1414,1460.2604,1495.9621,-35.70173,-0.69714839,-0.12635576
1415,1616.789,1611.9305,4.8584649,0.094550286,-0.55363403
1416,1746.9602,1839.722,-92.761801,-1.8043297,-0.083304954
1417,1970.9475,1977.7314,-6.7839031,-0.13080565,1.1720009
1418,2168.1736,2222.3065,-54.132907,-1.0392112,0.36028017
1419,2328.2367,2417.8452,-89.608495,-1.7622582,0.49235728
1420,2507.2852,2541.1943,-33.909106,-0.66533359,0.26631261
1421,2686.9396,2751.2923,-64.352614,-1.2491472,-0.72616269
1422,2779.9479,2843.3997,-63.451755,-1.2372027,-0.9640974
1423,2927.0848,3007.3934,-80.308552,-1.5670401,-0.92781706
1424,2927.3878,2914.6793,12.708466,0.24813502,0.26279485
1425,3037.4627,3169.9716,-132.50884,-2.6084403,2.5790696
1426,3010.1964,3012.3476,-2.1511016,-0.042279233,1.3105797
1427,3110.6777,3160.5687,-49.891008,-0.97696011,0.66119036
1428,2999.189,3066.0348,-66.8458,-1.3206116,1.0197558
1429,3131.1779,3122.8562,8.3216691,0.16532692,0.68153075
1430,3016.2556,3086.5592,-70.30362,-1.3882178,0.4632581
1431,2961.4201,3037.5229,-76.102788,-1.4954266,0.3576347
1432,3001.7136,3000.7204,0.99323032,0.019318892,-0.81137246
1433,2669.2671,2835.7156,-166.44858,-3.2792733,-1.5658156
1434,2666.5404,2663.4313,3.1091543,0.060879963,-0.79298515
1435,3413.1314,3492.7014,-79.570061,-1.5418773,-0.30582635
1436,2187.5629,2276.0948,-88.531868,-1.6817366,-0.40171766
1437,3879.6876,3907.842,-28.154448,-0.53519538,-0.061743301
1438,2903.959,2955.0205,-51.061563,-0.98437216,-0.14748577
1439,3175.5108,3259.4502,-83.939389,-1.5331491,-2.4852458
1440,1714.7456,1692.9163,21.82929,0.411194,-0.6648064
1441,3572.5886,3691.7788,-119.19027,-2.2279765,0.61518767
1442,5077.8888,5120.8088,-42.920089,-0.82005637,1.9591706
1443,4044.1941,4023.1027,21.091397,0.39115807,0.71293981
1444,2524.1499,2566.3697,-42.219767,-0.8299155,-0.37298555
1445,2621.7026,2678.2938,-56.591275,-1.0934435,0.28458913
1446,3341.0272,3373.0932,-32.065988,-0.62501466,0.37799379
1447,3594.8055,3668.7267,-73.921176,-1.4356707,-0.83700756
1448,3614.2959,3694.6098,-80.313937,-1.5530364,-1.1589291
1449,3470.5925,3456.91,13.682552,0.26877711,-0.42744035
1450,3120.7763,3239.6335,-118.85716,-2.3193182,1.2572325
1451,2655.129,2697.0995,-41.970532,-0.81975111,2.4716943
1452,3087.5519,3136.91,-49.358079,-0.971812,1.6773295
1453,3167.6339,3247.6209,-79.986928,-1.566939,-0.20969706
1454,2911.129,2904.7709,6.358062,0.12575984,-0.25259272
1455,2963.5408,3039.1406,-75.599772,-1.4803598,0.90600169
1456,2413.974,2428.5624,-14.588437,-0.28688058,0.89544564
1457,2567.8769,2586.0853,-18.208385,-0.35907287,0.2854706
1458,2644.2225,2707.3112,-63.088731,-1.2394028,-1.8592483
1459,2248.1546,2226.2496,21.90503,0.43105551,-0.95796519
1460,2368.6312,2434.831,-66.1998,-1.30002,-0.063027862
1461,2372.4686,2405.5103,-33.04163,-0.63856737,-0.18794374
1462,2211.6986,2240.1011,-28.402487,-0.54938896,0.44857125
1463,1833.3034,1874.8057,-41.502334,-0.7947689,0.360242
1464,1719.8959,1780.0695,-60.173652,-1.1698561,-0.31084302
1465,1819.1653,1829.207,-10.041665,-0.19680156,-1.3535537
1466,1788.8694,1871.5703,-82.700872,-1.5921232,-1.0961355
1467,1819.2663,1876.6256,-57.35932,-1.0903315,0.5668056
1468,1674.654,1666.1232,8.5308206,0.16132067,1.7518879
1469,1551.8548,1596.3602,-44.505357,-0.87319214,0.72944066
1470,1510.1475,1534.3823,-24.234772,-0.4807145,-1.1548401
1471,1643.4493,1592.2148,51.23446,1.0072914,-2.7055767
1472,1616.789,1705.4534,-88.664442,-1.7561339,-1.2604844
1473,1767.2584,1711.3175,55.940847,1.0930495,-1.2784295
1474,1592.4513,1593.6303,-1.1790497,-0.02279408,-0.87856573
1475,1576.0915,1669.5608,-93.469303,-1.8079393,0.33694707
1476,1737.2655,1696.1517,41.113824,0.801106,-0.047870378
1477,1767.7633,1837.5987,-69.835423,-1.3635564,0.87812962
1478,1704.041,1731.6398,-27.598785,-0.53434184,0.71639224
1479,1854.3085,1865.3017,-10.993256,-0.21474326,1.3962161
1480,1805.2292,1850.7425,-45.513305,-0.87808678,1.5503603
1481,1870.8702,1919.4945,-48.624254,-0.94540135,1.7581742
1482,1905.9124,1924.8531,-18.940655,-0.37038214,0.50465956
1483,1926.7156,2003.9179,-77.20227,-1.5103324,-1.2537416
1484,2028.9136,2003.9179,24.995758,0.48552544,-0.73086313
1485,2008.0095,2062.5592,-54.549774,-1.0552208,0.18461575
1486,2112.4292,2104.7204,7.7088122,0.14924658,0.73136077
1487,2081.7294,2133.6367,-51.907262,-0.99250687,0.99859125
1488,2133.8383,2046.079,87.759275,1.6931517,-0.57925068
1489,2043.9606,2170.237,-126.27641,-2.5027467,-1.258
1490,2071.7318,2024.7457,46.9861,0.93092047,0.32053057
1491,2044.0615,2123.3239,-79.262316,-1.5594056,2.1335208
1492,2008.4134,2047.1912,-38.777741,-0.75161529,2.0496524
1493,2089.0004,2097.9463,-8.945893,-0.17207993,0.071844596
1494,1805.4312,1877.8389,-72.407699,-1.3981654,-1.241139
1495,2104.3503,2127.3681,-23.017793,-0.44824121,0.22356846
1496,2098.6951,2136.872,-38.176969,-0.73250368,-0.28694366
1497,1636.6832,1671.0774,-34.394174,-0.64941586,0.18972994
1498,2041.6379,2077.5229,-35.885037,-0.64552793,-0.89375377
1499,2114.2469,2070.4455,43.801445,0.80270034,-0.5193251
1500,2633.8209,2733.0932,-99.2723,-1.7500535,1.2642494
1501,3641.8651,3609.6809,32.184204,0.62160615,-0.1841125
1502,5398.5199,5525.6367,-127.11673,-2.3796838,0.70380067
1503,3532.2951,3530.7172,1.5778494,0.029112269,0.66426276
1504,4864.202,5017.2765,-153.07449,-2.7050397,1.1994555
1505,5113.4359,5207.1532,-93.717341,-1.79608,1.1819353
1506,6143.798,6283.1216,-139.32362,-2.6525074,0.32675524
1507,5244.8189,5330.8057,-85.986752,-1.6435656,-0.87365525
1508,5513.2402,5680.8341,-167.59389,-3.2269378,-1.2878627
1509,5125.8572,5178.0348,-52.177556,-1.0034901,-1.6747214
1510,5415.2836,5549.9021,-134.61842,-2.614879,-0.76896879
1511,5818.1176,5994.6667,-176.54911,-3.381633,0.15441705
1512,6179.4462,6276.4487,-97.002503,-1.8524788,2.2855881
1513,5916.6801,5984.2528,-67.572686,-1.2950612,2.1792714
1514,5803.5755,5991.4313,-187.85574,-3.6360351,-2.2891754
1515,5461.8383,5492.4739,-30.635669,-0.59194366,-0.97365653
1516,5065.7704,5172.0695,-106.2991,-2.0859319,-0.84827766
1517,4723.0233,4829.8262,-106.80295,-2.0741602,2.026657
1518,4532.0584,4518.9258,13.132632,0.25811066,0.88145752
1519,3800.8174,3922.4013,-121.58391,-2.3827194,0.0064218816
1520,3572.3866,3627.2733,-54.886714,-1.06837,-0.94438442
1521,3322.3448,3346.6035,-24.258702,-0.4663152,-2.3655023
1522,2512.6375,2608.1264,-95.488907,-1.8512131,-1.6258328
1523,2221.5953,2254.1548,-32.559552,-0.62755501,-1.1923861
1524,1931.3609,1923.7409,7.6200305,0.14619104,0.24951449
1525,1687.0753,1804.6382,-117.56289,-2.2454105,0.91336266
1526,1648.4986,1627.3997,21.098935,0.40439072,1.53955
1527,1248.6943,1276.2591,-27.564804,-0.53299449,2.395287
1528,1153.8682,1146.6414,7.2268544,0.14066464,1.2052217
1529,976.13254,954.03476,22.097789,0.42946706,0.93791303
1530,1030.1602,1032.6951,-2.5349449,-0.049364336,1.1815423
1531,925.03353,906.4139,18.619629,0.36432897,0.87940517
1532,922.81183,919.05213,3.7597016,0.073546568,0.28707967
1533,749.92347,726.5466,23.376868,0.45780528,-1.2426076
1534,639.14162,618.16114,20.98048,0.40590963,-1.5873562
1535,691.35148,702.07899,-10.72751,-0.20804599,0.41842961
1536,836.36765,828.36019,8.0074633,0.15447787,0.45953116
1537,912.71321,943.21643,-30.503215,-0.58202961,1.4262882
1538,984.00947,957.67457,26.334902,0.50377622,1.8434531
1539,1151.0406,1216.6066,-65.566004,-1.2714416,0.43666504
1540,1306.5594,1284.1453,22.414029,0.43682526,-0.50285417
1541,1476.1152,1528.0126,-51.897451,-1.005489,0.158683
1542,1687.0753,1694.4329,-7.3575142,-0.14124751,1.4750902
1543,1931.8659,1904.4297,27.436178,0.5274109,2.6138616
1544,2092.5349,2160.4297,-67.894789,-1.3263369,2.1103885
1545,2260.071,2257.4913,2.5796947,0.050854736,0.29586774
1546,2487.4919,2477.9021,9.5898595,0.18721264,-1.6347352
1547,2521.3223,2591.6461,-70.323842,-1.385382,-1.1295293
1548,2725.9203,2717.7251,8.1951971,0.16212355,-1.347936
1549,2706.43,2716.1074,-9.6774447,-0.18850409,-1.0386594
1550,2794.389,2925.1943,-130.80536,-2.5367847,1.3194452
1551,2824.1799,2788.1959,35.983989,0.69757115,1.6420686
1552,2803.9826,2917.0047,-113.0221,-2.1683887,0.32220814
1553,2804.3866,2820.6509,-16.264281,-0.31417444,-0.5531931
1554,2869.3207,2901.8389,-32.518153,-0.64224926,0.42780399
1555,2774.6966,2851.9937,-77.297034,-1.5044597,0.21807446
1556,2774.1917,2823.7852,-49.593434,-0.94660677,0.41451027
1557,2756.4181,2773.7378,-17.319611,-0.32933109,-0.4474671
1558,2564.3424,2626.3254,-61.983028,-1.2035511,-2.0743832
1559,2451.6418,2473.7567,-22.114899,-0.43459803,-1.4465
1560,3254.987,3274.2117,-19.224708,-0.37148853,-2.2094133
1561,2058.6036,2111.8989,-53.295344,-1.0121068,-0.74392905
1562,3681.4517,3705.327,-23.875338,-0.45462093,0.93042924
1563,2763.9921,2730.1611,33.830973,0.64332733,-0.19395966
1564,2971.6197,3067.7536,-96.133831,-1.7526857,-1.1180107
1565,1502.1696,1487.9747,14.194902,0.27027164,-0.77917066
1566,3384.1483,3464.2907,-80.142356,-1.5197333,0.51206797
1567,4780.5854,4882.0979,-101.51254,-1.9729274,2.6518442
1568,3879.0817,3812.6003,66.481341,1.2349822,1.4032503
1569,2263.4036,2358.9005,-95.496924,-1.8379225,0.010585853
1570,2403.8753,2456.3665,-52.491164,-1.0089777,1.0863076
1571,3163.3925,3179.1722,-15.779691,-0.30953827,-0.30924898
1572,3343.3499,3435.981,-92.631141,-1.8185267,-0.92511334
1573,3529.3665,3500.1833,29.183215,0.56783384,-1.1625017
1574,3234.1838,3269.0553,-34.871466,-0.67883233,0.16967814
1575,2995.8564,3045.207,-49.350541,-0.96094979,1.0194397
1576,2512.4355,2519.861,-7.4254765,-0.14575524,1.6115845
1577,2887.4982,2928.2275,-40.729263,-0.79408165,0.77990002
1578,3068.1625,3034.793,33.369476,0.65109029,-1.1641514
1579,2672.2966,2730.6667,-58.37002,-1.1497095,-0.79408168
1580,2803.2757,2826.9194,-23.643692,-0.46278198,0.97685978
1581,2203.9227,2228.1706,-24.247934,-0.47568421,1.8352352
1582,2299.1527,2352.2275,-53.074825,-1.0159663,-0.17823524
1583,2471.4351,2513.9968,-42.561732,-0.80819456,-2.1058026
1584,1996.0931,2022.0158,-25.922701,-0.49416518,-2.403183
1585,2186.755,2245.1564,-58.401369,-1.1306259,-0.019947006
1586,2179.1811,2208.455,-29.273911,-0.57171923,1.1542936
1587,1997.3049,2037.485,-40.180061,-0.7712622,1.4272655
1588,1746.7582,1686.1422,60.616005,1.1653333,2.0657456
1589,1481.2655,1600.91,-119.64447,-2.3221233,-1.2829104
1590,1709.3933,1623.861,85.532314,1.6723802,-2.2256963
1591,1616.486,1677.7504,-61.264399,-1.2065608,0.22948358
1592,1637.9961,1625.1754,12.8207,0.25001744,1.9121676
1593,1529.1329,1485.5482,43.584756,0.84754741,1.4655861
1594,1291.3105,1382.3191,-91.008662,-1.779313,0.057328766
1595,1345.843,1309.624,36.218985,0.70612387,0.29880683
1596,1389.469,1377.9716,11.49747,0.22231205,-0.18116907
1597,1363.6166,1456.1264,-92.509814,-1.8127625,0.029022763
1598,1559.5298,1530.3381,29.19171,0.56807559,-1.0808588
1599,1335.9464,1344,-8.0536489,-0.15656269,0.71145457
1600,1366.4442,1454.3065,-87.862296,-1.7010378,0.60060623
1601,1503.0785,1480.6951,22.383398,0.43483439,1.2004754
1602,1557.5101,1610.0095,-52.49942,-1.0077944,2.3272311
1603,1560.3377,1520.6319,39.705761,0.77084483,1.0493282
1604,1621.2323,1664.8088,-43.5765,-0.84703432,-0.10039476
1605,1676.1688,1625.9842,50.184634,0.9764394,-1.4216151
1606,1682.632,1722.8436,-40.211649,-0.78809323,0.30059263
1607,1746.3542,1705.2512,41.103056,0.80299182,0.26304416
1608,1754.6351,1777.643,-23.007862,-0.44580897,-1.3795362
1609,1787.0517,1801.7062,-14.654485,-0.28078879,-2.7645254
1610,1829.0619,1834.6667,-5.6047337,-0.10911554,-1.3272842
1611,1854.6114,1904.4297,-49.81826,-0.97665979,-0.73212183
1612,1843.099,1903.2164,-60.117416,-1.1656107,0.85699619
1613,1907.7302,1850.8436,56.886576,1.1003624,0.8061925
1614,1835.2221,1966.3065,-131.08439,-2.5530369,-0.43519935
1615,1857.641,1828.7014,28.939604,0.5697835,-0.16188198
1616,1856.1262,1918.1801,-62.053862,-1.2169794,1.5250425
1617,1816.5396,1850.0348,-33.49511,-0.64724273,1.7853334
1618,1941.0556,1891.6904,49.365258,0.96129169,1.3552298
1619,1618.5057,1699.7915,-81.285749,-1.579951,0.67775996
1620,1954.7897,1914.237,40.552777,0.78630148,1.0161859
1621,1940.8536,1945.8831,-5.0294475,-0.096638821,-0.68692407
1622,1471.1669,1458.654,12.512835,0.23720036,-1.8297249
1623,1870.7692,1888.7583,-17.989063,-0.32553158,-1.0777491
1624,1918.0308,1889.8705,28.160311,0.52530637,-0.29224175
1625,2426.1933,2527.8483,-101.65505,-1.8189454,0.51527381
1626,3458.8781,3456.2022,2.6758948,0.052618389,1.0174511
1627,5336.7164,5447.5829,-110.86657,-2.0518635,1.1408155
1628,3538.8592,3549.5229,-10.663735,-0.1913519,1.9004647
1629,4553.1645,4723.9684,-170.80391,-3.0791286,2.2372525
1630,4545.9945,4624.278,-78.283564,-1.5127002,0.6651328
1631,5698.2469,5800.5434,-102.2965,-1.9593912,0.29957712
1632,4898.7393,4933.3586,-34.619359,-0.67113772,-0.46563301
1633,5098.086,5197.9526,-99.866611,-1.9354095,-1.1728993
1634,4692.7274,4745.3017,-52.574322,-1.0327655,-0.49224818
1635,5153.1235,5229.4976,-76.374159,-1.493926,-0.71867063
1636,5508.1909,5636.0442,-127.85331,-2.4923109,-0.34564488
1637,5751.3657,5778.6035,-27.237795,-0.53230612,0.86341471
1638,5466.7866,5528.9731,-62.186556,-1.2085648,1.2384745
1639,5375.2931,5538.376,-163.08289,-3.1679465,-0.78917197
1640,5001.1393,5001.8073,-0.66801649,-0.012880133,-1.5927619
1641,4524.4844,4667.9558,-143.47135,-2.7824754,-0.47955545
1642,4271.615,4330.4645,-58.849465,-1.1351895,2.151685
1643,4106.9065,4113.4913,-6.5848023,-0.12850364,1.9790653
1644,3359.5077,3484.4107,-124.90305,-2.4278384,0.55989402
1645,3154.5057,3190.1927,-35.687013,-0.70087465,0.014363776
1646,2985.1519,2985.6556,-0.50373445,-0.0097808237,-0.71097246
1647,2198.6714,2248.7962,-50.124808,-0.97490639,-0.52187683
1648,1932.1688,1937.7946,-5.6257925,-0.10873575,-0.39290951
1649,1613.1535,1601.2133,11.940182,0.23073896,-1.2053069
1650,1483.9921,1525.0806,-41.088458,-0.79678567,0.62007877
1651,1410.7771,1377.9716,32.805556,0.63376628,1.5451132
1652,1097.215,1039.3681,57.846902,1.1130444,1.8163961
1653,981.98974,1005.4976,-23.507887,-0.45949547,0.75595314
1654,767.69704,745.65561,22.041433,0.43014397,1.3068446
1655,854.24221,820.27172,33.970487,0.66138955,1.9949447
1656,666.81183,705.81991,-39.008071,-0.77028475,1.0977484
1657,735.0785,700.4613,34.617206,0.68010662,0.68760744
1658,530.48047,545.06161,-14.581138,-0.28283788,-1.2059274
1659,444.94517,432.02528,12.919891,0.24690055,-1.061056
1660,536.8426,548.80253,-11.959924,-0.22967654,-1.084683
1661,662.6714,677.10585,-14.434445,-0.27989673,-0.37978107
1662,810.01026,779.42496,30.585296,0.58876907,-0.28326149
1663,847.88008,817.54186,30.338215,0.58855702,1.1802056
1664,1005.7215,1063.4313,-57.709781,-1.1326867,-0.63265133
1665,1205.8761,1128.8468,77.029373,1.5097445,-0.73429353
1666,1303.7318,1362.7046,-58.972826,-1.1442973,-0.16013826
1667,1530.8497,1500.4107,30.438962,0.58703193,0.92638037
1668,1745.5464,1723.1469,22.399432,0.44212262,0.80298795
1669,1894.198,1944.3665,-50.168481,-1.0056654,1.3536096
1670,2038.6083,2052.3476,-13.739267,-0.27128507,0.41505199
1671,2224.2209,2214.8246,9.3962627,0.18107394,-0.58572864
1672,2282.086,2351.0142,-68.928222,-1.3477624,-1.0940136
1673,2437.0998,2427.9558,9.1440366,0.18023511,-1.3197407
1674,2412.6611,2460.1074,-47.446281,-0.9300229,1.1081651
1675,2523.645,2622.4834,-98.838442,-1.9433969,1.5179722
1676,2506.6793,2499.7409,6.9383737,0.13623425,0.69443921
1677,2605.6458,2621.3712,-15.725489,-0.30341812,0.16009525
1678,2512.4355,2528.9605,-16.525003,-0.3207608,-0.86094491
1679,2632.0032,2617.5292,14.47393,0.28363315,0.15925259
1680,2545.458,2564.3476,-18.889563,-0.37397211,1.4294169
1681,2496.6817,2526.6351,-29.953414,-0.59023683,0.81327886
1682,2520.9183,2456.4676,64.450729,1.2486233,-1.1712367
1683,2234.8245,2321.5924,-86.767959,-1.6836256,-2.2538732
1684,2185.6442,2173.0679,12.576251,0.2410937,-1.9118314
1685,2931.6292,2980.1959,-48.566701,-0.93495349,-0.94431868
1686,1724.2383,1767.6335,-43.395227,-0.8258617,-0.76277672
1687,3377.1803,3400.2907,-23.110403,-0.43966128,-0.076955887
1688,2455.5803,2421.8894,33.690861,0.64124604,-0.65135282
1689,2651.0895,2787.387,-136.2975,-2.4711904,-2.1520036
1690,1241.0193,1181.3207,59.698634,1.1335803,-1.2497892
1691,3050.7929,3187.3618,-136.56887,-2.5725716,0.52119445
1692,4579.1179,4584.8468,-5.7288127,-0.11088596,2.4230888
1693,3573.3964,3526.0664,47.330099,0.89204081,0.8173923
1694,2036.3866,2085.8136,-49.426998,-0.97038568,-1.0892789
1695,2146.7645,2164.0695,-17.305013,-0.33334403,-1.0744943
1696,2903.757,2883.2354,20.521615,0.40021153,-0.28498058
1697,3118.5546,3143.8863,-25.331621,-0.49152562,-1.4515541
1698,3206.8166,3200.2022,6.6143564,0.12941121,-0.64044537
1699,2970.6099,2975.545,-4.9351618,-0.097749765,1.0669264
1700,2686.4347,2736.9352,-50.500515,-0.97933666,1.7608032
1701,2165.9519,2183.9874,-18.035488,-0.34645381,1.8338809
1702,2597.1629,2625.7188,-28.55588,-0.55356918,0.87536148
1703,2730.9696,2731.7788,-0.80920572,-0.015697118,-0.51224204
1704,2376.3061,2434.5276,-58.221532,-1.1454919,0.64979691
1705,2518.7976,2510.2559,8.541709,0.16621511,0.32592795
1706,1899.5503,1945.782,-46.231695,-0.91652169,1.035872
1707,2104.6533,2068.5245,36.128768,0.70995848,0.0082399668
1708,2168.6785,2236.2591,-67.580583,-1.3094226,-1.8342694
1709,1781.1945,1745.9968,35.197637,0.68308165,-2.2477587
1710,1925.6047,1938.7046,-13.099848,-0.2567373,-1.1549553
1711,1924.1909,1926.9763,-2.7853763,-0.054613309,-0.61736943
1712,1768.9751,1718.9005,50.074674,0.96384707,0.17072039
1713,1443.4966,1431.6588,11.837879,0.22699611,1.6584474
1714,1253.1377,1323.5766,-70.438947,-1.3667,1.1837161
1715,1419.9669,1342.8878,77.079028,1.5091087,-0.22301231
1716,1318.1728,1405.169,-86.996255,-1.6710532,0.76456108
1717,1402.5972,1362.7046,39.892657,0.7659505,1.358963
1718,1252.3298,1219.9431,32.386655,0.62159013,1.2043281
1719,1046.3179,1126.8246,-80.506696,-1.5779901,1.3658667
1720,1096.5081,1068.9921,27.515986,0.53986325,-0.034525334
1721,1137.9124,1136.8341,1.0783028,0.020700896,-1.2142894
1722,1212.3393,1203.1596,9.1796928,0.17678838,-1.7668419
1723,1297.4706,1315.2859,-17.815329,-0.34405491,-0.24234802
1724,1170.531,1100.5371,69.993842,1.3527761,-0.81841253
1725,1180.0237,1228.0316,-48.007927,-0.93963762,0.87166505
1726,1302.6209,1233.9968,68.624067,1.3366194,0.10046639
1727,1371.2915,1343.7978,27.49373,0.52956403,1.3683987
1728,1298.9854,1318.0158,-19.030393,-0.36830137,0.98829845
1729,1410.8781,1392.4297,18.448407,0.35844107,0.83470406
1730,1411.383,1396.2717,15.111316,0.29043308,0.37525355
1731,1374.3211,1463.9115,-89.590428,-1.7593553,1.4272182
1732,1521.256,1439.2417,82.01431,1.6229014,0.45659399
1733,1474.7014,1554.0979,-79.396566,-1.5509419,-1.0335153
1734,1524.2856,1529.6303,-5.3447302,-0.10352244,-0.78921122
1735,1601.843,1603.7409,-1.8979182,-0.0368307,0.0077950587
1736,1598.8134,1644.0821,-45.268736,-0.88442467,1.2682308
1737,1679.4004,1629.624,49.776382,0.95529457,0.24032536
1738,1635.9763,1632.0506,3.9257784,0.076361508,-0.068125727
1739,1640.6217,1674.6161,-33.994417,-0.66116664,-0.3819053
1740,1653.9519,1590.9005,63.0514,1.2359466,0.58633086
1741,1621.5353,1638.4202,-16.884915,-0.32996626,1.3705039
1742,1616.587,1569.1627,47.424265,0.92091584,2.4337632
1743,1685.3586,1667.4376,17.920981,0.34676123,0.34949222
1744,1369.9787,1394.2496,-24.270907,-0.47537177,0.44108246
1745,1699.5976,1692.1074,7.4902082,0.14630168,0.14484658
1746,1634.5625,1643.2733,-8.7107771,-0.16803268,-0.55186643
1747,1212.8442,1169.0869,43.757294,0.81836847,-0.8526142
1748,1590.8355,1667.0332,-76.197672,-1.367866,-1.3061274
1749,1632.4418,1587.9684,44.47341,0.81473207,-0.010189941
1750,2255.5266,2336.5561,-81.029455,-1.4388934,0.80119778
1751,3257.9156,3237.8136,20.101996,0.38729357,1.2421949
1752,5145.3475,5139.8167,5.5307889,0.10220552,0.67171124
1753,3215.2994,3280.8847,-65.585268,-1.1933484,0.17020082
1754,4583.2584,4636.4107,-53.15236,-0.93449558,0.5823556
1755,4850.6698,4931.6398,-80.969988,-1.5514487,0.57962504
1756,5848.3124,5881.9336,-33.621223,-0.64535653,0.030659012
1757,4991.7475,5011.8167,-20.069211,-0.38612266,0.10660663
1758,5255.2205,5399.5577,-144.33715,-2.8060622,-0.87380071
1759,4851.8817,4861.7757,-9.8940146,-0.19288633,-0.55786083
1760,5177.0572,5281.5671,-104.50994,-2.0293586,0.16603207
1761,5529.398,5656.4676,-127.06959,-2.4308871,1.0690259
1762,5933.8477,5982.9384,-49.090657,-0.93952811,1.588198
1763,5617.559,5709.346,-91.786997,-1.7655906,1.3934519
1764,5485.469,5643.7283,-158.25924,-3.0816643,-1.9695437
1765,5188.2667,5178.0348,10.231912,0.19560981,-0.51255459
1766,4695.1511,4810.1106,-114.9595,-2.1973998,0.73399005
1767,4452.8852,4474.7425,-21.857289,-0.41568121,3.4000244
1768,4165.9834,4193.8705,-27.887026,-0.54844652,2.0964755
1769,3497.1519,3537.8957,-40.743861,-0.80327896,-0.46186166
1770,3240.6469,3267.7409,-27.093973,-0.53034432,0.3015314
1771,2973.7404,2901.8389,71.901571,1.407984,-0.72370991
1772,2170.1933,2222.2054,-52.012077,-1.0188482,-0.91185228
1773,1835.0201,1838.5087,-3.4885704,-0.067257364,-1.3259343
1774,1545.2907,1479.7852,65.50558,1.2565891,0.67594366
1775,1274.8497,1385.4534,-110.60369,-2.1468806,0.65868191
1776,1220.7211,1156.5498,64.171342,1.2514962,1.244315
1777,865.95661,838.06635,27.890257,0.53452938,0.68003973
1778,688.62485,708.14534,-19.520488,-0.37658818,-0.3606976
1779,558.25168,502.79937,55.452308,1.085485,0.73752991
1780,599.25207,599.15324,0.098832459,0.0019191455,1.6637975
1781,470.49467,423.43128,47.063395,0.91113375,1.1315517
1782,524.92623,453.35861,71.567623,1.3848952,0.43587671
1783,284.27613,292.19589,-7.9197585,-0.15364207,-1.6424507
1784,257.81775,162.6793,95.138447,1.8429956,-1.1502125
1785,254.28323,266.11058,-11.82735,-0.22692252,-1.0986256
1786,443.83432,363.1722,80.662124,1.5554449,-0.5617753
1787,551.28363,542.12954,9.1540873,0.17605799,0.57892553
1788,573.09665,523.72828,49.368369,0.94724298,1.0097118
1789,785.77357,820.37283,-34.599258,-0.68010214,0.25656696
1790,907.86588,846.96367,60.902213,1.1896628,-0.8205998
1791,1079.7444,1096.3918,-16.647406,-0.32299015,0.11236578
1792,1305.2465,1283.2354,22.011161,0.41951827,0.48461042
1793,1510.3495,1492.3223,18.027232,0.3438886,0.51157964
1794,1739.8911,1772.5877,-32.696553,-0.64228804,0.014570763
1795,1861.1755,1877.2322,-16.056685,-0.3192226,0.71421395
1796,2130.4047,2068.2212,62.183565,1.2246307,-1.4519361
1797,2189.9866,2220.3855,-30.398878,-0.60085203,-1.7063687
1798,2348.232,2340.1959,8.0360601,0.15720008,-1.1535814
1799,2402.9665,2371.6398,31.326659,0.6063434,-0.53845693
1800,2462.5483,2534.9258,-72.377427,-1.4137616,0.68025741
1801,2499.5093,2419.2607,80.248607,1.5958124,-0.052996635
1802,2525.2607,2552.9226,-27.661841,-0.54747369,0.13770886
1803,2453.7625,2474.7678,-21.005248,-0.41494453,0.28641975
1804,2574.2391,2576.7836,-2.544517,-0.050556847,0.72891811
1805,2405.9961,2436.6509,-30.654814,-0.59585025,0.96831489
1806,2470.1223,2487.6082,-17.485927,-0.34035117,1.2758683
1807,2427.0012,2401.9716,25.029619,0.48455803,-0.33643393
1808,2162.4174,2259.9179,-97.500494,-1.9015134,-0.90546886
1809,2151.4099,2127.9747,23.435138,0.45731989,0.26796992
1810,2848.0126,2889.7062,-41.693538,-0.80471496,-0.14098464
1811,1753.7262,1737.7062,16.020072,0.3023177,0.95695803
1812,3304.9751,3335.2796,-30.304473,-0.56838335,1.5103323
1813,2428.011,2375.9874,52.023684,0.98131942,-0.42908887
1814,2671.7917,2754.7299,-82.938142,-1.5065479,-1.0928337
1815,1162.4521,1085.2701,77.181929,1.4661505,-0.66702665
1816,3080.8868,3133.3712,-52.484463,-0.99612678,0.80301639
1817,4490.2501,4520.0379,-29.787816,-0.57231133,1.9213198
1818,3547.14,3468.6382,78.501809,1.4446189,0.13975294
1819,1981.3491,2024.4423,-43.093226,-0.82841226,-0.96619279
1820,2034.3669,2059.3239,-24.956991,-0.4745629,-1.0142592
1821,2881.0351,2839.861,41.174129,0.79941248,-0.78305472
1822,3002.5215,3069.6746,-67.153067,-1.3047514,-0.93722474
1823,3144.1041,3165.5229,-21.418765,-0.41585411,-0.4103102
1824,2948.0899,2934.6983,13.391679,0.25958303,0.16031776
1825,2602.4142,2669.5987,-67.184535,-1.2897327,1.7303417
1826,2222.5041,2159.4186,63.085501,1.2269066,1.1054878
1827,2524.1499,2583.2543,-59.104443,-1.1548534,1.7796654
1828,2751.5708,2688.4044,63.166385,1.2382533,0.51137293
1829,2380.7495,2395.8041,-15.054601,-0.29616465,1.0142872
1830,2454.8734,2428.0569,26.816501,0.52631483,1.3337199
1831,1923.2821,1898.5656,24.71649,0.48850741,0.4726734
1832,1999.3247,2016.8594,-17.534745,-0.3415295,-0.46822047
1833,2153.1266,2168.7204,-15.593752,-0.30274515,-1.4643307
1834,1701.5164,1682.5024,19.014001,0.36839287,-1.8357011
1835,1813.4091,1841.2385,-27.829474,-0.54515037,-0.38922084
1836,1869.3554,1847.6082,21.747209,0.42126383,0.91621302
1837,1642.0355,1641.1501,0.88542397,0.017095975,1.5055376
1838,1368.1609,1323.6777,44.483222,0.85967379,2.6103772
1839,1152.0505,1229.4471,-77.396584,-1.5017949,0.73805416
1840,1297.3696,1244.3096,53.059989,1.0303066,-0.34969385
1841,1296.5617,1296.8847,-0.32294045,-0.0062544211,0.38783256
1842,1265.559,1267.8673,-2.3083242,-0.044215805,2.201191
1843,1199.817,1105.7946,94.022334,1.8052277,1.8313252
1844,980.8789,1023.1912,-42.312258,-0.83278566,2.3858399
1845,990.06864,936.24013,53.828513,1.0602996,0.008743401
1846,1069.8477,1004.891,64.956736,1.2580245,-1.3443213
1847,1051.6702,1067.8799,-16.20972,-0.31555972,-1.2481983
1848,1224.1546,1178.9953,45.159374,0.8812958,0.074906622
1849,1024.202,974.35703,49.844942,0.97546128,1.1944675
1850,996.02682,1081.4281,-85.401296,-1.6699334,1.1271749
1851,1189.6174,1077.485,112.13236,2.1685166,1.0320856
1852,1214.359,1244.1074,-29.748451,-0.57213236,0.76483055
1853,1180.8316,1174.3444,6.4871664,0.12636132,0.32006055
1854,1301.5101,1273.6303,27.879727,0.54826486,0.57787408
1855,1281.8178,1288.3918,-6.5740337,-0.12656354,1.3001646
1856,1376.7448,1327.1153,49.629449,0.95728992,0.51101753
1857,1365.2323,1357.5482,7.6841639,0.14866159,0.10295099
1858,1447.5361,1437.5229,10.013188,0.19405278,-1.8058889
1859,1469.3491,1442.7804,26.568702,0.50705843,-1.014887
1860,1514.389,1482.6161,31.772841,0.60938833,-1.3035922
1861,1565.6899,1526.1927,39.497208,0.76286583,-0.1058856
1862,1557.3081,1549.1438,8.1643269,0.15810981,0.78775504
1863,1580.3329,1507.4882,72.844787,1.3820142,0.19136855
1864,1539.3325,1597.5735,-58.240915,-1.1314034,-0.35459487
1865,1504.6943,1460.575,44.119241,0.86350946,0.13160815
1866,1546.1996,1520.2275,25.972117,0.50033649,0.58214528
1867,1470.5609,1509.1058,-38.544898,-0.74632165,1.3999896
1868,1598.3085,1550.357,47.951451,0.925618,2.2198032
1869,1286.6651,1329.3397,-42.674564,-0.83532061,2.7482126
1870,1607.5992,1579.1722,28.427015,0.55964629,2.1868803
1871,1621.5353,1552.0758,69.459476,1.3557209,-0.24659147
1872,1113.1708,1149.2701,-36.099334,-0.68831284,-1.2120234
1873,1585.2813,1529.5292,55.752036,1.0232,-0.12935658
1874,1584.9783,1530.8436,54.134702,1.0155186,1.2116666
1875,2124.5475,2167.8104,-43.262892,-0.78507579,1.5319047
1876,3093.611,3018.9194,74.691614,1.4476181,1.0752442
1877,4919.3404,4993.4155,-74.075048,-1.3783209,0.86384792
1878,3002.8245,3007.1912,-4.3666956,-0.078719254,0.72041348
1879,4003.2947,4139.2733,-135.97863,-2.4878908,0.87610586
1880,4018.2406,4080.2275,-61.986857,-1.1850421,1.662166
1881,5190.1854,5236.0695,-45.884106,-0.86734521,0.27315782
1882,4370.9854,4444.5118,-73.526444,-1.425739,-0.28086898
1883,4566.4947,4661.1817,-94.687,-1.8506845,-0.31840736
1884,4204.3582,4235.0205,-30.662352,-0.59656916,0.13122806
1885,4579.2189,4662.2938,-83.074904,-1.5942045,-1.3554118
1886,4985.7893,5052.6635,-66.874158,-1.26867,-0.37171001
1887,5195.5377,5270.0411,-74.503402,-1.4327344,1.0340454
1888,4961.0477,4940.7393,20.308395,0.39621286,0.98213137
1889,4843.1968,5000.3918,-157.19494,-3.0646722,-0.92138068
1890,4529.6347,4463.4186,66.216073,1.2824628,-1.4760157
1891,4060.0489,4142.0032,-81.954244,-1.6044751,0.30605092
1892,3831.5172,3876.1959,-44.678733,-0.86450526,2.9981095
1893,3632.6753,3616.3539,16.321475,0.31731989,3.0228976
1894,2958.0876,3030.4455,-72.357924,-1.4244812,2.3476685
1895,2699.7649,2760.4929,-60.727999,-1.1983262,1.778441
1896,2608.6753,2522.8942,85.78119,1.6675403,-0.43353997
1897,1804.9262,1899.5766,-94.650387,-1.8505801,-1.1892137
1898,1526.9112,1524.8784,2.0328856,0.039575413,-0.36891015
1899,1305.6505,1255.6335,50.017002,0.96429931,0.72856228
1900,1103.4761,1164.0316,-60.555461,-1.1780035,1.4673607
1901,1120.1389,1027.1343,93.004575,1.7977754,1.3355865
1902,760.52702,749.90205,10.624968,0.20491844,1.4626304
1903,694.58304,632.92259,61.660447,1.2047009,1.359707
1904,489.27811,444.66351,44.614599,0.87243835,0.5785198
1905,540.07416,474.79305,65.281113,1.2724096,0.93010234
1906,424.64694,393.60506,31.041888,0.60834375,1.396897
1907,450.60039,405.23223,45.368167,0.88012861,0.49833749
1908,231.76331,238.30648,-6.5431635,-0.12602334,-0.20258854
1909,165.81933,109.49763,56.321699,1.082862,-1.3122241
1910,213.98974,212.8278,1.1619395,0.022498252,0.81158303
1911,386.67613,327.58294,59.093196,1.1243037,-0.47904246
1912,448.17673,467.31122,-19.134491,-0.36393388,0.82782854
1913,529.06667,451.03318,78.033491,1.5142903,1.3054961
1914,673.98185,742.21801,-68.236155,-1.3323024,1.0458495
1915,835.55976,740.70142,94.858342,1.8663728,0.30721659
1916,993.90611,986.48973,7.416383,0.1442145,0.7351645
1917,1165.3807,1154.0221,11.358554,0.2204575,0.87238251
1918,1422.7945,1341.169,81.625441,1.5866429,1.3805733
1919,1532.1625,1569.8705,-37.707933,-0.74820903,1.2047394
1920,1683.5408,1625.0742,58.466579,1.139418,0.15290775
1921,1866.9318,1831.5324,35.39937,0.68183212,-0.12410865
1922,1904.2966,1935.3681,-31.071442,-0.60510336,-1.7093148
1923,2051.2316,2041.8325,9.3990147,0.18646562,-1.8133511
1924,2013.0588,2011.8041,1.2546697,0.024471661,0.22933492
1925,2118.9933,2198.951,-79.957733,-1.5769742,1.3705805
1926,2125.6584,2056.594,69.064386,1.3605402,0.63201874
1927,2148.0773,2232.7204,-84.643062,-1.6402164,0.96573951
1928,2108.1878,2091.0711,17.116681,0.33071128,0.98643362
1929,2191.9053,2219.8799,-27.974611,-0.54719915,1.5595241
1930,2112.4292,2100.0695,12.359681,0.23915057,0.82946633
1931,2107.1779,2105.2259,1.9520009,0.037512054,0.39948692
1932,2077.589,2050.5276,27.061309,0.52231479,-1.3379837
1933,1878.8481,1911.8104,-32.9623,-0.64180151,-1.2664214
1934,1792.101,1771.1722,20.92879,0.40645638,-0.9929697
1935,2561.8178,2530.7804,31.037341,0.59495442,-0.8583234
1936,1375.6339,1395.4629,-19.82895,-0.37528538,-0.089654892
1937,2970.8118,2999.1027,-28.290851,-0.53594409,1.4572818
1938,2095.4635,2005.4344,90.029072,1.6935913,0.64845059
1939,2240.8836,2348.2844,-107.40073,-1.9326238,-0.98224458
1940,841.92189,749.39652,92.525369,1.7534461,-0.79041643
1941,2671.1858,2760.2907,-89.10488,-1.6677738,0.04339999
1942,4141.3428,4164.2464,-22.903645,-0.44400796,2.5572321
1943,3195.7081,3110.218,85.490077,1.5945369,1.2562092
1944,1601.54,1670.7741,-69.234052,-1.3391999,0.8132007
1945,1762.512,1711.8231,50.688967,0.96873649,-0.75202117
1946,2504.0536,2473.7567,30.296935,0.58490719,-0.0039318502
1947,2716.8316,2730.97,-14.138426,-0.27173791,-1.6820278
1948,2838.116,2803.8673,34.248678,0.67319945,-0.94604081
1949,2587.2663,2546.2496,41.016667,0.80450415,-0.43590877
1950,2298.2438,2312.0885,-13.844681,-0.27007414,1.6079486
1951,1837.9487,1795.5387,42.410013,0.82765757,1.0837393
1952,2196.1467,2217.3523,-21.205545,-0.41012685,0.25367265
1953,2362.269,2332.5118,29.757185,0.57545264,-0.15448739
1954,1979.3294,2006.2433,-26.913897,-0.51950582,-0.42668865
1955,2122.1239,2078.1295,43.994324,0.84415139,0.23740985
1956,1524.0836,1533.9779,-9.8942539,-0.19162123,-0.74778153
1957,1654.2548,1669.1564,-14.901566,-0.28978452,-1.3049594
1958,1810.7834,1816.4676,-5.6841826,-0.10974316,-2.0829765
1959,1355.1337,1347.842,7.2917057,0.14008137,-0.53627216
1960,1569.9314,1520.4297,49.501661,0.95351989,-0.97325827
1961,1536.9089,1561.8831,-24.974221,-0.48712822,-0.54586305
1962,1404.617,1345.6177,58.999269,1.1401983,0.028937149
1963,1120.1389,1060.7014,59.437434,1.156906,0.96647987
1964,896.35345,944.63191,-48.27846,-0.93960911,-0.095630618
1965,1090.5499,960.70774,129.84216,2.525854,-1.0373286
1966,1007.4383,1061.6114,-54.17311,-1.0450953,-1.3410827
1967,1035.0075,992.96051,42.04699,0.80497614,0.55166397
1968,928.36607,872.24013,56.125949,1.0897267,1.2639141
1969,670.14438,755.36177,-85.217391,-1.6859845,0.69726488
1970,769.31282,680.24013,89.072694,1.7439316,-0.41857902
1971,790.41893,772.34755,18.071384,0.34515856,-1.571542
1972,811.52505,842.4139,-30.888853,-0.59144428,-1.9216273
1973,985.42327,949.38389,36.039388,0.69336315,-0.86005882
1974,777.39172,734.73618,42.655539,0.82276682,1.6572711
1975,834.65089,831.59558,3.055311,0.059369566,1.556338
1976,939.77751,887.406,52.371512,1.0102045,1.5222672
1977,1033.8966,982.84992,51.046726,0.97851805,1.5438748
1978,984.00947,968.79621,15.213259,0.29605314,1.1038688
1979,1075.2,1009.8452,65.354818,1.2750844,-0.037221865
1980,1077.0178,1036.1327,40.88505,0.79188747,1.1598204
1981,1093.1755,1095.8863,-2.7107135,-0.052574286,0.50542061
1982,1142.3558,1075.2607,67.095155,1.3020535,-0.90926565
1983,1154.2722,1190.1169,-35.844714,-0.69186746,-2.311611
1984,1157.6047,1138.5529,19.051811,0.36499649,-2.0620688
1985,1238.4947,1191.9368,46.557866,0.89782839,-1.1298569
1986,1263.9432,1270.9005,-6.9572787,-0.13336002,-1.4023111
1987,1255.7633,1253.207,2.5563626,0.049118398,-0.20959154
1988,1291.4114,1236.1201,55.291377,1.0685944,-0.37212004
1989,1245.1598,1309.4218,-64.262038,-1.2446515,-1.3086821
1990,1297.6726,1173.03,124.64257,2.4210578,-0.37243662
1991,1252.0268,1299.5134,-47.486604,-0.92535869,1.1632585
1992,1255.6623,1194.1611,61.50119,1.1918537,1.5297479
1993,1345.843,1292.8404,53.002556,1.0347577,0.38392111
1994,1042.1775,1009.7441,32.433439,0.64130606,-0.33971311
1995,1336.2493,1308.2085,28.040779,0.55272343,-1.0685218
1996,1349.3775,1291.5261,57.851448,1.1263472,-0.74716888
1997,826.57199,831.59558,-5.0235845,-0.09486811,-0.63477617
1998,1291.7144,1268.3728,23.341571,0.42540353,-1.2845322
1999,1256.0663,1205.1817,50.884598,0.9356244,-0.58524399
2000,1863.3972,1920.5055,-57.108291,-1.0147489,-0.5608608
2001,2802.3669,2739.4629,62.903989,1.2192737,0.70304047
2002,4452.1783,4522.06,-69.881728,-1.3027843,2.1964356
2003,2503.0438,2491.6524,11.391338,0.20547729,2.5054966
2004,3721.1393,3843.7409,-122.60167,-2.1719603,2.1082273
2005,4095.3941,4124.8152,-29.421083,-0.56703418,1.0009352
2006,5119.899,5191.8863,-71.987242,-1.3745994,0.16803028
2007,4250.1049,4251.8041,-1.6991765,-0.032819695,-1.5482322
2008,4571.8469,4653.0932,-81.246264,-1.5873861,-1.3232681
2009,4136.8994,4102.4708,34.428634,0.68381393,-0.96383683
2010,4421.9834,4481.5166,-59.533156,-1.1600694,-1.1645696
2011,4782.2012,4850.1485,-67.947316,-1.293418,-1.1469309
2012,5086.1696,5151.9494,-65.779822,-1.2727455,0.99286361
2013,4863.1921,4868.752,-5.5598643,-0.10758614,0.20490907
2014,4675.4588,4850.654,-175.19525,-3.4707235,-1.2783493
2015,4447.028,4394.7678,52.260235,1.0208017,-1.2781825
2016,3986.9349,4115.3112,-128.37631,-2.504563,0.16997701
2017,3721.0383,3783.4818,-62.443568,-1.2081524,2.6796724
2018,3560.8742,3539.8167,21.057416,0.41149758,2.3068224
2019,2839.2268,2926.0032,-86.776335,-1.6993424,-0.10445088
2020,2714.3069,2672.6319,41.674992,0.82070286,-0.29499439
2021,2449.4201,2403.9937,45.426437,0.88140853,-0.77767699
2022,1700.0016,1717.0806,-17.078991,-0.33043761,-2.4864872
2023,1438.6493,1411.7409,26.908393,0.52393772,-0.92651254
2024,1134.1759,1057.8705,76.305479,1.4722429,0.90820832
2025,974.81972,999.12796,-24.308238,-0.47768517,3.1657098
2026,915.64181,816.22749,99.414326,1.9410998,2.0344044
2027,519.77594,502.90047,16.875463,0.32895738,1.951546
2028,424.44497,364.28436,60.16061,1.1672857,0.11448312
2029,181.87613,175.82306,6.0530694,0.11848814,1.2383454
2030,317.09665,247.70932,69.387326,1.3498623,2.2843784
2031,133.0998,132.65087,0.44893388,0.0087376833,2.740306
2032,186.21854,148.42338,37.79516,0.73924682,1.4375467
2033,17.874556,-0.90995261,18.784509,0.36556461,-0.53858818
2034,-88.564892,-155.703,67.13811,1.2984163,0.42496381
2035,11.916371,-36.802528,48.718898,0.93818148,0.83773583
2036,121.28442,71.886256,49.398162,0.96262865,1.0321539
2037,260.14043,206.66035,53.480086,1.033916,0.74978558
2038,302.25168,200.08847,102.16321,1.990291,0.72283781
2039,445.34911,434.24961,11.099507,0.22089288,0.54729911
2040,593.69783,494.81201,98.885824,1.9458138,0.2566467
2041,713.1645,743.22907,-30.064571,-0.58492746,1.1390048
2042,916.95464,891.45024,25.504398,0.49102986,0.74749118
2043,1123.7744,1069.3965,54.377834,1.0410679,-0.088439405
2044,1267.3767,1317.8136,-50.43686,-0.99222857,-0.1244153
2045,1452.3834,1400.9226,51.460841,1.0141101,-0.32148819
2046,1613.4564,1607.8863,5.5701543,0.10776632,-0.94863418
2047,1665.5653,1708.5877,-43.022392,-0.837637,-1.3260159
2048,1861.7815,1837.0932,24.688253,0.47992064,-1.0043761
2049,1835.0201,1801.0995,33.920592,0.65676767,-0.13601614
2050,1977.9156,2024.7457,-46.830074,-0.92215693,1.0735533
2051,1958.0213,1884.0063,74.014983,1.4534287,0.71972746
2052,2025.6821,2034.3507,-8.6686596,-0.17083102,1.3282944
2053,1970.6446,1934.6603,35.984228,0.71369534,0.5762265
2054,2048.101,2013.8262,34.274762,0.68442419,0.47509988
2055,1961.9598,1946.4897,15.470032,0.30471363,-0.023110191
2056,1932.7748,1947.703,-14.928248,-0.28980176,1.601904
2057,1915.8091,1879.5577,36.251411,0.70305396,1.4556026
2058,1660.011,1721.0237,-61.012651,-1.2001147,-0.19115258
2059,1595.3799,1585.9463,9.4335941,0.1850217,-0.33953976
2060,2372.3677,2368.5055,3.8621236,0.074209698,-0.1445671
2061,1183.8611,1231.4692,-47.60805,-0.88559488,-0.25726744
2062,2806.2043,2795.2733,10.931038,0.20418108,0.7275018
2063,1910.9617,1885.624,25.337723,0.48092806,0.060422718
2064,2127.9811,2168.2148,-40.233785,-0.72972021,-1.7647341
2065,685.99921,604.10742,81.891786,1.5473022,0.49800743
2066,2553.9408,2604.0821,-50.14132,-0.94134578,0.9748322
2067,4004.2036,3996.3096,7.8939136,0.15112547,1.2759781
2068,3053.4185,2971.8041,81.614433,1.4924628,0.24028959
2069,1478.2359,1475.2354,3.0005104,0.057736196,-0.98082589
2070,1599.1164,1578.8689,20.247492,0.38774063,-0.69697508
2071,2337.5274,2321.2891,16.238317,0.31492009,-0.15826996
2072,2530.916,2543.1153,-12.199348,-0.23366325,-1.2623115
2073,2638.6682,2647.3555,-8.6872057,-0.16431031,-1.033519
2074,2410.8434,2373.1564,37.686994,0.72343952,0.87413126
2075,2115.3578,2155.0711,-39.713299,-0.76414999,1.0453046
2076,1640.0158,1647.9242,-7.9083915,-0.15243747,1.9808851
2077,2030.0245,2011.5008,18.523668,0.3615316,1.8846025
2078,2207.4572,2219.7788,-12.321632,-0.23947201,1.4136549
2079,1867.4367,1821.0174,46.419309,0.91141984,0.63552943
2080,1974.785,1949.9273,24.85768,0.48669193,0.71000894
2081,1414.2107,1388.891,25.319656,0.50106012,0.16544354
2082,1548.2193,1473.5166,74.702742,1.4534309,-0.86469176
2083,1682.329,1708.1833,-25.85426,-0.50605676,-0.69637077
2084,1234.1523,1145.8325,88.319725,1.7374236,-0.73083504
2085,1395.2252,1402.5403,-7.3150378,-0.14414337,0.27217803
2086,1384.6217,1382.3191,2.3025809,0.04485082,0.12024254
2087,1217.5905,1181.5229,36.067626,0.69310948,2.0085289
2088,891.6071,895.89889,-4.2917936,-0.081348305,0.99195051
2089,727.70651,721.2891,6.4174093,0.12369224,-0.80164941
2090,870.80394,836.04423,34.759711,0.67466533,-0.71925405
2091,827.07692,863.84834,-36.771418,-0.70080296,0.41978649
2092,846.46627,823.60821,22.858057,0.43761447,1.7455959
2093,744.67219,705.31438,39.357813,0.75618815,2.1432336
2094,566.02761,533.33333,32.69428,0.63853237,0.28698383
2095,576.53018,551.53239,24.997792,0.48876319,-1.3162466
2096,668.62959,572.5624,96.067185,1.8618451,-2.020819
2097,659.43984,675.69036,-16.250521,-0.31853989,-1.6239367
2098,836.87258,757.38389,79.488698,1.5455839,-0.46596348
2099,623.38777,529.89573,93.492037,1.7915861,-0.44417656
2100,645.40276,696.82148,-51.418724,-1.0018528,0.33985454
2101,748.40868,669.52291,78.885772,1.5463157,0.11212756
2102,822.63353,813.49763,9.1359002,0.17821294,0.3914593
2103,739.92584,741.20695,-1.2811128,-0.024825491,0.87684556
2104,872.72268,811.87994,60.842746,1.1919289,1.3139162
2105,868.58225,863.64613,4.936119,0.095861215,1.023761
2106,875.24734,879.72196,-4.4746216,-0.08686218,1.6879445
2107,957.85404,915.61453,42.239509,0.82317168,1.1431716
2108,978.05128,988.41074,-10.35946,-0.20237062,-1.0715894
2109,1027.9385,956.36019,71.578272,1.3873417,-0.6285311
2110,1061.5669,1070.6098,-9.0429307,-0.17550834,0.37721317
2111,1123.6734,1070.4076,53.26579,1.0360396,0.060673878
2112,1127.2079,1113.5798,13.628111,0.26136873,0.91974187
2113,1154.9791,1040.7836,114.19552,2.1982989,-0.1455322
2114,1096.2051,1126.9258,-30.720622,-0.60030218,-0.25288369
2115,1108.3235,1044.9289,63.394561,1.2412972,0.94516368
2116,1085.5006,1084.9668,0.53376707,0.010423326,2.0801408
2117,1058.9412,1049.6809,9.2603382,0.18011296,1.7163114
2118,1114.7866,1079.2038,35.582796,0.6822539,0.87126604
2119,868.07732,856.36651,11.710809,0.22741478,0.72812106
2120,1137.5085,1138.5529,-1.0444413,-0.020403261,0.79693004
2121,1152.1515,1094.9763,57.175176,1.1130956,0.48897454
2122,680.34398,686.50869,-6.1647046,-0.11738502,-0.5804718
2123,1103.1732,1079.9115,23.261643,0.42324805,-1.1696598
2124,1155.888,1059.5893,96.298711,1.7750511,-0.85266462
2125,1678.3905,1753.2765,-74.885929,-1.3295342,0.38452802
2126,2701.8856,2599.7346,102.151,1.9742809,-0.2634374
2127,4477.3239,4554.7172,-77.393354,-1.4556929,-0.062655556
2128,2575.4509,2502.0664,73.384537,1.3351037,0.069745614
2129,3536.3345,3637.3839,-101.04937,-1.8274072,0.61482739
2130,3593.5937,3610.3886,-16.794937,-0.32322293,0.8151905
2131,4702.3211,4751.0648,-48.743666,-0.93240352,1.2970892
2132,3908.0647,3934.7362,-26.671483,-0.51017954,0.2631997
2133,4072.6722,4182.8499,-110.17773,-2.160396,-0.92725632
2134,3743.8611,3736.6698,7.1913178,0.14041592,-1.3278532
2135,4100.7464,4171.425,-70.678609,-1.3794828,0.12930126
2136,4461.0651,4562.5024,-101.43728,-1.9651989,0.75424415
2137,4695.656,4741.9652,-46.309229,-0.89155312,2.1177825
2138,4449.8556,4428.6382,21.217391,0.41050675,1.9944015
2139,4352.6059,4487.7852,-135.17923,-2.6520217,-1.3736159
2140,4006.3243,3949.0932,57.231053,1.1022121,-0.45961623
2141,3592.3819,3673.8831,-81.501242,-1.5781624,-0.57648672
2142,3350.7219,3367.2291,-16.507174,-0.31896898,1.7536711
2143,3199.0406,3129.5292,69.511405,1.3620556,1.0594772
2144,2496.2777,2568.8973,-72.619602,-1.4339439,0.99975543
2145,2330.1554,2266.793,63.362375,1.2378098,-0.17165097
2146,2116.7716,2114.5276,2.2439515,0.043337523,-0.99432322
2147,1385.6316,1394.1485,-8.516941,-0.16556848,-1.3959004
2148,1102.5673,1080.1137,22.453514,0.43765777,-1.5705957
2149,849.59684,789.13112,60.465723,1.1629322,-0.44062996
2150,680.34398,715.72828,-35.384294,-0.68013685,-0.27607204
2151,656.20828,631.20379,25.004493,0.4801243,1.2084553
2152,346.18067,300.28436,45.89631,0.88784225,2.4756634
2153,258.12071,209.99684,48.12387,0.93667322,1.0226028
2154,61.096647,18.401264,42.695383,0.82987313,0.74776597
2155,161.27495,69.055292,92.219658,1.7932637,1.1608535
2156,27.569231,15.165877,12.403354,0.24256697,1.3600428
2157,68.670611,-29.219589,97.890201,1.8933459,0.23097406
2158,-132.99882,-165.81359,32.81477,0.6366398,-1.3948771
2159,-203.58817,-278.84992,75.261755,1.4698125,-0.56778291
2160,-128.7574,-205.14376,76.386363,1.4985961,1.0006593
2161,-33.42643,-22.041074,-11.385356,-0.21946334,0.61327077
2162,98.461538,29.320695,69.140843,1.326005,1.6280395
2163,119.66864,60.056872,59.611767,1.1356029,0.99961924
2164,286.6998,293.40916,-6.70936,-0.13072603,-0.46294592
2165,415.15424,359.12796,56.026279,1.1111457,0.22978468
2166,554.81815,604.30964,-49.491491,-0.96092397,0.69926636
2167,778.90651,703.89889,75.007615,1.4438699,1.1316608
2168,969.36647,925.62401,43.742457,0.84064399,0.84829983
2169,1119.5329,1130.2622,-10.729304,-0.20842383,1.2504153
2170,1286.2611,1215.8989,70.36225,1.3710465,0.38583104
2171,1457.2308,1426.5024,30.7284,0.59645443,-1.2657352
2172,1519.3373,1490.9068,28.430485,0.55798777,-2.4585134
2173,1652.1341,1612.7393,39.394786,0.77649766,-0.69069966
2174,1635.0675,1576.0379,59.029541,1.14081,0.28911594
2175,1725.955,1781.8894,-55.934386,-1.0712709,0.63940256
2176,1691.5187,1652.7773,38.741486,0.7460204,1.1256609
2177,1733.731,1736.2907,-2.5597128,-0.049278212,-0.11432655
2178,1679.1984,1683.6145,-4.4161119,-0.085915096,0.8311662
2179,1752.4134,1737.2006,15.21278,0.29857469,1.318429
2180,1677.4817,1688.872,-11.390381,-0.22051803,-0.30047483
2181,1645.0651,1675.2227,-30.15766,-0.58407094,-0.38748929
2182,1668.4939,1584.6319,83.861974,1.6111249,-0.017960421
2183,1429.3586,1492.2212,-62.862589,-1.209456,-1.9101707
2184,1362.7077,1300.2212,62.486523,1.2034426,-1.2626709
2185,2146.8655,2125.9526,20.912877,0.39956343,-0.83579711
2186,965.32702,980.62559,-15.298571,-0.28953337,0.22526694
2187,2588.4781,2531.7915,56.686637,1.0565782,0.87025461
2188,1691.8217,1627.2986,64.523118,1.1995747,-0.96303787
2189,1851.1779,1899.4755,-48.297604,-0.87253223,-2.0522721
2190,451.10533,379.45024,71.655088,1.3436358,-1.3312452
2191,2259.3641,2328.4676,-69.103512,-1.2888299,0.77699669
2192,3721.0383,3723.8294,-2.7911196,-0.054014705,3.0745094
2193,2759.9527,2716.0063,43.946344,0.8133925,0.6271078
2194,1201.6347,1196.4866,5.1481421,0.098496846,0.050358573
2195,1298.8844,1329.8452,-30.960764,-0.58443288,0.51798676
2196,2055.8769,2028.0821,27.794775,0.53552664,0.59679237
2197,2277.8446,2306.3254,-28.480859,-0.55139083,-0.5212194
2198,2417.1045,2381.5482,35.556353,0.69481993,-1.2180414
2199,2154.1365,2113.7188,40.41769,0.78519709,0.38575281
2200,1912.2746,1915.248,-2.9734691,-0.057488412,1.247629
2201,1419.058,1378.8815,40.176472,0.77636446,1.0254207
2202,1814.9239,1786.6414,28.282476,0.54705041,1.2796262
2203,1954.7897,1907.3618,47.427974,0.92850214,-0.44822203
2204,1599.3183,1585.0363,14.282008,0.28242433,-0.56609421
2205,1729.4895,1689.0742,40.415297,0.78443623,1.021071
2206,1110.6462,1110.3444,0.30176206,0.0059101666,1.2822655
2207,1231.0217,1221.8641,9.1575572,0.17576855,-0.38907625
2208,1407.3436,1411.2354,-3.8917973,-0.074492137,-2.4412587
2209,944.62485,894.48341,50.14144,0.9582967,-2.8070068
2210,1127.6118,1145.7314,-18.119603,-0.35031199,-0.2692165
2211,1131.7523,1121.3649,10.387339,0.20203506,0.5994482
2212,968.65957,933.10585,35.553721,0.681523,0.86499574
2213,707.00434,617.85782,89.146519,1.7153877,1.527942
2214,485.33964,525.34597,-40.006327,-0.76727168,-1.0331625
2215,693.16923,583.88626,109.28297,2.1038192,-2.6727512
2216,629.85089,643.63981,-13.788923,-0.26805077,-1.5013319
2217,673.77988,580.85308,92.926801,1.8150966,1.8749066
2218,540.07416,464.58136,75.492803,1.4730197,1.8299103
2219,337.59684,346.48973,-8.8928873,-0.17557764,1.4053438
2220,379.00118,316.86572,62.135465,1.199801,-0.00063568419
2221,410.71085,360.54344,50.167404,0.96205566,-1.1612348
2222,414.7503,437.08057,-22.330273,-0.43430577,-1.2683388
2223,586.32584,533.73776,52.588082,1.0250182,-1.7981361
2224,381.72781,328.49289,53.23492,1.0336837,-0.10255545
2225,406.06548,477.52291,-71.457424,-1.39517,0.66659659
2226,548.85996,456.18957,92.670387,1.7903815,0.90435153
2227,605.31124,596.12006,9.1911794,0.1754629,1.6212721
2228,594.00079,540.81517,53.185623,1.0364008,0.8136773
2229,663.27732,634.94471,28.33261,0.55522349,0.43518257
2230,704.3787,636.36019,68.018509,1.3280369,-0.18668286
2231,699.02643,676.09479,22.931643,0.44917772,0.77420644
2232,769.21183,667.50079,101.71104,1.9959862,-0.54189355
2233,771.83748,775.17852,-3.3410397,-0.065265835,-1.5165483
2234,789.30809,742.92575,46.382336,0.89815459,-2.9780636
2235,851.71755,820.67615,31.041409,0.6044869,-0.731383
2236,861.41223,847.16588,14.246352,0.27724387,-0.80951005
2237,868.1783,858.69194,9.4863606,0.18416437,1.4177144
2238,912.1073,801.97156,110.13573,2.1208796,0.94698249
2239,822.8355,908.1327,-85.297198,-1.6521791,-0.53024379
2240,877.46903,793.07425,84.394784,1.634777,1.5241362
2241,836.87258,868.80253,-31.929944,-0.61305381,2.5434913
2242,838.38738,793.27646,45.110915,0.86953176,1.7422554
2243,944.62485,861.01738,83.607475,1.6342125,0.44951239
2244,623.79172,657.69352,-33.901807,-0.6633833,1.028894
2245,994.61302,900.65087,93.962149,1.8067745,0.81490229
2246,921.6,891.95577,29.644234,0.56904386,0.24725559
2247,504.12308,426.26224,77.860834,1.4913505,-1.7626443
2248,888.98146,860.71406,28.2674,0.51580053,-1.5038805
2249,917.25759,843.42496,73.832633,1.3670444,-0.52585933
2250,1540.7464,1576.6445,-35.898199,-0.6340085,0.43086963
2251,2602.8181,2553.7314,49.086708,0.95389972,1.4384332
2252,4440.7669,4477.6746,-36.907702,-0.68950628,1.8573061
2253,2456.4892,2437.4597,19.029436,0.34089014,1.4119029
2254,3679.7349,3820.0821,-140.34724,-2.4762196,1.6474196
2255,4146.4931,4181.1311,-34.638025,-0.66741441,0.30240935
2256,5169.2813,5271.2543,-101.97308,-1.959428,0.1104228
2257,4289.6915,4288.1011,1.5904129,0.030664078,-0.28338852
2258,4570.0292,4646.9258,-76.896559,-1.5000355,-0.92875522
2259,4210.3164,4240.6825,-30.366094,-0.59591612,-0.91332467
2260,4550.6398,4570.2875,-19.647678,-0.38607418,-0.89287444
2261,4832.6943,4947.6145,-114.92025,-2.2366349,-0.21400627
2262,5274.6099,5243.5513,31.058519,0.60721497,1.3325508
2263,4955.1905,4997.6619,-42.471395,-0.81282433,1.2763917
2264,4828.6548,4962.7804,-134.12558,-2.6146579,-1.4012738
2265,4493.4817,4449.6682,43.81341,0.84804081,-1.0652054
2266,3997.5385,4134.218,-136.67955,-2.6331565,0.079918058
2267,3742.2454,3765.8894,-23.644051,-0.45701374,2.4351422
2268,3470.3905,3446.2938,24.096694,0.46838773,1.1280793
2269,2726.9302,2826.1106,-99.180407,-1.922489,-0.41321016
2270,2533.4406,2524.7141,8.7265711,0.17121754,-0.29394357
2271,2225.2308,2234.3381,-9.1073034,-0.17427802,-1.0850915
2272,1458.6446,1449.049,9.5956028,0.18617267,-1.4336421
2273,1120.7448,1107.6145,13.130239,0.25617439,-1.4899453
2274,830.2075,753.13744,77.070054,1.4827563,-0.76500198
2275,643.48402,642.02212,1.4619068,0.028256218,0.58809413
2276,531.28836,472.97314,58.315219,1.1208432,1.2521655
2277,194.09546,77.649289,116.44617,2.2320444,0.8887428
2278,12.623274,-29.725118,42.348393,0.82880117,0.83009007
2279,-163.79961,-219.39968,55.600079,1.085761,1.0964032
2280,-95.22998,-156.41074,61.180762,1.1853883,1.1740138
2281,-279.12584,-289.36493,10.239091,0.20076344,-0.33599345
2282,-209.9503,-305.03633,95.086039,1.8666479,-0.38962546
2283,-420.40552,-452.44866,32.043135,0.6171015,-1.376903
2284,-516.94832,-552.03791,35.089591,0.66771817,-0.96882934
2285,-432.62485,-480.35387,47.729018,0.92587247,-0.41354809
2286,-323.55976,-344.46761,20.907851,0.4068244,0.50753453
2287,-136.73531,-231.22907,94.493762,1.8115306,-0.2895003
2288,-117.24497,-211.81675,94.571775,1.8281829,0.74666947
2289,71.09428,91.298578,-20.204298,-0.39708899,-0.08917712
2290,263.57396,129.31438,134.25959,2.6590854,-0.30497632
2291,389.60473,396.73934,-7.1346028,-0.13948055,0.96570505
2292,651.15897,550.21801,100.94096,1.9413255,1.1939474
2293,836.67061,785.2891,51.381512,0.994183,-0.076624013
2294,1042.2785,1059.8926,-17.614074,-0.34715161,0.0065496917
2295,1191.3341,1143.3049,48.029225,0.94248931,0.1607947
2296,1377.1487,1380.9036,-3.7549155,-0.072411649,-0.62597899
2297,1484.901,1480.3918,4.509201,0.087485593,-1.5160452
2298,1639.0059,1639.6335,-0.62757415,-0.012227577,-1.7150316
2299,1659.0012,1638.3191,20.682068,0.40668252,0.63350141
2300,1768.9751,1831.0269,-62.051708,-1.2214878,-0.26215609
2301,1760.6943,1733.763,26.931247,0.51993653,0.56880378
2302,1881.9787,1815.0521,66.926566,1.2732458,0.31414917
2303,1763.017,1781.0806,-18.063606,-0.34994258,-0.12942818
2304,1913.7893,1845.8894,67.899934,1.3317493,-0.081947367
2305,1802.7045,1790.5845,12.120018,0.23862084,0.40592367
2306,1781.9014,1771.0711,10.830291,0.21135504,0.25873061
2307,1787.2536,1694.9384,92.31526,1.7842859,-0.38780833
2308,1507.7239,1576.139,-68.415155,-1.3366385,-1.8611897
2309,1483.9921,1418.8183,65.173785,1.2570815,-1.9463515
2310,2188.6738,2216.3412,-27.667465,-0.52959307,-0.50709955
2311,1028.9483,1050.2875,-21.339196,-0.40415161,-1.2425418
2312,2635.6387,2615.5071,20.13155,0.38239269,-0.25903566
2313,1726.157,1704.0379,22.119087,0.41852209,-1.0108746
2314,1952.3661,1986.0221,-33.656042,-0.59996383,-2.1594825
2315,485.03669,450.32543,34.711252,0.65061157,-0.61486138
2316,2368.6312,2419.0585,-50.427288,-0.93308322,2.3875488
2317,3847.473,3816.7457,30.727323,0.59221843,1.7350298
2318,2864.0694,2819.7409,44.328512,0.82368522,1.1812465
2319,1353.8209,1295.267,58.553925,1.1347368,-1.2807212
2320,1420.3708,1447.128,-26.757153,-0.50848897,-1.5671211
2321,2211.1937,2117.5608,93.632867,1.8059099,-1.0118582
2322,2392.9688,2395.3997,-2.4308478,-0.046557023,-1.7223992
2323,2495.0659,2507.5261,-12.460189,-0.23944247,-1.2182703
2324,2290.9728,2201.4787,89.494108,1.7373803,0.61293772
2325,1952.0631,2045.5735,-93.510343,-1.8281645,1.6317845
2326,1492.5759,1428.4234,64.152556,1.2406628,0.80229437
2327,1885.6142,1885.5229,0.09129439,0.0017528093,0.11531938
2328,2011.443,2029.4976,-18.054632,-0.34974732,0.19373166
2329,1684.4497,1656.5182,27.931537,0.54487862,1.8360551
2330,1788.6675,1793.2133,-4.5458145,-0.088426527,0.85630509
2331,1191.2331,1198.5087,-7.2755527,-0.14371006,0.69026887
2332,1382.602,1290.8183,91.783647,1.8062402,-1.1262556
2333,1457.1298,1508.297,-51.167215,-0.99425105,-1.3722062
2334,1057.5274,942.81201,114.71541,2.2348401,-1.2376081
2335,1206.886,1234.3002,-27.414162,-0.53437979,-0.81609989
2336,1197.1913,1133.0932,64.098115,1.2471235,-0.5410347
2337,1029.1503,973.75039,55.399901,1.0690361,1.4909189
2338,715.68915,665.9842,49.70495,0.96448879,1.5283024
2339,499.5787,508.76461,-9.1859147,-0.17873846,0.91004138
2340,663.47929,609.76935,53.709938,1.0374681,-1.5259683
2341,553.90927,558.60979,-4.7005244,-0.089238564,-0.033257269
2342,634.69822,582.47077,52.227451,0.98838766,0.72155284
2343,475.54398,412.81517,62.728818,1.204341,0.6511993
2344,285.79093,304.02528,-18.234349,-0.35834042,0.83326449
2345,313.7641,278.64771,35.116393,0.68768615,0.7189249
2346,388.89783,291.99368,96.904149,1.8579573,-0.59271801
2347,428.68639,388.85308,39.83331,0.76632371,-1.963166
2348,543.81065,510.07899,33.731662,0.6450278,-1.570577
2349,390.31164,263.07741,127.23423,2.4347657,-0.63522896
2350,406.46943,449.11216,-42.642736,-0.83256131,1.8486697
2351,518.46312,383.09005,135.37307,2.657157,0.53516739
2352,597.83826,567.91153,29.926732,0.57687945,0.39395689
2353,543.91164,500.77725,43.134386,0.83184145,-0.60686849
2354,638.13176,582.16746,55.964299,1.0853208,0.63980277
2355,647.52347,636.36019,11.163282,0.21551086,0.41609368
2356,650.75503,622.20537,28.549658,0.55317611,0.57727268
2357,745.98501,670.63507,75.349939,1.4792949,-0.27088182
2358,725.28284,754.45182,-29.168977,-0.57129883,-1.2126899
2359,796.57909,734.23065,62.348445,1.1952843,-0.96698436
2360,838.79132,849.08689,-10.295566,-0.19989022,0.0099986963
2361,862.72505,819.76619,42.958857,0.83000683,1.1294097
2362,942.30217,887.10269,55.199484,1.0495399,0.077208147
2363,904.12939,843.12164,61.007746,1.1820129,0.19794307
2364,918.57041,910.96367,7.6067491,0.14989228,-0.75720971
2365,912.30927,845.8515,66.457769,1.304501,0.62887981
2366,919.58028,835.74092,83.83936,1.6457871,1.4393432
2367,869.28915,853.93997,15.349183,0.29728318,1.9739142
2368,962.60039,871.7346,90.865797,1.753429,-0.26100331
2369,654.49152,657.79463,-3.30311,-0.065009387,-0.26007032
2370,941.19132,919.35545,21.835871,0.43187974,0.0028361306
2371,932.20355,863.84834,68.355209,1.3375566,-1.2977757
2372,480.49231,461.14376,19.348548,0.37104172,-2.4309356
2373,885.24497,855.35545,29.88952,0.54591791,-1.3296887
2374,928.77002,844.63823,84.131789,1.5480635,0.071199829
2375,1447.94,1522.2496,-74.309566,-1.3216598,0.40507196
2376,2413.772,2299.4502,114.32176,2.2030729,0.87181681
2377,4160.2272,4207.2164,-46.989211,-0.87314905,1.6003681
2378,2104.9562,2079.2417,25.714507,0.46083182,0.65413154
2379,3069.5763,3142.673,-73.096654,-1.3229564,0.47275805
2380,3155.7176,3200.4044,-44.686869,-0.86375928,0.42640136
2381,4334.4284,4332.2844,2.1440422,0.041503138,0.095658653
2382,3539.869,3547.2986,-7.4295447,-0.14396352,0.75758244
2383,3687.5108,3766.3949,-78.884097,-1.5518191,-1.2350937
2384,3345.7736,3356.2085,-10.434961,-0.20587607,-1.0704137
2385,3695.6907,3752.139,-56.448291,-1.1032689,-0.38459762
2386,3993.802,4069.3081,-75.506084,-1.4541309,0.73587974
2387,4248.3882,4292.5498,-44.161597,-0.85564979,0.64892297
2388,3978.2501,3981.346,-3.0958729,-0.060065478,0.82700536
2389,3906.6509,4055.4566,-148.80567,-2.9252268,-0.41436832
2390,3561.1771,3533.8515,27.32562,0.52758241,-0.7211083
2391,3170.0576,3235.7915,-65.733876,-1.2643524,0.65907853
2392,2987.6765,3004.158,-16.481449,-0.31874552,1.9461555
2393,2804.1846,2782.2306,21.953968,0.43277374,0.502934
2394,2194.531,2230.4961,-35.965084,-0.71298061,-2.0014464
2395,1983.4698,1970.4518,13.018006,0.25629326,-1.746064
2396,1878.0402,1766.1169,111.92333,2.1900204,-1.8152059
2397,1103.8801,1130.1611,-26.281059,-0.51653516,-0.93701153
2398,862.01815,800.25276,61.765381,1.1996856,-1.3001936
2399,628.84103,567.70932,61.131705,1.1798215,-0.25723314
2400,449.28757,480.45498,-31.167402,-0.59946902,0.09310763
2401,451.81223,378.33807,73.474156,1.4023773,1.2844503
2402,128.7574,67.943128,60.814268,1.157282,1.1450863
2403,22.721893,-12.436019,35.157912,0.67791897,0.30170059
2404,-160.66903,-197.45972,36.790682,0.71812026,0.83529515
2405,-103.40986,-152.46761,49.057753,0.95036252,1.9571254
2406,-167.94004,-239.31754,71.377496,1.3806176,2.0840563
2407,-160.36607,-233.75671,73.390639,1.4187541,0.94459531
2408,-322.95385,-368.22749,45.273642,0.8855685,-1.8318371
2409,-391.3215,-487.53239,96.210886,1.8779466,-1.161249
2410,-335.47613,-402.60348,67.127341,1.2981011,-0.80432937
2411,-188.64221,-283.29858,94.656369,1.8122302,-0.11737884
2412,-109.87298,-171.2733,61.400323,1.1806713,0.77657103
2413,-65.237081,-178.1485,112.91142,2.1841015,-0.44122929
2414,44.534911,81.592417,-37.057506,-0.73111373,0.008306847
2415,176.62485,70.369668,106.25518,2.078143,-0.56433494
2416,317.09665,314.64139,2.4552567,0.047085423,1.413898
2417,479.28047,450.52765,28.752827,0.54731583,0.97256913
2418,694.07811,636.86572,57.212388,1.0884086,0.52199669
2419,809.40434,855.96209,-46.557746,-0.90934433,-0.18003126
2420,957.4501,914.90679,42.543306,0.83194321,0.28509521
2421,1170.8339,1093.763,77.070892,1.4765623,-1.2328152
2422,1172.6517,1186.0727,-13.420993,-0.25840818,-1.4763249
2423,1368.6659,1298.6035,70.062402,1.3532702,-0.83576486
2424,1312.0126,1265.3397,46.672971,0.90164061,0.95989316
2425,1407.7475,1444.4992,-36.751676,-0.72114792,2.0227668
2426,1398.1538,1311.4439,86.709928,1.7028147,0.12445688
2427,1430.4694,1429.2322,1.2372005,0.023812473,0.54786077
2428,1384.0158,1351.684,32.331735,0.62703997,0.90800843
2429,1433.398,1432.6698,0.72820139,0.014373585,2.1054663
2430,1346.3479,1340.2591,6.0888453,0.11793741,0.33083864
2431,1327.2615,1345.921,-18.659473,-0.36200923,0.57464875
2432,1332.6138,1261.6998,70.913965,1.3598439,0.62417975
2433,1071.3625,1164.2338,-92.871283,-1.8097277,0.20322842
2434,1022.2832,998.72354,23.559696,0.46112067,-0.57304746
2435,1789.4753,1788.2591,1.2162614,0.023445288,-0.24064155
2436,652.87574,633.52923,19.346514,0.3617598,0.38202281
2437,2223.0091,2205.2196,17.789484,0.32926029,1.1819003
2438,1385.7325,1303.5577,82.174882,1.5479611,0.011544942
2439,1536.4039,1578.7678,-42.363828,-0.77801162,-0.8061284
2440,155.72071,42.565561,113.15515,2.1517447,-0.8428547
2441,1962.6667,1989.9652,-27.298578,-0.51252003,1.0416767
2442,3428.9862,3417.6809,11.305309,0.2169175,2.2329337
2443,2459.0138,2371.5387,87.475102,1.6016647,0.70036918
2444,878.4789,896.60664,-18.12774,-0.35097814,1.3119721
2445,976.63748,972.63823,3.9992447,0.075905995,-0.095299598
2446,1741.2039,1695.0395,46.16445,0.8989588,-0.87814786
2447,1954.7897,1957.1058,-2.3161016,-0.045113566,-0.60492252
2448,2037.4974,2058.2117,-20.714254,-0.39955185,-0.4083276
2449,1830.9807,1771.3744,59.606263,1.1544632,0.74891648
2450,1528.527,1596.6635,-68.136485,-1.300703,2.0049937
2451,1103.3751,997.20695,106.1682,2.0616785,0.87130333
2452,1461.1692,1455.3175,5.8516952,0.11413778,0.3566298
2453,1634.6635,1593.9336,40.729862,0.80523558,-1.0215187
2454,1293.0272,1259.0711,33.956129,0.66714722,0.79215879
2455,1412.6959,1370.3886,42.307232,0.81761331,1.0107919
2456,820.71479,752.4297,68.285093,1.3379899,0.16265904
2457,965.73097,931.58926,34.141709,0.66593052,-1.5319359
2458,1079.4414,1097.3017,-17.860318,-0.35019874,-1.9144955
2459,660.65168,595.41232,65.239354,1.2807871,-1.7632756
2460,795.7712,826.7425,-30.971293,-0.60173071,0.34255775
2461,839.29625,778.81833,60.477927,1.1714576,0.28814562
2462,671.65917,646.36967,25.289503,0.48654129,1.1326555
2463,358.60197,329.09953,29.502446,0.56875597,1.4568127
2464,210.15227,221.62401,-11.471744,-0.22499066,0.88398664
2465,344.46391,286.63507,57.828834,1.1383375,-0.046977161
2466,363.75227,306.45182,57.300451,1.1086449,-0.22358083
2467,365.26706,350.43286,14.834202,0.28615278,1.0135409
2468,263.77594,142.55924,121.2167,2.3469318,1.1172709
2469,71.599211,84.827804,-13.228593,-0.2635424,1.5412859
2470,105.02564,7.9873618,97.038279,1.9108365,-0.89470392
2471,154.40789,51.665087,102.7428,2.0036162,-0.71775884
2472,173.89822,186.43918,-12.540954,-0.24699674,-2.3136356
2473,305.18028,242.24961,62.930671,1.2364457,-1.6437953
2474,139.86588,59.85466,80.011217,1.5584155,-0.45856607
2475,107.75227,157.3207,-49.568427,-0.96990404,0.70409307
2476,281.04458,154.69194,126.35263,2.4795562,1.3083177
2477,309.21972,318.98894,-9.7692177,-0.18981746,1.2589735
2478,279.02485,209.99684,69.028012,1.3503868,0.097263682
2479,375.87061,336.07583,39.794782,0.7890442,1.0285182
2480,345.9787,338.60348,7.3752227,0.14313268,1.1480636
2481,444.64221,354.47709,90.165116,1.7327208,0.48992421
2482,428.08047,409.07425,19.006224,0.36661878,0.23179461
2483,509.57633,444.76461,64.811718,1.2577252,-1.2943497
2484,498.46785,479.24171,19.226144,0.37589745,-0.99496514
2485,571.68284,499.26066,72.422177,1.4198737,-0.31668603
2486,603.89744,531.81675,72.08069,1.4084172,0.44444557
2487,575.52032,590.25592,-14.735609,-0.28535422,0.52104354
2488,614.09704,492.28436,121.81268,2.3406917,-1.120317
2489,547.64813,620.9921,-73.343975,-1.4330026,-0.72271413
2490,539.87219,467.71564,72.15655,1.4033863,-0.56413445
2491,588.44655,539.50079,48.945758,0.94705983,1.1648338
2492,489.58107,518.16746,-28.586391,-0.5562217,1.4208399
2493,640.55542,532.12006,108.43536,2.1080398,1.41562
2494,323.05483,351.24171,-28.186874,-0.55140703,1.3042163
2495,627.93215,570.03476,57.897395,1.1412462,0.82310555
2496,679.83905,558.30648,121.53258,2.3490715,-0.63819702
2497,124.91992,144.98578,-20.065861,-0.38131186,-1.5706321
2498,644.3929,538.89415,105.49874,1.9266543,-0.096612153
2499,610.66351,559.11532,51.548187,0.96217796,-0.26679577
2500,1204.2604,1194.8689,9.3914767,0.16882506,0.3503846
2501,2147.3704,2055.9874,91.383052,1.7812232,0.11175152
2502,3746.3858,3781.763,-35.377234,-0.66255749,-0.1497375
2503,1645.1661,1602.2243,42.941746,0.76869276,0.28438909
2504,2689.7673,2814.7867,-125.01947,-2.2596177,0.68714919
2505,3010.0955,3062.4961,-52.400587,-1.0204521,1.2629082
2506,4100.6454,4121.2765,-20.631096,-0.39526671,-0.16263995
2507,3220.2477,3273.8073,-53.559535,-1.0281829,-1.2318646
2508,3530.3763,3613.9273,-83.550999,-1.6194392,-1.1694951
2509,3127.1385,3169.9716,-42.833102,-0.82389576,-0.23908704
2510,3447.2647,3481.6809,-34.41619,-0.66640855,0.093724135
2511,3765.9771,3816.7457,-50.768535,-0.97517519,0.17371196
2512,4037.327,4123.1975,-85.870451,-1.6630384,0.71937848
2513,3863.1258,3800.1643,62.961541,1.2110805,0.21913697
2514,3659.0327,3847.1785,-188.14577,-3.700614,-1.7904014
2515,3436.3582,3326.5845,109.77367,2.1510375,-1.3324752
2516,2984.445,3088.9858,-104.54081,-2.0405059,1.0346048
2517,2784.3913,2813.0679,-28.676609,-0.55023275,2.9067003
2518,2604.9389,2565.9652,38.973611,0.75464391,2.468534
2519,1895.4099,2014.7362,-119.32632,-2.3400554,0.43575169
2520,1798.968,1766.8246,32.143403,0.63350159,0.33558907
2521,1598.0055,1533.8768,64.128745,1.226185,-0.24982607
2522,829.50059,887.91153,-58.410941,-1.1382233,-0.86929278
2523,633.08245,577.31438,55.76807,1.0895435,-0.88507704
2524,343.55503,324.95419,18.600843,0.36027431,1.200526
2525,255.49507,237.39652,18.098545,0.35093788,1.8045698
2526,223.88639,122.54028,101.34611,1.9652903,1.1033501
2527,-131.18107,-161.46603,30.28497,0.58245878,1.1158864
2528,-185.51164,-307.66509,122.15345,2.3796677,0.29136826
2529,-439.5929,-452.85308,13.260181,0.25873215,-0.1516361
2530,-278.82288,-448.50553,169.68265,3.3166803,1.1301498
2531,-485.74359,-499.15956,13.415968,0.26454068,1.555915
2532,-393.84615,-519.58294,125.73678,2.4421942,-0.34645048
2533,-614.60197,-650.71722,36.115247,0.6961719,0.04264173
2534,-737.80513,-775.17852,37.373387,0.71566864,-1.671027
2535,-614.29901,-699.65245,85.353435,1.6664592,-0.48460702
2536,-525.02722,-568.61927,43.592054,0.83725269,-1.8249212
2537,-414.95227,-433.23855,18.286278,0.34983566,0.42320836
2538,-355.87535,-492.28436,136.40902,2.6136524,1.5436207
2539,-246.40631,-182.19273,-64.213579,-1.2549005,1.078685
2540,-33.628402,-195.4376,161.8092,3.2051336,0.17707187
2541,35.850099,42.666667,-6.816568,-0.13352775,0.38958251
2542,263.57396,191.79779,71.776176,1.3891063,1.7979706
2543,443.93531,359.33017,84.605132,1.6462292,2.1240385
2544,577.03511,602.38863,-25.353517,-0.50203464,1.5441646
2545,749.41854,621.09321,128.32533,2.5257275,0.072768803
2546,859.89744,839.58294,20.314498,0.39664428,-0.64365445
2547,949.67416,929.26382,20.410339,0.40070309,-1.9690964
2548,1061.4659,1022.1801,39.285783,0.77315171,-1.3943454
2549,1014.3053,1013.2828,1.022545,0.019922999,0.82985468
2550,1165.4817,1179.5008,-14.019133,-0.274115,1.4562928
2551,1103.4761,1077.485,25.991142,0.50360895,1.3478955
2552,1186.5878,1197.5987,-11.010965,-0.210065,1.6620591
2553,1100.4465,1119.3428,-18.896264,-0.36505267,1.0124841
2554,1201.8367,1198.1043,3.732421,0.072332441,1.8414862
2555,1171.9448,1093.1564,78.788375,1.524728,1.0120166
2556,1089.0351,1141.5861,-52.550989,-1.0084752,0.34627593
2557,1155.888,1041.2891,114.59887,2.2037879,-1.0111897
2558,885.54793,925.92733,-40.379401,-0.79607732,-1.6129458
2559,836.06469,775.98736,60.077333,1.1720384,-1.7197978
2560,1616.486,1533.7757,82.710325,1.5883122,-0.93353388
2561,388.59487,430.30648,-41.711605,-0.78932773,-1.0590431
2562,2039.1132,1981.0679,58.045285,1.0896255,0.27797146
2563,1110.4442,1075.4629,34.981306,0.65063831,-0.34749727
2564,1279.798,1357.5482,-77.750156,-1.3957459,-0.019414327
2565,-95.128994,-200.79621,105.66721,2.0083763,0.18837897
2566,1709.6963,1778.3507,-68.654458,-1.2730542,0.33160401
2567,3194.5972,3212.1327,-17.535463,-0.33731796,1.8798602
2568,2212.3045,2162.7551,49.549402,0.9136776,1.2339167
2569,653.68363,691.26066,-37.577034,-0.71246082,1.872913
2570,815.05957,742.82464,72.234922,1.3576628,1.1185028
2571,1509.7436,1506.1738,3.5698141,0.068558621,1.0071732
2572,1770.389,1728.7077,41.681214,0.80099191,-1.1899659
2573,1865.6189,1854.6856,10.933311,0.21130699,-0.88752682
2574,1646.7819,1568.8594,77.922454,1.4948906,0.28494567
2575,1368.6659,1340.2591,28.406794,0.5457535,2.1145842
2576,850.60671,845.95261,4.6540995,0.090257683,2.1518176
2577,1277.6773,1226.7172,50.960098,0.97671092,1.6301311
2578,1399.5677,1390.6098,8.9578582,0.17151885,0.10521728
2579,1026.7266,1027.0332,-0.30654814,-0.0058853097,1.185627
2580,1175.9842,1130.4645,45.519766,0.86811687,0.90758629
2581,571.48087,577.61769,-6.1368257,-0.11928685,0.26662378
2582,725.5858,694.69826,30.887537,0.59374697,-0.77274659
2583,865.04773,893.87678,-28.829045,-0.55023231,-1.6829594
2584,429.19132,397.95261,31.238715,0.60148343,-0.9007754
2585,652.67377,577.21327,75.460497,1.4654493,-1.8376792
2586,602.18067,612.70142,-10.520751,-0.20592777,-0.10900977
2587,503.11321,407.25434,95.858871,1.8524877,-0.52982262
2588,192.07574,126.68562,65.390116,1.2769909,0.92155781
2589,-26.458383,-6.8751975,-19.583185,-0.37803851,0.016556159
2590,196.92308,49.238547,147.68453,2.831594,-0.79614946
2591,89.473767,125.97788,-36.504116,-0.69520293,-0.14421348
2592,150.36844,82.805687,67.562755,1.2995237,1.227849
2593,33.224458,-46.913112,80.13757,1.5608726,1.481349
2594,-225.40118,-163.89258,-61.508608,-1.2080014,1.768705
2595,-108.45917,-221.92733,113.46816,2.1839476,0.48163228
2596,-106.23748,-156.61295,50.375479,0.9584153,-0.18141935
2597,-68.97357,-55.00158,-13.97199,-0.27062578,-1.0649892
2598,82.606706,25.07425,57.532457,1.1282904,-0.76564588
2599,-119.36568,-176.12638,56.760702,1.1001723,1.531622
2600,-31.507692,-79.064771,47.557079,0.92375154,2.6094475
2601,9.1897436,-41.251185,50.440928,0.97812081,2.3476437
2602,155.8217,72.492891,83.328805,1.603715,1.509479
2603,82.000789,19.412322,62.588467,1.233526,1.2405429
2604,170.56568,96.556082,74.009598,1.4579213,-0.43865126
2605,196.82209,105.95893,90.863165,1.7609332,1.0885579
2606,169.05089,159.03949,10.011393,0.19411946,0.69884498
2607,251.45562,171.98104,79.474579,1.532938,-0.57849032
2608,230.75345,243.56398,-12.810529,-0.24730552,-0.63705676
2609,235.29783,218.59084,16.706993,0.3185859,-0.6685459
2610,365.26706,268.43602,96.831042,1.8752767,0.38204636
2611,310.33057,340.62559,-30.29502,-0.58023191,-0.27264066
2612,387.08008,335.06477,52.015308,0.98535118,0.55371061
2613,374.35582,306.1485,68.207319,1.3038125,0.65196172
2614,333.86036,389.56082,-55.700466,-1.0750442,-0.60246512
2615,402.42998,241.64297,160.78701,3.1402163,0.95743475
2616,328.91203,364.891,-35.978964,-0.6995337,2.9854497
2617,373.14398,269.34597,103.79801,1.987812,2.4210031
2618,435.45247,366.50869,68.943777,1.3354898,0.55709422
2619,125.72781,109.59874,16.129074,0.31984723,-0.20566265
2620,475.64497,364.891,110.75398,2.1638674,-0.37643055
2621,412.12465,390.36967,21.754987,0.41788393,0.27211385
2622,-24.94359,-96.758294,71.814704,1.3394657,-0.46901631
2623,390.81657,378.94471,11.87186,0.21736938,-1.1518188
2624,349.21026,293.71248,55.497776,1.0291755,-0.18214926
2625,978.15227,961.7188,16.433469,0.29285906,-0.18248421
2626,1805.7341,1812.3223,-6.5881526,-0.12581451,2.108402
2627,3498.2627,3501.9021,-3.6393318,-0.06711056,3.0015904
2628,1374.6241,1408.3033,-33.679254,-0.59569995,2.1205518
2629,2272.1893,2368.4044,-96.215074,-1.7366014,1.0866567
2630,2469.2134,2438.5719,30.641532,0.59131052,-0.074292166
2631,3517.0462,3622.1169,-105.07075,-2.0149823,0.015147604
2632,2845.286,2768.7836,76.502426,1.4759014,-1.6807325
2633,2987.5755,3102.6351,-115.05953,-2.242636,-1.3868183
2634,2621.2986,2575.267,46.031637,0.89687759,-1.5674835
2635,2988.8884,3006.1801,-17.291732,-0.33308923,-0.65506913
2636,3230.4473,3357.0174,-126.57004,-2.4323026,-1.4724657
2637,3485.5385,3489.8705,-4.3319966,-0.084241999,0.032493364
2638,3206.5136,3245.6998,-39.186233,-0.75217931,0.31169597
2639,3097.8525,3241.1501,-143.29761,-2.7870324,-1.0128704
2640,2856.8994,2777.2765,79.622947,1.5362991,-0.97913532
2641,2386.0008,2522.2875,-136.28673,-2.6247054,0.74426765
2642,2260.5759,2245.9652,14.610692,0.28106858,2.6535085
2643,2102.5325,2112.7077,-10.175197,-0.19634985,1.917093
2644,1474.4994,1517.6998,-43.200434,-0.83397758,-0.27875021
2645,1376.8458,1326.0032,50.8426,0.99184758,-1.6806693
2646,1207.9968,1179.1975,28.799372,0.55180406,-1.328144
2647,550.37475,526.86256,23.512194,0.45144853,-1.335826
2648,302.95858,282.89415,20.064425,0.38699463,-0.40995785
2649,101.89507,-28.410742,130.30581,2.5131773,0.53954869
2650,-4.4433925,11.222749,-15.666141,-0.30636779,1.5609022
2651,-12.017357,-97.364929,85.347572,1.6434089,0.96663605
2652,-336.486,-418.5782,82.092203,1.5697382,2.8439156
2653,-452.82209,-481.46603,28.643944,0.55481064,1.7065206
2654,-640.55542,-692.67615,52.120721,1.0150602,0.98958227
2655,-521.99763,-615.53239,93.534752,1.796382,0.59975843
2656,-673.27495,-676.90363,3.6286828,0.070303333,1.2547278
2657,-592.38501,-702.98894,110.60393,2.1763368,-0.054071624
2658,-803.34517,-784.27804,-19.067127,-0.36968762,-1.2333421
2659,-844.85049,-965.96524,121.11475,2.3371118,-0.963406
2660,-755.17475,-827.24803,72.073272,1.378629,-0.18414382
2661,-666.3069,-718.76145,52.45455,1.0080676,-0.88167423
2662,-528.96568,-618.16114,89.195457,1.7131091,-0.50962607
2663,-524.21933,-606.53397,82.314636,1.5998813,-0.97850115
2664,-359.00592,-426.86888,67.862961,1.3432478,-0.56652375
2665,-262.16016,-348.00632,85.846161,1.6905216,-0.04821962
2666,-140.57278,-163.89258,23.319794,0.45457857,0.5246824
2667,23.630769,-27.905213,51.535983,0.9942262,1.5745258
2668,184.19882,124.15798,60.040839,1.1578324,0.18719965
2669,313.0572,314.8436,-1.7864027,-0.035357354,0.86169311
2670,440.2998,375.50711,64.792694,1.2761308,-0.52711606
2671,571.2789,561.54186,9.7370313,0.18995538,-1.0759749
2672,625.91243,632.82148,-6.909059,-0.13382167,-1.4560812
2673,751.33728,726.14218,25.195098,0.48355772,-0.27304194
2674,735.17949,665.9842,69.195285,1.3297381,1.331057
2675,848.99093,876.48657,-27.495645,-0.53415151,2.3250248
2676,803.74911,728.1643,75.584815,1.4651002,0.79272686
2677,889.89034,864.35387,25.536465,0.48844876,0.64274797
2678,801.83037,762.54028,39.29009,0.7624397,0.32195245
2679,890.19329,826.94471,63.248586,1.2371983,0.74068015
2680,810.51519,798.93839,11.576799,0.22628591,0.13441452
2681,753.55897,737.36493,16.194045,0.31463895,0.9244543
2682,774.76607,723.109,51.65707,1.0013644,0.11771909
2683,504.52702,558.60979,-54.082773,-1.072921,-1.760005
2684,468.8789,416.55608,52.322813,1.0344289,-1.5407253
2685,1232.1325,1198.7109,33.421644,0.64300656,-0.82705327
2686,39.182643,79.064771,-39.882128,-0.74713803,-0.14983128
2687,1692.2256,1649.2385,42.987094,0.80663632,0.42458125
2688,780.72426,725.73776,54.986504,1.0428653,0.37245103
2689,987.54398,993.16272,-5.618733,-0.10120593,-2.4398305
2690,-416.06312,-514.83096,98.767847,1.8456939,0.087575119
2691,1383.6118,1440.2528,-56.64093,-1.0537054,1.7459366
2692,2921.8335,2871.2038,50.629739,0.96456524,2.5223475
2693,1880.5649,1804.8404,75.724449,1.3754744,0.410157
2694,362.54043,331.32385,31.216579,0.60222641,0.28602263
2695,453.02406,430.30648,22.717586,0.43592032,0.27604716
2696,1208.5018,1156.9542,51.547589,1.0005285,0.365303
2697,1419.6639,1410.3254,9.3384709,0.17887181,-0.45122528
2698,1460.2604,1477.3586,-17.098255,-0.32724191,-1.4898567
2699,1295.9558,1204.7773,91.178567,1.757494,0.47375379
2700,972.90099,1004.4866,-31.585586,-0.60450157,1.9216005
2701,483.11795,483.08373,0.03422044,0.00065844581,2.5594265
2702,930.48679,880.73302,49.753768,0.95557527,1.5799779
2703,1031.574,1021.169,10.404928,0.20307035,-0.059509889
2704,769.11085,696.72038,72.390469,1.4061677,-0.17103344
2705,833.64103,797.4218,36.219225,0.69970089,1.1176419
2706,281.14556,244.47393,36.671628,0.72035484,1.2402988
2707,437.57318,369.33965,68.233523,1.3442164,0.8685394
2708,534.92387,535.35545,-0.43158436,-0.0084193243,-0.69480587
2709,153.80197,62.887836,90.914137,1.7804011,-1.0973548
2710,291.74911,280.56872,11.180392,0.22018277,-0.57411184
2711,309.92663,293.00474,16.921888,0.32933023,0.30743432
2712,180.86627,112.63191,68.234361,1.3282552,2.221976
2713,-170.76765,-215.86098,45.093327,0.86102689,1.0003468
2714,-289.42643,-282.38863,-7.0378044,-0.13531628,-1.0159634
2715,-157.2355,-235.57662,78.341116,1.5097551,-1.6077431
2716,-179.35148,-180.27172,0.92024267,0.017324316,-0.17491075
2717,-139.86588,-182.90047,43.034596,0.82041073,1.3869814
2718,-265.18974,-349.92733,84.737587,1.616997,1.0314043
2719,-392.63432,-424.94787,32.313548,0.63094425,-0.38655747
2720,-416.56805,-468.92891,52.360863,1.0240421,-1.7168715
2721,-292.35503,-419.99368,127.63865,2.4845819,-2.1430731
2722,-298.71716,-300.78989,2.0727297,0.040248258,-1.8247647
2723,-149.56055,-255.79779,106.23724,2.0574344,-1.3405101
2724,-317.80355,-425.95893,108.15538,2.099254,-1.7133942
2725,-351.22998,-319.59558,-31.634404,-0.62191484,-0.71134343
2726,-204.39606,-305.23855,100.84249,1.9451179,0.25490262
2727,-147.33886,-176.4297,29.090844,0.56197242,0.97001531
2728,-246.40631,-269.24487,22.838554,0.44459544,1.2645341
2729,-81.394872,-154.69194,73.297071,1.4325076,0.73330128
2730,-134.00868,-184.01264,50.00396,0.97089216,0.14119432
2731,-102.4,-110.00316,7.6031596,0.14737342,0.59676398
2732,-23.832742,-119.00158,95.168838,1.8601108,1.4254978
2733,-56.451282,-42.464455,-13.986827,-0.27051622,-0.18904135
2734,59.278895,-49.946288,109.22518,2.1158008,0.40560611
2735,23.933728,0.20221169,23.731516,0.45758844,0.96387298
2736,112.80158,51.968404,60.833173,1.1746743,0.022001569
2737,108.15621,60.157978,47.998235,0.91817177,0.70613112
2738,108.35819,-8.5939968,116.95218,2.2337991,0.25600547
2739,111.99369,97.364929,14.628759,0.2854769,0.20173159
2740,70.084418,-35.993681,106.0781,2.0692236,0.033216761
2741,78.062327,71.380727,6.6816007,0.12920286,0.64886339
2742,45.847732,-13.244866,59.092597,1.1427474,0.82036044
2743,91.291519,35.892575,55.398944,1.0476223,0.015469429
2744,-130.57515,-165.30806,34.732909,0.66404763,-0.091284454
2745,99.067456,68.246445,30.82101,0.60078978,-1.3216387
2746,142.89546,91.905213,50.99025,0.99836116,-1.559196
2747,-324.26667,-379.04581,54.779147,1.0404994,-0.73051526
2748,83.414596,87.658768,-4.2441721,-0.076213588,-0.17505209
2749,176.22091,10.919431,165.30148,3.0334902,-1.1654027
2750,715.79014,780.73934,-64.949198,-1.1600438,-0.21383164
2751,1783.8201,1663.8989,119.92122,2.3391906,-0.56100654
2752,3371.3231,3349.6367,21.686426,0.40719071,0.25862316
2753,1151.6465,1114.6919,36.954605,0.66520314,-0.032093739
2754,2273.1992,2312.0885,-38.889257,-0.68802024,0.98162138
2755,2503.3467,2554.9447,-51.597962,-0.99129644,0.28098955
2756,3585.3128,3619.387,-34.074225,-0.65069875,0.3705934
2757,2719.5582,2720.1517,-0.59347336,-0.011496611,0.11117788
2758,2988.9893,3122.5529,-133.56357,-2.5895462,-1.7976693
2759,2709.3586,2646.2433,63.115294,1.2156063,-1.0431323
2760,2889.5179,2986.06,-96.542083,-1.8802423,-0.58337469
2761,3262.46,3334.5719,-72.111919,-1.3798993,0.33473743
2762,3545.5243,3562.06,-16.535771,-0.31725955,0.60451547
2763,3270.3369,3299.6904,-29.35348,-0.56488465,0.71649747
2764,3201.0604,3272.3918,-71.33143,-1.3820013,-1.9684443
2765,2812.8694,2818.7299,-5.8604298,-0.11354232,-1.3367032
2766,2516.8789,2550.7994,-33.920473,-0.66087485,-0.19841007
2767,2248.8615,2260.6256,-11.764054,-0.22860824,3.0794917
2768,2076.5791,2026.3633,50.215744,0.98139277,-0.21950528
2769,1455.413,1461.5861,-6.1730802,-0.11963297,-0.26991605
2770,1266.4679,1261.1943,5.2735373,0.10124401,-0.87249418
2771,1090.5499,1038.0537,52.496189,1.0118521,-1.5105497
2772,338.10178,336.98578,1.1159932,0.021856431,-1.8426812
2773,79.981065,81.99684,-2.0157754,-0.039092156,-0.14134065
2774,-85.131361,-231.7346,146.60324,2.8004418,1.4031672
2775,-305.98817,-209.49131,-96.496854,-1.8436503,0.4655164
2776,-238.12544,-358.31912,120.19367,2.3344727,0.68315734
2777,-611.87535,-672.35387,60.478525,1.1631462,1.5266604
2778,-708.0142,-765.87678,57.862576,1.1288731,1.125726
2779,-832.22722,-962.22433,129.99711,2.507387,0.79631042
2780,-813.24181,-850.50237,37.260555,0.72372915,0.36924954
2781,-875.5503,-988.41074,112.86045,2.1809782,0.58971375
2782,-865.35069,-960.80885,95.458156,1.8457148,-0.1613304
2783,-1028.2414,-1100.6382,72.396811,1.4016646,-2.7698596
2784,-1103.4761,-1246.534,143.05783,2.7877477,-1.9781678
2785,-1074.4931,-1113.4787,38.985576,0.75981509,-0.15116128
2786,-914.22801,-1008.9352,94.707221,1.8228025,-0.33111417
2787,-856.66588,-909.95261,53.286729,1.0271511,0.4504114
2788,-797.286,-899.23539,101.94939,1.9520789,0.61064237
2789,-644.79684,-664.46761,19.67077,0.38348143,-0.64607566
2790,-551.78856,-615.02686,63.238296,1.2473734,-0.54674269
2791,-388.49389,-418.27488,29.780996,0.58262009,0.020441905
2792,-218.33215,-263.27962,44.947471,0.88580555,1.1098136
2793,-2.5246548,-87.759874,85.235219,1.6767543,0.53813961
2794,150.57041,131.13428,19.436133,0.38187901,0.78379271
2795,263.97791,204.94155,59.036361,1.1576702,-0.95195622
2796,479.7854,401.59242,78.192987,1.5137172,-1.2657628
2797,471.60552,473.07425,-1.4687269,-0.028885764,-2.186596
2798,659.64181,561.74408,97.897739,1.9491244,-2.8363555
2799,604.9073,541.4218,63.485497,1.2406922,-0.80888798
2800,687.514,757.28278,-69.768776,-1.3550248,0.5568126
2801,695.69389,600.87204,94.821848,1.8293646,1.8430381
2802,697.41065,713.09953,-15.688875,-0.29608099,0.6788713
2803,673.07298,640.40442,32.668555,0.63173607,-0.45445405
2804,750.73136,712.08847,38.642893,0.75877792,0.066606873
2805,646.31164,652.23381,-5.9221702,-0.11540619,0.12557601
2806,664.48915,647.07741,17.411743,0.33512296,-0.0002303406
2807,627.12426,603.6019,23.522365,0.44975318,-0.39827936
2808,438.07811,424.44234,13.635768,0.26213584,-2.1501719
2809,365.36805,323.23539,42.13266,0.81729526,-1.7218662
2810,1128.0158,1087.3934,40.622414,0.77742609,-2.4139709
2811,-0.70690335,-25.579779,24.872875,0.4688673,-0.91557932
2812,1561.0446,1534.4834,26.561164,0.496101,0.60089225
2813,723.66706,587.02054,136.64652,2.5704628,-0.38306522
2814,863.22998,913.18799,-49.958013,-0.90314817,-2.0731054
2815,-531.08639,-630.49605,99.40966,1.8866196,-1.4137723
2816,1314.3353,1333.1817,-18.846369,-0.34991904,0.91815869
2817,2722.6888,2735.5197,-12.83099,-0.24897888,2.4612512
2818,1793.1108,1682.0979,111.0129,2.070464,0.36992939
2819,185.41065,217.57978,-32.169128,-0.62031066,-0.084105723
2820,331.84063,331.02054,0.82009404,0.015643764,0.87794346
2821,1079.3404,1027.6398,51.700623,1.0091947,-1.1365394
2822,1271.9211,1302.1422,-30.221076,-0.58485582,-1.6661249
2823,1441.9819,1357.8515,84.130353,1.63476,-1.6293994
2824,1182.7503,1123.5893,59.161038,1.1498995,-0.54362853
2825,925.2355,903.38073,21.854776,0.42584133,0.62499187
2826,436.56331,379.04581,57.5175,1.1320181,0.50356175
2827,834.24694,783.67141,50.575537,0.98511292,0.084158313
2828,974.01183,903.38073,70.631108,1.3926685,-0.14167256
2829,619.04536,605.92733,13.118035,0.25760294,0.080470123
2830,756.38659,683.37441,73.01218,1.4232933,0.94853051
2831,131.58501,136.99842,-5.4134104,-0.10677675,1.0493684
2832,280.03471,230.62243,49.412281,0.95593867,-0.72385346
2833,410.10493,421.30806,-11.203126,-0.21545471,-1.4211107
2834,-4.3424063,-70.167457,65.82505,1.266929,-2.0960358
2835,160.06312,160.8594,-0.79628331,-0.015436019,0.7142184
2836,163.19369,147.81675,15.376943,0.29819837,0.32202075
2837,15.248915,-25.07425,40.323165,0.77235927,1.1428643
2838,-236.71164,-346.99526,110.28362,2.148418,1.0640604
2839,-459.38619,-430.20537,-29.180822,-0.57011941,-1.5322984
2840,-229.74359,-369.23855,139.49496,2.715792,-2.5602165
2841,-318.51045,-312.41706,-6.093392,-0.11845179,-0.29653729
2842,-249.4359,-348.91627,99.480374,1.926861,1.548922
2843,-369.10454,-489.4534,120.34886,2.3280681,1.1522833
2844,-585.21499,-595.71564,10.50065,0.20691064,0.023826614
2845,-550.87968,-622.30648,71.426793,1.3897792,0.27865979
2846,-508.3645,-588.33491,79.970416,1.544897,-0.90261852
2847,-495.03432,-478.93839,-16.095931,-0.31663464,-1.4887807
2848,-338.30375,-420.297,81.993251,1.6177151,-1.7757928
2849,-531.08639,-611.38705,80.300655,1.574178,-1.232542
2850,-498.26588,-478.33175,-19.934124,-0.38824095,-0.092348846
2851,-383.34359,-476.91627,93.572682,1.8232549,0.47017244
2852,-294.7787,-335.36809,40.58939,0.78995493,1.6500457
2853,-328.10414,-433.74408,105.63993,2.088696,1.1208334
2854,-254.08126,-302.7109,48.629638,0.95426329,0.83042369
2855,-209.04142,-315.95577,106.91435,2.1014612,0.33431991
2856,-224.79527,-238.50869,13.713423,0.26836268,1.1593701
2857,-129.76726,-262.06635,132.29909,2.5750371,-0.51760066
2858,-158.95227,-194.83096,35.878695,0.69093364,-0.84426328
2859,-108.76213,-176.63191,67.869781,1.31991,-1.656818
2860,-85.232347,-140.33491,55.102566,1.0784894,-0.1649922
2861,-65.035108,-94.837283,29.802174,0.57602338,-0.87218504
2862,-51.300986,-85.535545,34.234559,0.65680805,0.1040397
2863,-35.850099,-154.69194,118.84184,2.281935,0.44249434
2864,-77.45641,-27.703002,-49.753409,-0.96710739,-0.40339769
2865,-81.293886,-162.6793,81.385419,1.6051187,0.009637611
2866,-59.480868,-76.638231,17.157363,0.33484918,2.7989698
2867,-82.606706,-130.32543,47.718728,0.92460141,2.1706947
2868,28.074162,-95.342812,123.41697,2.3943086,0.33675682
2869,-279.4288,-274.40126,-5.027533,-0.097148814,0.61692682
2870,50.897041,-48.025276,98.922318,1.9204899,0.57544952
2871,44.635897,-28.71406,73.349957,1.4301051,-0.15690629
2872,-433.53373,-519.38073,85.846999,1.6379414,-1.6886236
2873,-17.975542,-65.011058,47.035516,0.86215392,-0.90459415
2874,26.660355,-103.63349,130.29385,2.4466699,-0.52002473
2875,521.08876,578.12322,-57.034465,-1.0277187,1.5487663
2876,1497.9282,1407.2923,90.635946,1.7699039,0.82525855
2877,3063.2142,3092.2212,-29.006968,-0.53573617,0.39345633
2878,881.10454,853.63665,27.467886,0.48427511,0.0011120881
2879,1707.1716,1813.94,-106.76837,-1.9331433,0.60622031
2880,1813.4091,1835.4755,-22.06644,-0.42499927,0.52159409
2881,2996.8663,3056.8341,-59.967851,-1.1390683,1.4221545
2882,2203.2158,2189.5482,13.667596,0.26042045,-0.037357803
2883,2436.4939,2483.7662,-47.272307,-0.9071454,-0.93483705
2884,2092.7369,2089.5545,3.1823813,0.061707853,-2.5942236
2885,2431.7475,2438.2686,-6.5210279,-0.12701571,-1.8135584
2886,2705.3191,2782.2306,-76.911516,-1.5143492,-0.39341598
2887,2917.5921,2893.1438,24.448351,0.47941687,1.4525978
2888,2666.5404,2650.3886,16.151808,0.30887146,1.8443333
2889,2554.0418,2674.5529,-120.51111,-2.3285902,-0.69871021
2890,2227.9574,2180.752,47.205422,0.91001005,-1.6807429
2891,1850.9759,1948.8152,-97.839229,-1.9140117,-0.24790041
2892,1666.2722,1691.9052,-25.633024,-0.49930515,2.4611686
2893,1581.2418,1533.4724,47.769461,0.94094547,1.5931916
2894,933.01144,1016.8215,-83.810045,-1.6442986,-0.046639918
2895,825.56213,814.40758,11.154547,0.21737903,-1.0410508
2896,724.67692,686.20537,38.471552,0.73604915,-0.59581524
2897,37.263905,18.704581,18.559324,0.36114744,-0.9314303
2898,-140.87574,-198.47077,57.595034,1.1214853,-0.21515584
2899,-354.86548,-448.10111,93.235623,1.8191931,-0.47578346
2900,-419.79961,-440.21485,20.415244,0.3939277,1.4610056
2901,-411.72071,-502.69826,90.977552,1.7600333,2.18791
2902,-705.18659,-826.7425,121.55591,2.3199485,2.6528453
2903,-800.82051,-871.43128,70.610767,1.3737619,0.83419073
2904,-995.92584,-1074.654,78.72819,1.532086,-0.076356282
2905,-909.58264,-987.09637,77.513724,1.4952275,1.2568825
2906,-1025.8178,-1074.8562,49.038489,0.95721977,1.1743675
2907,-991.17949,-1074.3507,83.171224,1.640209,0.49994014
2908,-1130.0355,-1195.3744,65.338905,1.2697415,-0.86963744
2909,-1251.5219,-1301.4344,49.912546,0.95197436,-2.0073573
2910,-1142.5578,-1216,73.442209,1.4095856,-0.46089992
2911,-1031.675,-1082.4392,50.764228,0.981219,0.2520517
2912,-916.75266,-1016.9226,100.16993,1.9216726,0.095762065
2913,-873.22761,-1005.5987,132.37112,2.5305863,1.393667
2914,-761.63787,-759.60821,-2.029655,-0.039347075,0.33332314
2915,-604.80631,-758.69826,153.89195,2.9872809,0.64440771
2916,-524.82525,-539.29858,14.473332,0.27698023,0.6179002
2917,-345.57475,-459.32385,113.7491,2.1945702,0.48576972
2918,-187.32939,-260.34755,73.018163,1.4224808,0.57982406
2919,-88.160947,-96.657188,8.4962412,0.16991659,0.4972629
2920,35.951085,-24.265403,60.216488,1.1763884,0.2953902
2921,152.79211,119.50711,33.285001,0.6399707,-0.9693947
2922,178.74556,179.15956,-0.41399553,-0.0080549806,-1.2910776
2923,329.82091,270.45814,59.362771,1.1501278,-0.89061994
2924,257.61578,226.37599,31.239792,0.61058486,1.0560736
2925,370.72032,411.6019,-40.88158,-0.79597655,1.194497
2926,337.69783,282.89415,54.803676,1.0719637,2.6371534
2927,408.69112,368.53081,40.160319,0.77179528,2.3929844
2928,343.35306,318.98894,24.364116,0.4709554,1.3734758
2929,419.0927,361.04897,58.043729,1.1286412,0.48571135
2930,362.54043,327.38073,35.159707,0.68469031,0.46807736
2931,325.27653,296.94787,28.328661,0.54727181,-0.089692618
2932,324.56963,240.32859,84.241031,1.6263117,-0.83632979
2933,98.15858,109.39652,-11.237945,-0.21725986,-0.76818005
2934,35.850099,-7.6840442,43.534143,0.83198725,-1.4470998
2935,787.28836,756.97946,30.3089,0.57301054,0.074504125
2936,-394.14911,-380.66351,-13.485605,-0.25071344,-0.78177673
2937,1213.5511,1185.8705,27.680627,0.51652175,-0.21300234
2938,342.94911,265.09953,77.849586,1.4592872,-0.40137791
2939,498.36686,560.73302,-62.366153,-1.1116127,-1.0205038
2940,-873.83353,-946.75513,72.921604,1.3655734,0.24729438
2941,948.26036,995.48815,-47.227797,-0.86512571,1.8955706
2942,2440.7353,2392.6698,48.065479,0.91482509,2.5658512
2943,1456.6249,1373.4218,83.203051,1.5419168,1.1425851
2944,-85.43432,-116.06951,30.635191,0.59025445,-1.0121804
2945,23.933728,5.5608215,18.372906,0.35088581,-0.85460692
2946,776.7858,688.12638,88.659417,1.7063343,-0.97475151
2947,978.05128,946.04739,32.003889,0.61599408,-1.066516
2948,1077.3207,1054.4329,22.887851,0.44472227,0.17682812
2949,855.25207,769.41548,85.836589,1.6816301,0.356973
2950,539.87219,572.25908,-32.386894,-0.62672095,1.5788781
2951,68.97357,6.6729858,62.300584,1.2087008,1.946841
2952,473.12032,436.87836,36.241959,0.7031708,1.9421875
2953,612.27929,577.31438,34.964914,0.67636287,0.927873
2954,261.1503,245.08057,16.069727,0.31142905,1.2821469
2955,407.17633,376.01264,31.163693,0.60048065,1.1940695
2956,-198.33688,-211.109,12.772121,0.25022146,0.7421394
2957,2.5246548,-81.895735,84.420389,1.6424589,-0.81497836
2958,104.6217,117.18167,-12.559978,-0.24296759,-1.817743
2959,-274.78343,-381.57346,106.79003,2.0649981,-0.88189759
2960,-98.461538,-110.30648,11.844939,0.22882457,0.51545238
2961,-88.766864,-175.82306,87.056201,1.6834587,0.58800151
2962,-221.56371,-305.84518,84.281474,1.6289894,0.62613388
2963,-530.78343,-619.57662,88.793187,1.7178214,-0.67058654
2964,-706.09546,-712.594,6.4985333,0.1261624,-0.80428764
2965,-553.50533,-638.2812,84.775875,1.6456157,0.1769723
2966,-608.5428,-605.21959,-3.3232115,-0.063841231,1.7368505
2967,-523.51243,-578.83096,55.318538,1.0572526,1.6691114
2968,-663.68126,-751.01422,87.332956,1.68257,1.0012295
2969,-839.80118,-819.9684,-19.832779,-0.39122338,0.056797097
2970,-802.63826,-857.47867,54.840409,1.0826836,-1.0812056
2971,-726.59566,-821.48499,94.889331,1.8320843,-0.66678772
2972,-676.91045,-718.66035,41.749894,0.79811634,-1.539809
2973,-577.74201,-639.09005,61.348036,1.1862302,-1.128035
2974,-685.49428,-823.81043,138.31615,2.6992491,-1.2747607
2975,-726.69665,-696.01264,-30.684009,-0.60876462,0.26602183
2976,-571.88481,-729.47867,157.59386,3.0923016,0.53757347
2977,-528.35976,-578.02212,49.662354,0.95733359,1.4643913
2978,-575.31834,-653.14376,77.825417,1.5249355,0.64251629
2979,-502.00237,-548.09479,46.09242,0.90354724,-0.60213527
2980,-498.46785,-572.05687,73.589022,1.426692,0.71121056
2981,-501.80039,-515.13428,13.333887,0.26136965,1.7568693
2982,-422.12229,-538.48973,116.36744,2.2858444,0.49630619
2983,-461.91085,-437.78831,-24.122538,-0.47124217,-1.2053579
2984,-382.43471,-451.03318,68.598461,1.3259154,-0.97345569
2985,-356.27929,-401.79463,45.515339,0.87822774,-0.059054447
2986,-330.83077,-359.33017,28.499405,0.55527431,1.6928797
2987,-281.85247,-362.56556,80.713095,1.5453513,0.051303535
2988,-292.75897,-392.29068,99.531705,1.9072976,-0.31265316
2989,-295.08166,-295.33017,0.24851697,0.0048077341,-1.3956867
2990,-311.64339,-431.21643,119.57304,2.346675,0.062235997
2991,-310.63353,-350.63507,40.001541,0.78341321,1.834386
2992,-342.14122,-431.11532,88.974101,1.7207466,2.6643288
2993,-266.90651,-339.91785,73.011343,1.4134607,0.7905338
2994,-556.93886,-558.20537,1.2665152,0.025163684,0.17177172
2995,-249.33491,-336.48025,87.145342,1.721262,0.23295025
2996,-281.34753,-306.35071,25.003176,0.48838858,-0.33137252
2997,-708.7211,-807.43128,98.710175,1.8643861,-1.1590058
2998,-311.34043,-300.18325,-11.15718,-0.20054314,-0.88531501
2999,-262.26114,-367.01422,104.75307,1.9281332,0.5402193
3000,287.50769,329.40284,-41.895151,-0.74588603,0.68061752
3001,1214.157,1138.0474,76.109609,1.4650087,1.126921
3002,2716.7306,2655.2417,61.488866,1.1483686,0.50571945
3003,390.31164,400.48025,-10.168616,-0.18111428,0.18084378
3004,1439.6592,1474.5276,-34.868475,-0.62162965,0.82140499
3005,1707.5755,1728.8088,-21.233304,-0.41238168,0.22145001
3006,2790.3495,2810.7425,-20.392989,-0.39143662,0.9355525
3007,1979.9353,1960.7457,19.18965,0.37160044,0.36081751
3008,2265.4233,2354.4518,-89.028543,-1.7461144,-1.2960181
3009,1869.9613,1849.7314,20.229904,0.39546555,-1.1706206
3010,2113.843,2155.4755,-41.632515,-0.80643607,-0.28379329
3011,2384.587,2488.5182,-103.93119,-2.0055646,0.473553
3012,2692.5949,2668.2844,24.310512,0.47376538,0.52944631
3013,2395.5945,2442.9194,-47.324954,-0.91021621,0.078734739
3014,2320.2588,2428.158,-107.8992,-2.0770439,-1.31243
3015,2025.4801,2001.8957,23.584344,0.4515892,-0.78460972
3016,1689.0951,1750.951,-61.855958,-1.1904107,0.59241456
3017,1531.1527,1512.4423,18.710325,0.36199138,1.4763507
3018,1350.8923,1355.0205,-4.1282294,-0.080133059,1.4045831
3019,806.17278,802.6793,3.4934762,0.068667028,0.42208456
3020,662.46943,660.52449,1.9449414,0.038242057,-0.74521873
3021,550.67771,428.68878,121.98893,2.390142,-1.3866271
3022,-169.75779,-153.9842,-15.773589,-0.31029027,-1.4838376
3023,-349.10927,-397.8515,48.742231,0.94675418,-1.011885
3024,-545.6284,-649.80727,104.17886,2.020022,1.3554403
3025,-679.63708,-630.09163,-49.545454,-0.96790416,0.76428175
3026,-631.56765,-755.36177,123.79412,2.387485,1.1053657
3027,-979.56607,-1050.5908,71.024762,1.3636628,0.47150008
3028,-1073.2813,-1121.2638,47.982561,0.93954625,-0.33956368
3029,-1240.0095,-1319.128,79.118495,1.5681128,0.82491734
3030,-1164.4718,-1215.2923,50.820464,0.99738388,0.78576165
3031,-1242.1302,-1325.6998,83.569665,1.6317717,0.44533531
3032,-1175.3783,-1309.624,134.24571,2.6322352,-0.28138071
3033,-1358.3653,-1403.7536,45.388269,0.8914949,-3.562421
3034,-1418.654,-1542.1675,123.51341,2.4344054,-1.8598528
3035,-1370.6856,-1430.2433,59.557684,1.1557028,-0.94717153
3036,-1219.6103,-1363.8167,144.20649,2.7865087,-0.46651631
3037,-1172.0458,-1223.3807,51.334967,0.99731371,0.071131272
3038,-1117.6142,-1258.1611,140.54694,2.7262442,-1.0147762
3039,-1034.1996,-1021.4724,-12.727252,-0.24989494,0.90328191
3040,-907.86588,-1020.7646,112.89874,2.2234536,0.11742569
3041,-802.13333,-815.92417,13.790837,0.26783535,1.0382901
3042,-618.54043,-711.48183,92.941399,1.7876735,-0.050111686
3043,-470.49467,-520.594,50.099322,0.96409106,-0.16801658
3044,-348.20039,-348.71406,0.51366555,0.010064223,0.15088559
3045,-222.16963,-285.4218,63.252176,1.2459924,0.90360116
3046,-52.815779,-153.47867,100.66289,1.9528449,-0.8388775
3047,-42.515187,-48.530806,6.0156183,0.11684626,-1.2821289
3048,75.3357,35.791469,39.544231,0.77133087,-2.1282165
3049,94.321105,-0.30331754,94.624422,1.8493364,-0.70796432
3050,156.93254,208.27804,-51.345497,-1.0071087,1.2256062
3051,155.61972,19.007899,136.61182,2.7033708,0.15780591
3052,180.6643,172.68878,7.9755162,0.15504073,0.72172993
3053,131.78698,68.650869,63.136113,1.24312,1.260371
3054,189.34911,159.74724,29.601877,0.58691494,1.4348685
3055,79.57712,78.154818,1.422302,0.02788213,0.22583494
3056,89.069822,52.878357,36.191465,0.7107646,0.85852335
3057,83.010651,28.410742,54.599908,1.0604247,0.18935483
3058,-139.15897,-117.99052,-21.168453,-0.41236198,-0.83001234
3059,-215.30256,-252.36019,37.057625,0.72380704,-0.5803252
3060,568.3503,536.97314,31.377152,0.60230723,0.26298218
3061,-562.29112,-619.1722,56.881072,1.0688493,0.46083333
3062,1016.426,1004.7899,11.636146,0.21587598,1.2005982
3063,168.243,35.892575,132.35042,2.5012211,-0.49557247
3064,321.54004,376.21485,-54.67481,-0.99893795,-1.7722147
3065,-1056.3156,-1176.3665,120.05093,2.2802481,-0.78789438
3066,761.73886,755.36177,6.3770867,0.11954033,2.3005426
3067,2221.3933,2219.4755,1.9177805,0.036624311,2.7776668
3068,1245.5637,1115.5008,130.06292,2.3762464,0.41821541
3069,-333.15345,-297.95893,-35.194526,-0.67518673,-1.1953067
3070,-206.92071,-257.7188,50.798089,0.96839928,-1.009764
3071,535.32781,476.61295,58.714856,1.1430078,-0.73135444
3072,745.07613,753.13744,-8.0613066,-0.15682669,-0.65037101
3073,837.37751,795.50079,41.876725,0.80253508,-0.55990268
3074,629.043,593.49131,35.551687,0.68762405,0.56395329
3075,322.04497,334.86256,-12.817589,-0.24562345,1.5777683
3076,-98.865483,-195.13428,96.268798,1.8788759,0.41449092
3077,266.50256,269.8515,-3.3489367,-0.065291547,1.2209897
3078,440.60276,346.38863,94.214136,1.8580116,0.57425413
3079,98.15858,91.399684,6.7588958,0.13266213,1.7353592
3080,219.74596,125.47235,94.273603,1.849719,1.7351615
3081,-358.50099,-415.03949,56.538508,1.1170439,0.25749508
3082,-193.28757,-268.33491,75.047339,1.4667787,-0.63389441
3083,-109.67101,-107.98104,-1.6899633,-0.032974019,-0.45719942
3084,-503.2142,-559.72196,56.507758,1.1157025,-1.0206431
3085,-345.77673,-387.84202,42.065296,0.82221125,1.1101537
3086,-323.96371,-355.48815,31.524444,0.61173012,1.0677948
3087,-466.85917,-513.81991,46.960734,0.90579792,1.8183356
3088,-759.31519,-835.13428,75.819094,1.4767329,1.4119412
3089,-927.15424,-884.57504,-42.579201,-0.83878956,-0.26839841
3090,-732.95779,-855.86098,122.90319,2.4375706,-1.0094763
3091,-779.41144,-795.50079,16.08935,0.31161698,0.27046179
3092,-698.5215,-775.98736,77.465863,1.4820495,1.9528772
3093,-839.49822,-967.78515,128.28693,2.4627135,1.1613212
3094,-992.59329,-986.59084,-6.0024566,-0.11947063,0.4090732
3095,-972.8,-1102.9637,130.16367,2.5766076,-1.4208012
3096,-937.05089,-1021.5735,84.522572,1.6588291,-0.45076475
3097,-861.21026,-925.82622,64.615968,1.275146,-1.1798348
3098,-793.44852,-859.50079,66.052269,1.2898783,-0.67536349
3099,-921.29704,-1017.2259,95.928867,1.8638542,0.11986731
3100,-966.33688,-940.18325,-26.153629,-0.50935202,0.30629278
3101,-822.02761,-918.64771,96.620096,1.8781463,0.8830047
3102,-745.27811,-787.71564,42.437533,0.82336367,0.74411168
3103,-840.20513,-873.5545,33.349374,0.65416205,-0.39265
3104,-687.81696,-754.1485,66.331537,1.3037145,0.72880841
3105,-725.98974,-782.55924,56.569498,1.092729,1.5143117
3106,-666.91282,-732.81517,65.902345,1.2751123,1.2835612
3107,-619.24734,-704.80885,85.561509,1.6844884,0.39577282
3108,-618.43945,-660.32227,41.882827,0.81891695,-2.7030485
3109,-539.67022,-636.96682,97.296608,1.8896852,-2.1212843
3110,-534.41893,-646.36967,111.95073,2.1826135,-0.76702487
3111,-507.75858,-566.79937,59.040788,1.152636,0.54355189
3112,-476.65483,-553.04897,76.394141,1.469955,1.4554378
3113,-530.88442,-615.93681,85.052391,1.6128949,-0.55575847
3114,-513.11085,-497.44076,-15.67009,-0.30502058,0.13722675
3115,-565.82564,-657.99684,92.171199,1.8073986,0.46093764
3116,-525.12821,-558.50869,33.380484,0.64682017,0.79594227
3117,-563.9069,-611.08373,47.176825,0.92374159,1.903203
3118,-497.45799,-567.3049,69.846909,1.3548515,2.2631788
3119,-737.50217,-748.18325,10.681085,0.20878322,2.9173707
3120,-480.08836,-531.109,51.020642,0.99746431,1.1638664
3121,-405.56055,-529.49131,123.93076,2.3990807,-0.47190576
3122,-929.57791,-967.17852,37.600606,0.72038146,-2.1182309
3123,-461.10296,-532.62559,71.522634,1.3268398,-0.89363772
3124,-420.20355,-555.07109,134.86754,2.5218044,0.16783767
3125,96.340828,92.410742,3.9300859,0.069956971,1.2637853
3126,1090.045,961.11216,128.93281,2.4647689,0.22553079
3127,2650.2817,2680.4171,-30.135405,-0.55427235,-0.0097994867
3128,360.41972,335.36809,25.051635,0.44119577,-0.19668627
3129,1147.3041,1232.3791,-85.075005,-1.5657705,0.46752108
3130,1227.9921,1288.6951,-60.702992,-1.1797587,0.58768588
3131,2474.9696,2491.8547,-16.885035,-0.32020583,-0.7505796
3132,1649.7105,1675.7283,-26.017824,-0.49690099,-1.0276604
3133,1858.8529,1934.2559,-75.403064,-1.4575291,-2.0972746
3134,1568.2146,1571.1848,-2.9702385,-0.057804095,-0.70729792
3135,1868.4465,1912.8215,-44.374937,-0.86658463,-0.19740917
3136,2178.3732,2205.2196,-26.846414,-0.51926851,1.0062605
3137,2316.9262,2377.2006,-60.274399,-1.1655728,1.184048
3138,2131.6166,2071.2543,60.362224,1.1660801,0.39254868
3139,2017.6032,2155.8799,-138.27678,-2.6879305,-0.55320299
3140,1689.802,1596.2591,93.542889,1.8014214,-1.6752214
3141,1347.0548,1401.7314,-54.676605,-1.058448,1.0053391
3142,1172.7527,1189.4092,-16.6565,-0.32060039,1.9440735
3143,1038.1381,992.15166,45.986408,0.89605863,1.0866138
3144,436.86627,493.39652,-56.530252,-1.1012079,0.92704722
3145,305.18028,289.87046,15.309818,0.29870788,1.562344
3146,264.58383,161.76935,102.81447,1.973462,-0.58764892
3147,-497.86193,-440.21485,-57.647083,-1.119632,-1.3937129
3148,-645.40276,-704.40442,59.001662,1.1529195,-0.88245576
3149,-827.2789,-899.84202,72.563127,1.4190144,0.67056778
3150,-913.42012,-913.2891,-0.13101882,-0.0025684099,1.9745962
3151,-804.75897,-961.21327,156.4543,3.0375813,0.52065456
3152,-1182.4473,-1219.4376,36.990261,0.70919146,0.58670264
3153,-1193.3538,-1318.7235,125.36969,2.4572108,0.89841797
3154,-1421.5826,-1482.8183,61.235682,1.198321,0.77869797
3155,-1301.813,-1430.2433,128.43027,2.5209093,0.62645655
3156,-1408.3535,-1500.613,92.259503,1.8027905,0.82981743
3157,-1408.8584,-1482.2117,73.353308,1.4106073,0.10507045
3158,-1535.0911,-1610.2117,75.120566,1.4508434,-0.084407456
3159,-1648.2966,-1740.0316,91.734949,1.7731514,-1.3521686
3160,-1562.4584,-1620.9289,58.470527,1.1377924,-0.3976911
3161,-1420.4718,-1526.3949,105.92315,2.0324197,0.68549532
3162,-1369.4738,-1400.4171,30.943294,0.59468114,1.6754744
3163,-1300.7022,-1425.5924,124.89025,2.4152532,1.1573748
3164,-1201.8367,-1183.8483,-17.988345,-0.35227282,0.42150568
3165,-1056.5176,-1192.8468,136.32921,2.6629885,0.59221902
3166,-930.3858,-998.82464,68.438846,1.3258941,1.8532912
3167,-807.18264,-864.96051,57.777863,1.1053088,0.74456999
3168,-564.61381,-714.21169,149.59788,2.890579,0.15135841
3169,-525.43116,-518.36967,-7.0614955,-0.13890426,2.2696318
3170,-375.26469,-508.5624,133.29771,2.6108805,0.20194985
3171,-254.68718,-318.38231,63.695127,1.2205524,-0.47877923
3172,-248.82998,-261.05529,12.225312,0.23783685,-2.4227992
3173,-107.85325,-176.93523,69.081975,1.3487615,-0.21744026
3174,-220.75582,-262.57188,41.816061,0.81229553,1.1193544
3175,-76.749507,-51.159558,-25.589949,-0.50109133,1.617899
3176,-113.81144,-212.22117,98.409729,1.9285486,0.24777876
3177,-84.222485,-56.720379,-27.502106,-0.53208556,0.48690708
3178,-112.39763,-167.63349,55.235858,1.0767802,1.1582784
3179,-67.155819,-72.99842,5.8426017,0.11375575,2.6446256
3180,-77.052465,-169.75671,92.704249,1.8031454,1.5543686
3181,-152.59014,-165.10585,12.515707,0.24166974,-0.15345638
3182,-116.84103,-214.5466,97.705578,1.8740645,-2.2261895
3183,-347.3925,-345.78199,-1.6105144,-0.03104352,-0.58132167
3184,-436.46233,-476.81517,40.352838,0.78109484,-0.27034007
3185,371.73018,270.96367,100.76651,1.9347175,-0.64939533
3186,-833.13609,-818.75513,-14.38096,-0.27054726,-0.57905326
3187,796.88205,727.25434,69.627707,1.3013416,1.1135447
3188,-90.887574,-164.19589,73.308319,1.3763886,1.1295847
3189,24.337673,69.35861,-45.020937,-0.80896647,-0.25863536
3190,-1283.7365,-1420.436,136.69953,2.578,-0.2716931
3191,475.03905,535.05213,-60.013079,-1.111653,1.0819804
3192,1977.5116,1957.3081,20.20358,0.38654386,3.5772172
3193,991.38146,895.89889,95.482565,1.7649996,0.42786198
3194,-581.57949,-558.60979,-22.969693,-0.44029262,0.27201736
3195,-385.76726,-489.75671,103.98946,1.9642712,-0.24015262
3196,287.81065,251.95577,35.854885,0.68749177,0.3231901
3197,555.52505,499.9684,55.556645,1.0769663,-2.3870436
3198,633.99132,605.52291,28.468415,0.56142172,-0.7700465
3199,422.0213,309.18167,112.83963,2.2116591,0.11809695
3200,127.44458,97.971564,29.473012,0.57064525,3.1089392
3201,-371.83116,-410.48973,38.658568,0.74692771,2.1424383
3202,60.086785,-14.660348,74.747133,1.4377465,1.3105716
3203,167.23314,137.30174,29.931398,0.5750704,-0.21838091
3204,-192.3787,-209.89573,17.517036,0.34177974,1.3229494
3205,-19.389349,-92.815166,73.425817,1.4157419,1.3560854
3206,-647.82643,-658.30016,10.473728,0.20265772,0.98612575
3207,-450.39842,-525.75039,75.351973,1.4519315,-0.71174467
3208,-344.16095,-317.67457,-26.486381,-0.50567996,-1.9318166
3209,-748.00473,-832.80885,84.804113,1.6325354,-1.1271853
3210,-504.93097,-582.16746,77.23649,1.4941964,-1.6256211
3211,-583.09428,-581.35861,-1.7356703,-0.033810433,0.11305017
3212,-613.08718,-755.15956,142.07238,2.7302251,-0.45515678
3213,-967.44773,-1025.6177,58.169962,1.1365031,0.64659786
3214,-1100.4465,-1158.673,58.226437,1.1483001,-0.79067056
3215,-914.42998,-1068.6888,154.2588,3.0021346,-0.65375314
3216,-1011.1748,-1010.0474,-1.1273601,-0.021745829,0.15987383
3217,-902.71558,-1007.6209,104.90527,2.0267719,1.5080115
3218,-1076.8158,-1143.6082,66.792436,1.3068876,1.8019362
3219,-1258.5909,-1267.3618,8.7708423,0.17520342,0.98964473
3220,-1184.972,-1300.6256,115.6536,2.2681535,-1.0871003
3221,-1177.903,-1229.346,51.443013,0.98539534,-1.8940213
3222,-1082.269,-1147.248,64.978992,1.2571005,-1.6815514
3223,-999.25838,-1031.684,32.425662,0.63265275,-0.45911005
3224,-1142.2548,-1257.4534,115.19856,2.2444324,0.2202029
3225,-1111.454,-1126.6224,15.168389,0.29793243,1.0346443
3226,-1018.0418,-1116.4107,98.368928,1.9122058,2.5094744
3227,-893.12189,-998.62243,105.50054,2.0289592,2.165921
3228,-997.74359,-1033.2006,35.457042,0.69704275,1.0796789
3229,-871.20789,-1010.7551,139.54724,2.7771331,-0.0882713
3230,-884.43708,-964.34755,79.91047,1.5797959,1.3155464
3231,-914.53097,-921.78199,7.2510241,0.14219141,1.5303453
3232,-797.9929,-944.63191,146.63901,2.8475446,0.25424596
3233,-859.69546,-838.9763,-20.71916,-0.40001399,-1.2656191
3234,-817.78619,-887.406,69.61981,1.3260831,-0.6129414
3235,-743.8643,-827.04581,83.181514,1.602337,-0.1766779
3236,-768.40394,-783.87362,15.469673,0.29841059,-0.60478751
3237,-697.8146,-772.44866,74.634062,1.4364296,-0.76297342
3238,-733.46272,-805.10585,71.643123,1.3793055,0.47288404
3239,-741.94556,-738.88152,-3.0640455,-0.059121758,-0.13227113
3240,-703.26785,-866.6793,163.41145,3.1799439,-0.049107371
3241,-764.76844,-748.891,-15.877447,-0.30607279,1.8643499
3242,-712.65957,-842.91943,130.25987,2.5043898,1.4004417
3243,-674.18383,-751.82306,77.639238,1.5110167,1.0119789
3244,-916.24773,-997.61137,81.363643,1.6235581,0.66467069
3245,-649.94714,-742.42022,92.473081,1.8306762,0.13995843
3246,-636.51598,-718.96367,82.447689,1.5982987,-0.13792914
3247,-1107.0107,-1200.2275,93.216837,1.7611811,-0.65447167
3248,-723.56607,-729.27646,5.7103863,0.10386506,-1.1547723
3249,-676.80947,-788.32227,111.51281,2.0646058,0.42156094
3250,-41.101381,-40.341232,-0.76014844,-0.01349879,0.23263812
3251,962.09546,910.15482,51.940645,1.0068053,1.6796819
3252,2563.5345,2539.3744,24.160109,0.44917997,2.1478751
3253,213.5858,196.14534,17.440459,0.30536323,2.6523918
3254,1213.2481,1272.1137,-58.865618,-1.0388418,2.1992488
3255,1533.3744,1525.6872,7.6871552,0.14847861,0.8771775
3256,2581.813,2648.1643,-66.351279,-1.2747082,0.29230281
3257,1797.5542,1717.0806,80.473672,1.5453377,-0.91522448
3258,2031.6402,2148.6003,-116.96008,-2.277413,-1.3013178
3259,1786.0418,1702.218,83.823805,1.6388301,-1.6430582
3260,1998.3148,2020.4992,-22.184417,-0.43025726,-0.7231893
3261,2267.342,2340.6003,-73.258304,-1.406156,-0.12228495
3262,2553.4359,2546.7551,6.6807632,0.13000166,1.4871726
3263,2254.6178,2289.643,-35.025219,-0.67590623,1.1275916
3264,2150.501,2267.9052,-117.40423,-2.3047375,-0.35741363
3265,1811.0864,1736.3918,74.694605,1.4422309,0.08784688
3266,1453.5953,1570.5782,-116.98293,-2.2543707,1.0078564
3267,1267.7807,1255.7346,12.046073,0.23090973,1.7989019
3268,1063.6876,1046.951,16.736547,0.32485838,1.8571299
3269,500.08363,521.80727,-21.723638,-0.42662127,0.28797152
3270,364.35819,298.56556,65.792625,1.2949965,-0.53340976
3271,202.78028,164.297,38.483278,0.74710876,-1.1491022
3272,-482.51203,-556.38547,73.873434,1.4359707,-2.3912021
3273,-739.92584,-760.31596,20.390118,0.39486164,-0.59572677
3274,-876.86312,-1035.425,158.56184,3.0759701,-0.12586707
3275,-1060.254,-1060.6003,0.34627256,0.0067262803,1.0317959
3276,-988.55385,-1104.4803,115.92641,2.2541996,0.440928
3277,-1362.2028,-1456.6319,94.42915,1.8356185,2.2371702
3278,-1479.4477,-1540.6509,61.203137,1.1977,1.0577025
3279,-1624.1609,-1721.2259,97.064962,1.8942492,1.6966743
3280,-1572.86,-1680.0758,107.21587,2.0544279,2.772733
3281,-1659.5061,-1687.9621,28.455971,0.55287095,1.5641269
3282,-1618.9097,-1753.1754,134.26569,2.6284871,0.16610576
3283,-1775.6402,-1822.0284,46.388199,0.90285134,-0.37073269
3284,-1829.6679,-1965.4976,135.82978,2.6265381,-0.21744212
3285,-1783.1132,-1893.4092,110.29595,2.1260419,-0.6601788
3286,-1616.789,-1697.5671,80.778186,1.5666011,-1.0704066
3287,-1528.729,-1663.5956,134.86658,2.6126952,0.10197504
3288,-1502.9775,-1620.6256,117.64808,2.2958069,0.66838778
3289,-1335.4414,-1390.1043,54.662845,1.0943397,0.092989873
3290,-1255.0564,-1400.4171,145.36065,2.8528175,0.8748622
3291,-1091.9637,-1128.5434,36.579736,0.71260515,0.84209922
3292,-973.91085,-1046.2433,72.332438,1.3909948,1.5679673
3293,-778.40158,-865.26382,86.862245,1.6703571,0.99397898
3294,-649.03826,-661.93997,12.901704,0.25587715,0.40682344
3295,-542.29586,-642.32543,100.02958,1.9800598,0.12761538
3296,-346.58462,-377.93365,31.349034,0.60745398,-0.92982859
3297,-364.56016,-404.52449,39.964329,0.77945789,-1.8178193
3298,-181.06824,-222.83728,41.769038,0.8122045,-1.3925724
3299,-195.00434,-307.8673,112.86296,2.2028282,-0.07408816
3300,-137.94714,-113.94629,-24.000853,-0.46863403,1.8655761
3301,-106.13649,-187.65245,81.51596,1.5855356,-0.18017054
3302,-86.545168,-147.81675,61.271578,1.1885813,0.48340498
3303,-138.2501,-168.84676,30.596663,0.60122795,0.38718498
3304,-47.261538,-144.88468,97.623138,1.9235695,0.55962968
3305,-162.3858,-204.53712,42.151326,0.81533545,1.0668028
3306,-142.5925,-157.4218,14.829296,0.28625646,1.3052893
3307,-193.69152,-304.4297,110.73818,2.1489307,0.52182217
3308,-410.00394,-364.58768,-45.416267,-0.88934294,-0.26863679
3309,-453.73097,-541.62401,87.893046,1.7159748,-0.31236895
3310,272.35976,223.03949,49.320269,0.94300327,-0.12153001
3311,-824.3503,-807.8357,-16.514593,-0.3092728,-0.43321422
3312,692.96726,637.06793,55.899328,1.0500176,-0.069372669
3313,-113.20552,-170.06003,56.854509,1.0883973,-0.034694368
3314,44.433925,28.815166,15.618759,0.2816604,-1.9655048
3315,-1354.4268,-1446.6224,92.195608,1.720905,0.06657117
3316,541.38698,534.14218,7.2448022,0.13528392,1.413647
3317,1956.0016,1901.8009,54.20063,1.0421042,2.1798917
3318,1001.783,900.85308,100.92996,1.8600419,0.056174062
3319,-562.89704,-632.21485,69.317809,1.3409468,0.14966514
3320,-448.68166,-494.40758,45.725926,0.88072992,-0.28138997
3321,292.557,237.69984,54.85716,1.0664086,-0.24272566
3322,477.76568,453.76303,24.002647,0.45986084,0.028405953
3323,594.20276,563.05845,31.14431,0.59295409,-0.46812496
3324,359.20789,279.86098,79.34691,1.5386015,-0.04474621
3325,57.158185,61.169036,-4.0108509,-0.077942221,1.3369387
3326,-384.7574,-425.4534,40.696,0.79613673,2.1643708
3327,-14.542012,-60.36019,45.818178,0.8902152,1.5886524
3328,162.08284,133.66193,28.420913,0.5539007,0.66444698
3329,-171.47456,-259.84202,88.367466,1.7339509,0.14579767
3330,-69.983432,-126.18009,56.196663,1.0962444,0.63593538
3331,-624.49862,-673.36493,48.86631,0.96272776,-0.10759968
3332,-481.90611,-576.10111,94.194991,1.8433998,-1.2194162
3333,-345.67574,-362.96998,17.294245,0.33912323,-0.81793749
3334,-759.31519,-893.97788,134.6627,2.6466636,-0.095040057
3335,-591.47613,-618.66667,27.190533,0.53299332,1.0331591
3336,-585.31598,-645.76303,60.447057,1.1663503,-1.0800847
3337,-752.04418,-829.47235,77.428172,1.495823,0.070720506
3338,-1043.4903,-1103.4692,59.978859,1.1563957,0.23609029
3339,-1221.0241,-1246.7362,25.712114,0.49872874,-0.95238699
3340,-1036.9262,-1160.2907,123.36445,2.3787518,-1.0219645
3341,-1104.587,-1081.327,-23.259968,-0.44751669,0.35726546
3342,-1039.2489,-1121.466,82.21712,1.5902214,1.7390866
3343,-1151.5456,-1227.0205,75.474975,1.4589121,1.3829665
3344,-1295.9558,-1383.5324,87.576567,1.7117327,-0.27759269
3345,-1293.2292,-1358.6603,65.431156,1.2970217,-1.1726213
3346,-1195.6765,-1326.812,131.13548,2.5859237,-1.1023632
3347,-1184.871,-1240.0632,55.192185,1.0985908,-1.0851281
3348,-1037.6331,-1135.722,98.088823,1.9426538,-1.8679081
3349,-1227.2852,-1365.7378,138.45255,2.6889711,-0.49210555
3350,-1223.9527,-1216.4044,-7.5482393,-0.1471899,0.70996201
3351,-1102.2643,-1216.91,114.64565,2.2212552,0.5054488
3352,-1036.9262,-1103.7725,66.846279,1.3093796,1.5491642
3353,-1109.8383,-1143.9115,34.073268,0.67002994,1.7542938
3354,-995.72387,-1095.5829,99.859073,1.9722325,1.1765146
3355,-1004.3077,-1057.1627,52.855025,1.031361,1.2045623
3356,-990.67456,-1018.7425,28.06794,0.54499237,1.6932737
3357,-910.99645,-1026.5276,115.5312,2.2679451,0.82418852
3358,-932.70848,-913.18799,-19.520488,-0.38527396,-1.2656405
3359,-836.36765,-980.92891,144.56126,2.8529536,-0.93273473
3360,-829.39961,-868.80253,39.402922,0.77043736,0.093524099
3361,-774.66509,-858.99526,84.330172,1.6358636,0.57170655
3362,-755.88166,-817.44076,61.559101,1.1773552,0.81280761
3363,-746.086,-896.30332,150.21732,2.8921146,-1.7985724
3364,-773.65523,-811.07109,37.415863,0.74589616,-2.5662709
3365,-800.41657,-883.05845,82.641884,1.6354206,-0.40197763
3366,-793.24655,-846.05371,52.807164,1.0312519,1.5048074
3367,-842.52781,-895.29226,52.764448,1.0261202,3.256625
3368,-775.47298,-840.29068,64.817701,1.2414314,1.9680474
3369,-994.51203,-1055.4439,60.931886,1.1698455,0.11131707
3370,-756.08363,-792.66983,36.586197,0.71236305,-0.30469176
3371,-717.91085,-805.30806,87.397209,1.7042564,0.0647484
3372,-1199.312,-1246.534,47.221934,0.9045234,0.087768531
3373,-769.31282,-812.48657,43.173751,0.78743168,0.25486112
3374,-681.6568,-855.55766,173.90086,3.2067834,0.24915883
3375,-194.60039,-150.74882,-43.851579,-0.77902652,0.85097057
3376,806.57673,662.84992,143.7268,2.7543737,-0.6522385
3377,2320.1578,2332.2085,-12.05074,-0.22365062,0.96937008
3378,-10.300592,-74.312796,64.012204,1.1298791,0.55972763
3379,777.79566,816.83412,-39.038462,-0.70470255,1.5265154
3380,923.41775,948.27172,-24.85397,-0.4767839,1.3597017
3381,2097.8872,2141.5229,-43.635727,-0.83022547,0.4501977
3382,1301.611,1285.0553,16.555753,0.31946132,-0.91723445
3383,1482.0734,1590.5972,-108.52378,-2.127461,-0.77859946
3384,1237.2828,1175.3555,61.92739,1.2115209,-0.53946893
3385,1459.4525,1553.6935,-94.241057,-1.8694023,0.25541731
3386,1741.002,1807.6714,-66.669434,-1.289554,0.83688488
3387,1965.4943,1985.921,-20.426731,-0.39340319,1.8598763
3388,1712.3219,1682.9068,29.4151,0.57013041,1.702757
3389,1645.57,1755.703,-110.13298,-2.1487436,-1.7510323
3390,1307.2663,1245.2196,62.046683,1.1952992,-1.3455681
3391,1016.325,1052.2085,-35.883481,-0.69738275,-0.4586485
3392,845.15345,823.50711,21.646343,0.41777605,2.0432766
3393,723.97002,645.86414,78.105881,1.5248626,1.0150273
3394,138.04813,158.43286,-20.384733,-0.40078607,0.58973167
3395,25.145562,-23.658768,48.80433,0.94719432,0.18357809
3396,-59.581854,-107.77883,48.196977,0.93061069,-0.5459379
3397,-760.72899,-786.80569,26.076693,0.50849079,-0.45405547
3398,-957.85404,-985.9842,28.130159,0.54953135,-0.76941549
3399,-1080.6533,-1209.1248,128.47155,2.5005584,1.4150315
3400,-1188.3045,-1181.2196,-7.0849472,-0.13818484,2.0562564
3401,-1131.7523,-1211.4502,79.697969,1.5380448,1.9115936
3402,-1428.8536,-1530.1359,101.28221,1.9606196,2.0512682
3403,-1499.0391,-1584.2275,85.188435,1.6811906,1.2614647
3404,-1680.6122,-1785.327,104.71479,2.0494051,2.1056339
3405,-1591.9464,-1691.703,99.75665,1.9457079,2.0032676
3406,-1657.6884,-1760.3539,102.66551,2.0106012,2.4552292
3407,-1633.9566,-1766.0158,132.05919,2.5574569,0.37468886
3408,-1786.4458,-1885.1185,98.672724,1.9373634,-2.0243564
3409,-1867.5377,-1985.8199,118.28223,2.3489983,-0.35880891
3410,-1792.6059,-1889.7694,97.163435,1.9217786,1.3496508
3411,-1689.0951,-1761.2638,72.168754,1.3963512,1.2582087
3412,-1611.9416,-1713.1374,101.19582,1.9526349,2.5405957
3413,-1595.3799,-1674.1106,78.730703,1.5194577,1.5567707
3414,-1446.1223,-1504.3539,58.231582,1.1367284,0.32891077
3415,-1360.9909,-1449.3523,88.361364,1.7429575,0.21792668
3416,-1230.6178,-1270.1927,39.574982,0.76953066,1.1881719
3417,-1086.3085,-1168.9858,82.677301,1.6036322,2.6431539
3418,-897.96923,-998.21801,100.24878,1.9313168,2.9091203
3419,-780.11834,-847.67141,67.553063,1.3260505,1.9800199
3420,-704.47968,-758.09163,53.611943,1.0693177,-0.13327731
3421,-519.47298,-632.72038,113.2474,2.23466,-0.55601997
3422,-560.9783,-585.40284,24.42454,0.48194183,-1.1488125
3423,-407.3783,-490.06003,82.681728,1.6216405,-0.91846028
3424,-453.32702,-561.33965,108.01263,2.0974945,0.92723011
3425,-381.72781,-349.92733,-31.80048,-0.62273117,1.5464964
3426,-402.83393,-500.37283,97.538903,1.9087428,1.6167682
3427,-395.66391,-405.83886,10.174957,0.19447811,1.48911
3428,-427.1716,-464.68246,37.510867,0.7255066,1.8815561
3429,-353.75464,-433.54186,79.787229,1.5719697,1.4379113
3430,-458.37633,-452.14534,-6.2309917,-0.12204121,-0.23912698
3431,-452.62012,-490.06003,37.439913,0.7212316,0.28153132
3432,-458.27535,-541.72512,83.449773,1.589882,0.071536648
3433,-668.32663,-664.66983,-3.656801,-0.070317407,-0.8338408
3434,-710.13491,-806.52133,96.386416,1.8524816,-0.67447056
3435,26.357396,-15.5703,41.927697,0.79992711,-0.55725589
3436,-1069.4438,-1122.4771,53.033306,0.99984439,0.12990126
3437,468.67692,418.27488,50.402042,0.94107304,1.7026576
3438,-362.33846,-491.37441,129.03595,2.4210631,0.86783209
3439,-228.73373,-227.79147,-0.94225862,-0.016919424,-0.11399044
3440,-1618.8087,-1712.2275,93.41881,1.7453991,-0.1494711
3441,237.62051,238.00316,-0.38264674,-0.0070821446,1.4888739
3442,1629.4122,1627.0964,2.3158623,0.044465653,2.4739433
3443,700.44024,583.07741,117.36283,2.1579293,1.2499763
3444,-871.30888,-906.11058,34.801709,0.66085332,1.4783854
3445,-755.07377,-757.28278,2.2090132,0.042091232,0.72409416
3446,18.379487,-73.807267,92.186754,1.8067586,-0.44202565
3447,193.48955,190.58452,2.9050282,0.05702341,-0.72645218
3448,355.26943,258.22433,97.045099,1.8635079,-1.1793777
3449,88.160947,5.5608215,82.600125,1.5831092,-0.054088044
3450,-190.157,-203.12164,12.964641,0.24788168,1.1056369
3451,-631.87061,-723.41232,91.541711,1.7749337,0.82534006
3452,-261.04931,-332.0316,70.982286,1.3773611,0.70270947
3453,-88.86785,-179.05845,90.190602,1.7649467,0.42893051
3454,-451.40828,-509.87678,58.468493,1.1330307,0.5332089
3455,-344.26193,-389.1564,44.894465,0.8674248,1.350343
3456,-901.20079,-962.83096,61.630175,1.1969566,1.503437
3457,-796.78107,-836.65087,39.869804,0.76614905,-0.74081307
3458,-612.38028,-647.38073,35.000451,0.67415423,-2.2601586
3459,-1052.983,-1135.1153,82.132286,1.5829193,-1.8322572
3460,-858.07968,-879.62085,21.541169,0.4169947,0.86315741
3461,-835.55976,-880.93523,45.375466,0.87475138,1.2648155
3462,-980.07101,-1051.9052,71.834207,1.3677961,1.7336401
3463,-1209.8146,-1353.8073,143.99267,2.7959153,1.3739344
3464,-1420.8757,-1428.7267,7.8509586,0.15324179,-0.27454344
3465,-1198.8071,-1353.2006,154.39353,3.0140693,-1.0500266
3466,-1239.7065,-1275.248,35.541516,0.68919878,0.42498542
3467,-1219.7112,-1325.4976,105.78639,2.0599102,2.1516576
3468,-1306.8623,-1446.218,139.35568,2.7441487,2.281002
3469,-1504.6943,-1525.3839,20.689606,0.40820391,1.1255121
3470,-1482.1744,-1574.218,92.043651,1.7745463,-0.28021713
3471,-1400.0726,-1510.6224,110.54985,2.112017,-0.8200466
3472,-1424.3093,-1448.0379,23.728644,0.46400812,-1.2119744
3473,-1234.8592,-1329.643,94.783798,1.8410239,-1.3366101
3474,-1436.4276,-1548.2338,111.80619,2.1581298,-0.22791432
3475,-1437.8414,-1410.0221,-27.819303,-0.54099706,0.76536257
3476,-1274.2438,-1402.4392,128.19539,2.4958355,1.6620284
3477,-1243.9479,-1302.6477,58.69978,1.1263875,2.3081948
3478,-1242.9381,-1349.4597,106.52165,2.0848742,1.7715093
3479,-1188.8095,-1269.485,80.675525,1.5823609,1.501242
3480,-1140.942,-1267.6651,126.72308,2.4820691,0.51100126
3481,-1137.9124,-1203.6651,65.752661,1.2741548,1.0962584
3482,-1104.8899,-1266.654,161.76409,3.1506652,-0.14027159
3483,-1074.3921,-1122.7804,48.3883,0.95073892,-1.0527866
3484,-1079.4414,-1171.6145,92.173114,1.7984439,-2.3528691
3485,-1045.2071,-1115.9052,70.698113,1.3873137,0.23056552
3486,-1009.7609,-1068.891,59.130049,1.1527855,-0.77617573
3487,-1046.5199,-1079.3049,32.784976,0.63491147,0.98145888
3488,-960.88363,-1112.2654,151.38177,2.9300102,0.66653738
3489,-1068.4339,-1032.3918,-36.04214,-0.7057526,-0.19026016
3490,-1020.5665,-1144.1137,123.54727,2.4185654,0.3295074
3491,-1014.2043,-1053.2196,39.01525,0.75995102,2.0000751
3492,-1068.3329,-1127.128,58.795023,1.1495552,1.3885334
3493,-900.08994,-1065.7567,165.66677,3.2165292,0.98286526
3494,-1266.8718,-1263.3175,-3.5542593,-0.06911452,1.9208094
3495,-894.63669,-1026.3254,131.68875,2.5495036,0.46574611
3496,-907.15897,-1003.7788,96.619857,1.862466,-0.71904004
3497,-1403.3041,-1511.7346,108.43046,2.047688,-2.023808
3498,-933.41538,-1001.8578,68.442435,1.246369,-0.36010935
3499,-964.0142,-1093.3586,129.34441,2.4118556,0.42078158
3500,-350.01815,-340.52449,-9.4936594,-0.16832148,1.8443245
3501,564.41183,470.84992,93.561913,1.8030952,1.6035605
3502,1969.2308,1981.4724,-12.241585,-0.22738448,0.83931587
3503,-411.51874,-489.65561,78.136871,1.3568865,0.78999175
3504,434.94753,539.09637,-104.14883,-1.8496137,1.5278573
3505,825.15819,844.1327,-18.974516,-0.36106647,1.6343441
3506,1918.6367,1975.7093,-57.072634,-1.0837407,2.1533362
3507,1094.3874,1056.8594,37.527977,0.71519459,-0.0091980957
3508,1433.903,1475.4376,-41.53464,-0.80390341,-1.4314376
3509,1057.1235,1029.763,27.360438,0.53303195,-0.83737829
3510,1335.1385,1334.2938,0.84462268,0.016511724,-0.40360502
3511,1542.8671,1600,-57.132939,-1.1118409,0.33540753
3512,1842.0892,1800.0885,42.000684,0.81665249,0.77250693
3513,1568.0126,1553.2891,14.723524,0.28294843,0.15566462
3514,1447.0312,1548.3349,-101.30375,-1.9775773,-2.1765742
3515,1145.1834,1116.3096,28.873795,0.55026002,-1.9079498
3516,828.79369,875.47551,-46.681825,-0.89352795,-0.7013079
3517,656.71321,670.23065,-13.517433,-0.26137035,1.3160249
3518,532.29822,474.28752,58.010705,1.1397656,0.96262596
3519,-69.680473,-13.750395,-55.930078,-1.0874102,-0.37355743
3520,-114.51834,-147.21011,32.691767,0.63159186,-0.040800916
3521,-257.00986,-326.67299,69.663124,1.3229482,-0.77885406
3522,-924.83156,-960.40442,35.572865,0.68769581,-1.522982
3523,-1079.1385,-1151.4945,72.356009,1.3999367,-0.51862582
3524,-1240.4134,-1365.7378,125.32434,2.4322404,0.31755958
3525,-1307.7712,-1323.6777,15.906522,0.3106462,1.5043495
3526,-1276.0615,-1401.7314,125.6699,2.4352339,1.9734927
3527,-1591.8454,-1723.3491,131.50377,2.5164664,2.1080966
3528,-1683.2379,-1792.5055,109.26766,2.1303065,1.2120588
3529,-1869.1535,-1965.6998,96.54639,1.8814288,-0.24472569
3530,-1777.256,-1872.3791,95.123131,1.8502031,1.7186308
3531,-1912.5775,-1989.1564,76.578883,1.4888482,1.806271
3532,-1841.0793,-1950.7362,109.65689,2.1179094,0.61668937
3533,-1996.699,-2097.643,100.94396,1.936336,-0.35440146
3534,-2102.4316,-2166.2938,63.862281,1.2180645,-1.3132133
3535,-2004.172,-2103.1027,98.930694,1.9106603,-0.10134458
3536,-1895.5108,-1982.1801,86.669247,1.6844905,1.6878115
3537,-1788.7684,-1882.2875,93.519078,1.8018776,0.88516703
3538,-1748.7779,-1914.1359,165.35795,3.2047053,1.6543973
3539,-1647.5897,-1655.406,7.8162596,0.15404514,0.021134616
3540,-1497.8272,-1660.8657,163.0385,3.2132983,0.063112611
3541,-1424.6122,-1475.0332,50.420947,0.96848892,0.87896885
3542,-1252.2288,-1369.6809,117.45209,2.2677865,0.60495236
3543,-1089.742,-1213.2701,123.52813,2.4073341,0.94998579
3544,-995.31992,-1013.5861,18.266177,0.36385095,1.1965249
3545,-904.63432,-994.37599,89.741668,1.7637606,1.1657914
3546,-764.56647,-849.79463,85.228159,1.6279011,-0.51522507
3547,-773.45325,-778.61611,5.1628593,0.10013912,-1.2555763
3548,-627.83116,-721.2891,93.457936,1.8188826,-2.1592206
3549,-686.30217,-711.07741,24.77524,0.48863656,0.18709093
3550,-583.49822,-569.42812,-14.070105,-0.27538816,0.646174
3551,-603.59448,-673.66825,70.073769,1.3503138,1.6955998
3552,-534.92387,-590.35703,55.433164,1.0618919,1.5598876
3553,-586.52781,-659.51343,72.985617,1.4195841,0.98277713
3554,-520.98777,-576.50553,55.517758,1.0851281,-0.84675338
3555,-560.87732,-646.77409,85.896774,1.6822587,0.13544834
3556,-620.15621,-632.61927,12.46306,0.24186292,0.36254498
3557,-591.57712,-732.81517,141.23805,2.725727,-0.052702044
3558,-839.19527,-820.27172,-18.923544,-0.36690419,-0.802421
3559,-900.89783,-980.32227,79.424445,1.5136082,-0.39417219
3560,-143.90533,-211.81675,67.91142,1.2848392,1.2369184
3561,-1311.5077,-1302.6477,-8.859983,-0.16636125,-0.66214479
3562,291.1432,212.7267,78.416497,1.4729106,-0.22858502
3563,-562.79606,-647.88626,85.090201,1.6021794,0.12992216
3564,-449.0856,-396.63823,-52.447371,-0.93964874,-1.3963183
3565,-1778.5688,-1902.812,124.24317,2.3396685,-0.17704618
3566,45.140828,88.265403,-43.124574,-0.7907409,2.9284109
3567,1545.8966,1449.1501,96.746568,1.8442787,2.5765056
3568,525.53215,421.00474,104.52741,1.9381964,0.94161118
3569,-1022.9901,-1053.9273,30.937192,0.60349821,-1.0391562
3570,-853.83826,-922.38863,68.550361,1.3206735,0.15601297
3571,-152.38817,-234.06003,81.671866,1.5810108,0.47073705
3572,76.749507,14.053712,62.695794,1.20612,-1.6440488
3573,164.30454,122.8436,41.460935,0.80120129,-1.5808162
3574,-83.616568,-169.5545,85.937934,1.6712205,-0.18033658
3575,-347.29152,-363.77883,16.487312,0.31876245,1.8851671
3576,-868.07732,-914.80569,46.72837,0.90782301,2.588031
3577,-420.10256,-502.19273,82.090169,1.5813064,0.98981982
3578,-307.70493,-349.72512,42.020188,0.8066803,-0.27124236
3579,-659.43984,-687.01422,27.574376,0.53627991,0.96732546
3580,-485.23866,-564.17062,78.931957,1.5224892,1.4727001
3581,-1103.8801,-1113.6809,9.8008058,0.19150416,0.82719188
3582,-872.72268,-1027.5387,154.81602,2.9816386,0.032839269
3583,-801.22446,-759.20379,-42.020666,-0.80832573,-1.2193149
3584,-1158.5136,-1314.6793,156.1657,3.0093388,-1.1920577
3585,-959.87377,-1015.7093,55.835553,1.0805108,-0.22125807
3586,-999.05641,-1068.6888,69.632373,1.3658004,-0.45371946
3587,-1093.2765,-1214.2812,121.00467,2.3305925,0.87404277
3588,-1394.4174,-1489.0869,94.669531,1.8087254,0.77564453
3589,-1602.8529,-1611.7283,8.8754181,0.17169431,0.15718718
3590,-1375.5329,-1498.3886,122.85569,2.3864289,-0.26756143
3591,-1492.8789,-1500.9163,8.0373763,0.15214584,0.93740381
3592,-1357.2544,-1463.1027,105.84825,2.0237647,1.0171256
3593,-1523.4777,-1616.8847,93.406964,1.7869875,0.97555606
3594,-1693.1345,-1720.6193,27.484757,0.53921096,0.12242507
3595,-1627.4935,-1719.0016,91.508089,1.7952769,-0.48518574
3596,-1606.9933,-1689.6809,82.687591,1.5927679,-0.41344307
3597,-1497.8272,-1616.3791,118.55193,2.3121512,-1.3464773
3598,-1440.568,-1475.6398,35.071763,0.69102406,-0.57424152
3599,-1537.0099,-1714.2496,177.23974,3.4121145,-0.94392007
3600,-1544.4828,-1540.752,-3.7308655,-0.072265273,1.1604176
3601,-1447.0312,-1606.4708,159.43961,3.1158873,0.85732987
3602,-1338.37,-1459.7662,121.39617,2.3552658,2.1188739
3603,-1445.9203,-1493.4344,47.514124,0.91819928,1.2310348
3604,-1349.9834,-1450.7678,100.78434,1.9502868,0.22761121
3605,-1338.875,-1423.5703,84.695349,1.6242316,0.78756449
3606,-1389.2671,-1405.6746,16.407504,0.31810083,1.3000427
3607,-1247.0785,-1406.1801,159.10159,3.1116911,0.42888413
3608,-1323.828,-1301.6367,-22.191357,-0.43060679,-1.2930181
3609,-1253.5416,-1356.1327,102.59108,1.9792707,-0.93357501
3610,-1190.5262,-1249.8705,59.344225,1.1418154,-0.59220235
3611,-1201.5337,-1274.237,72.703239,1.3989889,-0.56141578
3612,-1096.0032,-1210.7425,114.73934,2.1854139,-1.0209986
3613,-1185.4769,-1266.4518,80.974894,1.5646914,-0.21731906
3614,-1135.9937,-1191.128,55.134274,1.0737551,-0.77299944
3615,-1158.0087,-1265.0363,107.02766,2.0880942,-0.13879893
3616,-1176.4892,-1262.2054,85.716219,1.6676706,0.22963399
3617,-1158.6146,-1256.7457,98.13106,1.9093168,0.68029535
3618,-1124.0773,-1226.515,102.43769,1.9761128,-0.43502753
3619,-1374.4221,-1432.1643,57.742206,1.1343847,-0.34407161
3620,-1105.6978,-1183.9494,78.251617,1.5291938,-0.71492991
3621,-1119.028,-1201.1374,82.109433,1.5873904,-0.00028974269
3622,-1544.2809,-1643.981,99.700175,1.8793176,-0.79348035
3623,-1172.5507,-1194.4645,21.913765,0.39655916,-1.0277485
3624,-1089.0351,-1231.6714,142.6363,2.6393499,0.24800938
3625,-553.30335,-507.55134,-45.75201,-0.81047883,1.181329
3626,410.20592,271.36809,138.83783,2.6657381,1.5405393
3627,1888.9467,1870.6603,18.286398,0.33609787,1.1248288
3628,-559.5645,-599.25434,39.689847,0.6934622,-0.35614581
3629,273.77357,307.76619,-33.992623,-0.61404839,0.45955268
3630,463.7286,505.63033,-41.901732,-0.80734805,0.23299372
3631,1655.0627,1599.8989,55.163828,1.0533943,-0.098450337
3632,818.29112,802.27488,16.016243,0.31041627,0.11573497
3633,1047.7318,1096.7962,-49.064453,-0.96019796,-0.93223119
3634,745.88402,732.51185,13.372175,0.26189345,-1.4730392
3635,1003.0959,1021.6746,-18.578708,-0.36190338,-0.1553987
3636,1203.6544,1274.237,-70.582529,-1.3752983,0.68536106
3637,1456.6249,1483.6272,-27.00232,-0.52137864,0.27640798
3638,1201.6347,1181.2196,20.415125,0.3881461,-0.047058839
3639,1096.1041,1235.8167,-139.7126,-2.7253982,-2.0949784
3640,795.97318,751.01422,44.958958,0.86738379,-0.83393968
3641,506.64773,518.47077,-11.823042,-0.22558415,1.0244009
3642,358.29901,368.02528,-9.7262627,-0.18579547,1.3009344
3643,254.08126,175.62085,78.460409,1.5262582,1.0918196
3644,-308.91677,-295.63349,-13.283274,-0.26317059,-0.93166053
3645,-391.3215,-421.61137,30.289875,0.59958043,-1.0404143
3646,-447.57081,-608.75829,161.18749,3.1331881,-0.22685007
3647,-1167.4004,-1146.6414,-20.759004,-0.40522982,-0.163507
3648,-1286.8671,-1402.4392,115.57212,2.2194843,-0.17890572
3649,-1467.9353,-1555.9179,87.982546,1.6957562,0.32347463
3650,-1546.4016,-1554.5024,8.1007918,0.15622,-0.20097699
3651,-1483.9921,-1592.6193,108.62716,2.1106937,1.5018198
3652,-1779.5787,-1881.782,102.20329,1.9661772,1.7367217
3653,-1871.5771,-1944.1643,72.587177,1.4064362,1.2378019
3654,-2054.6651,-2121.9084,67.243284,1.3077864,0.3736087
3655,-1930.755,-2038.7994,108.04434,2.0914298,0.90118782
3656,-2017.9061,-2105.8325,87.926429,1.6969021,0.88842649
3657,-1966.7061,-2086.9258,120.21964,2.3607729,1.0462553
3658,-2117.9834,-2212.6003,94.616884,1.8595157,-1.9534385
3659,-2186.957,-2306.2243,119.26733,2.3376201,-0.82145666
3660,-2094.3527,-2228.575,134.22238,2.6110367,1.2199815
3661,-1993.6694,-2127.6714,134.00198,2.5938907,-0.1330119
3662,-1920.9594,-2022.6224,101.66306,1.9610389,0.018763866
3663,-1869.9613,-2050.6288,180.66741,3.4808334,-0.88299668
3664,-1802.7045,-1785.1248,-17.579734,-0.34762419,0.72039586
3665,-1686.1665,-1837.6998,151.53337,3.0190318,0.6659622
3666,-1587.8059,-1621.6367,33.830734,0.65927488,1.5984786
3667,-1442.5878,-1529.1248,86.537031,1.6555112,0.60693206
3668,-1277.9803,-1372.8152,94.83489,1.8122527,0.96722841
3669,-1215.2679,-1185.0616,-30.206239,-0.59076813,0.18250473
3670,-1077.3207,-1176.9731,99.652434,1.9715817,0.61024822
3671,-935.43511,-1022.4834,87.048304,1.7087457,-0.18179729
3672,-930.28481,-984.66983,54.385014,1.0805009,-1.1031859
3673,-807.4856,-881.54186,74.056263,1.4583767,-1.079137
3674,-845.15345,-935.7346,90.581145,1.7669371,-0.75769487
3675,-752.95306,-767.29226,14.339202,0.28111204,0.71593198
3676,-793.04458,-920.77093,127.72636,2.5240838,-0.82742127
3677,-758.70927,-799.74724,41.037965,0.81033338,0.12355789
3678,-811.32308,-869.40916,58.086086,1.14709,0.64721291
3679,-773.65523,-797.01738,23.362151,0.46374222,1.2380739
3680,-837.78146,-897.61769,59.836234,1.155985,0.27037929
3681,-871.91479,-880.4297,8.5149069,0.16387545,-1.2695892
3682,-856.76686,-957.37125,100.60438,1.9301602,-0.84553471
3683,-1086.9144,-1045.6367,-41.277748,-0.80243453,-1.5861335
3684,-1135.6907,-1192.4423,56.751608,1.1026899,-0.19288502
3685,-365.97396,-424.94787,58.973903,1.117655,0.16940425
3686,-1491.768,-1528.0126,36.244591,0.67360184,1.3498607
3687,87.454043,-7.4818325,94.935876,1.7590146,1.266152
3688,-760.72899,-865.97156,105.24257,1.9943785,-1.1932605
3689,-622.57988,-614.72354,-7.856343,-0.14360777,-1.7569713
3690,-1958.2233,-2108.6635,150.44023,2.8504997,-1.2893749
3691,-147.13688,-158.93839,11.801505,0.22086517,1.923983
3692,1304.7416,1257.6556,47.086009,0.90210861,3.1676692
3693,310.73452,180.77725,129.95727,2.3932531,0.50011737
3694,-1258.086,-1276.2591,18.173088,0.34778078,-0.011282314
3695,-1129.7325,-1160.3918,30.659241,0.58183125,0.22824164
3696,-397.27968,-485.10585,87.826161,1.71206,-0.27126038
3697,-177.7357,-211.91785,34.182151,0.6744603,-1.7674568
3698,-93.513215,-122.13586,28.622646,0.55936885,-0.91097267
3699,-310.43156,-385.7188,75.287241,1.4701418,0.44550761
3700,-610.05759,-600.36651,-9.691085,-0.18644488,1.5180247
3701,-1031.9779,-1151.6967,119.71877,2.3179285,0.39025869
3702,-637.72781,-688.02528,50.297466,0.97950064,0.12064316
3703,-492.40868,-585.30174,92.893059,1.8386665,-0.38061282
3704,-811.1211,-880.22749,69.106384,1.3742433,1.6240085
3705,-696.90572,-797.01738,100.11166,1.9661733,1.3417737
3706,-1299.1874,-1353.4028,54.215467,1.0735558,-0.39538576
3707,-1105.3949,-1192.3412,86.94636,1.7018075,-1.2909354
3708,-1010.7708,-1031.0774,20.3066,0.39837315,-2.3599146
3709,-1397.8509,-1483.6272,85.776285,1.6995043,-1.403298
3710,-1250.1081,-1275.9558,25.847679,0.50385966,0.019582913
3711,-1210.2185,-1263.722,53.503418,1.0373308,0.11926551
3712,-1330.1901,-1432.7709,102.58079,1.9836223,0.35497732
3713,-1633.8556,-1708.891,75.035374,1.460823,0.88414679
3714,-1778.3669,-1781.6872,3.3203399,0.064763547,-0.097483963
3715,-1612.5475,-1725.2701,112.72261,2.2080668,-0.61883632
3716,-1596.6927,-1681.8957,85.203032,1.6556892,0.39779675
3717,-1571.3452,-1625.2765,53.931294,1.0345189,1.090648
3718,-1669.6047,-1835.6777,166.07299,3.21804,0.047394969
3719,-1827.2442,-1852.158,24.913796,0.49488169,0.13210345
3720,-1810.6824,-1945.8831,135.20065,2.6355442,-1.2211098
3721,-1728.0757,-1867.8294,139.75364,2.7050478,-1.1796821
3722,-1714.6446,-1753.782,39.137415,0.76715334,-2.2394874
3723,-1605.1755,-1685.7378,80.562214,1.5640264,-1.9455446
3724,-1729.3886,-1864.7962,135.40765,2.642923,0.090523696
3725,-1813.813,-1778.9573,-34.855672,-0.68365287,1.0618925
3726,-1610.3258,-1764.7014,154.37558,3.0162169,1.4905972
3727,-1577.7073,-1647.2164,69.509132,1.34593,0.69075065
3728,-1637.8951,-1696.9605,59.065436,1.1596919,0.1109972
3729,-1512.2682,-1613.7504,101.48215,2.0076564,0.68969531
3730,-1553.0667,-1624.2654,71.198736,1.3869907,2.5479964
3731,-1483.0832,-1579.1722,96.088961,1.8748322,1.8294387
3732,-1452.7874,-1579.5766,126.78924,2.4886788,-0.11089469
3733,-1459.6544,-1506.2749,46.620444,0.92154166,-3.0296886
3734,-1385.9345,-1501.5229,115.58839,2.281994,-0.40769479
3735,-1386.7424,-1491.5134,104.77102,2.0613824,1.535453
3736,-1330.2911,-1418.6161,88.324989,1.7447738,1.551969
3737,-1328.3724,-1422.8626,94.490173,1.8501622,0.70632289
3738,-1356.1436,-1465.8325,109.68895,2.1246317,-0.53727321
3739,-1336.8552,-1366.5466,29.691377,0.58525201,-0.1403799
3740,-1427.3389,-1521.5419,94.203008,1.8394778,-0.29780641
3741,-1348.9736,-1431.0521,82.078563,1.5946409,1.126419
3742,-1440.1641,-1485.9526,45.788504,0.89541253,1.3292679
3743,-1317.4659,-1415.4818,98.015955,1.9164855,1.1906322
3744,-1565.084,-1627.6019,62.517872,1.2315373,0.4271105
3745,-1336.3503,-1386.4645,50.114159,0.98494277,0.26743756
3746,-1215.2679,-1391.8231,176.55521,3.4120382,-0.099933174
3747,-1774.2264,-1816.5687,42.34229,0.80933317,-1.3967205
3748,-1282.1207,-1373.4218,91.301091,1.6665982,-0.15028624
3749,-1239.8075,-1406.7867,166.97923,3.1100652,-0.47747756
3750,-681.05089,-686.10427,5.0533778,0.089695213,0.58274234
3751,366.17594,198.57188,167.60406,3.235166,0.90447596
3752,1714.5436,1699.8926,14.651015,0.27084367,1.0781102
3753,-793.14556,-856.46761,63.322052,1.1016346,0.43675202
3754,136.83629,181.88942,-45.053124,-0.81383274,0.26232476
3755,418.48679,475.50079,-57.014005,-1.0982282,0.62443388
3756,1560.8426,1556.7267,4.1159053,0.077443152,-0.58920819
3757,664.08521,666.59084,-2.5056302,-0.04816295,-0.70949746
3758,1012.6895,1079.7093,-67.019774,-1.3033958,-1.8627943
3759,724.77791,674.98262,49.795287,0.97363654,-0.55395862
3760,886.65878,919.55766,-32.898885,-0.64469393,0.19648775
3761,1196.4844,1190.0158,6.4686204,0.12445998,1.222711
3762,1416.8363,1446.218,-29.381718,-0.56299565,0.8404277
3763,1197.3933,1153.8199,43.573389,0.83639771,-0.47456547
3764,1081.8651,1159.4818,-77.616744,-1.515045,-1.7324686
3765,745.07613,661.73776,83.338377,1.6175072,-1.8844852
3766,478.67456,504.31596,-25.6414,-0.4992649,0.26653579
3767,273.26864,292.49921,-19.230571,-0.37148519,2.6114819
3768,134.10966,72.290679,61.818985,1.2104433,2.5694743
3769,-435.45247,-413.92733,-21.525135,-0.41831424,-0.17835088
3770,-542.19487,-527.16588,-15.028995,-0.29197344,0.90171124
3771,-589.65838,-721.2891,131.63072,2.5192578,-1.0886871
3772,-1337.2592,-1309.624,-27.635159,-0.5385124,-1.0531765
3773,-1483.2852,-1540.5498,57.264556,1.1155268,-0.084509851
3774,-1586.5941,-1717.9905,131.39644,2.5351868,1.2924957
3775,-1720.5018,-1705.5545,-14.947273,-0.29017344,1.2208661
3776,-1561.6505,-1777.2385,215.58805,4.1832136,-0.12279267
3777,-1967.9179,-2021.0047,53.086791,1.0340135,0.53947344
3778,-2004.8789,-2146.376,141.49709,2.7697385,1.3446342
3779,-2181.0998,-2290.8562,109.75644,2.1412388,1.7635955
3780,-2100.2099,-2230.1927,129.98287,2.5466739,1.7004726
3781,-2175.9495,-2301.6746,125.72506,2.4618358,0.8461413
3782,-2150.299,-2256.4803,106.18124,2.0511458,-0.6602417
3783,-2315.0075,-2399.6461,84.638634,1.622046,-1.1317802
3784,-2380.3456,-2501.0553,120.70973,2.3156976,-1.8829601
3785,-2352.5744,-2415.722,63.1476,1.2179446,0.47545222
3786,-2171.9101,-2321.4913,149.58125,2.8476301,1.0829485
3787,-2137.5748,-2177.1122,39.537411,0.75545488,2.1740175
3788,-2084.456,-2255.4692,171.01318,3.2884411,1.128798
3789,-1964.2824,-1954.376,-9.9064584,-0.1926362,0.52198157
3790,-1837.1408,-2019.5893,182.44843,3.5848153,0.21232613
3791,-1708.2824,-1791.2923,83.009813,1.6184935,0.68885012
3792,-1602.4489,-1663.09,60.641132,1.1763006,0.86991435
3793,-1371.7964,-1546.0095,174.21303,3.3992857,1.2851451
3794,-1297.4706,-1311.9494,14.478836,0.28237529,1.5404127
3795,-1207.6939,-1345.2133,137.51938,2.6710976,-0.6172297
3796,-1033.8966,-1141.7883,107.89166,2.0714886,-0.40970838
3797,-1086.3085,-1101.346,15.03749,0.29392836,-0.92556539
3798,-942.60513,-1021.169,78.563908,1.5448572,-1.2995376
3799,-1003.2978,-1061.3081,58.010226,1.1284542,0.69932028
3800,-918.57041,-904.594,-13.976417,-0.27530764,1.4938898
3801,-917.66154,-1041.3902,123.72867,2.4240094,1.5445556
3802,-912.51124,-899.84202,-12.66922,-0.24527472,1.6115658
3803,-933.41538,-1009.2385,75.823162,1.4645326,1.1250777
3804,-882.41736,-908.94155,26.524191,0.51653683,2.6322589
3805,-915.7428,-1028.5498,112.80696,2.1849999,2.3306834
3806,-942.20118,-974.05371,31.852529,0.61460832,0.9203375
3807,-950.98698,-1056.8594,105.87242,2.0354897,-0.71767691
3808,-1147.5061,-1165.7504,18.244281,0.35717669,-1.0238034
3809,-1205.8761,-1287.1785,81.302381,1.576206,-0.57903184
3810,-465.44536,-576.90995,111.46459,2.1108054,-0.77647525
3811,-1576.6974,-1608.4929,31.795455,0.5918282,-0.34448894
3812,-41.000394,-105.85782,64.857425,1.2065816,2.5627914
3813,-862.92702,-983.55766,120.63064,2.2556346,1.5808853
3814,-774.66509,-753.54186,-21.123225,-0.37561597,-0.6157259
3815,-2102.7345,-2233.7314,130.99692,2.446437,-0.44576827
3816,-267.51243,-262.36967,-5.1427578,-0.094325237,1.0860042
3817,1147.3041,1135.9242,11.379971,0.21619959,2.7765413
3818,203.08323,67.63981,135.44342,2.5080758,1.9359799
3819,-1369.0698,-1380.4992,11.429388,0.2209461,1.1522133
3820,-1186.3858,-1287.8863,101.50046,1.925106,-0.25776414
3821,-463.7286,-547.99368,84.265081,1.6102491,-0.0067205297
3822,-249.94083,-315.85466,65.913832,1.2699897,-2.5733145
3823,-136.53333,-205.24487,68.711532,1.3383398,-1.1829044
3824,-380.41499,-490.86888,110.45389,2.1349918,0.20643834
3825,-677.21341,-734.33175,57.118341,1.0997851,2.3138637
3826,-1134.9838,-1203.8673,68.883472,1.3318955,1.7173692
3827,-756.08363,-824.21485,68.131221,1.3123112,1.0606553
3828,-602.98856,-659.91785,56.929291,1.1046838,0.43215051
3829,-993.40118,-1017.4281,24.026937,0.46359309,1.4967843
3830,-794.15542,-914.80569,120.65026,2.3072414,1.3856509
3831,-1420.4718,-1444.8025,24.330733,0.47646074,0.39933466
3832,-1248.6943,-1336.0126,87.318358,1.7031477,-0.35160144
3833,-1103.9811,-1121.7694,17.788287,0.3453218,-1.1175677
3834,-1534.9901,-1617.3902,82.400067,1.5968721,-0.20790991
3835,-1277.6773,-1381.5103,103.83295,2.0204422,-0.83106644
3836,-1319.0817,-1359.8736,40.791961,0.80332464,-0.30146014
3837,-1418.755,-1545.8073,127.05224,2.4735654,0.037282517
3838,-1686.8734,-1792.7077,105.83437,2.1004371,0.9409604
3839,-1886.4221,-1937.8957,51.473644,1.0089715,1.0404213
3840,-1659.6071,-1837.4976,177.89053,3.4545886,-0.051421713
3841,-1745.2434,-1770.2622,25.018851,0.48292278,0.089212678
3842,-1690.5089,-1802.3128,111.80392,2.1531949,1.5831963
3843,-1799.9779,-1919.4945,119.51656,2.3383806,2.1101816
3844,-2030.3274,-2047.7978,17.470372,0.34683167,1.2212961
3845,-1911.2647,-2052.2464,140.98175,2.7334627,-0.21292661
3846,-1919.3436,-1996.1327,76.789112,1.4810001,-0.83230983
3847,-1848.3503,-1906.654,58.303733,1.1370542,-1.2137548
3848,-1715.0485,-1782.0916,67.043106,1.3148195,0.18855227
3849,-1894.299,-2037.0806,142.78155,2.7918751,0.97499787
3850,-1835.626,-1876.5245,40.898451,0.7961331,0.95804981
3851,-1751.8075,-1869.2449,117.43737,2.2785479,1.3903455
3852,-1651.2252,-1774.5087,123.28344,2.3909091,1.6022066
3853,-1715.8564,-1786.1359,70.279451,1.3815772,0.37119895
3854,-1626.5846,-1776.1264,149.54177,2.9302986,-0.45879858
3855,-1628.0994,-1718.1927,90.093325,1.7562903,1.1838132
3856,-1614.2643,-1698.7804,84.516111,1.6499288,1.3143058
3857,-1577.0004,-1699.5893,122.58886,2.385822,-0.41730079
3858,-1575.4856,-1597.9779,22.492282,0.43974148,-1.9620963
3859,-1568.4166,-1668.9542,100.53762,1.9362492,-0.64507654
3860,-1481.2655,-1578.06,96.794548,1.8882662,0.56877878
3861,-1505.5022,-1554.1991,48.696883,0.94693084,-0.15263882
3862,-1453.8982,-1536.4044,82.506199,1.5898438,0.66942851
3863,-1464.1988,-1560.872,96.673221,1.894296,-0.18711701
3864,-1506.613,-1502.7362,-3.8768408,-0.075986434,-0.010644132
3865,-1436.2256,-1598.7867,162.56109,3.1971703,1.2879466
3866,-1488.7385,-1525.0806,36.342107,0.71396533,2.2790388
3867,-1468.6422,-1590.0916,121.44942,2.3694099,1.5915479
3868,-1402.1933,-1493.2322,91.038934,1.7842843,0.64101519
3869,-1668.9988,-1767.4313,98.432463,1.9534077,-0.045391081
3870,-1383.6118,-1481.4028,97.791009,1.9367935,0.15344711
3871,-1360.789,-1490.8057,130.01673,2.5491352,-1.2940236
3872,-1881.5748,-1935.7725,54.197758,1.0304715,-1.2287722
3873,-1427.2379,-1475.4376,48.199729,0.87851989,-0.80807406
3874,-1422.0876,-1547.7283,125.6407,2.312357,0.16465783
3875,-840.00316,-840.79621,0.79305271,0.014106017,0.38904945
3876,47.766469,-61.472354,109.23882,2.0936887,0.33022466
3877,1339.7838,1356.6382,-16.854404,-0.3107567,0.79179849
3878,-1143.1637,-1189.1058,45.942137,0.79999443,0.73486739
3879,-390.21065,-336.17694,-54.033716,-0.97740291,1.4847051
3880,-138.2501,-145.99684,7.7467418,0.14781896,0.61177336
3881,1004.2067,1047.4566,-43.24985,-0.81675517,0.070381931
3882,236.50966,181.88942,54.620249,1.0397066,-1.0147042
3883,488.26824,550.62243,-62.354188,-1.2076984,-1.3641548
3884,179.14951,94.331754,84.817753,1.6580334,-1.6987613
3885,402.02604,419.79147,-17.765434,-0.34511133,-0.83494447
3886,619.65128,653.44708,-33.795795,-0.64607571,-0.18295477
3887,789.10611,830.2812,-41.175086,-0.79571616,1.5134502
3888,569.86509,548.3981,21.466984,0.4122416,-0.022687768
3889,426.66667,572.86572,-146.19905,-2.8503973,-1.6011963
3890,180.86627,112.12638,68.73989,1.3337642,-1.6813784
3891,-101.39014,-30.129542,-71.260596,-1.3658207,0.63742292
3892,-243.78067,-210.80569,-32.974983,-0.63484186,1.6347719
3893,-262.66509,-340.32227,77.657186,1.5279111,2.2542971
3894,-833.94398,-793.78199,-40.161994,-0.77993145,0.33313432
3895,-827.37988,-913.08689,85.707006,1.6499187,0.057079993
3896,-902.10966,-977.18799,75.078329,1.4393115,-1.0248254
3897,-1556.9041,-1600.91,44.005811,0.85027068,-2.825049
3898,-1638.501,-1719.0016,80.500594,1.5561827,-1.6265801
3899,-1799.17,-1946.4897,147.31971,2.8337043,1.007722
3900,-1803.9164,-1839.4186,35.502271,0.69409394,3.0481593
3901,-1738.0734,-1882.793,144.71968,2.7931025,1.6219177
3902,-2079.4067,-2154.1611,74.754431,1.4449668,1.3868014
3903,-2106.37,-2220.6888,114.31876,2.2311166,0.035130123
3904,-2337.7294,-2411.6777,73.948337,1.4475427,0.50923144
3905,-2161.6095,-2328.7709,167.16146,3.2313922,1.4531505
3906,-2311.8769,-2336.3539,24.476947,0.47237766,1.5898192
3907,-2244.4181,-2380.5371,136.11898,2.6302233,0.2256088
3908,-2350.0497,-2428.4613,78.411591,1.5119038,0.14927079
3909,-2467.0927,-2591.3428,124.25011,2.3945117,0.064196593
3910,-2335.7097,-2479.2164,143.50677,2.7446987,0.1737571
3911,-2253.8099,-2337.8705,84.060596,1.618052,-0.65875959
3912,-2159.3878,-2301.6746,142.28679,2.7331348,-0.075958283
3913,-2122.8308,-2283.981,161.15027,3.1287713,0.079892816
3914,-2060.0174,-2114.1232,54.105866,1.0632559,-0.69090281
3915,-1925.9077,-2110.3823,184.47461,3.5791413,0.20278341
3916,-1880.8679,-1910.7994,29.931518,0.57479307,0.66148915
3917,-1757.4627,-1858.3254,100.86271,1.9413834,0.20249831
3918,-1605.6805,-1710.9131,105.23264,2.019713,0.13385011
3919,-1552.4607,-1555.5134,3.0526786,0.060427245,0.38998541
3920,-1423.6024,-1555.6145,132.01217,2.6041708,0.55018655
3921,-1348.0647,-1377.2638,29.199129,0.56378621,-0.44871901
3922,-1358.4663,-1387.8799,29.413665,0.57118427,-1.602637
3923,-1221.731,-1276.3602,54.629223,1.0519155,-0.57913663
3924,-1285.2513,-1379.5893,94.337975,1.817773,0.64733178
3925,-1170.43,-1175.3555,4.92547,0.095951474,1.995591
3926,-1225.8714,-1326.812,100.94061,1.974215,1.3055485
3927,-1163.8659,-1229.8515,65.985623,1.2906715,1.9889213
3928,-1214.46,-1283.1343,68.674321,1.3483187,1.0973676
3929,-1169.2181,-1269.3839,100.16574,1.9792758,-0.070000417
3930,-1216.4797,-1285.5608,69.081137,1.3588565,-0.23159025
3931,-1272.325,-1293.7504,21.425346,0.4191719,-0.079587486
3932,-1253.8446,-1366.6477,112.80313,2.2079925,0.28763797
3933,-1510.0465,-1483.9305,-26.116059,-0.51423531,-1.0805239
3934,-1557.3081,-1627.3997,70.091597,1.3602627,0.016765869
3935,-779.61341,-858.28752,78.674108,1.4967426,0.67585506
3936,-1936.7132,-1926.9763,-9.7369117,-0.18030337,-0.27588735
3937,-341.43432,-407.75987,66.325554,1.2270411,-0.30065987
3938,-1180.1247,-1283.0332,102.90852,1.9467004,0.22779396
3939,-1046.9239,-1067.2733,20.349436,0.36866249,-1.7235442
3940,-2367.5203,-2496,128.47968,2.4004769,0.28291503
3941,-545.93136,-563.36177,17.430408,0.31999847,1.0517061
3942,912.00631,843.22275,68.783563,1.3073697,1.3531588
3943,-97.148718,-233.85782,136.7091,2.5122756,-0.083068955
3944,-1643.5503,-1723.7536,80.203259,1.5562735,-0.78206609
3945,-1492.8789,-1537.3144,44.435481,0.84798954,-0.14752007
3946,-803.95108,-901.56082,97.609737,1.8833471,-0.10209866
3947,-553.60631,-593.79463,40.188317,0.76907267,-0.73331484
3948,-529.5716,-556.08215,26.510551,0.50447587,-0.75163279
3949,-695.69389,-812.28436,116.59047,2.258711,0.72235404
3950,-1008.9531,-1015.5071,6.5540518,0.1245084,1.8002506
3951,-1478.6398,-1543.8863,65.246414,1.2508463,1.4713577
3952,-1049.4485,-1095.4818,46.033312,0.89988433,1.0930017
3953,-928.56805,-990.73618,62.16813,1.2186548,-0.38583597
3954,-1215.2679,-1305.8831,90.615246,1.7807609,0.8209958
3955,-1108.4245,-1176.9731,68.548686,1.3287284,1.5229652
3956,-1676.2698,-1771.4755,95.205691,1.872012,0.36364881
3957,-1474.9034,-1563.9052,89.00186,1.7565914,-0.85336326
3958,-1375.432,-1429.3333,53.901381,1.0570887,-1.6825328
3959,-1749.9897,-1893.4092,143.41942,2.8258571,-1.2456795
3960,-1570.8402,-1601.2133,30.373033,0.59747139,0.29113061
3961,-1581.0398,-1661.4724,80.432512,1.5541393,0.24289112
3962,-1676.0679,-1745.6935,69.625673,1.3354083,2.1821445
3963,-2018.613,-2112.1011,93.488088,1.7813932,0.4480169
3964,-2106.269,-2148.0948,41.825753,0.81369639,-0.58585548
3965,-1945.903,-2075.8041,129.90115,2.5671631,0.54260898
3966,-1979.0264,-2017.466,38.439605,0.74037802,1.739144
3967,-1901.974,-1969.9463,67.972323,1.2933541,1.6987666
3968,-2019.6229,-2155.7788,136.15595,2.6063851,1.7581176
3969,-2159.0848,-2225.643,66.558157,1.3095775,0.45461257
3970,-2148.7842,-2233.9336,85.149428,1.6908395,-0.57896785
3971,-2042.8497,-2224.8341,181.98442,3.540866,-0.95019575
3972,-2033.7609,-2040.5182,6.7572207,0.13228929,-0.30737117
3973,-1892.7842,-2066.6035,173.81925,3.3842839,-0.79187307
3974,-2052.8473,-2199.7599,146.91254,2.8463455,-0.77355453
3975,-2074.6604,-2084.3981,9.7377492,0.18930296,0.58584972
3976,-1946.8118,-2108.9668,162.15499,3.1573269,1.4637298
3977,-1886.725,-1927.684,40.958995,0.79698114,1.6497263
3978,-1978.3195,-2079.9494,101.62992,1.9976926,1.0149536
3979,-1861.0746,-1941.1311,80.056565,1.5815828,0.78367244
3980,-1880.3629,-1960.3412,79.978313,1.5536139,1.2307295
3981,-1870.3653,-1936.8847,66.51939,1.2925519,2.41846
3982,-1802.5026,-1897.7567,95.25415,1.876962,1.9549706
3983,-1820.5791,-1869.2449,48.665773,0.95730484,-0.55600692
3984,-1737.9724,-1871.7725,133.80013,2.5984008,-0.4306319
3985,-1737.4675,-1817.2765,79.809006,1.5482584,-0.29513868
3986,-1677.3807,-1792.6066,115.22596,2.2385507,-0.42374455
3987,-1670.6146,-1723.7536,53.138959,1.0246355,1.0516073
3988,-1662.1318,-1870.7615,208.6297,4.0172756,0.34158494
3989,-1716.1594,-1714.4518,-1.7075521,-0.033391355,-0.70177587
3990,-1703.3341,-1858.7299,155.39574,3.0439117,-0.45335124
3991,-1731.4083,-1776.1264,44.718098,0.87516539,2.1412067
3992,-1739.3862,-1824.2528,84.866571,1.650813,1.6137911
3993,-1691.9227,-1795.3365,103.41381,1.9848733,0.8090261
3994,-1920.8584,-1970.3507,49.492328,0.95862975,0.98962198
3995,-1655.0627,-1740.3349,85.272191,1.6835629,-0.15349793
3996,-1624.9688,-1736.9984,112.02958,2.1987063,-0.74210192
3997,-2106.9759,-2173.5735,66.597523,1.2725085,-0.060097886
3998,-1670.6146,-1742.7615,72.146858,1.3010763,0.17022892
3999,-1603.6607,-1765.5103,161.84952,2.9826837,0.49164772
4000,-1048.3377,-1032.2907,-16.046993,-0.28383289,1.1990006
4001,-112.19566,-276.01896,163.8233,3.1618805,0.15894222
4002,1096.1041,1078.1927,17.911409,0.33195233,0.89354839
4003,-1527.7191,-1643.2733,115.55417,2.0325211,0.70858352
4004,-671.86114,-598.64771,-73.213435,-1.3238125,0.9322569
4005,-323.55976,-339.21011,15.650347,0.30232163,-0.26414142
4006,750.73136,809.75671,-59.025353,-1.1129719,-0.041335996
4007,-77.961341,-98.477093,20.515752,0.3925257,0.34151679
4008,223.28047,321.01106,-97.730585,-1.9092657,-0.070211942
4009,-62.409467,-111.41864,49.009174,0.95422367,0.72969237
4010,94.119132,122.54028,-28.421152,-0.55278416,0.50308397
4011,293.76884,361.25118,-67.482349,-1.3006643,-0.035180715
4012,570.87495,585.20063,-14.325681,-0.2762972,0.43031094
4013,301.54477,282.99526,18.549513,0.35897426,0.48645991
4014,239.03432,315.45024,-76.415917,-1.4732077,-1.7128651
4015,-44.332939,-96.960506,52.627567,1.0142231,-1.2632892
4016,-305.78619,-274.80569,-30.980506,-0.60343104,0.081014522
4017,-420.00158,-404.7267,-15.27488,-0.2966078,1.6224323
4018,-514.12071,-606.43286,92.312149,1.7977124,0.13174675
4019,-1045.611,-1010.4518,-35.159229,-0.68722808,0.09004902
4020,-1045.5101,-1099.2227,53.71269,1.0458632,0.54866203
4021,-1146.3953,-1239.3555,92.960184,1.8186406,-0.58483064
4022,-1786.9507,-1799.1785,12.227825,0.24117015,-2.1955274
4023,-1932.4718,-1974.0916,41.619832,0.80604013,-1.5930535
4024,-2000.9404,-2126.9637,126.02323,2.4523624,0.54648528
4025,-2043.1527,-2024.6445,-18.508113,-0.36068507,0.84653278
4026,-1973.1692,-2098.8562,125.68701,2.4480157,1.2222447
4027,-2254.3148,-2338.9826,84.66783,1.6322434,1.8647486
4028,-2349.1408,-2460.0063,110.86549,2.1453303,1.4326718
4029,-2480.8268,-2588.7141,107.88724,2.0973759,1.6487623
4030,-2365.2986,-2483.7662,118.46757,2.3193289,1.4776666
4031,-2465.8809,-2571.0205,105.13967,2.0672225,0.32550474
4032,-2385.6978,-2517.1311,131.43329,2.541904,-0.61292695
4033,-2552.527,-2681.4281,128.9011,2.5072389,-1.5535866
4034,-2634.8308,-2745.9336,111.10288,2.1852697,-0.41958237
4035,-2559.0911,-2669.8009,110.70982,2.1849603,1.6419833
4036,-2491.4304,-2567.5829,76.152564,1.4707914,0.83292205
4037,-2394.2817,-2493.0679,98.786274,1.893334,1.8799266
4038,-2395.9984,-2525.3207,129.32227,2.4961388,-0.077378684
4039,-2277.3396,-2301.6746,24.334921,0.47734714,-0.99746723
4040,-2174.8387,-2310.7741,135.93543,2.6844923,-0.30416655
4041,-2115.6607,-2148.3981,32.737355,0.63614354,1.2117725
4042,-1946.8118,-2042.1359,95.324027,1.8682897,1.5257913
4043,-1805.4312,-1940.7267,135.29553,2.6295391,1.3718532
4044,-1712.0189,-1761.6682,49.649312,0.96779264,0.26671216
4045,-1636.8852,-1747.8167,110.93154,2.1599958,-1.1562567
4046,-1516.8126,-1615.5703,98.757677,1.9369789,-0.77523357
4047,-1517.6205,-1569.466,51.845522,1.0270902,0.24890822
4048,-1434.4079,-1543.5829,109.17505,2.1656423,-0.59437975
4049,-1470.157,-1550.2559,80.098922,1.5749291,-0.38872928
4050,-1397.144,-1397.1817,0.037690345,0.00073597659,1.0139572
4051,-1448.142,-1539.0332,90.891164,1.78213,1.5714979
4052,-1417.1393,-1437.4218,20.28255,0.39093851,1.4073403
4053,-1479.7507,-1540.2464,60.495755,1.1876724,0.68199171
4054,-1396.6391,-1453.5987,56.959683,1.1183598,1.1280726
4055,-1468.3393,-1498.1864,29.847163,0.58132619,0.33922834
4056,-1508.0268,-1516.6888,8.6619591,0.169302,0.14421749
4057,-1461.1692,-1554.8057,93.636456,1.8206795,-0.3217376
4058,-1680.8142,-1708.2844,27.470159,0.53594262,-1.7727502
4059,-1720.4008,-1801.8073,81.406478,1.5866361,-0.82864889
4060,-976.23353,-1049.5798,73.346248,1.4199024,-0.52514018
4061,-2082.3353,-2122.0095,39.674173,0.75194544,0.14408509
4062,-514.72663,-593.69352,78.966896,1.4628641,1.631041
4063,-1381.1882,-1505.3649,124.17676,2.3345547,-0.97995008
4064,-1248.1893,-1241.6809,-6.5084644,-0.11889687,-1.9096034
4065,-2574.1381,-2700.2338,126.09574,2.4250061,-1.6720896
4066,-779.31045,-745.75671,-33.55374,-0.6294747,0.72417596
4067,651.15897,634.43918,16.719796,0.32061795,1.9717074
4068,-330.83077,-455.27962,124.44885,2.2948257,1.2403718
4069,-1862.9933,-1901.0932,38.099913,0.73665456,-0.3090045
4070,-1724.0363,-1744.1769,20.140643,0.38190388,0.37948135
4071,-1009.7609,-1086.8878,77.126889,1.4932226,-0.24974992
4072,-774.36213,-792.66983,18.307696,0.35603733,-0.78742594
4073,-672.1641,-765.47235,93.308251,1.8122976,-0.80904627
4074,-888.57751,-990.63507,102.05756,1.9735063,0.26305387
4075,-1190.3243,-1216,25.67574,0.4992556,2.187458
4076,-1624.4639,-1737.7062,113.24226,2.2343572,2.0229995
4077,-1230.4158,-1281.5166,51.100809,1.0017496,0.78419161
4078,-1095.5992,-1205.7883,110.1891,2.1900007,-0.33204055
4079,-1430.9744,-1464.6193,33.644914,0.66542463,1.2601554
4080,-1318.5767,-1398.6983,80.121536,1.569597,1.7202301
4081,-1892.7842,-1948.1074,55.323204,1.0979846,1.2514055
4082,-1741.8099,-1779.8673,38.057437,0.73485928,-0.71719345
4083,-1587.7049,-1635.9937,48.28875,0.92692073,-1.598764
4084,-1976.4008,-2077.7251,101.32433,1.9602072,-1.6688381
4085,-1802.0986,-1818.3886,16.290006,0.31770232,0.50182923
4086,-1772.1057,-1823.545,51.439304,1.0010204,0.75725455
4087,-1887.8359,-1970.2496,82.413708,1.5814627,1.880991
4088,-2124.3456,-2285.6998,161.35428,3.1155814,1.9617816
4089,-2323.1874,-2319.0648,-4.1226058,-0.079985395,-1.4675176
4090,-2094.7566,-2247.5829,152.82633,3.0048317,-2.6307866
4091,-2130.3037,-2178.3254,48.021687,0.9410832,0.3540521
4092,-2083.6481,-2191.1659,107.51775,2.1047343,1.950343
4093,-2179.787,-2335.4439,155.65694,3.0314597,1.715285
4094,-2354.7961,-2388.3223,33.52622,0.66062138,0.82665054
4095,-2330.8623,-2439.7852,108.92282,2.1212261,-0.67591029
4096,-2243.9132,-2375.7852,131.87194,2.5600802,-0.84857911
4097,-2265.4233,-2277.3081,11.884783,0.23490748,-1.2587312
4098,-2094.7566,-2220.6888,125.93218,2.4732021,-1.3041786
4099,-2284.0047,-2398.0284,114.0237,2.2400658,0.066865413
4100,-2271.8864,-2282.06,10.173641,0.19809931,0.58620582
4101,-2157.1661,-2280.9479,123.78179,2.4198493,1.1171435
4102,-2084.86,-2145.0616,60.201651,1.1596743,2.3223619
4103,-2113.54,-2240.7077,127.1677,2.5219669,0.84979664
4104,-2042.8497,-2116.9542,74.104482,1.4814479,0.30925201
4105,-2004.7779,-2152.8468,148.06885,2.9445738,0.099359246
4106,-2033.559,-2077.3207,43.761721,0.85816207,1.2846779
4107,-1958.9302,-2117.763,158.83286,3.1325052,0.037307977
4108,-1975.2899,-2043.3491,68.05919,1.3386979,-1.0887269
4109,-1948.0237,-2032.733,84.709349,1.6380211,-1.8174959
4110,-1909.8509,-2012.613,102.76207,2.0024224,0.08269894
4111,-1917.1219,-1961.4534,44.331503,0.86609568,-0.55568319
4112,-1893.6931,-1951.3428,57.649715,1.1151878,1.4539869
4113,-1886.1191,-2037.3839,151.26475,2.9164088,0.5150367
4114,-1930.957,-1915.9558,-15.001236,-0.29007514,-0.49531024
4115,-1913.2844,-2039.0016,125.71716,2.4607205,0.37329805
4116,-1911.1637,-1951.0395,39.875786,0.77868775,1.0438478
4117,-1938.632,-2005.7378,67.105804,1.3034109,1.0584553
4118,-1810.7834,-1983.3934,172.60993,3.3625919,1.460773
4119,-2114.146,-2125.4471,11.301121,0.22090247,1.5554478
4120,-1775.5393,-1921.4155,145.87623,2.8134389,0.041930592
4121,-1786.9507,-1881.782,94.8313,1.8374393,-0.22377742
4122,-2252.901,-2375.684,122.78306,2.3568727,-1.685634
4123,-1810.2785,-1889.466,79.187534,1.4534087,-0.35653734
4124,-1801.2907,-1930.515,129.22428,2.4216389,-0.53609807
4125,-1241.1203,-1244.2085,3.0882152,0.054975228,0.6661314
4126,-376.6785,-477.52291,100.84441,1.9600937,0.42371547
4127,838.28639,860.41074,-22.124352,-0.40674071,1.0646762
4128,-1736.1546,-1828.3981,92.243469,1.5871295,0.3345686
4129,-1051.3673,-910.55924,-140.80802,-2.530362,1.4005701
4130,-728.31243,-745.04897,16.736547,0.3248106,0.80780482
4131,407.47929,465.69352,-58.214233,-1.1195785,-0.34324396
4132,-393.13925,-421.40916,28.269912,0.5418217,-0.19155444
4133,-69.074556,-57.124803,-11.949754,-0.22977072,-1.5201567
4134,-427.07061,-394.61611,-32.454498,-0.63629076,-0.50284926
4135,-162.08284,-214.95103,52.868187,1.0403228,-1.3747637
4136,-21.308087,82.199052,-103.50714,-2.0269209,-0.41170977
4137,211.56607,189.37125,22.194827,0.42988716,1.6249889
4138,-25.246548,-63.595577,38.349028,0.74350588,1.5666869
4139,-144.61223,-12.941548,-131.67068,-2.5782413,-0.5648298
4140,-414.64931,-485.61137,70.962065,1.3627264,-1.0580851
4141,-666.20592,-599.15324,-67.052679,-1.2890747,0.22179249
4142,-797.38698,-777.30174,-20.085244,-0.3905717,1.7681764
4143,-820.51282,-913.49131,92.978491,1.8358283,1.7309491
4144,-1368.5649,-1298.3002,-70.264734,-1.3783442,0.64179766
4145,-1363.5156,-1425.8957,62.380153,1.2012977,1.0934223
4146,-1397.7499,-1458.2496,60.499704,1.1499192,0.18543458
4147,-2020.8347,-2074.6919,53.857229,1.0417894,-0.56459898
4148,-2100.7148,-2191.7725,91.057719,1.7733995,-0.25980489
4149,-2214.2233,-2292.1706,77.947342,1.5266297,-0.5479954
4150,-2196.9546,-2278.3191,81.36448,1.5810998,1.6312858
4151,-2097.2813,-2211.7915,114.51021,2.2167886,1.6253338
4152,-2412.1562,-2562.3254,150.16922,2.8709007,2.1448415
4153,-2477.4943,-2593.466,115.97175,2.2459727,0.60155552
4154,-2661.5921,-2742.5972,81.005046,1.5686061,0.48183065
4155,-2546.6698,-2696.1896,149.51975,2.9010217,1.5322936
4156,-2658.0576,-2691.0332,32.975582,0.65362135,0.71358898
4157,-2582.7219,-2735.6209,152.89896,2.9886112,0.24530145
4158,-2723.2947,-2802.5529,79.258248,1.5193013,-1.1726262
4159,-2802.0639,-2892.9415,90.877643,1.7429168,-0.78364749
4160,-2723.5976,-2853.4092,129.81153,2.5155179,-0.31885922
4161,-2602.0103,-2679.3049,77.294641,1.5101236,-0.071045044
4162,-2524.7558,-2674.5529,149.7971,2.8872452,-0.74207018
4163,-2505.6694,-2662.0158,156.34637,3.0236169,0.029849201
4164,-2416.1957,-2438.4708,22.275113,0.43594948,-0.76286123
4165,-2298.8497,-2499.5387,200.689,3.9351253,0.31301252
4166,-2241.6915,-2272.1517,30.46014,0.58895249,0.8551219
4167,-2114.146,-2263.9621,149.81613,2.8928342,0.69124328
4168,-1981.5511,-2081.466,99.91495,1.9456465,0.098553911
4169,-1908.942,-1957.0047,48.062728,0.94678941,-0.22608292
4170,-1859.5598,-1953.466,93.906271,1.825608,0.4790828
4171,-1736.7606,-1824.7583,87.997742,1.6894286,-0.89579741
4172,-1796.9483,-1828.0948,31.146463,0.61222654,-0.52529407
4173,-1657.4864,-1730.1232,72.636832,1.4175013,0.15221587
4174,-1737.2655,-1797.5608,60.295338,1.1850155,0.84106307
4175,-1651.4272,-1640.139,-11.288198,-0.22149996,0.70222847
4176,-1678.7945,-1751.861,73.066502,1.434072,1.8177521
4177,-1635.9763,-1708.3855,72.409135,1.3961358,1.7332369
4178,-1673.0383,-1733.6619,60.623663,1.1761718,1.3210129
4179,-1619.9195,-1681.8957,61.976208,1.204844,0.95481587
4180,-1667.585,-1753.5798,85.994769,1.6852301,1.1015
4181,-1698.4868,-1730.4265,31.939755,0.62326331,0.60045428
4182,-1683.6418,-1847.8104,164.16861,3.1615338,-0.0024078921
4183,-1918.6367,-1909.3839,-9.2528001,-0.17988778,-1.1785144
4184,-1953.3759,-2052.2464,98.870509,1.8902332,-1.3092234
4185,-1233.1424,-1286.673,53.530579,1.0152614,0.32808231
4186,-2341.7688,-2376.594,34.825161,0.64931227,0.2970041
4187,-780.32032,-847.5703,67.249985,1.2556194,0.057529425
4188,-1619.0107,-1721.7314,102.72079,1.9333268,-0.91541703
4189,-1517.5195,-1482.7172,-34.802307,-0.62349349,-2.0456303
4190,-2834.4805,-2956.7393,122.25886,2.273261,-0.44277029
4191,-977.74832,-947.56398,-30.184342,-0.55491768,1.6539849
4192,436.56331,367.21643,69.346884,1.3144421,2.424111
4193,-538.25641,-671.44392,133.18751,2.4509204,1.2293653
4194,-2063.0469,-2126.2559,63.208981,1.2194713,-1.2426337
4195,-1922.0702,-1979.1469,57.076702,1.0840411,-1.0958541
4196,-1185.4769,-1303.861,118.38406,2.2714437,-0.60217628
4197,-983.70651,-1063.4313,79.724771,1.5216414,-1.1259971
4198,-899.18107,-949.38389,50.202821,0.9628173,0.7523502
4199,-1122.5625,-1252.7014,130.1389,2.5328441,0.96572017
4200,-1452.4844,-1439.8483,-12.636077,-0.24384059,1.3539006
4201,-1895.5108,-1994.3128,98.801948,1.9169181,0.82902959
4202,-1497.5243,-1537.5166,39.992327,0.7731319,0.87985197
4203,-1341.7026,-1438.3318,96.629189,1.8753866,1.1493635
4204,-1686.6714,-1720.2148,33.54345,0.65251327,2.5071923
4205,-1552.2588,-1630.534,78.275188,1.5080001,2.4548811
4206,-2114.045,-2154.8689,40.823908,0.80702387,1.1145732
4207,-1925.7057,-2027.7788,102.07311,1.9903232,0.23355129
4208,-1790.9901,-1824.2528,33.262627,0.6377248,-1.6467768
4209,-2164.942,-2296.9226,131.98058,2.5555396,-1.1434857
4210,-1963.3736,-2028.5877,65.214108,1.2756626,0.12263695
4211,-1943.9842,-2062.7615,118.77723,2.3097099,0.73801637
4212,-2075.3673,-2178.6288,103.26149,2.0076982,0.66812305
4213,-2333.7909,-2475.6777,141.8868,2.7411599,0.49340713
4214,-2515.768,-2526.1295,10.361495,0.20181539,0.28704206
4215,-2306.1207,-2447.5703,141.44959,2.7495991,-0.30497021
4216,-2373.9834,-2420.4739,46.490502,0.88441863,0.94994417
4217,-2289.9629,-2372.4487,82.485738,1.5741258,1.5506908
4218,-2394.8876,-2556.2591,161.37151,3.1238379,0.98089894
4219,-2574.643,-2574.5592,-0.083756321,-0.0016522562,0.50492359
4220,-2525.6647,-2628.752,103.08728,2.0196442,-0.57111169
4221,-2440.4323,-2573.1438,132.71141,2.5449998,-1.3800499
4222,-2399.6339,-2460.5118,60.877923,1.1808916,-2.6104248
4223,-2277.0367,-2371.842,94.805336,1.8288641,-1.0788989
4224,-2410.7424,-2580.9289,170.1865,3.2873748,-1.0258114
4225,-2422.9617,-2447.8736,24.911882,0.48228164,1.5500019
4226,-2281.884,-2473.6556,191.77158,3.7220599,0.49017286
4227,-2252.8,-2339.6904,86.890363,1.6900943,0.43194489
4228,-2297.6379,-2409.7567,112.11884,2.2001155,-0.0013385076
4229,-2240.5807,-2311.1785,70.597844,1.3807865,0.33125279
4230,-2224.3219,-2344.6445,120.32266,2.3292191,1.6329833
4231,-2249.6694,-2308.3476,58.678123,1.1491916,1.695006
4232,-2170.9002,-2306.1232,135.22303,2.6588649,0.4413681
4233,-2193.3191,-2242.2243,48.905196,0.95830495,-1.2627392
4234,-2156.5602,-2227.0585,70.498294,1.3628548,-0.92608085
4235,-2116.3677,-2196.8278,80.460151,1.5750513,0.1617693
4236,-2094.0497,-2169.1248,75.075098,1.4601924,1.3011338
4237,-2035.6797,-2142.6351,106.95539,2.0404078,-0.16056345
4238,-2060.4213,-2209.8705,149.44916,2.858818,0.21556848
4239,-2076.0742,-2101.485,25.41083,0.50060693,-0.90895533
4240,-2066.5815,-2224.733,158.15156,3.106945,0.51530299
4241,-2074.6604,-2169.5292,94.868871,1.8461347,0.86698198
4242,-2106.673,-2203.2986,96.6256,1.8748489,1.4576575
4243,-2005.2828,-2153.7567,148.47387,2.9049762,0.071793803
4244,-2316.3203,-2334.6351,18.314756,0.36532089,0.84502971
4245,-2006.3937,-2122.9194,116.52574,2.2952359,0.12245503
4246,-2021.3396,-2110.8878,89.548191,1.7311818,-0.82826288
4247,-2470.2233,-2555.1469,84.923645,1.5943042,-1.8213089
4248,-2030.7314,-2103.7093,72.97796,1.3138774,-1.0916963
4249,-2010.4331,-2100.3728,89.939692,1.6663784,-0.31446287
4250,-1347.1558,-1356.0316,8.875777,0.15570642,1.0163938
4251,-311.94635,-439.3049,127.35855,2.4490803,2.1320154
4252,995.92584,944.73302,51.192821,0.94288676,1.2727023
4253,-1692.2256,-1773.5987,81.373095,1.4105784,0.34104658
4254,-897.96923,-831.39336,-66.575866,-1.1885335,0.1400233
4255,-516.54438,-530.19905,13.654673,0.26227375,0.33584353
4256,594.70769,612.70142,-17.993729,-0.34263127,0.72785659
4257,-250.34477,-300.48657,50.141799,0.95846521,1.2037568
4258,89.069822,150.84992,-61.780099,-1.1873686,-0.47208763
4259,-199.85168,-209.99684,10.145164,0.19742158,-0.83902841
4260,-21.813018,-12.840442,-8.9725754,-0.17627725,-0.002713871
4261,135.62446,239.72196,-104.0975,-1.9960728,0.68467449
4262,430.90809,419.89258,11.015512,0.20882029,0.62235497
4263,130.87811,143.97472,-13.096617,-0.24794921,1.0470318
4264,25.145562,156.61295,-131.46739,-2.5289498,-0.9214927
4265,-263.47298,-300.18325,36.710276,0.70842385,-0.60905207
4266,-522.90651,-491.1722,-31.734313,-0.61285385,1.078139
4267,-639.34359,-646.9763,7.6327136,0.14696252,1.933589
4268,-766.18225,-826.43918,60.25693,1.1854083,1.0012944
4269,-1286.8671,-1287.0774,0.21034802,0.004173514,-0.12288472
4270,-1329.9882,-1368.2654,38.277237,0.7554071,-0.91876208
4271,-1393.9124,-1542.5719,148.65945,2.921705,-0.80295633
4272,-2102.7345,-2124.3349,21.600396,0.42748389,-0.33812957
4273,-2209.8809,-2293.6872,83.806336,1.632685,-0.070433929
4274,-2334.9018,-2448.0758,113.17405,2.1829612,1.048776
4275,-2398.1191,-2404.0948,5.9756546,0.1154718,0.058428419
4276,-2296.325,-2421.9905,125.66547,2.4166606,0.89038097
4277,-2610.2911,-2712.7709,102.47981,1.9633649,1.4717101
4278,-2694.2107,-2775.4566,81.245905,1.573061,-0.21019873
4279,-2864.7763,-2959.1659,94.389545,1.8578522,-0.77448594
4280,-2745.6126,-2855.9368,110.32419,2.1518515,1.0026653
4281,-2821.3523,-2938.6414,117.28912,2.2861725,1.3126765
4282,-2768.1325,-2912.2528,144.12022,2.7915185,-0.095949297
4283,-2903.555,-3007.8989,104.34386,2.0339929,-1.7948025
4284,-2951.6245,-3111.3302,159.70572,3.1026549,-0.60603816
4285,-2910.2201,-3014.5719,104.35176,2.0287219,-0.75575878
4286,-2754.0955,-2928.9352,174.83977,3.4193388,-1.1432412
4287,-2733.7972,-2808.0126,74.2154,1.4475017,0.57213556
4288,-2654.0181,-2845.8262,191.80808,3.6932316,0.023465956
4289,-2601.9093,-2614.4961,12.58678,0.24902844,0.10035668
4290,-2489.7136,-2648.3665,158.6529,3.1515745,0.18363209
4291,-2392.3629,-2446.9637,54.600746,1.0671873,1.2475512
4292,-2266.3321,-2356.575,90.24289,1.7386388,0.33552691
4293,-2085.7688,-2199.1532,113.3844,2.1739842,1.1526344
4294,-2037.3964,-2034.4518,-2.944633,-0.057670633,0.70824084
4295,-1915.4051,-2015.545,100.1399,1.9697821,0.81004938
4296,-1766.9554,-1885.7251,118.76969,2.2974984,0.12276009
4297,-1807.9558,-1851.5513,43.595524,0.84536417,-1.0373291
4298,-1656.4765,-1740.5371,84.060596,1.6473969,-0.016892879
4299,-1721.1077,-1825.466,104.35834,2.0545723,0.19533816
4300,-1631.9369,-1632.1517,0.21477514,0.0042460517,1.1144619
4301,-1640.9247,-1785.6303,144.70568,2.8631639,-0.98080936
4302,-1654.5578,-1686.7488,32.191024,0.62241584,0.52137164
4303,-1657.1834,-1746.3002,89.116726,1.7359094,0.68497665
4304,-1653.144,-1679.9747,26.830739,0.5316949,0.20623853
4305,-1711.1101,-1760.5561,49.446023,0.95557351,-0.046463263
4306,-1704.546,-1739.1216,34.575686,0.6710344,0.21044275
4307,-1736.7606,-1831.0269,94.266304,1.8196913,0.1159398
4308,-1923.484,-1905.1374,-18.346583,-0.35845691,-1.3708746
4309,-2003.869,-2055.9874,52.118328,1.0120719,-0.60990588
4310,-1228.598,-1297.7946,69.196601,1.3253853,0.18533433
4311,-2319.3499,-2370.6288,51.278851,0.95651251,0.51606772
4312,-778.19961,-841.20063,63.001026,1.1689022,0.056391539
4313,-1586.5941,-1721.9336,135.33957,2.5631281,-1.8951634
4314,-1476.3172,-1478.8752,2.5580377,0.045910503,-1.6503034
4315,-2799.5393,-2940.2591,140.71983,2.6296366,-0.11154779
4316,-938.46469,-977.99684,39.532146,0.73443202,1.4422596
4317,441.91558,411.90521,30.010369,0.57028523,1.9672964
4318,-530.68245,-674.17378,143.49133,2.6277647,0.065610427
4319,-2116.1657,-2118.4708,2.3050936,0.044223719,0.24247724
4320,-1955.2947,-1998.6603,43.365673,0.82088874,0.1187068
4321,-1202.2406,-1298.5024,96.261739,1.855021,-0.86740669
4322,-1017.6379,-1036.5371,18.899255,0.36296337,-1.3369081
4323,-913.72308,-962.42654,48.703463,0.93650546,-0.55951582
4324,-1136.8016,-1215.6967,78.895105,1.5267877,-0.25771491
4325,-1429.4596,-1452.0821,22.622582,0.43611214,2.0456854
4326,-1840.4734,-1971.1596,130.68618,2.5418551,0.34708077
4327,-1493.3838,-1525.485,32.101166,0.62270469,0.48086287
4328,-1296.1578,-1423.1659,127.00809,2.4935574,0.25517025
4329,-1660.617,-1692.7141,32.097098,0.63122931,1.6270641
4330,-1519.2363,-1642.6667,123.43037,2.4092058,1.7586231
4331,-2103.0375,-2156.1833,53.145779,1.0478553,-0.73343387
4332,-1926.9176,-2020.297,93.379444,1.8176465,-1.1292698
4333,-1815.3278,-1839.8231,24.495254,0.48171372,-1.063081
4334,-2216.142,-2283.5766,67.434607,1.3258449,-0.80153737
4335,-2032.0442,-2089.8578,57.813638,1.1333646,-0.32186698
4336,-2015.2805,-2059.8294,44.548911,0.86161042,-0.46967426
4337,-2138.6856,-2239.2923,100.60666,1.9378876,-0.18679856
4338,-2400.2398,-2509.0427,108.80281,2.1187741,0.44731913
4339,-2603.2221,-2579.4123,-23.809768,-0.46970884,-0.64962064
4340,-2342.8797,-2516.2212,173.34148,3.4135816,-0.66662273
4341,-2389.8383,-2451.9179,62.079587,1.2048521,0.92360139
4342,-2336.2146,-2424.4171,88.202466,1.7091714,1.8764903
4343,-2409.9345,-2593.9716,184.03705,3.5925285,-0.10150153
4344,-2614.1286,-2635.3239,21.195255,0.42121598,-0.16727611
4345,-2562.2217,-2716.8152,154.59347,3.06413,0.094794438
4346,-2491.9353,-2617.6303,125.69503,2.4549736,0.44320208
4347,-2459.2158,-2539.6777,80.461946,1.5845067,-1.6054272
4348,-2354.4931,-2427.8547,73.361564,1.4339438,-1.1336195
4349,-2514.2533,-2645.3333,131.08008,2.552564,0.59449228
4350,-2526.3716,-2544.0253,17.653679,0.34568741,0.98462481
4351,-2379.4367,-2511.3681,131.9314,2.5808123,1.6980359
4352,-2324.0963,-2427.5513,103.45509,2.0233584,1.5048514
4353,-2378.8308,-2450.4013,71.570495,1.4168753,0.81031161
4354,-2286.6304,-2373.2575,86.627129,1.7153434,1.1380495
4355,-2287.3373,-2397.3207,109.98342,2.1354565,1.8259397
4356,-2247.7507,-2330.1864,82.435724,1.6054622,1.0238822
4357,-2204.1247,-2338.5782,134.45354,2.621648,0.20995758
4358,-2188.5728,-2247.0774,58.504628,1.1422401,-1.6503709
4359,-2157.1661,-2273.9716,116.80549,2.2875834,-0.69837007
4360,-2106.0671,-2243.3365,137.26943,2.6964391,-0.47564035
4361,-2108.0868,-2176.5055,68.418744,1.3294835,-0.077378404
4362,-2076.7811,-2198.2433,121.46222,2.3554155,0.4458953
4363,-2109.1976,-2206.3318,97.13412,1.8688115,-1.8048454
4364,-2123.1337,-2150.0158,26.88207,0.52905856,-2.7006746
4365,-2148.7842,-2263.7599,114.97565,2.2829279,-1.3881665
4366,-2122.5278,-2192.5814,70.053548,1.3582642,1.0648054
4367,-2162.6193,-2241.1122,78.492835,1.5413619,1.3997337
4368,-2067.2884,-2178.3254,111.03707,2.1756978,1.3575058
4369,-2328.6406,-2362.7425,34.101865,0.67079937,1.2577469
4370,-2042.8497,-2137.8831,95.033392,1.8763054,0.83279323
4371,-1991.3467,-2129.7946,138.44788,2.7081223,0.72806876
4372,-2491.8343,-2576.278,84.443722,1.6238657,-0.49967762
4373,-2028.5097,-2090.5656,62.055896,1.137795,-0.063491611
4374,-1998.3148,-2156.4866,158.17178,2.9522975,0.26441935
4375,-1434.9128,-1476.8531,41.94026,0.75579041,0.5031405
4376,-598.3432,-703.89889,105.5557,2.053578,-0.48473911
4377,577.64103,545.16272,32.478308,0.59978461,-0.075329666
4378,-2099.8059,-2120.3918,20.585868,0.35942135,0.11342173
4379,-1309.286,-1232.9858,-76.300214,-1.3884036,0.83167
4380,-1016.931,-996.70142,-20.229545,-0.39208552,0.7892625
4381,140.57278,172.891,-32.318214,-0.61020021,-1.2574665
4382,-676.50651,-692.57504,16.068531,0.30847075,-1.9519882
4383,-386.1712,-290.6793,-95.491898,-1.8442995,-2.6128247
4384,-672.56805,-710.06635,37.498303,0.72346672,-0.75844425
4385,-505.33491,-481.26382,-24.071088,-0.4723503,0.2780682
4386,-289.72939,-241.13744,-48.591948,-0.94410958,1.1916113
4387,-82.404734,-62.483412,-19.921321,-0.38352144,2.5178936
4388,-297.20237,-333.64929,36.446922,0.6988711,0.90007604
4389,-391.42249,-271.97472,-119.44776,-2.3088118,-0.88993987
4390,-658.42998,-747.47551,89.045533,1.7210235,-1.3744878
4391,-921.39803,-850.09795,-71.300081,-1.3954211,-0.11864118
4392,-994.0071,-1020.9668,26.959724,0.52166679,1.5901546
4393,-1081.8651,-1116.9163,35.051183,0.68099089,1.7332793
4394,-1588.1089,-1570.376,-17.732888,-0.34710025,0.12988536
4395,-1605.9834,-1610.2117,4.2282584,0.082275055,0.41529635
4396,-1604.9736,-1730.5276,125.55408,2.4188322,-0.47148788
4397,-2255.2237,-2264.2654,9.0417342,0.17825264,-1.1788554
4398,-2363.4809,-2401.3649,37.884061,0.74096282,-1.001977
4399,-2403.9763,-2542.9131,138.93678,2.7034809,0.70348925
4400,-2438.4126,-2452.3223,13.909652,0.27140506,1.673509
4401,-2301.2734,-2477.1943,175.92094,3.4008592,1.223104
4402,-2636.3456,-2722.6793,86.333743,1.6687599,0.18316934
4403,-2671.0848,-2808.5182,137.43335,2.7162437,-1.2220487
4404,-2851.4462,-2959.267,107.82083,2.1325849,-0.095630894
4405,-2720.1641,-2893.9526,173.7885,3.3855269,1.4505553
4406,-2829.2292,-2920.5434,91.314253,1.8066942,0.82604063
4407,-2762.1744,-2898.1991,136.02469,2.6558132,-0.99895648
4408,-2915.9763,-3000.316,84.339624,1.6392016,-1.7403596
4409,-2991.312,-3123.0585,131.74642,2.5645268,-1.6834547
4410,-2930.7203,-3038.9384,108.21807,2.1347572,0.65645758
4411,-2816.6059,-2926.0032,109.39724,2.129015,0.21167155
4412,-2754.0955,-2841.9842,87.888739,1.7141501,1.2684587
4413,-2734.8071,-2899.109,164.3019,3.1796446,0.57074472
4414,-2640.486,-2656.2528,15.766769,0.30716107,0.23923339
4415,-2535.5613,-2701.8515,166.29016,3.2851402,-0.37464207
4416,-2448.1073,-2537.5545,89.447205,1.7536658,1.1094096
4417,-2341.0619,-2439.0774,98.015476,1.9006147,1.081465
4418,-2189.9866,-2340.6003,150.61373,2.9323267,1.5358251
4419,-2146.9665,-2147.5893,0.62278808,0.012341508,0.92172823
4420,-2057.9976,-2224.3286,166.33096,3.2649709,-1.2419668
4421,-1957.0114,-2025.8578,68.84638,1.3458488,-0.96933522
4422,-1993.2655,-2039.7093,46.443837,0.90688218,-1.3860544
4423,-1891.3704,-1972.9795,81.609049,1.6091345,-1.1121542
4424,-1960.142,-2023.3302,63.188162,1.2338744,-0.19762347
4425,-1881.4738,-1888.7583,7.2845266,0.14401797,0.91440476
4426,-1904.2966,-1996.0316,91.734949,1.8177709,1.1374831
4427,-1891.9763,-1897.6556,5.6792769,0.11054615,2.0000242
4428,-1922.6761,-2002.0979,79.421812,1.5400696,0.7874754
4429,-1876.5254,-1877.4344,0.90899539,0.017880132,0.31625967
4430,-1891.6734,-2030.0032,138.32979,2.7010087,-0.14624387
4431,-1936.7132,-1948.8152,12.101951,0.2341514,0.032658549
4432,-1912.5775,-2035.9684,123.39089,2.3890687,-0.093458651
4433,-2122.2249,-2154.3633,32.138497,0.63123354,-0.90769001
4434,-2185.5432,-2234.0348,48.49156,0.94406287,-1.0488913
4435,-1420.6738,-1556.5245,135.85072,2.5934744,-0.51370581
4436,-2551.6181,-2549.8894,-1.7287305,-0.032135875,-0.17595224
4437,-999.35937,-1065.1501,65.79071,1.2286723,1.311222
4438,-1825.9314,-1948.3096,122.37828,2.3200647,-0.26962775
4439,-1764.2288,-1706.97,-57.258813,-1.0247644,-0.40361948
4440,-3033.8272,-3197.8768,164.04956,3.0486249,-1.0766948
4441,-1212.6422,-1170.8057,-41.836522,-0.77764809,-0.12195386
4442,203.68915,180.27172,23.41743,0.45011909,1.4552545
4443,-772.54438,-916.7267,144.18232,2.6649628,0.47696752
4444,-2338.4363,-2326.7488,-11.687477,-0.22419355,0.64978384
4445,-2114.8529,-2232.8215,117.96863,2.2318605,-0.09266424
4446,-1446.9302,-1504.455,57.524799,1.1172918,-1.1654357
4447,-1202.1396,-1244.8152,42.675521,0.83017786,-2.7139551
4448,-1120.1389,-1195.2733,75.134446,1.4665057,-1.2993761
4449,-1329.6852,-1428.2212,98.535962,1.8986579,-0.31119035
4450,-1636.7842,-1717.485,80.700771,1.5702986,0.92594348
4451,-2097.0793,-2146.1738,49.094486,0.96127888,1.0847837
4452,-1688.0852,-1760.2528,72.167558,1.3941639,1.414603
4453,-1563.2663,-1639.9368,76.670537,1.4908423,0.71485054
4454,-1916.213,-1941.2322,25.01921,0.48740917,0.37735939
4455,-1754.6351,-1881.4787,126.84356,2.4731741,-0.090642692
4456,-2351.4635,-2353.3397,1.8761416,0.03699107,-0.41684949
4457,-2153.2276,-2250.0095,96.781865,1.8829817,0.33634607
4458,-2025.1771,-2041.0237,15.846576,0.30774426,-1.3994518
4459,-2397.3112,-2487.2038,89.892549,1.7586338,0.15726232
4460,-2171.5061,-2281.9589,110.45281,2.1609715,-0.88374734
4461,-2177.4643,-2206.7362,29.271877,0.56731746,-0.38231648
4462,-2257.9503,-2409.049,151.09868,2.9370152,0.5863082
4463,-2548.3866,-2652.7141,104.32747,2.0653908,0.88629524
4464,-2696.8363,-2737.5419,40.705572,0.80416779,0.37655759
4465,-2498.8024,-2674.1485,175.34613,3.4163975,-0.59683857
4466,-2553.8398,-2567.684,13.844202,0.26652428,0.304034
4467,-2483.2505,-2589.3207,106.0702,2.0649231,1.624249
4468,-2589.8919,-2715.3997,125.50777,2.4684608,1.7759997
4469,-2786.3101,-2796.7899,10.47983,0.20581574,0.34655169
4470,-2709.4596,-2863.722,154.26239,3.0092473,-1.1571919
4471,-2664.7227,-2741.5861,76.863416,1.4783014,-1.8626106
4472,-2611.7049,-2682.237,70.532036,1.3793348,-1.7973884
4473,-2503.0438,-2564.6509,61.607082,1.2081129,-1.1972579
4474,-2658.6635,-2783.2417,124.5782,2.4196508,0.87769137
4475,-2610.7961,-2686.7867,75.990675,1.4776808,1.4877753
4476,-2530.1081,-2613.2828,83.174694,1.6116311,0.96462301
4477,-2421.9519,-2566.2686,144.31669,2.7788276,0.85392437
4478,-2494.9649,-2581.03,86.065124,1.7147101,1.1620747
4479,-2417.7105,-2537.2512,119.54073,2.3798058,0.44527378
4480,-2404.4813,-2542.9131,138.43185,2.7283667,1.1503082
4481,-2426.0923,-2472.7457,46.653348,0.91915067,-0.05191258
4482,-2366.8134,-2529.0616,162.2482,3.173635,-0.53604125
4483,-2392.5649,-2402.5782,10.013308,0.19561782,-0.50889267
4484,-2383.5771,-2459.5008,75.92367,1.4677555,-0.42216307
4485,-2298.8497,-2414.3065,115.45677,2.2587113,0.13259451
4486,-2318.946,-2337.9716,19.025607,0.36749961,-0.069273624
4487,-2268.5538,-2365.6746,97.120719,1.8664291,1.4470016
4488,-2289.357,-2384.278,94.921039,1.8260014,0.60981806
4489,-2300.0615,-2308.2464,8.184907,0.15831396,-0.53785559
4490,-2255.4256,-2455.9621,200.53644,3.9355272,0.54794087
4491,-2319.6529,-2315.7283,-3.9245819,-0.076881968,1.6049246
4492,-2283.6008,-2428.8657,145.26493,2.8196677,1.1189138
4493,-2218.2627,-2302.1801,83.917373,1.6720871,0.043640789
4494,-2480.6249,-2576.7836,96.158718,1.9256416,1.2320495
4495,-2191.7034,-2304.7077,113.00439,2.2203473,0.56062612
4496,-2173.9298,-2265.6809,91.751102,1.7922218,-0.979508
4497,-2667.1464,-2766.1548,99.008467,1.8925893,-1.5804687
4498,-2214.1223,-2253.7504,39.628107,0.72975726,-0.8657234
4499,-2217.2529,-2338.9826,121.72976,2.267159,0.4360026
4500,-1536,-1536.91,0.90995261,0.01593692,0.17199824
4501,-518.36213,-600.87204,82.509908,1.577121,1.6922251
4502,1067.727,1077.3839,-9.6568646,-0.17860561,1.2884711
4503,-753.55897,-563.05845,-190.50052,-3.4491785,1.714314
4504,665.09507,1208.1137,-543.01868,-9.0341431,1.379662
4505,1293.8351,1956.0948,-662.25968,-11.892876,0.91234738
4506,2713.0951,3486.6351,-773.54,-13.666191,1.9381323
4507,2041.9408,2652.1074,-610.1666,-10.872244,-0.74565073
4508,2143.7349,2957.0427,-813.30774,-14.620082,-2.1578407
4509,1745.7483,2330.0853,-584.33698,-10.640205,0.64135716
4510,2101.8256,2763.5261,-661.70043,-12.014852,0.7281693
4511,2388.7274,3171.387,-782.65963,-13.823993,0.17293966
4512,2680.8805,3443.6651,-762.78461,-13.571379,1.5001583
4513,2569.4927,3373.3965,-803.90382,-13.954516,0.99820721
4514,2522.5341,3440.9352,-918.40111,-16.182528,-1.4922181
4515,2197.6615,2942.8878,-745.2263,-12.856384,0.65495728
4516,1735.2458,2619.248,-884.00227,-15.524304,2.0515113
4517,1477.125,2182.3697,-705.24462,-12.473989,2.0947752
4518,1183.0533,1825.5671,-642.51389,-11.796215,2.4426004
4519,388.29191,1005.1943,-616.9024,-11.290675,-0.21644237
4520,132.08994,588.1327,-456.04276,-8.4900628,-0.29244583
4521,-213.28284,185.22591,-398.50875,-7.4691166,-0.0384072
4522,-1025.4138,-735.34281,-290.07099,-5.5026207,-0.85332056
4523,-1473.8935,-1182.6351,-291.25842,-5.6219772,-0.90300466
4524,-1759.5834,-1713.1374,-46.445991,-0.89159754,0.10297633
4525,-2041.5369,-1898.3633,-143.17353,-2.7992556,2.4952176
4526,-2207.7602,-2242.0221,34.261959,0.66640755,1.3058557
4527,-2662.9049,-2757.2575,94.352573,1.8204237,1.9884043
4528,-2866.4931,-2937.4281,70.935023,1.3844527,-0.35961445
4529,-3112.8994,-3233.9716,121.07216,2.3597122,0.55884395
4530,-3030.9996,-3202.4265,171.42693,3.2784729,2.0092766
4531,-3200.8584,-3274.2117,73.353308,1.4200058,1.9720511
4532,-3133.9045,-3362.7804,228.87587,4.420299,0.77794894
4533,-3380.3108,-3498.2622,117.9514,2.2580162,-0.045341638
4534,-3437.469,-3688.4423,250.9733,4.8025334,-0.63763416
4535,-3377.3822,-3581.7757,204.39342,3.9385558,-0.24058306
4536,-3282.7582,-3464.2907,181.53249,3.5107984,-0.43092175
4537,-3111.9905,-3349.2322,237.24169,4.6076922,0.38959073
4538,-3103.9116,-3287.9621,184.05045,3.5714982,0.88676308
4539,-2875.3799,-3036.0063,160.62644,3.1302289,0.62266796
4540,-2721.174,-2894.5592,173.38528,3.390702,0.3973665
4541,-2555.3546,-2613.7883,58.433675,1.1346644,1.3840112
4542,-2299.9606,-2379.6272,79.66662,1.5358912,2.1698165
4543,-2086.9807,-2114.7299,27.749187,0.53379488,1.6067853
4544,-1840.9783,-1793.5166,-47.461716,-0.93363146,0.87725429
4545,-1655.3657,-1629.3207,-26.044985,-0.50806908,0.085886787
4546,-1424.0063,-1303.2543,-120.75197,-2.3156957,-1.2787156
4547,-1295.9558,-1149.5735,-146.38236,-2.816114,-1.8830916
4548,-1107.5156,-907.22275,-200.29283,-3.8847517,-1.6514148
4549,-1005.7215,-869.40916,-136.31234,-2.60787,0.18581722
4550,-876.35819,-588.94155,-287.41664,-5.5530042,1.5810149
4551,-853.83826,-643.63981,-210.19845,-4.0781713,0.085685511
4552,-728.31243,-508.15798,-220.15445,-4.235916,0.20255892
4553,-819.50296,-523.32385,-296.1791,-5.7026365,-0.21355342
4554,-670.04339,-475.90521,-194.13818,-3.7533814,0.62237328
4555,-794.3574,-470.14218,-324.21522,-6.1798206,0.31367118
4556,-781.93609,-501.99052,-279.94557,-5.3174102,2.2362446
4557,-791.4288,-567.20379,-224.22501,-4.2963648,1.3304509
4558,-1075.301,-698.94471,-376.35628,-7.318113,-0.61772927
4559,-1059.3452,-851.91785,-207.42732,-3.9885317,0.10548891
4560,-370.51834,-85.434439,-285.0839,-5.3726255,0.92486011
4561,-1467.3294,-1165.1438,-302.18563,-5.6117399,0.99476639
4562,108.76213,354.27488,-245.51275,-4.5881503,0.50844805
4563,-752.44813,-489.65561,-262.79252,-4.9786059,0.56197078
4564,-570.77396,-303.11532,-267.65864,-4.8002842,-1.5984629
4565,-1965.3933,-1728.5055,-236.88776,-4.3981718,1.3731566
4566,-55.946351,223.34281,-279.28916,-5.1359758,1.5865018
4567,1372.3014,1637.9147,-265.61331,-4.9914498,1.5439393
4568,323.66075,524.73934,-201.07859,-3.6586529,0.60375663
4569,-1153.2623,-943.01422,-210.24811,-4.0197841,-0.28860892
4570,-1046.7219,-747.57662,-299.14527,-5.6481904,-0.38909543
4571,-283.36726,-75.222749,-208.14451,-4.0132569,-0.68926459
4572,-75.941617,236.78989,-312.73151,-5.8958911,-1.1848432
4573,-34.436292,271.77251,-306.2088,-5.7545216,-1.3744569
4574,-158.04339,37.105845,-195.14924,-3.7238249,0.28874644
4575,-566.33057,-197.56082,-368.76975,-7.0182369,1.0943543
4576,-923.11479,-693.6872,-229.42759,-4.3965023,1.5605718
4577,-577.843,-276.7267,-301.1163,-5.7889989,1.1070382
4578,-431.31203,-165.51027,-265.80176,-5.0596143,-0.77157507
4579,-716.29507,-504.21485,-212.08022,-4.0955133,-0.60182119
4580,-685.29231,-407.05213,-278.24017,-5.3478538,-0.13202137
4581,-1196.8884,-984.66983,-212.21854,-4.1023408,0.75294571
4582,-1083.9858,-851.41232,-232.57348,-4.4942649,0.39864769
4583,-981.5858,-744.24013,-237.34567,-4.593027,-0.61505033
4584,-1388.5602,-1253.8136,-134.74657,-2.6086511,-0.79244802
4585,-1274.8497,-1023.3934,-251.45634,-4.8804031,-0.36084438
4586,-1274.1428,-1098.0095,-176.13332,-3.3729171,-0.73124667
4587,-1479.2458,-1300.2212,-179.02459,-3.4300402,1.3141855
4588,-1796.5444,-1657.9336,-138.61073,-2.6367794,0.68030626
4589,-1963.5755,-1770.7678,-192.80777,-3.7597648,-0.75283606
4590,-1870.6682,-1763.7915,-106.87678,-2.1003439,-0.80014221
4591,-1900.9641,-1728.91,-172.05415,-3.3163934,0.11787758
4592,-1912.9815,-1780.7773,-132.20421,-2.5386893,1.7650797
4593,-2031.9432,-1983.8989,-48.044301,-0.92699815,2.1065738
4594,-2201.0951,-2103.6082,-97.486854,-1.9288081,0.80834352
4595,-2226.1396,-2142.7362,-83.403468,-1.643072,-1.2304221
4596,-2103.5424,-2117.763,14.220627,0.27805085,-2.1490592
4597,-2137.1708,-2034.0474,-103.12342,-2.0267369,-1.3453264
4598,-1974.583,-1953.0616,-21.521426,-0.42133736,-1.6709537
4599,-2148.3803,-2172.6635,24.283231,0.46834852,-1.2826931
4600,-2163.9321,-1998.4581,-165.47401,-3.2215912,-0.031802301
4601,-2005.3838,-2008.9731,3.5893173,0.069544818,-0.20895487
4602,-1957.5164,-1858.3254,-99.190936,-1.9342674,0.40341982
4603,-2017.5022,-1911.5071,-105.99506,-2.080303,-0.096421584
4604,-1876.0205,-1830.0158,-46.004715,-0.90626198,0.974222
4605,-1891.8753,-1758.3318,-133.54359,-2.5844812,-0.23909539
4606,-1814.7219,-1713.7441,-100.97782,-1.9559686,0.31314956
4607,-1769.5811,-1688.3665,-81.214556,-1.5974995,0.15104829
4608,-1704.8489,-1567.7472,-137.10168,-2.6798336,-0.59316218
4609,-1659.7081,-1603.4376,-56.270488,-1.0900675,1.3937553
4610,-1621.1314,-1459.4629,-161.66849,-3.1403123,0.3789509
4611,-1525.1945,-1442.5782,-82.616278,-1.5767868,-0.77564967
4612,-1533.3744,-1377.1627,-156.21164,-2.9571237,-0.40435259
4613,-1486.2138,-1453.4976,-32.716176,-0.6231196,-1.8841264
4614,-1521.155,-1338.8436,-182.31143,-3.5801639,-1.569395
4615,-1517.8225,-1408.7077,-109.11474,-2.1272463,-0.49948639
4616,-1520.0442,-1366.951,-153.09315,-2.9554339,1.8849556
4617,-1563.6702,-1395.3618,-168.30845,-3.2356137,1.279
4618,-1473.5905,-1363.3112,-110.27932,-2.1048019,-0.52929117
4619,-1748.8789,-1573.3081,-175.57084,-3.3653726,-0.51578274
4620,-1473.2876,-1304.7709,-168.51664,-3.259826,0.8569991
4621,-1456.9278,-1341.169,-115.75877,-2.2509622,-0.082780749
4622,-1938.026,-1774.7109,-163.31514,-3.0966971,0.32596571
4623,-1484.1941,-1330.5529,-153.64116,-2.7732442,0.090522595
4624,-1412.5949,-1360.3791,-52.215725,-0.96086384,0.35279972
4625,-560.67535,-157.52291,-403.15244,-6.7013161,-0.46464735
4626,1400.5775,2102.5972,-702.01964,-11.238692,-1.9225708
4627,4806.9428,6485.7378,-1678.795,-21.911316,-1.4130305
4628,4390.0718,6433.7694,-2043.6976,-24.06676,0.83564293
4629,5937.7862,8522.6161,-2584.8299,-27.135047,1.3331389
4630,6589.854,9344.91,-2755.0559,-27.714157,-0.6004548
4631,7779.3704,10551.002,-2771.6312,-27.925467,2.2452411
4632,6525.5258,8993.2638,-2467.738,-26.577884,-0.13894183
4633,6467.0548,8999.5324,-2532.4776,-27.502602,-1.2570933
4634,6464.1262,9078.2938,-2614.1676,-27.324046,1.3599255
4635,7186.6824,9929.8073,-2743.1248,-28.017458,-0.52279825
4636,7673.7389,10567.381,-2893.6419,-28.564793,0.055424951
4637,8224.8205,11228.107,-3003.2869,-28.669481,1.0566185
4638,8096.3661,11025.694,-2929.3274,-27.524227,1.9008008
4639,7813.8067,10804.676,-2990.8694,-29.274574,-0.88330478
4640,7104.4797,9755.703,-2651.2233,-26.620209,0.77389577
4641,6254.075,8802.376,-2548.301,-27.546531,1.2261385
4642,5606.9554,7917.8009,-2310.8455,-26.173564,1.1023732
4643,4844.1057,6748.1074,-1904.0017,-23.659128,1.4086557
4644,3519.1669,5342.0284,-1822.8616,-24.247743,0.84702766
4645,2850.6383,4331.981,-1481.3428,-21.022639,0.48687694
4646,2119.9022,3372.4866,-1252.5844,-19.301782,-0.10167201
4647,822.22959,1848.1137,-1025.8842,-16.708888,-0.14632195
4648,-44.736884,724.42338,-769.16026,-13.612028,-0.87677394
4649,-732.95779,-266.21169,-466.7461,-8.449244,0.77699097
4650,-1414.6146,-1077.6872,-336.92739,-6.2914236,0.55548707
4651,-1802.9065,-1664.6066,-138.29987,-2.6244604,1.0202133
4652,-2239.8738,-2218.3633,-21.510418,-0.41393627,2.1914542
4653,-2532.8347,-2562.6288,29.794038,0.58989834,0.69131963
4654,-2764.901,-2857.5545,92.653516,1.8011845,1.0419395
4655,-2792.5712,-2915.1848,122.61363,2.3711975,0.62077921
4656,-3009.1866,-3151.8736,142.68703,2.7692791,0.48152806
4657,-3080.9878,-3343.6714,262.68363,5.0743182,-0.61280511
4658,-3370.6162,-3601.188,230.57182,4.4731541,-1.9881884
4659,-3415.757,-3693.3965,277.63952,5.4012433,-1.3465467
4660,-3354.0544,-3599.5703,245.51586,4.7623771,0.63153802
4661,-3142.8923,-3307.6777,164.78542,3.1700446,-0.66971487
4662,-2875.8848,-3047.4313,171.54647,3.3246602,1.5509904
4663,-2742.987,-2811.3491,68.362149,1.3160446,0.53592039
4664,-2319.2489,-2263.9621,-55.28683,-1.0704243,0.10970097
4665,-2043.0517,-1930.8183,-112.23335,-2.1870765,0.33996487
4666,-1621.2323,-1325.2954,-295.93693,-5.6705454,0.71185151
4667,-1170.8339,-825.42812,-345.4058,-6.49386,1.6550627
4668,-706.19645,-244.37283,-461.82362,-8.5960957,1.4816677
4669,-231.76331,395.72828,-627.49159,-11.658225,0.95000539
4670,135.52347,843.22275,-707.69928,-12.688669,-0.37151563
4671,631.36568,1463.9115,-832.54585,-14.606619,-1.7630609
4672,897.86824,1854.3823,-956.51406,-16.183993,-0.94489262
4673,1212.3393,2237.3712,-1025.032,-17.285932,-0.015982484
4674,1381.4911,2449.6935,-1068.2024,-17.461773,0.82779004
4675,1522.4679,2757.5608,-1235.093,-19.765836,1.8986294
4676,1634.4615,2785.2638,-1150.8023,-18.207878,1.6103484
4677,1685.9645,2913.7694,-1227.8049,-19.008863,2.9411529
4678,1697.9819,2935.2038,-1237.2219,-19.212928,0.64049666
4679,1806.946,3022.8626,-1215.9166,-19.256603,2.0828741
4680,1678.8955,2946.2243,-1267.3289,-19.673219,-0.38397188
4681,1703.7381,2963.8167,-1260.0787,-19.513716,0.85773257
4682,1627.4935,2790.6224,-1163.1289,-18.227553,0.083538009
4683,1399.8706,2653.7251,-1253.8545,-19.929362,-1.4692879
4684,1336.7542,2466.5782,-1129.824,-18.042765,0.90505027
4685,1990.0339,3173.8136,-1183.7797,-18.790567,-0.069077624
4686,950.38107,2100.6761,-1150.2951,-18.059417,-0.25200849
4687,2450.329,3594.3128,-1143.9838,-17.913557,1.209484
4688,1706.8686,2791.3302,-1084.4615,-17.066368,0.34693402
4689,1757.1598,2974.0284,-1216.8687,-18.555802,0.046506505
4690,394.85602,1495.1532,-1100.2972,-17.314321,0.6409841
4691,2317.3302,3532.9415,-1215.6114,-19.07235,0.87404786
4692,3638.5325,4843.5766,-1205.0441,-18.895445,1.6540472
4693,2717.1345,3817.049,-1099.9145,-17.013476,0.74102613
4694,1165.4817,2371.9431,-1206.4615,-19.143898,1.2428786
4695,1340.5917,2557.8768,-1217.2851,-18.933484,0.78845607
4696,2137.4738,3296.3539,-1158.8801,-18.852443,-0.28251122
4697,2299.6576,3534.0537,-1234.3961,-19.505821,0.53572706
4698,2505.5684,3653.763,-1148.1946,-18.171532,-0.71653752
4699,2240.3787,3385.8325,-1145.4538,-18.303321,1.6508297
4700,1928.6343,3165.8262,-1237.1919,-19.707882,2.3729165
4701,1524.3866,2671.6209,-1147.2343,-18.284896,-0.2704104
4702,1821.7909,2987.981,-1166.1901,-18.744187,2.9312963
4703,1992.6596,3127.9115,-1135.252,-18.044718,0.3697099
4704,1555.5913,2715.5008,-1159.9095,-18.723142,2.0526744
4705,1628.2004,2754.1232,-1125.9228,-18.09404,0.40826661
4706,1011.6797,2118.2686,-1106.5889,-17.830228,1.6274613
4707,1018.5467,2081.6682,-1063.1215,-17.316025,-0.080922925
4708,1135.9937,2201.1754,-1065.1817,-17.438005,-2.148595
4709,568.45128,1518.9131,-950.46183,-15.762049,0.18029046
4710,665.80197,1669.4597,-1003.6577,-16.976798,-1.0212355
4711,573.39961,1469.8768,-896.47717,-15.32517,0.50283166
4712,270.34004,1136.1264,-865.78634,-14.710104,0.67629517
4713,-19.995266,717.75039,-737.74566,-12.954843,0.20211164
4714,-384.7574,434.24961,-819.007,-14.693603,-1.3351105
4715,-259.02959,404.22117,-663.25075,-11.838597,-0.76751018
4716,-361.93452,311.406,-673.34052,-12.236329,0.14803472
4717,-465.64734,165.40916,-631.0565,-11.555903,1.4231228
4718,-579.76174,-43.879937,-535.8818,-9.9420869,1.1946474
4719,-888.27456,-264.79621,-623.47835,-11.533191,0.86470952
4720,-867.87535,-287.94945,-579.9259,-10.489419,0.5967437
4721,-830.10651,-318.38231,-511.7242,-9.4087455,0.21957155
4722,-870.90493,-236.48657,-634.41836,-11.718526,-0.10599637
4723,-656.51124,-128.90995,-527.60129,-9.7562959,-2.5834741
4724,-859.59448,-341.33333,-518.26114,-9.4825002,0.83028204
4725,-816.37239,-113.54186,-702.83052,-12.928618,0.69190478
4726,-628.74004,-112.32859,-516.41145,-9.5389,0.74239956
4727,-551.08166,85.131122,-636.21278,-11.627683,2.5668388
4728,-479.17949,93.017378,-572.19686,-10.472196,-0.36967274
4729,-416.87101,247.70932,-664.58033,-12.241738,2.1306231
4730,-280.8426,355.89258,-636.73518,-11.592335,-0.91189674
4731,-240.14517,447.39336,-687.53853,-12.362483,1.1999634
4732,-128.95937,544.75829,-673.71766,-12.235791,-0.39649933
4733,-58.067061,680.34123,-738.40829,-13.182206,-1.9591114
4734,7.9779093,721.69352,-713.71561,-12.638286,-0.48049045
4735,101.99606,894.48341,-792.48736,-14.228466,-1.2153969
4736,129.26233,908.73934,-779.47701,-13.680532,-0.56422955
4737,177.53373,1013.0806,-835.54684,-14.425998,0.018035604
4738,234.38895,962.32543,-727.93648,-12.560678,-0.17333859
4739,160.97199,1082.6414,-921.6694,-16.126951,-0.953711
4740,198.13491,987.19747,-789.06256,-13.89098,-1.0036753
4741,213.5858,1032.1896,-818.60377,-14.38706,1.9853436
4742,162.3858,1017.4281,-855.04232,-14.879821,0.78062125
4743,306.99803,992.05055,-685.05253,-12.100239,-0.54270689
4744,-46.857594,827.04581,-873.90341,-15.434845,1.2381065
4745,290.63826,1021.9779,-731.33962,-12.683959,-0.48295089
4746,254.88915,984.1643,-729.27515,-12.883301,-0.82905052
4747,-262.66509,513.01106,-775.67615,-13.48545,-0.1992977
4748,198.9428,918.34439,-719.40159,-12.07239,-1.0443492
4749,180.96726,905.50395,-724.53669,-12.237348,1.1837739
4750,883.32623,1879.4566,-996.13032,-15.640249,-0.12704883
4751,2087.6876,3526.1675,-1438.4799,-21.040569,1.2488664
4752,4218.0923,6936.9731,-2718.8808,-28.752517,2.9114117
4753,3159.3531,6645.5861,-3486.233,-30.352474,4.5335407
4754,5552.7258,9717.7883,-4165.0625,-31.983251,6.4844492
4755,7294.8387,12010.06,-4715.2214,-33.600787,4.5984516
4756,9108.4497,14172.512,-5064.0621,-33.703896,9.5149819
4757,7989.5227,12663.305,-4673.7822,-33.265844,6.5154423
4758,7884.497,12340.171,-4455.6736,-33.038532,6.1705489
4759,7553.7673,12280.215,-4726.4476,-33.449132,9.8159581
4760,7929.032,12795.147,-4866.115,-33.372004,5.8598406
4761,8260.9736,13245.978,-4985.0043,-33.87465,8.8651413
4762,8894.9649,14053.814,-5158.8487,-33.743104,8.3355382
4763,9068.2572,14336.303,-5268.0461,-33.412632,9.3801863
4764,9001.4043,14368.961,-5367.5562,-34.702227,8.2066451
4765,8479.5077,13418.97,-4939.4623,-33.170562,8.3009528
4766,7903.3815,12673.314,-4769.9329,-33.896513,8.8277237
4767,7280.1957,11752.341,-4472.1456,-33.202545,7.2818785
4768,6645.2955,10536.442,-3891.1469,-32.057407,7.2220472
4769,5415.3846,9029.2575,-3613.8729,-32.350871,6.151705
4770,4763.2158,7870.2812,-3107.0654,-30.524658,4.2742449
4771,4098.0197,6796.6382,-2698.6185,-29.172557,4.6513628
4772,2725.0114,5046.6983,-2321.6868,-27.738663,2.867894
4773,2028.7116,3815.3302,-1786.6185,-24.356518,1.5491303
4774,1296.9657,2799.9242,-1502.9585,-22.462337,2.994922
4775,640.55542,1757.8262,-1117.2708,-18.177139,1.6873166
4776,140.16884,917.83886,-777.67003,-13.526824,1.4829595
4777,-652.87574,-37.105845,-615.76989,-11.01567,1.9440098
4778,-993.40118,-554.56556,-438.83562,-8.1065193,-0.27377232
4779,-1357.6584,-973.24487,-384.41352,-7.2140617,0.14083397
4780,-1376.6438,-1070.5087,-306.1351,-5.7234435,0.17542857
4781,-1564.8821,-1298.1991,-266.683,-5.0470055,0.3168827
4782,-1701.5164,-1590.4961,-111.02032,-2.1292963,-1.5130335
4783,-1933.7846,-1853.2701,-80.514473,-1.5083865,-2.5840504
4784,-2135.959,-2012.8152,-123.14381,-2.3210951,-2.1088482
4785,-2102.3306,-2069.5355,-32.795027,-0.62505746,-1.7548778
4786,-1934.2895,-1814.951,-119.33852,-2.2882631,-0.29719783
4787,-1785.8398,-1608.9984,-176.84142,-3.3382279,-0.2509353
4788,-1563.3673,-1356.0316,-207.33566,-3.9384867,0.93092605
4789,-1324.5349,-800.15166,-524.38325,-9.9764775,-0.27661676
4790,-965.32702,-506.33807,-458.98895,-8.4032532,-0.18208346
4791,-642.27219,160.25276,-802.52495,-14.382272,1.2762098
4792,-264.88679,630.09163,-894.97841,-15.277826,0.46435331
4793,205.5069,1298.0979,-1092.591,-18.246817,2.9154309
4794,568.85523,1975.406,-1406.5508,-22.511837,2.3205614
4795,955.02643,2470.218,-1515.1916,-22.699119,2.4880367
4796,1407.1416,3138.831,-1731.6893,-24.457552,2.4281251
4797,1653.6489,3612.4107,-1958.7618,-26.463999,1.8586553
4798,2082.8402,4109.5482,-2026.7079,-26.424848,3.0292921
4799,2226.8465,4418.3254,-2191.4789,-27.559913,3.8348
4800,2493.3491,4804.9542,-2311.6051,-28.680474,3.8204944
4801,2597.2639,4900.0948,-2302.8309,-27.993047,4.4609523
4802,2688.5554,5043.6651,-2355.1097,-28.308784,4.2664209
4803,2728.546,5124.4487,-2395.9027,-28.490445,4.183273
4804,2810.7487,5216.9605,-2406.2118,-28.819755,6.2643811
4805,2781.6647,5162.3633,-2380.6987,-28.369313,3.5229159
4806,2742.987,5164.5877,-2421.6007,-28.666845,6.3259144
4807,2692.6959,4990.3823,-2297.6864,-27.807769,3.4874149
4808,2474.4647,4887.5577,-2413.093,-29.08054,3.5802275
4809,2325.0051,4632.9731,-2307.968,-27.911729,5.0761026
4810,3026.8592,5346.8815,-2320.0223,-28.185752,4.093875
4811,1884.8063,4199.128,-2314.3217,-27.707743,4.6802238
4812,3408.688,5695.2923,-2286.6043,-27.763594,3.489879
4813,2640.9909,4855.0016,-2214.0107,-26.845326,5.1724165
4814,2686.2327,5050.9447,-2364.712,-27.891502,2.4403006
4815,1357.6584,3565.5987,-2207.9404,-26.823524,3.9925831
4816,3198.8387,5516.8404,-2318.0018,-28.304916,4.5104503
4817,4652.4339,6908.0569,-2255.6229,-27.256129,3.5731522
4818,3654.9933,5851.2986,-2196.3053,-26.884418,5.066698
4819,2111.9243,4401.5419,-2289.6176,-28.094399,3.8922336
4820,2304,4587.2733,-2283.2733,-27.759477,3.8765562
4821,3055.5393,5293.1943,-2237.6551,-27.775988,3.6675856
4822,3244.3834,5542.3191,-2297.9357,-27.996188,3.1736129
4823,3379.2,5700.3476,-2321.1476,-28.320324,3.9977577
4824,3147.0327,5408.2528,-2261.22,-27.593619,4.7341166
4825,2850.8402,5223.0269,-2372.1866,-28.774515,5.6485812
4826,2365.5006,4655.9242,-2290.4236,-27.677913,4.2081157
4827,2752.6817,5060.8531,-2308.1714,-28.574827,5.0327378
4828,2905.0698,5151.4439,-2246.3741,-27.419327,4.042295
4829,2476.6864,4777.3523,-2300.6659,-28.470566,5.4974733
4830,2589.8919,4810.3128,-2220.4209,-28.071245,3.7755816
4831,1960.041,4156.0569,-2196.0158,-27.395697,5.8748983
4832,2078.4978,4166.5719,-2088.074,-27.056487,2.9757532
4833,2109.8036,4231.5829,-2121.7794,-27.683838,2.2811179
4834,1621.9393,3585.4155,-1963.4762,-25.980397,4.565648
4835,1740.901,3670.1422,-1929.2412,-26.192346,1.2703618
4836,1613.3554,3464.2907,-1850.9353,-25.512661,4.0420931
4837,1355.5377,3108.297,-1752.7593,-24.294392,2.6514511
4838,987.34201,2661.9147,-1674.5727,-23.735266,4.5129721
4839,626.72032,2364.9668,-1738.2465,-25.188819,2.3716424
4840,766.18225,2270.0284,-1503.8462,-22.07859,3.2939177
4841,539.16529,2130.9068,-1591.7415,-23.753032,2.1929732
4842,547.44615,1964.1833,-1416.7371,-21.433656,2.5018108
4843,344.36292,1687.3555,-1342.9925,-20.950017,3.5269628
4844,41.606312,1500.613,-1459.0066,-22.961466,1.4019128
4845,95.128994,1360.9858,-1265.8568,-20.042746,2.5845329
4846,58.773964,1347.6398,-1288.8658,-20.592629,0.88379374
4847,115.22525,1379.8926,-1264.6673,-20.324293,-0.031459644
4848,196.11519,1493.94,-1297.8248,-20.98557,0.27904401
4849,35.042209,1245.8262,-1210.784,-19.295853,1.7463272
4850,85.535306,1436.5118,-1350.9765,-21.722151,2.3901293
4851,194.19645,1453.9021,-1259.7056,-20.167588,2.3672212
4852,319.01538,1626.9953,-1307.9799,-20.724517,3.7841421
4853,306.08915,1648.0253,-1341.9361,-20.788393,1.910522
4854,397.68363,1807.267,-1409.5834,-22.131683,2.393097
4855,497.15503,1883.5008,-1386.3458,-21.305696,1.725001
4856,476.65483,2021.6114,-1544.9565,-23.297875,3.3540666
4857,657.11716,2070.2433,-1413.1261,-21.870292,2.3275661
4858,665.6,2264.7709,-1599.1709,-24.046878,1.7906889
4859,739.11795,2318.5592,-1579.4413,-23.533186,3.1158304
4860,894.73767,2436.5498,-1541.8121,-23.024403,1.8723691
4861,871.20789,2548.2717,-1677.0638,-24.732161,3.6666133
4862,1032.9878,2575.4692,-1542.4814,-22.570838,1.4519857
4863,991.0785,2627.1343,-1636.0558,-23.955844,3.4823973
4864,1019.5566,2682.0348,-1662.4781,-24.523198,1.0777244
4865,1039.3499,2630.9763,-1591.6264,-23.127851,3.5000532
4866,1005.0146,2673.8452,-1668.8306,-24.806967,3.9451712
4867,1010.3669,2624.3033,-1613.9365,-23.317828,3.0561933
4868,1050.9633,2670.9131,-1619.9498,-23.94297,3.2584793
4869,762.04181,2432.4044,-1670.3626,-24.874972,2.6197533
4870,1056.2146,2643.9179,-1587.7033,-23.047237,3.3025975
4871,985.01933,2609.0363,-1624.017,-24.111445,1.4912098
4872,534.01499,2083.9937,-1549.9787,-22.6373,2.1084154
4873,932.40552,2570.3128,-1637.9073,-23.410465,0.87982645
4874,1005.2166,2486.6983,-1481.4817,-21.567777,2.444927
4875,2498.3984,4176.278,-1677.8796,-21.460956,1.5167229
4876,6895.7412,8502.2938,-1606.5526,-18.620302,1.2810281
4877,14305.805,15868.866,-1563.0606,-17.109315,1.1353696
4878,16788.45,18406.016,-1617.5661,-22.740362,1.8791048
4879,20853.952,22608.076,-1754.124,-20.277002,1.9456928
4880,23694.492,25524.272,-1829.7802,-24.341283,0.9953718
4881,25316.128,27069.776,-1753.6479,-24.008083,4.9671494
4882,22955.576,24577.618,-1622.0422,-21.654707,2.3210405
4883,22513.963,24377.833,-1863.8696,-25.731579,2.4353694
4884,23175.019,24895.292,-1720.2737,-23.997937,4.3228765
4885,24294.35,26013.422,-1719.0723,-23.976642,2.143791
4886,25223.523,27054.205,-1830.6819,-25.139773,3.3577485
4887,26636.825,28349.472,-1712.6471,-23.939699,3.1374547
4888,26842.029,28602.641,-1760.6122,-24.530889,5.6432141
4889,26184.205,27993.984,-1809.7791,-25.52824,1.5858546
4890,24643.257,26332.31,-1689.0528,-22.337008,3.5361724
4891,22837.826,24639.393,-1801.5677,-24.365709,2.9388609
4892,21006.542,22646.698,-1640.1563,-21.546701,3.4712753
4893,18621.854,20280.114,-1658.2597,-22.468882,3.0427016
4894,15788.888,17418.515,-1629.6266,-21.981684,2.0669672
4895,13708.775,15334.825,-1626.0499,-22.615073,3.4316133
4896,11543.53,12995.741,-1452.2111,-20.049269,1.8693325
4897,8643.9132,10147.589,-1503.676,-20.673084,2.7097913
4898,6375.4604,7875.7409,-1500.2806,-21.735199,1.349278
4899,4252.7306,5599.2417,-1346.5111,-19.662245,3.3931647
4900,2272.0884,3723.8294,-1451.741,-21.565515,3.7000836
4901,940.28245,2268.0063,-1327.7239,-20.451777,2.0006984
4902,-180.76529,1077.7883,-1258.5536,-19.738299,3.502518
4903,-979.86903,346.08531,-1325.9543,-20.87026,1.2063027
4904,-1545.1897,-311.50711,-1233.6826,-19.891178,3.4549764
4905,-1734.6398,-473.78199,-1260.8579,-20.355732,3.0122055
4906,-2278.4505,-1077.5861,-1200.8644,-19.140914,2.8414783
4907,-2657.7546,-1506.5782,-1151.1764,-18.948621,0.61314032
4908,-3104.2146,-1878.1422,-1226.0724,-20.034471,-0.47660751
4909,-3245.6963,-2162.2496,-1083.4466,-17.636182,2.1048021
4910,-3161.0698,-1971.9684,-1189.1014,-19.309175,0.45015267
4911,-2768.5365,-1671.8863,-1096.6502,-17.963671,1.5320425
4912,-2242.7014,-1051.8041,-1190.8973,-19.323118,1.2470402
4913,-1650.3164,-539.09637,-1111.22,-18.119213,2.4087307
4914,-851.31361,376.72038,-1228.034,-20.325476,1.15657
4915,17.975542,1200.3286,-1182.3531,-19.160849,1.9919794
4916,1042.5815,2242.1232,-1199.5418,-19.539776,2.1075317
4917,2141.8162,3329.8199,-1188.0037,-18.909801,2.1195422
4918,3289.8272,4505.2765,-1215.4492,-19.483859,2.9680792
4919,4442.4836,5704.594,-1262.1104,-20.617534,2.191197
4920,5557.6742,6816.455,-1258.7808,-20.124162,2.4720591
4921,6738.1018,7926.4961,-1188.3943,-18.859664,0.35270418
4922,7617.0856,8953.7314,-1336.6458,-21.186857,0.5755845
4923,8480.4166,9754.4897,-1274.0732,-20.179033,1.0282489
4924,9057.5527,10295.305,-1237.7522,-19.425442,1.6959874
4925,9560.6659,10966.142,-1405.4763,-21.986105,2.4890556
4926,9890.2848,11081.706,-1191.4213,-18.694603,2.2637781
4927,10079.129,11454.787,-1375.6577,-21.73552,2.1887043
4928,10221.419,11489.163,-1267.7442,-19.82706,0.25748614
4929,10343.006,11659.122,-1316.1157,-21.124193,3.6956196
4930,10223.842,11544.872,-1321.0298,-20.721856,1.429608
4931,10187.386,11471.267,-1283.8808,-19.963623,3.5132986
4932,10064.587,11325.573,-1260.9865,-19.837069,0.97287911
4933,9714.7708,11056.531,-1341.76,-21.040988,-0.12946857
4934,9552.8899,10799.621,-1246.7309,-19.767156,2.400915
4935,10173.652,11448.619,-1274.9672,-19.846712,1.2496326
4936,9032.0032,10249.807,-1217.8041,-18.699999,1.9825543
4937,10531.042,11794.603,-1263.5613,-19.433168,2.1973564
4938,9777.2813,10908.714,-1131.4328,-17.628495,2.1565471
4939,9843.5282,11142.572,-1299.0437,-19.729109,0.77039107
4940,8435.4777,9572.1959,-1136.7182,-17.950899,1.6301503
4941,10316.346,11506.856,-1190.5107,-18.653733,2.3605273
4942,11787.815,13068.638,-1280.8228,-20.134281,3.7663022
4943,10860.055,11941.915,-1081.8595,-16.810573,2.6157389
4944,9270.7345,10549.081,-1278.3461,-20.703642,2.2350518
4945,9450.9949,10643.918,-1192.923,-18.867299,1.9918212
4946,10300.188,11440.632,-1140.4441,-18.78565,1.2982806
4947,10510.946,11767.912,-1256.9656,-20.466791,1.7899211
4948,10700.295,11885.801,-1185.5059,-19.077268,1.0680855
4949,10463.583,11639.406,-1175.8226,-19.164075,3.124527
4950,10160.827,11416.872,-1256.0452,-20.124781,2.8215885
4951,9708.0047,10791.33,-1083.3254,-17.60671,0.95684454
4952,9971.6797,11198.787,-1227.107,-20.206887,2.5596344
4953,10101.043,11202.629,-1101.5858,-17.846934,1.1352985
4954,9575.1069,10768.177,-1193.07,-19.756746,2.482502
4955,9547.3357,10644.221,-1096.8855,-18.017451,0.83666025
4956,8761.6631,9862.0664,-1100.4032,-18.106564,3.4769206
4957,8597.9645,9758.4329,-1160.4684,-19.527571,0.37521162
4958,8482.9412,9596.7646,-1113.8234,-18.410759,0.84561421
4959,7677.3744,8801.1627,-1123.7884,-18.704851,1.7257578
4960,7517.6142,8617.9589,-1100.3447,-18.217759,0.33195123
4961,7160.931,8236.7899,-1075.8589,-17.957838,1.7753327
4962,6623.3815,7710.1295,-1086.7481,-18.016344,1.588596
4963,5993.6316,6996.1201,-1002.4885,-16.823308,3.3508886
4964,5411.5471,6571.7788,-1160.2317,-19.788157,1.6775866
4965,5288.6469,6248.7457,-960.09871,-16.30588,1.9095112
4966,4924.1878,5960.594,-1036.4062,-17.716304,1.2698752
4967,4651.525,5695.7978,-1044.2727,-17.684157,2.0091993
4968,4347.6576,5235.3618,-887.70418,-15.326758,2.6292077
4969,3914.9318,5008.7836,-1093.8518,-19.309867,1.514473
4970,3837.8793,4725.3839,-887.5046,-15.461111,2.1375505
4971,3766.684,4704.3539,-937.66985,-16.582544,1.0170805
4972,3755.1716,4745.0995,-989.92793,-17.457772,0.73055712
4973,3874.3353,4797.6746,-923.33926,-16.214581,0.75551835
4974,3714.4742,4661.0806,-946.60641,-16.5542,3.0253376
4975,3782.3369,4803.6398,-1021.3029,-17.543088,2.0127681
4976,4022.1791,4935.2796,-913.10053,-15.942422,1.3305938
4977,4209.4075,5184.3033,-974.89582,-16.908106,2.4479481
4978,4317.6647,5264.278,-946.61335,-16.422269,0.62114219
4979,4576.6943,5546.7678,-970.07349,-17.170151,2.5262701
4980,4780.8884,5690.7425,-909.85413,-15.693077,0.9690237
4981,4959.5329,5914.793,-955.26011,-16.562036,2.4156193
4982,5206.1412,6127.8231,-921.68184,-16.285167,-0.050512015
4983,5396.1972,6314.3633,-918.16611,-15.985944,-0.70093089
4984,5552.6249,6512.8341,-960.20927,-16.791065,1.0740389
4985,5772.3708,6624.8594,-852.48859,-15.105802,0.37606062
4986,5846.3937,6830.1043,-983.71058,-17.276766,1.6737855
4987,6018.3732,6933.4344,-915.06126,-15.782337,1.5782742
4988,6038.3684,6920.7962,-882.42777,-15.261609,1.1791555
4989,6069.1692,7110.3697,-1041.2004,-18.440348,0.0036353568
4990,6086.8418,6933.94,-847.09815,-14.835359,2.1734273
4991,6074.7235,7064.7709,-990.04746,-17.580917,1.9311447
4992,6053.0114,6964.575,-911.5636,-15.715223,2.5792108
4993,6076.4402,6991.5703,-915.13006,-16.234419,1.1152973
4994,5791.8611,6755.9937,-964.13254,-17.024688,1.4439013
4995,6000.2966,6864.278,-863.98139,-15.103442,1.7199447
4996,5975.2521,6840.8215,-865.56941,-15.403807,0.10563235
4997,5402.5594,6289.8957,-887.33637,-15.5161,0.12875944
4998,5788.6296,6672.278,-883.64846,-15.08326,-1.110305
4999,5807.514,6655.7978,-848.28378,-14.537624,0.73895239
5000,7269.3901,8212.3223,-942.93214,-13.44399,0.31236007
5001,11554.739,12593.441,-1038.7015,-13.456403,0.316049
5002,18287.893,19390.787,-1102.894,-13.692813,1.0845258
5003,19477.712,20547.539,-1069.8267,-17.62435,1.8236254
5004,22461.854,23458.679,-996.82526,-13.854277,1.5555045
5005,25273.411,26154.262,-880.85159,-14.110222,0.94256841
5006,27309.696,28349.978,-1040.2816,-16.824367,1.2672436
5007,25021.753,26024.543,-1002.7904,-15.434307,0.18058146
5008,24611.547,25715.968,-1104.4213,-18.228014,-1.6072056
5009,25495.176,26511.671,-1016.4951,-16.742523,2.5419462
5010,26466.865,27532.234,-1065.3683,-17.664649,0.5350618
5011,27095.908,28155.652,-1059.744,-17.541193,2.0216575
5012,28236.245,29194.212,-957.96711,-16.474679,3.2917607
5013,28540.314,29437.169,-896.85503,-15.558598,2.8401621
5014,27923.086,28971.374,-1048.288,-18.028466,1.5627234
5015,26463.735,27295.141,-831.40569,-13.30627,1.1965158
5016,24877.545,25907.16,-1029.6148,-17.268512,1.9973563
5017,23302.766,24206.964,-904.19759,-14.365606,3.6470593
5018,21124.393,22042.288,-917.89462,-14.524118,1.7470287
5019,18477.848,19433.453,-955.60566,-15.06571,2.370368
5020,16656.562,17521.946,-865.38455,-14.275816,0.9192354
5021,14757.718,15610.641,-852.92305,-13.555522,0.27905409
5022,11992.918,12877.346,-884.42763,-14.05312,0.95826636
5023,9859.686,10724.297,-864.611,-14.424708,-1.0631288
5024,7997.9045,8728.7709,-730.8664,-12.2922,2.281968
5025,6172.6801,7025.643,-852.96289,-14.675108,1.9418132
5026,5071.7286,5800.8468,-729.11816,-12.828256,1.5661542
5027,3928.7669,4693.8389,-765.072,-13.493857,2.8589071
5028,3148.9515,3892.4739,-743.52245,-13.382689,0.56953004
5029,2511.7286,3234.9826,-723.25402,-13.133536,3.2604156
5030,2295.6181,2985.7567,-690.13857,-12.485694,1.5653716
5031,1760.2903,2534.0158,-773.72546,-13.766898,3.5335089
5032,1358.8702,2009.4787,-650.60846,-11.735707,0.087772591
5033,913.5211,1700.1959,-786.67479,-14.034297,-0.050303359
5034,768.7069,1457.1374,-688.43054,-12.265782,0.63047858
5035,797.38698,1533.4724,-736.08537,-13.290091,0.47973397
5036,1168.9152,1891.6904,-722.77518,-12.969774,0.88791097
5037,1635.0675,2360.7204,-725.65292,-12.990852,1.3901073
5038,2140.5034,2848.5561,-708.05273,-12.775255,1.0878386
5039,2893.1535,3658.9194,-765.76598,-13.923022,0.80551533
5040,3703.2647,4358.8752,-655.6105,-11.865451,1.2689025
5041,4596.8915,5361.3397,-764.44813,-13.917002,1.7870772
5042,5594.8371,6295.2543,-700.41726,-12.477567,2.0783233
5043,6661.8572,7361.4155,-699.55828,-12.561613,1.0782394
5044,7690.0986,8438.6983,-748.59964,-13.52789,2.2667985
5045,8684.4087,9388.9921,-704.58342,-12.332571,0.30572555
5046,9745.0667,10462.332,-717.26509,-12.662638,0.21867975
5047,10535.385,11279.874,-744.489,-13.102972,-0.50781846
5048,11258.749,12051.817,-793.06803,-14.221844,-0.74217177
5049,11755.904,12444.31,-688.40589,-12.173355,0.81553093
5050,12219.026,13073.289,-854.26267,-15.152081,0.47469757
5051,12500.374,13177.63,-677.25637,-12.068479,1.6450434
5052,12683.462,13465.984,-782.52227,-13.749165,2.4707073
5053,12741.428,13528.67,-787.24182,-13.954175,0.70349782
5054,12909.065,13613.7,-704.63475,-12.70674,2.7914117
5055,12787.478,13539.589,-752.11155,-13.448455,0.34843697
5056,12707.295,13435.855,-728.55999,-12.881533,2.0199334
5057,12593.685,13262.66,-668.97514,-11.890536,-0.5856795
5058,12244.677,13030.42,-785.7433,-14.065102,-1.6827076
5059,12058.963,12723.463,-664.49956,-11.801521,1.0042708
5060,12660.437,13368.72,-708.2833,-12.335185,0.092495614
5061,11441.938,12196.6,-754.66264,-13.049916,0.86793678
5062,12964.507,13668.803,-704.29602,-12.146771,0.97437857
5063,12119.656,12811.425,-691.76894,-12.040947,0.88608286
5064,12180.753,12950.85,-770.09726,-12.680061,-0.46389633
5065,10755.333,11437.902,-682.56951,-11.806413,-0.40389261
5066,12574.599,13298.452,-723.853,-12.562279,1.7513474
5067,14110.7,14868.626,-757.92579,-13.329872,1.8447536
5068,13111.643,13760.202,-648.55882,-11.214136,1.0535185
5069,11586.55,12299.021,-712.47064,-12.580435,0.26348706
5070,11729.445,12418.932,-689.4867,-11.933525,-0.70469976
5071,12544.505,13184,-639.49507,-11.571851,0.81065023
5072,12802.828,13491.766,-688.93858,-12.17539,-0.66485768
5073,12956.226,13619.564,-663.33834,-11.987362,-0.20148359
5074,12743.347,13330.705,-587.35784,-10.507448,1.165283
5075,12383.028,13113.226,-730.1979,-12.921263,2.0641471
5076,11897.082,12514.78,-617.69796,-11.107294,1.4169689
5077,12191.053,12881.491,-690.43806,-12.401711,1.9734769
5078,12259.926,12912.43,-652.50386,-11.657332,1.613938
5079,11773.98,12426.009,-652.0292,-11.645999,3.1114867
5080,11709.854,12358.37,-648.51562,-11.59855,1.8507028
5081,10958.517,11581.877,-623.36001,-11.279796,1.5256756
5082,10840.464,11480.67,-640.20592,-11.571955,-0.92001072
5083,10716.857,11369.15,-652.29327,-11.745363,-1.466156
5084,9979.8596,10586.793,-606.93348,-10.853019,0.73583832
5085,9831.2079,10429.371,-598.16336,-10.822155,-0.70395265
5086,9507.5471,10102.597,-595.05002,-10.902466,0.80483776
5087,8988.3771,9578.4645,-590.08733,-10.608395,-0.19446408
5088,8363.4746,8897.8199,-534.34535,-9.9530247,0.95159768
5089,7816.2304,8450.831,-634.60059,-11.859911,-0.10429683
5090,7666.3669,8158.3318,-491.96489,-9.0798987,0.26553045
5091,7331.9006,7943.4818,-611.58124,-11.372716,-0.12591437
5092,7057.6221,7642.3886,-584.76653,-10.674126,1.5867708
5093,6752.7448,7238.8752,-486.13042,-9.1473441,2.3353666
5094,6312.8489,6943.545,-630.69611,-11.91209,0.50832045
5095,6202.168,6730.0095,-527.84143,-9.7508586,-0.17897552
5096,6166.7219,6696.8468,-530.12487,-9.8532341,-0.80158891
5097,6107.342,6705.9463,-598.60428,-11.084649,-0.022162082
5098,6259.7302,6780.2591,-520.52891,-9.8589119,0.16686522
5099,6075.2284,6598.0664,-522.83795,-9.7600657,1.8621232
5100,6188.5349,6743.1532,-554.61833,-10.360148,1.1739012
5101,6381.7215,6875.703,-493.9815,-9.2074979,1.8812478
5102,6551.4793,7058.7046,-507.22529,-9.319711,3.0729296
5103,6643.0738,7155.4629,-512.38911,-9.5709934,0.49479412
5104,6857.0635,7347.6651,-490.60158,-9.1578958,0.72027305
5105,7005.6142,7497.3017,-491.68754,-9.1765579,0.5235302
5106,7159.3152,7724.3855,-565.07028,-10.407237,1.8163957
5107,7348.0584,7829.4344,-481.37606,-8.955724,0.43393821
5108,7492.1657,8061.7757,-569.60999,-10.578609,-1.1236216
5109,7632.0316,8158.534,-526.50241,-9.6883394,1.1038433
5110,7816.2304,8308.575,-492.34466,-9.2106852,0.12412341
5111,7918.5294,8476.4107,-557.88135,-10.352572,0.070650232
5112,8006.6903,8530.6035,-523.91314,-9.5991802,-0.55584897
5113,8086.1665,8553.7567,-467.59024,-8.7093096,-0.48443665
5114,8069.6047,8657.9968,-588.39211,-11.029835,-1.223963
5115,8127.3688,8527.3681,-399.99925,-7.5098199,0.27478158
5116,8066.7771,8633.9336,-567.15653,-10.767737,2.2411003
5117,8057.6884,8516.0442,-458.35587,-8.5057356,1.714661
5118,8099.7996,8556.2844,-456.48475,-8.6531647,-0.039016464
5119,7746.5499,8242.0474,-495.49749,-9.3961055,0.57743697
5120,7980.7369,8432.1264,-451.3895,-8.5027569,-0.78484512
5121,7896.1105,8369.1374,-473.02699,-8.9205096,-0.76124983
5122,7330.6888,7794.7551,-464.06638,-8.4620303,-0.49835514
5123,7687.17,8213.94,-526.76995,-9.4369903,-1.7981304
5124,7669.3964,8098.2749,-428.87843,-7.6976893,1.2053184
5125,9115.8217,9655.6082,-539.78652,-8.0454232,-0.26000494
5126,13479.536,13957.763,-478.22694,-6.3029175,1.8328609
5127,21132.977,21563.855,-430.87793,-4.9914181,0.70558977
5128,24227.093,24466.3,-239.20746,-4.1868671,1.3966546
5129,28294.413,28424.392,-129.97916,-1.8902281,0.22177191
5130,30540.649,30508.183,32.465266,0.69098025,-0.30154351
5131,31270.779,31307.829,-37.050686,-0.9162021,-0.30506653
5132,29300.336,29217.163,83.173377,1.5242246,-2.0711083
5133,29023.634,29150.534,-126.90004,-2.4679708,-1.8166317
5134,29557.649,29524.019,33.629958,0.66110176,-1.6954586
5135,30562.865,30581.384,-18.518403,-0.4008199,-0.69385836
5136,31442.657,31455.242,-12.584507,-0.32495315,0.41969006
5137,32091.695,32096.961,-5.265042,-0.21680744,0.89046063
5138,32113.811,32071.381,42.430713,1.7077438,-2.0240104
5139,31830.04,31831.355,-1.3152136,-0.042573273,-0.0054446206
5140,30826.237,30710.496,115.74142,2.4683438,-2.777189
5141,29087.962,29190.875,-102.91307,-1.905076,0.35561051
5142,27183.766,27177.352,6.4141787,0.11012668,1.3908005
5143,24840.786,24864.859,-24.073601,-0.40912249,0.74004156
5144,21950.46,22076.057,-125.59691,-2.1145617,-1.4876215
5145,19787.74,19891.261,-103.52102,-1.8271348,-1.7225702
5146,17537.464,17691.299,-153.83428,-2.588382,-0.78246341
5147,14662.387,14842.338,-179.9507,-3.026318,-2.2109226
5148,12329.808,12613.662,-283.85364,-4.9578091,-1.0119387
5149,10085.491,10241.415,-155.92436,-2.7094077,-0.80191391
5150,7928.628,8348.0063,-419.37831,-7.5894156,1.9737611
5151,6617.4233,6920.4929,-303.06962,-5.5813925,1.603941
5152,5415.2836,5790.7362,-375.45255,-7.0162688,2.337985
5153,4671.3183,5098.6667,-427.34832,-8.1710178,0.032018899
5154,4097.5148,4471.9115,-374.39674,-7.1526935,0.92192351
5155,3820.2067,4218.3381,-398.13137,-7.5533919,0.13818244
5156,3191.6686,3638.4961,-446.82741,-8.3562977,1.6101281
5157,2762.3763,3157.8389,-395.46253,-7.6063189,-1.2933975
5158,2298.4458,2773.1311,-474.68536,-9.0130687,0.45810438
5159,2076.4781,2451.4123,-374.93422,-7.0855209,0.8255506
5160,2171.7081,2620.158,-448.44989,-8.4103535,-0.64236801
5161,2604.131,3017.7062,-413.57519,-7.7684955,0.41502604
5162,3156.3235,3541.03,-384.70654,-7.1707332,-0.55006181
5163,3715.484,4089.2259,-373.74188,-7.0095799,0.33787311
5164,4561.1424,4942.6603,-381.51794,-7.3184223,0.16441796
5165,5407.6087,5764.4487,-356.83998,-6.750061,0.89300529
5166,6450.998,6802.6035,-351.60545,-6.587863,1.0284962
5167,7500.1436,7872,-371.85641,-6.8296032,0.78732063
5168,8698.9507,8984.4676,-285.51692,-5.2111284,0.82249454
5169,9879.5803,10206.13,-326.54927,-6.1182925,0.57096575
5170,10987.096,11250.351,-263.25485,-4.8952245,-1.2966034
5171,12197.718,12417.921,-220.20267,-4.0794263,-0.98741139
5172,13069.532,13331.008,-261.47575,-4.8299094,-2.4076821
5173,13952.151,14154.919,-202.76795,-3.790881,-0.20523249
5174,14489.095,14594.022,-104.92705,-1.9665465,0.37055077
5175,14953.127,15186.705,-233.57795,-4.4456355,0.81721581
5176,15260.832,15328.859,-68.027841,-1.2936829,-0.32447403
5177,15451.594,15616.607,-165.01216,-3.1373304,0.20663637
5178,15550.662,15655.229,-104.56713,-2.0185207,0.48357178
5179,15662.858,15745.213,-82.355676,-1.5971142,0.3876918
5180,15516.125,15651.488,-135.3635,-2.59163,-0.26349066
5181,15447.252,15572.322,-125.0702,-2.3765724,-0.29843076
5182,15254.065,15357.068,-103.00245,-1.9547123,-1.639606
5183,14874.155,15050.009,-175.85405,-3.3958502,-1.9221003
5184,14687.331,14800.784,-113.4526,-2.1686781,-0.50504487
5185,15261.841,15382.344,-120.50297,-2.275336,0.71507322
5186,14063.034,14242.983,-179.9483,-3.3017696,-0.1515472
5187,15532.787,15680.101,-147.31373,-2.6920829,-0.72640422
5188,14772.159,14847.899,-75.739525,-1.4067466,-0.93461079
5189,14857.291,15023.115,-165.82459,-2.8853586,-1.9789922
5190,13403.292,13454.256,-50.964405,-0.93174372,-0.21186011
5191,15186.809,15349.687,-162.87853,-2.9539646,0.12878593
5192,16749.671,16873.049,-123.37797,-2.307496,0.23223141
5193,15783.637,15788.689,-5.0517027,-0.090773111,-0.5977589
5194,14224.006,14368.253,-144.24645,-2.7120302,-0.7107885
5195,14327.921,14425.984,-98.063098,-1.8325803,-1.3431158
5196,15161.865,15243.829,-81.964295,-1.5747954,-1.1411043
5197,15344.65,15497.908,-153.25827,-2.8754511,-0.7694873
5198,15522.891,15613.573,-90.68273,-1.6937111,-0.90858909
5199,15296.783,15353.63,-56.847689,-1.0690831,0.064651432
5200,14972.819,15082.97,-110.15105,-2.0531857,0.26325138
5201,14431.028,14549.839,-118.81085,-2.2510639,0.51323694
5202,14729.745,14793.807,-64.062099,-1.2150334,0.59468225
5203,14809.827,14883.589,-73.762039,-1.4099049,0.39251864
5204,14305.3,14377.959,-72.658729,-1.3816867,-0.61310901
5205,14219.058,14273.314,-54.256388,-1.0217805,0.0083669805
5206,13417.228,13513.807,-96.579654,-1.8435217,0.10160529
5207,13268.778,13311.899,-43.120985,-0.83090147,-0.79459684
5208,13103.766,13200.682,-96.915995,-1.8337627,-1.5071446
5209,12279.113,12335.115,-56.002109,-1.0761896,-0.86063559
5210,12088.148,12184.973,-96.82482,-1.8636771,0.13811524
5211,11666.127,11799.153,-133.02622,-2.5237498,0.41403423
5212,11113.935,11215.065,-101.13025,-1.9095552,2.0258144
5213,10396.529,10484.878,-88.349757,-1.6714771,0.055111966
5214,9815.656,9991.5829,-175.92692,-3.3206607,-1.6724047
5215,9606.6146,9676.1327,-69.518106,-1.3212638,-0.8814677
5216,9213.9803,9413.9652,-199.98497,-3.7378463,0.19978109
5217,8932.3298,9057.6682,-125.33846,-2.3816383,0.45152925
5218,8567.9716,8674.4771,-106.5055,-2.0274901,0.58526779
5219,8175.4383,8339.3112,-163.87295,-3.1809212,-0.22353718
5220,8016.284,8146.3002,-130.01613,-2.5088411,-1.5513337
5221,7979.929,8081.0869,-101.15789,-1.965878,-2.1628831
5222,7931.2536,8094.4329,-163.17921,-3.181673,-2.948581
5223,8040.2178,8156.2085,-115.99078,-2.2465994,-1.9544477
5224,7889.4454,7960.0632,-70.617826,-1.3573272,-0.15885982
5225,7932.0615,8148.7267,-216.66516,-4.1828586,0.32758853
5226,8154.3321,8247.8104,-93.478277,-1.7968576,0.51212211
5227,8328.6343,8451.842,-123.2077,-2.3401631,0.44896705
5228,8403.0611,8558.3065,-155.24533,-2.9861332,0.56697276
5229,8682.7929,8749.4976,-66.704731,-1.2887464,1.3115096
5230,8827.1022,8943.2164,-116.11426,-2.2245133,0.90861913
5231,9001.3034,9153.7188,-152.41545,-2.8807599,0.91409779
5232,9256.2935,9292.7393,-36.445845,-0.70059105,1.1561216
5233,9365.0556,9542.2686,-177.21294,-3.3767435,-0.7595184
5234,9610.856,9618.0979,-7.2419305,-0.13896018,-0.15029146
5235,9734.5641,9843.8673,-109.3032,-2.0883074,0.021005831
5236,9888.972,9946.6919,-57.719951,-1.0959241,0.083165374
5237,10007.126,10064.682,-57.556626,-1.0846812,0.93658864
5238,10027.424,10020.196,7.2281705,0.13754135,-0.82247118
5239,10052.166,10157.498,-105.33195,-2.0528532,-0.57133644
5240,10044.289,10055.583,-11.294181,-0.21795453,0.078139019
5241,9995.7144,10099.362,-103.64737,-1.9782413,1.9065436
5242,9966.9333,10005.333,-38.4,-0.73178277,1.585839
5243,9914.8245,9988.752,-73.927517,-1.404649,-0.2323072
5244,9665.1866,9704.3412,-39.154644,-0.74759443,-0.30566553
5245,9790.1065,9875.2101,-85.103602,-1.6370456,-0.78788413
5246,9743.6529,9786.4392,-42.786319,-0.82611129,-0.27518267
5247,9194.6919,9223.5829,-28.891025,-0.54100275,-1.0082533
5248,9489.6726,9620.2212,-130.54859,-2.3536492,-1.2733496
5249,9572.6832,9491.8167,80.866489,1.4816974,-0.97594589
5250,10792.092,11038.938,-246.84687,-3.7946793,-0.39983211
5251,14845.778,14977.719,-131.9405,-1.8571377,0.27669043
5252,21452.699,21753.833,-301.13353,-3.9222957,-0.19623313
5253,22976.682,23068.714,-92.032403,-1.7211163,-0.3525265
5254,25708.863,25867.829,-158.96627,-2.40632,-1.1998793
5255,28105.265,28430.155,-324.88934,-5.7421166,-1.0323512
5256,30272.429,30544.784,-272.35438,-5.5398368,1.840492
5257,28515.37,28611.741,-96.370502,-1.6849498,-0.760424
5258,27867.342,28133.611,-266.26936,-4.9797984,-0.9959421
5259,28535.871,28748.133,-212.26209,-3.9297398,-0.43343527
5260,29603.093,29867.172,-264.07949,-5.2976925,0.64293163
5261,30179.118,30348.335,-169.21696,-3.4463472,0.12432172
5262,30954.894,31131.197,-176.30359,-4.1527731,2.3612024
5263,31169.086,31321.984,-152.8986,-3.7724846,0.9426253
5264,30867.238,30989.346,-122.1081,-2.8255098,0.44949175
5265,29527.757,29663.343,-135.58581,-2.5459274,-1.8636764
5266,28070.829,28223.596,-152.76639,-2.7924066,-0.44226131
5267,26476.964,26667.071,-190.10699,-3.3233487,1.8402608
5268,24518.539,24501.586,16.952758,0.29283389,0.16395568
5269,21821.299,21957.763,-136.46441,-2.3314887,1.1153636
5270,19966.182,20055.659,-89.476519,-1.6107173,-0.77623751
5271,18156.611,18145.769,10.841299,0.18717361,-1.3884928
5272,15406.454,15491.842,-85.388373,-1.4852274,0.71311138
5273,13312.808,13338.49,-25.681842,-0.46044492,0.12911736
5274,11403.664,11342.458,61.205769,1.0909991,1.6482286
5275,9553.5968,9703.4313,-149.83444,-2.7242986,0.5819468
5276,8446.0813,8368.5308,77.550457,1.457398,0.25813533
5277,7241.9219,7292.6635,-50.741614,-0.95331658,2.4311316
5278,6497.1487,6453.6872,43.461514,0.85199153,1.5453503
5279,5807.9179,5767.8863,40.031693,0.77258923,0.94326869
5280,5544.6469,5571.4376,-26.790656,-0.51815294,0.45892609
5281,5096.0663,5068.3349,27.731359,0.54026396,0.50517982
5282,4624.9657,4615.2796,9.6860596,0.18852715,-1.2260613
5283,4241.0162,4209.0363,31.979839,0.6195396,-1.7383301
5284,4001.6789,4005.6114,-3.9324789,-0.07688751,0.15233869
5285,4057.0193,4083.6651,-26.645757,-0.51592913,0.82846015
5286,4384.6185,4361.3017,23.316803,0.4442316,-0.4496769
5287,4745.4422,4805.4597,-60.017507,-1.156694,-0.44409164
5288,5298.7456,5248.3033,50.442245,0.96155196,1.3039243
5289,5935.6655,6027.1216,-91.45616,-1.7449731,-0.53766671
5290,6713.0572,6739.0079,-25.9507,-0.49706617,0.32445317
5291,7600.2209,7652.1959,-51.974985,-0.99094228,0.40418494
5292,8525.5574,8604.1074,-78.550029,-1.4835204,1.6032947
5293,9620.3487,9587.4629,32.885843,0.61004709,1.8902304
5294,10590.018,10683.652,-93.634303,-1.7609664,1.9671074
5295,11570.695,11627.981,-57.285974,-1.081472,-0.77993043
5296,12643.168,12635.905,7.2632285,0.13667602,-0.71396877
5297,13345.022,13471.949,-126.92696,-2.4090345,-0.39512805
5298,14155.538,14140.158,15.379695,0.29410299,-0.46885889
5299,14543.426,14601.706,-58.28052,-1.1078849,0.86068095
5300,15028.866,15155.463,-126.5966,-2.4009915,1.2948885
5301,15279.514,15272.24,7.2738776,0.13880243,1.0994271
5302,15402.919,15527.937,-125.01768,-2.3630165,0.56552491
5303,15539.755,15545.63,-5.8749077,-0.11453596,1.3241172
5304,15594.793,15664.531,-69.737906,-1.363804,1.2905826
5305,15497.745,15586.275,-88.529714,-1.7061889,0.64772324
5306,15402.717,15464.24,-61.522967,-1.163165,0.78790944
5307,15244.27,15308.942,-64.671726,-1.222477,0.34820646
5308,14976.454,15007.949,-31.495009,-0.60317903,-2.2409255
5309,14712.275,14778.844,-66.569046,-1.2651376,-0.81193825
5310,15348.589,15384.67,-36.081266,-0.68127164,-1.0906906
5311,14162.506,14192.126,-29.620662,-0.54901678,0.96567915
5312,15592.167,15672.72,-80.553121,-1.4781978,1.9854153
5313,14848.909,14765.194,83.714563,1.5463546,-1.3542361
5314,14829.318,14975.191,-145.8736,-2.5878382,-1.7649081
5315,13422.378,13407.949,14.428462,0.26727808,-0.86423702
5316,15134.801,15229.877,-95.075988,-1.7204085,1.2026641
5317,16637.071,16760.013,-122.94124,-2.3173564,1.9342185
5318,15771.822,15680.202,91.619485,1.6564067,0.45511045
5319,14116.254,14264.417,-148.16302,-2.7809962,0.68912947
5320,14254.403,14298.186,-43.783258,-0.82511478,0.61713189
5321,15062.697,15063.355,-0.65880329,-0.012611743,-1.0195965
5322,15242.351,15371.122,-128.77056,-2.464624,-1.2130264
5323,15460.683,15436.739,23.943898,0.45173622,-0.34628987
5324,15169.439,15223.406,-53.96695,-1.0271615,0.72777741
5325,14896.069,14947.286,-51.216512,-0.97396441,0.73327967
5326,14351.754,14347.829,3.9244623,0.075650526,0.072965239
5327,14625.729,14679.861,-54.131591,-1.0259848,-0.075271595
5328,14760.748,14691.185,69.563095,1.3408144,0.074181398
5329,14167.959,14280.594,-112.63502,-2.1790961,1.0765065
5330,14193.407,14153.302,40.105757,0.76433269,1.3107855
5331,13345.123,13420.689,-75.565312,-1.4322338,1.4254751
5332,13241.209,13253.359,-12.149931,-0.22743782,0.64161362
5333,13141.737,13146.793,-5.0557709,-0.094189689,-1.2610699
5334,12319.912,12375.558,-55.646025,-1.0443197,-1.3670976
5335,12230.943,12215.103,15.840115,0.30159077,0.60209412
5336,11836.592,11878.218,-41.626294,-0.78616314,0.88355682
5337,11385.89,11386.237,-0.34663152,-0.0063852971,1.7291488
5338,10738.67,10626.932,111.73775,2.1111066,1.2445602
5339,10153.253,10272.354,-119.10101,-2.2701568,-0.97340942
5340,10068.929,9920.8088,148.12054,2.8319925,-2.3666208
5341,9641.9598,9708.6888,-66.72902,-1.2670161,-0.17417471
5342,9447.4604,9367.3555,80.104905,1.5221661,1.4021316
5343,9067.0454,8970.0095,97.035886,1.85724,1.1040111
5344,8636.9452,8721.5924,-84.647249,-1.6437668,-0.07347361
5345,8539.6955,8439.8104,99.885037,1.9103158,-0.44821372
5346,8416.9972,8426.3633,-9.3661105,-0.1791766,-0.61682118
5347,8395.0832,8398.4581,-3.3749011,-0.0653169,-0.94542864
5348,8486.7787,8455.3807,31.397972,0.60264593,-1.8537842
5349,8305.3065,8296.139,9.1674883,0.17618218,-1.1555135
5350,8369.9377,8385.1122,-15.174492,-0.29187605,0.14397401
5351,8521.417,8525.5482,-4.1312207,-0.079551722,2.1132645
5352,8720.5617,8684.5877,35.974058,0.68043276,2.4635396
5353,8793.6757,8742.0158,51.659942,0.99413196,0.68793061
5354,8973.1282,8995.0837,-21.955523,-0.42166577,0.33223747
5355,9162.6793,9051.2986,111.38071,2.1158758,0.44301468
5356,9242.7613,9327.0142,-84.252877,-1.5924708,0.96482243
5357,9521.1803,9355.7283,165.452,3.1336135,-0.72894918
5358,9557.7373,9611.425,-53.687682,-1.023252,-0.82068214
5359,9738.3006,9715.0585,23.24214,0.44176449,-1.2441667
5360,9890.2848,9814.6477,75.637103,1.4524321,-0.56235486
5361,9942.3937,10016.657,-74.2635,-1.4085148,-2.0402826
5362,10063.375,10012.209,51.166617,0.96102296,-0.077574776
5363,10081.856,10024.948,56.907754,1.0686882,0.45017325
5364,10077.109,10155.476,-78.366243,-1.491767,-0.22656838
5365,10085.794,9998.9637,86.830418,1.6559287,0.23033274
5366,10048.227,10103.81,-55.583208,-1.0545729,1.5905195
5367,10011.569,9965.3965,46.172706,0.87935169,1.7943473
5368,10067.92,9983.4945,84.425056,1.6099299,0.44060044
5369,9698.815,9721.327,-22.512024,-0.42796314,0.79317468
5370,9938.1523,9838.7109,99.441368,1.8838983,0.26374612
5371,9845.245,9840.1264,5.1185881,0.098136486,-0.036353695
5372,9289.114,9162.2117,126.90231,2.4002333,-1.4809932
5373,9611.9669,9654.1927,-42.225869,-0.77026099,-0.29550014
5374,9644.1815,9506.7804,137.40105,2.5096345,0.043044098
5375,10930.342,11021.852,-91.509883,-1.3794831,-0.34087725
5376,15211.853,15157.081,54.772686,0.74527172,1.2726203
5377,22637.368,22538.212,99.156357,1.1647378,0.38313905
5378,25540.923,25354.212,186.71139,3.3265015,0.94892705
5379,29402.13,29325.953,76.177571,1.1532225,-1.0387441
5380,31620.393,31593.453,26.939503,0.75764392,-0.60730838
5381,32205.81,32227.084,-21.273866,-1.0246864,0.92757182
5382,31012.355,31044.55,-32.194733,-0.73320983,-1.6262868
5383,30692.936,30823.431,-130.49558,-2.9446728,0.10215795
5384,31191.303,31205.005,-13.702175,-0.33745535,-1.4024895
5385,31853.065,31853.902,-0.83696496,-0.027631272,0.50710491
5386,32197.226,32200.897,-3.6712789,-0.17638138,0.43807942
5387,32430.908,32422.117,8.7911832,0.81884528,-0.70578629
5388,32444.44,32440.215,4.2253868,0.45305046,-0.55718163
5389,32373.144,32390.167,-17.023472,-1.28029,1.0972389
5390,31914.162,31919.419,-5.2569057,-0.1760918,-0.60317606
5391,30868.046,30981.561,-113.51506,-2.5592899,1.7346278
5392,29111.492,29250.427,-138.93463,-2.5398221,2.2926074
5393,26845.665,26904.164,-58.499603,-1.0050313,0.22541256
5394,23914.237,24047.823,-133.58559,-2.2639386,-0.50405537
5395,21696.884,21806.306,-109.42285,-1.9478771,-1.0226768
5396,19564.459,19556.196,8.263279,0.13797068,-1.361416
5397,16534.166,16609.87,-75.703989,-1.2908107,-0.54251432
5398,14253.595,14256.329,-2.7333277,-0.048663207,-0.22598089
5399,11978.881,11925.536,53.345717,0.94062253,-0.54822451
5400,9849.4864,9945.4787,-95.992282,-1.7194978,1.1868854
5401,8455.372,8384.6066,70.765357,1.3001686,0.40204776
5402,7184.1578,7123.0079,61.149892,1.1327713,1.3187996
5403,6415.4509,6365.624,49.826875,0.97552205,0.7114982
5404,5759.4446,5669.207,90.237625,1.7505806,-0.28197243
5405,5461.7373,5422.4076,39.329695,0.76035862,1.1926389
5406,4889.8525,4815.3681,74.484377,1.4447494,1.0600961
5407,4372.1972,4321.466,50.731204,0.98645453,0.46929732
5408,3934.5231,3895.8104,38.71265,0.74121205,-1.1301689
5409,3671.555,3593.0995,78.455504,1.5032292,-0.31173996
5410,3731.0359,3702.7994,28.236529,0.54747514,0.81917289
5411,4146.4931,4025.0237,121.4694,2.3364985,0.6904737
5412,4622.845,4574.0284,48.816534,0.92093456,1.041906
5413,5256.7353,5063.684,193.05126,3.6761997,0.38239475
5414,5998.7819,5971.8167,26.965108,0.52193849,-0.058354308
5415,6909.9803,6779.4502,130.53004,2.514548,-0.34189761
5416,7912.0663,7796.7773,115.28902,2.1510485,0.27614048
5417,8970.3006,8893.0679,77.232661,1.4296747,1.387317
5418,10168.502,10035.665,132.83669,2.4682095,0.47220721
5419,11304.193,11274.212,29.980815,0.56996239,0.81260507
5420,12441.398,12368.682,72.715563,1.3593813,-0.41418366
5421,13584.663,13462.142,122.52054,2.2694205,-1.1190417
5422,14479.703,14481.997,-2.2934874,-0.042939969,-0.83221625
5423,15359.394,15238.673,120.7211,2.2558998,-0.72738752
5424,15864.931,15809.719,55.212167,1.0558524,1.6171015
5425,16355.926,16396.234,-40.307969,-0.77330637,0.94444529
5426,16661.611,16523.526,138.08498,2.6565889,1.8200035
5427,16852.98,16860.006,-7.0264375,-0.13140557,1.5224507
5428,16971.033,16857.58,113.45296,2.163726,0.95365841
5429,17051.519,17041.491,10.027426,0.19235596,0.41356197
5430,16985.676,16918.142,67.53356,1.3014693,0.43117881
5431,16851.97,16817.542,34.428156,0.65975345,1.0015496
5432,16715.134,16625.137,89.996287,1.6971909,-0.60067314
5433,16310.179,16325.46,-15.280623,-0.29141737,-1.5081632
5434,16128.808,16084.929,43.87898,0.82850605,-1.2106067
5435,16670.094,16641.921,28.172875,0.52370991,1.174786
5436,15462.097,15453.927,8.1697112,0.15160811,0.01313673
5437,16919.631,16915.311,4.3195528,0.079489312,0.20430638
5438,16154.155,16036.803,117.3529,2.1779737,-0.64861065
5439,16217.373,16295.937,-78.564028,-1.377912,-1.5923874
5440,14750.649,14649.024,101.62561,1.8737091,-1.455875
5441,16473.777,16482.78,-9.0036849,-0.16224238,0.88574323
5442,18086.425,18051.539,34.886542,0.64501135,1.2136205
5443,17149.98,16991.444,158.53636,2.8850503,-0.20862381
5444,15581.564,15610.237,-28.673259,-0.54324608,-1.2254059
5445,15636.5,15570.603,65.896722,1.2375648,-2.315894
5446,16489.632,16400.379,89.252411,1.703218,-1.1410361
5447,16669.589,16647.785,21.803805,0.41321252,-2.3768799
5448,16838.438,16786.907,51.531077,0.98456908,-1.2884667
5449,16605.766,16531.412,74.353358,1.4342016,0.53227516
5450,16268.674,16248.619,20.054494,0.38129214,1.9841022
5451,15704.06,15659.273,44.786659,0.86480192,1.4981992
5452,15983.59,15934.18,49.409649,0.94361749,1.2859094
5453,16063.47,15987.362,76.108053,1.4579917,0.88684742
5454,15516.428,15545.934,-29.506036,-0.57279359,1.7341524
5455,15487.849,15353.63,134.21819,2.5418623,1.1441665
5456,14630.476,14656.91,-26.434213,-0.50902119,1.8423698
5457,14510.504,14385.34,125.16449,2.3914602,0.22388047
5458,14322.569,14305.87,16.698378,0.31508813,-0.67408802
5459,13542.652,13459.716,82.936826,1.5653576,-1.337306
5460,13332.601,13247.596,85.005607,1.6210459,-1.1998299
5461,12924.112,12870.875,53.236834,1.0195151,-0.074108527
5462,12385.351,12269.498,115.85306,2.181365,1.3172373
5463,11633.71,11536.177,97.533518,1.8318776,0.63959946
5464,11044.355,11066.237,-21.881937,-0.41525463,1.0789
5465,10811.683,10657.87,153.81238,2.9175496,-0.24714599
5466,10408.849,10421.081,-12.231654,-0.22747537,0.0072842308
5467,10132.046,10030.205,101.84039,1.9129051,-0.080178372
5468,9733.9582,9611.6272,122.33101,2.3338229,-0.1677551
5469,9294.9712,9320.7457,-25.774452,-0.50312269,0.98523152
5470,9154.9034,9014.3949,140.50841,2.7122247,-0.53032099
5471,9060.4813,8993.0616,67.419651,1.2719689,-0.68847181
5472,9044.2225,8943.5197,100.70274,1.9149085,-2.2455234
5473,9123.2947,9038.7615,84.533221,1.6204378,-1.0927121
5474,8994.1333,8847.5703,146.56303,2.8160611,-1.2626708
5475,9024.2272,8983.0521,41.175086,0.79559378,1.4058421
5476,9244.6801,9086.079,158.60109,3.0352844,1.6482316
5477,9411.4083,9284.3476,127.06073,2.402055,1.5393148
5478,9498.3574,9398.4961,99.861346,1.9228702,0.82597628
5479,9714.4679,9615.9747,98.493127,1.8915228,0.39836524
5480,9866.1491,9754.1864,111.9627,2.1316621,0.78982489
5481,10009.146,9990.3697,18.775894,0.36130797,0.93484291
5482,10268.579,10083.69,184.88873,3.5347922,0.45494836
5483,10362.395,10357.586,4.8091683,0.091992211,-0.1734259
5484,10558.51,10462.837,95.673171,1.8224748,0.034908764
5485,10741.699,10625.719,115.98061,2.2025892,0.02556805
5486,10834.405,10788.095,46.309947,0.87738071,0.23713183
5487,10976.29,10841.074,135.21609,2.5470617,-1.0103855
5488,11006.081,10883.134,122.94698,2.3424475,-0.68787173
5489,11023.956,10965.839,58.116956,1.1157337,-0.33500928
5490,11017.897,10870.9,146.99617,2.8137771,0.66575103
5491,11005.273,10893.852,111.42187,2.115015,1.2808099
5492,10920.041,10804.575,115.46599,2.1964086,2.1253041
5493,10950.842,10821.763,129.07878,2.4772498,-0.82419194
5494,10574.163,10518.243,55.920028,1.091552,-0.35835643
5495,10765.431,10675.766,89.664971,1.7426537,-0.95484944
5496,10688.177,10578.3,109.87657,2.097213,-0.84083815
5497,10104.477,9990.673,113.80354,2.1096813,-1.1855797
5498,10439.953,10409.858,30.094843,0.53555057,-1.0196161
5499,10411.677,10257.289,154.38743,2.819386,0.49568849
5500,11768.426,11789.245,-20.81883,-0.31613873,0.47546021
5501,15836.655,15708.31,128.3452,1.8041125,2.0734097
5502,22621.614,22507.981,113.63316,1.4367618,0.59255601
5503,24133.479,24060.057,73.421629,1.3658123,0.89169454
5504,26629.251,26713.378,-84.126285,-1.2724366,0.075759449
5505,29193.594,29351.027,-157.43317,-2.9056135,-0.26521926
5506,31136.063,31220.272,-84.208606,-2.0058779,0.93141348
5507,29338.105,29519.469,-181.36426,-3.2876793,-0.36776987
5508,28764.099,28979.766,-215.66678,-4.1996588,-0.51054466
5509,29490.291,29629.169,-138.87791,-2.7304674,0.43930966
5510,30509.646,30638.104,-128.45851,-2.8445034,1.4061319
5511,30878.245,31051.425,-173.1796,-3.9905587,1.4871544
5512,31584.24,31682.528,-98.287804,-2.8345138,1.376837
5513,31784.899,31837.017,-52.117969,-1.6513142,0.33915
5514,31409.938,31586.477,-176.53942,-4.7833207,1.7384903
5515,30312.824,30440.24,-127.41646,-2.5939779,-0.20363931
5516,28810.755,29060.651,-249.89584,-4.6034219,0.41635538
5517,27285.864,27474.806,-188.94218,-3.2945753,1.6198288
5518,25254.223,25367.76,-113.5366,-1.9523329,-0.66478926
5519,22556.478,22736.682,-180.20436,-3.1013325,-0.64144952
5520,20730.042,20824.67,-94.628012,-1.7551553,-1.078346
5521,18901.283,18864.834,36.448717,0.6350486,-1.9287054
5522,16151.328,16247.608,-96.280404,-1.6886236,0.92992416
5523,14051.32,14023.785,27.534771,0.48937622,-1.0564848
5524,12088.249,12065.062,23.187698,0.4129004,0.83379215
5525,10300.895,10314.616,-13.721439,-0.25107349,1.3070044
5526,9102.0876,9010.7551,91.33244,1.7136717,0.57760062
5527,7997.8036,7882.9194,114.88412,2.1415154,0.80608811
5528,7170.4237,7074.6793,95.744364,1.8366153,0.025351121
5529,6457.7641,6374.0158,83.748305,1.6069478,0.46811691
5530,6296.1862,6134.2938,161.89235,3.1109394,2.3506455
5531,5738.9444,5636.6509,102.29351,1.991398,1.0035903
5532,5354.8939,5152.455,202.43891,3.946933,-0.91740044
5533,4897.3254,4779.1722,118.15325,2.2940855,-2.2935872
5534,4726.0529,4551.0774,174.97545,3.4034295,-0.66871778
5535,4773.4154,4588.3855,185.02992,3.5978158,0.047146201
5536,5057.0856,4882.9068,174.17881,3.3779942,0.2911192
5537,5505.5653,5350.6224,154.94285,2.9604704,0.18437144
5538,5975.2521,5778.6035,196.6486,3.7511307,-0.58807306
5539,6649.2339,6576.0253,73.208649,1.3972281,0.2102142
5540,7413.8004,7219.9684,193.83199,3.7171585,-0.44090738
5541,8256.0252,8202.2117,53.813556,1.0099371,0.118177
5542,9260.9389,9092.5498,168.38909,3.1228874,-0.39881574
5543,10231.416,10141.422,89.994373,1.6616832,0.02722796
5544,11267.535,11215.671,51.863111,0.96684606,0.055650152
5545,12249.625,12140.487,109.13867,2.0574641,-0.55323799
5546,13259.083,13163.779,95.304404,1.7798522,-0.93524637
5547,14045.463,13973.131,72.3316,1.3719864,-1.3389809
5548,14739.743,14703.52,36.223054,0.69549981,-0.91453875
5549,15226.698,15131.4,95.298541,1.8144224,0.37539285
5550,15648.619,15680.404,-31.785883,-0.60729062,0.90895799
5551,15898.458,15815.179,83.279868,1.6103728,0.20651238
5552,16074.174,16057.327,16.847345,0.32388292,0.58380462
5553,16101.845,16110.104,-8.2596895,-0.1608209,1.1488802
5554,16218.383,16203.223,15.159894,0.29417055,1.4799332
5555,16071.65,16059.45,12.199467,0.23193961,-0.054338222
5556,15965.513,16013.447,-47.933862,-0.91134705,-0.76977605
5557,15883.512,15771.804,111.70832,2.1163371,-1.3802821
5558,15458.865,15571.918,-113.05237,-2.188899,-1.2341113
5559,15313.243,15264.961,48.282887,0.9212508,-1.3745611
5560,15879.574,15882.414,-2.8399376,-0.053307647,-1.1126729
5561,14722.171,14713.125,9.0464006,0.16722028,1.0051061
5562,16158.599,16126.079,32.519828,0.60248787,0.74459949
5563,15363.535,15303.886,59.648261,1.1234066,-1.4644566
5564,15486.94,15495.179,-8.23887,-0.14729578,-1.8474919
5565,13974.166,13884.562,89.604068,1.6722806,-1.3986127
5566,15665.786,15667.16,-1.3733644,-0.025103781,0.19868396
5567,17239.151,17228.537,10.61396,0.20014501,0.45174993
5568,16305.13,16222.938,82.191394,1.4970602,-1.283298
5569,14765.09,14763.678,1.4126102,0.026982835,0.014143406
5570,14710.558,14722.73,-12.172067,-0.22789784,-0.64593055
5571,15594.187,15542.294,51.893143,0.99797348,-2.2243457
5572,15768.287,15758.357,9.9301495,0.19179696,-2.8212971
5573,15889.572,15957.333,-67.761736,-1.2860181,-1.5235181
5574,15716.38,15608.518,107.86211,2.0521319,0.16214261
5575,15332.734,15412.777,-80.043523,-1.5148958,0.22127143
5576,14869.207,14775.507,93.699992,1.7838224,0.078387212
5577,15081.682,15087.014,-5.3321667,-0.10245178,0.57276648
5578,15208.723,15160.215,48.507833,0.95025263,0.03233786
5579,14715.001,14662.875,52.125986,1.0210852,1.3073036
5580,14620.478,14577.34,43.138454,0.82421416,0.82003087
5581,13882.269,13810.654,71.615005,1.378521,-0.73890927
5582,13696.353,13631.191,65.162298,1.2503631,-1.7207959
5583,13575.17,13588.423,-13.253361,-0.25353817,-1.3733652
5584,12816.562,12736.809,79.752889,1.5284708,-1.5425028
5585,12605.097,12601.024,4.0729503,0.077542604,-1.1214099
5586,12306.783,12245.839,60.944569,1.1498383,-0.22863301
5587,11784.18,11727.469,56.710687,1.0651278,-0.36457718
5588,11128.578,11059.463,69.11464,1.3223029,1.2449688
5589,10582.848,10578.199,4.6490741,0.088897096,0.070994075
5590,10401.578,10293.485,108.09292,2.0875329,-0.089461488
5591,10103.265,10008.265,94.999291,1.7944444,0.6209332
5592,9775.8675,9730.2243,45.643127,0.8701749,1.9237578
5593,9496.1357,9321.9589,174.17677,3.3503979,0.041983995
5594,9064.2178,9008.5308,55.686946,1.1027188,0.69546259
5595,8918.2927,8791.5577,126.73504,2.4373924,-1.1821774
5596,8874.2627,8692.9795,181.28326,3.4689066,-1.2140649
5597,8785.4959,8738.2749,47.220976,0.91643679,-2.1012352
5598,8897.3886,8776.594,120.79456,2.3272933,-1.911201
5599,8727.3278,8575.1912,152.13666,2.9093017,-0.46100379
5600,8694.0024,8698.4392,-4.4368117,-0.084984816,0.024904093
5601,8964.9483,8780.0316,184.91673,3.5227869,0.81920336
5602,9044.5254,8970.4139,74.111542,1.4150504,-0.054637938
5603,9143.189,9050.9953,92.193694,1.7939669,0.4331993
5604,9334.8607,9220.1453,114.71541,2.2291625,0.022211498
5605,9464.2241,9367.861,96.363084,1.8285909,0.7202536
5606,9664.7826,9533.4724,131.31029,2.4785973,0.33542622
5607,9775.6655,9680.1769,95.488548,1.8205547,-0.31769588
5608,9959.5613,9860.5498,99.011578,1.8965495,-1.6120475
5609,10075.393,9965.5987,109.79377,2.108644,-0.14752581
5610,10218.591,10100.878,117.71257,2.2702302,-0.0086302696
5611,10318.264,10209.466,108.79827,2.0720902,-0.36501108
5612,10378.957,10308.55,70.407239,1.3302102,-0.27796845
5613,10441.669,10284.79,156.87954,2.9598394,-1.8303531
5614,10399.76,10391.659,8.10139,0.15567135,-0.93388361
5615,10370.676,10262.243,108.43285,2.0858129,-0.020105843
5616,10397.639,10292.676,104.9633,1.9997695,1.928039
5617,10275.547,10219.577,55.970521,1.079093,1.2651629
5618,10339.875,10204.209,135.66681,2.5913877,1.5494093
5619,9975.0122,9935.267,39.745246,0.75918657,1.39969
5620,10181.529,10091.577,89.952375,1.7270202,0.94981524
5621,10166.482,9995.0205,171.46151,3.2532281,0.23879268
5622,9517.7467,9451.2733,66.473444,1.2498464,-0.56131024
5623,9942.6966,9824.1517,118.54499,2.1413958,-0.39660865
5624,9885.9424,9736.3918,149.55062,2.7437729,0.51662582
5625,11187.654,11158.041,29.613364,0.45271427,0.42762837
5626,15353.638,15224.518,129.1197,1.7585701,0.66498105
5627,22734.315,22715.956,18.359027,0.21217181,0.63697094
5628,25733.403,25533.472,199.93041,3.5567091,1.2641849
5629,29410.714,29327.773,82.941492,1.2827847,-0.78196209
5630,31514.963,31350.496,164.46726,4.2791889,-1.4280028
5631,32037.264,31909.712,127.55143,4.4861031,-2.5324879
5632,30560.341,30341.46,218.88111,4.4085708,-2.4339197
5633,30310.804,30135.709,175.09462,3.6084542,-2.1648302
5634,30784.732,30570.06,214.67212,4.7329998,-2.198784
5635,31528.193,31370.717,157.47529,4.2395027,-1.837137
5636,32023.227,31962.894,60.33267,2.1834542,-1.8533244
5637,32352.846,32322.831,30.014796,1.9248705,-1.9933162
5638,32390.312,32320,70.311637,4.8376802,-3.6212188
5639,32248.022,32197.965,50.056846,2.4285089,-1.6122661
5640,31699.566,31430.673,268.89309,7.3831707,-5.348909
5641,30396.945,30202.035,194.91041,3.9718002,-0.90082964
5642,28597.27,28309.637,287.63357,5.137927,-0.024805799
5643,26314.881,26015.949,298.93182,5.1033935,0.36772368
5644,23461.314,23296,165.3144,2.7915317,0.1747875
5645,21332.929,21066.414,266.51549,4.7879931,0.70026786
5646,19198.384,18952.493,245.89133,4.1120574,-0.7881977
5647,16294.324,16140.436,153.88824,2.6941755,-0.62136634
5648,14062.63,13893.258,169.37287,3.0189447,-0.42565513
5649,11878.097,11639.912,238.18551,4.1929084,1.2058861
5650,9783.2394,9687.0521,96.187315,1.7373842,2.8455833
5651,8483.3452,8296.5434,186.80172,3.4586941,1.4600937
5652,7272.6217,7140.7014,131.92027,2.464075,1.0923899
5653,6592.0757,6438.218,153.85773,2.9632489,0.35095245
5654,5947.3799,5820.158,127.2219,2.4321953,1.0527632
5655,5709.1535,5508.0442,201.10922,3.8631747,1.6341291
5656,5068.8,4994.9321,73.86793,1.4197866,1.8499431
5657,4643.7491,4446.4329,197.31625,3.7666986,-0.42436303
5658,4159.1164,4112.9858,46.130589,0.87530733,-0.071921694
5659,3887.8675,3745.0616,142.80584,2.7079127,-1.947671
5660,3986.026,3893.485,92.541043,1.7996829,0.46371107
5661,4372.5002,4278.6983,93.801935,1.7805224,0.30667353
5662,4859.3546,4759.6588,99.695867,1.8936195,1.5613283
5663,5434.9759,5288.139,146.83692,2.7847378,0.46781645
5664,6181.7688,6130.7551,51.013702,0.96861437,0.41577785
5665,7071.6592,6875.9052,195.75396,3.7660148,1.6371325
5666,8018.7077,7920.6319,98.075781,1.8374949,1.7958585
5667,9056.9467,8917.03,139.91673,2.5820787,1.3970136
5668,10276.759,10062.863,213.89642,3.9716488,0.44165284
5669,11323.077,11216.278,106.79888,1.9976527,1.4144114
5670,12465.635,12211.968,253.66631,4.7443204,0.32145308
5671,13535.079,13351.229,183.84943,3.3847598,-0.64876351
5672,14413.355,14210.123,203.2322,3.8449855,-1.7305624
5673,15200.846,15038.079,162.76677,3.0777637,-0.59081491
5674,15656.394,15421.776,234.61881,4.3970917,0.97004039
5675,16162.941,16036.6,126.34091,2.4064465,1.250149
5676,16380.97,16119.204,261.76662,4.9432689,1.6379651
5677,16587.689,16417.668,170.02091,3.2130046,1.9612748
5678,16659.793,16469.232,190.56107,3.6401338,1.0898799
5679,16760.578,16516.954,243.62333,4.6356335,1.7110104
5680,16691.604,16454.471,237.13317,4.4796913,0.82558904
5681,16535.58,16318.686,216.89465,4.0800545,-0.33235676
5682,16437.927,16127.899,310.02773,5.863199,-1.9681724
5683,16032.77,15879.583,153.18708,2.955864,-1.6040756
5684,15825.142,15567.469,257.67321,4.9095447,-1.7287625
5685,16441.158,16181.788,259.36988,4.8667195,-0.34126219
5686,15195.594,15015.128,180.46652,3.3274154,-0.22803074
5687,16669.589,16442.439,227.14978,4.1670733,1.0584275
5688,15883.007,15640.569,242.43877,4.4776139,-0.40076094
5689,15951.981,15788.588,163.39339,2.8537139,-0.58741299
5690,14504.849,14237.22,267.62933,4.9653203,-0.035053721
5691,16108.308,15939.842,168.46567,3.0086307,1.418429
5692,17787.001,17600.809,186.19234,3.461962,2.5712126
5693,16845.608,16573.27,272.33775,4.9151613,0.46187372
5694,15299.307,15095.709,203.59798,3.8178045,0.62985199
5695,15331.118,15082.262,248.85571,4.6327062,-0.079641676
5696,16157.69,15895.052,262.63781,4.9532197,-0.53122665
5697,16371.579,16159.039,212.5392,4.0418916,-2.554296
5698,16541.034,16308.979,232.05407,4.4243658,-0.93275981
5699,16314.219,15999.798,314.42075,5.9519251,0.69006688
5700,15977.935,15792.43,185.50482,3.5120944,2.4376375
5701,15410.493,15128.164,282.3288,5.3634292,0.67593066
5702,15657.404,15450.793,206.61129,3.9407231,0.73800809
5703,15722.54,15482.641,239.89904,4.6267175,0.33225233
5704,15189.434,14966.294,223.14048,4.2978671,0.69196532
5705,15132.478,14887.128,245.35014,4.618308,1.0736664
5706,14306.613,14054.622,251.99058,4.8050959,0.05899941
5707,14127.464,13902.155,225.30869,4.2617955,-0.17971875
5708,13991.94,13794.78,197.15963,3.7155964,-1.4205274
5709,13181.324,12911.014,270.30965,5.1230002,-0.48087873
5710,13011.97,12760.569,251.4013,4.7855394,-0.51756707
5711,12573.892,12378.591,195.30108,3.6985192,0.22940763
5712,12103.7,11839.292,264.40794,4.9445921,-0.2184892
5713,11362.159,11096.569,265.58986,5.0690762,-0.14258833
5714,10805.018,10596.904,208.11412,3.953167,-0.9456347
5715,10571.942,10295.709,276.2323,5.2627599,-0.14012697
5716,10188.396,10001.795,186.60143,3.520179,0.92547746
5717,9906.5436,9692.8152,213.72842,4.0446314,1.1735056
5718,9514.6162,9244.4107,270.20543,5.1723392,0.75442247
5719,9059.9763,8919.1532,140.82309,2.7545114,0.43180857
5720,8940.5097,8702.1801,238.32957,4.5801754,-0.35719518
5721,8841.0383,8587.9305,253.10777,4.7750887,-1.4974052
5722,8802.6635,8647.9874,154.67615,2.9817428,-1.7136294
5723,8916.374,8685.5987,230.77523,4.4325209,-0.62206272
5724,8763.0769,8513.1122,249.96476,4.7828473,1.8709273
5725,8814.5799,8652.5371,162.04276,3.0842836,1.6252197
5726,8998.8797,8745.4534,253.42629,4.761787,1.5029803
5727,9208.426,8974.4581,233.9679,4.401259,1.2343427
5728,9260.6359,9021.6746,238.96133,4.6125344,1.1577657
5729,9498.2564,9232.1769,266.07948,5.1364728,-0.13894358
5730,9639.5361,9396.575,242.96106,4.636966,1.2214649
5731,9775.6655,9577.049,198.61651,3.7779387,1.1522987
5732,10000.461,9714.1485,286.31225,5.3827742,0.30958053
5733,10082.865,9913.5292,169.33626,3.2101359,-0.47791405
5734,10268.175,10015.141,253.03455,4.7666038,-0.35461232
5735,10423.391,10171.551,251.83958,4.8106112,0.3486419
5736,10504.685,10308.246,196.43837,3.7483512,-0.68134417
5737,10625.363,10388.727,236.63662,4.434765,-0.19016842
5738,10661.314,10362.338,298.97633,5.65425,0.25081414
5739,10645.258,10499.842,145.41557,2.748048,-0.051286081
5740,10680.704,10335.646,345.05762,6.5725507,-0.1369033
5741,10615.972,10432.708,183.26386,3.5083543,1.9874089
5742,10592.139,10302.989,289.14991,5.5673613,1.6552535
5743,10589.109,10320.177,268.93233,5.1280961,0.60630664
5744,10257.774,10005.232,252.54134,4.89157,0.40581055
5745,10426.118,10156.588,269.52988,5.2373192,0.25600035
5746,10367.344,10083.791,283.55212,5.4292877,-0.20598428
5747,9732.0394,9499.6019,232.43755,4.3347761,-1.0896307
5748,10102.356,9902.4076,199.94824,3.6028045,-1.4793624
5749,10044.087,9739.425,304.66182,5.5282471,0.15042702
5750,11301.87,11196.461,105.40853,1.6210641,-0.61574402
5751,15092.286,14993.592,98.693185,1.3993087,1.4767207
5752,21544.193,21679.014,-134.82171,-1.7188444,-0.097223101
5753,23150.176,23135.141,15.035337,0.27828135,1.9391418
5754,25676.447,25740.335,-63.888365,-0.95782527,1.5957218
5755,28292.191,28366.964,-74.772738,-1.3231237,-0.18698174
5756,30333.728,30503.532,-169.80457,-3.5206484,2.1881951
5757,28660.993,28665.226,-4.2334034,-0.074181646,-1.576989
5758,27974.69,28118.344,-143.65406,-2.7083138,-1.6896695
5759,28587.071,28680.19,-93.118962,-1.7464013,-0.83182906
5760,29626.622,29790.938,-164.3159,-3.3175118,-0.19064087
5761,30137.512,30255.924,-118.41253,-2.4081856,0.89456631
5762,30951.864,31076.904,-125.03933,-2.9464597,0.92817104
5763,31213.822,31276.992,-63.169616,-1.5790526,-0.83658747
5764,30780.087,30945.567,-165.48036,-3.7741029,0.88443754
5765,29574.615,29580.537,-5.9225291,-0.11099665,-2.2657326
5766,28025.385,28161.011,-135.62565,-2.4852132,-0.11847871
5767,26481.508,26593.062,-111.55313,-1.9658706,0.8501946
5768,24574.99,24497.946,77.043851,1.3485105,-0.14224984
5769,21909.46,21952.506,-43.045963,-0.7404352,-1.19013
5770,20124.125,20036.348,87.777103,1.5909205,-0.94932422
5771,18325.258,18196.828,128.42979,2.2137533,-2.0768133
5772,15707.594,15581.927,125.66715,2.1600631,-0.74530187
5773,13627.481,13432.72,194.76049,3.4843965,-1.1470015
5774,11726.618,11438.003,288.61459,5.1898966,-1.2229194
5775,9975.4162,9818.5908,156.82534,2.880948,2.6763194
5776,8785.6978,8495.5197,290.17808,5.3832266,1.2815158
5777,7626.4773,7419.3491,207.12819,3.862309,2.9913763
5778,6857.2655,6568.7457,288.51983,5.5573559,0.98669807
5779,6135.6181,5895.9874,239.63078,4.5900371,0.32665738
5780,5961.215,5656.1643,305.05069,5.8636364,1.8926387
5781,5404.2761,5185.0111,219.26508,4.1943677,1.4980989
5782,5017.398,4701.5229,315.87512,6.043055,0.90427045
5783,4591.7412,4341.7883,249.95291,4.808727,0.062199154
5784,4364.8252,4059.2986,305.52667,5.8329616,0.20480654
5785,4455.2079,4156.3602,298.8477,5.6731509,0.84299876
5786,4695.656,4432.9858,262.67023,5.0391367,0.01782082
5787,5169.3822,4889.5798,279.80247,5.297658,0.63307818
5788,5607.3594,5284.4992,322.86016,6.1433678,0.57527795
5789,6262.8607,6045.3207,217.54005,4.2251888,0.16269667
5790,7004.4024,6724.5498,279.8526,5.356702,0.67971104
5791,7824.7132,7625.3017,199.41148,3.699987,0.81469853
5792,8737.9314,8536.5687,201.36264,3.7303822,0.57124579
5793,9706.086,9490.5024,215.58363,3.9819111,0.57154336
5794,10664.445,10565.258,99.187466,1.8744432,0.024206882
5795,11639.972,11453.877,186.09482,3.5043139,-1.506993
5796,12585.303,12462.509,122.79466,2.2760899,-1.8267848
5797,13357.444,13266.3,91.143629,1.7172739,-1.8976832
5798,14058.894,13945.024,113.87019,2.1497604,-0.93793703
5799,14529.187,14354.705,174.48201,3.3100253,-0.7472288
5800,14969.284,14923.223,46.061669,0.88056347,0.69755959
5801,15195.493,15021.599,173.89475,3.3385727,-0.16867556
5802,15410.594,15299.64,110.95427,2.1312369,1.2745483
5803,15412.21,15302.673,109.53688,2.1221013,1.386095
5804,15547.329,15396.398,150.93128,2.9614687,-0.10892258
5805,15408.372,15306.313,102.05959,1.9641972,-0.67040089
5806,15307.184,15216.531,90.653415,1.7266786,-0.94765497
5807,15169.338,15049.605,119.73301,2.2639265,-0.85376842
5808,14791.65,14739.817,51.832958,1.0025397,-0.87913367
5809,14640.17,14510.812,129.35841,2.4724206,-0.73959818
5810,15186.203,15081.656,104.54715,1.9668686,-0.13462671
5811,14008.401,13952.708,55.693048,1.0205844,0.97235216
5812,15465.329,15358.079,107.24961,1.9674182,0.39323889
5813,14660.57,14537.706,122.86346,2.2820566,-0.40433534
5814,14789.024,14711.103,77.921377,1.3736227,-1.3750411
5815,13296.65,13136.986,159.66432,2.934522,0.70941916
5816,14926.567,14853.359,73.208649,1.3256251,0.5348408
5817,16586.881,16505.226,81.655354,1.5237428,1.0378844
5818,15643.771,15444.828,198.9434,3.5834832,-1.0632699
5819,14118.375,14013.068,105.30682,1.9990244,0.54318743
5820,14045.362,13957.258,88.104232,1.6557541,0.21136845
5821,14917.277,14766.61,150.66673,2.9011256,-0.18140896
5822,15045.529,15014.319,31.209879,0.59915657,-0.22956927
5823,15207.006,15105.011,101.99486,1.9256331,-0.97610925
5824,15004.731,14855.077,149.65316,2.8845588,1.4273689
5825,14631.284,14614.85,16.433708,0.31345748,0.99904267
5826,14128.877,13999.216,129.66089,2.4582576,2.3584436
5827,14362.458,14286.559,75.899141,1.4520448,0.57399667
5828,14483.844,14351.773,132.07128,2.5379192,0.80041592
5829,14019.711,13877.182,142.52957,2.7329492,0.38304579
5830,13886.006,13783.254,102.75118,1.9437032,0.46672214
5831,13195.361,13042.957,152.4036,2.9325695,-0.053180581
5832,13009.041,12871.583,137.45848,2.6347694,-0.62446189
5833,12917.144,12780.082,137.06184,2.6343717,-1.4357171
5834,12164.292,11981.649,182.64262,3.5256493,-1.3252202
5835,11957.068,11837.472,119.59589,2.2896812,-0.36907527
5836,11672.388,11503.216,169.17174,3.1994767,-0.64488498
5837,11125.851,11005.776,120.07522,2.2550103,0.012199396
5838,10486.709,10261.738,224.97151,4.2643192,-0.44371283
5839,9952.2903,9864.8973,87.393021,1.6794886,-0.091139553
5840,9748.9041,9528.0126,220.8915,4.3038965,-1.1198477
5841,9459.9826,9331.0585,128.92419,2.4500882,0.65809401
5842,9146.1176,9004.7899,141.32766,2.6924793,0.58473479
5843,8858.6099,8615.3302,243.27969,4.6289258,1.6436206
5844,8461.6331,8307.4629,154.17026,2.9995042,0.66875187
5845,8288.9467,8090.4897,198.45701,3.8457671,-0.85259313
5846,8284.9073,8022.8499,262.05738,5.0195621,-0.7709631
5847,8184.0221,8044.6888,139.33331,2.7128038,-0.32045744
5848,8314.4963,8049.8452,264.65107,5.1501835,-1.1513539
5849,8127.6718,7887.1659,240.50592,4.671035,0.10628129
5850,8111.0091,7991.7093,119.29975,2.303731,0.20138079
5851,8322.3732,8071.1785,251.19466,4.802539,1.2192207
5852,8419.5219,8267.2227,152.29914,2.9066671,1.3808089
5853,8480.9215,8291.2859,189.63556,3.6669373,1.3315497
5854,8692.0836,8494.5087,197.57494,3.8327606,0.51024813
5855,8800.0379,8615.6335,184.40438,3.5410932,0.8694494
5856,8948.3866,8785.2891,163.09749,3.1198498,1.4832665
5857,9108.7527,8910.6603,198.09232,3.7989823,-0.13895031
5858,9244.2761,9096.594,147.68214,2.8668782,-1.9068857
5859,9400.8047,9180.9163,219.88846,4.2556307,-0.58034365
5860,9501.387,9338.0348,163.35223,3.1705654,-0.24996475
5861,9632.0631,9433.8831,198.18002,3.7905479,-0.99991822
5862,9686.0907,9540.5498,145.54097,2.7387831,-0.39227937
5863,9752.8426,9455.722,297.12064,5.6596218,-2.5350176
5864,9713.66,9613.1438,100.5162,1.9672391,-0.91418492
5865,9679.5266,9468.5624,210.96423,4.0876483,-0.50581159
5866,9680.0316,9508.7014,171.33014,3.3060181,1.984939
5867,9566.3211,9445.1058,121.21526,2.3431313,1.5688005
5868,9612.1688,9386.97,225.19885,4.2550053,0.44723123
5869,9262.6556,9143.8104,118.84519,2.256708,0.24849582
5870,9459.9826,9286.4708,173.51187,3.3399642,0.13837657
5871,9413.529,9216.7077,196.82125,3.750044,-0.05221124
5872,8808.2178,8644.1453,164.07241,3.0793458,-0.65961841
5873,9210.7487,9047.0521,163.69659,2.9274444,-0.55480542
5874,9182.5736,8924.3096,258.26393,4.668816,-0.17245865
5875,10400.568,10362.237,38.331081,0.5909322,-0.18818177
5876,14428.907,14253.599,175.30856,2.4211682,0.20249664
5877,21494.002,21569.517,-75.514221,-0.8953422,-0.29087603
5878,24362.919,24276.727,86.192434,1.569208,-0.1315092
5879,28163.938,28278.092,-114.15317,-1.6204506,-0.64633748
5880,31007.71,30975.798,31.911876,0.7223879,-0.77980008
5881,32007.17,31971.994,35.176339,1.2860476,-0.37613094
5882,30683.645,30568.24,115.40484,2.3697547,-1.0386997
5883,30158.315,30095.267,63.04781,1.3155829,-0.79236084
5884,30619.822,30529.415,90.406214,1.9645258,-2.2286876
5885,31423.268,31372.638,50.629619,1.3493769,-0.24781708
5886,31870.334,31864.619,5.7144545,0.19073078,-0.32220235
5887,32284.983,32303.52,-18.53671,-1.094359,1.1804195
5888,32363.55,32326.572,36.978416,2.3582275,-2.4384815
5889,32245.8,32239.823,5.9773297,0.30414682,0.05334597
5890,31670.179,31517.725,152.45397,4.1802328,-4.277955
5891,30449.458,30340.853,108.60491,2.2710151,-1.473325
5892,28671.293,28547.033,124.25992,2.2259513,0.25139341
5893,26428.895,26141.017,287.8773,4.9508429,-1.12538
5894,23495.751,23371.324,124.42684,2.123315,0.50991433
5895,21271.732,21062.066,209.6654,3.7385132,-1.7319479
5896,19136.177,18912.657,223.51954,3.7951313,-2.0565382
5897,16170.616,15985.239,185.37763,3.1963559,-0.77323145
5898,13798.955,13585.896,213.05969,3.7848391,-2.0580652
5899,11625.935,11327.899,298.03562,5.2683071,-0.50345142
5900,9478.6651,9329.0363,149.62875,2.6778595,1.1608644
5901,8046.2769,7788.9921,257.28482,4.7418276,0.80096463
5902,6764.0552,6527.4945,236.56076,4.4281405,1.4549391
5903,5934.6556,5698.0221,236.6335,4.6279392,0.90902257
5904,5280.972,5047.406,233.56599,4.4461358,0.0049218016
5905,4992.3535,4767.2417,225.11175,4.3138924,0.97351884
5906,4452.6832,4219.6524,233.03079,4.5016883,0.73504403
5907,3954.7203,3709.4724,245.24796,4.6553828,-0.48640635
5908,3491.2947,3251.564,239.73069,4.6119918,-0.58143998
5909,3214.7945,2984.2401,230.55435,4.4460654,-0.17461054
5910,3247.615,3018.1106,229.50441,4.4009452,1.4993
5911,3574.6083,3394.5276,180.08064,3.3888894,0.15623339
5912,4047.6276,3841.6177,206.00992,3.8540485,0.74415817
5913,4595.8817,4370.0979,225.78371,4.2582589,0.28285583
5914,5363.4777,5218.6793,144.79841,2.7629136,0.067354981
5915,6191.7665,6006.7994,184.9671,3.570839,0.66127519
5916,7180.3203,7014.3191,166.0012,3.1106477,-0.0036712109
5917,8216.3377,8058.1359,158.20181,2.96704,0.037107434
5918,9403.4304,9175.9621,227.46829,4.2076229,-0.11899334
5919,10528.518,10385.795,142.72293,2.668001,0.80275687
5920,11623.814,11437.7,186.11396,3.5203325,-1.0027065
5921,12802.828,12595.362,207.46584,3.9007867,-1.7628395
5922,13635.257,13521.188,114.06881,2.1824058,-1.6598793
5923,14528.177,14313.858,214.31891,4.1229144,-2.0785099
5924,15032.704,14842.54,190.16346,3.6685948,-0.93248611
5925,15540.967,15452.006,88.960939,1.7411041,0.54133222
5926,15799.997,15604.272,195.72512,3.7833475,1.6162533
5927,15994.9,15859.766,135.134,2.5576383,0.40175976
5928,16115.276,15939.033,176.24256,3.4232138,0.20083745
5929,16216.565,16042.161,174.40375,3.3753259,-1.869939
5930,16113.862,15958.749,155.11312,2.9751107,-1.0233363
5931,16013.381,15868.765,144.61606,2.727293,-1.2180978
5932,15880.18,15668.676,211.50374,3.9738841,-1.5103156
5933,15520.265,15382.243,138.0218,2.6491998,-3.1673691
5934,15311.426,15125.536,185.8901,3.5584746,-2.0655616
5935,15900.276,15705.681,194.59525,3.6754003,-1.1342592
5936,14731.664,14540.638,191.02567,3.5164103,-0.14398796
5937,16101.34,15954.401,146.93838,2.6614879,0.25391834
5938,15424.53,15146.97,277.56019,5.1354889,-2.5615495
5939,15460.986,15355.248,105.73817,1.8836915,-2.0807009
5940,13997.09,13745.239,251.85179,4.7191568,-1.5163273
5941,15571.869,15449.984,121.88483,2.2043884,0.52447529
5942,17212.996,17102.964,110.032,2.0795434,2.3572504
5943,16357.542,16092.815,264.72645,4.8216639,1.1012701
5944,14780.541,14644.979,135.56176,2.5244535,-1.0438219
5945,14741.157,14610.603,130.55313,2.4309706,-0.49213675
5946,15631.451,15415.709,215.74157,4.1260274,-0.6039509
5947,15781.718,15661.295,120.42292,2.3390632,-0.1714231
5948,16032.265,15787.273,244.99179,4.7438992,-0.32614716
5949,15740.92,15556.651,184.26905,3.521048,0.26321616
5950,15464.016,15288.72,175.2954,3.3962219,0.30079145
5951,14916.267,14683.096,233.1703,4.5315749,-0.0016159784
5952,15114.806,14931.716,183.08988,3.5381118,0.80081201
5953,15242.149,14997.131,245.01799,4.756973,0.042834348
5954,14678.343,14533.156,145.1868,2.8150599,-0.56368009
5955,14629.062,14386.957,242.10459,4.6210581,-0.18236317
5956,13783.303,13643.425,139.8776,2.667688,-0.49272445
5957,13576.281,13367.912,208.36934,3.9188843,-1.2781791
5958,13482.465,13294.711,187.75379,3.5249638,-1.6325298
5959,12627.92,12435.311,192.60831,3.6423872,-2.9096851
5960,12428.775,12227.033,201.74158,3.8630728,-0.26387232
5961,12033.717,11870.433,163.28391,3.078879,-0.033633878
5962,11518.889,11292.006,226.88283,4.181087,0.44745791
5963,10828.346,10515.109,313.23656,5.9079337,0.18950711
5964,10192.133,10073.58,118.55277,2.2585643,-1.0607066
5965,9996.9262,9695.3428,301.58342,5.8189352,-1.4112762
5966,9622.0655,9447.4313,174.6342,3.3245655,1.1873014
5967,9305.4738,9051.2986,254.17519,4.9047855,2.0065623
5968,8942.5294,8642.2243,300.30506,5.7887085,2.2395573
5969,8463.9558,8336.1769,127.77888,2.4686832,1.9997147
5970,8328.0284,8053.9905,274.03788,5.2149435,-0.0052907694
5971,8200.2809,7998.1801,202.10077,3.8478791,-1.1540388
5972,8136.6596,7948.3349,188.32465,3.693682,-1.3265856
5973,8251.4809,8020.6256,230.85528,4.4574657,-0.34072677
5974,8077.0777,7848.8468,228.23095,4.356411,1.1810874
5975,8103.2331,7946.6161,156.61702,3.0006647,1.1654006
5976,8307.4272,8081.7946,225.63259,4.3110231,0.51211858
5977,8480.0126,8261.2575,218.75512,4.1630229,2.058804
5978,8581.0998,8329.9084,251.19143,4.8766138,2.2363697
5979,8770.5499,8585.5039,185.04595,3.5633372,1.4928213
5980,8951.7191,8654.2559,297.46321,5.7305753,0.12335538
5981,9101.0777,8954.9447,146.133,2.7951885,0.89195543
5982,9299.1116,8992.3539,306.75777,5.8272439,-0.45366962
5983,9442.1081,9257.6556,184.45248,3.5388828,-0.024937182
5984,9592.7795,9382.0158,210.76369,4.0449841,-1.7347142
5985,9737.6947,9499.2986,238.3961,4.631678,0.099263389
5986,9840.2966,9689.2765,151.02019,2.9004334,-0.16998387
5987,9916.2383,9690.6919,225.54632,4.2502483,1.3947753
5988,10001.875,9733.6619,268.21263,5.0339744,-0.2378816
5989,9937.3444,9853.9779,83.366496,1.5938651,-1.2260319
5990,9990.4631,9692.9163,297.54684,5.7470857,0.62063527
5991,9953.0982,9802.515,150.58322,2.8415859,1.6107886
5992,9880.8931,9638.218,242.67509,4.6657124,0.96433034
5993,9970.2659,9691.8041,278.46177,5.3515934,-0.3229285
5994,9553.2939,9393.2385,160.05534,3.0977128,1.8147394
5995,9813.7373,9518.6098,295.12748,5.6302321,-0.40773301
5996,9703.8643,9508.9036,194.96067,3.7107445,-0.26991977
5997,9105.1172,8804.3981,300.71906,5.7136793,-3.0661604
5998,9482.6036,9317.3081,165.29549,3.0455928,-1.6063692
5999,9400.9057,9098.4139,302.49182,5.5837144,-0.17029621
6000,10675.049,10564.145,110.90318,1.7061378,0.84127752
6001,14583.113,14388.07,195.0437,2.7715877,1.441745
6002,21191.044,21027.994,163.05011,2.0596294,1.1704677
6003,22897.307,22686.028,211.27807,3.9036052,-0.090016474
6004,25372.68,25224.088,148.59161,2.2171294,0.71383209
6005,28239.779,27977.302,262.47735,4.5593962,1.4141361
6006,30509.343,30266.338,243.00473,4.8912863,-1.0093486
6007,28851.957,28379.804,472.15329,8.091474,-1.7392965
6008,28149.295,27823.115,326.18014,5.9106506,-0.43136831
6009,28774.501,28381.624,392.87697,7.2375889,-1.6798376
6010,29872.625,29485.902,386.7228,7.6338097,-1.9272186
6011,30276.267,30015.798,260.46888,5.3124116,-1.7154583
6012,31115.058,30793.605,321.45293,7.3586136,-3.4209243
6013,31376.41,31112.392,264.01847,6.5193879,-2.9816791
6014,30997.51,30686.028,311.48162,6.9104303,-3.4882619
6015,29827.888,29366.193,461.69524,8.5160942,-3.9999321
6016,28258.159,27905.415,352.7431,6.288466,-0.21991429
6017,26643.793,26228.474,415.31936,7.2654056,1.2498351
6018,24678.299,24219.299,459.00044,7.829995,0.6893352
6019,21908.147,21557.485,350.66175,5.9390622,0.44430455
6020,20010.818,19643.248,367.57012,6.5359166,-0.017115523
6021,18183.069,17776.227,406.84155,6.9321373,-0.7298413
6022,15420.592,15049.908,370.68334,6.3828495,-1.3104752
6023,13282.613,12949.333,333.27968,5.9690081,-0.38318888
6024,11270.463,10885.763,384.70008,6.9085948,-0.90403527
6025,9513.2024,9233.6935,279.50884,5.0755475,1.7102253
6026,8230.9807,7907.7915,323.1892,6.01986,1.0935423
6027,7064.5901,6723.0332,341.55696,6.3433491,0.15111448
6028,6211.6607,5983.545,228.11573,4.4439063,0.97562552
6029,5467.4935,5186.5276,280.96584,5.407836,-0.44858886
6030,5245.2229,5005.9526,239.27027,4.5809203,1.1016817
6031,4680.4071,4488.2907,192.11642,3.6833928,0.24819572
6032,4255.8611,3992.872,262.98911,5.0461333,-0.53585127
6033,3832.931,3635.0585,197.87251,3.7404887,-1.2532275
6034,3566.0245,3350.7488,215.27564,4.0518478,-1.6105713
6035,3640.8552,3436.4866,204.36865,3.8750497,-0.099264421
6036,3898.37,3688.2401,210.12989,3.9808192,-0.55518
6037,4354.8276,4139.7788,215.04878,4.0565319,-0.45086132
6038,4868.7464,4568.1643,300.58205,5.7057925,0.74466285
6039,5471.5329,5345.6682,125.86469,2.404052,0.020040436
6040,6331.1274,6032.1769,298.95048,5.6644517,0.16888387
6041,7108.0142,6908.3602,199.65401,3.721946,1.297915
6042,8094.2454,7820.7393,273.50603,5.1702424,0.30215416
6043,9099.9669,8836.8531,263.11378,4.9267467,0.35437508
6044,10075.695,9882.9953,192.7002,3.6473927,0.71662501
6045,11073.641,10830.155,243.48621,4.5770037,-0.49604469
6046,12049.067,11756.891,292.17567,5.3278634,-0.81308992
6047,12872.811,12634.389,238.42242,4.4696854,-1.2936724
6048,13596.68,13308.866,287.81436,5.4166007,-1.2879682
6049,14041.827,13755.45,286.37698,5.4803705,0.99091004
6050,14561.3,14315.374,245.92579,4.7175744,0.18652035
6051,14770.948,14436.196,334.75164,6.4162307,1.1811211
6052,15018.162,14691.791,326.37027,6.1288324,0.54600852
6053,15068.554,14723.033,345.52067,6.5801796,0.64319385
6054,15167.924,14845.371,322.55301,6.1789853,-1.9007177
6055,15117.532,14749.321,368.21145,7.0333263,-1.2093595
6056,14932.727,14661.359,271.36881,5.1363962,-1.2068097
6057,14860.724,14458.338,402.38619,7.5692645,-0.37433673
6058,14473.341,14196.474,276.86729,5.2494159,-0.1680733
6059,14284.396,13944.013,340.38342,6.4065866,-2.3862559
6060,14870.217,14528.809,341.40812,6.3195374,0.44998066
6061,13635.055,13345.163,289.89212,5.2685734,-0.31704097
6062,15102.485,14790.37,312.11554,5.712388,-0.67548099
6063,14312.066,13936.329,375.73768,6.9065645,-1.6628975
6064,14409.316,14184.442,224.87364,3.9051921,-0.91983195
6065,12940.068,12559.773,380.29534,6.9578101,0.65582255
6066,14468.999,14247.532,221.46643,3.945782,2.4402076
6067,16244.639,15903.747,340.89182,6.4374669,2.0454642
6068,15282.14,14902.698,379.44138,6.9493884,0.52180785
6069,13785.12,13468.107,317.01289,5.9129635,-0.84754506
6070,13693.223,13366.092,327.13125,6.1182505,-0.6450054
6071,14546.455,14191.014,355.44101,6.7237097,-1.008046
6072,14737.521,14396.158,341.36313,6.4793917,-2.809422
6073,14860.118,14574.104,286.01408,5.3573431,-0.52367882
6074,14675.92,14272.91,403.00957,7.6458007,1.2718279
6075,14309.643,14045.927,263.71527,4.9239914,1.0960094
6076,13742.302,13397.536,344.76662,6.4383672,0.83121672
6077,14011.935,13678.408,333.52772,6.2353122,-0.092481227
6078,14101.914,13748.777,353.13675,6.6402946,0.30484007
6079,13601.729,13303.507,298.22228,5.6679579,1.5372253
6080,13516.194,13180.259,335.935,6.2501252,1.5202734
6081,12756.475,12463.823,292.65189,5.5268886,-0.62649316
6082,12623.375,12205.194,418.18084,7.9090214,-1.3980897
6083,12468.361,12209.946,258.41505,4.8261207,-1.3528013
6084,11750.955,11347.817,403.13868,7.5867706,-1.862445
6085,11546.862,11212.537,334.3252,6.306222,-0.012109593
6086,11212.093,10877.27,334.82295,6.3005338,-0.75692156
6087,10732.813,10335.343,397.46981,7.372348,0.61117976
6088,10005.914,9676.7393,329.17467,6.1814772,0.62134798
6089,9490.1775,9195.2733,294.90421,5.6310507,0.52835186
6090,9251.7491,8900.8531,350.89603,6.7042039,0.075986641
6091,8904.8615,8661.1311,243.73042,4.4936505,1.1321523
6092,8652.2951,8318.7867,333.50834,6.2333298,0.86450533
6093,8286.725,7963.9052,322.81984,6.0979858,-0.1650433
6094,7890.4552,7640.872,249.58319,4.812004,-0.22818063
6095,7722.6162,7426.0221,296.59406,5.7169559,-0.4279908
6096,7661.6205,7335.128,326.49255,6.1244754,0.058445751
6097,7639.8075,7312.4803,327.32724,6.2516294,-2.0829481
6098,7679.4951,7435.3239,244.17121,4.6168429,-1.1725378
6099,7581.1345,7154.3507,426.78381,8.1334647,-0.9874559
6100,7547.0012,7340.6888,206.3124,3.9371402,2.2701571
6101,7749.4785,7373.4471,376.03142,7.1287695,1.9850716
6102,7894.8986,7553.921,340.97761,6.464406,1.8142547
6103,7932.6675,7661.0932,271.57425,5.2058662,1.0591532
6104,8133.428,7793.9463,339.48172,6.5098577,0.33738444
6105,8237.5448,7969.7694,267.77542,5.122271,1.4300725
6106,8362.7677,8075.8294,286.93827,5.4923456,-0.3567635
6107,8573.7278,8191.09,382.63776,7.2555245,0.36760514
6108,8643.4083,8437.2828,206.1255,3.9017618,-0.68146782
6109,8810.3385,8459.3239,351.01461,6.6632812,0.14398331
6110,8951.9211,8653.0427,298.87845,5.7364108,0.60810045
6111,9046.0402,8735.4439,310.59632,5.9477278,0.76622114
6112,9173.7878,8803.5893,370.19851,6.893606,0.61248427
6113,9158.0339,8815.2164,342.8175,6.3632744,-0.58985744
6114,9202.7708,8880.5308,322.24,6.1356138,-0.60662408
6115,9163.7901,8834.2243,329.56581,6.3536226,0.85294954
6116,9155.4083,8786.1991,369.20923,7.0033968,1.5013043
6117,9073.5085,8749.3965,324.11196,6.1552149,2.074886
6118,9103.6024,8765.3712,338.23112,6.3810494,0.073188915
6119,8741.9708,8421.0047,320.96607,6.1099552,0.19041543
6120,8944.3471,8636.158,308.18916,5.9023828,0.33542132
6121,8854.3684,8499.3618,355.00667,6.6909873,-0.33326409
6122,8299.5503,7960.872,338.67826,6.3317711,-1.1758389
6123,8639.3688,8379.6524,259.71639,4.6651441,-1.2012594
6124,8605.1345,8170.8689,434.26564,7.8933946,0.87103787
6125,9822.826,9669.0553,153.77074,2.3606377,0.29014079
6126,13801.177,13476.904,324.27349,4.4318402,1.320389
6127,21152.669,20890.793,261.87598,3.0055878,1.4184295
6128,24215.176,23832.67,382.50651,6.8006925,1.396751
6129,27849.467,27517.978,331.48957,4.7538382,-0.80481631
6130,30125.999,29926.319,199.6801,4.0583159,-1.3158656
6131,31031.542,30839.709,191.83309,4.3528029,-1.7176786
6132,29119.571,28853.384,266.18692,4.7573578,-2.0198173
6133,28628.576,28468.979,159.59647,3.0104083,-0.92318758
6134,29130.578,28903.431,227.14702,4.2779407,-1.5240897
6135,30129.837,29961.605,168.23163,3.4344305,-0.33938168
6136,30999.53,30849.314,150.21541,3.3609056,-1.8860086
6137,31856.903,31730.755,126.14743,4.0389654,-3.1682431
6138,31885.583,31757.75,127.83225,4.0679622,-3.1741048
6139,31530.01,31413.687,116.32305,3.098352,-1.43809
6140,30421.889,30155.728,266.16048,5.2994618,-3.4371031
6141,28713.909,28501.94,211.9693,3.8707341,-0.42658048
6142,26842.029,26595.791,246.23772,4.2690884,1.0605847
6143,24630.533,24337.491,293.04123,5.0470561,-0.56885375
6144,21870.58,21621.384,249.196,4.2913939,-1.3547118
6145,19698.064,19442.25,255.8143,4.6029463,-0.80662485
6146,17665.313,17299.817,365.49607,6.3299905,-1.7948977
6147,14859.714,14591.899,267.8155,4.6486682,-0.66650687
6148,12628.525,12310.445,318.07995,5.6080348,-1.0759231
6149,10449.546,10112.607,336.93972,5.9322235,0.7233957
6150,8429.5195,8197.3586,232.16092,4.1763411,1.3648736
6151,7109.9329,6774.0916,335.84131,6.2247597,0.7819013
6152,6028.5728,5668.0948,360.47799,6.6309349,0.90419795
6153,5256.0284,4957.8262,298.20218,5.6901432,1.357581
6154,4705.8556,4361.4028,344.45278,6.5688445,1.9967916
6155,4406.5325,4064.455,342.07757,6.4754713,2.3952347
6156,3815.5613,3518.6856,296.87572,5.7026954,1.4447486
6157,3421.1093,3022.2559,398.85335,7.5702301,0.49557061
6158,2925.2671,2645.8389,279.4282,5.281825,-1.7509201
6159,2709.5606,2338.0727,371.48788,7.0087498,-0.36230186
6160,2755.7112,2414.7109,341.00034,6.3646,0.79790925
6161,3140.3677,2790.9258,349.4419,6.6014873,-1.3276748
6162,3640.9562,3292.4107,348.54547,6.5776001,0.15632395
6163,4136.3945,3765.5861,370.80838,6.9561738,-1.1670072
6164,4895.2047,4623.267,271.93775,5.143039,1.2350408
6165,5690.37,5336.6698,353.70019,6.7506218,0.94197578
6166,6613.6868,6335.4945,278.19231,5.1872578,1.2234889
6167,7662.3274,7308.436,353.8914,6.6144544,0.68974468
6168,8718.1381,8433.7441,284.39399,5.230536,1.110208
6169,9841.5085,9551.8736,289.63486,5.4073401,1.4614896
6170,10864.499,10550.092,314.40699,5.9129694,-0.30251595
6171,11967.066,11605.637,361.42923,6.691927,0.48086232
6172,12827.165,12527.419,299.74664,5.6093426,-0.49666649
6173,13579.916,13281.062,298.85476,5.6536644,-0.80164222
6174,14114.032,13727.343,386.68954,7.3268321,0.68141816
6175,14519.795,14282.313,237.48208,4.5043697,1.0265607
6176,14767.817,14391.81,376.00654,7.167399,-0.33770137
6177,14954.843,14662.37,292.47372,5.5853404,-0.31045007
6178,15030.28,14721.415,308.8646,5.9587282,0.18617814
6179,15110.867,14799.57,311.29676,6.0579857,0.81624654
6180,14968.174,14677.434,290.73913,5.5191462,0.59994868
6181,14889.202,14616.265,272.93696,5.1863777,-0.10254073
6182,14735.198,14370.679,364.51912,6.8923959,-0.95840181
6183,14335.192,14147.235,187.95672,3.6038826,-0.80827744
6184,14170.989,13843.412,327.57624,6.2013856,-0.65398449
6185,14735.905,14460.765,275.14071,5.0940654,0.22240546
6186,13574.665,13275.197,299.46762,5.4641563,0.89717095
6187,15003.317,14699.374,303.94236,5.5428092,0.47101262
6188,14272.177,13938.351,333.82601,6.1648749,-2.2523944
6189,14403.863,14120.948,282.91485,5.0411431,-1.018089
6190,12878.971,12537.529,341.44198,6.3144501,-0.54304726
6191,14446.681,14155.223,291.45812,5.2837294,1.3356046
6192,16136.786,15896.872,239.91376,4.4820542,2.1623375
6193,15264.366,14896.025,368.3408,6.656368,-0.61450946
6194,13715.44,13424.935,290.50461,5.4342386,-0.50565523
6195,13570.626,13336.367,234.25913,4.3578837,-0.98103584
6196,14513.029,14173.321,339.7081,6.4736936,-0.29955901
6197,14646.23,14385.441,260.78883,4.9805904,-0.77482526
6198,14834.468,14607.469,226.99866,4.2859224,-0.20399909
6199,14620.478,14233.782,386.69612,7.3898705,0.70537855
6200,14267.834,14088.493,179.34143,3.4089268,0.81925183
6201,13754.118,13369.63,384.48722,7.2531943,-0.20515901
6202,13930.036,13665.163,264.87279,4.9840795,0.94409159
6203,14085.352,13750.193,335.15954,6.4581662,-0.0097186139
6204,13542.955,13240.417,302.53836,5.8630145,1.0371188
6205,13465.903,13142.445,323.45746,6.1508327,0.32580155
6206,12682.452,12333.7,348.75223,6.7431284,-0.58101023
6207,12437.056,12134.319,302.73651,5.7308674,-0.2901927
6208,12326.375,12053.434,272.94031,5.1586764,-1.5680506
6209,11522.222,11167.444,354.77778,6.7647815,-2.0600964
6210,11261.172,11000.518,260.65422,4.9173859,-0.25445797
6211,10929.837,10613.485,316.35169,5.8998059,0.81621719
6212,10400.366,10103.81,296.55565,5.514579,1.0175439
6213,9698.2091,9352.2907,345.91839,6.5526542,0.91358041
6214,9139.0485,8883.7662,255.28233,4.8951758,0.67974699
6215,8899.7112,8585.7062,314.00508,6.0061645,0.11954703
6216,8629.1692,8261.3586,367.81062,6.9101062,1.0447103
6217,8256.5302,8003.6398,252.89037,4.7756357,1.2777936
6218,7979.828,7549.9779,429.85012,8.193641,-0.79994652
6219,7528.0158,7266.376,261.63979,5.049473,1.2903554
6220,7372.0931,7024.8341,347.25897,6.6392601,-0.46012316
6221,7317.9645,6916.8531,401.11142,7.6958017,-0.37552236
6222,7239.0943,7000.3665,238.72777,4.60249,-2.1166098
6223,7332.5065,6999.861,332.64553,6.3136317,-0.49334143
6224,7194.3574,6830.812,363.54539,6.9506575,0.67916878
6225,7156.9925,6942.534,214.45854,4.0966793,0.31584974
6226,7400.6722,7009.0616,391.61058,7.4185086,0.69580739
6227,7528.0158,7253.94,274.07581,5.1580941,0.027560693
6228,7607.189,7284.3728,322.81613,6.1814842,0.4090474
6229,7835.6197,7525.8136,309.80614,5.9188689,0.46721523
6230,7950.845,7626.6161,324.22886,6.1582044,1.9895866
6231,8158.1696,7809.7188,348.45083,6.6484505,0.63123759
6232,8297.9345,7990.9005,307.03404,5.7950714,0.59291803
6233,8459.7144,8133.8641,325.85026,6.2601131,-0.97658757
6234,8607.1542,8297.4534,309.70084,5.9475154,-1.2206588
6235,8747.525,8365.0932,382.43184,7.3737572,0.19940553
6236,8853.5606,8537.1754,316.3852,6.0960838,1.2182348
6237,8901.428,8615.0269,286.40115,5.3956959,0.71180432
6238,8957.8793,8559.8231,398.05623,7.4970793,-0.57262092
6239,8930.815,8721.5924,209.22257,4.033241,-1.2496418
6240,8889.6126,8524.7393,364.87329,7.0561892,0.25596757
6241,8907.9921,8619.0711,288.92102,5.4977538,2.1161904
6242,8795.2915,8513.2133,282.07825,5.3996111,2.1003337
6243,8850.7329,8493.0932,357.63973,6.8269648,0.90031066
6244,8501.9266,8239.4186,262.50799,5.0374626,0.7449945
6245,8668.6548,8337.7946,330.8602,6.3357398,0.55222334
6246,8693.2955,8308.575,384.72042,7.308966,0.6749785
6247,8004.1657,7710.0284,294.13724,5.5609927,-0.95182877
6248,8441.032,8121.1248,319.90715,5.762472,-0.53308593
6249,8357.8193,7983.2164,374.6029,6.8442775,0.74082833
6250,9567.6339,9308.3096,259.32429,4.0247349,0.96319776
6251,13344.619,13059.64,284.97873,4.0680214,0.93430154
6252,19825.912,19636.878,189.03407,2.3866391,0.65607204
6253,21412.91,21140.322,272.58818,5.0751129,0.65515865
6254,23617.742,23616.101,1.640906,0.024928018,-1.4219037
6255,26194.203,26293.687,-99.484442,-1.730855,0.64487854
6256,28449.527,28623.065,-173.53735,-3.0963209,-0.82223594
6257,26687.318,26757.864,-70.545796,-1.2002506,-1.8633383
6258,25960.319,26106.035,-145.71602,-2.7105057,-1.8837889
6259,26628.645,26689.719,-61.073434,-1.1233562,-0.83558132
6260,27702.028,27798.041,-96.013461,-1.792475,-0.79245893
6261,28254.321,28332.689,-78.367679,-1.4487607,-0.051168139
6262,29140.778,29272.67,-131.89192,-2.5438213,0.73930467
6263,29500.289,29564.461,-64.172538,-1.2492191,-1.0982536
6264,28970.414,29181.978,-211.56368,-4.0250452,-1.8730537
6265,27608.817,27623.937,-15.119452,-0.26570964,-2.5422193
6266,26038.078,26178.427,-140.34843,-2.5701005,0.50432006
6267,24491.979,24586.414,-94.434415,-1.6651764,1.8707211
6268,22585.461,22572.992,12.469043,0.21738955,1.1644516
6269,19972.241,20015.722,-43.480539,-0.75078412,-0.0086770966
6270,18124.8,18096.632,28.168088,0.51423985,-0.023176749
6271,16469.838,16322.224,147.61394,2.5944086,-1.2329079
6272,13796.633,13724.107,72.525317,1.2793139,-0.55908518
6273,11753.985,11592.19,161.79544,2.9245479,-1.3322701
6274,9874.43,9622.6477,251.78227,4.5860938,0.69573823
6275,8188.0615,8015.4692,172.59234,3.1739332,1.7227486
6276,7076.4055,6711.406,364.99952,6.80551,0.52707554
6277,5947.6828,5661.5229,286.15993,5.3663965,0.67457704
6278,5207.959,4843.5766,364.38236,7.0713679,0.094551939
6279,4512.669,4169.3017,343.3673,6.6256417,0.53935393
6280,4294.3369,3904.7077,389.62914,7.5443832,1.862108
6281,3779.2063,3464.4929,314.71342,6.0451557,0.70082025
6282,3378.998,2969.3776,409.62046,7.6970692,-0.816885
6283,2936.4765,2617.7314,318.74509,5.9309044,-0.68310596
6284,2707.1369,2335.0395,372.09739,7.0027995,-0.4948241
6285,2751.4698,2401.466,350.00379,6.6376278,1.3532972
6286,3046.0465,2650.6919,395.35461,7.342327,-0.3841952
6287,3439.9937,3138.831,301.16272,5.6252,1.278619
6288,3916.1436,3502.5087,413.6349,7.7427986,0.23430989
6289,4527.716,4281.0237,246.69228,4.677146,1.4224929
6290,5304.1988,4899.9937,404.20514,7.6650016,0.37747557
6291,6093.103,5785.0742,308.02871,5.7328966,1.6446057
6292,6985.013,6706.3507,278.66231,5.277748,1.5759869
6293,7982.7566,7626.515,356.2416,6.7552626,0.35021855
6294,8867.7996,8672.6572,195.14242,3.7159584,1.3481273
6295,9838.9838,9522.8562,316.12759,5.916382,-0.85306719
6296,10751.596,10500.449,251.1474,4.6354861,-1.0880743
6297,11500.308,11323.551,176.75635,3.3628136,-1.0985932
6298,12181.46,11984.379,197.08042,3.7618379,-1.5488534
6299,12567.53,12375.355,192.17433,3.6770219,0.89970644
6300,13037.822,12950.041,87.781411,1.6877698,0.70137659
6301,13250.6,13029.712,220.88791,4.2170729,1.1497365
6302,13407.735,13320.594,87.140914,1.6548959,2.0104136
6303,13469.639,13313.618,156.02175,2.9880038,0.74703208
6304,13555.781,13439.697,116.08399,2.2347404,1.9029342
6305,13495.997,13311.191,184.80569,3.5365969,0.7234198
6306,13370.673,13259.223,111.45023,2.1339648,0.61514636
6307,13273.322,13074.401,198.92102,3.7649587,-1.2103983
6308,12930.474,12801.112,129.362,2.4649305,-1.4532568
6309,12718.504,12569.782,148.72215,2.8300914,-0.93050733
6310,13342.094,13123.336,218.75739,4.1087353,-0.36810253
6311,12104.609,12000.556,104.05299,1.9179208,0.21863458
6312,13566.788,13408.253,158.5354,2.9109404,0.21615941
6313,12775.359,12576.051,199.30882,3.6913892,-1.629253
6314,12866.449,12800.101,66.347809,1.1679282,-0.91311629
6315,11391.445,11177.959,213.48565,3.9712138,0.47608145
6316,12910.984,12819.109,91.874822,1.6522192,1.4480763
6317,14639.161,14566.724,72.437014,1.3525537,1.8702324
6318,13769.265,13527.861,241.4045,4.4734843,1.3819046
6319,12213.371,12112.278,101.09316,1.9140389,0.45744911
6320,12130.563,11941.106,189.45668,3.5284981,-1.348077
6321,12985.714,12820.019,165.69465,3.1100435,-1.1444227
6322,13164.964,13021.017,143.94672,2.7120099,-3.2126329
6323,13348.658,13176.821,171.8365,3.2923273,-1.316817
6324,13093.769,12906.06,187.7088,3.5958342,0.26050343
6325,12792.628,12642.882,149.74649,2.8339335,0.58768444
6326,12200.95,12048.784,152.16633,2.8924652,0.95418277
6327,12441.802,12281.833,159.96943,3.0285042,-0.11661757
6328,12536.022,12395.172,140.84989,2.6832901,0.37950443
6329,12001.704,11884.891,116.81315,2.2183358,1.3627311
6330,11991,11795.615,195.38507,3.6608302,1.3211141
6331,11175.132,11061.586,113.54605,2.1786012,0.076215141
6332,11027.389,10841.984,185.40515,3.5445176,-1.1250126
6333,10951.347,10820.246,131.1003,2.474417,-1.2316845
6334,10173.147,10005.839,167.30828,3.1778716,-0.0096031731
6335,10057.619,9840.6319,216.98702,4.1676702,0.34857608
6336,9697.3002,9552.1769,145.12326,2.8098439,0.33059652
6337,9259.727,9018.4392,241.28784,4.6129217,-0.80593415
6338,8610.3858,8367.2164,243.16937,4.7443678,-0.35530799
6339,8059.6071,7888.1769,171.43017,3.3447419,-0.94787061
6340,7919.0343,7603.9684,315.06592,6.1082594,-0.13529613
6341,7549.2229,7409.1374,140.08544,2.6888694,1.4134228
6342,7311.2994,7075.9937,235.30573,4.5252352,1.8585336
6343,6990.6682,6717.9779,272.69036,5.3028965,2.1287914
6344,6529.3633,6383.3175,146.04578,2.8700073,0.75592329
6345,6454.8355,6167.7599,287.07563,5.5605826,-0.19588325
6346,6339.7112,6091.8294,247.88186,4.7467472,-0.71348539
6347,6310.3243,6111.7472,198.57702,3.8594696,-1.1140753
6348,6411.4114,6167.6588,243.75267,4.7227806,-0.43558372
6349,6237.0083,5947.7536,289.25473,5.6219955,1.7141376
6350,6292.6517,6077.169,215.48264,4.1618774,1.995972
6351,6424.7416,6152.6951,272.04651,5.1866935,1.9829651
6352,6597.0241,6323.2607,273.7634,5.2332286,-0.52183703
6353,6643.2757,6415.5703,227.70544,4.4962293,0.34870124
6354,6804.1467,6527.3934,276.75338,5.4411805,-0.78743342
6355,6946.2343,6686.7362,259.49814,5.028364,2.516851
6356,7035.6071,6835.9684,199.6387,3.8234119,1.2693695
6357,7212.03,6931.7156,280.31434,5.4522877,-0.30019247
6358,7302.9176,7152.0253,150.89228,2.9582325,-0.78444772
6359,7401.2781,7179.425,221.85315,4.2968574,-1.0656237
6360,7588.9105,7350.7994,238.11109,4.6247706,0.15220814
6361,7610.2185,7435.3239,174.89469,3.3779475,-0.4793955
6362,7726.4536,7525.1058,201.3478,3.8614486,0.13613764
6363,7750.1854,7501.1438,249.04164,4.8018266,-1.2103916
6364,7729.1803,7581.4218,147.75848,2.8708531,-1.3532746
6365,7762.2028,7478.2938,283.90892,5.5890861,-0.17492279
6366,7682.8276,7502.6603,180.16727,3.5061649,1.5133724
6367,7680.303,7439.9747,240.32824,4.6266532,1.2516509
6368,7678.8892,7438.1548,240.73433,4.6930373,0.62868764
6369,7332.4055,7106.1232,226.2823,4.4757134,0.58622474
6370,7555.484,7336.3412,219.14279,4.3238765,0.43293369
6371,7467.626,7208.6445,258.98149,5.0212324,-1.4244862
6372,6880.2903,6668.9415,211.34879,4.0070998,-0.99243803
6373,7247.5771,7082.7678,164.80935,2.9789613,-1.2436318
6374,7165.3744,6876.4107,288.96362,5.2994853,0.90344987
6375,8404.172,8315.248,88.923967,1.3901282,0.61224969
6376,12226.903,12022.395,204.50841,2.8517254,1.7109096
6377,19327.243,19291.501,35.741814,0.42643758,1.0232145
6378,22240.593,22101.94,138.65333,2.5007136,0.72465107
6379,26041.512,25977.125,64.386835,0.89115439,1.1123063
6380,29249.035,29081.782,167.25312,3.1153707,0.98532379
6381,30780.996,30653.371,127.62441,2.7988386,-1.83897
6382,29053.425,28711.431,341.99357,5.9723502,-2.6013974
6383,28319.053,28092.158,226.89528,4.2576291,-1.7907481
6384,28816.814,28504.569,312.24548,5.9680661,-2.3918461
6385,29807.489,29602.275,205.21388,4.1193456,-1.9172924
6386,30583.77,30381.599,202.17089,4.2307429,-2.6421327
6387,31564.043,31443.008,121.0347,3.3275473,-1.7203965
6388,31759.754,31592.24,167.51372,4.8409821,-4.7554548
6389,31408.12,31272.24,135.87979,3.4530258,-2.3420154
6390,30311.107,29969.39,341.7167,6.6155768,-4.4958201
6391,28543.142,28354.022,189.1195,3.4332478,-0.93469986
6392,26726.097,26439.583,286.5141,4.9768542,0.15967813
6393,24435.023,24087.558,347.46561,5.9145027,-0.7081113
6394,21552.877,21286.622,266.25488,4.4544599,-0.72585536
6395,19358.649,19012.449,346.20065,6.1754936,0.12565222
6396,17189.365,16863.343,326.02208,5.5733512,-2.1027229
6397,14308.835,13995.678,313.15699,5.3752339,-2.0035995
6398,11921.622,11616.354,305.26822,5.3560527,-1.4160778
6399,9711.2363,9313.3649,397.87136,7.066568,-1.0341658
6400,7613.5511,7375.267,238.2841,4.3530585,2.5847145
6401,6173.488,5830.673,342.81498,6.4220688,0.84376837
6402,4874.7045,4605.3712,269.33329,5.0510867,1.2539409
6403,4021.4722,3748.6003,272.87187,5.273375,-1.4559895
6404,3341.9361,3112.0379,229.89818,4.4291414,-0.1886553
6405,3089.7736,2793.8578,295.91575,5.6233602,0.27908743
6406,2470.0213,2295.3049,174.7164,3.348066,0.076352535
6407,2036.9925,1740.5371,296.45538,5.6752297,-1.0897634
6408,1556.1972,1341.6746,214.52267,4.0625595,-1.0957805
6409,1272.1231,1005.8009,266.32213,5.0584318,-0.57126069
6410,1354.6288,1063.3302,291.29862,5.4981627,-0.42671814
6411,1629.9172,1431.4566,198.4606,3.7848435,-1.6340676
6412,2184.2304,1894.1169,290.11347,5.4800135,-0.21199702
6413,2685.8288,2413.8009,272.02785,5.1531607,-0.12299301
6414,3442.1144,3242.3633,199.75105,3.8562985,0.081849363
6415,4291.5093,4001.466,290.04324,5.5009053,0.21141365
6416,5207.656,5027.8926,179.76344,3.3893893,0.96632374
6417,6251.0454,6018.0221,233.02325,4.3493171,1.6811742
6418,7357.2481,7135.2417,222.00642,4.1298739,-0.25498769
6419,8477.6899,8288.9605,188.72944,3.5833865,0.46864811
6420,9579.9542,9311.9494,268.00479,5.0283098,-1.4090622
6421,10674.544,10482.755,191.78846,3.5261206,-0.7581378
6422,11604.222,11354.288,249.93497,4.6368355,-1.7937103
6423,12419.181,12214.092,205.08944,3.8462748,-1.6090431
6424,13001.669,12681.201,320.4688,6.047422,0.54539913
6425,13492.058,13313.314,178.74401,3.3652659,0.90549836
6426,13773.507,13486.61,286.89711,5.5341236,0.62774596
6427,14027.689,13720.367,307.32264,5.9064094,0.85599576
6428,14082.424,13852.107,230.31624,4.492342,0.83418395
6429,14215.624,13896.19,319.43488,6.181889,-0.2524916
6430,14108.579,13838.863,269.71653,5.156138,-1.8439505
6431,14006.381,13785.175,221.20571,4.2457407,-1.9948616
6432,13857.325,13523.918,333.40759,6.3355142,-1.4774546
6433,13469.236,13299.463,169.77263,3.2887112,-1.0981482
6434,13290.187,12985.428,304.75886,5.8202326,-0.43046087
6435,13869.949,13587.109,282.83971,5.3342368,-1.3852059
6436,12659.023,12461.7,197.32343,3.6119711,-1.5378504
6437,14098.077,13820.461,277.61523,5.078319,-0.83151557
6438,13357.444,13084.714,272.72973,5.1130015,-1.2567048
6439,13512.66,13233.137,279.52213,4.9249839,-1.6664138
6440,11983.83,11686.42,297.40936,5.531234,-0.02262345
6441,13514.881,13289.757,225.12455,4.0698337,1.7063889
6442,15274.162,15029.687,244.47453,4.5235068,1.105405
6443,14416.385,14074.237,342.14804,6.2207845,-0.56088414
6444,12870.488,12573.927,296.56103,5.5679861,-1.2838637
6445,12731.43,12506.288,225.14286,4.2194017,-2.064663
6446,13641.518,13328.581,312.93659,5.9273913,-1.5999159
6447,13786.332,13535.343,250.98934,4.7111667,-1.9427429
6448,13972.349,13743.621,228.72786,4.2524206,-0.4243987
6449,13740.787,13397.637,343.15073,6.5363633,1.1834892
6450,13419.247,13237.586,181.66124,3.4560857,0.41143527
6451,12849.988,12558.559,291.42892,5.5540567,0.56376768
6452,13063.675,12810.009,253.66547,4.8407021,0.76609835
6453,13184.05,12924.36,259.6903,4.9842942,1.0933992
6454,12688.41,12363.425,324.9853,6.2053788,0.93170846
6455,12580.355,12321.972,258.38347,4.8606724,1.2686216
6456,11808.619,11491.387,317.23149,6.060147,-0.40565541
6457,11602.506,11273.403,329.10288,6.2473386,-1.4175626
6458,11454.056,11214.964,239.09235,4.5307592,-1.6977639
6459,10656.366,10268.209,388.15754,7.4285761,-0.86909898
6460,10411.374,10191.469,219.90438,4.1925825,1.0696146
6461,10025.101,9723.8547,301.24672,5.6793793,-0.14005841
6462,9509.5669,9216.91,292.65691,5.4988085,-0.21810524
6463,8736.8205,8448.6066,288.21388,5.4657165,-0.76392941
6464,8214.4189,7935.7978,278.62115,5.3069152,-0.68939042
6465,7932.2635,7660.2844,271.97915,5.2726667,-0.29653114
6466,7595.1716,7319.9621,275.20951,5.2407297,1.3914286
6467,7284.1341,7026.4518,257.68231,4.9217589,1.0484438
6468,6922.0986,6609.0869,313.01173,5.9904541,1.9490707
6469,6528.4544,6222.357,306.09741,5.978225,-0.43299539
6470,6309.5164,6082.9321,226.5843,4.4007887,-1.443483
6471,6263.9716,5879.406,384.56559,7.4919571,-1.4360538
6472,6223.7791,5982.2306,241.54844,4.7839554,-1.8355982
6473,6257.4075,5971.8167,285.59075,5.5675262,-1.1524366
6474,6155.6134,5778.4013,377.21215,7.2887888,-0.38636517
6475,6119.9653,5956.752,163.21331,3.1330498,0.70474264
6476,6324.9673,5966.4581,358.50912,6.8458698,0.57381758
6477,6464.2272,6240.8594,223.36782,4.2995691,0.8706199
6478,6500.2793,6230.951,269.32826,5.2917221,0.68107043
6479,6775.5677,6476.7393,298.82832,5.8017546,1.1061524
6480,6869.0809,6614.3444,254.73648,4.8953527,1.9356033
6481,7049.6442,6793.0995,256.54466,4.9288989,1.96834
6482,7262.0181,6955.2733,306.74484,5.9337054,0.94367744
6483,7360.2777,7134.1295,226.14817,4.4159393,-1.1527236
6484,7596.7874,7253.94,342.84741,6.6041914,-0.44138713
6485,7679.1921,7403.981,275.21107,5.2633811,1.0146063
6486,7830.9744,7512.2654,318.70896,6.115795,-0.91190932
6487,7927.7191,7637.3333,290.3858,5.5200683,0.077626296
6488,7950.946,7567.8736,383.07234,7.313502,-1.6662888
6489,7956.8032,7742.2812,214.52196,4.1762866,-0.48702339
6490,7940.8473,7586.5782,354.26914,6.9590784,0.87373414
6491,7899.746,7652.3981,247.34785,4.7805132,1.3975191
6492,7844.6075,7572.7267,271.8808,5.2698175,1.7704488
6493,7820.0679,7521.8705,298.19739,5.6669708,0.21430649
6494,7556.4939,7282.0474,274.44649,5.3192291,0.22709697
6495,7673.4359,7391.545,281.89087,5.579172,-0.65729247
6496,7647.3815,7347.8673,299.51416,5.7620408,0.32135974
6497,7064.9941,6759.9368,305.05727,5.8001149,0.064283823
6498,7406.9333,7152.2275,254.70585,4.6022395,-0.53240562
6499,7407.5393,7005.1185,402.42077,7.3404608,-0.92876569
6500,8546.4615,8418.0727,128.38887,1.9828145,-0.14751042
6501,12401.609,12155.754,245.85591,3.4759184,1.2921995
6502,19182.529,18959.57,222.95909,2.7689136,0.90785237
6503,21300.21,20686.66,613.54951,11.2459,0.24219431
6504,23883.336,23307.122,576.21406,8.5563844,0.19665678
6505,26546.948,25991.482,555.4657,9.3850289,0.17249887
6506,28963.951,28419.134,544.8168,9.5822006,-0.44447828
6507,27474.203,26657.365,816.83783,13.316677,-0.109004
6508,26449.193,25865.908,583.28453,10.485826,-0.6741608
6509,27124.084,26458.793,665.29058,11.880859,-1.197224
6510,28261.895,27631.621,630.27422,11.427738,-0.54419744
6511,28880.839,28194.174,686.66567,12.186948,-0.33357183
6512,29785.878,29135.671,650.20631,12.099484,-1.3138125
6513,30125.494,29434.844,690.65068,13.262364,-3.2733689
6514,29766.185,29082.692,683.49346,12.72169,-1.7286955
6515,28327.839,27537.39,790.44885,13.37823,-2.4982231
6516,26737.71,26014.332,723.3787,12.566311,-0.093785039
6517,25038.719,24357.308,681.41068,11.66247,1.2344921
6518,23033.739,22245.308,788.4308,13.154026,-0.4400279
6519,20298.326,19677.22,621.10625,10.312254,1.6638567
6520,18213.769,17606.673,607.09585,10.83821,-0.97467684
6521,16402.682,15805.169,597.51341,10.184261,-1.4801654
6522,13625.865,13088.354,537.51122,9.2366404,-0.28464579
6523,11330.449,10849.062,481.3873,8.4512305,-0.50568308
6524,9365.9645,8841.5039,524.46055,9.3524526,0.21965556
6525,7438.34,7157.1817,281.15836,5.1272195,-0.2052994
6526,6219.6387,5836.9415,382.69711,7.1150598,0.58629095
6527,5014.8734,4692.3223,322.5511,6.0705883,0.90788582
6528,4176.486,3859.5134,316.97257,6.1608867,0.54812448
6529,3501.0903,3156.5245,344.56585,6.5636054,0.56886028
6530,3168.5428,2894.7615,273.78135,5.2540956,0.49998909
6531,2727.6371,2433.1122,294.52492,5.6720702,0.76056399
6532,2231.2899,1918.3823,312.90763,5.9752397,-0.052282712
6533,1782.8103,1520.5308,262.27945,5.0543695,-2.249074
6534,1553.2686,1279.3934,273.87527,5.3216423,-1.3925421
6535,1562.2564,1294.7615,267.49496,5.1451375,0.34287967
6536,1851.9858,1615.8736,236.11218,4.440766,-0.37205286
6537,2259.6671,2017.466,242.20103,4.5500403,0.96355214
6538,2757.529,2474.3633,283.16564,5.3315057,0.66349152
6539,3446.5578,3233.7694,212.78844,4.0588974,-0.76098852
6540,4204.0552,3900.5624,303.49283,5.8283037,-0.1495797
6541,5073.8493,4833.6682,240.18106,4.5689402,0.83779011
6542,6017.7673,5715.109,302.65825,5.8153663,0.14398948
6543,7078.1223,6703.722,374.40033,6.9994969,0.91166027
6544,8094.1444,7772.3096,321.83474,6.0403416,1.3540484
6545,9070.6809,8689.4408,381.24011,7.2037877,-1.6700622
6546,10142.952,9699.1848,443.76743,8.226821,-1.838133
6547,10911.76,10513.087,398.67327,7.4992919,-1.2719985
6548,11692.787,11207.987,484.80001,9.1023088,-0.44642232
6549,12150.76,11670.445,480.31427,8.9695131,-0.095229652
6550,12622.062,12212.676,409.38618,7.6731439,-0.18534036
6551,12878.466,12361.605,516.86122,9.6441245,0.35857649
6552,13056.303,12604.36,451.94277,8.3534804,1.0722123
6553,13135.88,12653.902,481.97803,9.0699077,2.1932117
6554,13254.236,12741.965,512.27065,9.7154615,0.79655042
6555,13123.055,12662.092,460.96321,8.573352,0.71116977
6556,13065.594,12592.935,472.65846,8.8069616,-0.81144681
6557,12914.821,12385.163,529.65858,9.7016552,-0.45978031
6558,12588.131,12131.589,456.54171,8.5681507,-1.46725
6559,12411.001,11865.175,545.82583,10.190535,-0.54076567
6560,12969.556,12487.886,481.66956,8.9061588,-0.90486215
6561,11833.764,11314.553,519.21118,9.3585561,0.35253973
6562,13196.27,12720.733,475.53681,8.4728314,-0.0099999234
6563,12498.354,11919.874,578.48062,10.371768,-2.3781693
6564,12570.357,12132.6,437.75708,7.5799238,-1.8266136
6565,11063.542,10529.87,533.67195,9.87301,-0.49035419
6566,12556.522,12131.286,425.23635,7.5323271,1.4250195
6567,14264.401,13851.804,412.59668,7.5934149,1.7873023
6568,13464.287,12890.389,573.89855,10.293816,-0.47410347
6569,11885.368,11417.782,467.58606,8.5346097,-0.75649746
6570,11736.312,11294.938,441.37404,8.1042493,0.99667153
6571,12659.831,12130.679,529.15186,9.7947133,-0.53390775
6572,12790.406,12345.934,444.47266,8.2708131,-1.4366786
6573,13027.118,12507.501,519.61716,9.6983429,0.070356515
6574,12769.603,12224.101,545.50205,10.106188,2.0295728
6575,12465.332,12005.308,460.0237,8.5658444,1.6202436
6576,11921.218,11366.42,554.79792,10.408316,0.78877054
6577,12090.774,11592.594,498.17997,9.236839,-0.61194531
6578,12252.352,11692.284,560.06751,10.644074,-0.35812657
6579,11708.339,11216.379,491.9601,9.1994503,1.2168786
6580,11637.75,11111.229,526.52083,9.7897063,1.6376148
6581,10837.636,10375.179,462.45778,8.6379083,-0.27070533
6582,10614.053,10107.855,506.1982,9.2278767,-0.13989965
6583,10566.488,10119.886,446.60211,8.2201601,-1.1300187
6584,9754.4584,9235.2101,519.24827,9.6567783,-2.4689178
6585,9571.0675,9135.9242,435.14329,8.2538178,0.17223504
6586,9232.0568,8771.0332,461.02363,8.7104124,0.27209596
6587,8735.5077,8268.0316,467.4761,8.6196751,1.1681575
6588,8101.0114,7557.8641,543.1473,10.233052,0.52133383
6589,7507.0107,7125.8389,381.17179,7.165744,-1.5855181
6590,7328.3661,6813.1185,515.24759,9.942765,-2.1951001
6591,7005.7152,6593.7188,411.99639,7.8217849,0.73154038
6592,6695.4856,6252.1833,443.30235,8.5325363,1.3131705
6593,6382.3274,5887.5956,494.73184,9.4398985,0.94271689
6594,5937.5842,5565.0679,372.51629,7.1549154,-0.61041216
6595,5768.3314,5355.5766,412.75474,7.8294442,-0.60629528
6596,5688.5523,5239.406,449.14627,8.4836515,-0.10988965
6597,5609.884,5256.594,353.29003,6.8662166,-0.46238868
6598,5725.7152,5313.7188,411.99639,7.8532547,-0.65198059
6599,5533.1345,5088.2528,444.88175,8.459081,0.60895473
6600,5545.6568,5242.6414,303.01541,5.8044532,2.0203906
6601,5743.3878,5281.6682,461.71952,8.752713,2.4569956
6602,5859.9258,5491.2607,368.66517,6.9320988,1.6672486
6603,5981.7152,5515.8294,465.8858,9.0515851,1.6422687
6604,6123.8028,5730.4771,393.32567,7.5491804,0.34586086
6605,6289.0162,5830.8752,458.14098,8.7526508,1.1863192
6606,6419.2884,6005.0806,414.20779,7.9317118,0.46754775
6607,6605.2039,6104.4676,500.73633,9.5695279,-0.18825317
6608,6699.3231,6294.4455,404.87758,7.7334962,0.28382566
6609,6842.0166,6388.9795,453.03711,8.5028657,-0.65684324
6610,6980.6706,6533.2575,447.41311,8.481218,1.2270509
6611,7053.4817,6619.0964,434.38529,8.1993954,-0.73367667
6612,7122.8592,6704.5308,418.32837,7.895046,1.0092433
6613,7192.3377,6673.8957,518.44194,9.7532948,0.32930362
6614,7135.6844,6793.3017,342.38268,6.4315621,-0.52204088
6615,7161.5369,6669.0427,492.49423,9.4833999,0.53608998
6616,7138.512,6696.2401,442.27191,8.3924641,1.9092505
6617,7064.6911,6632.3412,432.34989,8.3226896,1.8560323
6618,7129.5243,6610.1991,519.32521,9.8343917,2.3452037
6619,6766.6809,6357.5355,409.14532,7.7478808,1.2844979
6620,6991.9811,6494.4329,497.54821,9.4557345,-1.0464881
6621,6910.5862,6449.5419,461.04433,8.7519739,-0.77258867
6622,6325.3712,5840.8847,484.48653,9.1057861,-2.2331831
6623,6702.3527,6267.9558,434.3969,7.8513595,0.41672442
6624,6619.443,6097.188,522.255,9.5303698,-0.5549318
6625,7784.0158,7474.7551,309.26064,4.7725008,1.2009161
6626,11583.419,11216.076,367.3435,5.1117858,1.1016949
6627,18788.683,18593.87,194.81278,2.236954,1.3320773
6628,21909.763,21457.087,452.67564,8.1343636,0.1848854
6629,25246.144,25131.678,114.46665,1.645085,-0.84796072
6630,27750.703,27607.457,143.2464,2.6425892,-0.27476131
6631,29060.696,28885.434,175.26142,3.2804043,-0.20024393
6632,27086.618,26737.441,349.17699,5.9608623,-1.0141937
6633,26456.161,26215.229,240.93188,4.4881635,-1.5591811
6634,26916.355,26724.803,191.5525,3.555661,-0.33836238
6635,28086.785,27792.177,294.60807,5.4788517,-0.60307702
6636,29059.686,28874.919,184.76656,3.4328691,-1.1438133
6637,30263.138,30074.338,188.80039,3.8735787,-0.6957873
6638,30400.682,30173.321,227.36096,4.7591342,-1.2416032
6639,29786.484,29643.021,143.46309,2.8230259,-1.4492204
6640,28410.042,28056.973,353.06867,6.1368043,-2.5965317
6641,26529.578,26339.286,190.29197,3.3823966,-0.83505822
6642,24649.316,24386.022,263.29386,4.5887944,0.24495212
6643,22552.944,22128.025,424.91831,7.3185148,1.7517204
6644,19734.621,19489.365,245.25598,4.1329843,-0.065205525
6645,17589.169,17227.526,361.64316,6.4154108,-1.0169918
6646,15632.562,15219.16,413.40218,7.0630858,-1.9504755
6647,12857.562,12456.341,401.2209,6.8743598,-1.8848115
6648,10633.24,10181.561,451.67942,7.9881983,0.29279196
6649,8478.3968,8026.5908,451.80601,8.0181142,-1.4482102
6650,6526.6367,6107.3997,419.237,7.5444566,1.1057241
6651,5219.6734,4757.4344,462.23893,8.5434436,0.99628928
6652,4097.2118,3584.5055,512.70631,9.3538384,0.50733258
6653,3345.3696,2864.9352,480.4344,9.1310854,1.3528458
6654,2743.189,2291.0585,452.1305,8.4402176,0.1009802
6655,2436.1909,1943.0521,493.13879,9.0880351,1.8827212
6656,1866.3258,1446.5213,419.80451,7.860033,0.5750215
6657,1401.1834,912.27804,488.90539,9.0720201,0.24816016
6658,984.81736,512.30332,472.51404,8.7202234,0.52624968
6659,672.26509,256.40442,415.86067,7.7470639,-0.38801825
6660,758.81026,277.03002,481.78024,8.9866302,1.3038819
6661,1114.6856,711.78515,402.90045,7.4711686,-0.049113682
6662,1611.0327,1136.2275,474.80525,8.6624455,0.22164658
6663,2147.4714,1658.5403,488.93112,9.051498,0.83007556
6664,2871.8454,2505.9084,365.93699,6.807816,0.40005095
6665,3690.6414,3196.5624,494.07902,9.2068296,0.96298527
6666,4589.2166,4232.9984,356.21815,6.5048698,0.69881326
6667,5584.7385,5131.7283,453.01018,8.4839738,0.62374425
6668,6653.6773,6252.3855,401.29185,7.447603,0.44392776
6669,7712.2146,7348.575,363.63956,6.8579144,1.3042712
6670,8691.6797,8298.4645,393.21523,7.3144888,0.75936161
6671,9764.254,9407.2923,356.96178,6.5018148,-0.89097305
6672,10583.05,10219.779,363.27127,6.7955204,-1.1087362
6673,11377.811,11028.019,349.79248,6.463484,-0.45857215
6674,11830.634,11472.581,358.05217,6.6517439,1.643351
6675,12279.517,11996.209,283.30863,5.2753937,1.6335524
6676,12557.835,12197.712,360.12263,6.7347685,1.6390009
6677,12728.906,12353.314,375.59134,6.9830991,0.9767975
6678,12850.392,12494.458,355.93397,6.7728172,1.0510373
6679,12916.437,12548.348,368.08953,6.9668382,-0.12702789
6680,12833.931,12450.376,383.55537,7.2143054,1.6167568
6681,12725.371,12400.329,325.04261,6.1046628,-0.053829576
6682,12565.611,12092.36,473.25086,8.8258189,-0.92392056
6683,12192.164,11944.847,247.31734,4.6910119,-1.0574706
6684,12010.692,11572.676,438.01577,8.2253313,-1.6139129
6685,12562.884,12247.558,315.32676,5.8413237,0.81694978
6686,11374.378,11068.562,305.81551,5.6077609,-0.39994418
6687,12799.293,12437.637,361.65645,6.6704288,-0.3484634
6688,12104.508,11715.033,389.47491,7.152884,-0.90699351
6689,12187.923,11902.686,285.23706,4.9342493,-1.341892
6690,10707.768,10303.292,404.47579,7.4067227,0.58255756
6691,12174.088,11913.504,260.58362,4.5733823,2.8117597
6692,13974.57,13614.61,359.96062,6.6544551,2.2729352
6693,13143.555,12737.415,406.13955,7.3684705,0.36300452
6694,11583.116,11220.423,362.69299,6.7716862,-0.56437976
6695,11448.098,11104.657,343.44064,6.3943335,-0.12649464
6696,12350.611,11962.237,388.37447,7.2543366,-0.95968358
6697,12486.135,12120.063,366.07172,6.9264426,-1.3901354
6698,12711.435,12405.081,306.35454,5.7454061,-0.17381682
6699,12427.664,11986.502,441.16154,8.4712022,0.93161783
6700,12127.634,11858.806,268.82824,5.0256928,2.5905013
6701,11501.52,11134.989,366.53059,6.8568008,1.5444691
6702,11728.133,11376.227,351.90506,6.6739287,1.0204401
6703,11858.304,11520.101,338.20264,6.4424065,0.90230867
6704,11296.921,10964.626,332.29591,6.3749517,2.2839126
6705,11260.364,10919.836,340.52879,6.3378921,2.7259761
6706,10427.531,10091.981,335.55032,6.3589346,0.6901989
6707,10255.249,9829.4092,425.83975,8.1017133,0.52595818
6708,10149.011,9831.7346,317.27684,5.9476802,-0.76590455
6709,9317.5921,8890.4392,427.15293,8.0992545,-0.81981749
6710,9165.9108,8817.9463,347.96456,6.603086,0.17410866
6711,8750.5546,8353.8705,396.68418,7.5432875,-0.041373128
6712,8296.1168,7880.4929,415.62387,7.8398123,0.74425691
6713,7569.6221,7158.3949,411.22715,7.7886344,-0.14463566
6714,6992.688,6663.9874,328.70061,6.2758632,0.89009212
6715,6800.2083,6400.2022,400.00607,7.6546303,0.088391596
6716,6410.1996,6056.2401,353.95948,6.5513893,1.0172076
6717,6150.7661,5778.9068,371.85928,7.0273784,1.4723333
6718,5810.1396,5380.3476,429.79209,8.171431,0.59354744
6719,5350.0465,5061.5608,288.48573,5.5852348,1.9466313
6720,5257.7452,4849.9463,407.79888,7.8344849,-0.53866167
6721,5126.6651,4701.4218,425.24329,8.0581261,-1.4983876
6722,5155.2442,4789.485,365.75919,7.0267244,-2.3296051
6723,5185.843,4822.3444,363.49861,6.928458,-0.85340716
6724,5086.9775,4614.3697,472.60785,9.0992177,-0.66201914
6725,5094.5515,4794.9447,299.60677,5.7672349,1.0917958
6726,5258.4521,4787.6651,470.78698,9.0443285,0.33308297
6727,5433.5621,5069.2449,364.31726,6.8539186,1.1194452
6728,5475.3704,5073.6935,401.67689,7.7152902,0.54171881
6729,5672.2935,5292.4866,379.80692,7.3631774,-0.5185195
6730,5799.7381,5438.2812,361.45687,6.9191833,0.69955881
6731,5902.643,5576.1896,326.45342,6.315226,1.0400965
6732,6147.5345,5730.7804,416.75411,8.0229102,0.72888631
6733,6204.7937,5883.6524,321.14124,6.1993116,-0.88165443
6734,6385.155,6044.7141,340.44097,6.5224225,-0.30621263
6735,6527.5456,6137.327,390.21855,7.443078,-0.074470604
6736,6590.5609,6264.316,326.24499,6.2420381,0.89526962
6737,6752.7448,6359.2543,393.49043,7.3941465,-0.38814734
6738,6722.8529,6304.3539,418.49899,7.9930941,-0.79174873
6739,6755.3704,6454.2938,301.07658,5.7995396,-0.56233971
6740,6733.7594,6295.0521,438.70724,8.4787496,1.2011695
6741,6711.4414,6332.4613,378.98012,7.2908018,0.3263121
6742,6633.6821,6271.5956,362.08647,6.9627982,1.3528918
6743,6652.6675,6233.6809,418.98657,8.045149,-0.0033507548
6744,6310.7282,5997.9021,312.82615,6.0182733,1.0656935
6745,6480.0821,6107.8041,372.27794,7.2609324,0.77920055
6746,6391.8201,6035.5134,356.30669,6.821855,-0.45773345
6747,5843.97,5450.1106,393.85944,7.3694606,-1.3480328
6748,6186.5152,5875.3618,311.15342,5.5831024,-1.1105518
6749,6130.5688,5716.8278,413.74103,7.535264,0.091087327
6750,7312.2083,7048.8973,263.31097,4.1215613,0.39733858
6751,11035.569,10667.88,367.68929,5.2520086,3.0377995
6752,17635.32,17284.145,351.17458,4.3777238,0.56143488
6753,19316.336,18883.539,432.79739,8.0034694,-0.46921081
6754,21695.167,21365.889,329.27745,4.8912614,-0.084865263
6755,24569.133,24147.412,421.72062,7.2672199,0.90779874
6756,26980.077,26606.812,373.26531,6.657465,-1.0160367
6757,25335.315,24801.87,533.44473,8.8298565,-0.92940615
6758,24472.287,24061.877,410.4104,7.515195,-0.22595662
6759,25086.384,24659.716,426.66858,7.6780992,-1.3722496
6760,26184.609,25740.032,444.57748,8.1681833,0.99145838
6761,26621.778,26284.183,337.59505,6.0672301,0.10440844
6762,27687.284,27218.705,468.57905,8.5163503,-0.38520329
6763,28040.028,27587.235,452.79302,8.2337242,-1.0550642
6764,27538.127,27213.852,324.27552,5.8614044,-1.5646828
6765,26217.531,25646.61,570.92078,9.7865454,-1.2611924
6766,24588.522,24182.395,406.12734,7.1447126,1.1399363
6767,23044.443,22550.749,493.69458,8.5492884,1.6794091
6768,21062.791,20574.13,488.66178,8.3437784,-0.44537331
6769,18432.707,17991.179,441.52839,7.4732062,-0.58390303
6770,16486.703,16032.758,453.94466,8.1480072,0.25158839
6771,14764.181,14248.139,516.04244,8.9099198,-1.1824372
6772,12054.217,11606.85,447.36704,7.7277015,-0.30357378
6773,9876.4497,9442.4771,433.97261,7.6947949,-0.93143244
6774,7948.2193,7486.079,462.14034,8.2670459,-0.42285095
6775,6166.6209,5819.5513,347.06956,6.306999,0.95617018
6776,4986.3953,4585.6556,400.73966,7.4625565,1.4632495
6777,3829.3964,3392.3033,437.09313,8.100973,0.51068116
6778,2983.4351,2633.6051,349.83005,6.6809232,-0.18233975
6779,2290.0639,1911.0016,379.06233,7.1822067,0.30052142
6780,2046.7882,1652.3728,394.41534,7.3993911,1.2690172
6781,1566.2959,1218.4265,347.86932,6.6200755,0.085090738
6782,1141.8509,679.63349,462.2174,8.8063821,-0.91044903
6783,699.83432,355.08373,344.75059,6.5471653,-2.4671254
6784,496.54911,75.93049,420.61862,7.9823056,-1.7201558
6785,482.91598,106.46445,376.45152,7.0636241,0.36485016
6786,796.57909,404.12006,392.45903,7.3460106,-0.43077337
6787,1174.6714,802.37599,372.29541,7.0203269,0.40584455
6788,1669.8067,1254.3191,415.48759,7.8415839,-1.0389145
6789,2289.054,1997.7504,291.30365,5.5810375,-0.15159447
6790,3039.5834,2633.8073,405.77616,7.7552568,1.5485754
6791,3858.2785,3540.2212,318.05733,5.9374583,1.816039
6792,4758.4694,4381.8262,376.6432,7.0918856,1.2592056
6793,5745.6095,5391.3681,354.24138,6.6017866,1.7377364
6794,6716.6927,6363.703,352.9897,6.7012032,0.94848544
6795,7642.4331,7263.0395,379.39364,7.2182895,0.56407441
6796,8663.5045,8222.7362,440.76836,8.1784437,0.56227821
6797,9393.7357,9004.5877,389.14802,7.2599806,-0.81625139
6798,10125.684,9739.2227,386.46088,7.2923038,-0.14860975
6799,10609.71,10120.19,489.52088,9.1632057,-0.071696851
6800,11021.532,10700.638,320.89392,6.0183453,0.94429783
6801,11311.867,10811.754,500.1139,9.442847,0.62120313
6802,11456.278,11039.039,417.23822,7.7653313,0.96071848
6803,11536.562,11128.114,408.44799,7.710184,0.46309069
6804,11605.333,11193.226,412.10742,7.8410506,0.51902224
6805,11498.288,11103.444,394.84405,7.3012316,1.3902704
6806,11420.226,11027.817,392.4089,7.2422055,-0.16367486
6807,11279.754,10803.463,476.29097,8.731374,-0.29311785
6808,10941.248,10631.583,309.66519,5.7984948,-0.65234524
6809,10758.665,10301.776,456.88942,8.5306932,-0.68392561
6810,11320.653,10942.281,378.37205,6.8621398,0.40710572
6811,10203.039,9759.1406,443.89845,7.9541139,0.72223706
6812,11579.683,11189.081,390.60227,6.9899004,0.14907989
6813,10879.445,10403.387,476.05753,8.6730357,-1.9272745
6814,10990.63,10608.43,382.20067,6.6890443,-1.2752041
6815,9478.5641,9015.0016,463.56252,8.5765814,0.65578852
6816,10957.204,10548.979,408.22448,7.2575552,1.9005984
6817,12705.477,12370.3,335.17677,6.143333,3.8673939
6818,11887.186,11369.555,517.6313,9.2290417,0.40434191
6819,10303.924,9906.7551,397.16913,7.2502532,1.6113645
6820,10104.376,9739.425,364.95058,6.754379,0.82469655
6821,11050.414,10592.556,457.85812,8.6122283,0.24218345
6822,11168.467,10776.063,392.40387,7.3759744,0.1249667
6823,11385.183,11010.528,374.65579,7.0255185,-0.012927524
6824,11137.161,10660.297,476.86434,8.9200253,1.4001287
6825,10817.136,10498.528,318.60845,5.8631348,1.9352391
6826,10301.097,9783.3049,517.79175,9.7288508,1.5779011
6827,10445.507,10076.107,369.39948,6.8689683,1.2356442
6828,10637.381,10167.507,469.87356,8.9854402,0.24792817
6829,10104.174,9681.4913,422.68226,8.02607,2.1703704
6830,10028.333,9586.2496,442.08333,8.2760323,1.5796888
6831,9280.1262,8836.3476,443.77868,8.463451,-0.29894634
6832,9052.0994,8621.5987,430.50067,8.0341874,0.36845317
6833,9006.4536,8616.4423,390.01131,7.3037235,-0.5253301
6834,8186.0418,7766.1422,419.89963,7.9554248,-1.5872808
6835,8013.2544,7626.8183,386.43611,7.3248478,-0.08824163
6836,7701.4091,7294.2812,407.12787,7.6502293,0.12041603
6837,7232.6312,6816.0506,416.58061,7.7638774,0.83775258
6838,6560.871,6137.0237,423.84731,8.0919409,0.49180089
6839,6031.9053,5692.7646,339.14071,6.4538444,0.04899408
6840,5849.7262,5404.4107,445.31549,8.5963325,0.61035006
6841,5558.785,5152.0506,406.73446,7.6343902,0.89192633
6842,5247.4446,4876.436,371.00856,7.0022273,2.1460103
6843,4981.5479,4500.9289,480.61902,9.1844547,0.69454555
6844,4541.955,4196.6003,345.35471,6.7365292,2.4898553
6845,4384.1136,3955.1596,428.95405,8.2492072,0.24786553
6846,4326.1475,3860.5245,465.62305,8.8280274,0.093998476
6847,4259.1937,3906.2243,352.96936,6.8526288,-0.42967157
6848,4332.1057,3933.5229,398.58281,7.6312918,-0.30158114
6849,4179.1116,3737.782,441.32965,8.4732167,0.43861301
6850,4115.1874,3832.2148,282.97253,5.4283711,-0.038650592
6851,4359.271,3903.8989,455.37211,8.6274693,1.7836411
6852,4470.5578,4086.2938,384.26395,7.3179535,0.93994414
6853,4501.2576,4146.8562,354.40135,6.8752207,1.7518048
6854,4722.7203,4310.7488,411.9715,7.9138227,0.044954518
6855,4820.7779,4426.8183,393.95958,7.4779888,0.38053042
6856,4985.9913,4590.3065,395.68484,7.5467001,-0.77328153
6857,5122.3227,4691.0079,431.31478,8.1973457,0.080757157
6858,5256.0284,4876.5371,379.49128,7.310617,-1.0921524
6859,5391.6529,4983.8104,407.84243,7.883614,-0.37764311
6860,5514.957,5063.9874,450.96964,8.752393,0.21670442
6861,5591.9085,5219.5893,372.31922,7.1387515,-0.031410997
6862,5669.7688,5266.9068,402.86204,7.6785068,0.067420833
6863,5689.5621,5241.327,448.23512,8.4910187,-2.2699661
6864,5679.4635,5355.6777,323.78579,6.3443992,-1.3214543
6865,5627.0517,5200.9858,426.06589,8.3504091,-0.34067665
6866,5662.4978,5255.3807,407.1171,7.7838521,1.5068634
6867,5543.8391,5185.8199,358.01915,6.9725638,0.19793623
6868,5598.3716,5174.9005,423.47112,8.1396235,0.53578316
6869,5272.5901,4904.8468,367.74338,7.0566591,1.0176217
6870,5451.8406,5057.2133,394.62736,7.6665825,0.44401777
6871,5437.3996,4994.4265,442.97307,8.4750144,0.2020101
6872,4812.901,4424.3918,388.5092,7.3534958,-1.2312677
6873,5232.1957,4849.3397,382.85601,6.9489168,0.75043321
6874,5135.9558,4662.0916,473.86419,8.6943876,0.63086174
6875,6318.4032,5999.9242,318.47899,4.9816255,0.50483816
6876,10095.186,9692.4107,402.77506,5.6323436,1.3217112
6877,17231.678,16939.071,292.60702,3.3646944,1.6311004
6878,20208.145,19746.78,461.36476,8.2591614,1.8366612
6879,23791.337,23532.992,258.34518,3.5919598,-0.58323221
6880,26915.143,26628.449,286.69454,5.021577,1.3717392
6881,28791.467,28491.829,299.63728,5.4508994,-1.1035663
6882,26874.951,26417.34,457.61104,7.6711142,-2.2350016
6883,25965.065,25679.469,285.59589,5.2717708,-0.88745862
6884,26532.607,26175.292,357.31524,6.5255074,-0.33723575
6885,27654.16,27256.821,397.33867,7.3472949,0.82669434
6886,28516.279,28162.325,353.95386,6.3342587,-0.58140552
6887,29752.148,29451.122,301.02668,5.8959128,0.83742886
6888,30161.243,29733.611,427.63202,8.5560678,-4.7210024
6889,29590.469,29326.863,263.60687,5.1170313,-2.1306382
6890,28188.377,27670.445,517.93162,9.19627,-3.8098759
6891,26322.556,26012.006,310.54989,5.5412831,0.28167071
6892,24474.711,24067.842,406.86883,7.097305,1.2355493
6893,22182.627,21734.016,448.61142,7.5665146,-0.79296473
6894,19305.026,18950.269,354.75708,5.9762173,-0.085715669
6895,17045.056,16651.223,393.83287,7.0032107,-0.58730698
6896,15006.043,14545.896,460.14766,7.7365325,-1.5134982
6897,12083.604,11687.836,395.76824,6.756069,-2.0099347
6898,9680.6375,9290.8183,389.81915,6.856921,-0.8712236
6899,7520.2398,7061.7378,458.50209,8.184223,0.72105538
6900,5464.2619,5104.9352,359.3267,6.4766271,1.3384403
6901,4069.9456,3606.5466,463.39896,8.4590541,0.59254421
6902,2781.9677,2347.6777,434.28993,7.9327689,-0.21988178
6903,1965.8982,1521.5419,444.35636,8.4459274,0.74693421
6904,1290.4016,881.74408,408.6575,7.7139706,1.1797386
6905,991.38146,519.78515,471.59631,8.8110314,1.3017048
6906,425.35385,48.733017,376.62083,7.107012,0.60698269
6907,-46.554635,-506.33807,459.78344,8.571885,-0.79454644
6908,-567.94635,-910.66035,342.714,6.3178827,-0.48339414
6909,-812.93886,-1224.8973,411.95846,7.699631,-2.1557512
6910,-810.91913,-1224.7962,413.87708,7.725195,1.1957921
6911,-462.51677,-842.3128,379.79603,6.9699409,0.63517792
6912,17.571598,-369.74408,387.31567,7.0926802,2.3235823
6913,541.89191,111.21643,430.67548,7.9383352,0.49292868
6914,1317.0619,989.82622,327.23571,6.0897125,-0.31915563
6915,2142.2201,1678.5592,463.66088,8.7330222,1.1719682
6916,3113.9093,2750.9889,362.92033,6.6972744,1.098048
6917,4114.9854,3732.1201,382.86534,7.2127388,1.5590718
6918,5263.6024,4824.4676,439.13475,8.1864987,0.83467341
6919,6326.987,6008.8215,318.1655,5.9806233,1.8924329
6920,7402.9949,6944.1517,458.84321,8.5725927,-0.74394352
6921,8502.7345,8122.3381,380.39644,6.9587869,-0.9206848
6922,9372.2256,8979.7156,392.51,7.3826816,-1.1767785
6923,10186.78,9825.6682,361.11203,6.7797214,-1.1544384
6924,10705.95,10304.708,401.24255,7.5873329,1.5085439
6925,11212.295,10888.897,323.39775,6.097317,1.7453254
6926,11500.712,11079.886,420.82538,7.9039186,2.3206084
6927,11686.223,11338.616,347.60716,6.4033079,1.2128924
6928,11813.87,11417.883,395.98673,7.4547472,1.3244227
6929,11911.221,11530.111,381.10993,7.2353605,1.5490867
6930,11843.56,11409.896,433.66403,8.2546829,1.733122
6931,11736.615,11405.953,330.66278,6.1831999,0.71524129
6932,11608.262,11121.34,486.92228,8.9349976,-0.69904854
6933,11252.993,10927.924,325.06833,6.1563482,-1.1351815
6934,11055.363,10622.989,432.37358,8.1358372,-1.0125674
6935,11627.651,11188.575,439.07624,8.0803321,0.1404091
6936,10436.216,10088.038,348.17826,6.3000989,-0.24694147
6937,11858.607,11452.967,405.63988,7.3301213,1.2837591
6938,11121.105,10701.75,419.35414,7.5346565,-0.55520111
6939,11217.344,10905.681,311.66349,5.3449947,0.077007561
6940,9752.7416,9282.6288,470.11287,8.6269586,0.65544038
6941,11176.041,10850.78,325.26061,5.712427,0.73676357
6942,12972.08,12669.371,302.70923,5.5594374,2.514791
6943,12176.511,11706.945,469.56653,8.413176,0.43419365
6944,10616.477,10249.201,367.2759,6.7201717,0.9000359
6945,10457.625,10054.976,402.64894,7.3729638,-0.052538745
6946,11376.499,10972.107,404.39119,7.480304,-0.15258438
6947,11527.271,11140.651,386.62014,7.2515052,-2.5604518
6948,11786.2,11379.261,406.93894,7.7112024,-0.90502373
6949,11483.443,11040.455,442.98802,8.384011,0.18679748
6950,11211.386,10819.235,392.15081,7.423408,1.9020459
6951,10600.521,10192.076,408.44488,7.6894974,2.6711157
6952,10791.89,10376.695,415.19444,7.7379646,1.6612193
6953,10914.891,10545.643,369.24776,6.9500455,0.84124455
6954,10345.733,9972.1706,373.56193,7.0380145,1.210675
6955,10298.168,9877.4344,420.73361,7.7855519,2.0435279
6956,9484.3203,9116.5118,367.80847,7.0061222,-0.15269018
6957,9236.5002,8840.0885,396.41173,7.4662691,0.82726318
6958,9170.5562,8832.5055,338.05068,6.3068055,0.11366528
6959,8320.1515,7900.8152,419.33631,7.9038713,-0.35107895
6960,8161.9061,7742.4834,419.4227,8.0283362,-0.60100316
6961,7738.471,7385.8831,352.58791,6.6790286,-0.43893085
6962,7279.8927,6830.5087,449.38401,8.4962989,-0.086406795
6963,6565.1124,6129.1374,435.97499,8.3615276,0.48376197
6964,5957.1755,5604.297,352.87854,6.7409963,-0.40856339
6965,5753.1834,5281.5671,471.61629,9.0236382,-0.54053848
6966,5368.0221,5035.7788,332.24326,6.223982,-0.44824125
6967,5044.9673,4645.6114,399.35588,7.6464376,0.84434537
6968,4726.3558,4300.6382,425.71759,8.248134,-0.17831271
6969,4210.9223,3895.0016,315.92071,6.1639606,-0.38118921
6970,4113.2686,3698.4518,414.81682,7.8754432,-0.99294421
6971,3984.3093,3569.643,414.6663,7.7684268,-1.8995415
6972,3948.0552,3604.5245,343.53074,6.6043581,-1.0449017
6973,4043.6892,3663.8736,379.81553,7.2746191,-0.28058728
6974,3858.5815,3446.9005,411.68099,7.8038759,0.8259267
6975,3938.0576,3581.8768,356.18082,6.7848155,1.0580401
6976,4063.4824,3662.8626,400.61989,7.5555685,1.095742
6977,4274.9475,3845.1564,429.79114,8.0757611,0.59753472
6978,4343.2142,3963.248,379.96618,7.3286979,1.1830903
6979,4515.3957,4086.5972,428.7985,8.2065342,-0.22940439
6980,4684.1436,4279.5071,404.63648,7.6619472,1.6257762
6981,4785.4327,4449.8705,335.56228,6.3868897,0.7995699
6982,5016.7921,4574.7362,442.05593,8.3234393,-0.72504591
6983,5101.3176,4791.2038,310.11376,5.8972125,-0.74187755
6984,5235.4272,4858.3381,377.08915,7.1914227,-1.0139282
6985,5440.3282,5034.97,405.35822,7.79164,0.59454392
6986,5479.9148,5122.7299,357.18494,6.7934808,-0.52262277
6987,5617.559,5233.7441,383.8149,7.236728,0.48135066
6988,5637.8572,5209.782,428.07521,8.1000834,0.030033364
6989,5630.5862,5321.9084,308.67782,5.9308545,-0.46153688
6990,5690.774,5206.3444,484.42957,9.376427,0.98321319
6991,5586.6572,5251.6398,335.01739,6.3931251,2.0439986
6992,5603.5219,5175.0016,428.52031,8.2516835,2.4380998
6993,5586.2533,5185.1122,401.14109,7.772485,-0.33461547
6994,5263.0974,4854.0916,409.00581,8.0388202,-0.34218257
6995,5444.4686,5055.1912,389.27749,7.5801735,-0.71025248
6996,5372.5665,4955.5008,417.06568,7.9491896,-0.62805581
6997,4758.9744,4359.3807,399.59363,7.4942865,-0.91283693
6998,5126.968,4825.782,301.18606,5.460427,-1.1619499
6999,5054.46,4579.387,475.07291,8.618684,-0.07338278
7000,6235.0895,5999.6209,235.46869,3.6575471,-1.0140217
7001,9941.4848,9554.0979,387.38687,5.5463484,2.7510129
7002,16602.635,16271.773,330.8626,4.1028345,1.7018193
7003,18465.426,17939.008,526.41853,9.6341494,1.6635713
7004,20866.07,20436.12,429.95015,6.2933815,2.1776395
7005,23986.544,23296.202,690.34138,11.142463,3.1762416
7006,26513.42,25750.445,762.97462,12.553958,0.38273999
7007,24921.07,23990.799,930.27045,14.642898,-0.41322636
7008,23875.257,23207.33,667.92663,11.704115,-0.36974491
7009,24569.638,23722.667,846.9712,14.440661,-1.0200478
7010,25711.186,24938.667,772.51913,13.410472,0.88276359
7011,26126.037,25399.709,726.32776,12.404663,-1.055651
7012,27155.187,26412.992,742.19528,12.776666,1.9890081
7013,27631.539,26775.861,855.67827,14.633534,0.17780476
7014,27109.744,26384.581,725.16223,12.382683,0.36018025
7015,25758.952,24836.449,922.50361,15.110848,-0.84062704
7016,24094.498,23325.826,768.67161,12.765206,0.79152659
7017,22503.965,21704.796,799.16908,13.300313,3.0543766
7018,20497.875,19655.886,841.9883,13.599227,1.7658621
7019,17753.575,17064.746,688.8291,11.379655,2.0058939
7020,15821.103,15093.687,727.41575,12.66533,-0.055575983
7021,13981.135,13283.893,697.24194,11.54631,-1.1348127
7022,11264.303,10616.013,648.29032,10.741466,-0.83191556
7023,8994.2343,8412.4107,581.82358,10.124588,0.6390464
7024,7047.3215,6405.4597,641.86178,11.493826,0.3129284
7025,5232.3976,4804.1453,428.25229,7.7645249,2.8539431
7026,3978.3511,3462.4708,515.88031,9.4937309,1.5772254
7027,2755.5093,2330.4897,425.01954,7.7553759,0.72107666
7028,1874.0008,1495.2543,378.74644,7.235168,1.2517303
7029,1150.3337,771.5387,378.79502,7.1051473,0.16636991
7030,912.8142,527.77251,385.04169,7.1167378,2.2103456
7031,388.69586,54.597156,334.0987,6.2628952,1.538982
7032,-60.591716,-438.59716,378.00544,7.0546771,0.59585551
7033,-494.93333,-824.11374,329.18041,6.2237693,-0.4638681
7034,-718.01183,-1113.4787,395.46684,7.4573342,-0.72720076
7035,-697.30966,-1051.0964,353.7867,6.6074957,0.39416583
7036,-447.06588,-766.78673,319.72085,5.970503,-0.76053267
7037,25.044576,-335.77251,360.81709,6.7135417,0.06262392
7038,475.94793,89.781991,386.16594,7.2785175,-0.32461902
7039,1164.8757,816.63191,348.24383,6.5768442,-1.199474
7040,1893.2892,1529.1248,364.16435,6.8254949,1.1167125
7041,2769.9503,2374.8752,395.0751,7.2816008,0.76882484
7042,3667.2126,3315.1596,352.05307,6.548106,0.78135798
7043,4672.9341,4252.1074,420.8267,7.7927715,0.46842481
7044,5656.9436,5286.9258,370.01784,7.0058318,1.3901
7045,6621.7657,6160.1769,461.58875,8.6749039,0.39730581
7046,7621.529,7170.0221,451.50688,8.249348,0.16219382
7047,8392.5586,7937.5166,455.04199,8.4194616,-1.1063373
7048,9134.3022,8648.7962,485.50596,8.9700007,0.36412732
7049,9655.8959,9065.1501,590.74578,10.899128,1.1442042
7050,10106.395,9634.0727,472.3226,8.7637749,2.533932
7051,10383.097,9770.3633,612.73409,11.372363,2.4880289
7052,10586.787,10014.13,572.65705,10.504838,2.3227242
7053,10633.442,10065.694,567.74869,10.705198,2.6338677
7054,10770.884,10143.646,627.23829,11.702409,-1.0315234
7055,10628.09,10076.107,551.98252,10.120861,1.0087436
7056,10562.651,10007.355,555.29544,10.145432,0.56573768
7057,10405.314,9797.1564,608.158,10.977769,1.3142708
7058,10039.542,9552.4803,487.06215,9.0749724,-0.21595569
7059,9885.6394,9290.4139,595.22555,10.973317,-0.36106209
7060,10448.032,9878.6477,569.38385,10.273312,0.86153355
7061,9267.503,8761.327,506.17594,9.0039525,0.31371281
7062,10692.822,10126.155,566.66727,10.074904,1.3236156
7063,9939.3641,9371.3997,567.96442,10.312272,-0.28729299
7064,10105.688,9543.1785,562.50985,9.7103979,-1.1202459
7065,8593.5211,7981.2954,612.22569,11.141722,1.6212023
7066,10029.949,9500.0063,529.9424,9.208499,1.0201438
7067,11847.296,11338.515,508.78124,9.2029313,2.2322099
7068,10989.923,10338.983,650.94085,11.433872,-0.54003337
7069,9483.4114,8872.9479,610.46357,11.185542,-0.26875676
7070,9225.8966,8713.8073,512.08938,9.4711203,0.29303302
7071,10163.553,9547.9305,615.62296,11.423642,-0.26053084
7072,10290.897,9762.7804,528.11663,9.6801395,-0.92545779
7073,10464.795,9941.6367,523.15862,9.5377263,-0.59890778
7074,10272.821,9619.6145,653.20598,12.06335,0.90734418
7075,9925.125,9433.9842,491.14085,8.9817284,0.61658844
7076,9363.9448,8785.3902,578.55457,10.77107,1.9759619
7077,9570.0576,9002.4645,567.59314,10.370733,0.93341697
7078,9688.7164,9135.9242,552.7922,10.248903,2.0873653
7079,9242.1554,8613.7125,628.44294,11.594969,0.92404872
7080,9110.0655,8552.4423,557.62315,10.135898,2.2434432
7081,8387.1053,7798.1927,588.91259,11.041409,-0.8441055
7082,8173.2166,7569.7946,603.42194,11.271874,1.0681861
7083,8074.2501,7558.8752,515.3749,9.575424,0.32173134
7084,7343.716,6700.2844,643.43162,12.017956,-0.65327584
7085,7089.4327,6603.2227,486.20999,9.1840947,1.0914338
7086,6804.7527,6244.7014,560.05124,10.402604,-0.45149458
7087,6300.5286,5776.1769,524.35166,9.7364832,2.7067764
7088,5605.0367,5051.9558,553.08092,10.415229,0.49196963
7089,5096.8742,4610.3254,486.54873,9.1356254,0.69893908
7090,4845.5195,4324.8025,520.717,9.9840712,-0.52605097
7091,4577.9061,4108.6382,469.26788,8.7113112,1.68521
7092,4253.4375,3767.8104,485.62705,9.2130246,2.7884897
7093,3958.2548,3435.8799,522.3749,9.7897625,1.5373677
7094,3555.7239,3070.079,485.64488,9.3109223,0.99324371
7095,3342.34,2898.7046,443.63546,8.4214396,-0.86660937
7096,3336.7858,2772.6256,564.16021,10.614402,-0.19647441
7097,3242.4647,2810.237,432.22773,8.3653179,-0.037790402
7098,3333.2513,2844.613,488.63833,9.278588,-0.40450744
7099,3190.0529,2598.9258,591.12711,11.23041,0.60667322
7100,3126.2296,2793.1501,333.07951,6.2520422,0.4945
7101,3362.3353,2795.6777,566.65758,10.610378,0.84382099
7102,3444.4371,3005.3712,439.06583,8.2133953,0.59109344
7103,3494.7282,3059.9684,434.7598,8.3294334,1.514329
7104,3728.6122,3192.5182,536.09406,10.202016,1.2500413
7105,3776.1767,3357.3207,418.85603,7.8074612,1.4046098
7106,3962.9002,3486.4329,476.46734,8.9684061,0.64203063
7107,4106.9065,3621.3081,485.59845,9.1938079,0.25291452
7108,4225.2623,3789.1438,436.11857,8.360475,-0.74643599
7109,4414.9144,3846.3697,568.54473,10.826711,0.33309734
7110,4483.888,4047.4692,436.41877,8.1863493,1.5486298
7111,4650.6162,4083.6651,566.95109,10.69443,-1.0220009
7112,4667.6828,4218.9447,448.73813,8.4166614,1.0401672
7113,4742.1097,4141.4976,600.61203,11.384201,-1.4334429
7114,4724.2351,4268.891,455.34411,8.8939242,1.7738111
7115,4691.5156,4171.6272,519.88841,9.9703233,0.88473117
7116,4689.0919,4166.2686,522.82335,9.8063248,1.9801528
7117,4583.1574,4130.376,452.78141,8.6378635,1.7278227
7118,4611.0296,4067.7915,543.23812,10.18836,0.49859758
7119,4302.6178,3810.4771,492.14066,9.3556338,1.3994476
7120,4459.1464,3977.5039,481.6424,9.2732387,0.052957787
7121,4435.7176,3887.6209,548.0967,10.406143,0.5866458
7122,3810.613,3332.6509,477.96215,8.8378252,-0.1872493
7123,4216.6785,3752.4423,464.23616,8.2918106,1.0430226
7124,4187.9984,3542.7488,645.24961,11.715327,0.54656126
7125,5258.2501,4940.6382,317.61187,4.9448749,0.87681226
7126,9071.2868,8552.4423,518.84445,7.2028986,1.2596269
7127,16231.41,15947.93,283.47937,3.2177676,1.2164982
7128,19571.124,18849.972,721.1527,12.71326,2.0619475
7129,23186.329,22588.158,598.17102,8.368617,0.95612997
7130,25778.948,25150.787,628.1608,11.081844,0.17973964
7131,27006.435,26398.837,607.59743,10.715869,-0.92599004
7132,24957.122,24250.742,706.3794,11.552074,-0.40615037
7133,24245.27,23686.269,559.00165,10.128111,-1.7153819
7134,24781.002,24157.523,623.47907,11.255354,-0.98336045
7135,25827.522,25250.477,577.0448,10.453635,1.3011751
7136,26926.757,26332.411,594.34586,10.202714,-0.4213663
7137,28287.041,27649.112,637.92847,11.39041,0.39573145
7138,28452.254,27765.687,686.56684,12.403355,-2.1397849
7139,27797.258,27200.202,597.05538,10.698594,-1.2374128
7140,26317.911,25597.371,720.5396,12.261437,-2.0060913
7141,24512.48,23841.264,671.21586,11.720903,0.31432346
7142,22512.145,21914.085,598.05986,10.202764,1.4461609
7143,20378.105,19635.16,742.94537,12.449377,-0.76823483
7144,17575.738,16972.335,603.40315,10.101861,1.607668
7145,15347.175,14761.049,586.12578,10.383491,-0.11855578
7146,13358.454,12700.31,658.14401,11.174075,-0.85397261
7147,10489.537,9936.8847,552.65221,9.3787366,-0.48169575
7148,8236.5349,7668.7773,567.75766,9.9497604,-0.15222752
7149,6101.3838,5477.207,624.17688,10.970587,1.4432228
7150,4068.3298,3653.3586,414.97117,7.4665216,1.4242975
7151,2750.9649,2220.891,530.0739,9.804036,1.8699491
7152,1577.5053,1077.6872,499.81812,8.9981827,1.3623287
7153,856.16095,346.28752,509.87343,9.6179151,1.0825651
7154,273.67258,-261.45972,535.1323,9.8720912,1.1517135
7155,-50.39211,-518.57188,468.17977,8.7175562,1.7342
7156,-567.34043,-1098.1106,530.77015,9.9708717,1.3816223
7157,-1080.1483,-1577.6556,497.50728,9.1780758,0.8939507
7158,-1503.7854,-1998.8626,495.07715,9.1858833,-1.7103528
7159,-1802.5026,-2295.0016,492.49902,9.2589635,-0.91505502
7160,-1761.9061,-2220.3855,458.47935,8.6485,1.9566491
7161,-1385.0256,-1854.1801,469.15445,8.6245936,0.35839569
7162,-952.80473,-1367.6588,414.85403,7.6182953,1.6090023
7163,-384.15148,-904.49289,520.34141,9.5837731,-0.17447135
7164,342.84813,-77.952607,420.80073,7.7019514,-1.1531305
7165,1155.989,707.4376,448.55136,8.4365045,0.21974215
7166,2097.5842,1633.8705,463.71376,8.4722467,1.3536122
7167,3081.2907,2660.1959,421.09484,7.8363245,2.0909395
7168,4213.346,3677.2196,536.12637,9.8539306,1.4183784
7169,5257.0383,4822.5466,434.49166,8.0628874,2.1695878
7170,6290.8339,5783.3555,507.47847,9.5320306,-0.60903343
7171,7389.7657,6822.7235,567.04214,10.492034,0.58764892
7172,8183.4162,7712.9605,470.45567,8.8307835,-0.45164354
7173,8991.3057,8415.3428,575.96291,10.783305,0.3675308
7174,9468.0615,8901.2575,566.80403,10.50596,1.16857
7175,9905.1298,9453.0932,452.03658,8.4066861,1.4344084
7176,10161.231,9558.2433,602.98748,11.226044,3.1804693
7177,10319.274,9825.1627,494.11144,8.9975686,1.1793289
7178,10423.997,9868.5371,555.45972,10.355818,2.1529441
7179,10512.966,9960.8468,552.11892,10.312486,1.3201156
7180,10404.708,9908.575,496.13344,9.2472836,1.8554255
7181,10322.304,9786.0348,536.26899,9.9283272,0.31656506
7182,10153.556,9590.7994,562.75645,10.271384,1.1684104
7183,9838.075,9314.7804,523.29454,9.7134145,0.026505504
7184,9630.8513,9059.9937,570.8576,10.586214,0.22337921
7185,10209.098,9671.684,537.41418,9.8852247,0.18117714
7186,9058.6635,8507.5513,551.11217,10.003136,0.81994901
7187,10436.216,9931.5261,504.69011,9.0453518,1.3086733
7188,9756.6801,9130.8689,625.8112,11.354566,-1.0626879
7189,9862.1097,9402.0348,460.07491,7.9716681,-0.56967055
7190,8380.6422,7774.1295,606.51267,11.291381,-0.873361
7191,9759.0028,9297.5924,461.41034,8.1534309,1.3559871
7192,11585.136,11130.54,454.59581,8.3072377,2.4990189
7193,10765.128,10137.58,627.54843,11.13963,1.484423
7194,9235.8943,8698.0348,537.85952,9.68365,0.83067545
7195,9016.3503,8547.4882,468.86214,8.5028255,1.2022165
7196,9960.0663,9374.534,585.53231,10.818208,0.35632201
7197,10084.885,9626.793,458.09216,8.5635233,0.11888432
7198,10351.186,9785.9336,565.25215,10.511397,1.7702464
7199,10058.124,9481.5039,576.61992,10.621078,1.1584638
7200,9784.7542,9283.6398,501.11443,9.3528359,2.1436113
7201,9212.8694,8613.207,599.66248,11.18294,2.4667248
7202,9360.6122,8826.9447,533.66752,9.7828167,0.98566964
7203,9527.7444,8921.2765,606.46792,11.405178,2.079574
7204,8955.4556,8448.3033,507.1523,9.5145553,1.6540189
7205,8883.2505,8333.4471,549.80342,10.167038,1.3994731
7206,8073.2402,7555.1343,518.10596,9.7307338,0.68548678
7207,7813.4028,7298.6288,514.77401,9.6269769,0.62748714
7208,7766.5452,7255.2543,511.29082,9.6099169,-0.56374322
7209,6930.2785,6370.0727,560.20583,10.55262,-0.4642394
7210,6715.3799,6238.534,476.84592,9.1455319,2.1687344
7211,6369.4012,5849.9842,519.41698,9.8226928,0.78164556
7212,5862.4505,5378.4265,484.02395,9.0314801,1.3717954
7213,5213.9172,4602.0348,611.8824,11.705159,1.4025729
7214,4606.2832,4185.8831,420.40014,7.9871474,0.86057539
7215,4414.7124,3839.4945,575.21796,11.182718,-0.57403295
7216,4094.3842,3617.2638,477.1204,9.0173295,1.141424
7217,3755.7775,3252.6761,503.10137,9.5854462,1.6842559
7218,3466.5531,2863.9242,602.62889,11.369329,0.83620621
7219,2991.1101,2563.0332,428.07688,8.1990946,0.3906646
7220,2843.2663,2304.5055,538.76074,10.195007,0.055577693
7221,2737.6347,2230.4961,507.13866,9.4518421,-0.053226883
7222,2665.9345,2233.0237,432.91082,8.3197351,-0.60866313
7223,2802.6698,2279.3302,523.33965,9.8207433,-0.071657788
7224,2613.6237,2113.7188,499.90487,9.3119507,0.27726699
7225,2621.8036,2232.0126,389.79091,7.3480609,1.2830576
7226,2858.2122,2310.2686,547.94367,10.336491,2.2207556
7227,2967.7822,2520.4676,447.31463,8.3361179,2.7494754
7228,3108.355,2546.0474,562.30764,10.799733,2.2174781
7229,3240.142,2780.2085,459.93348,8.6805821,0.26615283
7230,3432.9247,2883.3365,549.58816,10.442726,0.97009148
7231,3551.2805,3093.4344,457.84603,8.7256028,0.94426499
7232,3738.8118,3176.9479,561.86397,10.647696,-0.15353373
7233,3870.8008,3380.2717,490.52907,9.324095,0.022620188
7234,3977.4422,3514.0348,463.40745,8.7985601,-0.93673443
7235,4125.286,3609.0742,516.21175,9.960297,2.3735036
7236,4210.8213,3752.0379,458.78339,8.7416334,0.29291894
7237,4259.1937,3791.0648,468.12892,8.7848277,1.5995226
7238,4359.7759,3772.158,587.61796,11.024343,-0.09511051
7239,4288.4797,3903.3934,385.08632,7.2766062,-0.10161602
7240,4297.7704,3771.6524,526.11797,10.118146,1.9013405
7241,4287.1669,3821.4976,465.66923,8.7318947,2.8359517
7242,4202.5404,3741.3207,461.21974,8.7901507,3.0748872
7243,4282.5215,3718.4708,564.05072,10.62906,0.90343834
7244,3889.0793,3462.4708,426.60852,8.0108385,1.2799427
7245,4112.4607,3591.1785,521.28223,9.8700712,0.071005539
7246,4057.2213,3536.0758,521.14547,9.8437066,-0.20060069
7247,3426.0576,2885.4597,540.59788,10.159183,-0.94090351
7248,3840.101,3375.6209,464.48013,8.3881647,0.63500556
7249,3723.4619,3153.4913,569.97062,10.242576,-0.23593404
7250,4843.4998,4505.3776,338.12224,5.2682901,0.1356419
7251,8341.2576,7949.346,391.91162,5.7885352,0.59840739
7252,14738.531,14548.12,190.4109,2.3944624,1.2571789
7253,16659.389,16153.175,506.21399,9.4519921,1.393178
7254,18902.293,18572.335,329.95779,4.995784,1.3373809
7255,21843.415,21377.82,465.59469,7.8017328,2.0394803
7256,24414.725,23906.477,508.24796,8.6582595,-0.35270135
7257,22747.14,22123.779,623.36121,10.167334,-0.11372363
7258,21758.99,21315.741,443.24922,8.0678833,-0.80442838
7259,22354.708,21889.213,465.49442,8.2472193,-0.67116856
7260,23542.608,23021.295,521.31287,9.4156962,0.65631497
7261,23908.885,23507.513,401.37178,7.2295228,0.027077767
7262,24954.193,24427.88,526.31336,9.4319292,1.4100994
7263,25419.134,24854.445,564.68823,9.9502765,-1.2988048
7264,24920.666,24472.569,448.09716,7.8863003,-1.3141863
7265,23577.449,22966.294,611.15468,10.337392,-2.4627189
7266,21951.874,21456.784,495.0902,8.5688428,0.75864108
7267,20407.189,19879.431,527.75768,9.2056158,2.4462502
7268,18523.897,17891.994,631.90376,10.645803,1.3013822
7269,15821.507,15349.283,472.22412,7.9606073,0.66265988
7270,13947.506,13413.207,534.29916,9.494315,-0.16337717
7271,12238.719,11643.046,595.67292,10.024787,-0.94818244
7272,9547.9416,9005.9021,542.03956,9.2841164,0.063323952
7273,7423.798,6867.4123,556.38571,9.9847267,0.89541831
7274,5529.0951,4932.0442,597.05084,10.72412,0.40510088
7275,3841.9187,3345.7946,496.12411,8.9839576,2.2732394
7276,2561.6158,2041.7314,519.88434,9.4677436,1.7367578
7277,1453.5953,899.4376,554.15767,10.02348,0.65715073
7278,590.46627,105.4534,485.01288,9.2832557,1.5150454
7279,-120.27456,-618.96998,498.69543,9.3640493,1.4017917
7280,-342.74714,-830.07899,487.33185,9.0645753,3.6623591
7281,-859.3925,-1324.2844,464.89186,8.7493309,1.6047057
7282,-1286.6651,-1801.2006,514.53554,9.631984,1.4213013
7283,-1725.1471,-2184.4929,459.34575,8.5429536,-0.45012145
7284,-1967.615,-2430.1801,462.5651,8.6386493,-0.87528556
7285,-1949.4375,-2391.5577,442.12019,8.3100629,0.98843288
7286,-1690.1049,-2140.1074,450.00249,8.3615841,0.75551374
7287,-1242.9381,-1704.8468,461.90869,8.3979636,1.1726016
7288,-791.12584,-1315.5893,524.46342,9.6642444,1.1150342
7289,-159.15424,-538.89415,379.73991,7.0745273,-0.49593579
7290,619.5503,102.52133,517.02897,9.6156755,-0.11778626
7291,1388.4592,965.86414,422.59503,7.7722703,1.4356558
7292,2339.3452,1859.842,479.50315,8.9301842,1.8437242
7293,3265.2876,2778.9953,486.29231,9.1122264,0.74183678
7294,4233.7452,3810.376,423.36918,8.0214572,0.57307613
7295,5120.7069,4679.2796,441.42728,8.3407581,-0.066584268
7296,6064.5239,5596.4107,468.11312,8.7204835,-0.14460889
7297,6825.7578,6416.278,409.47975,7.7586837,-1.2714417
7298,7506.8087,7040.4044,466.40426,8.73313,-0.18466574
7299,7968.0126,7516.5118,451.50077,8.4950343,1.3505812
7300,8412.6548,8017.7946,394.8602,7.4411488,1.5166552
7301,8654.1128,8139.7283,514.38454,9.5709488,3.3317332
7302,8878.9081,8414.3318,464.57633,8.4417643,1.9362571
7303,8917.5858,8409.0742,508.51155,9.4789877,2.7852075
7304,9035.3357,8561.8452,473.49052,8.8479811,-0.26623564
7305,8958.0813,8434.2496,523.83166,9.8706968,0.54014494
7306,8848.1073,8383.5956,464.51172,8.6856301,1.2642806
7307,8747.1211,8175.5197,571.60136,10.563716,1.0117654
7308,8362.2627,7956.7267,405.53602,7.65663,1.3641154
7309,8214.7219,7714.4771,500.2448,9.3260703,-0.90845296
7310,8739.4462,8284.2085,455.23762,8.4167312,0.5553366
7311,7591.8391,7125.1311,466.70793,8.5507243,0.28893276
7312,8975.2489,8555.8799,419.36898,7.6594922,1.316821
7313,8266.3258,7709.4218,556.90404,10.186621,-0.051665149
7314,8389.832,8025.5798,364.25217,6.307487,0.10474444
7315,6889.783,6365.0174,524.76566,9.7436502,1.1186396
7316,8327.9274,7908.6003,419.3271,7.4299626,2.2843412
7317,10119.523,9716.575,402.94843,7.4283118,2.6112548
7318,9307.1905,8708.752,598.43856,10.763423,0.057071003
7319,7793.2055,7342.3065,450.89905,8.451131,-0.065335555
7320,7570.43,7094.7994,475.63061,8.8912271,-0.79961499
7321,8503.2394,7971.4882,531.7513,9.8658177,-0.58949472
7322,8606.8513,8156.9163,449.93501,8.5105982,-2.4766124
7323,8816.8016,8348.8152,467.98641,8.7312077,-0.14773504
7324,8580.6959,8055.7093,524.98654,9.8389632,1.7333593
7325,8227.0422,7821.7504,405.29181,7.5449631,1.4168616
7326,7676.3645,7191.4566,484.90794,9.1167829,2.8153625
7327,7851.2726,7405.0932,446.17938,8.3405843,0.97898108
7328,8027.3925,7513.8831,513.50941,9.6930067,1.2028322
7329,7500.0426,7094.3949,405.64766,7.6899002,1.2709473
7330,7425.4138,6908.0569,517.35693,9.723998,1.6961434
7331,6690.0323,6259.3618,430.67058,8.2067562,0.1403114
7332,6508.6611,5957.8641,550.797,10.43524,0.099659289
7333,6443.2221,6008.0126,435.20945,8.1383026,0.66898647
7334,5683.402,5184.1011,499.30087,9.4605922,-0.74948578
7335,5517.9866,5027.7915,490.19512,9.4474017,0.71971494
7336,5205.6363,4752.6825,452.95383,8.5699151,-0.12338918
7337,4744.8363,4219.8547,524.98163,9.9248343,1.2384043
7338,4078.6304,3572.7773,505.85312,9.5202773,-0.056697317
7339,3542.6966,3126.4961,416.2006,7.8593819,0.45259659
7340,3336.0789,2812.9668,523.11207,9.9380181,0.087573374
7341,3018.4773,2614.4961,403.98127,7.3928529,1.3448671
7342,2753.4895,2248.3918,505.09776,9.4874168,1.2694479
7343,2440.6343,1946.9953,493.63906,9.2819057,0.36427778
7344,2003.768,1610.9194,392.84862,7.5175897,0.61202013
7345,1875.9195,1366.0411,509.87845,9.598705,-0.34794555
7346,1771.0959,1323.1722,447.92366,8.2012153,0.777239
7347,1791.2931,1273.0237,518.2694,9.7626818,-0.90956104
7348,1815.4288,1392.1264,423.30241,7.9040043,-0.30937214
7349,1689.6,1147.3491,542.25087,10.29668,-0.41367772
7350,1677.2797,1279.6967,397.583,7.5273933,1.9186052
7351,1841.3822,1348.4487,492.93359,9.300262,1.6671648
7352,1995.5882,1486.5592,509.02892,9.5397707,1.612232
7353,1992.8615,1593.5292,399.33231,7.6035104,1.4445338
7354,2203.6197,1723.1469,480.4728,9.14869,-0.57279221
7355,2303.697,1844.575,459.122,8.6734354,1.9210867
7356,2376.811,2012.613,364.19809,6.9788902,0.39486364
7357,2615.1385,2040.5182,574.62029,11.077607,0.078861707
7358,2655.028,2319.9747,335.05328,6.392526,-0.43101109
7359,2815.5961,2344.2401,471.35593,8.9932667,-0.25859115
7360,2957.4817,2487.3049,470.17676,8.9699562,1.6288085
7361,3019.0832,2630.8752,388.20804,7.3974654,0.29696894
7362,3154.4047,2626.9321,527.47266,9.9102592,0.75739254
7363,3127.9464,2691.9431,436.00322,8.2444396,-0.21645363
7364,3176.1168,2719.3428,456.77395,8.7565266,0.17743147
7365,3123.099,2659.6904,463.40865,8.8230437,1.6739903
7366,3120.9783,2651.6019,469.37641,8.8627634,1.2028563
7367,3056.3471,2565.9652,490.3819,9.3713902,2.4155673
7368,3057.458,2615.2038,442.2542,8.3312144,0.042417869
7369,2754.9034,2268.7141,486.18929,9.3720303,1.400791
7370,2902.4442,2483.4629,418.98131,8.0322297,0.3972973
7371,2859.626,2388.9289,470.69713,8.9190559,-0.62752438
7372,2273.3002,1755.0964,518.20383,9.5774428,-0.17226504
7373,2625.54,2307.7409,317.79912,5.6081257,-0.077440067
7374,2580.0963,2006.6477,573.44854,10.441652,1.2825731
7375,3706.9002,3445.5861,261.3141,4.0897519,0.83817474
7376,7380.6769,6953.9589,426.718,6.1081811,2.8037725
7377,14302.978,14111.444,191.5336,2.2567453,1.0720283
7378,17114.534,16966.572,147.96224,2.746891,0.3818537
7379,20745.291,20643.69,101.60037,1.4259352,1.0439592
7380,23884.548,23868.259,16.288451,0.29270401,0.37074283
7381,25677.759,25656.619,21.140096,0.38833051,-0.81821335
7382,23785.985,23635.716,150.26937,2.5579046,-1.3241802
7383,22958.1,22909.169,48.931161,0.92592185,-2.7542562
7384,23475.553,23309.75,165.80306,3.1137577,-1.1178804
7385,24438.356,24476.209,-37.852712,-0.70285991,0.452789
7386,25319.056,25281.921,37.135399,0.66552946,-0.24944055
7387,26686.813,26636.537,50.276287,0.9299365,0.062292858
7388,26990.984,26992.329,-1.3447676,-0.024786581,-1.4257756
7389,26435.56,26478.509,-42.948925,-0.79803316,-1.0864723
7390,25009.837,24926.231,83.606039,1.4695905,-1.5291965
7391,23266.512,23161.529,104.98281,1.8820662,0.26973736
7392,21397.157,21283.084,114.07288,2.0082514,1.2000281
7393,19210.301,18994.148,216.15209,3.7295457,-1.1503505
7394,16443.683,16193.517,250.16625,4.3635912,-1.2609511
7395,14204.112,14001.34,202.77238,3.6898176,-1.0759091
7396,12244.677,11791.368,453.30883,7.8563882,-2.2269157
7397,9300.8284,9027.842,272.98638,4.7501342,0.23666346
7398,7038.8387,6639.2164,399.62223,7.0765155,-1.4182459
7399,4893.286,4434.5024,458.78363,8.1555604,0.10440583
7400,2851.7491,2550.3949,301.35417,5.3404592,1.3580539
7401,1490.8592,970.00948,520.84969,9.4768584,1.9148144
7402,209.14241,-234.56556,443.70797,7.9864793,1.9748129
7403,-620.05523,-1089.4155,469.36026,8.775743,0.11486473
7404,-1265.357,-1731.5387,466.1817,8.658691,0.86054448
7405,-1568.3156,-2010.3886,442.07304,8.1738815,1.903057
7406,-2073.8525,-2581.94,508.0875,9.4866245,1.655423
7407,-2548.7905,-3049.4534,500.66286,9.1518776,0.039292728
7408,-3007.5708,-3498.8689,491.29807,9.0856656,-0.69009848
7409,-3277.103,-3800.9731,523.87019,9.8004916,-1.0020982
7410,-3266.7014,-3735.6588,468.95739,8.7921939,1.2848923
7411,-2911.7349,-3475.9179,564.18294,10.460219,0.36492182
7412,-2506.9822,-2893.4471,386.46483,7.1118558,1.1181412
7413,-1930.755,-2517.1311,586.37609,10.791424,-0.93566833
7414,-1282.6256,-1608.3918,325.76614,6.0501307,1.3934454
7415,-443.02643,-900.54976,457.52333,8.6222102,1.2393658
7416,476.25089,63.696682,412.55421,7.6440101,2.1579551
7417,1466.9254,1137.7441,329.18137,6.065738,1.4576387
7418,2578.4805,2160.6319,417.84856,7.7235682,1.0568971
7419,3614.8008,3363.6904,251.11043,4.7516403,1.0875857
7420,4691.3136,4320.8594,370.45421,7.0454619,0.21391464
7421,5753.9913,5388.6382,365.35309,6.9000339,0.14898524
7422,6608.7385,6332.8657,275.87274,5.2916625,-1.3531741
7423,7405.2166,7076.7014,328.51515,6.3016423,0.96018306
7424,7932.6675,7621.1564,311.51106,5.9299222,0.34988325
7425,8387.4083,8173.0932,214.31508,4.0938411,0.0044207946
7426,8685.9235,8311.1027,374.82079,7.235955,0.29357181
7427,8871.6371,8631.8104,239.82665,4.5844861,0.36230189
7428,8961.1108,8645.763,315.34781,6.1067601,0.6443898
7429,9033.215,8820.6761,212.53884,4.1148461,0.25346558
7430,8966.3621,8674.4771,291.88504,5.539517,0.99421503
7431,8856.6911,8642.0221,214.66901,4.122405,0.47610735
7432,8734.6998,8400.5814,334.11844,6.2917531,-0.48689378
7433,8364.5854,8164.0948,200.49062,3.8491208,-0.18536944
7434,8189.7783,7921.0363,268.74197,5.0774829,-0.11162035
7435,8757.3207,8479.2417,278.079,5.1917533,0.4232354
7436,7618.0955,7326.1295,291.96592,5.3740918,0.43873421
7437,9010.2911,8764.5624,245.72872,4.4659542,0.59443719
7438,8319.1416,7960.6698,358.47179,6.5902949,-2.1474249
7439,8465.8746,8254.079,211.79557,3.789359,-1.2693398
7440,6953.3034,6575.4186,377.88471,7.215448,-0.62682018
7441,8361.1519,8132.3476,228.80432,4.2103254,0.59210911
7442,10182.236,9977.7314,204.50446,3.7802151,1.8179043
7443,9348.5949,8962.831,385.76391,6.9537955,-0.35144568
7444,7822.4915,7596.0821,226.40937,4.2573771,0.040793383
7445,7581.6394,7325.5229,256.11654,4.8594525,-0.066359754
7446,8537.4738,8255.1912,282.28261,5.4094783,0.13682049
7447,8656.5365,8399.7725,256.76398,4.9103333,-1.2618117
7448,8872.546,8655.0648,217.48119,4.1677849,0.3185458
7449,8648.6596,8340.4234,308.23619,5.943653,1.1041139
7450,8325.8067,8092.0063,233.80039,4.4238499,2.0147027
7451,7795.1243,7481.7314,313.39282,6.0305392,0.33785235
7452,7932.6675,7670.2938,262.37362,5.0056682,0.97298498
7453,8107.6765,7802.3381,305.33846,5.9869968,0.48561984
7454,7589.3144,7318.3444,270.97001,5.3323812,1.3744857
7455,7486.9144,7150.2054,336.70903,6.4759442,0.52097611
7456,6722.4489,6449.1374,273.31147,5.3885352,-0.5055392
7457,6472.811,6148.4487,324.36239,6.3163733,-1.0958621
7458,6378.6919,6143.6967,234.99523,4.5500473,-1.7944528
7459,5561.7136,5251.4376,310.27601,6.0126226,-1.8568177
7460,5333.5858,5043.3618,290.22403,5.6103775,0.60889568
7461,4992.2525,4732.8657,259.38675,4.9965989,0.38291781
7462,4510.6493,4128.1517,382.49765,7.2732915,0.85333469
7463,3786.1744,3493.1058,293.06851,5.6416788,-0.72706198
7464,3243.3736,2955.9305,287.44308,5.4776648,-1.0479497
7465,2996.4623,2640.4803,355.98207,6.8718419,-0.49218638
7466,2696.7353,2383.1659,313.56943,5.9379423,0.3290705
7467,2364.8947,2019.387,345.50763,6.5505182,1.2368432
7468,2048.8079,1650.0474,398.7605,7.5007331,-0.95667505
7469,1618.3037,1301.7378,316.56599,6.0792368,0.48213643
7470,1421.6836,1042.7046,378.97905,7.1962996,-1.8104271
7471,1340.2888,944.02528,396.26348,7.5461439,-0.37721701
7472,1298.7834,957.87678,340.90665,6.6008769,-1.5966066
7473,1326.7566,1018.3381,308.41853,5.8814763,-1.2397903
7474,1227.0832,799.34281,427.74042,8.2367403,1.5664142
7475,1148.213,939.77883,208.43419,3.9986882,0.88504695
7476,1411.888,1000.6445,411.24342,7.80072,0.85065765
7477,1521.559,1184.2528,337.30621,6.371911,0.49165221
7478,1589.3207,1292.0316,297.28911,5.7682556,0.40613343
7479,1822.9018,1449.4534,373.44838,7.2579816,0.35547743
7480,1918.0308,1617.8957,300.13503,5.7411888,1.6333266
7481,2136.5649,1776.6319,359.93298,6.8681927,-0.10888682
7482,2269.2607,1914.5403,354.72047,6.7438415,-0.25823922
7483,2409.2276,2122.2117,287.01592,5.5511876,-2.7149631
7484,2590.6998,2225.643,365.05683,7.0683517,-1.5881667
7485,2678.1538,2378.3128,299.84105,5.7608377,-0.003188476
7486,2827.6134,2474.8689,352.74453,6.8026232,0.64059226
7487,2878.8134,2582.8499,295.96349,5.6377624,0.44740483
7488,2909.6142,2559.2923,350.32194,6.6778864,-2.3967771
7489,2921.8335,2647.6588,274.17476,5.3131612,-0.19694441
7490,2847.3057,2564.8531,282.45264,5.4998284,0.22310212
7491,2905.7767,2548.6761,357.10058,6.828344,1.323154
7492,2780.5538,2528.455,252.09887,4.9060278,0.96506602
7493,2834.5815,2507.0205,327.56092,6.3529705,-0.1235311
7494,2518.1917,2216.6445,301.54717,5.8385736,1.155422
7495,2656.4418,2412.891,243.55082,4.7174014,-0.27633374
7496,2721.073,2261.94,459.13301,8.8073323,-0.53148927
7497,1982.6619,1734.9763,247.68563,4.6686428,-2.0722947
7498,2470.3243,2152.3412,317.98303,5.7790012,-0.57065239
7499,2354.6951,1944.9731,409.72193,7.5671066,-0.3090135
7500,3534.8197,3344.6825,190.13726,2.9904117,0.67367895
7501,7358.056,6884.1959,473.86012,6.790547,2.9293984
7502,14012.844,13712.581,300.26282,3.6784784,2.0050206
7503,16062.662,15378.3,684.36177,12.437177,1.682175
7504,18408.672,17871.671,537.00078,8.0298553,0.89475405
7505,21258.907,20648.645,610.26196,10.119157,2.9379252
7506,23794.266,23063.457,730.80932,12.371991,-0.66725736
7507,22207.268,21421.599,785.66911,12.570604,-0.93846838
7508,21330.708,20572.714,757.99363,13.122206,-0.48339063
7509,21924.809,21161.15,763.65939,13.308607,-0.52699649
7510,23090.695,22329.125,761.57027,13.365251,0.89174252
7511,23653.693,22816.758,836.9348,14.223419,0.64523649
7512,24564.488,23850.869,713.6187,12.245424,2.0830088
7513,25089.818,24136.088,953.72928,16.357572,-1.016672
7514,24520.559,23831.76,688.79871,11.849552,0.11663272
7515,23141.592,22210.123,931.46889,15.492022,-2.3590968
7516,21504.808,20687.773,817.03538,13.868548,2.0659793
7517,19796.929,19113.15,683.77931,11.613389,1.949076
7518,17841.433,16984.67,856.76292,14.243238,1.5476595
7519,15084.51,14483.513,600.99624,9.9397407,1.3939151
7520,13064.786,12416,648.7858,11.43547,1.3426903
7521,11284.904,10606.408,678.49656,11.434554,0.14876392
7522,8459.4114,7997.8768,461.53466,7.9373421,-0.47349735
7523,6288.1073,5729.3649,558.74237,9.9661183,1.3724796
7524,4286.6619,3825.9463,460.71565,8.3205099,0.25874527
7525,2494.46,2121.4028,373.05712,6.8213549,1.7544524
7526,1291.4114,810.86888,480.54256,8.88438,1.668767
7527,22.216963,-316.76461,338.98158,6.2535271,1.1170366
7528,-760.93097,-1174.1422,413.21121,7.8858459,0.44696847
7529,-1542.7661,-1822.8373,280.07121,5.2982533,0.93577726
7530,-1782.8103,-2180.1453,397.33508,7.5442688,0.97187665
7531,-2295.8201,-2579.7156,283.89552,5.4818611,0.83628048
7532,-2768.6375,-3070.6856,302.04815,5.7623036,-1.0099251
7533,-3196.617,-3500.9921,304.37514,5.7602923,-0.15479929
7534,-3468.3708,-3718.1675,249.79665,4.7368872,-2.0646782
7535,-3444.841,-3736.7709,291.92991,5.5920118,-0.246821
7536,-3132.0868,-3426.6793,294.59252,5.5227409,-1.2521061
7537,-2746.1176,-2963.0079,216.89034,4.1046865,0.028304531
7538,-2233.4107,-2622.9889,389.57829,7.3866567,0.53756111
7539,-1602.5499,-1775.8231,173.27316,3.2879631,0.27077108
7540,-768.10099,-1182.0284,413.92745,7.8450417,0.88889444
7541,74.224852,-231.7346,305.95945,5.7236482,1.5735699
7542,998.95542,655.26698,343.68844,6.4139517,1.9090288
7543,2094.3527,1615.6714,478.68126,8.8722426,1.7765752
7544,3010.3984,2698.4139,311.98452,5.925092,1.6794804
7545,4017.3318,3509.485,507.84676,9.6217206,-0.26140705
7546,5005.9866,4554.9194,451.06716,8.3844517,0.79979956
7547,5770.4521,5325.2449,445.20721,8.4718211,-1.0124632
7548,6490.1807,6004.0695,486.11116,9.2299362,1.3346153
7549,6933.813,6442.4645,491.34856,9.3090091,1.0832767
7550,7410.6698,6962.1485,448.52132,8.4775579,1.9877971
7551,7674.9507,7126.5466,548.40409,10.27115,1.4240716
7552,7847.8391,7364.4487,483.3904,8.9278844,2.3337279
7553,7954.0765,7390.6351,563.44146,10.63301,3.2806402
7554,8032.4418,7539.4629,492.97894,9.3605871,0.93847164
7555,7981.4438,7381.03,600.41377,11.11035,2.175284
7556,7885.103,7388.4107,496.69222,9.2255405,0.048861943
7557,7752.912,7135.0395,617.87254,11.430535,-1.0310293
7558,7439.1479,6939.8041,499.34382,9.4828928,0.1928477
7559,7228.4907,6684.9163,543.57446,10.209048,-0.53158437
7560,7821.3807,7218.0474,603.33328,11.03794,0.57786804
7561,6644.1846,6160.0758,484.10879,8.7676189,0.11144314
7562,8032.5428,7478.7994,553.74343,9.9982133,1.1946391
7563,7309.2797,6741.5355,567.74414,10.266273,-0.97177836
7564,7400.1673,6947.7915,452.37579,7.7832032,-0.13492758
7565,5957.7815,5341.8262,615.95524,11.413213,0.76027168
7566,7334.1223,6876.0063,458.11597,8.1014998,1.5875204
7567,9133.4943,8684.3855,449.10881,8.1739267,3.2542809
7568,8337.1172,7707.2986,629.81858,11.224451,0.098881752
7569,6808.2872,6308.4992,499.78797,9.1331395,0.51241108
7570,6621.7657,6049.6682,572.09743,10.538717,0.47963085
7571,7513.8777,6970.9447,542.933,10.054646,0.32601429
7572,7656.7732,7118.2559,538.51725,10.0668,-1.8662605
7573,7877.0241,7349.3839,527.64018,9.8801004,0.39868658
7574,7635.0611,7008.2528,626.80838,11.694671,0.6702849
7575,7313.4201,6801.8957,511.52438,9.5131614,3.1498784
7576,6758.4,6184.8468,573.55324,10.770185,1.8854574
7577,6910.6872,6355.109,555.57817,10.402329,1.2976988
7578,7063.8832,6543.7725,520.11072,9.8564415,1.4365143
7579,6532.0899,5991.128,540.96198,10.250339,0.76667666
7580,6456.4513,5905.4913,550.95997,10.187911,2.1829439
7581,5702.7913,5200.0758,502.71549,9.4173671,-0.92150447
7582,5468.2004,4932.9542,535.24621,9.9944243,0.25854113
7583,5429.3207,4963.1848,466.13588,8.7089604,-1.3628703
7584,4633.6505,4089.0237,544.6268,10.255103,0.16312546
7585,4480.8584,3954.8562,526.00214,10.050202,0.78139442
7586,4139.1211,3651.3365,487.78461,9.3412054,0.56676478
7587,3684.9862,3141.5608,543.42537,10.321031,1.4723918
7588,3003.4304,2475.6777,527.75265,10.170727,-0.78124704
7589,2458.8118,1976.4171,482.39477,9.1257114,-0.56181043
7590,2241.8935,1712.0253,529.86821,9.9767077,-1.542314
7591,1932.9767,1463.3049,469.67183,8.6824708,-0.10307576
7592,1611.7396,1149.3712,462.3684,8.7110314,1.6507276
7593,1302.015,804.297,497.71799,9.3546295,0.82396948
7594,839.19527,441.0237,398.17157,7.5064888,0.36503265
7595,703.06588,234.16114,468.90474,8.7166275,-1.4305282
7596,614.60197,127.29226,487.30971,8.9099916,-1.7407363
7597,545.12347,173.39652,371.72695,7.0371256,-1.0541637
7598,645.90769,204.73934,441.16836,8.3638937,-0.30955972
7599,481.19921,-6.6729858,487.8722,9.2388715,0.73509027
7600,495.23629,99.083728,396.15256,7.4580533,1.7160365
7601,663.07535,189.47235,473.60299,8.7451903,1.6032722
7602,830.00552,341.63665,488.36887,9.0501284,0.98418743
7603,889.3854,433.54186,455.84354,8.7321304,0.91399438
7604,1071.4635,564.97946,506.48405,9.5837665,0.039362834
7605,1189.6174,698.7425,490.87486,9.1809968,2.2987283
7606,1307.1653,877.49763,429.66766,8.0333613,0.38759543
7607,1474.4994,968.49289,506.00652,9.3422462,0.070793495
7608,1566.1949,1161.4028,404.79203,7.5585533,-0.91339493
7609,1689.802,1224.3918,465.41019,8.7179442,-0.79854321
7610,1874.0008,1362.3002,511.70063,9.6640475,0.62571653
7611,1907.2252,1469.169,438.05621,8.1516494,-0.50175179
7612,2023.8643,1556.5245,467.33981,8.7929556,1.7114944
7613,2047.4951,1522.2496,525.24546,9.9216711,-0.91065002
7614,2039.9211,1631.3428,408.57829,7.7486217,0.59407148
7615,2079.4067,1511.5324,567.87432,10.666598,0.19648372
7616,1989.125,1549.1438,439.98129,8.1157184,1.1151938
7617,1997.4059,1476.752,520.65394,9.9099129,1.0220509
7618,1998.3148,1477.4597,520.85508,9.9277329,-0.17212081
7619,1660.011,1173.6367,486.37439,9.2966404,0.4349119
7620,1861.6805,1342.9889,518.69153,9.9640592,0.057331309
7621,1793.3128,1279.5956,513.71724,9.6057221,-0.68301692
7622,1180.9325,674.5782,506.35435,9.3127277,-0.77536319
7623,1554.6824,1150.2812,404.40125,7.2004385,-0.7858536
7624,1464.7037,904.29068,560.41307,10.099339,0.67120518
7625,2638.3653,2288.5308,349.83448,5.4435343,-0.24740385
7626,6288.6122,5904.8847,383.72755,5.4412058,2.8206596
7627,13404.099,13202.502,201.59704,2.3240546,1.0464589
7628,16408.237,16092.006,316.23037,5.7733696,1.568744
7629,19891.25,19723.526,167.72443,2.4010793,1.3565827
7630,22720.177,22324.373,395.8039,7.0872342,-0.22955439
7631,23991.896,23668.07,323.82635,5.7863808,-0.62676816
7632,22079.015,21473.769,605.24603,10.144394,-1.5641495
7633,21319.397,21001.403,317.9944,5.8977922,-1.5444342
7634,21869.469,21392.076,477.3932,8.7403749,-3.2602933
7635,22903.669,22499.387,404.28159,7.3714492,-0.85603035
7636,23867.986,23561.403,306.58296,5.3680376,-2.1529581
7637,25253.415,24856.67,396.74556,7.243933,1.4008327
7638,25408.833,25014.193,394.6404,7.238806,-1.7254405
7639,24760.704,24413.321,347.38305,6.4232809,-1.372338
7640,23329.426,22800.379,529.04728,9.136482,-1.026816
7641,21470.776,21099.678,371.09782,6.5320631,0.42186039
7642,19614.548,19141.662,472.8864,8.1914476,1.8932931
7643,17452.333,16935.633,516.69945,8.7913501,0.56173451
7644,14740.046,14255.318,484.72822,8.3091567,0.13838418
7645,12574.094,12038.774,535.31979,9.5580624,-0.23206182
7646,10560.732,10032.329,528.40356,8.9830162,-1.4449908
7647,7820.7748,7249.4913,571.28344,9.8220673,-1.4851704
7648,5533.3365,5075.0079,458.32859,8.1554905,0.039477323
7649,3497.9598,2845.0174,652.94239,11.635981,-1.0559338
7650,1453.2923,1011.7662,441.52611,7.8912402,2.1306539
7651,173.19132,-374.79937,547.99069,10.007983,1.3286802
7652,-1042.3795,-1565.7251,523.34563,9.5100732,1.2349685
7653,-1828.456,-2270.6351,442.17906,8.3558916,1.0651339
7654,-2395.4935,-2892.6382,497.14474,9.3648918,0.60549292
7655,-2693.6047,-3196.3602,502.75546,9.2827624,1.8198671
7656,-3270.6398,-3681.0616,410.42177,7.6935647,0.76913014
7657,-3708.8189,-4227.7409,518.92198,9.6689604,0.50173587
7658,-4154.168,-4571.8041,417.63606,7.8131984,0.69020585
7659,-4415.8233,-4923.7536,507.93028,9.5469895,0.16021208
7660,-4363.2095,-4841.2512,478.04172,8.8831742,0.00036266467
7661,-4016.1199,-4431.3681,415.24817,7.7060872,-1.1639543
7662,-3508.8663,-4004.1959,495.32962,9.1280122,0.22038739
7663,-3044.0268,-3502.7109,458.68408,8.5003878,-0.36315952
7664,-2288.2462,-2717.8262,429.58007,8.0842201,-0.48672536
7665,-1502.0686,-1960.8468,458.77812,8.6312812,0.82121807
7666,-592.08205,-983.15324,391.07119,7.1713895,0.84780183
7667,394.55306,-52.170616,446.72367,8.1760325,1.059469
7668,1438.6493,1044.1201,394.52925,7.1844026,0.46660558
7669,2520.1105,2145.3649,374.74552,7.0776008,1.102089
7670,3508.2604,3091.2101,417.05024,7.9197523,-1.6130319
7671,4552.6596,4194.7804,357.87916,6.7418797,-0.3460496
7672,5381.4533,4995.6398,385.81344,7.297107,-1.2459385
7673,6133.3964,5771.0205,362.37591,6.8951145,0.2423898
7674,6666.5026,6183.6335,482.86907,9.1759536,1.0031465
7675,7081.3538,6737.2891,344.06475,6.5485014,1.8669113
7676,7338.3637,6885.4092,452.95455,8.6774255,1.6342983
7677,7567.4004,7109.2575,458.14289,8.746734,1.0807807
7678,7593.5558,7202.7804,390.77541,7.528208,1.3399133
7679,7742.2075,7244.436,497.77148,9.6332566,0.57215066
7680,7594.5657,7170.2243,424.34135,8.1637591,1.8320885
7681,7518.4221,7131.5008,386.9213,7.4040769,0.95879316
7682,7363.2063,6849.2133,513.99304,9.6430215,0.079352345
7683,6952.3945,6654.7867,297.60775,5.7475864,0.36437225
7684,6838.4821,6347.1216,491.36041,9.3549789,0.41378809
7685,7354.7235,6950.5213,404.20214,7.546983,0.44355403
7686,6231.2521,5861.7125,369.53959,6.7627321,-0.71921654
7687,7615.5708,7187.7156,427.85517,7.8653274,-0.22939705
7688,6915.8375,6508.0821,407.75533,7.6402122,-1.6029997
7689,7092.2604,6673.9968,418.26351,7.385975,-0.56918846
7690,5587.768,5105.9463,481.82176,8.9496364,0.61428899
7691,6996.7274,6627.1848,369.54258,6.6723263,0.20573108
7692,8815.7917,8418.5782,397.21352,7.2848704,0.98562578
7693,7974.2738,7486.4834,487.79035,8.7973455,-1.1347625
7694,6499.4714,6030.5592,468.91216,8.7660101,-0.16208106
7695,6231.656,5852.0063,379.6497,7.1428406,-0.36939351
7696,7171.6355,6743.4566,428.17895,8.1013368,-0.44789643
7697,7290.9002,6894.4076,396.49261,7.4249893,0.3493776
7698,7490.4489,7140.3981,350.05081,6.5324231,0.51864951
7699,7261.2103,6778.6414,482.56887,9.1577539,1.9616722
7700,6922.8055,6579.564,343.24154,6.5105434,1.229175
7701,6381.5195,5974.2433,407.27624,7.7239142,2.1389624
7702,6536.1294,6090.3128,445.81659,8.4637967,0.77246844
7703,6666.7045,6313.2512,353.45335,6.8348105,1.1421335
7704,6214.8923,5710.8626,504.02975,9.6545973,1.3215915
7705,6064.9278,5649.188,415.73982,7.8405127,1.860191
7706,5353.783,4918.4961,435.28699,8.4809905,0.74022228
7707,5102.4284,4617.8073,484.62114,9.3606423,0.97671398
7708,4998.9176,4659.6651,339.25247,6.4847624,0.38330692
7709,4234.1491,3696.3286,537.82052,10.319415,-0.14946952
7710,3987.6418,3588.2464,399.39537,7.6596988,1.3512766
7711,3649.3381,3229.4218,419.91627,7.9350494,-0.89597076
7712,3142.6903,2687.3934,455.29697,8.6261819,1.4676783
7713,2414.1759,1988.5498,425.62617,8.0364391,-0.47724149
7714,1919.4446,1478.9763,440.46827,8.3362164,0.63959374
7715,1621.5353,1173.94,447.59534,8.5402022,0.4773119
7716,1334.8355,961.31438,373.52113,6.9565491,0.99205529
7717,1008.4481,553.75671,454.69141,8.546842,0.76871874
7718,690.54359,269.34597,421.19762,7.9561209,1.2874348
7719,316.89467,-169.04897,485.94365,9.286306,1.9875789
7720,73.315976,-310.79937,384.11534,7.3318572,-0.80281847
7721,77.355424,-441.52923,518.88465,9.841081,-0.93312549
7722,-9.0887574,-417.56714,408.47838,7.8193269,-1.0061166
7723,71.296252,-343.75987,415.05613,7.9191821,-0.097558887
7724,-38.273767,-589.54818,551.27442,10.47129,0.88582373
7725,-116.43708,-404.12006,287.68298,5.4614621,0.37633699
7726,139.46193,-355.38705,494.84898,9.3146784,1.3387651
7727,222.47258,-168.24013,390.71271,7.3304353,0.51007533
7728,305.98817,-95.545024,401.53319,7.6723528,0.9003105
7729,541.286,56.113744,485.17225,9.2088248,0.57138219
7730,603.59448,229.10585,374.48863,7.0364851,1.6419692
7731,801.52742,406.24329,395.28413,7.4950354,1.7309937
7732,951.39093,496.32859,455.06233,8.5931785,0.78803611
7733,1078.9365,739.48815,339.44834,6.4341217,0.050556733
7734,1267.9826,785.99684,481.9858,9.0844487,-0.12978282
7735,1355.4367,982.95103,372.48566,7.0911874,0.51280693
7736,1525.2955,1064.6445,460.65091,8.6059497,-1.0378925
7737,1552.9657,1154.831,398.13472,7.4054805,-0.12855605
7738,1613.3554,1108.8278,504.52762,9.5300599,-1.9166541
7739,1596.8947,1209.8325,387.06213,7.519025,0.56085434
7740,1554.3795,1119.545,434.83446,8.3610819,0.81023645
7741,1558.116,1131.8799,426.23604,8.0388777,2.4394062
7742,1440.0631,1067.6777,372.38539,7.1848299,1.3836068
7743,1487.1227,1050.1864,436.93627,8.3129821,-0.18235908
7744,1152.0505,755.8673,396.18319,7.5594706,0.82726787
7745,1309.8919,930.98262,378.90929,7.286097,0.84477831
7746,1308.983,857.27646,451.70658,8.6252903,1.1633117
7747,661.76252,240.63191,421.13061,7.9167028,-0.52439065
7748,1075.503,714.11058,361.39237,6.481542,-0.10589166
7749,1010.7708,460.33491,550.4359,9.9324612,-1.3171827
7750,2113.0351,1880.5687,232.46639,3.6739998,-0.30132517
7751,5702.2864,5296.9352,405.35116,6.0019257,1.4672893
7752,11941.819,11904.101,37.718224,0.48080084,-0.41336898
7753,13651.011,13408.961,242.05015,4.6444468,0.29573885
7754,15827.263,15779.185,48.078282,0.74293733,0.03174853
7755,18623.672,18574.761,48.910341,0.85981306,-1.2105647
7756,21021.286,21032.038,-10.751919,-0.19059975,-0.80360663
7757,19550.523,19343.267,207.25609,3.526259,-0.18313561
7758,18655.987,18549.889,106.09796,1.992454,-1.0728883
7759,19198.081,19080.392,117.68948,2.1867096,-1.468411
7760,20290.752,20222.686,68.06625,1.2664452,-0.88657608
7761,20769.83,20710.016,59.814577,1.0912701,-1.4275388
7762,21698.196,21642.717,55.47923,1.0160291,-0.34016051
7763,22115.572,21996.487,119.08581,2.1940605,-1.3495603
7764,21681.231,21647.874,33.357152,0.62386584,-1.9701922
7765,20352.252,20139.172,213.08027,3.7874444,-1.7295397
7766,18805.851,18637.953,167.89828,3.0917585,-1.1779188
7767,17251.471,17115.905,135.56619,2.4700536,0.99180806
7768,15443.213,15081.858,361.3548,6.4503945,-0.78617811
7769,12822.419,12593.643,228.77596,4.0218984,0.70214003
7770,10952.054,10634.919,317.13422,5.8255932,-0.6760878
7771,9231.0469,8884.1706,346.87633,6.113469,-1.1885956
7772,6630.3495,6320.0253,310.32423,5.5059502,0.59956389
7773,4538.1176,4173.2449,364.87269,6.6857361,-0.66115403
7774,2690.3732,2258.3002,432.07302,7.7870844,0.33568859
7775,1004.0047,640.50553,363.4992,6.5540118,0.9085226
7776,-176.92781,-624.73302,447.80521,8.2372586,1.392641
7777,-1323.4241,-1762.0727,438.64861,8.0523066,1.900417
7778,-2120.2051,-2597.9147,477.70956,9.0806301,1.7452001
7779,-2813.4753,-3247.6209,434.14551,8.09022,0.73631695
7780,-3054.1254,-3525.1564,471.03095,8.7841515,1.5140293
7781,-3506.6446,-3946.4645,439.81988,8.3511675,0.53184879
7782,-3948.4592,-4422.9763,474.51713,8.9870373,-0.57720815
7783,-4356.5444,-4844.3855,487.84109,9.244548,-0.96868518
7784,-4616.0789,-5043.2607,427.18177,8.2085959,-0.021114944
7785,-4572.5538,-5060.1453,487.59149,9.3715766,3.0214396
7786,-4345.6379,-4740.752,395.1141,7.4187955,0.34752617
7787,-3950.7819,-4362.9194,412.13758,7.6897441,1.1649828
7788,-3516.2383,-3972.0442,455.80597,8.5432325,0.29120585
7789,-2880.3282,-3201.2133,320.88507,5.9964561,-0.70024695
7790,-2161.5085,-2585.9842,424.47572,8.0488989,1.126965
7791,-1392.3976,-1683.4123,291.01469,5.3762892,0.94625232
7792,-473.12032,-840.89731,367.777,6.9055947,1.8044675
7793,489.58107,79.974724,409.60634,7.639671,1.3283872
7794,1422.5925,1141.9905,280.60198,5.3488211,1.7746788
7795,2329.7515,1963.8799,365.87154,6.9810019,-0.33683787
7796,3274.7803,2951.0774,323.70287,6.1983002,-0.69574496
7797,3999.3562,3698.0474,301.30882,5.8553857,-0.14482894
7798,4656.6753,4360.6951,295.98024,5.7994102,-0.068641735
7799,5104.7511,4784.6319,320.11917,6.2171413,-0.0032363186
7800,5526.1665,5302.9005,223.266,4.290185,0.19075913
7801,5736.9247,5475.4882,261.4365,5.0650579,1.57048
7802,5914.7613,5645.1438,269.61758,5.1830912,0.38207783
7803,5966.9712,5721.0742,245.89695,4.8436788,1.3245004
7804,6082.1964,5791.6461,290.55032,5.7045472,0.050974725
7805,5983.6339,5729.0616,254.57231,4.9356101,0.2225795
7806,5881.3349,5678.3065,203.02843,3.9023761,-0.022389278
7807,5783.7822,5439.7978,343.98446,6.5305027,-0.21981779
7808,5437.8036,5236.575,201.22851,3.9041791,-1.1244278
7809,5307.9353,4991.8989,316.03641,6.1340321,-0.66143092
7810,5859.2189,5562.237,296.98197,5.6335583,-0.30712323
7811,4743.3215,4468.2717,275.04978,5.1365958,0.17616175
7812,6108.9578,5809.1374,299.82035,5.499317,0.693818
7813,5397.611,5056.5055,341.10552,6.3959909,-2.1691734
7814,5522.9349,5277.8262,245.10869,4.3782036,-1.5773226
7815,4020.3613,3675.5008,344.86055,6.6133156,-0.67596401
7816,5415.1826,5217.0616,198.12103,3.6495496,1.723981
7817,7182.845,6963.0585,219.78652,4.1384737,2.3461828
7818,6359.8075,6043.9052,315.90228,5.8310457,0.75304396
7819,4875.1085,4587.6777,287.43076,5.3651538,-0.045867654
7820,4621.0272,4407.9115,213.11569,4.0333465,-0.31777833
7821,5560.9057,5282.5782,278.32752,5.4215941,-1.1176557
7822,5677.1408,5420.7899,256.35094,4.9799681,-1.2549008
7823,5910.8229,5639.7852,271.03773,5.2832809,0.89411065
7824,5672.0915,5330.0979,341.99357,6.6417076,1.2635269
7825,5343.6844,5122.6288,221.05567,4.3145128,1.5327556
7826,4836.9357,4512.6572,324.27851,6.3771268,1.1989997
7827,4972.3582,4677.3586,294.99958,5.6943576,-0.037436646
7828,5140.7022,4844.3855,296.3167,5.8286399,0.99668782
7829,4635.0643,4337.643,297.42133,5.8663127,1.2695666
7830,4537.2087,4258.5782,278.63048,5.4005576,1.4668378
7831,3807.9874,3538.0979,269.88943,5.177025,0.59058499
7832,3558.2485,3260.7646,297.48391,5.6399695,-0.92065538
7833,3553.0982,3320.2148,232.88337,4.4107888,-0.88611346
7834,2782.8765,2413.3965,369.48,7.0360071,-1.6782529
7835,2597.0619,2377.8073,219.25467,4.2337585,1.3872592
7836,2330.1554,2012.5118,317.64358,6.0195851,0.74857704
7837,1847.5424,1534.8878,312.65457,5.8309949,1.5413162
7838,1226.6793,858.18641,368.49288,6.9652907,1.1422838
7839,686.60513,395.02054,291.58459,5.4895315,-0.56800098
7840,506.34477,137.30174,369.04304,7.0632123,-1.8819849
7841,230.75345,-104.84676,335.60021,6.4132274,1.1624404
7842,-93.210256,-433.13744,339.92718,6.5531022,1.9354903
7843,-361.53057,-767.29226,405.76169,7.7941749,2.4609376
7844,-803.54714,-1100.3349,296.78777,5.6974637,1.2483882
7845,-963.00434,-1302.951,339.94669,6.4550911,0.02532139
7846,-1035.7144,-1405.4724,369.75796,7.013814,-0.92166812
7847,-1117.9172,-1393.0363,275.11918,5.3293018,-2.2148091
7848,-997.74359,-1327.1153,329.37173,6.2920967,-0.34803138
7849,-1170.531,-1578.7678,408.23681,7.8487443,0.36577517
7850,-1203.3515,-1420.436,217.08454,4.1582101,1.4229658
7851,-994.51203,-1380.6003,386.08828,7.3249905,1.0678979
7852,-895.44458,-1194.4645,299.01988,5.7012902,1.5005644
7853,-784.96568,-1155.7409,370.77524,7.1916092,1.9484807
7854,-668.5286,-992.75829,324.22969,6.1567623,0.37551274
7855,-498.36686,-856.97314,358.60628,6.8471945,-0.16834778
7856,-391.42249,-693.28278,301.8603,5.831745,0.48482081
7857,-250.74872,-627.9684,377.21969,7.2494758,-0.32794016
7858,-128.85838,-414.53397,285.67558,5.4735394,0.10061679
7859,-31.709665,-364.68878,332.97912,6.3591788,-1.2896293
7860,110.98383,-202.51501,313.49883,6.0148945,0.43013065
7861,161.07298,-130.72986,291.80284,5.5837348,-0.85508363
7862,225.90611,-62.180095,288.08621,5.4728516,0.50733021
7863,278.01499,-82.704581,360.71957,6.8737195,0.48293759
7864,247.82012,11.627172,236.19295,4.5594778,-0.22861066
7865,239.84221,-69.35861,309.20082,6.013943,2.34036
7866,225.60316,-75.728278,301.33143,5.7669675,2.3138586
7867,151.98422,-120.72038,272.7046,5.3154666,0.90891606
7868,226.20907,-148.12006,374.32914,7.2743108,0.016705629
7869,-151.78225,-423.22907,271.44682,5.2256251,1.8620182
7870,85.333333,-244.57504,329.90837,6.3577969,1.2646724
7871,26.25641,-315.45024,341.70665,6.5348428,1.0477103
7872,-567.84536,-933.30806,365.46269,6.9308874,-2.0571057
7873,-178.84655,-434.55292,255.70637,4.6479169,0.31103285
7874,-259.13057,-682.16114,423.03057,7.7633748,-0.074006544
7875,864.5428,724.12006,140.42274,2.2070096,1.0703623
7876,4474.3953,4256.2528,218.1425,3.1738992,1.7978141
7877,11438.1,11428.095,10.005411,0.11660861,1.7545452
7878,14652.592,14286.155,366.4369,6.6173431,1.358444
7879,18367.571,18111.596,255.97523,3.5043081,0.61493258
7880,21717.485,21311.393,406.09145,7.0718032,1.1888532
7881,23698.228,23209.049,489.17903,8.6358398,-0.59882324
7882,21866.036,21183.899,682.13661,11.192735,0.34403527
7883,20919.29,20398.913,520.37683,9.434867,1.535736
7884,21356.56,20851.968,504.59175,9.1406848,-1.173995
7885,22471.65,21941.081,530.56914,9.6774096,0.2093903
7886,23340.232,22860.335,479.89704,8.5455798,-0.64070558
7887,24699.001,24136.796,562.20497,10.169727,1.0245668
7888,25146.471,24534.648,611.8233,11.119992,0.03434518
7889,24599.227,24069.156,530.07043,9.4874482,-0.76527089
7890,23137.553,22438.724,698.82912,11.811197,-0.62919143
7891,21292.131,20735.292,556.83871,9.6095808,2.5235474
7892,19381.674,18790.724,590.95062,10.164864,1.5665033
7893,17155.434,16485.51,669.92326,11.320602,1.4892568
7894,14231.277,13712.986,518.29154,8.6383031,0.17505818
7895,11940.507,11394.528,545.97886,9.6257688,1.5224465
7896,9861.8067,9281.6177,580.18901,9.6720425,0.52351931
7897,6910.7882,6401.7188,509.06937,8.7931241,-0.60526137
7898,4580.2288,4078.2054,502.02343,8.9280607,0.56781455
7899,2343.6876,1821.3207,522.36688,9.2314069,-1.1628765
7900,279.32781,-119.60821,398.93603,7.1216029,1.7840228
7901,-1213.1471,-1640.8468,427.69962,7.841226,1.6925063
7902,-2558.1822,-2980.3981,422.21586,7.7633623,0.79358744
7903,-3386.168,-3736.4676,350.29957,6.8248497,2.9389346
7904,-4087.8201,-4437.03,349.2099,6.6452786,0.88180413
7905,-4392.1925,-4732.0569,339.86437,6.4030188,2.0340009
7906,-4945.2939,-5229.3965,284.10264,5.4079861,0.86253313
7907,-5448.0032,-5786.9953,338.9921,6.4486398,-0.57341215
7908,-5885.2734,-6192.9352,307.66186,5.7722908,0.059751055
7909,-6235.0895,-6504.3412,269.25169,5.0417865,-0.50465578
7910,-6178.6383,-6475.7283,297.09001,5.6751211,1.90566
7911,-5854.8765,-6124.7899,269.91336,5.1293285,0.67659985
7912,-5403.3673,-5673.8578,270.49056,5.074757,0.57173111
7913,-4791.9968,-5168.733,376.73617,7.0889839,-0.16623034
7914,-4142.6556,-4334.6098,191.95417,3.6217336,-0.8881666
7915,-3208.2304,-3583.7978,375.56741,7.0270167,1.3911749
7916,-2319.2489,-2588.3096,269.06072,4.9822652,1.7165215
7917,-1291.2095,-1598.7867,307.57726,5.7106051,1.9790214
7918,-102.4,-462.66035,360.26035,6.6917305,1.1054998
7919,930.48679,675.69036,254.79642,4.7819016,0.45185642
7920,2054.1602,1698.1738,355.98638,6.6567301,-0.455149
7921,3121.0793,2792.4423,328.63695,6.0701315,-0.39317704
7922,4025.7136,3704.8215,320.89212,6.1079444,-0.55098316
7923,4873.1897,4463.3175,409.87221,7.747637,-0.16221473
7924,5366.7093,5009.5924,357.11685,6.8384802,1.0332995
7925,5915.1653,5573.9652,341.20004,6.5431605,1.2474582
7926,6175.7097,5743.4186,432.29102,8.3297672,1.4114904
7927,6415.2489,6005.0806,410.16835,7.8331513,1.1904356
7928,6549.9645,6083.1343,466.83022,9.0684425,1.1359355
7929,6600.6596,6215.1785,385.48105,7.48253,0.37886335
7930,6628.3298,6125.5987,502.73105,9.7014962,1.8468185
7931,6435.9511,6076.4613,359.48979,6.9085922,0.21457414
7932,6357.0809,5827.7409,529.33995,10.112418,-1.2300345
7933,5983.7349,5604.0948,379.64012,7.3928939,-0.27110669
7934,5775.9053,5350.6224,425.28289,8.1157502,-2.1270696
7935,6354.1523,5920.455,433.69729,8.0189294,0.54005502
7936,5150.1949,4765.0174,385.17749,7.1206368,-1.0423607
7937,6566.9302,6168.5687,398.36146,7.3990312,0.52516194
7938,5884.3645,5385.0995,499.26497,9.2093259,-1.3367832
7939,5962.3258,5659.8041,302.52173,5.2731054,-0.1519701
7940,4563.5661,4033.5166,530.04949,9.8210594,-0.63816387
7941,5871.9432,5578.0095,293.93372,5.2885355,1.8984422
7942,7765.7373,7357.6746,408.06271,7.5332573,2.4138825
7943,6946.6383,6409.8073,536.831,9.7833144,0.79344571
7944,5407.4067,5017.6809,389.72582,7.3795588,-0.03408245
7945,5275.1148,4795.9558,479.15903,9.0459036,-0.97129128
7946,6101.9897,5689.327,412.66273,7.7695161,-1.2487103
7947,6301.3365,5846.4455,454.89099,8.6342916,-2.3604898
7948,6493.0083,6084.4487,408.55963,7.7948643,-0.059444016
7949,6226.6067,5766.2686,460.33814,8.8332047,0.93877471
7950,5974.8481,5567.3934,407.45476,7.7032279,1.897296
7951,5295.0091,4897.2638,397.74525,7.607614,1.4997787
7952,5571.4083,5111.1027,460.3056,8.8110195,1.5182773
7953,5650.4805,5220.4992,429.98126,8.2501949,1.083808
7954,5114.5467,4741.5608,372.98592,7.2115975,1.3463647
7955,5106.8718,4604.8657,502.00608,9.4803665,1.8396233
7956,4218.7992,3878.3191,340.4801,6.6168613,1.6744554
7957,4107.6134,3581.169,526.44438,10.130002,0.46296363
7958,3942.602,3587.4376,355.16437,6.78704,-0.78423263
7959,3150.2643,2668.6888,481.57552,9.1987121,-1.3774379
7960,2978.6888,2523.5008,455.18797,8.6757823,-0.17368805
7961,2520.6154,2129.5924,391.02297,7.4111377,-0.52835897
7962,2104.4513,1595.248,509.20326,9.5701818,0.65448482
7963,1284.6454,869.30806,415.33731,7.8627804,-0.5129246
7964,742.45049,360.54344,381.90705,7.2097542,0.98510396
7965,485.6426,33.466035,452.17657,8.572139,0.71495994
7966,72.811045,-255.39336,328.20441,6.0887525,1.0126246
7967,-163.69862,-604.71406,441.01544,8.3043122,1.3406645
7968,-591.27416,-985.17536,393.90119,7.4579927,0.81229233
7969,-999.76331,-1328.4297,328.66639,6.3119025,1.6701851
7970,-1152.4544,-1586.1485,433.69406,8.3308426,-0.20548564
7971,-1313.7294,-1672.0885,358.35908,6.766354,0.0040980412
7972,-1250.3101,-1683.4123,433.10226,8.2587709,-1.3093549
7973,-1272.83,-1607.4818,334.65185,6.3365868,0.15945093
7974,-1337.4611,-1826.1738,488.71263,9.2303452,-0.4710269
7975,-1383.9148,-1673.4028,289.48805,5.4972819,1.5551164
7976,-1195.2726,-1616.8847,421.61209,7.955093,2.2159635
7977,-1004.4087,-1433.5798,429.1711,8.0237437,1.8574034
7978,-987.14004,-1320.139,332.99898,6.3549529,0.74717093
7979,-743.8643,-1178.1864,434.32211,8.244865,-0.49447507
7980,-651.66391,-1015.8104,364.14652,6.8764228,0.41623364
7981,-521.4927,-838.26856,316.77586,6.0377379,1.4544427
7982,-250.8497,-737.26382,486.41412,9.245446,1.977607
7983,-224.89625,-507.85466,282.95841,5.3750479,0.86726782
7984,8.4828402,-400.58136,409.0642,7.7204466,0.1335624
7985,140.26982,-253.16904,393.43886,7.5071957,0.77253138
7986,223.38146,-122.03476,345.41621,6.5669663,1.0267117
7987,406.77239,-65.718799,472.49119,8.8693569,0.55094005
7988,343.25207,-38.420221,381.67229,7.2142955,0.2280879
7989,452.0142,46.407583,405.60662,7.7535874,0.97895574
7990,370.61933,-43.879937,414.49927,8.0541104,1.9370063
7991,375.06272,-32.8594,407.92212,7.7903615,2.3084661
7992,337.1929,-111.31754,448.51043,8.6044896,1.9344434
7993,298.71716,-78.053712,376.77087,7.188844,-0.50891626
7994,24.337673,-408.77093,433.1086,8.3545432,0.98069955
7995,131.18107,-211.91785,343.09892,6.6476725,0.79195798
7996,110.68087,-306.04739,416.72826,7.8725365,-0.04950174
7997,-490.7929,-959.39336,468.60047,8.7835955,-0.69139325
7998,-141.78462,-419.18483,277.40022,5.0039443,-0.16106252
7999,-174.8071,-706.42654,531.61944,9.7064307,0.49352919
8000,958.66193,733.3207,225.34124,3.539034,0.2590093
8001,4616.4828,4237.7504,378.73245,5.5353265,2.1027126
8002,11150.088,10869.788,280.29926,3.4862836,1.2232606
8003,12896.442,12572.107,324.33439,6.0408566,1.7513786
8004,15171.661,14887.532,284.12836,4.3708511,0.7269404
8005,17864.862,17682.199,182.66249,3.1923211,0.67673224
8006,20380.125,20093.776,286.34898,5.0973304,-0.56626943
8007,18760.508,18371.943,388.56496,6.5114537,0.92081437
8008,17745.799,17597.776,148.02315,2.7493628,0.39448494
8009,18486.533,18113.719,372.81375,6.7733745,-0.033430888
8010,19514.471,19331.943,182.52788,3.4010114,1.0924819
8011,20016.574,19776.708,239.86662,4.3870248,0.044383596
8012,20979.175,20733.776,245.39908,4.4634658,-0.45050717
8013,21375.546,21122.123,253.42234,4.6260427,-1.4289554
8014,20922.925,20717.902,205.02339,3.7491831,-0.79899748
8015,19494.274,19207.684,286.58972,5.0155489,-0.71201992
8016,17957.87,17670.37,287.50015,5.1909046,0.90371149
8017,16377.335,16087.76,289.57504,5.1845468,1.7884776
8018,14474.452,14124.588,349.86439,6.0436164,-0.63586155
8019,11884.863,11534.863,350.00056,6.0731762,-0.85137387
8020,9862.7156,9585.1374,277.57814,5.0983358,0.25067705
8021,8255.9243,7759.8736,496.05064,8.7849311,-1.7111185
8022,5542.4252,5219.9937,322.43157,5.743415,0.50415511
8023,3422.6241,3063.8104,358.81364,6.4546645,-1.1481531
8024,1553.6726,1089.3144,464.35821,8.3898235,0.11176589
8025,-242.06391,-516.65087,274.58696,4.9669416,2.0083265
8026,-1391.6907,-1849.6303,457.9396,8.5182262,1.2013806
8027,-2569.2907,-2981.0047,411.71401,7.6964716,0.95803374
8028,-3375.6655,-3753.1501,377.4846,7.2583661,0.16936067
8029,-4080.7511,-4499.0079,418.25681,7.9525115,1.3303095
8030,-4331.8028,-4709.9147,378.11193,7.1056856,3.0129044
8031,-4772.5065,-5198.7615,426.25494,8.1930692,1.5553974
8032,-5231.6907,-5661.0174,429.32665,8.1902129,-0.35779692
8033,-5658.1554,-6025.5039,367.34853,6.958072,-1.8608775
8034,-5851.241,-6303.4439,452.20289,8.5702999,-0.30607327
8035,-5853.1598,-6241.466,388.30627,7.3479306,1.6862148
8036,-5575.5487,-6027.425,451.87624,8.6446177,-0.46702834
8037,-5188.3677,-5557.6872,369.31955,7.0381157,-0.22922113
8038,-4701.4122,-5167.722,466.30973,8.8420118,-0.95704919
8039,-4118.6209,-4429.8515,311.23059,5.9318333,0.41975283
8040,-3360.9215,-3773.8768,412.95528,7.8320652,1.287835
8041,-2561.8178,-2908.2085,346.39078,6.4224672,1.3522322
8042,-1664.9594,-2005.8389,340.87949,6.3201954,1.5945565
8043,-678.0213,-1059.6904,381.66906,7.1501192,1.1627404
8044,256.7069,-35.184834,291.89174,5.541877,1.1590554
8045,1190.4252,871.12796,319.29728,6.0047641,-0.057662249
8046,2186.2501,1782.3949,403.85515,7.5279089,0.22450502
8047,2921.4296,2612.575,308.85455,5.8269734,-0.86267222
8048,3611.7712,3269.1564,342.61481,6.6219739,-0.44590482
8049,4070.2485,3690.5656,379.68296,7.3391527,0.28219147
8050,4491.3609,4249.782,241.57896,4.6547889,1.4642412
8051,4744.9373,4328.4423,416.49494,8.0716006,0.80998681
8052,4907.525,4623.267,284.25807,5.4928837,0.70701615
8053,4977.8114,4627.109,350.70244,6.935182,0.40833785
8054,5037.0903,4725.8894,311.20092,6.1046069,0.45189236
8055,4962.2596,4655.1153,307.14424,5.8634352,1.39226
8056,4846.7314,4551.684,295.04732,5.6631465,0.76348675
8057,4740.4939,4356.6509,383.84302,7.284456,0.015866251
8058,4410.37,4166.2686,244.10146,4.8207644,-0.57333653
8059,4223.1416,3885.9021,337.23956,6.5817981,-0.058793704
8060,4787.4525,4508.8152,278.6373,5.2536454,0.62296754
8061,3692.4592,3318.5972,373.86202,6.8704158,1.0856224
8062,5043.9574,4780.0821,263.87525,4.8809962,0.085519476
8063,4347.8596,3942.6224,405.23713,7.6670428,-2.1889023
8064,4496.7132,4197.4092,299.30405,5.4280347,-0.55598219
8065,3014.1349,2611.1596,402.97535,7.6704586,0.11038636
8066,4387.2442,4068.4992,318.74497,5.8726213,1.5150611
8067,6174.1949,5942.1927,232.00214,4.3336277,1.9979101
8068,5343.6844,4909.0932,434.59121,8.0069713,-0.36986747
8069,3843.8375,3539.2101,304.62736,5.753424,0.60548417
8070,3600.6627,3305.049,295.61375,5.6459609,-0.33459836
8071,4515.6986,4155.0458,360.65281,6.9889228,-1.3238751
8072,4638.4978,4356.0442,282.4536,5.442212,-1.8359712
8073,4842.4899,4548.752,293.73797,5.5861371,-0.10488142
8074,4619.6134,4240.1769,379.43648,7.237337,0.78679264
8075,4289.7925,4039.684,250.10846,4.8117062,1.7077657
8076,3782.6398,3372.3855,410.25438,7.8653818,0.12564743
8077,3932.0994,3631.9242,300.17524,5.7312306,0.69264157
8078,4078.5294,3729.3902,349.13918,6.7770373,0.54264164
8079,3618.4363,3288.9731,329.46315,6.4156367,0.85506221
8080,3502.6051,3139.7409,362.86421,6.9986724,0.85631077
8081,2776.6154,2431.7978,344.8176,6.7067403,-0.67754034
8082,2552.426,2189.5482,362.87785,6.9265784,-0.26079382
8083,2476.2824,2180.8531,295.42937,5.7107124,0.021515653
8084,1715.3515,1357.346,358.00551,6.8992733,-0.80738065
8085,1493.8888,1179.2986,314.59018,6.0661668,0.86961814
8086,1217.9945,883.76619,334.22828,6.2900189,1.0046667
8087,743.1574,397.04265,346.11474,6.4485547,0.60153375
8088,47.968442,-299.67773,347.64617,6.5998535,0.58449857
8089,-435.04852,-720.78357,285.73505,5.4222809,-0.48889032
8090,-668.32663,-1034.7172,366.39059,7.1377834,-0.01542121
8091,-910.89546,-1269.0806,358.18511,6.7733918,0.25035308
8092,-1243.544,-1560.9731,317.42916,5.9910714,0.45867403
8093,-1514.288,-1944.872,430.58407,8.1306814,-0.3884934
8094,-1913.1834,-2225.4408,312.25733,6.0125871,0.86108476
8095,-2118.3874,-2506.2117,387.82431,7.4838655,0.075695051
8096,-2158.3779,-2569.0995,410.72162,7.8875392,0.049303083
8097,-2217.1519,-2541.0932,323.94133,6.333752,-1.512969
8098,-2168.5775,-2507.6272,339.04966,6.5337409,-0.61654069
8099,-2289.357,-2695.4818,406.12483,7.7914492,0.17503034
8100,-2377.316,-2640.0758,262.75985,5.0661935,0.40314469
8101,-2130.5057,-2523.1975,392.69175,7.4219279,1.5267425
8102,-2015.9874,-2383.1659,367.1785,6.9342906,0.65236823
8103,-2004.5759,-2290.3507,285.77477,5.5037859,1.4548105
8104,-1762.916,-2152.6445,389.72857,7.5141146,0.50462288
8105,-1701.6174,-2031.5197,329.90239,6.2944329,2.2503087
8106,-1517.3176,-1851.5513,334.23379,6.3350266,0.57763479
8107,-1371.5945,-1776.5308,404.93633,7.6650477,-0.25052545
8108,-1278.4852,-1575.128,296.64275,5.6862889,-0.58710874
8109,-1088.7321,-1480.6951,391.96295,7.620455,-0.14896649
8110,-1034.9065,-1392.3286,357.42209,6.9264968,0.83822027
8111,-895.2426,-1251.387,356.14444,6.8205863,0.70002182
8112,-862.82604,-1203.2607,340.43463,6.4604697,0.32176529
8113,-836.97357,-1211.7536,374.77998,7.1283643,-1.5460978
8114,-828.79369,-1105.4913,276.69762,5.3255458,-1.2680041
8115,-908.57278,-1247.0395,338.46671,6.5907026,0.3978168
8116,-846.76923,-1188.297,341.52777,6.5554179,2.3144617
8117,-985.01933,-1297.2891,312.26977,6.0189104,1.8363481
8118,-927.76016,-1269.0806,341.32041,6.5913456,1.0433776
8119,-1236.6769,-1589.2828,352.60586,6.7851065,0.6648547
8120,-1091.6607,-1401.0237,309.36295,6.0126002,1.2941513
8121,-1047.0249,-1476.4487,429.42381,8.203855,0.38575885
8122,-1753.5243,-2077.9273,324.40307,6.1432186,-0.43544865
8123,-1260.5097,-1574.1169,313.60724,5.7354338,0.61110124
8124,-1376.2398,-1822.6351,446.39523,8.1955469,0.79537231
8125,-219.64497,-423.93681,204.29184,3.2043392,0.92164085
8126,3570.7708,3262.2812,308.48961,4.3913574,1.4396526
8127,10528.821,10513.087,15.733625,0.18488303,0.77244408
8128,13461.561,13374.686,86.874928,1.6101806,1.1336931
8129,16836.721,16924.209,-87.487426,-1.2731154,0.68533493
8130,19677.362,19591.785,85.576586,1.5656868,0.64418767
8131,21054.611,20879.975,174.63672,3.1706202,-0.88827822
8132,18866.342,18652.512,213.82977,3.65025,-0.97967998
8133,18233.764,18188.739,45.024766,0.83670011,-0.87885238
8134,18862.1,18647.153,214.94696,4.0119932,-0.86935105
8135,19793.698,19721.908,71.789458,1.3477869,-1.1322455
8136,20829.715,20737.314,92.400811,1.6611068,-1.0336967
8137,22119.915,22093.75,26.164398,0.47783835,0.037496729
8138,22448.827,22218.717,230.1096,4.2536002,-2.5743278
8139,21663.558,21624.417,39.141124,0.72439689,-2.6022594
8140,20233.594,19977.807,255.78642,4.4903484,-3.0930513
8141,18477.343,18284.082,193.26065,3.4808073,0.68531788
8142,16531.339,16357.712,173.62638,3.0765078,1.0905063
8143,14458.092,14144.404,313.68788,5.5111581,-0.44237511
8144,11650.07,11443.362,206.70845,3.5702657,0.74670114
8145,9508.759,9267.2607,241.49831,4.3577513,0.63859037
8146,7612.4402,7205.9147,406.52554,6.973749,-0.11915233
8147,4761.802,4519.2291,242.5729,4.2702844,-1.1203275
8148,2648.2619,2312.3918,335.87015,6.0615393,-0.29516662
8149,519.47298,112.53081,406.94217,7.2763679,0.75787877
8150,-1437.6394,-1742.4581,304.81869,5.5593062,2.0737009
8151,-2672.5996,-3128.7204,456.12077,8.4423253,1.7414519
8152,-3918.9712,-4262.6224,343.65123,6.3787488,0.19863409
8153,-4573.1598,-4968.8468,395.687,7.6015936,0.59860631
8154,-5236.1341,-5576.3918,340.25766,6.4276848,0.98423442
8155,-5451.8406,-5875.8673,424.02667,8.0187076,1.6004152
8156,-6030.7945,-6392.0126,361.21816,6.8417479,1.0132101
8157,-6498.9665,-6902.0916,403.12516,7.6659388,-1.1681307
8158,-6910.2832,-7280.733,370.44978,6.9424265,-0.24545585
8159,-7239.1953,-7595.6777,356.48246,6.7405943,-0.87372068
8160,-7159.1132,-7525.1058,365.99263,6.9983468,1.8494391
8161,-6807.0753,-7166.8878,359.81249,6.7202328,0.51571875
8162,-6361.0193,-6640.733,279.71369,5.257591,0.58019578
8163,-5807.9179,-6211.2354,403.31744,7.5922336,-0.095055476
8164,-5131.1085,-5363.9684,232.85992,4.3955058,1.325698
8165,-4291.2063,-4654.1043,362.89795,6.9193379,1.6590109
8166,-3388.1878,-3704.6193,316.4315,5.9296324,2.1103684
8167,-2450.7329,-2706.6035,255.87054,4.804658,2.2493922
8168,-1292.2193,-1680.3791,388.15982,7.3188726,1.201549
8169,-340.32347,-531.31122,190.98775,3.6390308,1.2050955
8170,733.26075,384.70774,348.55301,6.6482104,-1.2309232
8171,1746.9602,1464.5182,282.44199,5.2941479,-0.14598873
8172,2541.2166,2340.297,200.91957,3.8330936,-0.77132639
8173,3330.6256,3043.387,287.2386,5.5451907,-1.6655305
8174,3745.073,3507.4629,237.6101,4.635883,-0.026614662
8175,4221.0209,4038.9763,182.0446,3.5885418,0.14593855
8176,4440.9688,4143.722,297.24688,5.76709,1.2458688
8177,4611.9385,4437.6367,174.30181,3.39756,1.8964696
8178,4732.8189,4455.128,277.69097,5.4816455,1.6015286
8179,4785.0288,4573.8262,211.20257,4.1626834,1.6506155
8180,4747.5629,4454.3191,293.2438,5.6798252,1.0479485
8181,4618.0986,4411.3491,206.74949,3.9495188,0.28420836
8182,4491.5629,4174.1548,317.4081,6.0964969,-1.3861469
8183,4169.316,3921.188,248.12798,4.8715559,-0.58483819
8184,3947.2473,3703.8104,243.43691,4.6987892,-0.45379152
8185,4550.5389,4240.3791,310.15971,5.8783647,-0.076848953
8186,3378.998,3142.3697,236.62836,4.4269903,-0.40530091
8187,4764.3266,4527.722,236.60467,4.4177909,0.38039481
8188,4078.8323,3777.5166,301.31576,5.6384771,-0.84204166
8189,4155.5819,4006.3191,149.26274,2.6589058,-0.18698775
8190,2736.3219,2406.1169,330.20499,6.2991772,0.11438752
8191,4082.8718,3921.8957,160.97606,2.9759875,1.5338967
8192,5910.217,5762.2243,147.99263,2.7966335,2.6239619
8193,5095.0564,4727.8104,367.24598,6.8049987,1.0205467
8194,3580.0615,3383.0016,197.05996,3.7290837,0.70401417
8195,3409.2939,3135.4945,273.79941,5.1883145,-0.0052465127
8196,4292.8221,4025.7314,267.09065,5.1661691,-0.51736886
8197,4470.6588,4214.3949,256.26383,5.0091687,-2.7420216
8198,4665.7641,4418.7299,247.03424,4.8427029,-0.17305993
8199,4427.2347,4133.6114,293.62334,5.736364,1.193667
8200,4108.8252,3867.3997,241.42556,4.7022669,2.1345468
8201,3527.8517,3279.1659,248.6858,4.8327069,1.8716294
8202,3710.9396,3446.2938,264.64581,5.1472629,0.38113744
8203,3831.7191,3588.3476,243.37158,4.719897,0.70516139
8204,3291.241,3063.6082,227.63281,4.4267907,0.96836803
8205,3212.9767,2919.2291,293.74766,5.6415417,0.77172789
8206,2434.2722,2199.4566,234.81563,4.5353456,-0.60062201
8207,2213.5164,1935.0648,278.4516,5.3355291,-0.78197104
8208,2105.7641,1899.6777,206.08638,3.9126046,-1.3113286
8209,1328.1704,1052.613,275.55746,5.2585284,-0.073032879
8210,1149.8288,824.21485,325.61395,6.2368486,1.0220997
8211,770.62564,539.09637,231.52927,4.4522648,1.024763
8212,316.6927,-21.333333,338.02604,6.3885243,-0.26323083
8213,-389.70572,-738.78041,349.07469,6.8085619,-0.50298281
8214,-942.20118,-1209.7314,267.53025,5.1336974,-0.98669219
8215,-1172.1467,-1561.4787,389.33193,7.4215221,-0.22534469
8216,-1499.544,-1734.9763,235.43232,4.4747687,1.1547539
8217,-1814.7219,-2135.5577,320.83577,6.1841976,1.4762853
8218,-2144.4418,-2458.1864,313.7446,6.0224116,0.8350388
8219,-2608.0694,-2818.3254,210.25601,4.0262215,0.068617626
8220,-2725.1124,-3069.9779,344.86546,6.5427431,-0.32706988
8221,-2824.2809,-3142.673,318.39212,6.0189118,-1.5116235
8222,-2863.6655,-3107.2859,243.62046,4.7646374,-0.6923754
8223,-2776.3124,-3066.7425,290.43007,5.6375838,0.40697136
8224,-2906.5846,-3261.169,354.58442,6.8189789,0.54622388
8225,-2900.5254,-3152.5814,252.05591,4.8091402,1.5004371
8226,-2707.2379,-3019.425,312.18709,5.8705724,1.2836435
8227,-2540.9136,-2887.5829,346.66933,6.5470637,0.23819782
8228,-2476.1815,-2739.9684,263.78694,5.1497232,0.94043027
8229,-2280.6722,-2631.2796,350.60743,6.8092065,-0.46326199
8230,-2172.617,-2481.2385,308.62158,5.9304031,1.6397703
8231,-2017.7041,-2277.207,259.50281,4.9414038,0.98791597
8232,-1856.9341,-2204.5118,347.57773,6.6779991,-0.32887756
8233,-1768.8742,-1967.3175,198.44337,3.8468292,-0.77965725
8234,-1606.2864,-1907.2607,300.97427,5.823353,-1.419455
8235,-1495.8075,-1763.9937,268.18619,5.2004403,0.58002932
8236,-1366.1412,-1636.0948,269.95356,5.1780167,-0.3491952
8237,-1319.9905,-1564.5118,244.52132,4.6191551,0.56211985
8238,-1244.7558,-1575.128,330.37214,6.3394342,-0.3730975
8239,-1268.3866,-1493.4344,225.04785,4.3444212,-0.69518646
8240,-1264.1452,-1599.7978,335.65262,6.4456055,-0.68412035
8241,-1290.6036,-1550.357,259.75348,4.9881521,1.9120863
8242,-1354.0229,-1656.1137,302.09086,5.8001106,2.1184205
8243,-1302.217,-1619.109,316.89204,6.1904718,1.0245207
8244,-1669.9077,-1967.9242,298.01648,5.8467859,-0.25772725
8245,-1494.7976,-1757.8262,263.02859,5.1149256,0.41087555
8246,-1508.4308,-1832.3412,323.91046,6.1955274,0.31604733
8247,-2188.2698,-2461.7251,273.4553,5.1393407,0.172682
8248,-1751.2016,-1971.8673,220.66572,4.0089337,-0.67563189
8249,-1874.3037,-2241.8199,367.51616,6.7067851,0.030060234
8250,-697.8146,-843.62717,145.81258,2.2905788,0.32215835
8251,2880.7321,2637.9526,242.77954,3.5531818,1.9215781
8252,9211.3546,9189.207,22.147684,0.28151799,1.5306528
8253,11127.77,10748.967,378.8028,7.051518,1.3970715
8254,13620.715,13242.035,378.68004,5.6568183,2.0383323
8255,16618.288,16011.223,607.06522,10.338103,2.0599359
8256,18950.463,18473.352,477.11083,8.3383275,-1.1188155
8257,17324.686,16677.207,647.47944,10.894421,-1.4443605
8258,16400.36,15938.325,462.03433,8.5861893,-0.86965425
8259,16993.957,16445.068,548.88868,10.102488,-2.6153008
8260,18055.12,17579.374,475.74512,8.7810095,-1.331588
8261,18536.925,18082.78,454.14424,8.2291287,-2.2321148
8262,19574.962,19032.569,542.39302,9.9439936,0.68548568
8263,20006.981,19410.098,596.88272,10.792873,-1.4562295
8264,19483.569,19023.065,460.50446,8.314893,-1.2255535
8265,18166.507,17494.243,672.26401,11.638311,-1.5123259
8266,16559.918,16043.981,515.93691,9.1082582,0.38948088
8267,14970.9,14439.027,531.87334,9.3633076,1.8618908
8268,13067.916,12465.744,602.17229,10.229784,0.76726863
8269,10394.711,9907.1596,487.55129,8.2915715,0.53471437
8270,8487.2836,7946.1106,541.17304,9.7270295,0.14143965
8271,6715.9858,6244.297,471.6888,8.1721503,-0.5579766
8272,4103.473,3632.0253,471.4477,8.2316971,-1.3016415
8273,1942.5704,1553.0869,389.48353,6.9691915,0.18398282
8274,51.603945,-446.2812,497.88515,8.9706088,-0.7797192
8275,-1721.0067,-2021.3081,300.30135,5.5061798,2.3768685
8276,-2968.3882,-3315.1596,346.77139,6.435015,0.54239419
8277,-4140.8379,-4488.594,347.75613,6.5270128,0.97159267
8278,-4972.0552,-5235.4629,263.40765,5.0911753,0.22980355
8279,-5663.7097,-5969.3902,305.68054,5.8790791,0.37272471
8280,-5870.6304,-6223.5703,352.93993,6.717129,2.0037414
8281,-6414.744,-6608.8847,194.14069,3.7137892,0.41282193
8282,-6781.7278,-7150.5087,368.78088,7.0583669,-1.240329
8283,-7245.3554,-7455.4439,210.08849,4.0408361,-1.046409
8284,-7475.402,-7783.8357,308.43373,5.9521162,0.14042071
8285,-7424,-7710.534,286.53397,5.4343309,0.49088731
8286,-7190.116,-7423.6967,233.58071,4.4017427,-1.2775322
8287,-6722.146,-7024.4297,302.28374,5.7424118,-1.4692877
8288,-6303.0533,-6608.278,305.22479,5.8793869,-0.63126037
8289,-5648.6627,-5915.6019,266.93917,5.1595729,-0.89847764
8290,-4919.4414,-5221.3081,301.86664,5.7303307,0.94544575
8291,-4117.1061,-4366.357,249.25092,4.6865477,1.0400012
8292,-3207.5235,-3487.9494,280.42598,5.2993371,1.9131492
8293,-2244.1152,-2558.4834,314.36822,5.8382546,0.85439433
8294,-1289.1897,-1534.6856,245.49588,4.6636653,1.4296295
8295,-323.35779,-693.88942,370.53162,7.0263015,-1.2121353
8296,608.84576,300.68878,308.15698,5.7365714,0.18615113
8297,1406.9396,1057.3649,349.57472,6.6647118,-0.054090875
8298,2080.8205,1750.6477,330.1728,6.2779669,1.1982752
8299,2593.2245,2155.981,437.24341,8.3581033,0.47877656
8300,3027.1621,2690.4265,336.73559,6.520481,1.3864975
8301,3249.0288,2860.7899,388.23891,7.4986121,1.3098754
8302,3491.0927,3049.3523,441.74041,8.5181658,1.1499985
8303,3497.5558,3127.0016,370.55424,7.2350217,1.1034322
8304,3633.0793,3172.9036,460.17566,8.9779848,-1.1412885
8305,3524.2162,3120.0253,404.1909,7.7947174,0.35463516
8306,3431.0059,3057.3397,373.66626,7.1431625,-0.76750538
8307,3302.4505,2822.673,479.77751,9.1051607,-0.18674156
8308,2927.0848,2620.2591,306.82573,5.9408796,0.51016252
8309,2810.2438,2355.6651,454.5787,8.68235,0.58402576
8310,3343.4509,2941.6746,401.77632,7.5173837,1.3073493
8311,2177.5653,1862.673,314.8923,5.7349339,0.41806595
8312,3607.3278,3198.8878,408.43997,7.5564961,-0.17843539
8313,2874.168,2469.0047,405.16331,7.6119935,-1.2041379
8314,3025.6473,2636.5371,389.11021,6.9445446,-0.43279155
8315,1547.0075,1080.4171,466.59043,8.6893654,0.7974746
8316,2934.9617,2597.207,337.75478,6.1350763,0.60375492
8317,4768.972,4391.7346,377.23739,7.1221602,1.473866
8318,3908.2667,3435.2733,472.99336,8.6704824,-0.30062433
8319,2410.3385,1966.2054,444.13309,8.4331942,-0.30485275
8320,2192.8142,1801.6051,391.20915,7.4050788,-1.3167162
8321,3092.9041,2663.8357,429.06844,8.1646978,-2.0407039
8322,3231.8611,2843.2986,388.56257,7.4230856,-0.91325506
8323,3384.3503,3021.0427,363.30764,6.8812101,-0.026476715
8324,3189.5479,2713.9842,475.56373,9.1523545,1.4516849
8325,2857.5053,2509.0427,348.46267,6.62144,1.5392203
8326,2288.2462,1887.8483,400.39781,7.6825204,1.1678848
8327,2492.8442,2080.3539,412.49031,7.95286,0.75266069
8328,2613.1187,2246.0664,367.05239,7.0889991,1.4984314
8329,2163.1243,1719.6082,443.51605,8.4592929,1.2564516
8330,2083.2442,1647.4186,435.82554,8.2484486,1.0640147
8331,1307.9732,920.2654,387.70777,7.4669315,-1.2216298
8332,1150.6367,664.1643,486.47239,9.2666099,-1.3177916
8333,1044.7022,682.76777,361.9344,6.8844996,-1.1636378
8334,290.43629,-192.90995,483.34624,9.3744583,-0.86022196
8335,91.998422,-275.21011,367.20853,7.0713321,1.3815963
8336,-226.10809,-618.76777,392.65969,7.3835288,0.4898582
8337,-695.69389,-1092.8531,397.15919,7.4114975,1.4261826
8338,-1390.5799,-1797.0553,406.47541,7.7394631,-0.32256068
8339,-1894.299,-2222.1043,327.80525,6.3110551,0.55990378
8340,-2107.5819,-2535.5324,427.95053,8.2318675,0.1813993
8341,-2422.9617,-2727.5324,304.57065,5.7729477,0.94470163
8342,-2682.2943,-3055.9242,373.62989,7.1650993,0.3154692
8343,-3006.7629,-3410.3002,403.53724,7.7507123,-0.056170318
8344,-3400.0032,-3740.7141,340.7109,6.6013024,0.64350326
8345,-3560.0663,-3946.3633,386.29708,7.4859432,-1.8211183
8346,-3628.131,-4036.1453,408.01437,7.8744562,-1.7479246
8347,-3656.7101,-4010.06,353.34997,6.9110462,-1.0023162
8348,-3626.4142,-3975.7852,349.37095,6.7100786,-1.4115009
8349,-3727.2994,-4178.9068,451.60738,8.6739704,-0.96673122
8350,-3788.2951,-4065.466,277.17097,5.300894,-0.18805607
8351,-3602.4805,-3996.613,394.13248,7.5055597,0.56524854
8352,-3467.159,-3834.3381,367.1791,7.0035975,0.52586156
8353,-3462.2107,-3784.0885,321.87782,6.2892333,0.32104495
8354,-3224.8931,-3629.4976,404.60453,7.8530098,1.0954251
8355,-3157.8383,-3504.1264,346.28812,6.5487635,2.105677
8356,-3025.4454,-3311.8231,286.3777,5.511588,1.6162228
8357,-2812.3645,-3255.6082,443.24372,8.5312918,0.14985599
8358,-2760.7606,-3031.7599,270.99932,5.2778178,-0.79813762
8359,-2553.5369,-2988.9921,435.45522,8.4241343,-0.25239402
8360,-2479.9179,-2831.4692,351.55125,6.7440109,0.88313472
8361,-2360.3503,-2747.3491,386.99884,7.4085255,-1.0266348
8362,-2268.4529,-2659.387,390.93419,7.3792342,-0.43056692
8363,-2286.5294,-2716.9163,430.38688,8.1262657,-2.7461201
8364,-2238.7629,-2596.3981,357.63519,6.9518793,0.041524102
8365,-2305.8178,-2704.1769,398.35918,7.7660649,1.0078685
8366,-2310.3621,-2675.8673,365.50517,7.0631674,2.1255062
8367,-2387.1116,-2750.1801,363.06846,6.9801225,1.0201583
8368,-2393.1708,-2754.7299,361.55905,6.8631982,0.13620007
8369,-2668.2572,-3062.1927,393.93553,7.5894487,0.022788596
8370,-2519.5045,-2874.5403,355.03575,6.9559874,-0.89753669
8371,-2545.357,-2929.5419,384.18486,7.3788435,0.32712947
8372,-3161.0698,-3559.8357,398.76588,7.5513346,0.14720058
8373,-2768.0316,-3044.7014,276.66986,5.0404822,0.35479199
8374,-2773.0809,-3320.316,547.23509,10.039459,0.37262691
8375,-1688.2872,-1863.4818,175.19465,2.7360122,0.42923591
8376,2059.3105,1704.2401,355.07033,5.0720412,1.5605874
8377,8955.3546,8849.5924,105.76222,1.255217,-0.12825254
8378,11928.59,11619.994,308.59646,5.7371545,1.0782808
8379,15578.534,15440.885,137.64945,1.9379462,-0.41565913
8380,18629.832,18557.472,72.359599,1.2902386,0.039706115
8381,20462.933,20406.698,56.235071,1.0152889,-1.0661394
8382,18597.213,18324.423,272.79003,4.6180133,-0.92002625
8383,17704.394,17619.615,84.779943,1.5900726,-2.2651713
8384,18255.779,18025.453,230.3257,4.2612587,-2.1377334
8385,19253.523,19173.51,80.012414,1.4970423,-0.40394999
8386,20199.965,20052.322,147.64301,2.6547611,-0.68962418
8387,21493.699,21372.259,121.44032,2.2383121,-0.14981968
8388,21863.713,21702.471,161.24205,2.9731516,-1.4070256
8389,21332.727,21213.927,118.80009,2.1992984,-3.1768207
8390,19824.095,19621.308,202.78662,3.5200584,-2.9392711
8391,18111.975,17886.736,225.23858,4.0840432,0.20107425
8392,16184.855,15997.978,186.87734,3.3226917,1.0199219
8393,14023.751,13691.248,332.50267,5.7600559,-1.0435155
8394,11180.484,10903.153,277.33118,4.7230745,0.73542929
8395,8902.7408,8666.0853,236.65552,4.196105,-0.08473441
8396,6915.4335,6527.1912,388.24238,6.7412929,-1.9950488
8397,4023.7949,3718.673,305.12189,5.2770972,0.025609856
8398,1709.7972,1380.1959,329.60135,5.873983,-0.53752814
8399,-423.53609,-880.22749,456.69139,8.2117968,1.0926447
8400,-2525.9677,-2781.8262,255.85857,4.6033104,1.4542893
8401,-3867.3673,-4324.297,456.92974,8.4319119,0.78314063
8402,-5188.1657,-5557.9905,369.82484,6.8412401,1.120564
8403,-5966.9712,-6374.8246,407.85344,7.8456584,1.8546101
8404,-6608.6375,-7027.1596,418.52208,7.975409,1.1139791
8405,-6942.0939,-7302.2686,360.17468,6.8287886,1.5577912
8406,-7428.9483,-7857.4408,428.49243,8.1448088,1.4350647
8407,-7939.9385,-8345.1754,405.23689,7.559722,0.57173855
8408,-8385.7925,-8810.97,425.17748,8.063994,-0.85931214
8409,-8679.2584,-9105.6935,426.43514,8.2230739,-0.76464116
8410,-8669.4627,-9056.0506,386.58783,7.3484981,1.3514977
8411,-8327.1195,-8721.3902,394.27068,7.2845875,0.12924207
8412,-7900.1499,-8243.7662,343.61629,6.4339189,0.54013281
8413,-7362.1964,-7755.5261,393.32962,7.3910294,-0.5260817
8414,-6610.6572,-6940.7141,330.05686,6.1991146,-1.2078155
8415,-5843.0611,-6159.5703,316.50916,6.0077598,0.10309363
8416,-4879.5519,-5209.5798,330.02791,6.1752913,0.80088619
8417,-3894.1286,-4181.4344,287.30584,5.4701818,1.2676012
8418,-2763.2852,-3129.4281,366.14291,6.8677813,2.0721743
8419,-1673.7452,-1958.7235,284.97837,5.4044301,1.816276
8420,-652.57278,-939.67773,287.10494,5.4791045,-1.5076013
8421,501.19448,150.4455,350.74898,6.6539683,-1.0082276
8422,1311.7097,1087.3934,224.3163,4.2685232,-1.4751221
8423,2139.3925,1818.9953,320.39724,6.2051577,-0.43984044
8424,2666.4394,2371.2354,295.20406,5.7697046,-0.27401625
8425,3122.7961,2939.6524,183.14361,3.5622368,-0.64290118
8426,3430.501,3093.03,337.47097,6.4917344,0.43428041
8427,3570.0639,3350.4455,219.61841,4.1879587,0.4744221
8428,3702.9617,3417.6809,285.28085,5.5744865,1.0666911
8429,3804.0489,3527.4818,276.56708,5.4293957,-0.19388348
8430,3698.4174,3474.0979,224.31941,4.3243648,-0.2062169
8431,3649.944,3396.5498,253.39422,4.8611612,0.04697151
8432,3473.4201,3192.8215,280.59863,5.3238453,0.36304764
8433,3162.0797,2917.8136,244.2661,4.6672704,0.19757173
8434,2992.4229,2692.3476,300.07533,5.7791858,0.25134278
8435,3524.1152,3257.2259,266.88928,5.0680482,-0.04205698
8436,2425.7893,2114.831,310.95839,5.7478011,-0.045097143
8437,3763.4525,3540.1201,223.3324,4.1053385,0.41468865
8438,3114.6162,2707.9179,406.69832,7.5685162,-1.4607081
8439,3185.1045,3006.079,179.02555,3.1810972,-0.4623025
8440,1731.6103,1365.7378,365.8725,6.9506296,-0.5027144
8441,3118.4536,2929.643,188.81068,3.4672456,0.74305735
8442,4895.0028,4715.981,179.02172,3.3811494,1.0669768
8443,4092.3645,3723.5261,368.83843,6.8378128,0.23788183
8444,2585.0446,2331.0964,253.94821,4.7442059,-0.2148422
8445,2360.6533,2127.7725,232.88074,4.3844203,0.25264747
8446,3326.6872,3016.6951,309.99208,5.9872032,-0.51224024
8447,3412.9294,3213.1438,199.78563,3.8551804,-0.79537963
8448,3680.0379,3387.8547,292.18321,5.6851814,0.2179465
8449,3441.9124,3126.6983,315.21416,6.0784381,0.81976422
8450,3100.2761,2879.7978,220.47835,4.2414888,0.80554755
8451,2604.3329,2276.6003,327.73262,6.3267142,0.083501053
8452,2695.8264,2448.6825,247.14397,4.7360988,-0.26615758
8453,2904.9688,2559.8989,345.06994,6.7781933,0.27323184
8454,2345.3034,2095.722,249.58139,4.8501483,0.60591944
8455,2231.2899,1940.019,291.27098,5.5697438,0.11763551
8456,1484.901,1212.0569,272.84411,5.2417624,-0.79016895
8457,1161.8462,906.4139,255.43225,4.8022108,-1.5085956
8458,1170.9349,890.03476,280.90016,5.262947,-1.7090649
8459,283.0643,-15.974724,299.03902,5.6431365,-1.7011696
8460,81.293886,-165.20695,246.50084,4.7960167,0.51851115
8461,-236.50966,-527.46919,290.95953,5.6043853,0.80969239
8462,-804.35503,-1082.8436,278.48857,5.2035739,0.98799936
8463,-1420.0679,-1821.1185,401.05063,7.6665487,-0.18348732
8464,-2063.0469,-2287.722,224.67502,4.2839896,-1.2796054
8465,-2276.7337,-2659.5893,382.85553,7.4131371,-1.0650748
8466,-2556.7684,-2868.575,311.8066,5.9673188,1.0605387
8467,-2970.6099,-3283.4123,312.80246,6.0330931,1.5479189
8468,-3229.1345,-3627.0711,397.93657,7.6644836,0.80168259
8469,-3722.2501,-3966.079,243.82889,4.6938661,0.59851696
8470,-3889.0793,-4230.0664,340.98706,6.5478399,-0.24988666
8471,-3954.1144,-4301.7504,347.636,6.6537671,0.11325299
8472,-4076.7116,-4351.4945,274.78283,5.3850539,-0.15216573
8473,-3933.0083,-4255.7472,322.73895,6.2101123,0.49423854
8474,-4115.8943,-4472.8215,356.9272,6.7962812,0.92840259
8475,-4139.2221,-4342.6983,203.47617,3.9298676,1.3945423
8476,-3888.9783,-4237.4471,348.46877,6.6678217,1.2108358
8477,-3802.6351,-4086.6983,284.06315,5.3899044,2.168194
8478,-3636.3108,-3983.267,346.95613,6.7615429,2.4102302
8479,-3519.6718,-3778.2243,258.55253,4.9487065,1.3463711
8480,-3330.9286,-3687.4313,356.50268,6.8569762,0.22377078
8481,-3162.8876,-3440.0253,277.1377,5.3712694,-0.95419237
8482,-3022.2138,-3394.7299,372.51605,7.2384019,-1.3296522
8483,-2866.2911,-3137.4155,271.12436,5.2527137,-1.1903157
8484,-2752.6817,-3048.139,295.45736,5.6523337,-2.0827791
8485,-2602.4142,-2901.4344,299.02024,5.7986837,0.051700453
8486,-2494.5609,-2758.7741,264.21314,5.0817734,-0.59527965
8487,-2466.4868,-2722.1738,255.68699,4.879882,0.87881929
8488,-2335.3057,-2704.0758,368.77011,7.041105,0.037973811
8489,-2429.6268,-2622.2812,192.65438,3.7002219,-0.65961464
8490,-2376.3061,-2692.1453,315.83923,6.1874702,0.57020952
8491,-2405.2892,-2675.6651,270.37594,5.1694198,2.8174198
8492,-2499.0043,-2773.4344,274.4301,5.331266,2.8580163
8493,-2394.3826,-2743.7093,349.32668,6.7793643,1.3498669
8494,-2812.0615,-3061.7883,249.72677,4.7950613,1.4324782
8495,-2538.8939,-2865.1374,326.24356,6.3101691,-0.025851584
8496,-2635.6387,-2924.7899,289.15123,5.5811786,-0.87624445
8497,-3243.7775,-3601.3902,357.61269,6.8143119,-1.5664665
8498,-2817.9187,-3055.8231,237.90433,4.3818838,0.72065227
8499,-2977.6789,-3361.6682,383.98935,7.0562896,0.28940003
8500,-1673.1393,-1851.4502,178.31099,2.7886849,1.1882313
8501,1996.901,1746.1991,250.70193,3.6384759,0.67847595
8502,8509.3996,8460.7393,48.660269,0.61746964,1.3521697
8503,10424.098,10220.689,203.40905,3.8245999,-0.020830401
8504,12996.923,12831.545,165.37805,2.4528008,1.36609
8505,16319.874,15753.302,566.57203,9.4834062,2.7854841
8506,18727.89,18152.543,575.3461,9.7268586,-0.32950461
8507,16900.039,16313.731,586.30801,9.7186174,-0.64292681
8508,15974.198,15536.126,438.07165,7.985667,-0.55948432
8509,16637.98,16109.093,528.88707,9.5146966,-1.4459476
8510,17785.991,17295.57,490.42102,8.9944604,-0.94777375
8511,18130.859,17785.125,345.73437,6.252392,-0.66179542
8512,19323.102,18774.142,548.95999,9.9874436,0.98815782
8513,19824.398,19210.212,614.18594,10.920671,-0.42256385
8514,19229.589,18758.673,470.91597,8.3607276,-1.4093402
8515,17859.711,17217.213,642.49797,11.045057,-2.0412833
8516,16158.195,15666.553,491.64195,8.6833508,0.61466643
8517,14571.904,14017.719,554.18495,9.6707339,1.5293838
8518,12521.985,11928.367,593.6185,10.052892,1.6996456
8519,9732.7464,9281.8199,450.92645,7.6225253,0.40666976
8520,7808.7574,7303.4818,505.27556,9.2406783,0.71858677
8521,5953.0351,5439.1912,513.84396,8.8763621,-0.39944537
8522,3252.5633,2810.0348,442.52856,7.6892872,-1.5218717
8523,1006.1254,579.74092,426.38453,7.6797132,1.0056012
8524,-929.57791,-1416.8973,487.31941,8.7610114,-0.92410746
8525,-2713.802,-3101.0174,387.21541,7.0850534,1.9464694
8526,-4076.5097,-4424.8973,348.38765,6.5384615,1.5093708
8527,-5229.0651,-5627.9558,398.89068,7.5323423,0.65187471
8528,-6109.7657,-6417.3902,307.62452,6.0849506,1.7399945
8529,-6820.3045,-7117.346,297.04144,5.7145857,0.90719004
8530,-7043.383,-7386.5908,343.2078,6.5593592,1.7260956
8531,-7616.9846,-7856.8341,239.84951,4.5735318,0.49044419
8532,-8015.1732,-8358.3191,343.14594,6.5538787,-0.49304478
8533,-8494.9586,-8755.9684,261.00982,4.9107262,0.078340141
8534,-8724.9041,-8982.8499,257.94578,4.903553,-0.4688899
8535,-8706.9286,-8971.3239,264.39526,5.0658912,0.29807922
8536,-8455.372,-8683.4755,228.10352,4.3325057,0.17234308
8537,-7952.7637,-8253.169,300.40533,5.6600108,0.14144154
8538,-7509.6363,-7822.357,312.72074,5.9013723,0.95576803
8539,-6816.4671,-7048.2907,231.82362,4.4373447,-0.92983978
8540,-6037.9645,-6385.0363,347.07184,6.6190689,0.57358673
8541,-5230.3779,-5448.0885,217.71056,4.12398,0.69022351
8542,-4236.7748,-4587.981,351.20629,6.7373485,0.069043232
8543,-3282.1523,-3576.316,294.16369,5.5913416,0.093591288
8544,-2246.7408,-2519.4566,272.71573,5.2229936,1.0498293
8545,-1310.3968,-1623.4566,313.05971,6.0014236,0.31024362
8546,-311.13846,-641.81991,330.68144,6.2249153,-0.30733242
8547,497.45799,170.16114,327.29685,6.2886917,-1.4408343
8548,1191.6371,861.01738,330.6197,6.2700286,-0.053636697
8549,1729.0856,1336.9226,392.16301,7.45345,1.2408116
8550,2161.4075,1863.5829,297.82456,5.6833709,0.59339927
8551,2438.2107,2031.5197,406.6909,7.774422,1.0238882
8552,2654.826,2242.831,411.99507,7.8078929,0.15208879
8553,2703.5014,2319.8736,383.62776,7.4191524,1.1251184
8554,2842.4584,2433.8199,408.63848,7.8911409,-0.90697487
8555,2758.5389,2323.6145,434.92432,8.4066959,1.0901998
8556,2656.4418,2284.0821,372.35967,7.1086235,0.052012005
8557,2528.5933,2022.218,506.37528,9.6064732,-1.0721311
8558,2157.57,1825.6682,331.90177,6.3005236,-0.036635036
8559,2008.3124,1583.5197,424.79268,8.0583513,-1.0208146
8560,2527.6844,2143.6461,384.03829,7.1448247,0.81668241
8561,1381.4911,1009.8452,371.64594,6.8398862,-0.25848704
8562,2781.8667,2407.128,374.7387,7.0316866,-0.25862647
8563,2063.3499,1599.09,464.25985,8.5193556,-1.0198707
8564,2168.2746,1858.9321,309.34249,5.3751358,-1.6558116
8565,708.21617,238.30648,469.9097,8.5867146,0.070413682
8566,2115.5598,1795.842,319.71774,5.7549336,1.3969672
8567,3938.1586,3581.4724,356.68623,6.6470397,1.8156564
8568,3087.6529,2584.9731,502.67972,9.1285852,0.50364909
8569,1585.9882,1186.4771,399.51107,7.389631,-0.80279684
8570,1389.671,988.71406,400.95695,7.4613355,-0.61793554
8571,2299.1527,1866.0095,433.14318,8.2082812,-0.44992562
8572,2425.7893,2021.0047,404.78461,7.6180211,-1.4425526
8573,2619.5819,2247.5829,371.99892,7.0346042,1.3828008
8574,2389.6363,1934.357,455.27926,8.7284205,1.1256806
8575,2037.5984,1686.7488,350.84961,6.6005716,1.7180022
8576,1488.8394,1052.9163,435.92318,8.2035776,1.2175693
8577,1652.0331,1282.7299,369.30328,6.8803839,0.50081308
8578,1828.557,1386.3633,442.19365,8.3436103,1.1038899
8579,1282.6256,930.27488,352.35076,6.719655,1.5457418
8580,1239.3026,795.80411,443.49846,8.2947393,1.8216804
8581,462.31479,102.82464,359.49015,6.8617555,-0.43552952
8582,252.26351,-195.13428,447.39779,8.5155541,-0.37995035
8583,207.0217,-173.90205,380.92375,7.1496354,0.10921338
8584,-612.07732,-1025.6177,413.54038,7.9018836,-0.61373639
8585,-757.49744,-1179.703,422.20557,8.0348361,-0.45162941
8586,-1105.0919,-1502.4329,397.34095,7.6153377,-0.7344355
8587,-1602.5499,-2034.7551,432.20523,8.2268491,0.582448
8588,-2270.5736,-2702.6603,432.08678,8.1776623,0.50704642
8589,-2856.0915,-3167.8483,311.75682,5.9611597,-0.10061783
8590,-3035.645,-3458.0221,422.37715,7.9895818,0.11320623
8591,-3392.5302,-3702.1927,309.66256,5.7375329,0.66518101
8592,-3663.3751,-4054.6477,391.27256,7.3603186,1.2876501
8593,-3967.3436,-4386.2749,418.93129,7.9755425,0.616327
8594,-4449.0477,-4713.5545,264.50677,5.0899168,0.13926639
8595,-4554.0734,-4956.7141,402.64069,7.6814968,-0.53968755
8596,-4662.9365,-5017.8831,354.94661,6.7247186,-0.4678737
8597,-4677.1755,-5041.643,364.46743,6.952944,-1.8226642
8598,-4606.9901,-4948.6256,341.63545,6.4972157,-0.36320247
8599,-4766.0434,-5168.6319,402.58852,7.6554288,0.25434773
8600,-4753.7231,-5052.8657,299.14264,5.7352414,1.544371
8601,-4584.4702,-4992,407.52978,7.7952561,1.2247047
8602,-4452.9862,-4842.3633,389.37716,7.330796,0.65263569
8603,-4373.914,-4720.2275,346.31348,6.6478428,0.38982513
8604,-4247.2773,-4598.2938,351.01652,6.7383135,-0.078556714
8605,-4076.2067,-4459.4755,383.26881,7.2481527,2.1273287
8606,-4008.445,-4289.1122,280.66719,5.4285666,0.95388096
8607,-3785.1645,-4225.4155,440.25098,8.4677772,1.1208302
8608,-3689.8335,-3984.3791,294.54562,5.6685448,-0.33550133
8609,-3583.0911,-3908.5498,325.45864,6.268274,0.016001774
8610,-3388.9957,-3791.9747,402.97906,7.720873,0.54034975
8611,-3350.4189,-3666.7046,316.28565,6.0377055,0.39458448
8612,-3214.2895,-3616.6572,402.36764,7.5168597,-0.30424755
8613,-3197.8288,-3613.5229,415.69411,7.9110386,-0.79127254
8614,-3211.4619,-3533.9526,322.49067,6.2385235,0.04463583
8615,-3190.4568,-3607.9621,417.50528,8.0791548,1.7339529
8616,-3239.8391,-3612.4107,372.57169,7.1350706,1.6548257
8617,-3288.4134,-3671.5577,383.14425,7.3041231,2.2138284
8618,-3267.9132,-3663.4692,395.55598,7.5893135,0.43272872
8619,-3623.6876,-3981.7504,358.06282,6.9060137,0.34469829
8620,-3420.0994,-3787.0205,366.92113,7.1226753,0.27159853
8621,-3509.1692,-3884.4866,375.31734,7.1612988,-1.1521146
8622,-4082.0639,-4487.7852,405.72124,7.5884174,-1.0855548
8623,-3696.8016,-3989.1311,292.32954,5.2704923,0.14039951
8624,-3801.6252,-4242.5024,440.87712,8.0781608,1.8134934
8625,-2577.5716,-2806.7994,229.22777,3.5996058,1.3650588
8626,1149.7278,878.60979,271.11802,3.8386521,2.0146546
8627,8310.2548,8213.6367,96.618181,1.1241168,1.2163786
8628,11414.469,11114.667,299.80276,5.3817985,1.163629
8629,15176.306,14839.103,337.20343,4.7108985,1.5245184
8630,18039.467,17483.93,555.53618,9.7754578,1.6716264
8631,19365.011,18732.082,632.92929,11.11693,-0.62219416
8632,17212.996,16520.291,692.70498,11.557006,1.1382313
8633,16518.312,16037.51,480.80137,8.8230296,0.95942822
8634,17066.162,16496.43,569.73204,10.36532,-0.40097412
8635,18068.349,17578.363,489.98537,8.8223456,0.54100772
8636,19056.196,18636.133,420.06296,7.2122629,0.24617291
8637,20536.956,19975.179,561.7777,9.9336263,0.7868011
8638,20742.665,20124.613,618.05213,10.842901,-1.6193637
8639,20016.574,19507.261,509.3137,8.9979187,-0.063930442
8640,18596.809,17878.041,718.76839,12.082669,-1.4114493
8641,16743.713,16144.784,598.92925,10.329727,2.1713677
8642,14837.8,14190.913,646.88728,11.076228,1.8554548
8643,12622.466,11955.16,667.30671,11.138525,0.39548094
8644,9827.2694,9216.5055,610.7639,10.196857,0.52721067
8645,7601.3318,7045.2575,556.07425,9.8681196,0.68184954
8646,5582.8197,4942.357,640.46269,11.022732,-1.3354818
8647,2763.2852,2233.327,529.95819,9.2146026,0.067597959
8648,465.34438,-26.590837,491.93522,8.6465792,0.31261008
8649,-1679.9053,-2257.188,577.28267,10.194611,-0.0055746977
8650,-3760.5239,-4134.9258,374.40188,6.7296052,2.2260192
8651,-5105.8619,-5544.2401,438.37819,8.1384726,2.2601442
8652,-6296.7921,-6717.169,420.37693,7.9053305,1.259735
8653,-7074.6888,-7409.9463,335.25753,6.4811972,-0.055913848
8654,-7661.0146,-8019.2101,358.19551,6.784406,0.66105261
8655,-7920.5491,-8312.8215,392.27237,7.3463851,1.7022489
8656,-8512.8331,-8863.545,350.71189,6.616308,0.98846361
8657,-8938.288,-9362.7046,424.41661,8.0916086,-0.50792162
8658,-9435.14,-9752.7709,317.63089,6.0244221,-1.0120693
8659,-9673.0635,-10072.063,398.99968,7.6748887,-0.76190481
8660,-9661.6521,-9981.2701,319.61807,6.049643,0.58528304
8661,-9277.6016,-9656.8215,379.21991,7.1094878,-1.6857185
8662,-8812.0552,-9104.9858,292.93056,5.4867759,0.18703721
8663,-8277.5353,-8674.4771,396.94179,7.4315069,-0.19070887
8664,-7562.0481,-7798.4961,236.44792,4.5373474,0.51118823
8665,-6753.0477,-7087.6209,334.57312,6.3963794,0.75868187
8666,-5823.2679,-6117.6114,294.34352,5.5055722,1.9580492
8667,-4799.4698,-5135.4692,335.99937,6.2838226,0.50767492
8668,-3732.6517,-4062.1295,329.47787,6.1715265,0.70473702
8669,-2624.8331,-2941.3712,316.53811,6.0372168,1.4583183
8670,-1612.2446,-1963.0711,350.82651,6.6312503,0.36769903
8671,-490.7929,-905.60506,414.81216,7.7733838,1.5898317
8672,361.3286,-15.064771,376.39337,7.1164777,0.12880571
8673,1131.5503,740.70142,390.84887,7.4149655,0.79690643
8674,1688.8931,1213.8768,475.01632,9.0188765,1.0250791
8675,2085.8698,1742.2559,343.6139,6.4633893,0.9941121
8676,2378.1239,1863.684,514.43982,9.7960576,1.2875964
8677,2544.1452,2135.5577,408.58751,7.7584215,1.411306
8678,2641.7988,2199.2543,442.54447,8.5035077,1.5818764
8679,2721.6789,2273.5671,448.11175,8.6364373,1.3302778
8680,2608.1704,2174.2812,433.88921,8.1490082,1.5865713
8681,2538.086,2132.2212,405.86483,7.6437831,0.50064525
8682,2364.3897,1865.6051,498.78469,9.3166398,-0.36507065
8683,2016.2903,1663.1912,353.09918,6.7318567,1.141095
8684,1855.3183,1391.2164,464.10191,8.8807521,0.72757609
8685,2381.0525,1951.9494,429.10302,7.9565249,1.0781849
8686,1274.9507,829.27014,445.68055,8.1739841,0.59965018
8687,2656.7448,2220.4866,436.2582,7.9541057,0.16321326
8688,1968.7258,1469.8768,498.84906,9.1462187,-1.5038177
8689,2097.9882,1702.4202,395.56794,7.0176042,-0.41585343
8690,593.8998,88.669826,505.22998,9.3857251,0.32038807
8691,2056.2809,1646.6098,409.67107,7.5203406,1.6996841
8692,3827.4777,3454.7867,372.69098,6.9950283,2.0201264
8693,2974.2454,2463.3428,510.90255,9.3156794,0.33866367
8694,1475.7112,1026.4265,449.2847,8.386653,0.35673971
8695,1226.8813,860.10742,366.77384,6.9437688,-0.22879989
8696,2209.8809,1732.9542,476.92668,9.1866982,-0.79138198
8697,2321.3696,1907.1596,414.21007,7.8898621,-1.5877997
8698,2513.8493,2148.4992,365.3501,6.8807619,0.6935617
8699,2318.441,1803.1216,515.31938,9.7036754,0.41231141
8700,1941.8635,1591.5071,350.3564,6.4888161,1.8154001
8701,1450.1617,958.58452,491.57722,9.240995,1.1821511
8702,1583.7665,1148.0569,435.7096,8.1235885,0.47500222
8703,1729.2876,1282.831,446.45661,8.5261596,-0.15187431
8704,1232.6375,757.99052,474.64695,9.0222172,0.77151476
8705,1088.2272,629.5861,458.64112,8.497111,1.4456449
8706,339.91953,-116.57504,456.49457,8.687849,0.099282845
8707,87.151085,-392.49289,479.64398,9.0723058,-0.2412727
8708,-25.145562,-403.61453,378.46897,7.1525543,-0.47939106
8709,-831.52032,-1302.951,471.43071,8.9685923,-0.29259001
8710,-1096.1041,-1469.7757,373.67153,7.1108311,1.8596406
8711,-1400.0726,-1823.8483,423.77576,7.9763181,0.25750922
8712,-1940.7527,-2392.1643,451.41163,8.4302458,0.426879
8713,-2654.927,-3048.8468,393.91974,7.4766413,-0.43841263
8714,-3179.9542,-3588.6509,408.69663,7.7597136,-0.18855996
8715,-3473.2181,-3870.8373,397.61914,7.6356554,-0.059231289
8716,-3705.9913,-4149.5861,443.59478,8.4191218,0.99103535
8717,-4109.9361,-4478.3823,368.44621,7.0111242,0.98430606
8718,-4376.8426,-4839.7346,462.89199,8.8801646,0.11212916
8719,-4800.0757,-5190.1675,390.09172,7.5444711,1.0820561
8720,-5005.0777,-5395.6145,390.53682,7.5006959,-0.48377064
8721,-5054.258,-5515.6272,461.36918,8.8489541,-0.58863571
8722,-5114.4458,-5484.6888,370.24302,7.2318618,-1.095951
8723,-5049.5116,-5416.139,366.62738,7.062523,0.093304362
8724,-5178.572,-5648.5814,470.00937,9.0083501,0.73433331
8725,-5252.1909,-5497.9336,245.74272,4.7019917,1.5207819
8726,-4967.8138,-5426.7551,458.94133,8.7945211,1.4463043
8727,-4877.8351,-5249.0111,371.17595,7.0476332,0.9027561
8728,-4788.9673,-5110.9005,321.93322,6.2516163,0.53992726
8729,-4568.4134,-4996.6509,428.23746,8.2352892,0.59288525
8730,-4476.8189,-4815.3681,338.54915,6.4155892,2.3578735
8731,-4254.1444,-4660.7773,406.63287,7.6924391,1.507836
8732,-4128.8205,-4549.0553,420.23478,7.9100251,1.3001614
8733,-3961.1834,-4310.0411,348.85764,6.7559991,-0.22605689
8734,-3814.3495,-4240.5814,426.23185,8.301281,-0.26837359
8735,-3697.1045,-4104.0885,406.98393,7.8423399,1.3337912
8736,-3581.1724,-3992.872,411.69965,7.8166604,0.57259036
8737,-3510.0781,-3894.3949,384.31684,7.2209681,0.56194934
8738,-3474.026,-3909.4597,435.43368,8.2648835,-2.0199075
8739,-3500.0805,-3852.2338,352.15333,6.8300852,-0.33975434
8740,-3522.2974,-3922.3002,400.00272,7.6510039,1.0370224
8741,-3525.529,-3928.5687,403.03973,7.5757223,1.0301066
8742,-3622.7787,-3977.8073,355.02857,6.7954003,0.86382057
8743,-3579.3546,-3989.8389,410.48423,7.8721897,0.71757999
8744,-3906.2469,-4306.4013,400.15432,7.5937705,1.2242607
8745,-3756.4844,-4101.2575,344.77309,6.6155919,0.94328364
8746,-3719.8264,-4207.6209,487.79442,9.2745973,-0.020360223
8747,-4417.4391,-4793.327,375.88796,7.0175044,-0.72685176
8748,-3949.2671,-4297.9084,348.64131,6.3122915,0.57305653
8749,-4070.9554,-4574.534,503.57854,9.2185903,0.76731925
8750,-2861.2418,-3143.2796,282.03781,4.4353251,1.6933052
8751,767.09112,390.47077,376.62035,5.4096805,1.1359293
8752,7227.4809,7045.1564,182.32447,2.3135424,1.4873162
8753,8966.2611,8535.7599,430.50127,8.0358052,1.6438035
8754,11355.393,11031.254,324.13816,4.9155118,0.21109026
8755,14023.044,13823.393,199.65042,3.462067,0.85340784
8756,16111.943,16087.861,24.082216,0.43107492,-0.73568088
8757,14434.563,14329.428,105.1344,1.786677,-1.2388255
8758,13687.063,13624.619,62.443449,1.161765,0.19932208
8759,14317.015,14179.488,137.52644,2.5416386,0.59951661
8760,15338.086,15294.382,43.70369,0.83015345,0.13940322
8761,15970.865,15793.137,177.72804,3.2753879,-0.042949355
8762,16937.505,16810.464,127.04087,2.3367155,1.6565752
8763,17260.055,17089.011,171.04417,3.1461588,-1.004557
8764,16747.954,16715.829,32.124857,0.5987445,-0.52755145
8765,15344.044,15163.248,180.79616,3.2087378,-1.9953668
8766,13798.148,13669.106,129.04169,2.382066,1.0432716
8767,12186.509,12118.547,67.962272,1.2021587,0.46280866
8768,10242.222,10045.877,196.34492,3.4130945,1.0626334
8769,7671.8201,7513.8831,157.93702,2.7527992,0.51173341
8770,5757.0209,5614.9131,142.1078,2.612726,1.4201581
8771,4114.1775,3802.4897,311.68778,5.4807711,-0.19287375
8772,1459.5535,1277.5735,181.97999,3.2057523,-0.98720882
8773,-617.73254,-907.12164,289.3891,5.2405963,-0.034380109
8774,-2451.2379,-2826.8183,375.58046,6.8150576,0.66284808
8775,-4234.1491,-4454.6224,220.47332,4.0312787,2.3343577
8776,-5276.5286,-5736.7457,460.21706,8.5575654,1.3855442
8777,-6489.0698,-6818.6793,329.60948,6.1581616,0.57318741
8778,-7201.2245,-7655.2291,454.00461,8.7350967,1.0045285
8779,-7886.7187,-8300.6888,413.97005,7.8013003,0.31584519
8780,-8154.9381,-8595.109,440.17094,8.2716232,0.37008937
8781,-8616.9499,-9034.2117,417.26179,7.936438,0.6962171
8782,-9084.314,-9496.1643,411.85029,7.6660276,-0.8846366
8783,-9491.0864,-9888.455,397.36859,7.2913927,-0.28027263
8784,-9740.8252,-10130.401,389.57602,7.2082522,-0.60339373
8785,-9736.6848,-10126.66,389.97553,7.3926567,1.7029376
8786,-9387.4746,-9828.3981,440.92355,8.2511304,0.33640786
8787,-9044.0205,-9360.4803,316.45974,5.8983783,0.43966193
8788,-8531.6166,-9022.4834,490.86684,9.1796547,0.20403772
8789,-7912.7732,-8205.7504,292.97722,5.4835644,0.84150988
8790,-7183.8548,-7619.7409,435.88608,8.2453194,2.4363025
8791,-6320.7258,-6702.812,382.08617,7.179998,2.7297637
8792,-5506.2722,-5824.7077,318.43555,6.0330767,0.78707447
8793,-4454.8039,-4906.4645,451.66051,8.6887609,0.64422039
8794,-3560.5712,-3827.7662,267.19499,5.0819985,2.0574703
8795,-2667.2473,-3054.1043,386.85693,7.3693041,-0.4899782
8796,-1664.8584,-2003.7156,338.85726,6.4033057,-0.20341889
8797,-1016.1231,-1261.3965,245.27345,4.7061226,-1.4923343
8798,-289.12347,-601.37757,312.2541,6.0164303,0.4491738
8799,95.431953,-161.46603,256.89799,4.9089555,0.55577072
8800,548.25404,315.75355,232.50049,4.4975023,1.1693982
8801,790.31795,505.32701,284.99093,5.4648003,1.822363
8802,919.88323,695.10269,224.78055,4.2900097,1.4350035
8803,1044.3992,765.06793,279.33128,5.4017502,1.871378
8804,1087.8233,878.81201,209.01127,4.091848,0.21985175
8805,1045.914,729.37757,316.53644,6.0925303,-0.016599519
8806,946.03866,735.84834,210.19032,3.997223,-0.091051409
8807,783.95582,455.98736,327.96846,6.2369232,-1.2850515
8808,515.33254,300.68878,214.64376,4.1803095,-0.23805988
8809,270.03708,23.860979,246.1761,4.7132343,-0.82095812
8810,889.58738,564.27172,325.31565,6.107592,0.5113733
8811,-279.73176,-484.19589,204.46414,3.7551691,-0.27028773
8812,1097.6189,842.4139,255.20503,4.7641747,-0.17660323
8813,414.24536,110.60979,303.63557,5.636196,-2.1148985
8814,435.9574,253.87678,182.08062,3.1921336,-0.95703054
8815,-970.98225,-1312.2528,341.27052,6.3472728,0.23355869
8816,441.61262,271.87362,169.73901,3.0553374,1.0351894
8817,2223.9179,2037.1817,186.73627,3.5022513,1.6092338
8818,1390.6809,1044.5245,346.15638,6.4147141,-0.093018934
8819,-195.10533,-389.56082,194.4555,3.6518182,-0.16226342
8820,-274.2785,-563.8673,289.5888,5.4154435,-1.0236879
8821,576.73215,324.04423,252.68792,4.84952,-0.99013272
8822,714.67929,488.03791,226.64138,4.3584286,-3.3728831
8823,946.54359,697.52923,249.01436,4.8053855,-0.068006442
8824,672.06312,364.9921,307.07102,5.8758129,0.52760398
8825,371.83116,132.04423,239.78693,4.5966448,2.0340162
8826,-204.49704,-467.61453,263.11749,5.0072391,1.1137679
8827,-26.559369,-295.7346,269.17523,5.1421392,0.75582947
8828,138.04813,-100.19589,238.24402,4.556594,0.84156505
8829,-460.59803,-668.61295,208.01493,4.0374894,1.0962373
8830,-433.33176,-743.53239,310.20063,5.8584785,1.5072452
8831,-1270.8103,-1456.0253,185.21502,3.5681608,0.17562254
8832,-1420.5728,-1693.3207,272.74791,5.2501022,-0.62522186
8833,-1475.3073,-1668.4487,193.14136,3.6983952,-1.1462202
8834,-2296.628,-2569.5039,272.87594,5.2428098,-0.017958067
8835,-2368.2272,-2658.2749,290.04766,5.6000922,0.42232851
8836,-2762.0734,-2972.7141,210.64069,4.0233084,0.097817235
8837,-3164.0994,-3501.8009,337.70154,6.4570636,-0.34016669
8838,-3823.8422,-4127.0395,303.19729,5.8557501,-0.71144038
8839,-4389.6679,-4636.8152,247.14732,4.790567,-0.47271357
8840,-4511.5582,-4867.6398,356.08163,6.8256237,0.19216321
8841,-4892.983,-5107.1596,214.17652,4.0763522,0.54135116
8842,-5135.2489,-5429.2828,294.03387,5.6309096,1.2265077
8843,-5443.8627,-5755.4502,311.58752,6.0233749,1.0407321
8844,-5903.7538,-6138.7425,234.98865,4.5685014,0.086739795
8845,-5992.9247,-6301.4218,308.49715,5.9160524,-0.8559614
8846,-6131.9826,-6450.7551,318.77249,6.0547771,-2.0586389
8847,-6100.071,-6358.5466,258.4756,5.04094,-2.2742768
8848,-6058.5657,-6332.8657,274.30004,5.3541969,-0.37500378
8849,-6218.5278,-6559.8483,341.32053,6.6483026,-0.077153881
8850,-6159.5519,-6407.3807,247.82885,4.7683175,1.2241585
8851,-6051.6986,-6357.3333,305.63471,5.8089039,1.796899
8852,-5846.5957,-6190.7109,344.11524,6.6169988,0.88125183
8853,-5832.5586,-6096.9858,264.4272,5.1927038,1.620425
8854,-5666.8402,-6032.0758,365.23559,7.0835208,-0.24244436
8855,-5518.9964,-5820.2591,301.26263,5.766914,2.047617
8856,-5448.1041,-5704.6951,256.59096,4.9504292,0.99043537
8857,-5259.26,-5575.4818,316.22187,6.0954585,-0.39909842
8858,-5186.045,-5397.4344,211.38947,4.0849847,-0.32967191
8859,-5072.6375,-5345.6682,273.03077,5.2951183,-0.20073258
8860,-4899.6481,-5179.7536,280.10543,5.4745424,0.80036358
8861,-4884.1972,-5119.2923,235.09502,4.513687,-0.85047034
8862,-4740.9988,-5004.6382,263.63941,5.035544,0.01448184
8863,-4758.3684,-5067.0205,308.6521,5.9529899,-1.1418854
8864,-4761.802,-4961.2638,199.46185,3.8866494,0.18119046
8865,-4729.2844,-5049.6303,320.34591,6.2285478,1.9466727
8866,-4821.5858,-5063.2796,241.69382,4.6662705,2.4028819
8867,-4800.8836,-5082.5908,281.70721,5.4422919,1.0357829
8868,-4821.3838,-5106.5529,285.1691,5.5988431,0.89114922
8869,-5134.441,-5409.3649,274.9239,5.4208273,0.18713522
8870,-4955.3925,-5206.951,251.55852,4.9121689,0.65246989
8871,-5003.4619,-5314.5276,311.06571,6.0521811,-0.53508585
8872,-5622.3053,-5890.7299,268.42453,5.1153899,-1.3041122
8873,-5216.5428,-5428.7773,212.23445,3.9117575,-0.26095339
8874,-5329.5464,-5667.8926,338.34622,6.2439013,0.45641954
8875,-4117.3081,-4221.9779,104.6698,1.6513129,0.13093383
8876,-465.04142,-601.47867,136.43725,1.9367405,0.79490377
8877,6543.8043,6640.6319,-96.827572,-1.164537,1.5356297
8878,9499.1653,9375.0395,124.12579,2.2825795,1.538314
8879,13197.179,13270.041,-72.862376,-1.0231314,0.7584881
8880,16396.623,16325.965,70.658029,1.2550203,0.15330142
8881,18290.922,18197.434,93.487849,1.6705069,-1.6281861
8882,16440.249,16095.343,344.9065,5.8072815,-2.4363122
8883,15484.819,15368.493,116.32604,2.1971279,-1.2430667
8884,16028.529,15821.447,207.08152,3.9085457,-1.940009
8885,17106.556,16958.281,148.27501,2.7579982,-0.36349121
8886,17952.013,17863.684,88.328579,1.5913204,-2.2348087
8887,19268.267,19196.664,71.60316,1.3421736,0.039135174
8888,19647.066,19480.367,166.69937,3.1012109,-2.5949441
8889,19102.548,19021.447,81.101246,1.5123096,-2.6504049
8890,17624.817,17343.09,281.72731,4.9210256,-1.516023
8891,15818.073,15655.735,162.33878,2.9068682,0.49560036
8892,13942.76,13747.665,195.09468,3.3956419,0.51009177
8893,11731.364,11388.158,343.20612,5.8617083,0.82831931
8894,8846.0876,8614.1169,231.97067,3.9228622,-0.54424529
8895,6621.9677,6331.248,290.71963,5.2497946,-0.51345864
8896,4589.5195,4241.188,348.33153,6.0379689,-0.91626529
8897,1733.9329,1413.2575,320.67543,5.4918851,-0.87492244
8898,-674.08284,-983.05213,308.96929,5.5986552,-0.064793453
8899,-2794.288,-3225.3776,431.0896,7.8003595,-1.1952006
8900,-4910.3527,-5163.4755,253.12285,4.6361366,3.1777763
8901,-6284.5728,-6672.6825,388.10968,7.1584332,1.5223318
8902,-7645.0588,-7935.6967,290.63791,5.4007888,1.0637428
8903,-8467.4903,-8767.3934,299.90303,5.7888205,0.05699948
8904,-9119.6592,-9414.8752,295.21603,5.6649809,0.66409752
8905,-9438.4726,-9731.7409,293.26833,5.5289138,1.470026
8906,-9960.5712,-10211.084,250.51253,4.720331,-0.49041267
8907,-10451.566,-10786.477,334.91102,6.2984998,-0.71842043
8908,-10929.231,-11189.586,260.35533,4.9229001,-0.44662091
8909,-11194.521,-11518.079,323.55749,6.1559146,-0.281951
8910,-11161.398,-11485.422,324.02377,6.1393731,-0.3332391
8911,-10836.828,-11116.082,279.25375,5.2258747,-1.9900594
8912,-10340.077,-10637.953,297.87529,5.5322662,-0.45873591
8913,-9818.7866,-10132.322,313.53569,5.9206375,-1.1787355
8914,-9056.0379,-9302.6477,246.60984,4.7177887,-0.054964404
8915,-8270.1633,-8526.2559,256.09261,4.8511233,0.67936449
8916,-7290.3953,-7519.4439,229.04865,4.2799904,0.81601233
8917,-6328.7037,-6526.2812,197.57745,3.6694867,1.2923721
8918,-5200.688,-5440.6066,239.91867,4.4941614,0.59649011
8919,-4103.8769,-4279.3049,175.42797,3.3702527,1.4299887
8920,-3074.1207,-3298.1738,224.05307,4.2799793,-1.3313647
8921,-1930.3511,-2141.5229,211.17182,3.9903933,-0.22592206
8922,-1089.843,-1267.8673,178.0243,3.3688079,-0.80974733
8923,-258.82761,-433.64297,174.81536,3.3325651,-0.4589627
8924,305.68521,35.690363,269.99484,5.1750227,0.71574676
8925,780.4213,635.75355,144.66775,2.7903225,0.71047131
8926,1100.6485,824.72038,275.92814,5.325043,0.6935575
8927,1285.3523,1054.2306,231.12162,4.4524727,1.1079571
8928,1403.5061,1181.9273,221.57878,4.3116542,0.37887705
8929,1497.5243,1210.8436,286.68066,5.641415,-0.28012447
8930,1398.1538,1209.0237,189.13015,3.6711875,-0.05196867
8931,1339.4809,1110.4455,229.03537,4.4089587,-0.028518457
8932,1133.368,869.40916,263.95888,5.0301989,-0.7789782
8933,789.40907,660.32227,129.0868,2.4934281,-0.9560889
8934,637.02091,358.82464,278.19626,5.3755419,0.25342277
8935,1158.0087,941.39652,216.61215,4.0448677,0.77739339
8936,39.687574,-175.11532,214.8029,3.9482426,-0.39536725
8937,1396.2351,1195.6777,200.55738,3.7099815,-0.65299034
8938,732.65483,464.78357,267.87126,5.033768,-2.025659
8939,824.65325,623.31754,201.33572,3.5804029,-1.1921942
8940,-640.7574,-926.93839,286.18099,5.365818,0.80809629
8941,831.52032,651.12164,180.39867,3.3048367,1.3483412
8942,2605.7467,2437.763,167.98371,3.1355795,1.8292489
8943,1781.6994,1452.3855,329.31394,6.0067822,-0.068070148
8944,219.54398,-40.240126,259.78411,4.9330815,0.097745554
8945,67.559763,-115.26066,182.82043,3.4665364,-1.1066619
8946,990.57357,713.70616,276.86741,5.3275573,-0.51993251
8947,1096.1041,919.05213,177.05201,3.4120688,-0.79482062
8948,1300.9041,1104.3791,196.525,3.7346448,-0.83109998
8949,1074.1901,794.59084,279.5993,5.4150954,0.44821648
8950,743.05641,581.96524,161.09117,3.0643781,-0.15940163
8951,189.55108,-51.058452,240.60954,4.6125032,0.27823872
8952,352.03787,157.01738,195.02049,3.7460967,0.30472701
8953,512.10099,291.58926,220.51173,4.2158302,0.39402325
8954,-12.421302,-268.23381,255.81251,4.9214372,0.34880971
8955,-101.79408,-335.97472,234.18064,4.4645401,1.1667506
8956,-882.8213,-1140.8784,258.05706,5.043241,0.16592496
8957,-1101.4564,-1369.8831,268.42669,5.2306677,-0.2897933
8958,-1198.1002,-1418.515,220.41481,4.2673172,0.13340893
8959,-2037.4974,-2347.2733,309.77587,6.0340248,-0.178111
8960,-2234.6225,-2443.3239,208.70137,4.0330445,0.54040692
8961,-2615.2394,-2877.6746,262.43512,5.0048598,0.30521075
8962,-3140.4686,-3370.4645,229.99582,4.3805591,1.1854246
8963,-3869.8919,-4162.5276,292.63573,5.6317258,-0.49486445
8964,-4437.6363,-4630.1422,192.50589,3.7371785,0.21901171
8965,-4662.3306,-4969.1501,306.81951,5.9442323,-0.17250875
8966,-5025.3759,-5238.0916,212.71569,4.0861883,2.2249646
8967,-5329.9503,-5557.7883,227.83801,4.3824538,1.338635
8968,-5656.2367,-5979.2986,323.06189,6.2059983,2.7983023
8969,-6099.768,-6311.9368,212.16876,4.1565092,1.7736816
8970,-6274.3732,-6516.4739,242.10076,4.6894272,0.068376342
8971,-6329.0067,-6669.1438,340.13705,6.5765549,-1.8600793
8972,-6380.3077,-6595.7409,215.43322,4.2297579,-1.5742628
8973,-6312.041,-6612.2212,300.18014,5.8534671,0.15076598
8974,-6473.7199,-6788.752,315.03205,6.0993934,0.072204328
8975,-6477.4564,-6646.6983,169.24185,3.284316,0.14839418
8976,-6294.4694,-6602.2117,307.74226,6.0000861,0.23107885
8977,-6144.7069,-6356.7267,212.01979,4.1201938,0.069115918
8978,-6095.3247,-6332.158,236.83332,4.6656066,1.5454538
8979,-5877.0935,-6111.7472,234.65374,4.5819011,2.4138789
8980,-5729.6536,-5977.0742,247.4206,4.7921509,1.2316896
8981,-5624.628,-5783.5577,158.92965,3.0995129,1.271031
8982,-5366.7093,-5651.6145,284.90526,5.6269382,0.28347706
8983,-5305.6126,-5485.9021,180.28943,3.5529161,0.67921967
8984,-5069.6079,-5340.4107,270.80285,5.2817061,-0.12727972
8985,-4979.9321,-5206.2433,226.31114,4.3948482,0.67058064
8986,-4855.6181,-5102.9131,247.29497,4.7670579,-1.2491831
8987,-4729.0824,-4963.7915,234.70902,4.4618929,0.17354722
8988,-4737.8682,-5065.6051,327.73681,6.2830757,-1.5016674
8989,-4696.1609,-4873.6051,177.44411,3.5262896,-0.4183855
8990,-4741.8067,-5023.2417,281.435,5.5233129,0.65360864
8991,-4761.802,-4978.8562,217.05427,4.2435385,2.1590807
8992,-4819.768,-5043.8673,224.09925,4.3675243,0.50759973
8993,-4834.512,-5097.1501,262.63805,5.0376068,0.19657924
8994,-5119.4951,-5336.1643,216.66923,4.2047525,0.54685905
8995,-4981.245,-5198.9637,217.71869,4.2812543,1.0115142
8996,-5013.2576,-5243.7536,230.49596,4.5030697,0.37817182
8997,-5612.1057,-5878.9005,266.79475,5.0915724,-0.43382978
8998,-5238.7598,-5394.5024,155.74261,2.8427086,0.44707409
8999,-5259.9669,-5637.5608,377.59396,6.9379001,0.060819842
9000,-4086.3053,-4164.5498,78.244438,1.2326872,0.99989829
9001,-344.76686,-580.75197,235.98511,3.398756,1.228056
9002,6230.4442,6070.1927,160.25145,2.0552735,1.9488628
9003,8082.632,7604.575,478.05691,8.9817727,0.94160852
9004,10654.649,10240.809,413.84046,6.190614,1.638392
9005,13514.982,13013.03,501.95223,8.4081246,1.6623452
9006,15829.99,15412.878,417.11139,7.3083109,-0.45603073
9007,14144.429,13565.877,578.55241,9.6213177,-1.395563
9008,13276.049,12866.932,409.11685,7.4790571,0.27721145
9009,13966.996,13419.678,547.31872,9.9529033,-0.95958223
9010,14981.302,14566.926,414.37602,7.5710645,-0.068346772
9011,15563.487,15097.833,465.65464,8.4098632,0.83821185
9012,16619.399,16064.202,555.1966,9.8663257,1.4035546
9013,16955.582,16406.648,548.93414,9.9238733,-0.98894712
9014,16530.733,15992.316,538.41698,9.660166,-1.6337205
9015,15050.477,14459.551,590.92597,10.12671,-1.6947721
9016,13537.603,12954.894,582.709,10.43122,-0.71810001
9017,11857.597,11346.098,511.4989,8.9738372,1.8072046
9018,9835.6513,9237.5355,598.11574,10.181506,-0.5610058
9019,7196.6801,6712.5182,484.16191,8.2846666,0.47162464
9020,5189.4785,4753.0869,436.39161,8.0001127,0.14359795
9021,3439.6907,2964.8278,474.86293,8.3030293,-1.3070759
9022,675.69862,300.78989,374.90873,6.5702316,0.853084
9023,-1518.0245,-1872.9858,354.96132,6.3801242,0.85840831
9024,-3393.641,-3832.9226,439.28157,7.9902047,1.821936
9025,-5293.3933,-5476.6003,183.20702,3.3782093,2.313606
9026,-6445.8477,-6770.0474,324.19966,6.0262847,2.1338626
9027,-7659.2978,-7919.3175,260.01971,4.8584545,2.0621324
9028,-8473.0446,-8739.0837,266.03915,5.1421026,0.18551108
9029,-9123.2947,-9449.6556,326.36093,6.1309858,0.54435866
9030,-9460.3866,-9686.5466,226.16002,4.2534694,1.826336
9031,-9882.6099,-10155.374,272.76455,5.1199524,1.0847513
9032,-10385.622,-10661.409,275.78707,5.2167629,-0.82340668
9033,-10808.653,-11043.791,235.13821,4.5183757,-1.7780773
9034,-11039.912,-11299.084,259.17209,5.0208573,-0.80929404
9035,-11063.34,-11256.72,193.37995,3.7455436,1.4417744
9036,-10735.135,-10951.179,216.04321,4.0661311,-0.37865816
9037,-10362.193,-10557.169,194.97574,3.6518429,0.96068582
9038,-9861.2008,-10123.122,261.92085,4.9019948,0.6934818
9039,-9198.3274,-9385.5545,187.22709,3.5259521,-0.30084377
9040,-8470.116,-8689.8452,219.72921,4.192792,0.098508009
9041,-7574.8734,-7806.8878,232.01446,4.4023432,1.06431
9042,-6696.7984,-6914.5276,217.72922,4.133105,1.5920741
9043,-5635.0296,-5946.9447,311.91512,5.9066815,1.7953452
9044,-4655.5645,-4916.4739,260.90944,4.9500725,2.523694
9045,-3736.4892,-4015.722,279.23281,5.2744054,-0.41813749
9046,-2662.8039,-3036.9163,374.11233,7.0647524,0.52548893
9047,-1958.5262,-2246.4708,287.94454,5.5302394,0.015043966
9048,-1226.6793,-1581.4976,354.81834,6.8606494,1.0621613
9049,-748.81262,-1133.9021,385.08943,7.4341411,1.6565211
9050,-310.63353,-597.63665,287.00312,5.4473944,1.4101476
9051,-60.692702,-439.60821,378.91551,7.1610447,1.6672432
9052,82.707692,-239.82306,322.53076,6.0645221,1.4296311
9053,211.86903,-159.24171,371.11074,7.1374562,0.96853719
9054,279.4288,-101.00474,380.43354,7.3121326,0.30955822
9055,192.88363,-134.8752,327.75883,6.2648311,0.12751214
9056,122.39527,-243.76619,366.16146,6.9474262,-0.13694095
9057,-43.222091,-450.42654,407.20445,7.6454809,0.27914709
9058,-329.82091,-675.38705,345.56614,6.5918832,-0.15425044
9059,-521.59369,-929.06161,407.46792,7.7963749,-0.55000602
9060,38.576726,-329.60506,368.18178,6.8994307,-0.51061539
9061,-1071.5645,-1471.5956,400.03108,7.3840561,0.43855682
9062,280.8426,-56.113744,336.95635,6.1247197,0.26638927
9063,-399.80434,-870.0158,470.21146,8.6424663,-1.9305609
9064,-359.1069,-660.92891,301.82201,5.312503,-0.57525247
9065,-1792.4039,-2227.0585,434.65451,8.1686461,-0.63562271
9066,-344.36292,-667.90521,323.54229,5.8739173,0.90567052
9067,1391.1858,1108.9289,282.25689,5.2821766,0.86799237
9068,532.70217,64.707741,467.99443,8.4778427,-0.6093863
9069,-1003.6008,-1376.7583,373.1575,6.9286448,0.58596278
9070,-1145.8903,-1470.7867,324.89639,6.0246037,0.77255603
9071,-253.7783,-661.63665,407.85835,7.7078097,-0.048694636
9072,-111.99369,-428.891,316.89731,6.0638584,-1.114996
9073,110.78185,-294.42022,405.20208,7.7021986,-0.34130483
9074,-153.09507,-559.31754,406.22247,7.7239215,0.6846719
9075,-437.77515,-796.00632,358.23117,6.8582723,1.0157769
9076,-1000.1673,-1428.6256,428.45833,8.201314,0.55091837
9077,-819.9069,-1193.6556,373.7487,7.0436913,0.54405243
9078,-668.42761,-1107.6145,439.18692,8.4550583,0.75913589
9079,-1218.9034,-1560.3665,341.46316,6.5934621,0.96507541
9080,-1267.9826,-1671.1785,403.19587,7.635578,0.93063398
9081,-2072.3377,-2410.97,338.63231,6.5334601,-0.10131417
9082,-2256.9404,-2650.0853,393.14487,7.4568009,-0.9386383
9083,-2318.34,-2657.1627,338.82268,6.4178419,-0.045509581
9084,-3135.2174,-3527.684,392.46669,7.4968768,-0.84379775
9085,-3271.0438,-3608.5687,337.52493,6.431358,0.77158058
9086,-3633.0793,-3979.2227,346.14346,6.6630852,-0.12342935
9087,-4100.1404,-4429.4471,329.30664,6.1978167,0.5876913
9088,-4738.2722,-5166.3065,428.03429,8.1981624,0.54383374
9089,-5308.5412,-5579.8294,271.28816,5.1600317,-1.1284417
9090,-5452.2446,-5848.2654,396.02083,7.6062617,-1.2331414
9091,-5804.8884,-6110.0284,305.14007,5.8670445,-0.20649108
9092,-6072.5018,-6412.9415,340.43977,6.5361904,1.6561135
9093,-6416.6627,-6802.0979,385.43522,7.399086,1.3219354
9094,-6821.2134,-7114.7172,293.50381,5.7078248,0.15375837
9095,-6995.5156,-7331.1848,335.66925,6.434807,-0.25597188
9096,-7097.0067,-7426.4265,329.41983,6.2465256,-0.75437485
9097,-7125.2828,-7408.4297,283.14686,5.5201548,-0.99118511
9098,-7066.6099,-7371.7283,305.11842,5.8602089,-0.54143679
9099,-7208.4955,-7573.1311,364.63566,6.9894419,0.090842049
9100,-7225.1582,-7433.8073,208.64908,4.0050136,1.4492341
9101,-7035.3041,-7373.1438,337.83962,6.4924242,1.5058537
9102,-6891.6008,-7199.1406,307.53981,5.8947637,2.1303631
9103,-6811.3168,-7150.3065,338.98971,6.6616362,2.3260372
9104,-6660.3424,-6968.1137,307.77134,5.939649,1.0772647
9105,-6496.7448,-6855.8863,359.14148,6.828937,0.64727531
9106,-6384.0442,-6686.2306,302.18647,5.7877549,0.2765431
9107,-6207.9243,-6608.278,400.35378,7.6427249,-0.97814201
9108,-6125.5195,-6408.8973,283.37779,5.4459469,0.62558827
9109,-5959.5992,-6306.0727,346.47346,6.6453049,0.17169258
9110,-5862.8544,-6189.8009,326.94651,6.3195078,1.6478348
9111,-5763.2821,-6068.9795,305.69741,5.8935557,-0.5959952
9112,-5699.2568,-6013.5735,314.31665,6.0182496,-0.039638623
9113,-5655.7318,-6050.7804,395.04866,7.5835173,-0.87557608
9114,-5676.03,-5923.5893,247.55928,4.7772248,-0.53891365
9115,-5694.2075,-6042.793,348.58555,6.7674447,2.7817119
9116,-5695.9243,-6013.0679,317.14367,6.1199249,2.8453542
9117,-5786.7108,-6071.9115,285.20068,5.5790078,1.434786
9118,-5705.316,-6114.2749,408.95891,7.9431961,0.63447081
9119,-6064.0189,-6347.9305,283.91155,5.4859669,1.6887368
9120,-5856.6943,-6213.763,357.06875,6.8892535,0.13911432
9121,-5886.4852,-6261.0806,374.59536,7.2218408,-0.015306944
9122,-6524.617,-6902.0916,377.47466,7.1874758,-1.4236425
9123,-6099.3641,-6392.0126,292.64854,5.3821072,1.0841165
9124,-6204.8947,-6628.297,423.40232,7.8248256,0.72585115
9125,-4993.2623,-5184.2022,190.93988,2.9909464,1.1408181
9126,-1181.9424,-1452.0821,270.13974,3.8100437,0.92420119
9127,5850.9381,5807.5197,43.41832,0.523982,1.1328931
9128,8682.389,8524.2338,158.15515,2.900132,-0.17472463
9129,12133.087,12293.965,-160.87807,-2.3346625,0.15429533
9130,14709.75,14748.613,-38.863053,-0.71720046,-0.38415819
9131,15852.914,15956.12,-103.20645,-1.8648624,0.30126391
9132,13769.467,13709.447,60.020378,1.027913,-1.9118325
9133,13296.549,13315.033,-18.484063,-0.34336142,-1.6455667
9134,13783,13806.408,-23.407977,-0.44436251,-1.4393857
9135,14826.894,14831.722,-4.8280733,-0.091063479,-2.0389448
9136,15882.503,15966.13,-83.626978,-1.5264053,-0.72754508
9137,17176.843,17212.967,-36.124221,-0.68433687,0.23155034
9138,17295.703,17305.378,-9.6742141,-0.17944246,-1.3869635
9139,16568.098,16730.49,-162.3919,-3.0123399,-3.3401807
9140,15125.005,15072.556,52.449046,0.91076149,-2.8150288
9141,13317.049,13387.324,-70.274545,-1.2653129,0.86252535
9142,11401.543,11413.839,-12.295667,-0.21934094,0.832963
9143,9318.198,9167.4692,150.72883,2.6469717,1.0710769
9144,6564.2036,6547.9179,16.285699,0.28495648,-1.0467584
9145,4508.4276,4358.9763,149.45131,2.7491965,-0.62741266
9146,2577.9755,2377.7062,200.26938,3.4592111,-1.4013455
9147,-188.44024,-382.38231,193.94207,3.3779918,-1.274155
9148,-2307.9385,-2586.1864,278.24795,5.0543684,-0.14704041
9149,-4428.6485,-4719.8231,291.17454,5.2148424,-1.2952495
9150,-6346.3763,-6642.5529,296.17659,5.4353165,1.6608493
9151,-7598.5041,-7927.406,328.90186,6.0592142,0.61635033
9152,-8765.8036,-9174.0411,408.23752,7.5158426,-0.1098401
9153,-9450.8939,-9806.8626,355.96867,6.7883732,0.82111747
9154,-10080.543,-10414.408,333.86478,6.2567755,0.11768083
9155,-10343.41,-10720.253,376.8429,7.0156529,2.1023909
9156,-10937.512,-11231.242,293.73007,5.5444637,1.1693089
9157,-11386.799,-11783.28,396.48041,7.5087293,-0.15808982
9158,-11800.54,-12148.373,347.83318,6.4827973,-0.83859134
9159,-12105.518,-12452.904,347.38568,6.4993334,-1.887066
9160,-12006.652,-12387.185,380.53237,7.1368834,0.69858151
9161,-11652.292,-11975.482,323.18992,6.033147,-0.3060604
9162,-11172.91,-11530.212,357.30124,6.6047481,-0.010530226
9163,-10618.799,-11012.449,393.64945,7.4526949,0.37760927
9164,-9949.7657,-10190.964,241.19798,4.5643827,-0.87447439
9165,-9075.2252,-9453.2954,378.07017,7.0539229,0.47339656
9166,-8219.0643,-8458.3128,239.2485,4.4400053,0.75418853
9167,-7231.0154,-7544.1137,313.09836,5.9013503,0.31423834
9168,-6156.5223,-6434.7804,278.25812,5.3361483,1.06562
9169,-5157.2639,-5362.9573,205.69344,3.9480413,0.37638654
9170,-4161.4391,-4388.6003,227.16126,4.3355433,0.33313222
9171,-3146.2249,-3340.9415,194.7167,3.6649486,-0.7516225
9172,-2309.0493,-2493.0679,184.01862,3.5076337,-1.2306362
9173,-1606.6903,-1744.1769,137.4866,2.6276962,-1.4451561
9174,-1106.3037,-1283.1343,176.83053,3.3879471,0.58801746
9175,-687.81696,-766.88784,79.070873,1.5241587,1.7256529
9176,-446.157,-610.37599,164.21899,3.15778,2.2247057
9177,-239.9432,-411.90521,171.96202,3.2960037,1.8252769
9178,-154.00394,-317.37125,163.3673,3.1987652,1.1857456
9179,-76.446548,-248.61927,172.17272,3.3445362,-0.58828863
9180,-159.55819,-333.04265,173.48447,3.3575274,-0.92830014
9181,-268.62327,-390.8752,122.25192,2.3594202,-0.25839384
9182,-417.17396,-681.04897,263.87501,5.0880503,-1.1896513
9183,-782.03708,-855.25434,73.217264,1.4272265,-0.38820692
9184,-938.16174,-1137.7441,199.58234,3.86478,-1.3385631
9185,-421.61736,-550.21801,128.60065,2.4224364,-0.36999669
9186,-1567.4067,-1705.2512,137.84448,2.5868148,-1.6079288
9187,-154.40789,-291.08373,136.67584,2.552675,-0.24891677
9188,-857.9787,-1055.3428,197.36411,3.6938575,-0.91611606
9189,-777.4927,-866.6793,89.186603,1.5830126,-1.136504
9190,-2228.3613,-2424.7204,196.35904,3.7327961,0.50515095
9191,-755.17475,-834.02212,78.847363,1.4356842,1.6890141
9192,1060.658,926.83728,133.82071,2.5029035,1.7334212
9193,138.14911,-85.636651,223.78576,4.0989494,0.34304545
9194,-1355.6387,-1534.5845,178.94586,3.4463238,0.40804022
9195,-1491.2631,-1613.7504,122.48728,2.3536975,-0.13314474
9196,-599.65602,-805.91469,206.25868,3.9930421,-0.27814006
9197,-442.21854,-609.97156,167.75302,3.228808,-2.1491333
9198,-295.18264,-399.46919,104.28655,2.0095903,-0.5492526
9199,-493.51953,-723.71564,230.19611,4.4636416,0.46517071
9200,-874.64142,-938.26224,63.620823,1.2121547,1.7084036
9201,-1428.4497,-1592.5182,164.06846,3.1694732,1.4700444
9202,-1215.4698,-1354.6161,139.14629,2.6791135,1.5934814
9203,-1114.0797,-1245.2196,131.1399,2.5161451,1.5112804
9204,-1634.7645,-1763.6904,128.92587,2.485706,1.7006867
9205,-1711.514,-1880.5687,169.05472,3.2229393,0.64153511
9206,-2502.1349,-2646.6477,144.5128,2.8398129,-0.26947203
9207,-2664.4197,-2885.5608,221.1411,4.3225736,-0.86205182
9208,-2803.2757,-2928.1264,124.85064,2.4012902,-0.56893738
9209,-3580.7684,-3820.0821,239.31371,4.7012449,-0.33496728
9210,-3759.716,-3912.3918,152.67581,2.9821859,0.63976101
9211,-4138.0103,-4341.9905,203.98026,3.9970892,-0.24905512
9212,-4610.7266,-4823.2543,212.52772,4.1179658,-0.18806556
9213,-5312.6817,-5545.4534,232.77174,4.5172024,-0.50517681
9214,-5870.9333,-6028.8404,157.90711,3.0822642,-0.12219138
9215,-6077.1471,-6300.8152,223.66803,4.3493186,0.27581594
9216,-6439.9905,-6620.0063,180.01579,3.4372573,0.68417105
9217,-6699.929,-6900.0695,200.14052,3.854511,0.42819264
9218,-7041.4643,-7325.4218,283.9575,5.476532,0.55085868
9219,-7451.8722,-7603.0585,151.18626,2.9463964,0.24083195
9220,-7615.3688,-7847.3302,231.96134,4.4737493,-0.25920058
9221,-7686.7661,-7947.2227,260.45667,4.954258,-0.13133971
9222,-7668.6895,-7893.94,225.25042,4.3682014,-0.70033147
9223,-7649.4012,-7866.7425,217.34131,4.2147577,-0.47827894
9224,-7732.2099,-8033.8705,301.6606,5.8256637,-1.5260032
9225,-7764.7274,-7901.1185,136.39107,2.6528902,2.1123306
9226,-7561.4422,-7848.6445,287.20234,5.5319232,1.5754198
9227,-7407.6402,-7630.0537,222.41348,4.2244312,1.4648375
9228,-7361.2876,-7561.7062,200.41859,3.9172617,0.99684356
9229,-7159.0122,-7390.8373,231.82505,4.5321286,-0.33967941
9230,-7042.5751,-7240.3918,197.81664,3.7739092,0.70755406
9231,-6928.4607,-7090.9573,162.4966,3.1295028,0.82731214
9232,-6693.3649,-6953.8578,260.49293,5.09186,0.33828091
9233,-6643.2757,-6790.9763,147.70056,2.8669948,-0.014024437
9234,-6457.5621,-6640.0253,182.46315,3.5309564,-0.62249157
9235,-6330.4205,-6548.1201,217.69955,4.2427469,0.77009643
9236,-6248.2178,-6408.4929,160.27514,3.0964134,1.443729
9237,-6108.5538,-6334.6856,226.13178,4.3369767,0.65201069
9238,-6143.2931,-6365.2196,221.92649,4.3316644,-0.35804581
9239,-6088.1546,-6230.6477,142.49307,2.7903747,-1.477646
9240,-6120.0663,-6352.278,232.21177,4.5407958,0.71323477
9241,-6160.8647,-6344.4929,183.6282,3.582848,-0.22887711
9242,-6210.045,-6406.4708,196.4258,3.8086362,-0.047652111
9243,-6213.9834,-6439.5324,225.54895,4.3952298,-0.3568864
9244,-6544.0063,-6707.6651,163.65878,3.2353007,-0.1786964
9245,-6384.2462,-6559.9494,175.70329,3.4666333,0.67564807
9246,-6423.5298,-6640.5308,217.00102,4.1723558,-0.24838232
9247,-7036.7179,-7249.5924,212.87447,4.0186821,-0.93141129
9248,-6640.7511,-6748.1074,107.35634,1.9553407,-0.41220033
9249,-6728.3061,-6976.5055,248.19941,4.5829839,0.34041737
9250,-5466.7866,-5533.5229,66.736319,1.0508744,0.54104659
9251,-1747.0611,-1914.0348,166.97361,2.4293922,1.500288
9252,4834.714,4670.2812,164.4328,2.1135292,2.2826634
9253,6497.5527,6140.0569,357.49579,6.7299259,1.2039064
9254,9105.6221,8731.5008,374.1213,5.6302602,0.9298739
9255,11766.911,11446.193,320.71851,5.492567,-0.36080547
9256,13928.925,13762.831,166.09369,3.005645,-0.71380742
9257,12146.215,11886.509,259.7067,4.3962582,-1.5977471
9258,11391.344,11234.679,156.66428,2.9425309,0.05673335
9259,12057.045,11831.709,225.33526,4.139473,-1.4719821
9260,13065.594,12895.343,170.25088,3.152419,0.55229288
9261,13644.346,13455.975,188.37084,3.4129999,-0.28299758
9262,14702.075,14396.765,305.31034,5.6202779,-0.10247278
9263,14973.93,14751.343,222.58697,4.1704229,-2.2469317
9264,14472.432,14325.586,146.84625,2.7543353,-2.5593333
9265,13019.443,12760.67,258.77317,4.5609047,-1.5526544
9266,11476.071,11299.488,176.58285,3.1835367,0.11239766
9267,9853.6268,9656.316,197.31087,3.4805707,0.78446132
9268,7853.2923,7663.1153,190.17698,3.352787,-0.83844547
9269,5351.2584,5136.278,214.98034,3.8205189,-1.7960603
9270,3379.6039,3224.9731,154.6308,2.9114355,-0.34135381
9271,1700.3045,1419.9305,280.37405,4.932544,-1.5043547
9272,-1012.3866,-1205.3839,192.9973,3.4272992,-0.1583956
9273,-3131.5819,-3289.9842,158.40235,2.8469757,-0.71655651
9274,-4984.2746,-5241.2259,256.95135,4.6717427,-0.055159808
9275,-6834.6446,-6884.297,49.652422,0.9077539,1.9354958
9276,-7904.1893,-8106.1611,201.97179,3.772704,1.001421
9277,-9111.3783,-9304.0632,192.68489,3.6064335,1.3086548
9278,-9882.6099,-10032.329,149.71873,2.8611848,0.37337733
9279,-10531.547,-10767.166,235.61874,4.4689735,1.8917982
9280,-10816.833,-10992.935,176.10209,3.3032614,1.4537739
9281,-11248.448,-11460.651,212.20274,4.0314346,-0.010789366
9282,-11703.896,-11978.313,274.41694,5.1888803,-0.92182561
9283,-12144.701,-12301.346,156.64538,2.9668766,-1.9370758
9284,-12323.85,-12573.422,249.5717,4.7667013,-0.83383779
9285,-12340.513,-12525.801,185.28813,3.5201132,-0.18008011
9286,-11981.709,-12252.209,270.49966,5.0842593,-1.4209365
9287,-11623.006,-11809.365,186.35901,3.5137362,-0.82450749
9288,-11096.767,-11381.182,284.41481,5.4307759,-1.3116648
9289,-10476.712,-10649.984,173.27257,3.3767187,-0.48694254
9290,-9769.3034,-9991.1785,221.87516,4.2714089,-0.09564955
9291,-8880.1199,-9089.921,209.80109,4.0063819,2.0369472
9292,-8033.1487,-8236.891,203.74228,3.840806,0.90677922
9293,-6998.0402,-7209.6556,211.61537,4.0537905,0.93924087
9294,-6059.0706,-6249.1501,190.07947,3.6839964,1.1009815
9295,-5166.6556,-5333.2322,166.57661,3.2370654,-0.61261035
9296,-4099.9385,-4395.0711,295.13263,5.6889013,0.66855863
9297,-3426.1586,-3622.9258,196.76717,3.7958469,-0.89081291
9298,-2716.1247,-2916.0948,199.97013,3.8376792,-0.012187968
9299,-2218.5657,-2534.7235,316.15786,6.0605439,-0.96636282
9300,-1866.8308,-1975.7093,108.87855,2.0881134,0.43485938
9301,-1532.1625,-1883.2986,351.13605,6.7739633,0.22356891
9302,-1467.2284,-1630.2306,163.00225,3.1403745,-0.93263138
9303,-1325.3428,-1559.6588,234.31597,4.5838006,-0.40413943
9304,-1276.7684,-1504.6572,227.88875,4.450206,0.90683362
9305,-1399.5677,-1566.0284,166.46078,3.1551023,0.56350438
9306,-1447.4351,-1641.2512,193.81608,3.6995714,0.1403087
9307,-1648.1957,-1900.2844,252.0887,4.7608443,-0.93426994
9308,-1909.7499,-2049.0111,139.26116,2.7072664,0.13066968
9309,-2132.0205,-2360.4171,228.39655,4.4135753,0.38129453
9310,-1568.2146,-1733.6619,165.44733,3.1099505,-0.10685325
9311,-2654.6241,-2891.8294,237.20532,4.3496489,-0.045274587
9312,-1296.8647,-1478.9763,182.11161,3.3506577,-1.3141462
9313,-1959.0312,-2246.673,287.64182,5.3673681,-2.4914127
9314,-1918.6367,-2097.643,179.00628,3.2076217,-1.2118739
9315,-3346.7834,-3614.1295,267.34611,5.095275,-0.26562662
9316,-1852.0868,-2069.5355,217.44876,4.0062335,0.26854212
9317,-145.92505,-285.21959,139.29454,2.6064634,1.63888
9318,-1014.4063,-1343.09,328.68374,5.9927202,0.37322916
9319,-2581.712,-2781.624,199.91198,3.7931085,0.16042293
9320,-2702.1886,-2871.0016,168.81302,3.2126351,-1.0091003
9321,-1806.744,-2063.7725,257.02853,4.9928874,-0.38535638
9322,-1690.1049,-1839.5197,149.41482,2.9137563,-1.3633033
9323,-1470.157,-1648.2275,178.07049,3.433494,-0.8311764
9324,-1732.6201,-1998.6603,266.04023,5.1312852,-0.28085652
9325,-2042.9507,-2189.1438,146.19307,2.7898326,0.7756728
9326,-2573.1282,-2853.3081,280.17985,5.3659981,-0.36169289
9327,-2388.1215,-2575.0648,186.94327,3.5979999,0.39281563
9328,-2217.9598,-2482.2496,264.28984,5.1837748,-0.5502936
9329,-2761.4675,-2972.7141,211.2466,4.135472,0.57141281
9330,-2806.6083,-3069.5735,262.96518,5.0142701,0.1940927
9331,-3607.4288,-3821.2954,213.86662,4.1862898,-1.2103297
9332,-3762.8465,-3990.6477,227.80116,4.3989116,-2.0559679
9333,-3857.4706,-4033.7188,176.24819,3.4239358,-0.67434358
9334,-4655.2615,-4857.8325,202.571,3.9442136,-1.1300965
9335,-4801.5905,-4989.6746,188.08403,3.6618686,0.17650583
9336,-5134.542,-5341.1185,206.57647,3.9600835,0.55866652
9337,-5591.8075,-5803.3744,211.56691,3.9865139,-0.47822667
9338,-6256.3976,-6501.9147,245.51706,4.7238499,-0.59792678
9339,-6791.5235,-6928.6825,137.15899,2.6455012,-0.73059049
9340,-6954.9191,-7195.703,240.78387,4.6920511,0.10430382
9341,-7249.6978,-7461.7125,212.01465,4.060413,-0.012845396
9342,-7545.5874,-7703.3555,157.76807,2.9959392,-0.15801579
9343,-7837.2355,-8148.1201,310.88456,5.9395665,-0.52486598
9344,-8220.5791,-8407.3555,186.77636,3.6151475,0.95061854
9345,-8420.1278,-8665.4787,245.35086,4.7221846,-1.1484175
9346,-8466.0765,-8744.5434,278.46692,5.3925748,-0.61985902
9347,-8511.7223,-8702.9889,191.26665,3.7650898,-1.1243091
9348,-8470.4189,-8678.7235,208.3046,4.0957997,-0.34784758
9349,-8591.9053,-8848.0758,256.1705,4.9926665,0.75541045
9350,-8658.6572,-8783.3681,124.71089,2.419808,0.22556227
9351,-8409.6252,-8688.733,279.10777,5.3673097,1.3999872
9352,-8307.3262,-8497.7441,190.41784,3.6527327,0.91586339
9353,-8246.6335,-8453.1564,206.52287,4.0284213,0.95194433
9354,-8051.7302,-8271.8736,220.14344,4.3307486,-0.12866799
9355,-7952.3598,-8172.6888,220.32902,4.1999159,1.2016633
9356,-7788.3582,-7998.079,209.7208,4.0350236,0.56099692
9357,-7639.2016,-7891.0079,251.80632,4.8394305,-0.90684362
9358,-7520.5428,-7724.5877,204.04488,3.9831964,-1.967508
9359,-7373.002,-7572.4234,199.42141,3.868927,-0.80270336
9360,-7263.8359,-7531.6777,267.84183,5.192977,-0.2601881
9361,-7178.6036,-7368.8973,190.29376,3.641542,0.75727871
9362,-7097.8146,-7293.8768,196.06218,3.7105794,-0.039368897
9363,-7098.5215,-7379.9179,281.39635,5.3678087,-2.0951505
9364,-7088.9278,-7206.8246,117.89683,2.3002181,-1.2687872
9365,-7151.3373,-7399.2291,247.89179,4.8176366,1.1687396
9366,-7122.2533,-7318.951,196.69777,3.8067655,2.3044623
9367,-7221.5227,-7395.6904,174.16768,3.3814884,0.69467151
9368,-7170.5247,-7416.1137,245.58909,4.7336443,0.46105804
9369,-7494.3874,-7664.733,170.34564,3.2910798,0.38287893
9370,-7334.8292,-7547.0458,212.21662,4.1380543,0.029875445
9371,-7303.1195,-7576.5687,273.44919,5.334482,-0.93327639
9372,-8003.2568,-8208.4803,205.22345,3.9200144,-1.6257655
9373,-7493.3775,-7695.5703,202.19279,3.699171,-0.32751661
9374,-7637.6868,-7915.981,278.29426,5.1775755,-0.35680009
9375,-6394.5467,-6525.4724,130.92561,2.0650296,0.029444788
9376,-2555.4556,-2714.9953,159.53964,2.2669798,0.32592122
9377,4475.1022,4455.9368,19.165361,0.23037339,1.3150569
9378,7292.314,7133.0174,159.29663,2.9202579,0.35366844
9379,11008.505,11121.643,-113.13804,-1.5988479,0.74737328
9380,14130.089,14089.605,40.484097,0.71337974,1.110045
9381,16086.596,15976.442,110.15332,1.981757,-1.4848598
9382,13934.176,13716.423,217.75256,3.6440584,-0.25360378
9383,13106.493,13119.697,-13.203586,-0.24802587,-0.63561766
9384,13709.987,13598.433,111.55373,2.091002,-0.40885743
9385,14791.044,14657.719,133.32499,2.4991243,-0.50200272
9386,15701.939,15641.984,59.955048,1.0786077,-1.0933442
9387,16937.303,16902.269,35.034791,0.64169102,0.60003498
9388,17439.508,17264.632,174.87578,3.1999384,-2.2236856
9389,16768.454,16751.924,16.530267,0.30466083,-2.7340449
9390,15248.915,15016.341,232.57396,4.1226284,-2.3253536
9391,13507.913,13407.949,99.963768,1.8148647,0.7101454
9392,11539.389,11392,147.38935,2.6056412,0.70819491
9393,9327.6907,9086.1801,241.51063,4.1236688,0.68479833
9394,6391.6181,6280.0885,111.52968,1.9132367,0.35931424
9395,4198.8039,4024.5182,174.28578,3.1577727,0.24517626
9396,2207.3562,1950.9384,256.41782,4.3958434,-0.61138876
9397,-803.8501,-977.18799,173.3379,3.0251749,-0.8955207
9398,-3085.6331,-3272.9984,187.36528,3.356319,-0.45601319
9399,-5269.4596,-5529.5798,260.12021,4.6728172,0.55645794
9400,-7312.2083,-7508.2212,196.01289,3.5684182,2.8760566
9401,-8673.5022,-8959.1912,285.68898,5.2980318,0.73717916
9402,-10056.912,-10308.246,251.33441,4.6886587,0.2432513
9403,-10755.333,-11030.951,275.61848,5.2414379,0.28867586
9404,-11540.803,-11739.804,199.00095,3.7533145,1.598839
9405,-11741.867,-12056.468,314.60095,5.8753873,1.938582
9406,-12324.557,-12520.341,195.78423,3.7037607,1.8864531
9407,-12846.353,-13130.313,283.96013,5.3322356,-1.1801293
9408,-13296.852,-13491.564,194.71191,3.632298,0.12422316
9409,-13617.483,-13848.67,231.18659,4.3549787,-0.34338048
9410,-13565.374,-13812.07,246.69515,4.7021027,1.1573482
9411,-13211.822,-13432.619,220.79758,4.1377666,-1.1364523
9412,-12762.938,-12950.749,187.81075,3.5160808,-0.20609233
9413,-12154.092,-12433.087,278.99458,5.2749481,0.64415136
9414,-11479.807,-11590.066,110.25886,2.0806303,0.76559904
9415,-10548.816,-10818.831,270.01518,5.1333865,1.3950581
9416,-9618.531,-9789.9779,171.44692,3.2135613,0.56439341
9417,-8618.5657,-8779.5261,160.96039,3.0281359,0.97538811
9418,-7405.4185,-7657.5545,252.13596,4.797546,0.3035184
9419,-6397.3744,-6517.5861,120.21174,2.3039446,1.3890743
9420,-5286.9302,-5512.2907,225.3605,4.3108287,-1.5454961
9421,-4197.6931,-4381.7251,184.03202,3.490459,-0.74926036
9422,-3342.2391,-3516.6635,174.42445,3.4061052,-1.022511
9423,-2538.288,-2657.466,119.17807,2.3196677,-1.3990413
9424,-2008.4134,-2204.613,196.19954,3.7666104,-0.95764239
9425,-1525.6994,-1597.3712,71.67184,1.3768712,-0.32789408
9426,-1228.901,-1437.8262,208.92524,3.9842134,1.8430005
9427,-1052.983,-1170.3002,117.31712,2.2476158,1.6038755
9428,-913.21815,-1088.7077,175.48959,3.4146157,0.35557466
9429,-859.08955,-1006.7109,147.62135,2.8694097,0.85871654
9430,-877.77199,-1071.8231,194.05107,3.6874045,0.77611871
9431,-990.97751,-1143.9115,152.93402,2.8788299,0.11063099
9432,-1156.0899,-1360.8847,204.79474,3.8499211,-1.2225809
9433,-1434.0039,-1580.0821,146.0782,2.8274457,-0.93391686
9434,-1695.5582,-1879.861,184.30279,3.5873848,-0.58043842
9435,-1102.8702,-1299.5134,196.64321,3.7086117,0.18429263
9436,-2280.9751,-2430.6856,149.71048,2.7604218,0.19244203
9437,-876.05523,-1026.2243,150.1691,2.7619768,-0.03697567
9438,-1570.1333,-1812.2212,242.08784,4.4587293,-0.99896378
9439,-1571.3452,-1655.0016,83.656412,1.4657709,-0.82817967
9440,-2942.1318,-3186.7551,244.62338,4.6340316,0.44481626
9441,-1494.1917,-1586.4518,92.260101,1.6766594,-0.16596102
9442,280.94359,203.12164,77.821947,1.4630993,1.3823326
9443,-610.46154,-880.02528,269.56374,4.9756838,0.95951307
9444,-2154.8434,-2271.9494,117.10605,2.2139428,1.4040142
9445,-2197.7625,-2371.5387,173.77618,3.25966,-1.0057292
9446,-1338.673,-1543.684,205.01107,3.9184043,-0.11559005
9447,-1167.1984,-1309.8262,142.6278,2.751708,-2.6910505
9448,-975.0217,-1146.3381,171.31638,3.3338169,0.2903944
9449,-1217.4895,-1442.2749,224.78534,4.3505842,1.1084392
9450,-1541.7562,-1707.3744,165.61819,3.1852667,1.7609295
9451,-2110.7124,-2286.4076,175.69516,3.3701148,1.1211989
9452,-1914.1933,-2070.1422,155.94889,2.9886996,0.76276972
9453,-1777.054,-1955.4882,178.43411,3.4443659,0.70687904
9454,-2375.4982,-2499.5387,124.04048,2.4186736,0.39187874
9455,-2397.2103,-2621.9779,224.76763,4.2660053,0.65362532
9456,-3237.2134,-3372.3855,135.17205,2.5757711,-1.0316447
9457,-3419.0895,-3607.1532,188.06369,3.5684064,-0.75138989
9458,-3524.0142,-3677.624,153.60981,2.9304426,-0.026461977
9459,-4377.1456,-4547.1343,169.98872,3.2371871,0.62238086
9460,-4498.228,-4726.5972,228.36915,4.3962625,-0.42902935
9461,-4946.2028,-5086.1295,139.92678,2.7079207,-0.5733707
9462,-5416.3945,-5617.1374,200.74296,3.8392117,-0.92107509
9463,-6114.613,-6358.2433,243.63027,4.7206212,-0.30358556
9464,-6720.5302,-6851.3365,130.80632,2.512307,-1.3210597
9465,-6919.473,-7193.8831,274.41012,5.292281,0.32198409
9466,-7304.0284,-7464.6445,160.61615,3.0804935,0.59622706
9467,-7622.5389,-7807.3934,184.85451,3.5634191,0.53011424
9468,-7966.2959,-8202.7172,236.42136,4.5708632,1.3746123
9469,-8439.4162,-8575.1912,135.77498,2.6261815,0.45174294
9470,-8569.4864,-8780.1327,210.64631,4.0201029,-0.21281083
9471,-8691.7807,-8897.3144,205.53371,3.8606378,-0.81080002
9472,-8710.5641,-8855.7599,145.19577,2.8116144,-0.55179813
9473,-8641.0856,-8828.5624,187.4768,3.6610147,-0.50145201
9474,-8796.3014,-9025.0111,228.70968,4.4111016,1.5349093
9475,-8743.4856,-8909.346,165.86037,3.2070732,1.84381
9476,-8590.6935,-8797.0174,206.32389,3.937607,2.0810781
9477,-8381.5511,-8612.7014,231.15034,4.3840851,1.1420639
9478,-8330.3511,-8512.2022,181.85113,3.5954072,0.36664422
9479,-8140.8,-8347.5008,206.70079,4.1053289,-1.5187992
9480,-7962.1554,-8182.1927,220.03731,4.272835,1.1897904
9481,-7861.9771,-7978.06,116.08291,2.2492388,0.95785929
9482,-7637.1819,-7880.6951,243.51325,4.7017377,0.11323254
9483,-7548.112,-7663.2164,115.1044,2.2383067,-0.2699249
9484,-7398.9554,-7571.2101,172.25469,3.3207584,-0.48493988
9485,-7202.0323,-7441.7946,239.76228,4.6818389,0.40848771
9486,-7169.1108,-7275.5766,106.46577,2.0547859,-0.52628958
9487,-7028.841,-7195.1975,166.35645,3.172736,0.23762271
9488,-6991.1732,-7215.8231,224.64989,4.3291648,-0.99508876
9489,-7006.0181,-7096.9226,90.904445,1.7475372,-1.4940518
9490,-6944.6185,-7222.3949,277.7764,5.380773,-0.10452496
9491,-7052.1688,-7149.9021,97.733217,1.9045811,1.6274129
9492,-7024.3976,-7253.7378,229.34012,4.4717247,0.8121702
9493,-7051.159,-7236.5498,185.39079,3.6707368,-0.6578727
9494,-7364.4181,-7570.8057,206.38754,4.0534349,0.00089752518
9495,-7187.5913,-7378.9068,191.31547,3.7229116,-0.22485783
9496,-7260.8063,-7451.1975,190.39116,3.675835,-1.2634796
9497,-7882.0734,-8088.1643,206.09092,3.8974802,-1.1075747
9498,-7466.4142,-7568.7836,102.36937,1.8784931,-1.522859
9499,-7610.1176,-7848.7457,238.6281,4.3692401,0.024336647
9500,-6262.1538,-6328.8215,66.667639,1.0402773,-0.85655644
9501,-2483.0485,-2606.1043,123.05574,1.7611833,1.7708333
9502,4159.3183,4080.1264,79.191961,1.0188243,1.5712741
9503,5651.9953,5564.8657,87.129547,1.6511508,0.64108021
9504,8092.2256,8114.2496,-22.023964,-0.33761767,1.0960617
9505,10943.47,10879.393,64.076458,1.1115057,0.39998122
9506,13201.723,13294.104,-92.381188,-1.6558186,-1.0486599
9507,11369.935,11307.071,62.863427,1.0623885,-2.3301653
9508,10522.761,10692.55,-169.78842,-3.2128618,-1.4914775
9509,11312.776,11246.812,65.964325,1.225562,-1.3223059
9510,12387.37,12430.256,-42.88551,-0.80455999,-0.71995193
9511,12836.355,12951.76,-115.40484,-2.103081,-1.8431082
9512,13894.69,13914.894,-20.20382,-0.37531094,0.33783943
9513,14229.258,14269.472,-40.21476,-0.74447202,-1.4372278
9514,13666.865,13796.701,-129.83594,-2.4043936,-2.2703075
9515,12221.248,12199.128,22.120164,0.38168313,-0.73071888
9516,10619.405,10751.697,-132.29155,-2.3623841,0.66118784
9517,9049.1708,9074.9573,-25.786537,-0.45723534,0.98732524
9518,7052.8757,7029.0806,23.795171,0.41360512,0.17610961
9519,4427.7396,4468.575,-40.835395,-0.71812426,-1.0716294
9520,2618.673,2517.2322,101.44075,1.8437654,0.33584455
9521,799.50769,719.67141,79.836286,1.382072,-1.5642125
9522,-1838.2517,-1969.9463,131.69461,2.2985785,-1.9743808
9523,-3998.3464,-4090.9447,92.598357,1.691489,-0.53992268
9524,-5853.3617,-6091.3239,237.96212,4.4154179,-0.98278924
9525,-7626.2753,-7720.8468,94.571416,1.7339447,2.4860209
9526,-8788.8284,-8975.5703,186.7419,3.4509564,0.20526502
9527,-9959.5613,-10166.395,206.8336,3.852871,1.0328777
9528,-10782.7,-10937.125,154.425,2.928325,0.97255566
9529,-11486.17,-11679.949,193.77982,3.6693777,0.91827247
9530,-11676.125,-11929.883,253.75844,4.7422137,1.6661251
9531,-12251.039,-12369.997,118.95779,2.2195767,0.55084498
9532,-12625.092,-12921.125,296.03289,5.5528409,0.29614732
9533,-13123.762,-13254.167,130.40572,2.4616076,0.35706706
9534,-13300.892,-13547.779,246.88731,4.7104541,-0.10189714
9535,-13226.465,-13501.573,275.10877,5.239406,0.29681161
9536,-12996.519,-13166.711,170.19177,3.1747845,-0.465182
9537,-12493.305,-12757.131,263.82619,4.9031692,0.4311645
9538,-12076.03,-12305.896,229.86575,4.3352299,0.1120587
9539,-11386.698,-11595.627,208.92895,4.0293725,-0.96475855
9540,-10633.442,-10864.126,230.68417,4.4267981,-0.26534142
9541,-9816.9688,-9973.0806,156.11173,2.9226788,0.53342463
9542,-8883.0485,-9064.4423,181.39382,3.4347726,0.076774133
9543,-7934.5862,-8071.9874,137.40117,2.6158453,0.49224692
9544,-6936.2367,-7069.2196,132.9829,2.5890139,0.8451712
9545,-6027.5629,-6142.079,114.51607,2.1975076,-1.5130858
9546,-5055.8738,-5157.0047,101.13097,1.9320535,-1.106082
9547,-4267.3736,-4400.1264,132.75281,2.5666362,-2.2243057
9548,-3647.5203,-3683.8926,36.372259,0.70630794,-0.50092592
9549,-3104.7195,-3307.1722,202.45267,3.8953589,1.2385973
9550,-2709.5606,-2727.3302,17.769622,0.34425283,1.0334465
9551,-2456.7921,-2589.8262,133.03411,2.5647518,0.14280868
9552,-2245.832,-2374.5719,128.73993,2.480721,0.40593727
9553,-2218.7677,-2279.6335,60.865838,1.1933556,0.86196348
9554,-2097.1803,-2260.7267,163.54642,3.2166674,-0.35375
9555,-2217.8588,-2285.5987,67.739959,1.3101966,0.094612581
9556,-2311.675,-2357.9905,46.315571,0.89649808,0.51761859
9557,-2460.0237,-2622.6856,162.66196,3.0890788,0.018801996
9558,-2815.1921,-2808.8215,-6.3706255,-0.12448699,0.23919219
9559,-2962.8339,-3095.4566,132.62263,2.5654925,0.1137122
9560,-2426.3953,-2507.1216,80.726377,1.5212323,-0.26652715
9561,-3571.2757,-3609.0742,37.79851,0.69473754,-0.59328323
9562,-2137.0698,-2243.9431,106.87331,1.9605551,-0.9459738
9563,-2909.7152,-2993.5419,83.826677,1.5810172,-1.0267033
9564,-2787.017,-2887.8863,100.86929,1.7874877,-1.4290884
9565,-4251.6197,-4382.1295,130.50982,2.4618712,0.61155093
9566,-2712.1862,-2763.2227,51.036556,0.94515217,0.35663867
9567,-971.48718,-1050.4897,79.002552,1.4877863,-0.333526
9568,-1944.1862,-2107.5513,163.36515,3.0019649,-0.89868562
9569,-3428.5822,-3586.0221,157.43987,3.0419721,-0.68152065
9570,-3547.241,-3581.0679,33.826905,0.6460526,-0.23094332
9571,-2680.7795,-2828.7393,147.95985,2.890828,-1.3729622
9572,-2528.8963,-2577.3902,48.493953,0.93116041,-1.6057369
9573,-2403.2694,-2442.9194,39.650003,0.75557083,-1.0672492
9574,-2572.5223,-2740.0695,167.54722,3.2305244,1.1701721
9575,-2960.1073,-2969.6809,9.5735868,0.18406625,1.5640842
9576,-3467.6639,-3581.6746,114.01066,2.1794893,1.2941181
9577,-3271.8517,-3355.8041,83.952431,1.6192245,0.80780717
9578,-3163.6955,-3217.7946,54.099165,1.048797,0.43927723
9579,-3610.1554,-3764.7773,154.62183,3.0120248,0.52051147
9580,-3722.5531,-3802.6919,80.138886,1.5431202,0.82787911
9581,-4463.1858,-4582.9258,119.73995,2.357385,-1.3350199
9582,-4605.6773,-4760.3665,154.68919,3.0236156,-0.5951584
9583,-4742.4126,-4789.485,47.072369,0.91717205,-0.25477533
9584,-5484.7621,-5666.6793,181.91717,3.561502,-0.08784146
9585,-5665.4264,-5744.9352,79.508799,1.5649617,0.15943286
9586,-5995.7523,-6111.7472,115.99497,2.243221,-1.8258517
9587,-6471.4982,-6578.1485,106.65027,2.0426426,0.55492975
9588,-7179.7144,-7316.7267,137.0123,2.6393496,-0.96510985
9589,-7647.9874,-7747.842,99.854645,1.9315292,-0.63094044
9590,-7874.7014,-8011.7283,137.0269,2.6509024,-0.15852779
9591,-8179.8817,-8266.7172,86.835563,1.6487026,0.20241636
9592,-8451.7365,-8571.7536,120.01707,2.2919207,0.35164335
9593,-8795.5945,-8948.575,152.98056,2.916037,0.45775838
9594,-9122.7897,-9294.2559,171.46618,3.3613656,1.0135414
9595,-9362.531,-9470.7867,108.25576,2.0837319,0.2545124
9596,-9355.6639,-9594.0348,238.37085,4.5684586,-0.7374002
9597,-9425.5464,-9537.7188,112.17245,2.1903909,-0.20741632
9598,-9355.9669,-9517.3965,161.42966,3.1520515,-1.1460385
9599,-9489.4706,-9731.5387,242.06809,4.6703196,-0.77335986
9600,-9537.2371,-9576.8468,39.609681,0.74996882,0.11898705
9601,-9321.0256,-9527.6082,206.58257,3.9503947,0.14350586
9602,-9213.4753,-9325.1943,111.71897,2.15419,1.2590753
9603,-9174.8986,-9294.1548,119.2562,2.3244144,0.95016627
9604,-8965.3523,-9132.5877,167.23541,3.2377863,0.60690452
9605,-8866.4868,-8988.8152,122.32838,2.3367687,0.77711038
9606,-8720.5617,-8818.8562,98.294504,1.908177,0.50267428
9607,-8550.4,-8713.8073,163.40727,3.2167633,-0.34646387
9608,-8462.643,-8529.2891,66.646101,1.3037579,-0.87598379
9609,-8252.9957,-8442.3381,189.34241,3.6789466,0.4901744
9610,-8189.8793,-8294.218,104.33872,2.0344087,1.3875484
9611,-8046.8828,-8188.8657,141.98288,2.7609079,-1.6026958
9612,-7968.2146,-8089.5798,121.36518,2.33699,-0.68738862
9613,-7972.658,-8191.7978,219.1398,4.2638677,-2.8422104
9614,-7950.542,-8022.0411,71.499062,1.415179,-0.34783793
9615,-8011.2347,-8162.4771,151.24238,2.9503798,1.4785722
9616,-8009.417,-8124.5624,115.14544,2.232521,2.5663457
9617,-8108.8884,-8167.2291,58.340705,1.1357397,1.3100214
9618,-8086.6714,-8243.0585,156.38705,3.0306167,-0.120508
9619,-8386.1964,-8485.3081,99.111607,1.9367232,0.16413735
9620,-8235.727,-8341.5355,105.80852,2.0557504,0.81994282
9621,-8244.2099,-8392.1896,147.97971,2.8633737,0.67959276
9622,-8890.7235,-9009.7441,119.0206,2.2751059,0.056198025
9623,-8435.3767,-8518.1675,82.790731,1.5242862,0.77211638
9624,-8519.5992,-8763.7536,244.15434,4.5518314,-0.36751004
9625,-7223.4414,-7234.831,11.389544,0.17956075,0.029156302
9626,-3162.6856,-3338.6161,175.93051,2.4293446,0.94079962
9627,4058.0292,4028.5624,29.46679,0.35443343,-0.37977884
9628,6912.8079,6684.8152,227.99272,4.2731784,1.0680016
9629,10757.655,10597.712,159.94275,2.2462538,1.2019004
9630,13430.962,13046.395,384.56679,6.9048694,-0.21230966
9631,14480.511,14232.771,247.74031,4.4519944,-0.49916264
9632,12181.561,11877.814,303.74697,5.1956385,-1.173522
9633,11806.599,11549.725,256.8737,4.766132,-1.5032253
9634,12343.542,12034.629,308.91365,5.7544989,-1.7418917
9635,13329.067,13093.106,235.96082,4.4383365,0.35904733
9636,14467.484,14249.049,218.43505,3.8388393,0.91821946
9637,15852.51,15548.461,304.04837,5.5833396,0.64007301
9638,15966.22,15598.408,367.81254,6.7955303,-1.0873817
9639,15234.272,14994.705,239.56761,4.4359598,-1.6162852
9640,13703.019,13322.313,380.70574,6.6340616,-1.8245385
9641,11918.693,11608.67,310.02366,5.6071349,0.51949344
9642,9875.7428,9593.8325,281.91026,4.9948736,1.9634191
9643,7678.0813,7305.2006,372.88063,6.4803274,-1.1790653
9644,4870.8671,4640.1517,230.7154,4.0422889,-0.0022565309
9645,2752.7826,2473.049,279.73367,5.0819067,-0.63312904
9646,642.97909,397.24487,245.73423,4.2877054,-1.594842
9647,-2206.2454,-2410.97,204.72462,3.6122226,0.032711822
9648,-4441.9787,-4613.3586,171.37991,3.1269971,-0.70931818
9649,-6577.2308,-6843.4502,266.21947,4.8663296,1.2754525
9650,-8636.4402,-8724.8278,88.387567,1.6203632,0.72514901
9651,-9911.5929,-10079.444,167.85102,3.1573084,1.3721673
9652,-11125.548,-11299.185,173.63691,3.2552778,1.8063058
9653,-11828.109,-11949.498,121.38875,2.3394989,1.0134308
9654,-12429.785,-12625.289,195.50448,3.7171169,1.020361
9655,-12703.154,-12869.359,166.20437,3.1479356,0.48277782
9656,-13295.943,-13397.637,101.69346,1.9448371,1.0408953
9657,-13758.763,-13969.592,210.8295,4.0112304,0.059214169
9658,-14227.137,-14350.155,123.01793,2.3654175,-0.76429134
9659,-14493.538,-14659.235,165.69693,3.1966953,-0.76768261
9660,-14419.516,-14563.893,144.37699,2.7441337,0.71545749
9661,-14086.16,-14167.962,81.801928,1.5360808,-0.53825668
9662,-13550.024,-13702.167,152.143,2.8595763,0.075295348
9663,-13027.118,-13157.005,129.88679,2.4568186,0.19409318
9664,-12243.869,-12362.515,118.64597,2.240693,-1.5804999
9665,-11413.964,-11529.403,115.43835,2.1932705,-0.11002928
9666,-10459.544,-10571.324,111.77987,2.1373109,0.50539113
9667,-9421.6079,-9550.0537,128.44582,2.4556999,1.0257841
9668,-8305.3065,-8470.8499,165.54341,3.1203941,1.6325979
9669,-7188.8032,-7360.6066,171.80348,3.2898231,1.3657902
9670,-6194.3921,-6347.425,153.03285,2.9401576,-1.0922639
9671,-5076.6769,-5292.6888,216.01186,4.1541591,-0.75388101
9672,-4246.0655,-4427.5261,181.46058,3.5548732,-0.59290304
9673,-3504.8268,-3680.3539,175.52705,3.4193244,-0.050455935
9674,-2942.8387,-3227.6019,284.76324,5.4988682,0.044728908
9675,-2559.2931,-2654.4329,95.139763,1.8138146,-0.068861332
9676,-2302.2832,-2549.6872,247.40397,4.7736608,1.4651062
9677,-2116.3677,-2304.7077,188.34009,3.612826,1.2184221
9678,-2040.931,-2234.0348,193.10379,3.7842232,1.4402396
9679,-1937.8241,-2191.267,253.44292,5.0051204,0.67167603
9680,-2060.1183,-2204.3096,144.19129,2.7670388,-0.083686999
9681,-2141.1093,-2347.7788,206.66956,3.97233,0.1876806
9682,-2306.7266,-2541.6998,234.97321,4.4411994,0.3428557
9683,-2643.9195,-2811.248,167.3285,3.2213081,0.25430957
9684,-2806.6083,-3055.5197,248.91146,4.768757,0.94982353
9685,-2296.1231,-2464.7583,168.63522,3.1759929,0.40254358
9686,-3375.4635,-3626.3633,250.89984,4.6665007,0.071616579
9687,-2001.2434,-2189.346,188.10258,3.46234,0.64042803
9688,-2724.0016,-3010.2243,286.22275,5.3852388,-1.6325179
9689,-2633.6189,-2818.4265,184.80761,3.3057381,-0.43767157
9690,-4119.1258,-4341.5861,222.46026,4.2188436,0.15998886
9691,-2525.0588,-2715.0964,190.03759,3.4685494,0.64069539
9692,-867.26943,-976.37915,109.10972,2.0660392,1.9519083
9693,-1777.155,-2088.5434,311.38841,5.7238995,0.74918047
9694,-3268.8221,-3509.485,240.6629,4.524503,0.87053311
9695,-3401.7199,-3499.3744,97.654486,1.8340154,0.72975662
9696,-2438.8166,-2759.4818,320.66526,6.2092222,-0.37608946
9697,-2335.1037,-2469.0047,133.90099,2.6202676,-1.2063468
9698,-2132.9294,-2375.3807,242.45134,4.7334415,0.43151825
9699,-2333.7909,-2634.9194,301.1285,5.7812617,1.0414147
9700,-2741.2702,-2863.722,122.45174,2.3476078,1.5082419
9701,-3177.9345,-3513.327,335.3925,6.4984832,0.92347834
9702,-3068.8694,-3226.8942,158.02473,3.0283117,0.58193883
9703,-2913.5527,-3190.6983,277.1456,5.4034279,0.78046651
9704,-3442.4174,-3668.2212,225.80381,4.3763516,1.5230776
9705,-3595.9164,-3780.3476,184.43118,3.5095176,0.76024597
9706,-4313.5243,-4572.3096,258.78538,4.970926,1.0990865
9707,-4620.7243,-4784.9352,164.21097,3.1213088,-0.049145327
9708,-4669.7026,-4883.6145,213.91197,4.0934127,-0.17465825
9709,-5505.5653,-5736.5434,230.97816,4.4577176,-0.28860635
9710,-5740.0552,-5857.2638,117.2086,2.2871989,0.62258875
9711,-6022.9176,-6276.752,253.83442,4.9081726,0.89474563
9712,-6635.6008,-6756.7014,121.10063,2.2985134,1.2401297
9713,-7214.2517,-7537.9463,323.69461,6.219288,0.76978636
9714,-7837.9424,-7971.2859,133.34353,2.5575847,-0.88339663
9715,-8060.9199,-8284.1074,223.1875,4.3244762,-1.5356921
9716,-8324.2919,-8566.4961,242.20414,4.6850411,0.95492098
9717,-8741.9708,-8889.327,147.35621,2.8636482,2.6906339
9718,-9001.8083,-9315.7915,313.98319,6.0926584,2.0586557
9719,-9472.303,-9590.4961,118.19309,2.3021299,1.5242905
9720,-9674.2753,-9849.0237,174.74835,3.3402166,0.50746598
9721,-9666.6004,-9918.1801,251.5797,4.7798644,-0.022214289
9722,-9823.432,-9897.8578,74.425867,1.441098,0.26487558
9723,-9630.6493,-9884.9163,254.26696,4.8939136,0.69631827
9724,-9840.1957,-10032.531,192.33514,3.7040191,1.2873218
9725,-9827.2694,-9907.8673,80.597871,1.5552309,1.024418
9726,-9568.9467,-9823.8483,254.9016,4.8332416,1.1534152
9727,-9507.5471,-9613.9526,106.40547,2.0350438,1.5682109
9728,-9273.6631,-9542.1675,268.50434,5.3293377,2.1247927
9729,-9200.5491,-9346.7299,146.18075,2.8375386,0.82140423
9730,-8966.4631,-9206.0916,239.62851,4.5677408,0.1659897
9731,-8817.4075,-8988.7141,171.30656,3.2841864,1.0891606
9732,-8684.0047,-8938.4645,254.45972,4.9578549,-0.43537075
9733,-8502.9365,-8694.2938,191.35735,3.7275215,0.46306895
9734,-8415.2805,-8583.4818,168.20136,3.260972,-1.2942383
9735,-8234.1112,-8467.0079,232.89666,4.5768705,0.89375291
9736,-8162.0071,-8317.169,155.16194,3.0024448,-0.66697278
9737,-8125.3491,-8279.5577,154.20855,2.9538953,0.52444739
9738,-7983.8675,-8282.793,298.92559,5.7417688,0.32452875
9739,-8098.8907,-8172.1833,73.292525,1.41064,-0.3206187
9740,-8043.2473,-8275.2101,231.96277,4.5405226,1.4003842
9741,-8065.0604,-8239.5197,174.45939,3.368613,2.0027263
9742,-8179.8817,-8340.3223,160.44062,3.092934,0.97703747
9743,-8036.5822,-8334.7615,298.1792,5.7750737,0.069001455
9744,-8520.4071,-8638.6856,118.27852,2.295419,1.2474906
9745,-8205.3302,-8478.0284,272.69826,5.2974053,-0.5522712
9746,-8322.2722,-8519.7852,197.51296,3.8000993,-0.79270877
9747,-8954.4458,-9203.3618,248.91601,4.7102632,-0.89960871
9748,-8457.5937,-8631.6082,174.01453,3.1797435,0.71154736
9749,-8687.9432,-8942.6098,254.6666,4.7204899,0.049931761
9750,-7318.9744,-7382.951,63.976668,1.0164613,0.4190706
9751,-3680.1389,-3729.188,49.049138,0.71533272,0.073202737
9752,2817.5148,2808.316,9.1988371,0.12138027,1.4331
9753,4385.5274,4208.5308,176.99661,3.3976284,-1.0731669
9754,6924.8252,6845.9779,78.847363,1.1954976,0.15794065
9755,10026.818,9656.7204,370.09777,6.2679142,1.1582069
9756,12419.383,12026.136,393.24718,6.8761661,-0.83743566
9757,10557.804,10009.984,547.81935,9.1470746,-0.8108921
9758,9893.4154,9468.3602,425.0552,7.7577535,-0.4414425
9759,10422.381,10013.523,408.85816,7.4620636,-1.364696
9760,11582.409,11143.482,438.92763,8.1046737,-0.2343148
9761,11995.948,11674.389,321.5593,5.8875472,-0.87002568
9762,13085.589,12595.261,490.32829,9.0218957,-0.29467763
9763,13498.622,13013.333,485.28915,8.8100396,-2.0341885
9764,12942.29,12525.902,416.38749,7.3667402,-2.1582812
9765,11569.685,10990.711,578.97431,9.8433483,-1.6969039
9766,9947.9479,9494.0411,453.90685,7.9614148,1.1410754
9767,8351.3562,7868.8657,482.49049,8.5078237,1.4249521
9768,6422.3179,5858.376,563.94196,9.7129527,0.37224585
9769,3682.2596,3292.7141,389.54551,6.6615309,0.099431261
9770,1874.2028,1422.8626,451.3402,8.1524312,-0.16268916
9771,18.682446,-434.75513,453.43758,7.8049663,-0.68899968
9772,-2674.6193,-3081.8073,407.18794,7.0943728,-0.83364691
9773,-4795.3294,-5178.4392,383.10979,6.9128629,0.65822667
9774,-6748.5034,-7151.1153,402.61197,7.2991588,-0.7676995
9775,-8465.9755,-8744.8468,278.87122,5.1088683,0.76656833
9776,-9749.2071,-10050.022,300.81502,5.6106165,0.94892917
9777,-10941.349,-11241.858,300.50871,5.5710761,0.61123405
9778,-11767.315,-11992.468,225.15243,4.3666547,1.7074692
9779,-12534.608,-12739.842,205.23374,3.9230503,0.62868476
9780,-12716.989,-12941.649,224.65994,4.2758832,0.95448409
9781,-13313.919,-13452.537,138.61839,2.6184097,-0.87403442
9782,-13716.349,-13967.975,251.62601,4.7373839,0.022840899
9783,-14163.516,-14317.801,154.28537,2.9016274,0.3312536
9784,-14426.181,-14574.205,148.0247,2.7953594,-0.46199416
9785,-14349.027,-14521.226,172.19869,3.2720607,1.2333871
9786,-14113.224,-14237.422,124.19734,2.3294959,0.29735872
9787,-13641.316,-13787.602,146.28592,2.7189575,0.20281969
9788,-13149.008,-13380.752,231.74369,4.3793264,-0.17001561
9789,-12524.51,-12601.731,77.221773,1.4621783,-0.37589121
9790,-11688.142,-11925.94,237.79796,4.4860749,0.99640566
9791,-10906.004,-11030.749,124.74487,2.3307871,0.34754233
9792,-9935.9306,-10135.962,200.03151,3.7955877,0.20974456
9793,-8947.2757,-9136.2275,188.95175,3.6073833,-0.49994965
9794,-7976.6974,-8120.2148,143.51741,2.7599135,1.2148016
9795,-7009.4517,-7218.9573,209.50567,3.9893605,0.65047604
9796,-6060.5854,-6268.9668,208.38142,3.9498528,-1.7127717
9797,-5258.957,-5460.019,201.06196,3.9012311,-0.90127914
9798,-4576.3913,-4812.0316,235.64027,4.5527568,-0.064477739
9799,-4096.7069,-4348.7646,252.05771,4.882601,2.5202966
9800,-3638.6335,-3851.7283,213.09475,4.1285176,1.446257
9801,-3395.0548,-3682.0727,287.01784,5.5187743,0.76439393
9802,-3189.6489,-3489.0616,299.4127,5.7148386,1.2076755
9803,-3108.456,-3411.0079,302.55188,5.8521699,1.6590041
9804,-3029.5858,-3329.8199,300.23411,5.8121516,0.73455197
9805,-3065.1329,-3406.5592,341.4263,6.5139217,1.3493191
9806,-3224.7921,-3468.0316,243.23949,4.6802535,0.6085854
9807,-3317.0935,-3730.8057,413.7122,7.7847509,-0.47791132
9808,-3675.2915,-3904.6066,229.31512,4.3500546,0.96352852
9809,-3848.6848,-4179.9179,331.23304,6.2698421,-0.3281008
9810,-3305.985,-3605.7378,299.75275,5.5748386,1.4752984
9811,-4469.4469,-4726.2938,256.8469,4.7128021,-0.6919594
9812,-3047.4604,-3344.0758,296.61547,5.4820335,-1.2663648
9813,-3802.6351,-4131.7915,329.15636,6.1143458,-2.2242488
9814,-3745.275,-3957.1817,211.90672,3.7199052,-1.4316396
9815,-5176.6533,-5500.158,323.50472,6.0583555,0.86294942
9816,-3612.8821,-3825.5419,212.65981,3.8379153,1.5130198
9817,-1888.5428,-2179.4376,290.8948,5.4430236,1.4011723
9818,-2879.0154,-3239.9368,360.92142,6.6055141,-0.46637269
9819,-4350.1822,-4677.6619,327.47968,6.2301681,-0.3731824
9820,-4418.7519,-4688.5814,269.82948,5.0417408,0.24738331
9821,-3549.8667,-3906.5276,356.66098,6.7225703,-1.1762081
9822,-3420.0994,-3695.5197,275.42034,5.2370463,-2.7240515
9823,-3249.8367,-3532.3349,282.49823,5.3749411,-1.1959229
9824,-3453.7278,-3810.0727,356.34486,6.8635944,0.75705552
9825,-3861.0051,-4082.7551,221.75001,4.20795,1.958612
9826,-4362.0986,-4684.7393,322.64072,6.1186436,1.2680671
9827,-4154.572,-4432.9858,278.41379,5.2958696,0.49564532
9828,-4024.7037,-4351.4945,326.79072,6.2295242,0.91087976
9829,-4553.5684,-4800.4044,246.83598,4.7870676,1.8322708
9830,-4603.0517,-4939.7283,336.6766,6.3939038,1.656707
9831,-5380.9483,-5632.4044,251.4561,4.9301477,0.68861052
9832,-5505.3633,-5861.6114,356.24806,6.9383159,-0.084536665
9833,-5608.5712,-5865.8578,257.28662,4.9166247,0.89175487
9834,-6377.985,-6704.8341,326.84911,6.3370573,-0.41962569
9835,-6516.6391,-6823.8357,307.19665,5.9303131,0.12091127
9836,-6853.529,-7162.5403,309.01129,5.9139886,-0.75765575
9837,-7376.7385,-7689.6051,312.86659,5.9572931,-0.0014388002
9838,-7995.8848,-8349.0174,353.13256,6.7653578,0.64595951
9839,-8587.4619,-8793.5798,206.11785,3.9217413,0.48953787
9840,-8763.8848,-9075.8673,311.98249,5.9415828,0.58105883
9841,-9106.026,-9327.0142,220.98818,4.1348824,0.3968885
9842,-9390.8071,-9636.8025,245.99543,4.64874,0.43192782
9843,-9704.2682,-10015.039,310.77125,5.8919351,0.20497539
9844,-10147.295,-10312.695,165.40043,3.208613,0.14164951
9845,-10274.537,-10553.327,278.78974,5.3986531,-0.028436255
9846,-10357.043,-10612.474,255.43094,4.8667095,-0.14211181
9847,-10365.526,-10633.201,267.67479,5.0973009,-2.5991013
9848,-10326.949,-10543.216,216.26732,4.0967928,-1.8866022
9849,-10451.667,-10774.445,322.77844,6.174826,-1.9675985
9850,-10466.209,-10631.482,165.27276,3.1830311,0.93203391
9851,-10265.751,-10569.605,303.85358,5.8226063,1.6081627
9852,-10152.849,-10406.724,253.87462,4.8136873,1.6325537
9853,-10063.173,-10301.978,238.80471,4.6425607,0.91828818
9854,-9942.0907,-10177.618,235.52696,4.5559562,0.092932834
9855,-9777.4832,-10026.464,248.98122,4.7280467,1.3240738
9856,-9682.1523,-9872.9858,190.83351,3.6882671,1.2809708
9857,-9496.1357,-9789.4724,293.33665,5.6943737,0.0087519224
9858,-9366.1665,-9557.7378,191.57129,3.715726,0.42330125
9859,-9266.6951,-9480.9984,214.30335,4.1298557,0.10768831
9860,-9070.5799,-9352.0885,281.50859,5.4717892,0.55580918
9861,-9026.8529,-9224.4929,197.64003,3.832266,0.55604724
9862,-8896.9846,-9194.5656,297.58095,5.6701189,-1.1837684
9863,-8875.6765,-9171.8167,296.14022,5.6948635,-1.9176564
9864,-8886.987,-9101.0427,214.05567,4.157204,-0.66484866
9865,-8878.3022,-9183.4439,305.14175,5.9307472,1.5489917
9866,-8921.4233,-9200.6319,279.20864,5.3679391,1.9602408
9867,-8982.5199,-9234.7046,252.18466,4.8910288,1.7634083
9868,-8937.884,-9238.1422,300.25816,5.7936459,0.20594256
9869,-9326.5799,-9547.7283,221.1484,4.3044364,1.0690359
9870,-9093.6047,-9336.7204,243.11565,4.7499574,0.88957787
9871,-9192.3692,-9453.1943,260.82508,5.0306074,0.11189273
9872,-9781.8256,-10076.209,294.38289,5.5421903,-0.61588721
9873,-9350.3116,-9537.0111,186.69942,3.3606872,-0.63730068
9874,-9494.015,-9818.8942,324.87916,5.9485742,-0.23121611
9875,-8142.0118,-8234.4645,92.452621,1.4495237,-0.54282667
9876,-4364.7243,-4462.5087,97.784428,1.3833849,0.61362222
9877,2755.1053,2762.9194,-7.8141058,-0.095040143,0.74714108
9878,5550.5041,5418.8689,131.63526,2.4066681,0.64141752
9879,9469.6773,9426.8057,42.87163,0.60126307,-0.0016637915
9880,12446.245,12340.676,105.56922,1.8834696,-1.4148065
9881,14246.526,14077.371,169.15498,3.0809834,-1.4840067
9882,12226.701,11849.908,376.79301,6.3214798,-1.1552526
9883,11450.723,11303.33,147.3933,2.7311131,-1.4025685
9884,11904.151,11745.365,158.78655,2.9629115,-1.3642486
9885,13067.007,12893.927,173.08016,3.2127493,-0.40952075
9886,13941.245,13837.447,103.79789,1.8583738,-0.18426751
9887,15287.391,15146.161,141.22979,2.5959073,-1.0843808
9888,15601.761,15403.071,198.68986,3.6905392,-2.5728495
9889,15012.305,14898.25,114.05493,2.117693,-2.6033981
9890,13527.908,13218.376,309.53249,5.3684987,-1.5504021
9891,11688.849,11471.773,217.0764,3.8126017,-0.24861694
9892,9818.9886,9534.1801,284.80847,4.9918644,1.3772318
9893,7529.8335,7186.1991,343.63448,5.9443951,-0.86675915
9894,4693.9393,4412.5624,281.37685,4.8508045,-1.3167799
9895,2509.8099,2219.0711,290.73877,5.292316,-0.70603705
9896,376.07258,-19.311216,395.3838,6.8534926,-2.3231892
9897,-2502.7408,-2800.4297,297.68887,5.1876666,-0.2042512
9898,-4886.116,-5192.594,306.47802,5.4510735,-0.71842724
9899,-7050.1491,-7410.7551,360.60602,6.3950251,0.090953548
9900,-9139.1495,-9372.1074,232.95792,4.2065664,1.4314886
9901,-10579.314,-10905.276,325.96285,6.0362067,0.94378727
9902,-11865.171,-12161.314,296.14357,5.466148,-0.26581591
9903,-12711.839,-12953.984,242.14515,4.5848049,-0.39191905
9904,-13378.247,-13655.355,277.10851,5.2531223,0.7692178
9905,-13643.841,-13897.403,253.56221,4.7401716,1.1793874
9906,-14249.051,-14501.915,252.8638,4.7664742,0.0093382723
9907,-14665.619,-14994.401,328.78233,6.1414058,-1.0226275
9908,-15228.819,-15426.629,197.80982,3.7320666,-1.5314805
9909,-15421.602,-15736.316,314.71438,5.9720686,-0.59460419
9910,-15423.015,-15659.172,236.15681,4.4438314,-0.61327333
9911,-15077.239,-15363.64,286.40115,5.3507311,-1.6182623
9912,-14582.002,-14788.348,206.34518,3.8490408,-0.41095252
9913,-14062.832,-14342.471,279.63843,5.3025888,-0.75362013
9914,-13277.968,-13441.517,163.54893,3.0995927,0.3347487
9915,-12449.881,-12661.283,211.40191,4.0100077,0.77622101
9916,-11506.165,-11677.017,170.85249,3.1660542,1.1315962
9917,-10414.403,-10610.856,196.45308,3.6141383,0.092453024
9918,-9322.6414,-9506.6793,184.03788,3.4474669,0.7384329
9919,-8165.2387,-8331.6272,166.38851,3.1814489,1.0523944
9920,-7140.5318,-7279.3175,138.78578,2.6545719,0.25478248
9921,-5977.6757,-6203.8547,226.17892,4.3069726,0.37413061
9922,-5084.5538,-5264.3791,179.8253,3.4670503,-1.5095923
9923,-4328.6722,-4476.8657,148.19353,2.8652988,0.12872903
9924,-3684.6832,-3954.5529,269.86969,5.1726263,1.3179535
9925,-3289.7262,-3381.5861,91.859865,1.76001,1.2475547
9926,-2960.4103,-3241.2512,280.84093,5.4235669,0.99151132
9927,-2766.4158,-2942.2812,175.86542,3.3728051,-0.14001135
9928,-2681.2844,-2905.9842,224.69978,4.3962699,-0.26461282
9929,-2569.2907,-2784.1517,214.86093,4.181533,0.92639546
9930,-2713.903,-2888.0885,174.18551,3.3065798,0.1027754
9931,-2755.0043,-2957.9526,202.94827,3.8898239,-0.1468641
9932,-2944.9594,-3189.2828,244.32341,4.5716903,-0.77368455
9933,-3300.6327,-3405.6493,105.01655,2.0239684,-0.34714596
9934,-3446.1538,-3674.5908,228.43699,4.4290939,-0.059718953
9935,-2932.841,-3112.6445,179.80352,3.3648103,-0.44083032
9936,-4040.5586,-4254.0284,213.46986,3.9291488,0.767299
9937,-2648.9688,-2830.2559,181.28709,3.3100872,-0.063308337
9938,-3364.658,-3639.9115,275.25354,5.1418834,-2.3381958
9939,-3285.3838,-3475.5134,190.1296,3.416537,-1.8443854
9940,-4760.0852,-5016.872,256.78683,4.8987242,-0.98376209
9941,-3143.5992,-3321.5292,177.93001,3.2518978,0.47194876
9942,-1474.8024,-1630.4329,155.63049,2.9028431,0.76318475
9943,-2445.4817,-2746.237,300.75531,5.5075464,-0.62602017
9944,-3941.8951,-4133.3081,191.41299,3.6476832,0.10725824
9945,-4038.0339,-4174.1548,136.12089,2.5840108,-0.36744294
9946,-3115.525,-3374.5087,258.98364,5.0114974,-0.5382438
9947,-2984.546,-3138.7299,154.1839,2.9995827,-1.2201765
9948,-2824.5838,-2977.8705,153.28663,2.9375711,-0.44547264
9949,-3002.5215,-3259.3491,256.82763,4.8994311,0.41064411
9950,-3404.8505,-3532.9415,128.09106,2.4085732,1.1875613
9951,-3854.946,-4115.0079,260.06194,5.0195839,1.5115002
9952,-3694.4789,-3886.6098,192.1309,3.6665845,1.4863095
9953,-3557.0367,-3782.5719,225.53519,4.3869056,0.68394646
9954,-4060.8568,-4278.7994,217.94256,4.2232219,1.2517842
9955,-4188.3014,-4440.1643,251.86292,4.7989433,0.29765302
9956,-4962.2596,-5173.9905,211.73096,4.1512636,-0.70234507
9957,-5174.0276,-5409.2638,235.23621,4.5807654,-2.4707456
9958,-5291.2726,-5487.0142,195.74163,3.7635755,-0.60625873
9959,-6126.1254,-6334.3823,208.25686,4.0342744,-0.50752003
9960,-6350.5168,-6544.7836,194.26681,3.7609623,-0.15415417
9961,-6698.0103,-6889.5545,191.54425,3.6990069,0.42093985
9962,-7248.789,-7478.6983,229.90931,4.2896066,-0.17142059
9963,-7955.0864,-8177.2385,222.15216,4.2403409,0.025651199
9964,-8518.3874,-8682.1611,163.77376,3.1343273,-0.83174256
9965,-8754.5941,-9012.575,257.98096,4.9934307,-0.90972822
9966,-9072.0947,-9298.9068,226.81212,4.3485045,0.62209299
9967,-9438.2706,-9625.8831,187.61248,3.5903577,0.66327923
9968,-9741.8351,-10042.641,300.80628,5.7971831,-0.585175
9969,-10192.94,-10372.55,179.60933,3.5077078,0.35216439
9970,-10365.526,-10632.392,266.86595,5.1335419,-0.0048158338
9971,-10456.312,-10690.325,234.01301,4.4864277,0.98389605
9972,-10494.283,-10701.852,207.56827,4.0585051,-0.43435552
9973,-10448.234,-10642.3,194.06663,3.7569035,-0.29536496
9974,-10592.846,-10843.703,250.85724,4.8126489,0.80626781
9975,-10631.221,-10750.281,119.06069,2.3008827,0.34494981
9976,-10375.725,-10615.81,240.08498,4.5901164,1.1402377
9977,-10246.16,-10448.885,202.72452,3.8502166,0.47957332
9978,-10162.443,-10328.569,166.12612,3.2127504,1.1135645
9979,-9952.1893,-10163.16,210.97021,4.0498951,1.493177
9980,-9798.9933,-9997.346,198.35268,3.7417245,1.4271668
9981,-9612.2698,-9796.0442,183.77441,3.502449,-0.14178403
9982,-9442.411,-9684.3223,241.91123,4.6455304,-1.2083453
9983,-9282.3479,-9439.6461,157.2982,3.0398913,-1.9946703
9984,-9124.5065,-9342.5845,218.07801,4.2252043,-0.45908651
9985,-8974.946,-9218.9321,243.98611,4.7217042,0.76366871
9986,-8884.4623,-9054.534,170.07164,3.2884204,0.17086139
9987,-8783.4761,-8989.7251,206.24898,3.9253034,-1.4677935
9988,-8766.0055,-8988.4107,222.40522,4.2582036,-2.2073166
9989,-8760.7542,-8898.831,138.07672,2.6493178,-1.1452213
9990,-8792.5649,-9005.8009,213.23606,4.1390858,0.88263261
9991,-8782.8702,-8963.842,180.97181,3.4754638,1.746485
9992,-8864.1641,-9041.8957,177.73163,3.4552076,0.61562888
9993,-8842.755,-9047.7599,205.00484,3.9808309,1.0115342
9994,-9155.3073,-9357.9526,202.64531,3.9593817,1.3861978
9995,-8999.5866,-9154.831,155.24438,3.0442852,0.28769733
9996,-8998.1728,-9273.0237,274.85092,5.31695,0.40403837
9997,-9666.1964,-9879.861,213.66453,4.028246,0.18801458
9998,-9209.4359,-9341.6746,132.23867,2.3980268,0.46021409
9999,-9319.9148,-9635.7915,315.87668,5.8066299,-0.10406225
10000,-8002.045,-8038.6224,36.577462,0.57408547,-0.034009607
10001,-4228.3929,-4290.2243,61.831429,0.89348086,0.75477159
10002,2373.1755,2405.4092,-32.23362,-0.42548151,1.2136813
10003,3785.7704,3737.3776,48.392847,0.92164026,-0.1777651
10004,6163.5913,6369.6682,-206.07692,-3.2312645,-0.35560758
10005,8757.9266,9010.7551,-252.82851,-4.3227442,0.14912775
10006,11093.636,11324.057,-230.42058,-4.0244219,-1.1244745
10007,9065.3286,9265.0363,-199.70774,-3.3843466,-1.8530287
10008,8296.2178,8690.0474,-393.82964,-7.3499856,-2.6605021
10009,9111.5803,9331.4629,-219.8826,-4.0591424,0.61149341
10010,10190.113,10484.171,-294.0578,-5.336404,-1.0484469
10011,10719.987,10989.7,-269.71247,-4.8677811,0.33502062
10012,11668.955,12001.769,-332.81472,-6.0542017,0.4577389
10013,12076.939,12286.585,-209.64566,-3.8102544,-2.2000006
10014,11498.894,11833.833,-334.93866,-6.1005964,-2.7140365
10015,9979.7586,10190.357,-210.59845,-3.6858895,-2.1808312
10016,8453.1503,8704,-250.8497,-4.5612165,0.93297129
10017,6879.2805,7127.2543,-247.97387,-4.4003957,1.2613527
10018,4932.9736,5029.5103,-96.536699,-1.6931761,-0.51942766
10019,2330.4584,2496.5055,-166.04715,-2.8648663,0.10626352
10020,477.66469,604.81517,-127.15047,-2.3322841,-0.15838791
10021,-1194.6667,-1277.7757,83.109005,1.4597712,-1.2751783
10022,-3905.0351,-3840.6066,-64.428473,-1.1588295,-0.84449563
10023,-5982.927,-6025.3017,42.374716,0.78139731,-0.15285506
10024,-7767.757,-7928.9226,161.16559,2.9232726,0.70524557
10025,-9557.6363,-9594.6414,37.005098,0.68013064,2.1229387
10026,-10611.629,-10856.543,244.91425,4.5152404,1.0352349
10027,-11818.414,-11976.088,157.67427,2.9206323,-0.071522201
10028,-12529.357,-12790.395,261.03794,5.0048572,-0.3383306
10029,-13261.81,-13476.803,214.99267,4.0561615,0.49094728
10030,-13468.226,-13759.191,290.96551,5.4106128,1.2803778
10031,-13973.662,-14225.997,252.3353,4.6973613,0.48486825
10032,-14449.71,-14724.651,274.94042,5.1020602,-0.8947075
10033,-14885.264,-15110.572,225.30797,4.2293749,-0.22408149
10034,-15099.658,-15338.06,238.40244,4.5461354,-0.81674185
10035,-15085.116,-15315.311,230.19563,4.4147187,0.62200554
10036,-14752.669,-15002.692,250.02291,4.6216317,0.32666164
10037,-14354.682,-14523.551,168.8689,3.1250721,0.25744611
10038,-13850.761,-14150.976,300.21496,5.6470036,0.19500039
10039,-13200.107,-13313.921,113.81371,2.1505748,0.077720823
10040,-12429.886,-12692.322,262.43667,4.9514168,1.1929114
10041,-11577.36,-11748.297,170.93684,3.2172961,0.83579648
10042,-10717.261,-10838.243,120.98254,2.2836139,0.60339288
10043,-9651.3515,-9858.3254,206.97396,3.9863007,0.51319215
10044,-8747.2221,-8799.1406,51.91851,0.99271967,1.567108
10045,-7820.9767,-7947.2227,126.24602,2.394699,-0.85477953
10046,-6826.1617,-6935.9621,109.80035,2.0759608,-1.1306185
10047,-6144.8079,-6162.3002,17.492268,0.34162668,-0.68823518
10048,-5458.2028,-5484.891,26.688234,0.52984874,-0.96373276
10049,-5040.7258,-5077.5355,36.809707,0.71767102,0.11396446
10050,-4627.2884,-4553.4028,-73.885519,-1.4390903,0.93235812
10051,-4357.1503,-4405.5861,48.435802,0.92482712,1.3601935
10052,-4239.4004,-4172.436,-66.964376,-1.2769532,1.1327407
10053,-4141.4438,-4127.1406,-14.303187,-0.2780121,-0.26668441
10054,-4062.6746,-4027.9558,-34.71879,-0.68668522,0.26623151
10055,-4143.7665,-4149.6872,5.9207344,0.11468635,0.6013483
10056,-4224.8584,-4196.297,-28.561384,-0.54355438,1.8564041
10057,-4396.5349,-4438.3444,41.809481,0.80063779,-1.0307663
10058,-4675.3578,-4642.2749,-33.082909,-0.65081418,-1.1177125
10059,-4890.4584,-4908.4866,18.028189,0.35106767,-0.83771796
10060,-4332.5097,-4350.1801,17.67043,0.33944636,-0.4303902
10061,-5477.5921,-5431.0016,-46.590531,-0.86950979,-0.36588127
10062,-4065.8051,-4056.1643,-9.6408312,-0.17731491,-0.28410878
10063,-4823.1006,-4846.3065,23.205885,0.43032723,-1.3728547
10064,-4810.5783,-4749.2449,-61.333438,-1.0868658,-1.5430109
10065,-6190.2517,-6229.2322,38.980551,0.73508905,0.23754541
10066,-4606.9901,-4544.8088,-62.181291,-1.1536979,0.52402906
10067,-2979.7996,-2882.4265,-97.373065,-1.8526526,1.32963
10068,-3923.5156,-4014.5087,90.993107,1.6989442,-0.19970048
10069,-5467.5945,-5410.7804,-56.814067,-1.085574,0.36135283
10070,-5446.8923,-5434.5403,-12.352023,-0.23332466,-0.83275227
10071,-4628.6012,-4638.8373,10.236099,0.19610354,-0.67108142
10072,-4443.5945,-4398.812,-44.782471,-0.86898262,-1.5435466
10073,-4295.1448,-4276.4739,-18.67084,-0.3656597,-0.44293938
10074,-4491.058,-4571.6019,80.543908,1.5577979,0.22851242
10075,-4881.8746,-4819.5134,-62.361128,-1.2090287,1.1323841
10076,-5387.2095,-5399.3555,12.145983,0.23580292,1.3949256
10077,-5171.503,-5168.4297,-3.0732587,-0.059394023,1.1876719
10078,-5067.0832,-5044.8784,-22.204878,-0.42718322,0.45086444
10079,-5621.4974,-5572.5498,-48.947673,-0.95092925,1.0060776
10080,-5644.4213,-5661.7251,17.303817,0.33080669,0.61699992
10081,-6426.2564,-6387.3618,-38.894641,-0.75705358,0.29145527
10082,-6569.9598,-6572.5877,2.6279144,0.051265777,-0.93005178
10083,-6663.8769,-6621.624,-42.25291,-0.81477956,-0.46968558
10084,-7438.542,-7448.3665,9.8244969,0.19036976,1.485114
10085,-7542.9617,-7589.3081,46.346321,0.90251764,0.34576549
10086,-7909.3396,-7896.1643,-13.175348,-0.25830589,0.2678974
10087,-8357.1124,-8441.7314,84.619012,1.6308235,-1.0558119
10088,-9007.2615,-9101.8515,94.589962,1.8273166,-0.021847749
10089,-9544.5081,-9550.4581,5.9500491,0.11413599,-1.057476
10090,-9718.6083,-9837.3965,118.78824,2.2658259,-0.069219819
10091,-10040.148,-10073.681,33.532561,0.63904636,-0.5498786
10092,-10313.114,-10371.539,58.424701,1.1285461,0.25605747
10093,-10657.982,-10751.899,93.91704,1.8348054,0.45459248
10094,-11068.693,-11099.703,31.010299,0.60165951,-0.66452907
10095,-11218.354,-11301.611,83.257134,1.5835304,-0.66146015
10096,-11289.247,-11408.177,118.93039,2.2572696,-1.7749285
10097,-11317.018,-11348.828,31.810053,0.61880886,-1.5523121
10098,-11251.579,-11323.754,72.174856,1.4021559,-1.2685569
10099,-11388.92,-11522.831,133.91104,2.5863801,0.17560109
10100,-11377.407,-11400.291,22.883184,0.44254914,0.26390906
10101,-11190.684,-11301.915,111.23067,2.1349075,0.69191508
10102,-11042.941,-11138.123,95.182,1.8254084,-0.4665925
10103,-10971.645,-11055.722,84.076989,1.6574731,-0.42677212
10104,-10822.791,-10926.711,103.91958,2.0101933,-0.17210032
10105,-10676.967,-10776.67,99.702568,1.9008916,1.443212
10106,-10568.912,-10604.992,36.08007,0.68952247,1.2692018
10107,-10399.76,-10494.281,94.521043,1.8343743,-0.86080607
10108,-10299.885,-10295.002,-4.8832328,-0.09472519,-0.18847679
10109,-10191.224,-10231.002,39.777911,0.76652648,-0.082314737
10110,-10028.535,-10086.42,57.88531,1.1156177,0.31365502
10111,-9965.5195,-9962.5656,-2.9539658,-0.056796231,0.18320433
10112,-9866.654,-9903.722,37.067916,0.7047354,-0.67476435
10113,-9849.5874,-9932.9415,83.354171,1.6035668,-1.6581265
10114,-9872.7132,-9815.2543,-57.458871,-1.1167898,-1.623689
10115,-9818.2817,-9941.1311,122.84946,2.3813404,1.2140104
10116,-9905.0288,-9906.8562,1.8274433,0.035225129,2.820795
10117,-9915.8343,-9961.8578,46.0235,0.88670278,1.0584355
10118,-9918.9649,-9974.3949,55.430053,1.0705522,0.14304369
10119,-10238.889,-10291.665,52.775935,1.0292716,0.32256845
10120,-10048.328,-10105.024,56.695492,1.0996615,-0.23077382
10121,-10109.829,-10173.068,63.239134,1.2158898,-2.2660451
10122,-10744.628,-10808.417,63.789054,1.2081501,-1.0255951
10123,-10298.976,-10273.769,-25.206585,-0.46028657,-0.84573028
10124,-10448.335,-10562.73,114.39534,2.0729646,0.20840637
10125,-9058.2596,-8939.0711,-119.18848,-1.8398175,-0.98332489
10126,-5081.7262,-4985.4281,-96.298113,-1.3407659,0.67905565
10127,2158.3779,2410.06,-251.68212,-3.0667489,0.79982909
10128,4836.7337,5035.8799,-199.14621,-3.6933268,-0.25179847
10129,8481.9314,8849.5924,-367.66106,-5.3168447,0.87388987
10130,11093.636,11205.055,-111.419,-2.0034643,-0.43574873
10131,12279.012,12361.605,-82.592826,-1.4730726,-0.51431126
10132,9975.3152,9940.8278,34.487383,0.58860406,-1.5663258
10133,9538.9538,9708.2844,-169.33051,-3.1609476,-1.7180584
10134,10137.903,10162.25,-24.346646,-0.45782528,-1.5682243
10135,11179.071,11304.847,-125.77615,-2.3130687,-1.6703466
10136,12232.155,12435.513,-203.35879,-3.5909862,-1.2437459
10137,13548.813,13737.15,-188.33746,-3.4930599,0.55333131
10138,13665.452,13741.7,-76.248165,-1.3989703,-0.9674143
10139,12899.067,13114.136,-215.06841,-4.012867,-1.7642358
10140,11390.435,11376.43,14.005014,0.2429239,-0.53499516
10141,9560.3629,9671.3807,-111.01781,-1.9758891,0.71632702
10142,7639.8075,7680.1011,-40.293611,-0.71186095,1.6954217
10143,5481.3286,5434.237,47.091633,0.81974368,0.48352783
10144,2726.9302,2735.6209,-8.6906756,-0.14897256,-0.0011112938
10145,665.90296,607.03949,58.863464,1.0498308,0.56652758
10146,-1399.4667,-1502.8373,103.37062,1.7653496,-1.2516694
10147,-4176.587,-4255.1406,78.553618,1.3858377,-0.45404611
10148,-6377.783,-6436.7014,58.918384,1.0827576,0.045385059
10149,-8474.2564,-8684.6888,210.43237,3.7809127,-0.26357279
10150,-10514.682,-10550.294,35.611393,0.65518093,2.3437212
10151,-11766.406,-11913.504,147.09764,2.696639,1.1995866
10152,-12988.541,-13083.602,95.060673,1.7700554,1.9656474
10153,-13718.469,-13768.19,49.720145,0.94697596,0.62011191
10154,-14345.291,-14413.649,68.358559,1.3009466,0.10842743
10155,-14564.734,-14690.679,125.94558,2.3676537,0.52332815
10156,-15213.469,-15218.25,4.7805715,0.090528738,0.54916372
10157,-15633.976,-15767.355,133.37991,2.5525764,-0.60148456
10158,-16078.618,-16132.246,53.628694,1.0188814,0.25897736
10159,-16314.32,-16441.934,127.61412,2.4484581,0.8516372
10160,-16228.582,-16356.803,128.22028,2.4506898,0.22415844
10161,-15868.869,-15925.687,56.817776,1.0786892,-1.4938041
10162,-15353.739,-15440.278,86.539185,1.6162297,-1.044806
10163,-14810.837,-14929.39,118.55312,2.2630324,-0.39073485
10164,-14076.768,-14095.469,18.700752,0.35437654,0.086595766
10165,-13231.716,-13302.698,70.982286,1.3310139,1.2785903
10166,-12294.665,-12288.809,-5.856242,-0.10915362,0.13076565
10167,-11299.547,-11289.074,-10.47289,-0.19564824,0.25954981
10168,-10178.6,-10214.825,36.22425,0.68693805,-0.61899925
10169,-9126.5262,-9076.575,-49.951193,-0.96183659,0.03660166
10170,-8079.4004,-8098.7804,19.380016,0.3698028,-1.6879872
10171,-7018.6414,-6987.5261,-31.115354,-0.58742963,-1.2047552
10172,-6174.5988,-6135.6082,-38.990602,-0.74532862,-0.75457496
10173,-5435.8848,-5381.3586,-54.526203,-1.0488673,-0.21797992
10174,-4901.6679,-4943.5703,41.90245,0.80203148,0.55007861
10175,-4480.1515,-4417.4155,-62.735997,-1.2264228,0.025857484
10176,-4251.4178,-4264.3412,12.923481,0.25214919,0.074957485
10177,-4026.8245,-4048.4803,21.655795,0.42039925,2.0256121
10178,-3970.2722,-3965.169,-5.103153,-0.10058208,2.1129615
10179,-3893.9266,-3915.1216,21.195016,0.41653812,0.24561423
10180,-3972.4939,-3997.2196,24.725704,0.4813783,-0.50494598
10181,-4122.9633,-4057.2765,-65.686852,-1.2700204,0.46268022
10182,-4251.5187,-4318.6351,67.116333,1.2988145,0.16520085
10183,-4643.9511,-4566.6477,-77.303375,-1.520524,0.34959649
10184,-4788.1594,-4805.1564,16.997029,0.33100943,2.1913091
10185,-4244.1467,-4271.4186,27.271896,0.5115997,0.89018938
10186,-5408.2146,-5327.6714,-80.54319,-1.483907,1.153089
10187,-3947.4493,-3983.5703,36.12099,0.67429236,-0.14066481
10188,-4725.245,-4746.2117,20.96672,0.39996932,-1.8023128
10189,-4635.7712,-4636.0063,0.23511596,0.0042220039,-1.7402925
10190,-6064.8268,-6129.3397,64.512828,1.2140914,0.79869287
10191,-4449.6536,-4363.2227,-86.4309,-1.5814018,1.7763613
10192,-2761.3665,-2763.3239,1.9573852,0.03702688,1.1764186
10193,-3802.4331,-3868.3096,65.876501,1.2218105,-1.3165933
10194,-5260.2698,-5294.812,34.542184,0.66959936,-1.0992449
10195,-5276.5286,-5259.425,-17.103639,-0.32843452,-1.4437681
10196,-4433.3949,-4479.5956,46.200705,0.89237307,-2.1435762
10197,-4259.1937,-4245.4344,-13.759249,-0.26509653,-1.568378
10198,-4168.912,-4122.9953,-45.916771,-0.88427909,-1.3320972
10199,-4321.1992,-4402.3507,81.1515,1.5652712,0.83046263
10200,-4716.8631,-4671.2923,-45.570857,-0.86438513,-0.44384677
10201,-5233.8114,-5228.1833,-5.6281855,-0.10797016,0.022328818
10202,-4991.1416,-5012.019,20.87734,0.4059983,0.1360081
10203,-4934.4884,-4906.97,-27.518379,-0.53718718,0.4807119
10204,-5387.8154,-5441.2133,53.397886,1.0308716,0.50592689
10205,-5535.6592,-5563.3491,27.68996,0.52991164,0.33583563
10206,-6277.6047,-6294.2433,16.638552,0.32387827,0.12075845
10207,-6460.9957,-6515.7662,54.770532,1.0721466,-0.37641983
10208,-6616.4134,-6600.1896,-16.223839,-0.31749477,-0.37879529
10209,-7386.2312,-7475.2607,89.0295,1.7477083,0.87027651
10210,-7601.0288,-7604.3728,3.344031,0.064957709,0.64719858
10211,-7963.8722,-7983.1153,19.243135,0.36661372,0.40378567
10212,-8489.3034,-8545.7694,56.465999,1.072608,0.60241664
10213,-9220.2414,-9267.0585,46.817032,0.89727674,-1.2457977
10214,-9724.2635,-9753.8831,29.619586,0.57737518,-1.6266623
10215,-9984.4039,-10035.766,51.362248,0.9927503,-0.61650062
10216,-10307.56,-10332.512,24.952085,0.47061849,1.0081514
10217,-10606.883,-10632.392,25.508945,0.48350355,1.7441516
10218,-10970.231,-11040.657,70.426024,1.3608832,1.6434639
10219,-11327.217,-11386.641,59.424033,1.1643782,0.50942207
10220,-11542.318,-11583.798,41.47984,0.7955885,-0.99413456
10221,-11543.429,-11667.311,123.88242,2.3570637,-2.0638954
10222,-11600.789,-11629.599,28.809782,0.56240006,-1.4701708
10223,-11550.599,-11600.48,49.881436,0.96712208,-0.92033601
10224,-11637.043,-11796.929,159.88591,3.0616442,0.11967955
10225,-11688.647,-11631.52,-57.127196,-1.0877448,-0.28921537
10226,-11452.44,-11551.141,98.700364,1.8693317,-0.22055635
10227,-11316.816,-11348.019,31.203178,0.59554993,-0.09484697
10228,-11276.421,-11266.427,-9.9947615,-0.1944171,0.17728888
10229,-11015.372,-11105.466,90.094043,1.7461307,-0.12271409
10230,-10920.041,-10924.992,4.9510755,0.094282021,0.072011896
10231,-10749.778,-10757.359,7.580306,0.14492272,0.40703825
10232,-10547.402,-10621.978,74.575911,1.4407839,-0.52198436
10233,-10455.404,-10420.676,-34.727405,-0.67865589,-0.28697697
10234,-10220.611,-10328.973,108.36249,2.1157919,1.1605824
10235,-10157.191,-10139.501,-17.690532,-0.34060978,-0.42806976
10236,-9980.3645,-10050.73,70.365361,1.3463878,-1.2174608
10237,-9920.9846,-9930.7172,9.7326042,0.18413784,-0.56583704
10238,-9885.0335,-10000.682,115.64893,2.2266196,-1.6844718
10239,-9889.6789,-9863.8863,-25.79264,-0.51174732,-0.383398
10240,-9918.7629,-9988.0442,69.281315,1.3463681,1.1405131
10241,-9923.8122,-9964.9921,41.179872,0.79414928,1.4119246
10242,-10033.887,-10014.231,-19.656532,-0.37732659,0.72562036
10243,-10023.082,-10099.463,76.381218,1.4691145,-0.17519066
10244,-10330.484,-10354.856,24.372611,0.47330643,0.054600499
10245,-10195.465,-10175.697,-19.768406,-0.38480491,0.59313675
10246,-10189.204,-10269.927,80.723385,1.5586671,-1.1625626
10247,-10855.612,-10883.336,27.724659,0.52544337,-0.84219383
10248,-10396.024,-10374.673,-21.350683,-0.3921129,-0.27653499
10249,-10468.633,-10637.346,168.71323,3.1113826,0.44965159
10250,-9189.5416,-9021.3712,-168.17037,-2.637491,0.54660362
10251,-5378.5247,-5300.4739,-78.050721,-1.1308106,-1.0944722
10252,1004.4087,1284.4487,-280.03998,-3.7214682,0.82906272
10253,2494.6619,2501.4597,-6.7977827,-0.1312769,-0.4114535
10254,5047.8959,5281.9716,-234.07571,-3.6285168,-0.64846527
10255,7593.1519,7850.8689,-257.717,-4.4445572,-1.3693925
10256,9896.041,10126.458,-230.41711,-4.0582914,-1.0160705
10257,7927.6181,8039.5324,-111.91424,-1.8985118,-1.72657
10258,7237.5795,7500.3349,-262.75543,-4.8795147,-2.2263828
10259,7916.3077,8139.425,-223.11727,-4.0831155,-0.17670679
10260,8964.0394,9228.1327,-264.09325,-4.8838053,-0.68612023
10261,9559.3531,9789.5735,-230.2204,-4.1343079,-1.2270852
10262,10490.951,10785.567,-294.61645,-5.2958514,-0.27912464
10263,10861.671,11030.648,-168.9767,-3.0447485,-2.4013146
10264,10360.679,10616.215,-255.53635,-4.6915908,-2.383835
10265,8849.7231,9000.9479,-151.22479,-2.6757709,-1.1868997
10266,7398.9554,7549.9779,-151.02246,-2.7868581,0.17758126
10267,5759.8485,5971.9179,-212.06933,-3.8482671,-1.1524169
10268,3901.1976,3856.5814,44.616275,0.78087691,-2.1028551
10269,1282.6256,1392.6319,-110.00627,-1.934735,0.16430109
10270,-571.9858,-494.00316,-77.982639,-1.4364952,0.077948256
10271,-2289.7609,-2332.5118,42.750902,0.75448646,-0.59013887
10272,-4984.1736,-4929.1122,-55.061406,-0.98193454,-0.52853126
10273,-7021.974,-7051.0205,29.046573,0.53033209,-1.4860349
10274,-8847.1984,-8924.1074,76.909003,1.4168525,0.4743969
10275,-10640.713,-10589.725,-50.988097,-0.94001248,1.2068128
10276,-11723.891,-11830.496,106.60493,1.9911893,0.60040576
10277,-12944.713,-12966.724,22.010324,0.41071704,1.9706861
10278,-13652.828,-13773.649,120.82089,2.2996318,1.0311872
10279,-14374.678,-14462.382,87.704594,1.6469854,1.0603506
10280,-14613.712,-14693.308,79.596025,1.5089399,0.65990442
10281,-15050.578,-15167.393,116.81506,2.210085,1.0194945
10282,-15558.337,-15681.719,123.38192,2.3442237,-1.5750478
10283,-15944.306,-16071.886,127.58014,2.4388591,-1.1991937
10284,-16180.513,-16252.36,71.847369,1.3937046,-0.35782813
10285,-16148.5,-16258.427,109.92634,2.1318794,0.68913479
10286,-15837.766,-15905.87,68.104778,1.2781403,-0.17780628
10287,-15487.344,-15508.828,21.484214,0.40192496,-0.0089472886
10288,-14927.779,-15074.275,146.49579,2.7444858,-1.0810847
10289,-14322.266,-14298.692,-23.573935,-0.44525299,-1.7457331
10290,-13563.86,-13616.935,53.075663,1.0113466,-0.24339537
10291,-12693.157,-12691.817,-1.3398618,-0.025410386,0.43803168
10292,-11823.262,-11795.817,-27.444793,-0.52350778,0.84160199
10293,-10760.786,-10829.043,68.256855,1.3038921,0.3457595
10294,-9835.0454,-9804.3349,-30.710452,-0.59524046,0.043553365
10295,-8929.8051,-8898.9321,-30.873059,-0.59675728,-1.7248173
10296,-7885.9108,-7899.3997,13.488836,0.26067189,-0.27715706
10297,-7220.1089,-7163.6524,-56.456427,-1.1095505,-0.42755264
10298,-6501.5921,-6479.267,-22.325128,-0.43922279,-0.41819455
10299,-6068.2604,-6065.0363,-3.2240201,-0.063163676,-0.3996721
10300,-5653.4091,-5540.9036,-112.50544,-2.1789209,0.85424838
10301,-5404.4781,-5382.3697,-22.108438,-0.42537482,0.91719268
10302,-5314.8024,-5216.0506,-98.751814,-1.8991909,0.79930589
10303,-5167.6655,-5119.8989,-47.766589,-0.94261948,0.74965761
10304,-5126.6651,-5080.6698,-45.995263,-0.90721907,0.068526053
10305,-5210.9886,-5117.9779,-93.010677,-1.8052278,-0.82659956
10306,-5301.5732,-5229.5987,-71.974439,-1.371391,-0.64058595
10307,-5477.9961,-5457.4913,-20.504744,-0.3905721,-0.11387601
10308,-5729.7546,-5663.0395,-66.715141,-1.2966649,-0.55599648
10309,-5971.6166,-5931.2733,-40.343266,-0.78512023,0.17573011
10310,-5369.2339,-5332.1201,-37.113862,-0.70445101,-0.89713488
10311,-6504.8237,-6452.7773,-52.046417,-0.97465018,-0.57889644
10312,-5104.5491,-5058.5276,-46.021466,-0.86013323,-0.38094554
10313,-5842.5562,-5869.6998,27.143629,0.50739924,-2.6312171
10314,-5849.5243,-5773.0427,-76.481606,-1.3674231,-2.0360166
10315,-7227.3799,-7217.9463,-9.4335941,-0.17837756,-0.61626189
10316,-5617.155,-5498.6414,-118.51364,-2.1924266,1.1170438
10317,-4033.5905,-3920.6825,-112.90807,-2.1771001,1.8134368
10318,-4991.6465,-5050.1359,58.489313,1.0911353,0.23130145
10319,-6534.7156,-6464.2022,-70.51337,-1.3491725,-0.095609156
10320,-6487.555,-6387.6651,-99.889943,-1.9086275,-0.79970557
10321,-5679.4635,-5657.3776,-22.085944,-0.4343839,-1.1111831
10322,-5501.4249,-5386.3128,-115.11206,-2.2847324,-0.46800787
10323,-5342.5736,-5308.9668,-33.606745,-0.66000582,0.37251518
10324,-5562.7235,-5561.0237,-1.6997747,-0.03313376,1.3748214
10325,-5906.7834,-5838.357,-68.426402,-1.3283421,2.1432147
10326,-6403.0296,-6399.8989,-3.1306916,-0.06151301,-0.076147903
10327,-6180.456,-6147.9431,-32.512888,-0.63270284,-0.069186596
10328,-6077.4501,-6072.9226,-4.5275078,-0.08955517,0.14575157
10329,-6592.6817,-6539.6272,-53.054485,-1.0467257,0.65705062
10330,-6648.0221,-6645.6872,-2.3348869,-0.044985437,-0.44732755
10331,-7449.1456,-7368.594,-80.551565,-1.5463904,-1.2966584
10332,-7568.4103,-7564.6382,-3.7720258,-0.072509198,-2.6514949
10333,-7691.8154,-7610.0348,-81.780629,-1.567249,-1.6871087
10334,-8453.2513,-8439.2038,-14.047491,-0.27125292,-0.51888662
10335,-8582.3116,-8539.1975,-43.114165,-0.83913848,0.92373155
10336,-8936.4702,-8900.752,-35.718242,-0.69007122,-0.14727948
10337,-9410.4994,-9380.3981,-30.101304,-0.56753698,-0.16429507
10338,-10022.779,-10091.678,68.899027,1.3410955,-0.92546674
10339,-10572.75,-10512.784,-59.965937,-1.1500994,-1.5035499
10340,-10711.404,-10774.85,63.446371,1.2201017,-1.409798
10341,-11042.84,-11032.164,-10.67594,-0.20504733,0.33131314
10342,-11303.486,-11330.123,26.637621,0.51277067,1.6265815
10343,-11672.186,-11744.455,72.268783,1.3981645,0.95897295
10344,-12048.259,-12019.261,-28.998114,-0.5617782,0.44275734
10345,-12218.017,-12244.828,26.811236,0.5117431,-0.30537938
10346,-12294.362,-12306.3,11.938028,0.22787213,-0.87078592
10347,-12329.101,-12313.58,-15.521602,-0.30510542,-0.26418334
10348,-12272.448,-12279.507,7.0589828,0.13630505,0.079359544
10349,-12400.095,-12458.97,58.87531,1.126451,0.92534942
10350,-12425.038,-12331.476,-93.562751,-1.7895156,1.5525071
10351,-12204.585,-12248.569,43.983316,0.8388144,1.3313133
10352,-12077.646,-12078.913,1.2673528,0.0243266,1.9216351
10353,-11991.101,-12022.9,31.799882,0.62999222,0.65777491
10354,-11825.887,-11844.348,18.460372,0.35756182,0.97404281
10355,-11674.206,-11714.427,40.220623,0.77373673,-0.025786705
10356,-11562.111,-11511.305,-50.806345,-0.98578484,0.61807226
10357,-11357.513,-11461.258,103.74429,2.0121154,-2.2318562
10358,-11293.589,-11229.422,-64.167154,-1.2310577,-1.6451832
10359,-11125.649,-11137.011,11.362143,0.21852843,-1.4176818
10360,-11033.449,-11028.322,-5.1262458,-0.099951727,-0.66390964
10361,-10939.632,-10873.63,-66.002015,-1.2745349,-0.8950984
10362,-10870.962,-10851.185,-19.776902,-0.3756271,-0.62740831
10363,-10830.163,-10881.719,51.555486,0.98664194,-1.06214
10364,-10844.907,-10754.427,-90.480758,-1.7581349,-1.5367593
10365,-10874.193,-10884.853,10.659787,0.20826504,0.31590309
10366,-10869.346,-10828.739,-40.60662,-0.78505646,2.3049149
10367,-10947.307,-10930.148,-17.158799,-0.33409889,1.2080812
10368,-10884.797,-10931.564,46.767137,0.89911245,0.085466469
10369,-11250.165,-11204.853,-45.311811,-0.86922798,2.4030974
10370,-11021.128,-11044.297,23.168793,0.44611743,0.17749888
10371,-11051.828,-11077.561,25.732814,0.49489482,-0.64060129
10372,-11706.824,-11772.765,65.940155,1.2597663,-0.95338347
10373,-11251.983,-11188.171,-63.812027,-1.177091,1.6510673
10374,-11379.124,-11467.122,87.997383,1.6289289,0.85157293
10375,-9996.7243,-9825.7694,-170.95491,-2.6393196,0.89098698
10376,-5967.1732,-5869.9021,-97.271122,-1.3644855,0.20724463
10377,1047.9337,1316.9036,-268.96991,-3.3279226,1.5291238
10378,3705.0824,3888.3286,-183.24615,-3.3436498,-0.37923371
10379,7425.5148,7959.3555,-533.84066,-7.6067104,0.38595216
10380,10107.91,10694.875,-586.96514,-10.198401,0.13222308
10381,11869.109,12390.016,-520.90653,-9.0747656,0.94247935
10382,9671.9527,9997.8515,-325.89884,-5.4855957,-0.9684278
10383,9138.8465,9591.7093,-452.86277,-8.3054731,-2.0902379
10384,9643.7775,10076.815,-433.03765,-7.9020879,0.31421561
10385,10819.863,11215.57,-395.70758,-7.2954532,-1.4215961
10386,11779.333,12242.705,-463.37204,-8.2339579,-0.17303679
10387,12963.093,13464.569,-501.47602,-9.0756128,0.44654888
10388,13297.054,13753.327,-456.27297,-8.0930163,-0.40071493
10389,12614.286,13151.949,-537.66306,-9.6516503,-1.7774053
10390,11031.227,11445.485,-414.25817,-7.0631449,-2.3339164
10391,9256.0915,9745.2891,-489.19758,-8.6320885,0.71973426
10392,7312.9152,7733.485,-420.5698,-7.3426932,0.30993456
10393,5169.8872,5422.1043,-252.21709,-4.3135626,0.14920135
10394,2292.6895,2629.6619,-336.97238,-5.7310207,0.17904972
10395,172.18146,465.08689,-292.90543,-5.2429006,-0.065367758
10396,-1863.1953,-1731.7409,-131.45435,-2.2447849,-0.64576837
10397,-4779.8785,-4620.1327,-159.7458,-2.8063397,-1.2887048
10398,-6980.7716,-6893.1943,-87.577285,-1.5922024,-0.78867491
10399,-9174.1917,-9157.6619,-16.529789,-0.29758309,-0.82734178
10400,-11162.004,-11088.581,-73.422586,-1.3523894,1.7210206
10401,-12509.766,-12583.027,73.261176,1.3478193,0.19425373
10402,-13833.392,-13907.008,73.616183,1.3627483,0.71463612
10403,-14549.687,-14599.381,49.693942,0.96025209,0.69419617
10404,-15303.145,-15370.212,67.066917,1.2718647,0.2707738
10405,-15544.603,-15569.795,25.191867,0.47204585,1.5483837
10406,-16139.209,-16182.698,43.488795,0.82325796,0.1628282
10407,-16635.355,-16705.82,70.46527,1.3478839,-0.63318199
10408,-17064.344,-17110.749,46.404831,0.88481694,-0.6511448
10409,-17362.96,-17426.401,63.441106,1.2055026,-0.4033918
10410,-17247.028,-17326.003,78.975152,1.5069402,0.9082552
10411,-16939.626,-16987.4,47.773649,0.91944035,0.55794947
10412,-16422.678,-16478.736,56.058465,1.0634132,0.18213422
10413,-15817.669,-15961.782,144.11256,2.7455993,0.58069118
10414,-15141.87,-15099.046,-42.824009,-0.80590539,-0.83403043
10415,-14196.538,-14257.34,60.801585,1.1344418,1.1475103
10416,-13294.731,-13283.589,-11.142103,-0.20996079,1.1727827
10417,-12223.975,-12212.171,-11.804137,-0.22380423,1.2326406
10418,-11101.311,-11085.548,-15.763059,-0.3006883,0.11267609
10419,-10029.04,-9930.2117,-98.828152,-1.8972559,-0.40415964
10420,-8954.6477,-8845.4471,-109.20065,-2.0825084,-1.3746906
10421,-7877.428,-7792.3286,-85.099414,-1.623303,-2.1387159
10422,-7000.1609,-6835.7662,-164.39475,-3.1856603,-0.38495715
10423,-6230.0402,-6053.0047,-177.0355,-3.3902593,-0.91160016
10424,-5701.5795,-5546.97,-154.6095,-2.9891737,0.99638153
10425,-5212.6043,-4983.2038,-229.40055,-4.4888159,0.43909266
10426,-4974.3779,-4806.5719,-167.80603,-3.2371053,-0.26896591
10427,-4736.9594,-4563.4123,-173.54705,-3.2747938,0.23012613
10428,-4634.7613,-4488.1896,-146.57177,-2.8793929,0.29947256
10429,-4577.7041,-4385.9716,-191.73258,-3.7605207,0.30816641
10430,-4601.3349,-4469.2828,-132.05213,-2.5600616,-0.14051609
10431,-4775.0312,-4547.2354,-227.79578,-4.3431129,0.31730071
10432,-4884.2982,-4807.2796,-77.018604,-1.4674559,-1.7906507
10433,-5259.7649,-5019.5008,-240.2641,-4.6833227,-1.4667445
10434,-5450.9318,-5295.5197,-155.41201,-2.9893996,-0.40521887
10435,-4882.1775,-4725.485,-156.69252,-2.9374015,0.81589533
10436,-6082.1964,-5871.1153,-211.08113,-3.9059737,-0.91349737
10437,-4621.7341,-4447.9494,-173.78468,-3.2674477,-1.9087867
10438,-5390.1381,-5268.8278,-121.31026,-2.3151922,-2.3422475
10439,-5370.1428,-5142.4455,-227.6973,-4.0235702,-1.9065908
10440,-6747.7964,-6624.6572,-123.13926,-2.2986366,0.28611043
10441,-5108.8915,-4854.9005,-253.99104,-4.6482845,1.9996665
10442,-3441.7105,-3266.3254,-175.38502,-3.3207521,0.98594778
10443,-4484.0899,-4411.0458,-73.044127,-1.354333,-0.51699475
10444,-5956.5696,-5810.5529,-146.0167,-2.8147615,-0.78152753
10445,-5896.0789,-5727.1406,-168.9383,-3.2106937,-1.1412858
10446,-5110.7093,-4991.5956,-119.11369,-2.3202784,-1.5426555
10447,-4888.8426,-4720.733,-168.10959,-3.3152548,-2.1113513
10448,-4796.3393,-4621.8515,-174.48775,-3.385442,-0.8050977
10449,-4974.3779,-4865.3144,-109.06353,-2.1121782,0.023508963
10450,-5358.6304,-5142.951,-215.67935,-4.1472059,2.3890303
10451,-5897.2907,-5740.7899,-156.50084,-3.0295768,1.1210592
10452,-5635.8375,-5459.3112,-176.52626,-3.4090384,0.26122776
10453,-5565.854,-5419.2733,-146.58074,-2.8382653,-0.13247357
10454,-6074.6225,-5885.5735,-189.04903,-3.6952844,1.2563035
10455,-6168.9436,-6039.5577,-129.38593,-2.507518,2.532822
10456,-6979.7617,-6768.1264,-211.63535,-4.1241046,0.87990514
10457,-7071.5582,-6994.3002,-77.258027,-1.5104573,-1.7668023
10458,-7295.0406,-7094.6983,-200.34237,-3.8459945,-1.7530992
10459,-8024.2619,-7943.1785,-81.083418,-1.5722914,-1.6057405
10460,-8232.7984,-8111.722,-121.07646,-2.3561559,-1.128606
10461,-8617.5558,-8507.6524,-109.90337,-2.1232928,-0.68961801
10462,-9144.1988,-9063.6335,-80.565325,-1.5307088,-1.1526774
10463,-9860.3929,-9811.7156,-48.67726,-0.9332434,-1.4661398
10464,-10416.423,-10280.24,-136.18275,-2.6338513,-1.7009717
10465,-10669.191,-10613.586,-55.605224,-1.0630958,-0.52373842
10466,-11032.843,-10922.262,-110.58036,-2.0622139,0.27011317
10467,-11324.491,-11237.915,-86.576038,-1.6469109,0.39170875
10468,-11703.189,-11699.362,-3.8271853,-0.073478145,0.6413436
10469,-12125.109,-11964.158,-160.95129,-3.1338798,0.055499698
10470,-12306.178,-12247.052,-59.125382,-1.1243332,0.49313318
10471,-12336.574,-12304.885,-31.689683,-0.60050419,-0.17453022
10472,-12363.235,-12319.545,-43.68969,-0.84825827,-1.2847984
10473,-12337.281,-12252.411,-84.87052,-1.6381871,0.084358328
10474,-12405.043,-12444.006,38.963321,0.74206542,-1.3369965
10475,-12452.607,-12312.468,-140.13988,-2.6856067,0.56133903
10476,-12201.455,-12214.799,13.344536,0.25636948,0.98509584
10477,-12066.941,-12033.517,-33.424635,-0.63738425,1.6020413
10478,-11982.012,-11901.068,-80.943904,-1.579133,-0.09276436
10479,-11789.431,-11733.333,-56.09783,-1.0886386,0.089554116
10480,-11647.546,-11560.948,-86.597695,-1.6698331,1.450035
10481,-11513.638,-11379.362,-134.2761,-2.5917805,1.6019304
10482,-11274.099,-11263.494,-10.604149,-0.20606969,0.92581643
10483,-11178.667,-11039.444,-139.22275,-2.6852072,0.35095406
10484,-11003.658,-10906.288,-97.370074,-1.8762445,0.23246269
10485,-10867.831,-10770.3,-97.531006,-1.8959877,-0.22550787
10486,-10733.52,-10617.833,-115.68698,-2.2403608,0.55036732
10487,-10625.262,-10545.946,-79.31604,-1.4997765,-1.3736229
10488,-10617.183,-10540.79,-76.393543,-1.4588667,-0.85793488
10489,-10561.237,-10436.954,-124.28289,-2.3999261,-1.4022705
10490,-10608.6,-10549.687,-58.912402,-1.1283091,0.37654772
10491,-10585.575,-10508.436,-77.138734,-1.4770209,0.69511209
10492,-10698.376,-10599.027,-99.349475,-1.9146828,0.23319524
10493,-10650.61,-10606.711,-43.898961,-0.84920624,-0.13176183
10494,-11023.754,-10891.829,-131.92446,-2.592752,0.65501538
10495,-10840.262,-10731.476,-108.78642,-2.1231499,0.24003157
10496,-10908.226,-10816.404,-91.821218,-1.7481064,-0.95803454
10497,-11536.158,-11470.155,-66.002973,-1.2254429,0.14272904
10498,-11092.424,-10893.346,-199.07849,-3.6006888,-0.15661285
10499,-11206.539,-11198.483,-8.0554437,-0.14863968,0.0882186
10500,-9718.5073,-9482.515,-235.99229,-3.6408459,0.47621125
10501,-5579.1842,-5440.2022,-138.98201,-1.9209011,1.0169386
10502,1264.9531,1382.9258,-117.97269,-1.5408138,1.3580076
10503,2619.5819,2721.3649,-101.78307,-1.9387088,0.67388485
10504,5075.869,5213.3207,-137.45166,-2.1766493,-0.39774851
10505,7172.0394,7219.564,-47.524533,-0.87778813,-1.0674984
10506,8355.3957,8344.5687,10.82694,0.19711197,-0.21394375
10507,5917.185,5812.7773,104.40776,1.8478555,0.78453367
10508,5800.8489,5906.0979,-105.24903,-1.9868393,1.2463714
10509,6655.4951,6635.2733,20.221767,0.38219988,1.4555901
10510,7561.2402,7600.1264,-38.886146,-0.7330251,0.69062795
10511,8280.06,8372.4739,-92.413973,-1.6757341,0.85895771
10512,9471.4951,9487.9747,-16.479655,-0.30253774,-0.87915269
10513,9407.5708,9410.9321,-3.3612608,-0.061943254,-0.49260933
10514,8581.5037,8641.7188,-60.215052,-1.1129937,-1.2480844
10515,7121.6473,7088.0253,33.622061,0.59603688,-0.40258342
10516,5553.6347,5550.1043,3.5304486,0.065811706,1.3600332
10517,3960.9815,3932.613,28.368505,0.51806924,0.37104994
10518,1968.1199,1914.3381,53.781848,0.95983102,-0.98213526
10519,-457.97239,-495.92417,37.951784,0.68264815,-1.0141411
10520,-2188.2698,-2169.7314,-18.538385,-0.34991591,-0.72676816
10521,-3937.6536,-4053.8389,116.18521,2.0792224,-1.8837564
10522,-6478.8702,-6453.8894,-24.980801,-0.45490528,-0.71339668
10523,-8393.7704,-8384,-9.7704142,-0.17945585,-0.56525404
10524,-10179.105,-10232.215,53.109524,0.97064569,1.0259376
10525,-11945.152,-11815.735,-129.41728,-2.3971723,0.93914443
10526,-12894.422,-12887.355,-7.0666405,-0.13224411,-0.21280925
10527,-13860.557,-13837.447,-23.109925,-0.42922146,0.39717797
10528,-14566.249,-14471.987,-94.261159,-1.8012946,0.27714225
10529,-15130.66,-15085.498,-45.162725,-0.86719133,1.1558129
10530,-15323.342,-15262.938,-60.403623,-1.1429729,1.2704645
10531,-15892.803,-15850.161,-42.642018,-0.81022384,1.5453039
10532,-16254.738,-16268.133,13.395029,0.25644468,-0.52292772
10533,-16682.414,-16594.806,-87.608514,-1.6964474,-0.8184102
10534,-16818.544,-16816.329,-2.2149957,-0.04301022,0.75711391
10535,-16776.634,-16710.774,-65.860228,-1.2618449,0.30423848
10536,-16385.111,-16368.126,-16.984466,-0.32187032,-0.55347868
10537,-15935.217,-15882.919,-52.297926,-0.98980866,-0.62640891
10538,-15490.07,-15473.542,-16.528353,-0.31656863,0.27793248
10539,-14803.869,-14689.062,-114.80742,-2.2067822,0.46509609
10540,-14091.411,-14030.761,-60.649986,-1.140668,1.1934177
10541,-13226.465,-13155.185,-71.27986,-1.3390448,1.9686977
10542,-12338.695,-12255.039,-83.655575,-1.5587703,0.29219102
10543,-11359.735,-11310.509,-49.226222,-0.93975015,0.17569345
10544,-10410.768,-10307.438,-103.33005,-1.9966348,0.31117077
10545,-9550.5673,-9469.2701,-81.297116,-1.5610432,0.43863782
10546,-8555.4493,-8573.4724,18.023044,0.34540239,0.51963296
10547,-7886.3148,-7848.5434,-37.771349,-0.73828974,-0.72548438
10548,-7280.0947,-7239.5829,-40.511736,-0.79309007,-0.13119013
10549,-6831.0091,-6859.3239,28.314782,0.55099423,0.14738471
10550,-6537.4422,-6452.7773,-84.664958,-1.6585975,1.4153773
10551,-6301.2355,-6340.0442,38.808731,0.76168357,-0.80579619
10552,-6198.5325,-6162.0979,-36.434598,-0.70495705,0.10641731
10553,-6136.628,-6113.0616,-23.566397,-0.463027,0.80490601
10554,-6078.8639,-6050.0727,-28.791235,-0.56676337,1.5169171
10555,-6248.4197,-6232.1643,-16.255427,-0.31403762,0.3159254
10556,-6292.4497,-6255.4186,-37.031063,-0.7121945,0.16614018
10557,-6513.7105,-6543.267,29.556529,0.56591745,-0.80132992
10558,-6833.8367,-6726.8752,-106.96149,-2.1152185,-0.77379217
10559,-6972.6927,-6989.6493,16.956587,0.33173538,-0.36204202
10560,-6449.3822,-6414.2559,-35.126324,-0.66916876,-0.33492264
10561,-7522.6635,-7508.6256,-14.037918,-0.26116495,0.62011643
10562,-6127.9432,-6116.9036,-11.039562,-0.20479892,-1.0714885
10563,-6883.1179,-6934.6477,51.529761,0.976129,-2.6680587
10564,-6849.9945,-6828.1833,-21.811223,-0.39471548,-1.7836929
10565,-8266.3258,-8296.5434,30.217606,0.57008124,0.64817054
10566,-6534.2107,-6522.9447,-11.265943,-0.21065914,1.8061242
10567,-5025.3759,-4954.2875,-71.088417,-1.3689163,1.5320971
10568,-6028.8757,-6123.8799,95.004197,1.7593765,-0.30936253
10569,-7531.6513,-7503.1659,-28.485405,-0.54229808,0.50239962
10570,-7538.5183,-7466.2622,-72.2561,-1.3826319,0.72575367
10571,-6643.5787,-6707.7662,64.187495,1.2658409,-0.59348934
10572,-6532.3929,-6477.2449,-55.148034,-1.0706526,-0.34823553
10573,-6397.5763,-6350.7615,-46.814878,-0.89650873,-0.072031029
10574,-6580.7653,-6632.6445,51.879264,0.99278004,1.0319879
10575,-7024.8016,-6922.9194,-101.88215,-1.9746842,2.7353005
10576,-7397.9456,-7482.1359,84.190299,1.6340116,0.20512641
10577,-7264.8458,-7229.5735,-35.2723,-0.68753897,1.1301547
10578,-7091.6544,-7122.8057,31.151249,0.60984765,0.77540228
10579,-7618.3984,-7604.8784,-13.520065,-0.26590529,1.8033483
10580,-7696.5617,-7752.6951,56.133367,1.0864763,0.33613351
10581,-8441.3349,-8446.2812,4.9462894,0.096576714,-0.71854409
10582,-8620.0805,-8636.9668,16.886351,0.33065499,-0.6328318
10583,-8702.7882,-8691.2607,-11.527502,-0.22502393,-0.56179114
10584,-9490.2785,-9482.0095,-8.2690223,-0.16158293,-0.45113021
10585,-9641.4548,-9631.4439,-10.010914,-0.19363714,-0.57288993
10586,-9921.5905,-9923.3365,1.7459603,0.033448608,0.036814064
10587,-10462.473,-10456.063,-6.4093927,-0.1220696,-0.25444002
10588,-11040.316,-11070.787,30.471148,0.5914316,-0.0023699561
10589,-11594.629,-11501.194,-93.434484,-1.8016759,-1.2988378
10590,-11729.95,-11749.611,19.661079,0.38010484,-1.165263
10591,-11990.596,-11990.547,-0.049057274,-0.00094159597,-0.83580425
10592,-12310.116,-12260.803,-49.313449,-0.94330406,0.76114558
10593,-12539.355,-12639.039,99.684859,1.910039,0.91128126
10594,-12978.342,-12905.15,-73.191538,-1.4298342,1.6343045
10595,-13093.87,-13142.547,48.676781,0.94402588,0.66212166
10596,-13121.742,-13160.139,38.397009,0.74707056,0.14093345
10597,-13186.777,-13153.062,-33.715509,-0.66078651,-0.22553962
10598,-13076.702,-13070.357,-6.3451396,-0.12210884,-1.0092261
10599,-13244.642,-13277.321,32.678486,0.62290707,1.9481338
10600,-13263.022,-13172.878,-90.143339,-1.725919,1.4906626
10601,-13002.578,-13028.803,26.224224,0.49970361,1.1784664
10602,-12929.868,-12913.036,-16.83191,-0.3247851,0.4447084
10603,-12829.892,-12780.588,-49.304235,-0.9564056,-0.27642616
10604,-12667.91,-12667.248,-0.6620339,-0.012789931,0.51945272
10605,-12528.246,-12504.468,-23.778539,-0.45240465,1.0042929
10606,-12368.284,-12354.73,-13.554166,-0.25532735,0.33729311
10607,-12250.433,-12273.137,22.704305,0.43371471,-0.72966248
10608,-12077.141,-12056.367,-20.77432,-0.40562626,-1.3240801
10609,-11995.241,-11993.074,-2.166776,-0.042285207,1.2053023
10610,-11834.774,-11892.171,57.396652,1.1173028,0.31435
10611,-11779.03,-11772.158,-6.8716079,-0.13152419,0.68874326
10612,-11715.105,-11713.618,-1.4876319,-0.028351155,-1.2006095
10613,-11677.135,-11762.755,85.620618,1.6414925,-2.447553
10614,-11735,-11623.633,-111.36611,-2.1719511,-1.2770758
10615,-11758.327,-11778.932,20.604653,0.39789213,0.71029677
10616,-11743.684,-11758.61,14.925376,0.28421141,1.0903897
10617,-11888.903,-11810.882,-78.021048,-1.5113544,-0.17742534
10618,-11787.108,-11843.539,56.430223,1.0986423,0.2090975
10619,-12179.844,-12118.749,-61.094972,-1.1748055,1.7380784
10620,-11960.805,-11957.283,-3.5219533,-0.06828874,1.0600787
10621,-11971.004,-12052.423,81.419041,1.5816845,-0.20323845
10622,-12653.57,-12636.411,-17.159277,-0.32537558,-1.2955396
10623,-12123.393,-12122.085,-1.3071969,-0.024013153,-0.23705516
10624,-12310.52,-12400.43,89.909779,1.6562386,0.8682027
10625,-11233.199,-11171.791,-61.407742,-1.0283692,0.84251519
10626,-8863.7602,-8909.346,45.585814,0.78002347,0.43399305
10627,-5033.7578,-4977.1374,-56.62035,-0.96303096,1.1740153
10628,-5632.4039,-5614.1043,-18.299679,-0.34628804,0.86971552
10629,-3931.4935,-3746.5782,-184.91529,-3.1988105,0.95238695
10630,-3534.5168,-3530.515,-4.0017574,-0.076024846,0.078084725
10631,-3145.5179,-3076.752,-68.765974,-1.2843348,0.32834911
10632,-4222.3337,-4184.4676,-37.866113,-0.70493807,-0.28305539
10633,-3910.5893,-3825.5419,-85.047485,-1.6201537,-0.031376934
10634,-4051.1621,-4045.2449,-5.9172645,-0.11456244,1.4470923
10635,-3441.2055,-3368.2401,-72.965396,-1.4140737,0.48947931
10636,-2582.6209,-2518.3444,-64.276516,-1.1947686,1.2019732
10637,-2133.9393,-2076.3096,-57.629614,-1.0806412,1.448633
10638,-2562.2217,-2610.9573,48.73565,0.91921299,-0.12027161
10639,-2952.5333,-2803.9684,-148.56493,-2.8932513,-1.6735499
10640,-3765.1692,-3847.7852,82.615919,1.5603981,-1.2457967
10641,-4754.43,-4707.387,-47.042934,-0.91646342,1.8221649
10642,-5633.6158,-5580.6382,-52.977548,-1.0066377,0.98807473
10643,-6551.3783,-6577.2385,25.860243,0.49678686,0.18639671
10644,-7886.7187,-7832.2654,-54.453335,-1.0301014,-0.087160052
10645,-8820.3361,-8783.9747,-36.361371,-0.69504669,0.07369322
10646,-9644.6864,-9722.4392,77.752788,1.4512825,-1.3720862
10647,-11098.585,-11028.929,-69.655705,-1.3222121,-1.1371416
10648,-12075.727,-12087.81,12.083405,0.23254208,-0.098492467
10649,-13017.423,-13069.75,52.327121,0.97928772,1.1784262
10650,-13871.464,-13823.393,-48.070146,-0.90253652,1.9262656
10651,-14149.378,-14253.093,103.71569,1.9380812,0.60941102
10652,-14889.303,-14879.848,-9.4550118,-0.18028383,1.006814
10653,-15083.601,-15157.991,74.389732,1.4369866,1.09949
10654,-15502.895,-15508.221,5.3257055,0.10162751,1.911194
10655,-15631.552,-15716.297,84.745125,1.6188696,1.4229355
10656,-15971.269,-15986.047,14.777965,0.28578192,-0.39964751
10657,-16140.724,-16190.686,49.961364,0.95523647,-0.9931281
10658,-16442.168,-16461.346,19.177924,0.36402091,-0.23470413
10659,-16633.335,-16632.316,-1.0189555,-0.019474203,0.1470603
10660,-16522.351,-16560.227,37.876403,0.73600051,0.80865178
10661,-16280.388,-16278.749,-1.6393505,-0.031316119,-0.32032743
10662,-16087.807,-16056.316,-31.491539,-0.59568058,-0.6437915
10663,-15837.564,-15923.968,86.404696,1.6474495,0.46357679
10664,-15504.41,-15416.013,-88.397618,-1.6835731,0.75342461
10665,-15097.537,-15159.002,61.464696,1.1632607,1.9791303
10666,-14655.419,-14678.85,23.430592,0.44650784,2.7846843
10667,-14237.538,-14209.82,-27.718556,-0.52710315,1.4975757
10668,-13636.873,-13734.117,97.24432,1.8575378,1.3684525
10669,-13251.812,-13184.303,-67.508911,-1.2990643,1.6473371
10670,-12801.515,-12863.292,61.777466,1.1778677,-0.21604822
10671,-12297.291,-12336.329,39.037864,0.74892176,-0.13725425
10672,-12083.604,-12025.327,-58.276931,-1.140681,-0.029362241
10673,-11734.798,-11756.385,21.587833,0.42105015,0.26643896
10674,-11645.829,-11648.404,2.5756265,0.049634176,1.7052087
10675,-11497.682,-11438.104,-59.577786,-1.1546114,2.2870444
10676,-11416.085,-11459.033,42.947968,0.81899082,1.5328242
10677,-11417.095,-11357.826,-59.268845,-1.1372414,2.5989544
10678,-11387.506,-11402.919,15.413317,0.30090672,2.1767814
10679,-11421.942,-11369.959,-51.983481,-1.0149095,1.7383602
10680,-11473.95,-11537.795,63.844333,1.2219831,-0.038532662
10681,-11563.323,-11520.202,-43.120865,-0.81507419,-0.64499718
10682,-11719.953,-11775.393,55.440702,1.0616059,-1.5535457
10683,-11942.425,-11923.918,-18.507395,-0.36156097,-0.90377652
10684,-12123.493,-12115.918,-7.5756396,-0.14606875,-0.063984081
10685,-11470.113,-11539.21,69.09729,1.298535,-0.83872741
10686,-12605.501,-12579.994,-25.506911,-0.46933268,-0.97694226
10687,-11157.864,-11144.695,-13.168408,-0.24452232,-0.63147656
10688,-11874.462,-11934.635,60.173533,1.117515,-1.3117974
10689,-11943.334,-11873.365,-69.969193,-1.2238542,-1.9521611
10690,-13280.997,-13336.771,55.773693,1.0298565,-0.89200209
10691,-11544.54,-11455.494,-89.045174,-1.6356093,1.4063215
10692,-10054.993,-9980.9668,-74.026469,-1.4088939,2.0858669
10693,-11084.75,-11200.404,115.65492,2.1284982,0.44801738
10694,-12658.72,-12605.776,-52.944644,-0.99719712,0.48444147
10695,-12520.47,-12554.313,33.842579,0.62966571,-0.10090929
10696,-11764.892,-11793.491,28.599792,0.54525444,0.19512377
10697,-11591.094,-11599.166,8.0715967,0.1554818,-1.0316163
10698,-11492.229,-11495.33,3.1013769,0.05996075,0.25771844
10699,-11726.921,-11789.548,62.627473,1.1988885,1.0491618
10700,-12110.567,-12114.3,3.7328996,0.071139126,1.8896311
10701,-12578.436,-12586.464,8.0281631,0.1526377,0.93364173
10702,-12328.293,-12344.821,16.527994,0.31482133,0.59263622
10703,-12186.408,-12178.502,-7.9055199,-0.15157761,1.0171862
10704,-12693.964,-12674.325,-19.639063,-0.37760601,1.0613735
10705,-12634.282,-12680.291,46.009023,0.87769411,0.62673229
10706,-13365.927,-13334.344,-31.582235,-0.60111059,-0.82067214
10707,-13336.035,-13355.071,19.036376,0.36305238,-0.67997934
10708,-13337.852,-13307.652,-30.200017,-0.57239926,-0.7026904
10709,-13971.945,-13971.109,-0.83576844,-0.01599296,0.66106197
10710,-13866.717,-13927.836,61.118543,1.1678585,-0.59227952
10711,-14093.128,-14061.397,-31.731681,-0.6053317,0.14377895
10712,-14372.86,-14426.085,53.225348,0.99981604,-0.24202347
10713,-14824.672,-14892.992,68.319912,1.320151,1.1001316
10714,-15206.299,-15180.133,-26.166312,-0.5072286,-0.46244061
10715,-15158.533,-15240.088,81.555923,1.5518476,-0.98970088
10716,-15349.093,-15346.452,-2.6416744,-0.050422716,0.35544194
10717,-15478.356,-15471.318,-7.038283,-0.13484581,0.99301396
10718,-15682.146,-15749.864,67.718182,1.3122476,2.2842169
10719,-16009.644,-15952.885,-56.759505,-1.1021176,0.80987746
10720,-16045.898,-16093.321,47.42247,0.90084481,-0.44413047
10721,-16034.285,-16076.335,42.0501,0.7906685,-1.1078409
10722,-16053.472,-16031.242,-22.230483,-0.43123334,-0.85082967
10723,-15958.949,-15979.476,20.526401,0.39689543,0.089683391
10724,-16118.204,-16174.509,56.30435,1.0770828,1.724368
10725,-16102.551,-16076.436,-26.11546,-0.50114937,1.3513946
10726,-15972.481,-16016.48,43.99899,0.83548003,0.88178185
10727,-15871.899,-15930.439,58.540165,1.1152686,0.36520061
10728,-15866.244,-15880.19,13.945786,0.27286194,0.78794765
10729,-15792.12,-15846.622,54.502512,1.0605818,0.60087916
10730,-15720.622,-15776.455,55.83328,1.0685538,1.5808236
10731,-15700.929,-15672.013,-28.91675,-0.54981801,0.81714674
10732,-15604.892,-15688.998,84.106901,1.6109569,-0.072404588
10733,-15593.177,-15537.643,-55.53415,-1.0649438,0.7318454
10734,-15561.568,-15563.223,1.654307,0.031702552,1.4886606
10735,-15442.405,-15510.648,68.242976,1.3244982,0.60201265
10736,-15459.269,-15420.765,-38.504815,-0.73850338,0.76550815
10737,-15415.34,-15420.765,5.424179,0.10277829,0.36985303
10738,-15424.025,-15482.338,58.312826,1.1121795,0.43845938
10739,-15463.309,-15411.261,-52.048212,-1.0018606,1.2751684
10740,-15452.907,-15549.776,96.868374,1.8568845,1.7108951
10741,-15543.795,-15508.423,-35.371491,-0.6842754,2.3929475
10742,-15539.856,-15604.171,64.314206,1.2350331,0.59461111
10743,-15529.859,-15571.311,41.452439,0.80459324,0.32024671
10744,-15858.973,-15877.965,18.992464,0.36960814,0.6507222
10745,-15625.594,-15662.61,37.016106,0.71099322,-0.16551767
10746,-15657.101,-15678.686,21.584243,0.41525033,-1.3946545
10747,-16263.422,-16320,56.577515,1.0698177,-0.22472604
10748,-15776.871,-15704.265,-72.605603,-1.3209762,-0.97935335
10749,-15900.68,-15996.158,95.477899,1.7321684,0.33108886
10750,-14679.454,-14585.428,-94.025923,-1.509577,0.41025222
10751,-12026.042,-11989.94,-36.101846,-0.59716067,1.5679509
10752,-7650.2091,-7610.4392,-39.769894,-0.64448925,1.3307764
10753,-7045.3018,-6850.7299,-194.57192,-3.5480058,0.44156189
10754,-3003.2284,-2515.7156,-487.51276,-6.5502923,0.86977539
10755,360.11677,747.77883,-387.66207,-6.4187108,-0.44799674
10756,3156.1215,3675.1975,-519.07597,-9.0301689,0.72350819
10757,3030.8986,3385.0237,-354.12508,-6.4379229,-1.9482727
10758,3234.5878,3827.564,-592.97621,-10.925384,-1.2146985
10759,2779.9479,3188.575,-408.62711,-7.4819912,0.55447091
10760,3223.9842,3748.8025,-524.81831,-9.5709573,-0.56717372
10761,4089.6379,4705.0616,-615.42374,-10.823953,0.383054
10762,4917.0178,5459.4123,-542.39457,-9.7537853,0.42078323
10763,5034.4647,5630.2812,-595.81651,-10.671423,-0.99234324
10764,5212.5034,5880.316,-667.8126,-11.969377,-1.1194278
10765,4462.2769,4978.9573,-516.68042,-8.84513,-0.45028715
10766,3218.9349,3860.7267,-641.79179,-11.355027,2.4134603
10767,1848.2493,2383.0648,-534.81546,-9.2232564,0.25776853
10768,204.49704,692.06951,-487.57247,-8.4184755,0.41009439
10769,-2074.9633,-1632.9605,-442.00281,-7.4719211,-0.20561455
10770,-3941.6931,-3564.7899,-376.90321,-6.6727649,0.0079642649
10771,-5786.2059,-5492.0695,-294.13641,-5.1417518,-0.73809363
10772,-8206.2391,-7965.7251,-240.51393,-4.2701504,-0.83421447
10773,-10228.791,-9948.7141,-280.07647,-5.0811377,-0.38273309
10774,-12091.38,-12048.784,-42.596311,-0.76884568,-0.93018351
10775,-13889.338,-13681.239,-208.09952,-3.7965812,2.7656703
10776,-15142.072,-15150.205,8.1335764,0.14693726,1.0040659
10777,-16778.149,-16778.111,-0.038527908,-0.00071724654,1.3835535
10778,-17747.112,-17701.308,-45.80358,-0.88263203,0.82125638
10779,-18556.718,-18597.308,40.590108,0.77499389,1.2723481
10780,-18890.477,-18958.559,68.081924,1.2775018,0.51943454
10781,-19419.948,-19402.919,-17.028498,-0.32023795,0.96716503
10782,-19710.384,-19823.621,113.23663,2.146196,-0.16213145
10783,-20188.251,-20184.063,-4.1876964,-0.079327897,-0.06358855
10784,-20487.877,-20648.24,160.3632,3.0639812,-0.37804175
10785,-20511.508,-20606.079,94.571297,1.8015106,-1.3760031
10786,-20341.75,-20434.603,92.853574,1.7602606,-1.0998461
10787,-20062.422,-20176.379,113.95706,2.1535203,-0.54786191
10788,-19698.569,-19810.78,112.21157,2.1496001,-0.66320889
10789,-19110.122,-19184.329,74.206306,1.4261205,-0.63724574
10790,-18468.254,-18528.152,59.897615,1.1390512,0.67934627
10791,-17702.476,-17737.201,34.724892,0.65988712,1.2625702
10792,-16893.475,-16863.141,-30.334745,-0.57045058,0.59968686
10793,-15934.611,-15923.665,-10.946353,-0.21065193,0.39947921
10794,-14993.925,-14948.6,-45.324733,-0.87807148,0.40800144
10795,-14120.495,-14033.997,-86.498623,-1.6146329,-1.0415743
10796,-13088.215,-12999.28,-88.934975,-1.6518833,-0.57135443
10797,-12329.808,-12178.3,-151.50813,-2.8617739,-0.92798904
10798,-11529.291,-11335.077,-194.21332,-3.7322684,-0.2706723
10799,-10913.376,-10833.997,-79.379096,-1.5100184,-0.019428918
10800,-10422.886,-10144.961,-277.92549,-5.2829203,0.64903021
10801,-10036.008,-9890.4771,-145.5308,-2.7574337,0.32087932
10802,-9773.2418,-9570.376,-202.86583,-3.8701667,1.2077427
10803,-9633.5779,-9413.763,-219.81488,-4.2771916,0.61629971
10804,-9490.2785,-9331.7662,-158.51231,-3.0922402,0.74180583
10805,-9530.0671,-9290.4139,-239.65316,-4.6390032,-0.031925788
10806,-9542.1854,-9300.3223,-241.86313,-4.6086475,1.2927048
10807,-9679.8296,-9480.9984,-198.83117,-3.7534596,-0.56370957
10808,-9954.815,-9656.4171,-298.39793,-5.7776185,0.062549317
10809,-10098.619,-9898.6667,-199.95266,-3.8225915,0.37054018
10810,-9535.1164,-9303.6588,-231.4576,-4.3353438,-0.73729449
10811,-10659.295,-10394.793,-264.50163,-4.8525455,-0.5848679
10812,-9235.7933,-8977.3902,-258.40309,-4.7572925,-1.6909384
10813,-9946.9381,-9767.7346,-179.20347,-3.3446844,-2.4147913
10814,-9972.3866,-9762.8815,-209.50507,-3.6563848,-1.7761025
10815,-11362.664,-11152.986,-209.67773,-3.8195529,-0.38269725
10816,-9540.1657,-9321.049,-219.11671,-3.988062,1.2721664
10817,-8061.3239,-7797.3839,-263.93998,-4.9469308,0.11257993
10818,-9099.159,-9002.2622,-96.896731,-1.7657721,-0.52108285
10819,-10639.299,-10429.068,-210.23148,-4.0005779,-0.93368045
10820,-10509.33,-10233.833,-275.49763,-5.1992673,-0.99348842
10821,-9691.544,-9544.4929,-147.05109,-2.8372872,-1.9455384
10822,-9527.5424,-9259.4755,-268.06689,-5.0845057,-0.12353098
10823,-9420.598,-9186.0727,-234.52536,-4.4635491,-0.1836239
10824,-9578.3385,-9433.6809,-144.65758,-2.7717046,-0.64119802
10825,-9991.372,-9692.3096,-299.06236,-5.6551427,0.84288318
10826,-10411.879,-10211.791,-200.08703,-3.7970924,0.55622451
10827,-10158.1,-9891.8926,-266.20762,-5.1154265,0.21229678
10828,-10010.357,-9796.752,-213.60542,-4.1309347,-1.3590609
10829,-10494.99,-10287.823,-207.16707,-3.9750078,-0.054143448
10830,-10520.035,-10321.694,-198.34119,-3.7501145,0.51378006
10831,-11243.197,-11034.894,-208.30269,-4.0383693,0.39570231
10832,-11312.776,-11135.596,-177.18075,-3.4415491,-2.3366836
10833,-11408.208,-11201.415,-206.7928,-4.0181302,-1.0041047
10834,-12131.673,-11980.84,-150.83293,-2.9106821,-0.35296267
10835,-12225.187,-12036.853,-188.33351,-3.6129858,0.054671541
10836,-12553.089,-12356.449,-196.6401,-3.7399603,0.24074003
10837,-13037.015,-12853.384,-183.63071,-3.4563303,0.092636355
10838,-13671.107,-13553.744,-117.36283,-2.2254257,-0.73042158
10839,-14176.442,-13982.13,-194.31227,-3.6825305,-2.1103703
10840,-14334.889,-14238.736,-96.152975,-1.8119486,-1.2744077
10841,-14685.109,-14490.793,-194.31622,-3.6523661,0.1175497
10842,-14935.05,-14824.847,-110.20334,-2.06521,0.76935908
10843,-15318.596,-15231.09,-87.505613,-1.6671963,1.1943651
10844,-15677.804,-15552.91,-124.8936,-2.4232079,-0.78673865
10845,-15878.665,-15802.439,-76.22591,-1.4703617,-1.3923069
10846,-15917.04,-15856.834,-60.205719,-1.1556216,-1.1167728
10847,-15988.235,-15900.916,-87.318837,-1.6930489,-0.57153413
10848,-15963.897,-15875.64,-88.257625,-1.7031587,0.12470897
10849,-16122.547,-16114.856,-7.6905054,-0.1474105,-0.91443182
10850,-16159.104,-16001.112,-157.99158,-3.037958,-0.63472331
10851,-15968.038,-15895.558,-72.480208,-1.3754052,-0.98013354
10852,-15850.086,-15778.376,-71.710009,-1.3726335,0.97173402
10853,-15836.958,-15702.951,-134.00676,-2.5933016,-0.90483164
10854,-15621.554,-15562.818,-58.735915,-1.1324087,-0.75870596
10855,-15493.302,-15403.678,-89.62405,-1.6864858,0.15565845
10856,-15382.924,-15201.972,-180.9523,-3.4168615,0.85501117
10857,-15165.501,-15138.275,-27.22571,-0.52079347,-1.1355017
10858,-15070.271,-14852.145,-218.12527,-4.2141388,-1.9918763
10859,-14852.948,-14813.422,-39.526523,-0.75477413,-0.21074353
10860,-14756.607,-14621.725,-134.88238,-2.571401,0.12792708
10861,-14606.542,-14463.596,-142.94644,-2.6969325,-1.1929948
10862,-14495.457,-14398.079,-97.37821,-1.8332523,-1.2838998
10863,-14463.748,-14386.047,-77.700141,-1.4854739,-1.6451786
10864,-14431.432,-14256.329,-175.10336,-3.3795564,-0.4344213
10865,-14427.594,-14328.518,-99.07631,-1.8953082,1.1398853
10866,-14450.72,-14281.1,-169.62079,-3.249538,1.5417275
10867,-14478.996,-14330.742,-148.25395,-2.8118878,0.37972062
10868,-14451.225,-14314.869,-136.35637,-2.5730493,0.051268989
10869,-14739.238,-14617.58,-121.65809,-2.3072181,0.36099562
10870,-14552.11,-14372.6,-179.51014,-3.4444184,-0.31847171
10871,-14575.438,-14458.237,-117.2013,-2.2596125,-1.7654252
10872,-15166.611,-15052.133,-114.47874,-2.141092,-0.61885373
10873,-14721.262,-14484.423,-236.83895,-4.2147652,0.20695375
10874,-14843.86,-14842.439,-1.4203876,-0.025389048,-0.77270054
10875,-14304.189,-14013.877,-290.31257,-5.0691792,-0.28909224
10876,-13263.628,-13212.714,-50.913553,-0.94944295,-1.5593136
10877,-10653.336,-10469.106,-184.23064,-3.2492573,-0.10204265
10878,-9952.4923,-9754.1864,-198.30589,-3.5169205,-0.97153968
10879,-5535.2552,-5197.6493,-337.60594,-4.7842413,0.14912949
10880,-4043.4872,-3869.0174,-174.4698,-3.2974567,-1.5187972
10881,-3728.0063,-3507.9684,-220.03791,-4.0750136,-0.40208446
10882,-4945.6978,-4754.1991,-191.49878,-3.5815442,-1.2670839
10883,-4789.8761,-4477.5735,-312.30267,-6.0373454,-1.9487606
10884,-5544.8489,-5426.5529,-118.29599,-2.2608359,-0.75574249
10885,-5358.8323,-5072.6825,-286.14988,-5.4911373,-0.85516813
10886,-4138.7172,-3829.0806,-309.63659,-5.5827172,0.50213493
10887,-3076.7464,-2857.049,-219.69738,-4.1071853,-0.29517484
10888,-3259.1274,-3056.5308,-202.59661,-3.8388482,-1.0460482
10889,-3358.6998,-3108.6003,-250.09949,-4.7573992,-2.2800869
10890,-3942.198,-3738.3886,-203.8094,-3.7609018,-0.9269988
10891,-4747.058,-4565.94,-181.11802,-3.3991711,-0.62211482
10892,-5870.7314,-5655.6588,-215.07259,-4.0414159,0.58848834
10893,-6769.1045,-6661.8641,-107.2404,-2.0530659,-1.1202291
10894,-8129.1866,-7960.3665,-168.82008,-3.143519,-0.079294615
10895,-9271.2394,-9081.327,-189.91243,-3.531178,-0.23344931
10896,-10384.713,-10317.144,-67.569455,-1.2394326,-1.6185005
10897,-11928.994,-11749.207,-179.78713,-3.3882913,-0.47382467
10898,-12968.95,-12778.464,-190.48545,-3.5917082,-0.21293346
10899,-14013.45,-13998.104,-15.345833,-0.28535326,-0.32796819
10900,-15211.146,-14976.303,-234.84303,-4.3733253,0.15739411
10901,-15989.75,-15943.987,-45.76254,-0.85252862,-0.62145093
10902,-16990.22,-16883.766,-106.45393,-2.0416033,0.91791423
10903,-17320.546,-17211.046,-109.50014,-2.1177414,0.73766353
10904,-17631.886,-17595.45,-36.436154,-0.69669455,0.79005511
10905,-17806.996,-17714.957,-92.039104,-1.7737777,0.95753457
10906,-18150.047,-18099.362,-50.684779,-0.97959733,0.64022223
10907,-18337.679,-18295.608,-42.070681,-0.81471409,-0.18082441
10908,-18745.562,-18684.765,-60.797517,-1.1803438,-1.0716992
10909,-19027.213,-19000.72,-26.492244,-0.52138672,0.48162051
10910,-19073.767,-18965.03,-108.73724,-2.1150674,-0.038011002
10911,-18889.467,-18812.259,-77.208372,-1.4693781,-0.60149051
10912,-18711.227,-18595.994,-115.23314,-2.1878349,-1.1366954
10913,-18510.769,-18472.139,-38.63021,-0.73394223,-0.44750481
10914,-18130.152,-18005.839,-124.31341,-2.3697228,-1.1896964
10915,-17780.639,-17666.831,-113.80809,-2.1660737,0.4527471
10916,-17295.4,-17208.923,-86.477804,-1.6449891,0.37582513
10917,-16820.26,-16668.107,-152.15293,-2.8893921,-0.62261998
10918,-16203.841,-16147.109,-56.731626,-1.0868071,0.28352602
10919,-15636.601,-15522.78,-113.82077,-2.1754226,0.12192778
10920,-15183.274,-15047.987,-135.2868,-2.5767412,-0.86238137
10921,-14524.541,-14470.167,-54.373766,-1.037203,-0.60920333
10922,-14145.439,-13990.319,-155.11994,-2.9816329,-0.0092492426
10923,-13666.865,-13553.34,-113.52583,-2.19689,-0.48207728
10924,-13351.183,-13276.512,-74.670795,-1.4322071,0.23126729
10925,-13179.809,-12981.991,-197.81855,-3.8004297,1.4962487
10926,-13021.16,-12925.675,-95.485198,-1.80776,1.0931079
10927,-12970.465,-12800.708,-169.75695,-3.2362552,0.96055885
10928,-12894.725,-12759.052,-135.67292,-2.6386757,0.10224865
10929,-12830.397,-12708.701,-121.69542,-2.3627368,0.076411441
10930,-12938.048,-12768.051,-169.99757,-3.2335024,-0.24805362
10931,-12934.009,-12765.624,-168.38467,-3.1263056,-0.44956865
10932,-13088.114,-12983.204,-104.90982,-1.9595821,0.050581419
10933,-13324.926,-13167.216,-157.7098,-2.9966834,-0.48643145
10934,-13450.856,-13353.959,-96.89709,-1.8410046,0.3100376
10935,-12882.001,-12757.434,-124.56635,-2.3310427,-0.88447825
10936,-13950.435,-13817.731,-132.70328,-2.4215582,1.0440154
10937,-12564.904,-12436.727,-128.17744,-2.3312861,0.44721224
10938,-13318.766,-13282.073,-36.693405,-0.67587866,-1.9762293
10939,-13368.249,-13205.131,-163.11819,-2.8704889,-2.2968185
10940,-14711.366,-14636.183,-75.182426,-1.3869356,-0.2840415
10941,-12896.644,-12692.929,-203.71488,-3.7214339,1.4713933
10942,-11505.458,-11329.314,-176.14361,-3.3328186,1.55853
10943,-12537.133,-12511.545,-25.587915,-0.46488929,0.47552539
10944,-14114.537,-13971.918,-142.61943,-2.6630969,-0.36286759
10945,-13976.691,-13790.13,-186.56158,-3.4744998,0.98478256
10946,-13183.041,-13112.013,-71.027993,-1.3700066,0.029640549
10947,-13016.11,-12838.42,-177.69023,-3.4484427,0.76772122
10948,-12895.432,-12767.343,-128.08914,-2.4695902,1.4281115
10949,-13082.155,-13042.755,-39.40029,-0.75223776,1.2225642
10950,-13475.194,-13322.009,-153.18421,-2.9334703,1.5757953
10951,-13862.779,-13788.613,-74.165744,-1.4059477,0.10766972
10952,-13615.766,-13518.458,-97.308334,-1.8514223,1.2359381
10953,-13454.693,-13367.81,-86.883065,-1.6919523,0.89326451
10954,-13891.964,-13775.166,-116.79783,-2.2535862,0.92866022
10955,-13888.328,-13785.175,-103.15285,-1.958975,-0.027846207
10956,-14543.224,-14392.72,-150.50329,-2.856326,-0.59760823
10957,-14550.293,-14451.058,-99.23425,-1.8680944,-1.9004667
10958,-14512.625,-14367.646,-144.97872,-2.7404813,-1.4737247
10959,-15129.146,-15055.773,-73.37305,-1.397326,0.16314957
10960,-15116.118,-14961.643,-154.47537,-2.9648789,-0.39666875
10961,-15258.509,-15155.968,-102.54047,-1.9577261,0.37399982
10962,-15652.254,-15541.384,-110.87016,-2.077629,0.71568973
10963,-16057.209,-16022.749,-34.459863,-0.65518547,0.1136528
10964,-16450.247,-16331.425,-118.82198,-2.2655346,-1.2595142
10965,-16435.2,-16380.866,-54.334281,-1.0558314,-0.93601742
10966,-16636.163,-16555.779,-80.383694,-1.5679684,0.27083554
10967,-16805.819,-16730.793,-75.02628,-1.4579347,1.8798363
10968,-17022.94,-17015.608,-7.3314301,-0.14213883,1.6371288
10969,-17359.931,-17261.498,-98.432942,-1.9103461,0.2541587
10970,-17482.528,-17387.374,-95.153403,-1.8233942,0.13698284
10971,-17451.828,-17414.875,-36.95281,-0.71338759,-1.1547514
10972,-17549.381,-17426.502,-122.8783,-2.4223909,-0.55275253
10973,-17429.005,-17351.785,-77.219978,-1.5059031,-0.78348321
10974,-17643.096,-17616.986,-26.110076,-0.50170878,0.72675316
10975,-17652.185,-17457.036,-195.14828,-3.7452739,1.1284415
10976,-17462.533,-17448.948,-13.584677,-0.25583102,0.61019924
10977,-17445.264,-17333.182,-112.08223,-2.1474259,1.8176328
10978,-17349.125,-17310.028,-39.096613,-0.75755819,0.57756355
10979,-17320.142,-17246.433,-73.709152,-1.4229937,0.73035532
10980,-17180.579,-17125.207,-55.372142,-1.0729509,0.25120604
10981,-17147.456,-17054.028,-93.427185,-1.7967186,0.63368973
10982,-17031.12,-17029.561,-1.5587051,-0.02993411,-0.93266779
10983,-16957.097,-16858.49,-98.606916,-1.8959849,-1.1148723
10984,-16924.983,-16836.853,-88.129957,-1.7052913,0.17184732
10985,-16793.802,-16737.567,-56.234832,-1.1007147,-0.36227724
10986,-16779.159,-16660.626,-118.53338,-2.2853054,-0.84093007
10987,-16744.319,-16637.675,-106.64417,-2.0377178,-0.38636675
10988,-16686.454,-16688.025,1.5716275,0.030344986,-1.2436883
10989,-16762.9,-16592.986,-169.91442,-3.2619652,-0.81070013
10990,-16729.171,-16673.264,-55.906986,-1.0679816,1.6517197
10991,-16749.267,-16639.798,-109.46927,-2.1004644,2.8645208
10992,-16815.413,-16704.202,-111.21081,-2.1512332,0.82967874
10993,-16700.087,-16703.798,3.7110033,0.07203091,0.27104832
10994,-17070.1,-16933.005,-137.09546,-2.6334624,1.3252114
10995,-16777.644,-16734.635,-43.00911,-0.82004368,0.036137935
10996,-16827.127,-16769.314,-57.81304,-1.1195381,-1.3894251
10997,-17413.15,-17396.878,-16.271939,-0.31002084,-1.5742072
10998,-16921.55,-16803.994,-117.55583,-2.1361527,-0.59306367
10999,-17093.933,-17088.708,-5.2251979,-0.094883711,-0.78054014
11000,-16405.611,-16248.417,-157.19398,-2.7533687,0.17839899
11001,-15334.148,-15256.468,-77.67992,-1.4257831,0.053074422
11002,-12417.161,-12291.539,-125.62264,-2.1306152,1.8031859
11003,-10729.581,-10711.153,-18.427827,-0.29478913,-1.0306589
11004,-4749.5826,-4480.3033,-269.27933,-3.2447908,0.96102392
11005,-1112.6659,-1025.0111,-87.654819,-1.5448388,-0.77802085
11006,888.57751,1001.4534,-112.87588,-2.040035,-0.089097131
11007,-489.68205,-416.55608,-73.125969,-1.3198237,-0.30250819
11008,-955.43037,-767.89889,-187.53148,-3.4942091,-1.1179736
11009,-1714.0387,-1612.8404,-101.19822,-1.9094142,0.16206184
11010,-1332.1089,-1265.8452,-66.263694,-1.2617781,-2.1218424
11011,-433.63471,-218.18641,-215.4483,-3.8915557,-1.380856
11012,1001.2781,1087.2923,-86.014153,-1.592177,-1.1984478
11013,1600.6312,1635.6904,-35.0592,-0.64657976,-2.0194805
11014,1602.146,1812.1201,-209.97411,-3.9119401,-2.9032717
11015,916.85365,970.81833,-53.964677,-0.97546737,-2.3277142
11016,-128.25247,30.028436,-158.2809,-2.8866938,0.61332768
11017,-1541.3523,-1378.8815,-162.47075,-2.9322558,0.15552609
11018,-3000.6028,-2979.8926,-20.710186,-0.37975936,0.63836803
11019,-5021.7404,-4823.1532,-198.5872,-3.5285857,-0.19768648
11020,-6662.1602,-6564.8025,-97.35763,-1.7768624,0.80531251
11021,-8336.2083,-8278.5466,-57.661681,-1.0277482,-0.84968366
11022,-10538.313,-10441.201,-97.112583,-1.759634,-0.56726567
11023,-12158.031,-12070.319,-87.711654,-1.6235456,-0.18829056
11024,-13730.689,-13714.502,-16.186388,-0.29457272,-0.46941754
11025,-15404.232,-15317.637,-86.595302,-1.5871893,2.3124867
11026,-16881.963,-16836.752,-45.210944,-0.8264411,-0.42097365
11027,-18366.561,-18370.932,4.3711228,0.082336643,0.62832872
11028,-19056.095,-18993.239,-62.856128,-1.2207533,0.28003417
11029,-19645.147,-19586.123,-59.023917,-1.1282541,0.76584734
11030,-19824.196,-19768.518,-55.677493,-1.0515626,2.4202299
11031,-20266.212,-20170.919,-95.292798,-1.8184832,1.3251799
11032,-20569.575,-20557.245,-12.329888,-0.23506948,-0.78790677
11033,-21078.949,-21016.265,-62.68371,-1.1768036,-0.88104406
11034,-21442.802,-21372.057,-70.745495,-1.3312248,-0.3371925
11035,-21545,-21513.302,-31.698657,-0.60193566,-0.25728699
11036,-21396.45,-21327.57,-68.879404,-1.3095698,0.1110994
11037,-21086.119,-21066.111,-20.008548,-0.37237859,-0.79645188
11038,-20763.67,-20795.45,31.78002,0.60506361,-0.71082517
11039,-20269.343,-20151.912,-117.43127,-2.2650274,-1.3119476
11040,-19666.556,-19687.128,20.571749,0.39083095,0.45925314
11041,-19039.937,-18946.325,-93.611449,-1.7830381,0.56328605
11042,-18269.614,-18262.951,-6.6631743,-0.12732188,-0.65867822
11043,-17442.84,-17427.311,-15.52902,-0.29830444,0.57244791
11044,-16622.832,-16529.896,-92.936613,-1.8007047,0.054385524
11045,-15862.507,-15781.51,-80.997029,-1.5299017,-0.17464549
11046,-14953.127,-14881.567,-71.559487,-1.3373696,-0.23396921
11047,-14236.731,-14168.367,-68.364063,-1.3072409,0.42115712
11048,-13483.979,-13392.784,-91.195917,-1.7249689,-0.51759556
11049,-12929.666,-12849.34,-80.32662,-1.5342613,0.91015657
11050,-12500.778,-12372.626,-128.15232,-2.4440959,1.1902613
11051,-12174.996,-12117.131,-57.865328,-1.0921509,1.2118921
11052,-11993.625,-11945.049,-48.576273,-0.92873837,1.6938161
11053,-11833.057,-11772.967,-60.090375,-1.1679634,0.32468988
11054,-11722.982,-11654.875,-68.107051,-1.3171957,-0.42024468
11055,-11713.994,-11703.305,-10.68958,-0.20510184,-0.22332736
11056,-11770.143,-11623.937,-146.20599,-2.7459482,0.0088524236
11057,-11870.018,-11917.043,47.024508,0.88250238,-1.207795
11058,-12167.321,-12010.869,-156.45262,-2.9799348,-0.54952166
11059,-12311.934,-12269.801,-42.13278,-0.80110264,0.28019788
11060,-11764.185,-11693.194,-70.990303,-1.3198466,0.042872043
11061,-12918.962,-12790.395,-128.56679,-2.3470604,-0.62209633
11062,-11483.645,-11430.42,-53.224749,-0.98268105,-1.2288815
11063,-12293.756,-12264.341,-29.414981,-0.54445224,-1.4433081
11064,-12335.867,-12198.218,-137.64945,-2.3849497,-1.0927834
11065,-13628.592,-13609.15,-19.441637,-0.35528524,0.48745467
11066,-11805.286,-11628.992,-176.29389,-3.1928596,1.2294333
11067,-10338.563,-10295.305,-43.257627,-0.81698384,0.10234066
11068,-11426.184,-11438.003,11.819333,0.21556588,0.022637127
11069,-12943.804,-12870.774,-73.030248,-1.3773674,-0.54806286
11070,-12749.608,-12707.589,-42.018632,-0.78344934,-0.64174033
11071,-12027.052,-11962.035,-65.016921,-1.2579089,-1.3332039
11072,-11762.266,-11750.521,-11.744551,-0.22676692,-2.0629206
11073,-11715.206,-11596.537,-118.66919,-2.2804318,-0.015630152
11074,-11845.075,-11853.144,8.0692037,0.15585361,0.26066793
11075,-12264.167,-12157.27,-106.89712,-2.0131576,1.3952013
11076,-12683.967,-12588.183,-95.78361,-1.786001,0.47541626
11077,-12333.343,-12329.858,-3.4849809,-0.066063623,0.73381473
11078,-12259.926,-12159.191,-100.73469,-1.9063054,0.41791053
11079,-12676.494,-12608.303,-68.190568,-1.3018491,1.7515112
11080,-12664.779,-12659.463,-5.316612,-0.099957166,1.9290423
11081,-13412.986,-13240.215,-172.77134,-3.2793013,0.28954769
11082,-13323.512,-13404.411,80.898316,1.5322455,-0.66981239
11083,-13486.908,-13314.932,-171.97602,-3.2481992,0.57792655
11084,-14060.106,-14086.572,26.46616,0.50747398,1.0521908
11085,-14154.831,-14090.717,-64.11355,-1.2253757,0.20064397
11086,-14430.22,-14330.237,-99.983152,-1.9125206,-0.68015683
11087,-14846.889,-14888.645,41.755398,0.79434725,-0.54854095
11088,-15459.673,-15389.826,-69.847148,-1.3269356,0.33899618
11089,-15900.579,-15836.613,-63.966139,-1.2185264,0.58413451
11090,-16038.223,-16019.615,-18.60874,-0.34853616,0.73095243
11091,-16379.759,-16252.765,-126.99397,-2.3630722,1.1405355
11092,-16536.59,-16555.678,19.087587,0.35954913,0.3131169
11093,-16952.956,-16892.259,-60.697129,-1.1580271,0.62176266
11094,-17265.508,-17199.419,-66.08984,-1.2601631,-0.92846053
11095,-17475.156,-17407.191,-67.964665,-1.2900191,-1.3473329
11096,-17477.983,-17441.163,-36.820715,-0.70134683,-1.84659
11097,-17502.725,-17533.472,30.747305,0.59196294,-1.6061241
11098,-17561.095,-17410.932,-150.163,-2.8939085,-0.9349756
11099,-17612.295,-17714.553,102.25785,1.967166,-2.1906248
11100,-17702.173,-17560.468,-141.70517,-2.7201906,0.67412891
11101,-17477.983,-17489.087,11.103456,0.21153849,0.6370279
11102,-17400.325,-17417.1,16.774477,0.31904504,1.3751346
11103,-17385.985,-17262.812,-123.173,-2.4034869,0.97189574
11104,-17180.781,-17215.292,34.511194,0.66985488,0.42961881
11105,-17110.697,-17034.313,-76.383851,-1.4621014,1.0922348
11106,-17000.218,-16900.853,-99.364671,-1.907341,1.3487398
11107,-16791.681,-16857.276,65.595199,1.2662543,-0.10404516
11108,-16749.166,-16579.741,-169.42516,-3.2672775,-0.25176673
11109,-16541.639,-16563.867,22.227851,0.43113654,0.62594231
11110,-16463.274,-16364.284,-98.989802,-1.9293533,0.06435221
11111,-16311.896,-16254.382,-57.513552,-1.1156108,-0.17666521
11112,-16195.762,-16194.022,-1.7396188,-0.03286229,-1.7977649
11113,-16211.112,-16144.885,-66.226961,-1.2723643,-1.5793319
11114,-16096.896,-16084.423,-12.472872,-0.24282797,-1.6444598
11115,-16176.473,-16093.826,-82.647148,-1.5739044,0.60379803
11116,-16080.335,-16118.698,38.363745,0.73483659,0.1395671
11117,-16203.134,-16135.684,-67.449684,-1.2816869,-0.2898448
11118,-16121.335,-16087.962,-33.372826,-0.64401969,0.3144791
11119,-16413.892,-16398.357,-15.534883,-0.30038916,-0.5663178
11120,-16260.999,-16144.48,-116.51856,-2.2250649,-1.0261343
11121,-16232.117,-16248.518,16.401402,0.31217032,-1.4119507
11122,-16865.401,-16852.221,-13.180014,-0.24613073,-0.73120424
11123,-16390.261,-16215.153,-175.10791,-3.1521828,-0.64531521
11124,-16523.26,-16609.264,86.003863,1.569412,-0.21474229
11125,-15969.452,-15744,-225.45168,-3.9671168,-0.1793901
11126,-14829.419,-14853.359,23.940069,0.43675327,0.066229615
11127,-11639.265,-11546.894,-92.370539,-1.4917278,0.95111843
11128,-9445.5416,-9372.2085,-73.333087,-1.1574354,-0.48945652
11129,-3664.587,-3622.1169,-42.470079,-0.55945182,0.85044293
11130,-1910.0529,-1886.6351,-23.417789,-0.44282259,-0.78340467
11131,-1448.9499,-1526.0916,77.141726,1.4411691,-0.78704991
11132,-2915.7744,-2927.3175,11.543177,0.21298116,-2.1570498
11133,-2874.875,-2839.4566,-35.418395,-0.67317322,-0.57887541
11134,-3866.7613,-3929.6809,62.919543,1.1947877,-0.15379735
11135,-3494.5262,-3415.7599,-78.766359,-1.4731566,-0.34070008
11136,-1916.8189,-1888.0506,-28.768382,-0.50785247,0.60587944
11137,-683.77751,-680.13902,-3.6384943,-0.066935631,-1.7805743
11138,-662.77239,-705.51659,42.744201,0.79227029,-2.0684237
11139,-840.60907,-769.92101,-70.688062,-1.3187435,-3.1882168
11140,-1487.4256,-1507.0837,19.658087,0.36028006,-1.8496024
11141,-2561.5148,-2622.079,60.564196,1.1066797,-0.014919509
11142,-4034.2974,-3987.7156,-46.581796,-0.856349,0.019983594
11143,-5200.0821,-5287.2291,87.147017,1.6436449,0.11918027
11144,-6937.5495,-6948.1959,10.646386,0.19561093,-1.6254506
11145,-8468.7022,-8434.3507,-34.351459,-0.64725635,-0.65233641
11146,-9894.7282,-10046.686,151.95742,2.8016843,-2.0913769
11147,-11831.946,-11756.588,-75.358673,-1.4116032,-0.70768277
11148,-13093.668,-13114.54,20.872434,0.38611656,-0.42063708
11149,-14610.985,-14645.384,34.398482,0.63308292,0.44283141
11150,-16130.222,-16012.739,-117.48236,-2.1763633,1.584586
11151,-17242.383,-17282.73,40.347215,0.74827354,0.12029949
11152,-18485.119,-18427.956,-57.162971,-1.0866952,0.49082809
11153,-18796.156,-18770.806,-25.350526,-0.48992306,-0.10459229
11154,-19272.508,-19232.758,-39.749793,-0.76350013,1.0544824
11155,-19396.923,-19375.823,-21.100012,-0.40368739,0.75919628
11156,-19854.593,-19821.599,-32.993769,-0.634566,0.61613417
11157,-20091.809,-20088.215,-3.5942231,-0.068761761,-1.1970169
11158,-20530.695,-20518.117,-12.578165,-0.23955937,-1.474504
11159,-20898.588,-20868.752,-29.835796,-0.56911698,0.51244858
11160,-20875.563,-20869.46,-6.1032035,-0.11563168,-0.25653396
11161,-20674.701,-20690.907,16.205412,0.30770497,-0.78026051
11162,-20427.588,-20367.368,-60.220077,-1.1390865,-0.40079386
11163,-20088.981,-20146.553,57.571463,1.0957402,-0.73542314
11164,-19688.167,-19545.984,-142.18306,-2.7500108,0.53355178
11165,-19133.147,-19131.349,-1.7980089,-0.03474435,1.0304909
11166,-18557.728,-18489.125,-68.603008,-1.3123749,2.3185709
11167,-17888.997,-17826.882,-62.115722,-1.1672418,-0.31705926
11168,-17104.032,-17083.551,-20.480215,-0.39022836,0.97633136
11169,-16431.06,-16331.728,-99.331288,-1.8989879,1.3747144
11170,-15668.21,-15669.081,0.87070679,0.016684224,0.79497491
11171,-14932.424,-14925.346,-7.078486,-0.13525127,0.52918807
11172,-14289.647,-14289.795,0.14729147,0.0028070418,-1.328281
11173,-13679.388,-13644.942,-34.446223,-0.65679934,0.43182747
11174,-13237.674,-13275.602,37.927734,0.72217112,-0.3003961
11175,-12938.553,-12878.863,-59.690498,-1.1378032,0.39623868
11176,-12759.404,-12785.744,26.340526,0.50310234,-0.5773755
11177,-12572.478,-12587.273,14.795195,0.28447277,0.06781878
11178,-12515.32,-12491.122,-24.198278,-0.46747063,-0.71311711
11179,-12445.639,-12443.804,-1.8353403,-0.035378654,-0.21478139
11180,-12498.152,-12493.953,-4.1996616,-0.079372655,-0.46116715
11181,-12566.924,-12487.077,-79.846457,-1.5114179,-0.10198277
11182,-12651.954,-12749.245,97.290625,1.8188384,-1.4111771
11183,-13001.366,-12868.449,-132.91781,-2.5675891,-0.66747693
11184,-13109.119,-13126.471,17.352036,0.33220623,0.39988092
11185,-12516.936,-12510.736,-6.1995233,-0.11484711,0.43952725
11186,-13661.109,-13629.776,-31.333599,-0.57231524,1.2040801
11187,-12196.607,-12210.047,13.439898,0.24543453,-0.48095954
11188,-13014.293,-13051.349,37.056429,0.68036136,-2.120917
11189,-13038.024,-13023.646,-14.378328,-0.25192714,-0.64401084
11190,-14347.916,-14389.485,41.568621,0.76199871,0.0042493809
11191,-12506.231,-12438.85,-67.381243,-1.2444175,0.82756135
11192,-11081.215,-11075.134,-6.0807089,-0.11551504,0.41355551
11193,-12220.844,-12275.362,54.517588,0.98476595,0.092982339
11194,-13721.6,-13726.635,5.0350711,0.094186485,0.2760034
11195,-13564.264,-13493.586,-70.677413,-1.3229166,-0.45437815
11196,-12815.047,-12821.738,6.6908139,0.12905286,-2.2509666
11197,-12535.517,-12551.381,15.863567,0.30393177,-1.5335477
11198,-12531.781,-12426.414,-105.36677,-2.0046151,-0.92117159
11199,-12639.634,-12748.537,108.9032,2.0793303,-0.34748659
11200,-13074.48,-12979.362,-95.118704,-1.8115125,1.1730317
11201,-13449.038,-13485.801,36.762684,0.69385391,-0.87712072
11202,-13109.624,-13143.457,33.832887,0.647255,0.15086431
11203,-13042.165,-13013.637,-28.528241,-0.54913768,-1.2319474
11204,-13432.477,-13467.905,35.428685,0.6790525,-0.16251111
11205,-13450.452,-13468.916,18.464201,0.34782026,-0.15137637
11206,-14161.092,-14162.907,1.8148798,0.034577915,-1.4494761
11207,-14117.971,-14165.536,47.564736,0.90827327,-1.8877349
11208,-14237.034,-14158.155,-78.878712,-1.5133641,-1.2372577
11209,-14827.702,-14886.622,58.920658,1.1420641,-0.094075225
11210,-14904.047,-14842.641,-61.405947,-1.1782058,-0.22197331
11211,-15118.744,-15124.12,5.376079,0.10243874,-0.060206627
11212,-15524.607,-15537.441,12.833263,0.24081125,-0.8139682
11213,-16091.342,-16057.125,-34.217209,-0.65464825,-0.76651751
11214,-16462.971,-16449.719,-13.252404,-0.25588506,-1.3429158
11215,-16560.221,-16535.76,-24.461034,-0.47535981,-0.40477917
11216,-16788.349,-16829.472,41.123636,0.79122013,0.48378022
11217,-16983.151,-16952.417,-30.734023,-0.58903509,-0.041666914
11218,-17291.967,-17345.517,53.549724,1.0279421,-0.58957749
11219,-17585.433,-17602.528,17.094905,0.33176328,0.058662826
11220,-17781.952,-17740.032,-41.920278,-0.80967348,0.69951715
11221,-17740.144,-17836.183,96.039665,1.8391804,-0.78361888
11222,-17823.659,-17760.961,-62.698666,-1.2225551,-0.78131628
11223,-17782.255,-17751.457,-30.798276,-0.59297178,-0.9262777
11224,-17898.894,-17978.439,79.545293,1.5273204,0.587153
11225,-17994.326,-17838.711,-155.61494,-3.0037264,0.072799476
11226,-17723.885,-17823.545,99.660211,1.9054588,0.21668671
11227,-17695.104,-17648.126,-46.977365,-0.91198707,1.1331342
11228,-17637.34,-17595.349,-41.990514,-0.81529429,0.0047694333
11229,-17473.944,-17515.273,41.329318,0.80182633,-0.70822666
11230,-17400.123,-17343.393,-56.729712,-1.0912007,-0.30844014
11231,-17239.151,-17276.562,37.411316,0.71506118,-0.07937217
11232,-17138.569,-17142.799,4.2305318,0.080664475,0.045630518
11233,-17008.802,-16999.33,-9.4714041,-0.18347442,-1.3092692
11234,-16887.315,-16911.267,23.951795,0.47283439,-0.65927793
11235,-16782.189,-16809.858,27.66926,0.54440224,-0.46485359
11236,-16688.069,-16731.299,43.22915,0.83395734,0.12057922
11237,-16653.229,-16597.738,-55.491435,-1.0529333,-1.0307152
11238,-16607.079,-16679.937,72.858308,1.3994957,-2.6683879
11239,-16623.135,-16533.232,-89.903078,-1.7378665,-1.7387335
11240,-16663.53,-16650.414,-13.115881,-0.255326,0.9647962
11241,-16606.978,-16620.183,13.20574,0.25536526,1.267106
11242,-16714.326,-16628.07,-86.256328,-1.6689658,-0.42769836
11243,-16617.076,-16671.039,53.96336,1.0484347,1.3776055
11244,-16923.973,-16891.147,-32.826256,-0.63215196,2.1268075
11245,-16743.006,-16708.954,-34.051731,-0.65963136,0.65829605
11246,-16670.7,-16774.167,103.46765,2.005934,-1.2498891
11247,-17357.911,-17338.54,-19.370564,-0.36801559,-0.79094435
11248,-16786.329,-16769.415,-16.913512,-0.30562856,0.98692628
11249,-16985.777,-17063.937,78.160083,1.4283376,0.59465194
11250,-16312.502,-16220.916,-91.585503,-1.6077433,0.022804783
11251,-15185.496,-15204.297,18.80114,0.34459322,-0.2892625
11252,-12432.309,-12306.907,-125.40248,-2.1567061,0.72117795
11253,-10942.965,-10823.381,-119.58416,-1.920211,0.43803947
11254,-5000.4323,-4641.1627,-359.26963,-4.3899948,0.69229629
11255,-1908.3361,-1743.267,-165.06911,-2.9938267,0.32377002
11256,-430.40316,-278.84992,-151.55323,-2.6939522,-1.3403513
11257,-1936.0063,-1756.9163,-179.09004,-3.219283,-1.289119
11258,-2163.9321,-1916.9668,-246.96533,-4.5700166,-1.6458503
11259,-2993.2308,-2833.2891,-159.94167,-2.9919134,0.52527308
11260,-2761.9724,-2575.8736,-186.09877,-3.4837094,-0.27503019
11261,-1577.3034,-1338.5403,-238.76307,-4.1289471,0.48686036
11262,-278.21696,-43.778831,-234.43813,-4.2212246,-0.40447103
11263,173.39329,278.34439,-104.9511,-1.9249929,-2.3441932
11264,82.000789,385.31438,-303.31359,-5.6191318,-3.1156383
11265,-574.61144,-480.96051,-93.650934,-1.7019319,-1.2333945
11266,-1539.3325,-1350.4708,-188.86177,-3.4485431,0.74934849
11267,-2955.4619,-2767.9747,-187.48721,-3.3840318,0.12856993
11268,-4318.3716,-4243.6145,-74.757064,-1.3887662,0.05011229
11269,-6185.8083,-5996.1833,-189.62503,-3.3839306,0.27008805
11270,-7719.6876,-7609.5292,-110.15835,-2.013941,1.1191913
11271,-9295.9811,-9278.4834,-17.497653,-0.31239835,-0.92205806
11272,-11378.215,-11272.695,-105.52028,-1.9544514,0.68223409
11273,-12823.429,-12739.943,-83.485669,-1.5642908,-0.013721357
11274,-14289.142,-14318.306,29.164071,0.53196084,0.70137968
11275,-15898.155,-15821.447,-76.708347,-1.4113197,2.4975969
11276,-17146.244,-17211.248,65.004238,1.1842643,-0.16324026
11277,-18596.204,-18611.362,15.158219,0.28428307,0.094460458
11278,-19117.696,-19134.585,16.888266,0.32752822,0.53537914
11279,-19651.61,-19664.885,13.27442,0.25502738,1.1888504
11280,-19778.348,-19863.659,85.310839,1.6491255,0.011758845
11281,-20227.837,-20217.529,-10.308249,-0.19756273,-0.74780731
11282,-20496.259,-20583.229,86.970291,1.6382005,-0.86380384
11283,-20999.776,-20980.777,-18.998686,-0.35670475,-0.2826527
11284,-21365.548,-21389.447,23.899148,0.45452864,-0.89426841
11285,-21418.162,-21434.338,16.176337,0.31182549,0.32910557
11286,-21252.443,-21271.457,19.013164,0.35682175,0.97666391
11287,-21015.429,-20971.374,-44.054389,-0.81515654,0.62733129
11288,-20675.711,-20738.325,62.614192,1.1773475,0.63676978
11289,-20191.179,-20130.983,-60.196865,-1.1492647,-0.0046642794
11290,-19648.278,-19695.52,47.242035,0.90135865,0.66906851
11291,-19007.419,-19008.101,0.68177646,0.012961643,0.84824875
11292,-18335.558,-18290.047,-45.510792,-0.86051503,-0.060403705
11293,-17484.447,-17516.689,32.242235,0.62163106,0.65072167
11294,-16758.255,-16686.61,-71.645038,-1.3809178,0.44762266
11295,-16018.329,-15986.957,-31.371648,-0.59784772,-1.3170287
11296,-15156.917,-15150.205,-6.711394,-0.1269807,-2.8222604
11297,-14525.753,-14468.449,-57.3044,-1.0964035,-1.134533
11298,-13851.973,-13719.254,-132.71883,-2.5436399,-0.70146221
11299,-13343.912,-13328.379,-15.53249,-0.29545965,0.68460497
11300,-12979.553,-12799.899,-179.65456,-3.4506622,1.1575869
11301,-12712.849,-12693.03,-19.818899,-0.37195158,0.40486862
11302,-12561.976,-12422.167,-139.80809,-2.6638291,1.9446646
11303,-12427.058,-12326.016,-101.04219,-1.9189746,-0.10962853
11304,-12322.335,-12245.839,-76.496443,-1.4640694,1.1052856
11305,-12355.156,-12272.126,-83.029436,-1.5833635,-0.47127655
11306,-12369.193,-12266.262,-102.93066,-1.9456421,-0.69379503
11307,-12476.238,-12470.092,-6.1466371,-0.11688034,-1.4259205
11308,-12759.505,-12640.657,-118.84735,-2.2756174,-0.70264067
11309,-12933.504,-12890.085,-43.418439,-0.82269811,0.19921401
11310,-12351.621,-12288.607,-63.014667,-1.1783991,-0.8086916
11311,-13492.058,-13412.196,-79.86249,-1.4532607,-0.77482388
11312,-12082.796,-11978.919,-103.87662,-1.8989307,-0.61879752
11313,-12891.695,-12854.597,-37.098307,-0.67599621,-2.4708312
11314,-12977.13,-12842.06,-135.06975,-2.3084401,-1.294326
11315,-14242.79,-14182.724,-60.066205,-1.0899706,-0.08750373
11316,-12357.781,-12244.626,-113.15587,-2.0499071,0.4985417
11317,-11007.596,-10824.291,-183.30538,-3.4490132,1.0446774
11318,-12091.683,-12135.836,44.152863,0.80541348,-0.14635261
11319,-13632.833,-13523.615,-109.2186,-2.0426049,-0.42425218
11320,-13371.178,-13258.919,-112.25848,-2.0619802,-1.3077087
11321,-12642.664,-12639.242,-3.4218047,-0.065252052,-2.2400721
11322,-12392.42,-12259.488,-132.93157,-2.5319311,-3.8700944
11323,-12316.074,-12240.48,-75.593909,-1.4530849,-1.6467867
11324,-12479.167,-12454.521,-24.645537,-0.46802661,0.12259123
11325,-12885.636,-12769.062,-116.57468,-2.2138252,1.6252032
11326,-13258.982,-13222.926,-36.056498,-0.68437325,1.1593394
11327,-12973.292,-12870.269,-103.02375,-1.9749783,1.6472622
11328,-12851.301,-12798.483,-52.817574,-1.0010757,-0.32681266
11329,-13345.527,-13214.13,-131.39787,-2.4909641,1.3134214
11330,-13281.906,-13243.046,-38.860301,-0.72639675,0.63667906
11331,-14020.822,-13925.51,-95.311822,-1.8072051,-0.1381733
11332,-13999.514,-13881.63,-117.88367,-2.2585771,-1.173163
11333,-14048.593,-13968.177,-80.416359,-1.5246456,-1.3076369
11334,-14699.752,-14608.379,-91.373121,-1.7543973,0.41097747
11335,-14669.456,-14660.145,-9.3110706,-0.17597915,-1.1262056
11336,-14985.341,-14902.9,-82.440749,-1.5558002,-0.80973644
11337,-15380.904,-15339.374,-41.529734,-0.78923593,-1.6644884
11338,-15914.616,-15939.033,24.417002,0.46973726,-1.0518502
11339,-16384.909,-16275.716,-109.19324,-2.0966274,-0.92015117
11340,-16449.439,-16481.264,31.82477,0.60756922,-0.49990664
11341,-16769.363,-16705.719,-63.644514,-1.2077467,0.79204929
11342,-16961.237,-16888.72,-72.516702,-1.3837777,1.2168485
11343,-17301.056,-17333.081,32.024947,0.6177654,2.5721552
11344,-17677.33,-17572.701,-104.62876,-2.0242316,0.51349203
11345,-17789.223,-17788.36,-0.86269011,-0.016356416,-0.079526194
11346,-17842.342,-17837.801,-4.5406695,-0.086255493,-0.68512965
11347,-17890.815,-17824.455,-66.360014,-1.2906822,-0.38648587
11348,-17852.339,-17809.896,-42.443516,-0.82733436,-0.16653897
11349,-17996.951,-18001.795,4.8431495,0.093098573,0.24476085
11350,-17994.528,-17922.123,-72.404588,-1.3800271,0.99657832
11351,-17838.1,-17814.648,-23.452488,-0.43987844,1.6566394
11352,-17706.515,-17706.768,0.25258514,0.0048376955,1.7018341
11353,-17681.774,-17626.793,-54.980521,-1.0831282,0.33314185
11354,-17534.233,-17547.223,12.990007,0.25351936,-0.32803647
11355,-17415.372,-17398.092,-17.280365,-0.32981993,0.78901528
11356,-17341.147,-17263.115,-78.031816,-1.4877119,1.2404578
11357,-17154.727,-17158.066,3.3397235,0.064767002,-0.64308395
11358,-17085.046,-16984.872,-100.17412,-1.9343276,-0.035230645
11359,-16974.971,-16906.313,-68.658407,-1.3358784,1.1952188
11360,-16814.908,-16781.346,-33.562115,-0.65637232,-0.34285109
11361,-16742.703,-16658.199,-84.503906,-1.6229621,-1.4185991
11362,-16634.547,-16568.417,-66.129684,-1.2572533,-2.2157844
11363,-16596.071,-16599.861,3.7899735,0.073058222,-1.3712831
11364,-16595.97,-16474.894,-121.07586,-2.3561376,-0.25352564
11365,-16554.768,-16561.34,6.5719996,0.1277048,0.81912337
11366,-16577.086,-16499.665,-77.420515,-1.4869177,2.1442875
11367,-16595.364,-16549.005,-46.359363,-0.88878063,0.42626603
11368,-16563.049,-16524.84,-38.208078,-0.74148357,0.75258197
11369,-16843.083,-16817.239,-25.844688,-0.50557351,0.5368595
11370,-16649.897,-16582.471,-67.425873,-1.3070291,-0.65908207
11371,-16665.247,-16657.39,-7.856343,-0.15109042,-0.66662606
11372,-17280.757,-17255.532,-25.225011,-0.48266619,-0.14972767
11373,-16812.989,-16673.567,-139.42221,-2.5668598,-0.48901535
11374,-16976.89,-17003.374,26.484467,0.48508865,0.52510019
11375,-16337.95,-16183.002,-154.94872,-2.7376994,-0.372786
11376,-15177.821,-15124.019,-53.80195,-0.97243501,-0.083573949
11377,-11827.705,-11717.258,-110.44743,-1.7949701,1.3904185
11378,-9434.1302,-9369.8831,-64.247081,-0.9933862,0.58896764
11379,-3427.3704,-3310.1043,-117.26615,-1.5315773,1.7570769
11380,-1596.2888,-1678.0537,81.764955,1.5227432,0.11958603
11381,-1268.5886,-1243.8041,-24.784453,-0.4462738,-1.3992216
11382,-2608.5744,-2672.733,64.158658,1.1822851,-2.3241417
11383,-2544.3471,-2487.6082,-56.738925,-1.0582864,-1.5748486
11384,-3522.7014,-3605.3333,82.631953,1.5639084,-0.914062
11385,-3096.7416,-3072.5055,-24.236088,-0.45417364,-0.56244358
11386,-1456.9278,-1398.3949,-58.532866,-1.0194085,0.10065076
11387,-193.0856,-201.50395,8.4183479,0.15529385,-0.68525195
11388,-230.65247,-268.53712,37.884659,0.69085067,-2.1028711
11389,-394.85602,-298.56556,-96.290455,-1.785848,-2.4501197
11390,-1017.6379,-1131.3744,113.73654,2.0687858,-0.27881065
11391,-2227.4525,-2178.6288,-48.823714,-0.88038129,1.6678761
11392,-3694.5799,-3693.9021,-0.67782794,-0.012281083,0.6988087
11393,-4974.075,-5013.1311,39.056171,0.72028406,-0.46553902
11394,-6778.3953,-6751.7472,-26.648031,-0.47584351,-1.122588
11395,-8322.0702,-8329.3017,7.2315208,0.1320645,-0.24719779
11396,-9928.9625,-9973.8894,44.926891,0.80144748,-1.4756976
11397,-11807.71,-11804.613,-3.0967105,-0.056721442,-1.2922424
11398,-13213.639,-13183.292,-30.347189,-0.56397934,-0.41299589
11399,-14739.036,-14838.092,99.05573,1.8288163,-1.5050458
11400,-16339.566,-16271.773,-67.793563,-1.272904,1.0426781
11401,-17547.765,-17557.94,10.175077,0.18851498,-0.45665922
11402,-18781.614,-18771.008,-10.606302,-0.20089072,1.4425144
11403,-19173.744,-19129.226,-44.517681,-0.86354548,-0.74041419
11404,-19667.364,-19606.85,-60.514182,-1.1733788,0.19821599
11405,-19801.272,-19830.799,29.527573,0.5584408,0.18081308
11406,-20314.787,-20198.42,-116.36637,-2.2280465,0.14993158
11407,-20536.451,-20549.258,12.806222,0.2466928,-0.30967528
11408,-21041.281,-20941.649,-99.631973,-1.896922,-0.58721026
11409,-21382.514,-21371.45,-11.063373,-0.21049667,0.80997824
11410,-21345.351,-21331.311,-14.039474,-0.26721175,0.23138374
11411,-21167.413,-21092.6,-74.812702,-1.4203381,-0.07962149
11412,-20825.676,-20831.646,5.9703899,0.11252238,0.13994012
11413,-20534.129,-20528.632,-5.4966881,-0.10534401,-0.62956189
11414,-20032.732,-19983.469,-49.262956,-0.94606703,-2.3917652
11415,-19483.266,-19471.773,-11.49376,-0.21853496,-0.2137765
11416,-18865.534,-18813.472,-52.061374,-0.98459481,1.3630523
11417,-18164.387,-18115.033,-49.353412,-0.92538975,0.43063225
11418,-17371.948,-17360.682,-11.265465,-0.21608703,0.40745003
11419,-16629.497,-16556.992,-72.505335,-1.4109532,-0.89095139
11420,-15887.451,-15872.607,-14.844253,-0.28101585,-1.8595525
11421,-15088.448,-15050.515,-37.933118,-0.7100946,-2.3797778
11422,-14439.208,-14399.09,-40.117842,-0.75155566,-0.64711761
11423,-13780.273,-13686.395,-93.878034,-1.759373,0.059749205
11424,-13301.901,-13360.632,58.730531,1.1022106,0.45781449
11425,-12986.925,-12898.275,-88.650562,-1.6883133,0.68958093
11426,-12776.975,-12777.858,0.88267198,0.016665128,-0.82005824
11427,-12540.566,-12578.983,38.416153,0.73142765,0.99280869
11428,-12503.202,-12481.82,-21.381673,-0.41357415,0.52373728
11429,-12401.71,-12452.095,50.384333,0.97566145,-0.20542391
11430,-12452.91,-12434.502,-18.408084,-0.35347721,-0.46924438
11431,-12515.421,-12467.867,-47.553609,-0.89818121,0.54687009
11432,-12634.787,-12692.626,57.839005,1.0918592,-0.32914066
11433,-12985.209,-12873.706,-111.50252,-2.1396473,0.39029589
11434,-13103.564,-13102.509,-1.0558083,-0.020175668,1.2642206
11435,-12516.229,-12532.373,16.144031,0.29591667,-0.22205997
11436,-13684.134,-13584.076,-100.05829,-1.8066044,0.37101773
11437,-12216.401,-12224.506,8.1047403,0.14818058,-0.3983578
11438,-13049.739,-13048.72,-1.0184769,-0.018730189,-2.3313919
11439,-13085.084,-13095.33,10.24615,0.17727839,-1.848319
11440,-14355.894,-14356.12,0.22578311,0.004045941,-0.89153806
11441,-12446.649,-12381.22,-65.42972,-1.1726288,0.56553667
11442,-11080.306,-11054.104,-26.201849,-0.48773548,-0.019587121
11443,-12231.448,-12313.479,82.030941,1.4727512,-0.071981783
11444,-13726.649,-13764.145,37.49603,0.70977393,-0.083413501
11445,-13473.881,-13440.101,-33.779762,-0.63161334,-0.59228631
11446,-12778.692,-12824.367,45.674595,0.87274029,-1.4683065
11447,-12517.037,-12479.09,-37.946639,-0.71601278,-0.57416791
11448,-12531.074,-12452.095,-78.978981,-1.4893172,-0.020267282
11449,-12622.668,-12704.556,81.887838,1.5519373,2.0480087
11450,-13082.155,-12986.641,-95.514034,-1.7835891,1.4756886
11451,-13444.393,-13420.487,-23.906328,-0.44838833,0.43752664
11452,-13102.454,-13095.027,-7.4267927,-0.14169233,0.2814485
11453,-13044.993,-12997.864,-47.128366,-0.89440455,-0.13556015
11454,-13402.888,-13444.449,41.561083,0.78539356,1.2511765
11455,-13449.139,-13451.223,2.0834983,0.039078051,0.94550768
11456,-14130.392,-14137.731,7.3393271,0.13962468,-0.28679165
11457,-14092.32,-14125.295,32.975103,0.63442818,-1.2266319
11458,-14206.839,-14166.344,-40.494267,-0.7738321,-0.65313333
11459,-14813.867,-14881.062,67.194945,1.303954,0.2995408
11460,-14890.616,-14834.047,-56.56878,-1.0828555,-0.50005488
11461,-15134.397,-15130.995,-3.4015835,-0.063921186,-0.6157699
11462,-15578.433,-15548.562,-29.870735,-0.55945266,-0.10549877
11463,-16140.825,-16143.671,2.8461595,0.053746467,-0.93192982
11464,-16533.157,-16487.633,-45.523116,-0.87912541,-0.54268289
11465,-16656.057,-16642.831,-13.225841,-0.25296255,-0.10367546
11466,-16896.303,-16869.005,-27.298219,-0.51293339,0.81165119
11467,-17096.761,-17063.532,-33.228167,-0.62708612,0.0042193249
11468,-17444.961,-17448.543,3.5824972,0.068758989,0.94097227
11469,-17705.505,-17701.106,-4.3994803,-0.086925912,0.44409134
11470,-17900.914,-17865.504,-35.40966,-0.68490689,-1.1554393
11471,-17854.056,-17926.471,72.414758,1.4007828,-2.7734101
11472,-17927.473,-17892.803,-34.670451,-0.68343153,-1.7027668
11473,-17886.372,-17896.543,10.171846,0.20027692,-0.4454353
11474,-18009.878,-18103.709,93.831609,1.8270067,-0.69781754
11475,-18073.499,-17955.893,-117.60644,-2.2849725,0.71719873
11476,-17845.068,-17887.646,42.577885,0.81767398,0.088911738
11477,-17790.839,-17758.938,-31.90027,-0.62152942,0.87748564
11478,-17751.858,-17704.341,-47.516756,-0.9303044,0.26616872
11479,-17568.164,-17578.464,10.300352,0.20089233,0.78174446
11480,-17496.868,-17457.239,-39.629303,-0.76464465,0.79894677
11481,-17356.901,-17306.186,-50.714572,-0.97507558,1.2389343
11482,-17192.293,-17239.457,47.163065,0.91660426,-0.25315351
11483,-17108.677,-17025.921,-82.755912,-1.6185699,-1.0448868
11484,-16939.626,-16982.547,42.920568,0.84178507,0.12560649
11485,-16882.367,-16838.066,-44.300513,-0.85197019,-0.028086125
11486,-16712.407,-16721.997,9.5897399,0.18247645,-1.1942687
11487,-16665.852,-16640.708,-25.144725,-0.47079614,-1.8668916
11488,-16626.064,-16692.676,66.61224,1.2625881,-2.5330901
11489,-16609.805,-16562.452,-47.353311,-0.91837572,-0.51903719
11490,-16633.335,-16647.381,14.045815,0.27113319,1.2162211
11491,-16622.327,-16597.94,-24.387448,-0.4686977,2.3026618
11492,-16693.119,-16678.825,-14.294093,-0.27431354,0.56439
11493,-16651.31,-16640.506,-10.804924,-0.20608896,-0.047377458
11494,-16932.355,-16928.758,-3.5967357,-0.069655412,-0.76489274
11495,-16766.334,-16704.607,-61.727093,-1.1980007,0.011951411
11496,-16732.705,-16751.722,19.016633,0.36748764,-0.4814765
11497,-17370.13,-17370.288,0.15734223,0.0029766109,-0.63460248
11498,-16867.623,-16767.09,-100.53283,-1.8317672,-0.37075282
11499,-16976.385,-17119.141,142.75559,2.6232056,-1.7820597
11500,-16353.704,-16187.349,-166.35501,-2.9281003,-0.6733362
11501,-15043.206,-15078.016,34.809486,0.62861496,-1.0632211
11502,-11798.823,-11701.283,-97.540099,-1.6128279,0.50332618
11503,-9541.6805,-9424.3791,-117.30133,-1.7947546,0.57451959
11504,-3265.7925,-2968.7709,-297.02157,-3.6477088,0.070962704
11505,-452.11519,-269.95261,-182.16258,-3.2381267,-0.93331593
11506,1055.2047,1228.0316,-172.82686,-3.0957375,-0.20343648
11507,-352.84576,-189.77567,-163.07009,-2.945803,-0.43472232
11508,-731.03905,-456.29068,-274.74837,-5.1081349,-0.68082757
11509,-1500.9578,-1403.9558,-97.002025,-1.8147025,-0.80212306
11510,-1048.0347,-793.68088,-254.35383,-4.7201798,-0.2520493
11511,271.65286,541.01738,-269.36452,-4.6946358,0.29797665
11512,1599.3183,1836.7899,-237.47155,-4.3033359,-1.0019396
11513,2010.7361,2179.5387,-168.80261,-3.0826536,-1.2877113
11514,2039.7191,2273.3649,-233.6458,-4.2688121,-3.3894638
11515,1185.4769,1403.3491,-217.87221,-3.8803774,-1.5685991
11516,153.90296,280.66983,-126.76687,-2.2944543,-0.59769853
11517,-1434.0039,-1205.9905,-228.01342,-4.0342108,-0.18293994
11518,-2876.5917,-2845.4218,-31.169915,-0.56705895,-0.71174424
11519,-4941.5574,-4814.6603,-126.89705,-2.2389586,0.18871914
11520,-6696.7984,-6559.545,-137.2534,-2.4701551,0.33858013
11521,-8404.374,-8413.3207,8.9467306,0.15949566,-0.94007164
11522,-10638.996,-10506.818,-132.17812,-2.3943156,-0.26814796
11523,-12276.084,-12188.613,-87.470675,-1.6004683,0.62688985
11524,-13904.183,-13964.032,59.848558,1.0881161,0.33450356
11525,-15708.301,-15529.049,-179.25241,-3.2771578,0.75005053
11526,-17115.241,-17170.907,55.665767,1.0017693,-0.034852057
11527,-18566.817,-18544.126,-22.690186,-0.42291856,1.6611049
11528,-19149.204,-19146.009,-3.1944661,-0.06119233,0.91382551
11529,-19708.869,-19772.765,63.895185,1.2143968,1.2860233
11530,-19938.613,-19913.807,-24.805751,-0.47063752,0.84878035
11531,-20357.807,-20416,58.193294,1.1085839,0.27755937
11532,-20710.148,-20730.54,20.39275,0.38669882,-1.678657
11533,-21242.85,-21265.491,22.641607,0.43386571,-1.5573638
11534,-21578.932,-21634.123,55.191467,1.0666095,0.85261068
11535,-21672.748,-21652.626,-20.122337,-0.38491874,1.7781424
11536,-21475.219,-21528.569,53.349785,0.99817611,1.1025423
11537,-21230.63,-21170.25,-60.38077,-1.1318039,-0.2205059
11538,-20841.531,-20895.646,54.115558,1.0302532,-0.82823185
11539,-20302.365,-20247.355,-55.009836,-1.0466859,-1.0533341
11540,-19732.601,-19682.78,-49.820773,-0.94681299,1.5042474
11541,-18982.375,-18978.275,-4.0998719,-0.077473213,0.89611539
11542,-18244.873,-18123.021,-121.85205,-2.3381105,1.7263615
11543,-17331.654,-17359.267,27.612545,0.5304036,0.043590761
11544,-16468.626,-16396.537,-72.089305,-1.3983831,1.0995596
11545,-15644.983,-15571.716,-73.267398,-1.3849965,-0.51963504
11546,-14689.654,-14696.442,6.7886892,0.12792297,-0.33650345
11547,-13982.447,-13870.408,-112.03975,-2.1192716,0.77903906
11548,-13197.28,-13164.183,-33.09643,-0.63571406,0.10315461
11549,-12638.119,-12603.248,-34.871107,-0.66455173,0.62845758
11550,-12270.63,-12090.641,-179.98898,-3.4219782,1.6379931
11551,-11959.694,-11931.197,-28.496413,-0.53919231,0.7188439
11552,-11798.217,-11627.374,-170.84255,-3.2304019,1.3276657
11553,-11649.06,-11571.564,-77.496374,-1.4886921,0.14361357
11554,-11524.241,-11439.52,-84.721673,-1.6353581,0.3786835
11555,-11590.488,-11436.891,-153.59737,-2.9187507,0.10001965
11556,-11578.875,-11497.656,-81.219342,-1.508906,0.15964679
11557,-11728.436,-11636.272,-92.163781,-1.7091903,0.13877005
11558,-11992.514,-11893.485,-99.029406,-1.8707323,-1.3278225
11559,-12153.991,-12085.384,-68.607435,-1.2956945,0.15523832
11560,-11601.799,-11520.303,-81.495499,-1.5139735,-1.6060435
11561,-12714.364,-12620.739,-93.624372,-1.6962177,-0.56078377
11562,-11307.828,-11188.676,-119.15186,-2.1600467,-0.23644228
11563,-12131.774,-12160.101,28.326747,0.51975749,-2.9656838
11564,-12223.066,-12069.207,-153.85893,-2.6915032,-1.6479571
11565,-13486.908,-13430.092,-56.81646,-1.027036,0.33116338
11566,-11547.064,-11407.469,-139.59511,-2.5150089,0.63549669
11567,-10290.594,-10103.204,-187.39029,-3.5334411,2.2889303
11568,-11381.144,-11414.648,33.503725,0.60775077,1.4017528
11569,-12897.856,-12765.321,-132.53493,-2.4679303,1.0881622
11570,-12624.284,-12473.529,-150.7548,-2.7842887,1.5174855
11571,-11897.183,-11829.485,-67.69844,-1.3080616,-1.5578453
11572,-11637.952,-11477.94,-160.01191,-3.0933816,0.25936926
11573,-11543.732,-11501.498,-42.234125,-0.80436617,0.49749874
11574,-11706.32,-11651.64,-54.679716,-1.035292,1.1345765
11575,-12128.745,-12011.779,-116.96594,-2.2357644,2.236799
11576,-12467.25,-12386.882,-80.368977,-1.5363572,0.016331823
11577,-12151.972,-12060.209,-91.763067,-1.7526969,0.73596596
11578,-12087.037,-12027.652,-59.385027,-1.1399958,0.20329229
11579,-12502.495,-12374.547,-127.94807,-2.4675589,1.6809909
11580,-12531.579,-12484.145,-47.433359,-0.89860738,0.16942801
11581,-13246.359,-13106.25,-140.10937,-2.6161186,-0.31180612
11582,-13233.029,-13170.856,-62.172557,-1.150976,-0.98206572
11583,-13352.596,-13255.886,-96.710194,-1.8093152,-1.3197831
11584,-13994.566,-13904.885,-89.681004,-1.6973066,0.080361441
11585,-14061.721,-13963.122,-98.599856,-1.8655796,0.56663688
11586,-14339.131,-14234.995,-104.13531,-1.9598257,0.22505345
11587,-14819.421,-14737.289,-82.131808,-1.5212875,0.39938312
11588,-15348.286,-15356.36,8.074588,0.15311185,0.22199595
11589,-15845.239,-15706.085,-139.15335,-2.6450982,-1.2547021
11590,-15948.144,-15947.829,-0.31420586,-0.0060067662,-1.5928775
11591,-16255.849,-16175.52,-80.328773,-1.5490462,0.484462
11592,-16483.168,-16463.469,-19.699248,-0.38099917,1.0784686
11593,-16863.886,-16880.935,17.048839,0.32928463,1.5993284
11594,-17208.552,-17109.333,-99.218935,-1.9068632,0.36708949
11595,-17410.02,-17380.297,-29.722725,-0.56289738,1.1157432
11596,-17411.434,-17369.681,-41.752646,-0.79933312,-0.19249511
11597,-17532.415,-17447.633,-84.781499,-1.6785953,-0.057324274
11598,-17466.572,-17409.011,-57.560934,-1.1216788,-0.28540255
11599,-17606.236,-17608.796,2.5603111,0.048828865,1.2185768
11600,-17661.98,-17520.531,-141.44947,-2.6948822,2.0727398
11601,-17401.133,-17382.117,-19.016035,-0.36287121,1.8844515
11602,-17354.275,-17313.769,-40.505993,-0.78002105,2.9808036
11603,-17240.666,-17198.003,-42.662718,-0.83205542,1.6008302
11604,-17104.839,-17066.97,-37.869464,-0.72566133,1.1635477
11605,-16947.503,-16922.288,-25.215439,-0.48282633,0.19064176
11606,-16827.43,-16732.107,-95.32295,-1.811482,1.1089435
11607,-16653.128,-16686.306,33.178272,0.63668335,-0.64505403
11608,-16542.447,-16423.937,-118.51053,-2.2820295,-0.89791156
11609,-16392.988,-16364.79,-28.197882,-0.54703468,-1.2924792
11610,-16286.548,-16218.995,-67.553063,-1.3245024,-0.40953055
11611,-16142.643,-16065.618,-77.025305,-1.4833656,-0.093888732
11612,-16100.33,-16021.637,-78.693132,-1.497236,0.24819696
11613,-16013.179,-15986.755,-26.423564,-0.50422223,-0.92550463
11614,-16025.6,-15892.423,-133.17662,-2.5512808,-0.86071521
11615,-16014.29,-15939.741,-74.54863,-1.4436696,1.4897739
11616,-15977.026,-15899.804,-77.221534,-1.4743921,2.4815622
11617,-16068.923,-15953.795,-115.12845,-2.2042299,0.35029501
11618,-15937.338,-15933.877,-3.4612898,-0.066965209,0.028025912
11619,-16295.435,-16213.94,-81.49514,-1.5730749,1.2931666
11620,-16053.674,-15985.34,-68.334509,-1.3005321,-0.14047
11621,-16064.076,-16048.935,-15.140511,-0.2887108,-0.67322871
11622,-16709.277,-16684.183,-25.093274,-0.47407662,-0.93313546
11623,-16200.104,-16084.524,-115.57966,-2.1015382,0.32208116
11624,-16374.204,-16420.196,45.991553,0.84034348,0.65698312
11625,-15784.849,-15550.281,-234.56771,-4.0910244,0.90992083
11626,-14500.305,-14473.1,-27.20501,-0.49098238,1.0222264
11627,-11159.883,-11000.417,-159.46617,-2.5814103,2.4841666
11628,-8640.4797,-8585.4028,-55.076841,-0.83926462,-0.36444985
11629,-2758.3369,-2594.4771,-163.85979,-2.164109,1.450854
11630,-1124.6832,-1084.6635,-40.019728,-0.73700456,-0.099032533
11631,-667.92268,-646.16746,-21.755226,-0.38801069,0.44904877
11632,-2105.4611,-2067.5134,-37.947716,-0.68669162,-1.0506239
11633,-2004.5759,-1950.534,-54.041972,-0.99048586,-0.84467423
11634,-3027.5661,-3031.7599,4.1937987,0.078232532,-0.28311367
11635,-2490.7235,-2412.6888,-78.034688,-1.4523577,-1.3287685
11636,-826.06706,-753.23855,-72.828515,-1.2814205,-0.38688547
11637,392.53333,379.95577,12.577567,0.23202254,0.37589819
11638,371.73018,321.92101,49.809166,0.90105871,-1.4952344
11639,209.04142,316.36019,-107.31877,-1.9653448,-2.4774712
11640,-513.51479,-542.43286,28.918067,0.52156688,-1.6612096
11641,-1694.6493,-1658.1359,-36.513449,-0.65920481,0.54758556
11642,-3230.1444,-3134.079,-96.06539,-1.7376157,0.31793091
11643,-4467.4272,-4511.3428,43.915593,0.81673274,-0.053782745
11644,-6322.6446,-6235.2986,-87.345998,-1.5736626,-1.3415023
11645,-7883.3862,-7830.3444,-53.041802,-0.96726578,-0.17615293
11646,-9449.6821,-9476.6509,26.968818,0.48286762,-1.5296962
11647,-11375.085,-11326.281,-48.803612,-0.8856294,-0.79177222
11648,-12745.467,-12728.923,-16.544865,-0.30498004,1.1249608
11649,-14323.882,-14326.698,2.8166054,0.05105122,0.27862524
11650,-15882.301,-15807.798,-74.502803,-1.361783,1.9575925
11651,-17083.834,-17072.531,-11.303514,-0.20610268,-0.66375636
11652,-18314.654,-18304.506,-10.148514,-0.19129134,0.81822713
11653,-18699.815,-18647.457,-52.358829,-1.0191937,0.66478787
11654,-19168.391,-19140.044,-28.347088,-0.53488623,2.4795529
11655,-19361.679,-19339.728,-21.950617,-0.41104759,2.0520079
11656,-19867.418,-19767.406,-100.01175,-1.8945087,0.52996165
11657,-20104.836,-20096.303,-8.5329744,-0.16307017,-0.13417871
11658,-20598.962,-20543.09,-55.871688,-1.0475389,-0.057902976
11659,-20960.29,-20881.289,-79.001236,-1.4828263,0.89366657
11660,-20943.83,-20885.333,-58.496252,-1.103767,-0.40985717
11661,-20712.167,-20636.31,-75.857622,-1.4360958,-0.094897493
11662,-20423.145,-20373.94,-49.204805,-0.91755549,-0.30696044
11663,-20074.036,-20085.586,11.550595,0.21889717,0.65210151
11664,-19577.486,-19466.919,-110.56696,-2.1174412,0.11203616
11665,-19009.54,-19007.899,-1.6411453,-0.031245141,0.66597395
11666,-18375.145,-18297.529,-77.615547,-1.4703005,1.7490429
11667,-17679.956,-17657.833,-22.123275,-0.42109867,1.0748035
11668,-16860.554,-16837.156,-23.397448,-0.44660555,0.24481523
11669,-16129.313,-16025.276,-104.03636,-2.0019273,1.152077
11670,-15382.52,-15338.566,-43.95436,-0.83290247,0.35803908
11671,-14575.741,-14519.709,-56.031902,-1.0502616,-0.94938954
11672,-13932.257,-13862.117,-70.140296,-1.3338053,-1.0285483
11673,-13252.923,-13201.694,-51.229554,-0.96546437,-2.007618
11674,-12835.143,-12785.643,-49.500225,-0.93878392,1.3705311
11675,-12511.684,-12398.61,-113.07462,-2.1513475,1.6156092
11676,-12270.226,-12223.697,-46.529748,-0.86914086,0.66447795
11677,-12106.528,-12086.698,-19.829548,-0.37408595,0.21123968
11678,-11995.241,-11956.979,-38.261563,-0.74332946,-0.59706456
11679,-11940.002,-11880.442,-59.55924,-1.1417171,0.28331079
11680,-11950.504,-11948.284,-2.2197818,-0.042115683,0.26014399
11681,-12025.739,-11927.052,-98.686723,-1.850446,0.53956918
11682,-12156.718,-12235.223,78.5048,1.4835259,-1.9584714
11683,-12465.938,-12352.708,-113.22993,-2.1620089,-0.60178686
11684,-12640.846,-12607.596,-33.250183,-0.62754823,1.1877366
11685,-12049.774,-12015.419,-34.354929,-0.63539573,0.95529606
11686,-13205.864,-13124.145,-81.718171,-1.4815764,-0.20986214
11687,-11770.042,-11715.134,-54.907533,-1.0044218,-1.9634785
11688,-12588.333,-12592.935,4.6022902,0.085554913,-2.5797515
11689,-12701.236,-12603.45,-97.785266,-1.6830677,-1.4350193
11690,-13907.415,-13894.673,-12.74161,-0.22835887,0.4047639
11691,-11968.076,-11820.891,-147.18474,-2.6384079,2.1001929
11692,-10659.699,-10639.773,-19.926107,-0.37098763,1.1892553
11693,-11829.22,-11869.321,40.100971,0.72341488,0.40137767
11694,-13329.673,-13313.011,-16.661525,-0.31466539,-1.2064164
11695,-13009.243,-12930.629,-78.614641,-1.4627434,-0.82825745
11696,-12323.749,-12344.114,20.364632,0.38592372,0.114902
11697,-12065.729,-12022.193,-43.536656,-0.83328189,-1.3860986
11698,-12038.867,-11970.123,-68.743838,-1.310406,-0.87287515
11699,-12185.196,-12221.675,36.47851,0.69272266,-0.0014237111
11700,-12614.589,-12515.893,-98.696774,-1.852238,0.91274485
11701,-13006.517,-12974.306,-32.210288,-0.59991352,1.1219749
11702,-12643.168,-12615.684,-27.484398,-0.51834398,0.96439573
11703,-12593.786,-12563.311,-30.474977,-0.58340044,-0.42255912
11704,-13024.492,-12956.512,-67.980459,-1.3062187,1.8271302
11705,-13006.012,-12996.651,-9.3609654,-0.1766506,1.0192725
11706,-13745.736,-13665.466,-80.269665,-1.5307037,0.39290693
11707,-13652.727,-13665.668,12.94083,0.2466415,-1.8373919
11708,-13803.803,-13715.412,-88.390439,-1.6639098,-0.9171938
11709,-14398.207,-14398.888,0.68034063,0.013054573,-0.35044906
11710,-14422.646,-14376.24,-46.406027,-0.89099528,-0.11767295
11711,-14698.54,-14677.637,-20.903783,-0.40209806,0.34422287
11712,-15152.069,-15136.354,-15.715558,-0.29998062,-0.8254782
11713,-15673.764,-15665.036,-8.7277677,-0.16559008,-0.24463276
11714,-16127.495,-16061.978,-65.517186,-1.2537806,-0.6745635
11715,-16200.811,-16169.15,-31.660966,-0.60626402,0.12251715
11716,-16526.693,-16451.943,-74.750363,-1.4095578,0.67468834
11717,-16692.311,-16621.093,-71.217641,-1.3493795,-0.30786936
11718,-17014.154,-17053.422,39.267955,0.76392029,-0.14489894
11719,-17369.524,-17256.847,-112.6775,-2.2093819,-0.95251369
11720,-17489.597,-17463.103,-26.494159,-0.51138908,-1.4496175
11721,-17508.784,-17494.951,-13.833194,-0.26319242,-1.1470199
11722,-17521.004,-17508.803,-12.201023,-0.23622287,-1.1754203
11723,-17525.851,-17443.589,-82.26163,-1.5864604,-0.22778634
11724,-17608.357,-17652.676,44.319538,0.84914022,-2.1540452
11725,-17642.086,-17531.349,-110.73686,-2.1105712,-0.81186778
11726,-17447.082,-17464.923,17.840934,0.33896702,-0.81317809
11727,-17357.911,-17329.542,-28.368984,-0.54190068,0.041073138
11728,-17301.359,-17265.137,-36.221139,-0.70742362,-0.27225258
11729,-17179.165,-17142.799,-36.365918,-0.70462934,-1.5111947
11730,-17034.25,-17014.294,-19.95626,-0.38124588,-0.51678106
11731,-16999.814,-16895.899,-103.91491,-2.0068553,0.80645059
11732,-16775.523,-16793.074,17.550778,0.34407345,-0.64867345
11733,-16705.54,-16619.172,-86.367844,-1.6864242,-0.28296329
11734,-16570.723,-16496.935,-73.788242,-1.4343919,0.21731864
11735,-16443.582,-16408.872,-34.709816,-0.67252881,-0.61657484
11736,-16347.746,-16287.242,-60.50425,-1.166939,0.27396656
11737,-16226.26,-16210.199,-16.060514,-0.30585139,-1.705575
11738,-16238.681,-16251.551,12.870475,0.24691117,-1.7688191
11739,-16173.242,-16094.938,-78.303426,-1.5217019,-1.7266398
11740,-16208.991,-16227.286,18.295013,0.35178266,0.55543268
11741,-16204.043,-16159.545,-44.49758,-0.85167881,0.45899284
11742,-16255.748,-16234.869,-20.878656,-0.40030376,-0.5625709
11743,-16228.784,-16229.005,0.22051843,0.0043009269,0.19299753
11744,-16530.026,-16445.675,-84.35147,-1.665284,-0.29672108
11745,-16338.657,-16311.002,-27.655619,-0.53877292,0.11925434
11746,-16371.276,-16310.597,-60.678583,-1.156352,-1.5244409
11747,-16951.441,-16967.482,16.040412,0.30093973,-1.4005339
11748,-16485.693,-16345.984,-139.70889,-2.5402246,-0.68316564
11749,-16617.278,-16642.123,24.845116,0.459846,0.21406629
11750,-15949.254,-15799.507,-149.74733,-2.6353147,-0.73428934
11751,-14757.92,-14692.095,-65.825529,-1.1930188,-0.73139215
11752,-11912.836,-11834.338,-78.498219,-1.3175874,-0.30622946
11753,-10067.516,-9848.316,-219.19963,-3.2901138,-0.66886436
11754,-3577.1329,-3262.7867,-314.34621,-3.8132027,0.89383227
11755,-794.05444,-587.52607,-206.52837,-3.7321461,-2.4512488
11756,627.62919,828.5624,-200.93321,-3.6092626,-1.5744068
11757,-771.13057,-629.99052,-141.14005,-2.5464229,-1.468427
11758,-1012.5886,-706.72986,-305.8587,-5.6542933,-0.83338603
11759,-1923.0801,-1753.0742,-170.00583,-3.1911346,-0.13608795
11760,-1592.8552,-1370.793,-222.06218,-4.0751043,-0.77501312
11761,-282.55937,79.5703,-362.12967,-6.2185401,0.93970445
11762,1029.9582,1239.861,-209.90279,-3.7621487,-1.5451702
11763,1387.9542,1635.387,-247.43281,-4.494509,-1.0473534
11764,1398.9617,1726.8878,-327.9261,-5.960355,-3.1663585
11765,683.77751,863.64613,-179.86861,-3.2073072,-0.87815862
11766,-321.33807,-61.169036,-260.16903,-4.6899442,0.2594337
11767,-1789.7783,-1633.3649,-156.41337,-2.7518013,-0.10262075
11768,-3235.3957,-3060.9795,-174.4162,-3.1434151,-1.8607395
11769,-5106.0639,-4957.9273,-148.13658,-2.64531,-1.7008283
11770,-6779.0012,-6628.0948,-150.9064,-2.7694625,0.33086619
11771,-8443.6576,-8398.9637,-44.693929,-0.80200762,-2.5601347
11772,-10586.181,-10491.956,-94.224904,-1.701243,-1.0038339
11773,-12091.178,-11979.627,-111.55074,-2.0328779,-2.086215
11774,-13675.247,-13700.449,25.20132,0.45716386,0.41524075
11775,-15399.082,-15251.412,-147.66933,-2.6994711,1.9544711
11776,-16754.821,-16746.667,-8.1546351,-0.1472595,0.12460837
11777,-18224.675,-18234.844,10.168257,0.18910391,1.4378661
11778,-18769.092,-18696.392,-72.700128,-1.3923525,0.0092795725
11779,-19356.226,-19333.055,-23.170349,-0.4472943,1.4411344
11780,-19514.168,-19500.689,-13.479264,-0.25529291,1.4775472
11781,-19954.468,-19898.945,-55.523142,-1.0579012,0.35122331
11782,-20238.946,-20325.005,86.058783,1.6330693,-0.12659758
11783,-20771.143,-20697.883,-73.260099,-1.4070009,-1.0837555
11784,-21088.543,-21148.411,59.867942,1.1527685,0.27319179
11785,-21181.854,-21157.106,-24.748198,-0.47700646,-0.26084666
11786,-20987.759,-21013.232,25.473648,0.48780577,-0.28009792
11787,-20762.256,-20737.011,-25.245352,-0.47547074,-0.37917145
11788,-20385.679,-20391.431,5.7523842,0.10992201,0.064684794
11789,-19941.138,-19835.754,-105.38412,-2.0150885,0.13694935
11790,-19352.287,-19325.978,-26.309296,-0.50190715,1.1781054
11791,-18670.024,-18591.848,-78.176116,-1.4828748,0.99133923
11792,-17963.121,-17900.385,-62.735639,-1.1676555,-0.15700503
11793,-17084.44,-17003.779,-80.661406,-1.515878,0.71256953
11794,-16303.211,-16200.088,-103.12258,-1.9663993,0.38593552
11795,-15498.856,-15380.423,-118.43264,-2.2294311,0.12744739
11796,-14572.611,-14528.404,-44.206228,-0.82990638,-0.98369145
11797,-13911.05,-13807.318,-103.73256,-1.9376537,-0.37262825
11798,-13121.035,-12965.207,-155.82816,-2.946901,0.23724813
11799,-12610.247,-12581.308,-28.938886,-0.54809493,0.16797752
11800,-12214.482,-12001.466,-213.01602,-4.0968233,0.69329262
11801,-11915.866,-11870.837,-45.028595,-0.86414409,0.042193675
11802,-11757.419,-11646.483,-110.93513,-2.129616,0.82572242
11803,-11601.9,-11478.445,-123.45431,-2.3707997,0.42971228
11804,-11562.111,-11432.948,-129.16338,-2.4828388,1.0667488
11805,-11564.03,-11424.051,-139.97943,-2.6319874,-0.54603402
11806,-11605.434,-11463.077,-142.35691,-2.6742964,-0.10451307
11807,-11747.219,-11661.953,-85.266328,-1.5915317,-1.033222
11808,-12012.712,-11798.648,-214.06393,-4.0649311,-0.033763207
11809,-12190.144,-12112.682,-77.461914,-1.4555994,0.79435476
11810,-11605.939,-11452.057,-153.88238,-2.8270165,-0.33237804
11811,-12737.591,-12635.703,-101.88753,-1.8556853,0.082427408
11812,-11322.37,-11191.912,-130.45849,-2.393434,-1.3516941
11813,-12124.099,-12067.488,-56.611257,-1.0420694,-1.7065073
11814,-12246.192,-12131.286,-114.90578,-1.9816077,-1.0109754
11815,-13453.583,-13321.706,-131.87648,-2.3719143,0.58768134
11816,-11491.724,-11366.521,-125.20254,-2.282166,1.2109546
11817,-10249.796,-10070.648,-179.14795,-3.377056,1.1147235
11818,-11406.492,-11386.742,-19.749023,-0.35352706,0.47588268
11819,-12937.543,-12800.506,-137.03767,-2.5318181,0.848781
11820,-12596.21,-12427.728,-168.48158,-3.0859873,-0.30516597
11821,-11920.511,-11860.727,-59.784544,-1.1416654,-1.2571801
11822,-11650.777,-11479.861,-170.91614,-3.2709857,-0.97393586
11823,-11630.883,-11466.212,-164.67115,-3.1291095,0.11679536
11824,-11753.48,-11700.777,-52.702828,-1.0021423,1.7423539
11825,-12189.236,-11959.81,-229.42508,-4.3119065,1.9300299
11826,-12506.433,-12453.915,-52.518444,-0.98884245,-0.3604803
11827,-12163.484,-12039.077,-124.40661,-2.3874104,0.56808322
11828,-12083.2,-12003.994,-79.206319,-1.5336632,0.056588128
11829,-12519.056,-12402.25,-116.80681,-2.2423773,1.6208888
11830,-12503.404,-12447.141,-56.26295,-1.0595744,0.26137741
11831,-13240.199,-13125.055,-115.14352,-2.1785913,-0.50857929
11832,-13162.136,-13076.626,-85.510897,-1.6292327,-1.9613069
11833,-13324.421,-13194.919,-129.50187,-2.4770995,-1.1599457
11834,-13949.324,-13839.368,-109.95578,-2.1131924,-0.097577046
11835,-13994.667,-13870.509,-124.15798,-2.3255581,-0.046291285
11836,-14302.17,-14188.891,-113.27863,-2.1062925,1.0062096
11837,-14727.523,-14638.61,-88.913677,-1.6438107,-0.99166958
11838,-15304.862,-15222.799,-82.06217,-1.5658413,-0.91506668
11839,-15753.442,-15622.875,-130.56701,-2.5046557,-0.70181431
11840,-15840.896,-15772.613,-68.283298,-1.3107843,-0.38972114
11841,-16134.564,-16076.537,-58.026978,-1.1034698,-0.50054534
11842,-16361.581,-16260.954,-100.62688,-1.9132029,-0.43722764
11843,-16709.983,-16703.393,-6.590067,-0.12659285,-0.2257789
11844,-17035.563,-16930.073,-105.49025,-2.0410499,0.17051563
11845,-17221.075,-17176.973,-44.101412,-0.84086804,0.0019652246
11846,-17237.333,-17229.245,-8.0884676,-0.15555122,-0.40091652
11847,-17313.881,-17222.976,-90.904565,-1.7764617,-0.4282661
11848,-17301.157,-17201.946,-99.21032,-1.9189054,-0.2105062
11849,-17450.111,-17427.918,-22.193391,-0.42769492,1.2094388
11850,-17489.092,-17321.251,-167.84073,-3.2228867,1.117025
11851,-17273.587,-17227.829,-45.757993,-0.87589982,1.3387638
11852,-17207.037,-17112.063,-94.974284,-1.8143946,1.8327591
11853,-17135.943,-17018.844,-117.09959,-2.2568485,-0.19184793
11854,-16978.708,-16908.942,-69.766144,-1.3453058,0.57618864
11855,-16844.396,-16750.711,-93.685155,-1.776133,1.4700963
11856,-16698.37,-16630.9,-67.469546,-1.2750396,1.0949803
11857,-16555.576,-16509.068,-46.507612,-0.88733454,-0.68567516
11858,-16413.185,-16299.577,-113.60839,-2.1826733,-1.799165
11859,-16282.61,-16226.78,-55.829451,-1.0833779,-0.39437234
11860,-16143.35,-16066.427,-76.923361,-1.4791189,0.060812965
11861,-16047.716,-15974.42,-73.295755,-1.393815,0.090908596
11862,-15965.21,-15835.299,-129.91168,-2.4270411,-1.7349005
11863,-15923.705,-15875.336,-48.368438,-0.91014767,-2.3031983
11864,-15914.919,-15766.445,-148.47363,-2.8400691,-1.6302521
11865,-15939.56,-15822.357,-117.20273,-2.2355964,1.1557833
11866,-15879.069,-15841.567,-37.501893,-0.72317959,1.4837888
11867,-15983.59,-15815.179,-168.41123,-3.2250511,-0.74828926
11868,-15895.934,-15831.355,-64.578278,-1.2410553,0.89149703
11869,-16211.415,-16109.397,-102.01807,-1.9524486,0.8522539
11870,-15996.718,-15860.272,-136.44623,-2.6105635,0.56606664
11871,-15979.954,-15965.826,-14.128016,-0.27143395,-1.3162416
11872,-16620.005,-16531.918,-88.086882,-1.6662725,-0.85757043
11873,-16095.079,-15965.826,-129.25228,-2.3476,-0.22957892
11874,-16276.955,-16293.611,16.656739,0.30360334,0.59540728
11875,-15622.766,-15426.224,-196.54175,-3.4291333,1.448511
11876,-14327.416,-14268.057,-59.359302,-1.0615337,0.74754767
11877,-10733.217,-10571.223,-161.99382,-2.5588922,1.5573057
11878,-7767.3531,-7657.3523,-110.00077,-1.5761274,1.2400692
11879,-1301.914,-1110.5466,-191.3674,-2.4556836,0.97424034
11880,594.00079,637.57346,-43.572671,-0.79217317,0.5492626
11881,1092.7716,1129.2512,-36.479587,-0.64499599,-1.072346
11882,-412.83156,-363.87994,-48.951621,-0.87570415,-2.5747797
11883,-353.2497,-261.76303,-91.486671,-1.6710321,-1.0045573
11884,-1294.744,-1276.4613,-18.282689,-0.33646319,0.039014315
11885,-658.02604,-551.7346,-106.29144,-1.93052,-0.28406147
11886,1183.1542,1245.0174,-61.863137,-1.0528226,0.46775528
11887,2534.1475,2613.8894,-79.741881,-1.4390471,0.028266141
11888,2638.9712,2577.6935,61.27768,1.1149262,-2.1301738
11889,2429.7278,2573.8515,-144.12369,-2.6183003,-3.098209
11890,1706.2627,1654.6983,51.56446,0.92046856,-1.135747
11891,423.63708,455.17852,-31.541434,-0.56607308,0.77861003
11892,-1208.2998,-1137.9463,-70.353515,-1.2522375,0.48083342
11893,-2627.1558,-2664.9479,37.792049,0.69000222,0.054432285
11894,-4662.1286,-4562.6035,-99.525124,-1.7462915,-0.51745252
11895,-6352.7385,-6303.8483,-48.89012,-0.89391703,-0.036977918
11896,-8123.6323,-8154.2875,30.655173,0.540736,-2.0758309
11897,-10237.98,-10128.076,-109.90445,-2.0029896,-0.28352768
11898,-11764.286,-11694.408,-69.878019,-1.2836633,-0.5557642
11899,-13479.637,-13474.073,-5.564411,-0.099127511,0.013945274
11900,-15281.534,-15163.248,-118.2857,-2.161074,1.3632991
11901,-16618.49,-16632.72,14.230438,0.26048322,0.15575648
11902,-18010.282,-17937.997,-72.284816,-1.3633104,0.6899603
11903,-18401.805,-18374.37,-27.43546,-0.52454719,-0.34293312
11904,-19017.821,-18924.588,-93.23323,-1.7641025,0.8675458
11905,-19187.983,-19212.032,24.048953,0.45192774,0.40205479
11906,-19771.279,-19653.662,-117.61697,-2.2139302,0.17709246
11907,-20092.112,-20048.48,-43.631779,-0.82278782,-1.5013037
11908,-20639.255,-20554.212,-85.043536,-1.6123725,-0.90593535
11909,-21055.419,-20951.052,-104.3672,-1.9775848,0.0074246896
11910,-21028.052,-20971.476,-56.576558,-1.0869905,0.009562571
11911,-20810.932,-20737.921,-73.010744,-1.3839983,-0.27972052
11912,-20545.742,-20415.191,-130.55086,-2.4805444,-0.17167328
11913,-20131.093,-20123.096,-7.9963357,-0.15371114,0.21299917
11914,-19618.487,-19438.003,-180.48363,-3.4600216,-0.12252767
11915,-18986.111,-18963.21,-22.901132,-0.4337312,1.5517531
11916,-18266.484,-18178.427,-88.057089,-1.6660016,1.1931153
11917,-17528.981,-17409.213,-119.76819,-2.2605269,0.55764618
11918,-16561.837,-16550.117,-11.719783,-0.22193229,0.64557241
11919,-15768.893,-15643.905,-124.98788,-2.3766062,1.868357
11920,-14922.528,-14900.373,-22.154983,-0.41376486,-0.41644181
11921,-13994.364,-13927.027,-67.336852,-1.2596037,-2.0005466
11922,-13296.448,-13230.306,-66.141649,-1.2507693,-0.55680018
11923,-12520.369,-12409.125,-111.24443,-2.1182193,-0.088344142
11924,-12053.51,-12009.049,-44.461086,-0.84551928,0.87363472
11925,-11654.615,-11529.504,-125.11065,-2.4003136,0.30150063
11926,-11383.669,-11345.087,-38.581751,-0.72229582,0.42102841
11927,-11211.083,-11117.295,-93.787816,-1.7888175,2.5706372
11928,-11038.599,-10968.67,-69.92899,-1.3444026,0.82445539
11929,-10968.615,-10893.75,-74.86499,-1.4455966,0.94888002
11930,-10974.978,-10958.863,-16.114956,-0.30461402,0.085669072
11931,-11000.426,-10894.863,-105.56348,-1.9594026,-0.18560581
11932,-11168.164,-11190.597,22.433054,0.41725037,-1.6007493
11933,-11417.903,-11307.779,-110.12413,-2.1150781,-1.4743182
11934,-11624.723,-11584.404,-40.318259,-0.76885696,-0.27927378
11935,-11038.296,-11017.706,-20.589697,-0.381547,-1.821541
11936,-12175.299,-12085.283,-90.016628,-1.6226719,-0.55711405
11937,-10774.823,-10718.534,-56.288914,-1.0250615,-0.78675527
11938,-11594.427,-11567.621,-26.805971,-0.48954719,-1.5880352
11939,-11765.497,-11675.4,-90.097752,-1.5635203,-0.0023495289
11940,-12920.578,-12883.918,-36.659663,-0.66725562,0.30298137
11941,-10922.667,-10806.193,-116.47393,-2.1070345,-0.019310736
11942,-9747.1874,-9626.9953,-120.19212,-2.2758495,0.91537818
11943,-10870.558,-10905.984,35.426411,0.64064662,1.0611585
11944,-12402.518,-12321.87,-80.647885,-1.5052399,1.3513477
11945,-12009.48,-11930.793,-78.68703,-1.4377264,0.23422585
11946,-11337.821,-11316.07,-21.751397,-0.41249109,-0.79364786
11947,-11063.239,-11010.629,-52.610696,-1.0022224,-2.0424874
11948,-11020.623,-10944.506,-76.117745,-1.4699901,0.37562013
11949,-11177.152,-11206.066,28.914477,0.54561393,1.1661356
11950,-11602.708,-11531.122,-71.586049,-1.3435505,1.9177856
11951,-11940.91,-11910.875,-30.035256,-0.56663962,0.096357866
11952,-11633.206,-11597.852,-35.354022,-0.67215454,1.2469438
11953,-11548.781,-11481.276,-67.504604,-1.2762998,1.1489435
11954,-12051.187,-11980.436,-70.751358,-1.3534239,2.2748673
11955,-11985.445,-11975.583,-9.8624265,-0.18664829,1.433328
11956,-12757.889,-12668.158,-89.73078,-1.6969918,-0.62164965
11957,-12702.851,-12672.607,-30.244647,-0.56837029,-1.2120995
11958,-12825.65,-12713.049,-112.60152,-2.1171345,-0.72039789
11959,-13498.32,-13463.962,-34.357441,-0.65533601,0.71848938
11960,-13488.221,-13438.686,-49.535283,-0.94877048,-0.6158959
11961,-13828.847,-13776.784,-52.063767,-0.986133,0.07163433
11962,-14285.204,-14251.071,-34.132855,-0.63979478,-1.2108518
11963,-14834.67,-14820.196,-14.47393,-0.27476897,-1.3150704
11964,-15335.763,-15269.814,-65.949728,-1.2640407,-0.74969902
11965,-15418.673,-15400.24,-18.432852,-0.35192774,0.081617047
11966,-15767.58,-15728.935,-38.645047,-0.73663139,0.42027146
11967,-15984.701,-15890.401,-94.299328,-1.8082266,-0.80886627
11968,-16344.514,-16356.398,11.883706,0.23065934,-0.19105255
11969,-16750.782,-16641.517,-109.26527,-2.0928297,-0.74003786
11970,-16855.707,-16783.874,-71.832891,-1.3528042,-0.26459424
11971,-16904.685,-16895.798,-8.8870243,-0.16881096,-0.77818237
11972,-16984.666,-16857.782,-126.88389,-2.4576917,-0.80966634
11973,-16919.732,-16843.021,-76.711218,-1.4860542,0.01021089
11974,-17073.837,-17080.72,6.8836928,0.13007777,1.1913274
11975,-17043.339,-16922.49,-120.84912,-2.2918038,2.0907946
11976,-16874.692,-16878.003,3.3112463,0.062150061,1.0958075
11977,-16747.146,-16685.902,-61.244297,-1.159264,0.53419571
11978,-16679.89,-16629.991,-49.899025,-0.96480784,-0.83806863
11979,-16540.428,-16528.379,-12.048466,-0.23358145,0.21743452
11980,-16368.953,-16327.987,-40.965695,-0.78448111,1.9789853
11981,-16309.068,-16217.175,-91.892889,-1.7784656,1.5948136
11982,-16097.704,-16067.64,-30.064332,-0.57459306,-0.77237155
11983,-15981.671,-15895.962,-85.708921,-1.6375685,-0.24647265
11984,-15894.924,-15804.259,-90.664782,-1.716331,0.28961039
11985,-15686.791,-15657.251,-29.540137,-0.56811454,-0.055081176
11986,-15650.739,-15557.156,-93.582852,-1.7817657,0.56843319
11987,-15506.127,-15391.747,-114.37979,-2.1523666,0.39498691
11988,-15453.008,-15472.935,19.926945,0.37982345,-2.0196069
11989,-15469.065,-15314.806,-154.2594,-2.881346,-2.4197555
11990,-15401.505,-15418.439,16.933853,0.31783471,-0.33634653
11991,-15447.454,-15370.111,-77.343459,-1.472508,2.3046086
11992,-15452.705,-15385.984,-66.721123,-1.2722564,0.53380194
11993,-15421.501,-15433.605,12.104464,0.23534766,-0.24848963
11994,-15724.358,-15670.496,-53.862135,-1.0486245,-0.73749811
11995,-15520.063,-15474.452,-45.6113,-0.86773285,-1.4948779
11996,-15521.477,-15516.006,-5.470604,-0.10411084,-1.3172886
11997,-16153.146,-16084.322,-68.823287,-1.2876082,0.037582668
11998,-15672.956,-15550.18,-122.77612,-2.2407127,-0.55173999
11999,-15881.392,-15859.261,-22.131052,-0.40164033,0.30047678
12000,-14996.147,-14853.965,-142.1815,-2.4264049,-0.470809
12001,-13628.895,-13549.7,-79.194833,-1.4048742,0.41332184
12002,-10415.211,-10245.561,-169.65022,-2.7667359,2.2856496
12003,-8644.8221,-8437.0806,-207.74152,-3.7849883,0.38395539
12004,-10077.008,-9817.6809,-259.3274,-3.6940535,1.8697664
12005,-5301.9771,-4576.2528,-725.72436,-3.3426802,-0.75266986
12006,18165.295,18906.591,-741.29537,-4.6471449,1.809866
12007,11572.109,11379.867,192.24158,1.0370006,0.46712862
12008,-2771.869,-2502.4708,-269.39826,-2.8768364,1.4056983
12009,-495.53925,119.20379,-614.74304,-4.3496056,-0.97547096
12010,13944.275,14544.986,-600.71123,-5.3376869,1.428816
12011,14632.193,14903.406,-271.2135,-3.1331392,0.75607472
12012,3482.3069,3569.2385,-86.931643,-0.60304819,-0.18650526
12013,-4737.9692,-4375.7599,-362.20936,-4.7535386,-2.7621108
12014,6989.9613,7922.2496,-932.28826,-5.7624544,0.19731725
12015,9392.8268,9461.7883,-68.961485,-0.46993075,-1.5877935
12016,-5217.8556,-4970.5656,-247.29006,-2.3434801,2.6660657
12017,-1466.9254,-807.12796,-659.79748,-6.0603265,0.95615977
12018,3908.9736,4287.5956,-378.62201,-6.5986526,0.39060864
12019,6289.0162,6732.2338,-443.21763,-7.426448,0.96052243
12020,-521.59369,-614.21801,92.624321,0.60559025,0.56199836
12021,-12764.049,-12693.131,-70.917794,-0.85889756,0.96936796
12022,-10185.467,-9754.1864,-431.28104,-4.908984,0.038271114
12023,-5647.4509,-5382.5719,-264.87901,-4.8100405,-0.99475886
12024,-7263.5329,-7295.7978,32.264849,0.50561515,-0.59639755
12025,-11891.225,-11794.502,-96.722877,-1.4809292,4.2501796
12026,-13855.71,-13807.722,-47.987706,-0.83471188,-0.01531863
12027,-18968.742,-19105.668,136.92663,1.4823937,0.87651891
12028,-23232.884,-23169.011,-63.872571,-1.0905304,-0.64130393
12029,-19348.147,-19146.111,-202.03616,-2.9393577,1.4593708
12030,-17171.692,-17191.633,19.941184,0.35931589,0.96651086
12031,-20475.961,-20502.85,26.889369,0.37391235,1.0733923
12032,-25075.175,-25211.147,135.97217,2.1733541,-0.027180817
12033,-24877.141,-24688.733,-188.40781,-2.8437782,-0.94653555
12034,-19761.988,-19645.169,-116.81913,-1.6476702,1.1661367
12035,-16467.314,-16460.638,-6.6753788,-0.12199167,0.2135548
12036,-17200.978,-17229.75,28.772091,0.50279817,0.3651269
12037,-19130.824,-19194.54,63.715827,1.1716822,-1.1478816
12038,-20788.715,-20879.368,90.653296,1.574639,-0.55234927
12039,-21919.861,-21879.912,-39.949612,-0.70815439,0.028942918
12040,-17489.496,-17354.009,-135.48638,-1.7987732,1.7865878
12041,-15167.116,-15145.049,-22.067398,-0.3938077,1.7602303
12042,-17062.829,-17031.785,-31.044041,-0.57375177,0.21742813
12043,-16361.48,-16251.652,-109.82763,-2.0186076,0.0063639149
12044,-15142.375,-14998.142,-144.23257,-2.7497152,0.51141455
12045,-14460.617,-14331.652,-128.96451,-2.4403842,0.051215919
12046,-13880.653,-13733.712,-146.94077,-2.7265396,-0.61330026
12047,-12377.777,-12200.847,-176.92996,-3.2300093,-1.0662823
12048,-12437.258,-12269.498,-167.75996,-3.057809,0.14135061
12049,-13820.566,-13750.799,-69.767101,-1.2921823,-0.93059331
12050,-12670.334,-12365.346,-304.98776,-5.3128553,-0.39529989
12051,-9897.7578,-9656.316,-241.44184,-3.9737983,0.84781842
12052,-6962.2911,-6749.4218,-212.86932,-3.7637422,1.3985566
12053,-6252.6611,-6026.515,-226.14614,-4.3575451,0.071096746
12054,-7288.7795,-7185.9968,-102.78265,-1.9274179,-1.0071326
12055,-8974.1381,-8809.9589,-164.17914,-2.9379713,-0.78511938
12056,-9785.6631,-9546.9194,-238.74369,-4.4223163,1.124983
12057,-8913.4454,-8761.8325,-151.61282,-2.8898268,-0.35049499
12058,-8973.3302,-8680.2401,-293.09005,-5.5645807,-0.72410103
12059,-10297.461,-10151.027,-146.43429,-2.7062236,0.84741838
12060,-10559.116,-10365.573,-193.54291,-3.57794,-0.59985175
12061,-11100.301,-10812.36,-287.94119,-5.0558113,-0.18985625
12062,-9140.9673,-8909.346,-231.62129,-4.1983479,-1.4564245
12063,-9614.2895,-9442.8815,-171.40803,-3.1108984,-1.1643933
12064,-9407.9748,-9233.7946,-174.18012,-2.8998199,-1.6935039
12065,-11847.7,-11713.719,-133.9814,-2.4659894,0.54630726
12066,-11424.366,-11226.591,-197.77524,-3.7166317,1.1104569
12067,-10166.785,-9898.97,-267.81503,-4.8671534,0.41137845
12068,-9774.2517,-9658.0348,-116.21692,-2.1971894,-0.43087306
12069,-10023.587,-9815.1532,-208.43335,-3.9788454,-0.94777126
12070,-8935.7633,-8676.4992,-259.2641,-4.6622786,-0.52531142
12071,-7923.9826,-7787.4755,-136.50713,-2.5883094,-0.71910765
12072,-8221.286,-7986.5529,-234.73307,-4.4786435,0.056998765
12073,-8607.1542,-8384.1011,-223.05313,-4.2090867,-0.26507602
12074,-8482.4363,-8338.6035,-143.83282,-2.6978918,0.21914903
12075,-9371.9227,-9152.8088,-219.11384,-3.9008114,1.0694979
12076,-10885.807,-10714.49,-171.31697,-3.1209535,-0.73392377
12077,-11296.316,-11081.908,-214.40721,-4.0480422,0.11797188
12078,-10933.775,-10731.88,-201.89521,-3.8431792,-0.0085256846
12079,-10919.132,-10709.03,-210.10213,-3.9820969,0.70456234
12080,-10569.316,-10367.899,-201.41708,-3.8114447,0.3488586
12081,-10593.452,-10386.098,-207.35373,-3.8826673,-1.1873865
12082,-10572.144,-10429.169,-142.97455,-2.7105025,-1.5777069
12083,-11817.202,-11673.479,-143.72369,-2.6293425,-0.29713723
12084,-13169.307,-13019.4,-149.90682,-2.8610971,1.1027072
12085,-12900.582,-12714.97,-185.61226,-3.525343,0.27666194
12086,-12362.528,-12161.213,-201.31454,-3.7493944,-0.26700173
12087,-12080.675,-11879.33,-201.34517,-3.8250249,-0.93250772
12088,-12242.455,-12141.093,-101.36202,-1.9270307,-0.86108328
12089,-12710.425,-12473.63,-236.79491,-4.436188,-1.2247719
12090,-13126.185,-13028.398,-97.7873,-1.8462344,-0.42024255
12091,-13544.268,-13348.196,-196.07235,-3.6877481,0.83933893
12092,-13926.602,-13769.302,-157.30023,-2.9142817,0.85275228
12093,-15263.861,-15223.103,-40.758458,-0.73896525,0.82264004
12094,-16624.448,-16485.308,-139.14007,-2.6074567,-0.71720634
12095,-17419.815,-17316.803,-103.01286,-1.941509,-0.84352781
12096,-17238.444,-17158.673,-79.771196,-1.5111875,-0.74748328
12097,-16596.273,-16448.809,-147.46413,-2.8049081,-0.94898547
12098,-15802.622,-15686.673,-115.9495,-2.207615,-0.33989527
12099,-15673.966,-15606.799,-67.166707,-1.2714591,-0.85736997
12100,-15958.141,-15785.352,-172.78893,-3.2704403,0.18996239
12101,-15909.062,-15805.776,-103.28626,-1.9296714,-0.41994293
12102,-15846.35,-15700.524,-145.82502,-2.7589263,0.6037258
12103,-15775.659,-15635.311,-140.34796,-2.6960027,-0.87713273
12104,-15518.043,-15365.359,-152.68478,-2.9094561,-0.82721679
12105,-15108.039,-14979.134,-128.90517,-2.4126375,0.34255431
12106,-14780.137,-14548.423,-231.7139,-4.3417973,1.2492976
12107,-14362.963,-14287.368,-75.595225,-1.4351574,-0.13977157
12108,-13983.457,-13763.943,-219.51407,-4.1842162,-1.1587235
12109,-13678.277,-13558.092,-120.1853,-2.2769969,0.73546057
12110,-14055.056,-13967.975,-87.081687,-1.6195671,0.39182056
12111,-14908.693,-14779.45,-129.24247,-2.3805416,0.24838974
12112,-15392.921,-15241.605,-151.31644,-2.8113271,-0.47752181
12113,-15368.382,-15305.706,-62.675693,-1.1825957,-1.7082494
12114,-15155.099,-14955.577,-199.52239,-3.8035005,-0.89271607
12115,-14739.642,-14597.864,-141.77768,-2.6497876,1.2284398
12116,-14283.083,-14091.122,-191.96159,-3.6214758,1.4915952
12117,-14073.234,-13871.216,-202.0175,-3.8041946,0.7158705
12118,-13874.594,-13737.959,-136.63516,-2.5915839,0.83973281
12119,-14124.838,-13948.664,-176.17436,-3.3638256,-0.052713907
12120,-13901.961,-13717.94,-184.02137,-3.49023,-0.6787307
12121,-13956.999,-13822.585,-134.4143,-2.5546786,-1.4384879
12122,-14733.179,-14585.125,-148.0539,-2.7324257,-0.98940729
12123,-14373.668,-14149.662,-224.00592,-4.0356734,-0.64671506
12124,-14550.798,-14516.979,-33.81817,-0.61440229,-1.1183603
12125,-13597.488,-13295.52,-301.96822,-5.1210308,-0.18347326
12126,-12206.403,-12082.452,-123.95134,-2.2987466,-0.73205986
12127,-10683.733,-10516.019,-167.71438,-3.0454073,0.8027393
12128,-12666.193,-12599.81,-66.382867,-1.2084741,0.64785062
12129,-11491.825,-11370.262,-121.56261,-2.1979554,-0.087520282
12130,-12246.798,-12191.949,-54.848186,-1.0061115,-1.5421918
12131,-11332.57,-11136.202,-196.36741,-3.6430421,-0.52906065
12132,-11686.526,-11618.578,-67.948034,-1.2705663,-0.98879717
12133,-11122.417,-10938.439,-183.97818,-3.4750664,-0.94014496
12134,-11389.223,-11300.701,-88.521458,-1.6840711,-0.80795408
12135,-10474.086,-10309.662,-164.42407,-3.1130633,0.068084862
12136,-9547.4367,-9397.8894,-149.54727,-2.7919142,0.94784435
12137,-9140.1594,-9051.1975,-88.961896,-1.6684838,0.55945689
12138,-9488.6627,-9456.8341,-31.828599,-0.59907933,-1.3975804
12139,-9862.4126,-9743.4692,-118.94343,-2.2888673,-1.6887272
12140,-10576.385,-10538.566,-37.819449,-0.69917671,-1.3312409
12141,-11278.542,-11204.954,-73.587825,-1.3962141,-0.043694077
12142,-11668.349,-11539.311,-129.0375,-2.4573298,-0.21224998
12143,-11685.314,-11671.861,-13.453419,-0.25953219,-0.093753981
12144,-12557.936,-12453.814,-104.12251,-1.9725819,0.58559253
12145,-13124.065,-13018.692,-105.37275,-1.9936446,0.76017773
12146,-13717.056,-13651.109,-65.946617,-1.2450861,-0.58965109
12147,-14711.669,-14609.289,-102.37954,-1.9437585,-0.71453526
12148,-15375.35,-15223.709,-151.64058,-2.8607851,-0.82161505
12149,-15959.454,-15958.243,-1.2107575,-0.022882861,-0.050177749
12150,-16491.348,-16239.216,-252.13189,-4.7667029,1.7814813
12151,-16501.851,-16423.633,-78.217396,-1.4828757,1.6324121
12152,-16719.678,-16592.581,-127.09675,-2.436291,1.909909
12153,-16432.069,-16281.984,-150.08523,-2.854633,-0.011871111
12154,-16446.006,-16354.275,-91.730641,-1.7459314,-0.2714383
12155,-16379.355,-16255.191,-124.16348,-2.3370217,-0.060972886
12156,-16807.233,-16682.363,-124.86979,-2.3667563,0.55764129
12157,-17205.523,-17138.553,-66.96976,-1.2689105,-0.49156635
12158,-17806.794,-17678.155,-128.63966,-2.4777036,-0.52207316
12159,-18143.987,-18044.461,-99.526081,-1.9262068,0.25162593
12160,-18223.564,-18088.442,-135.12216,-2.5757508,-0.062267023
12161,-18087.839,-17929.807,-158.03179,-2.9623481,-0.91246316
12162,-17995.336,-17842.452,-152.88388,-2.8913962,-1.3591601
12163,-17929.695,-17827.994,-101.70099,-1.9473154,-1.1249532
12164,-17675.512,-17528.518,-146.99426,-2.8068073,-1.188449
12165,-17557.864,-17404.765,-153.0989,-2.9061211,-0.33151576
12166,-17399.012,-17278.281,-120.73103,-2.320626,-0.26078924
12167,-17225.215,-17063.33,-161.88482,-3.0890653,0.14614261
12168,-16962.651,-16867.589,-95.06163,-1.8236764,1.0120964
12169,-16631.012,-16506.844,-124.16863,-2.4045606,1.7775972
12170,-16184.148,-16015.469,-168.67913,-3.2188925,0.080333593
12171,-15509.864,-15444.626,-65.237918,-1.2512929,-1.1607144
12172,-15205.188,-15053.548,-151.63998,-2.9250328,-0.73517147
12173,-15004.529,-14900.575,-103.95356,-2.0227665,0.24961358
12174,-15023.615,-14990.256,-33.359066,-0.63829053,0.12651337
12175,-15240.735,-15044.853,-195.88223,-3.7300549,1.5703991
12176,-15460.582,-15408.227,-52.35476,-0.9913922,1.3110366
12177,-15779.093,-15646.837,-132.25542,-2.5316045,2.6063578
12178,-15903.811,-15795.665,-108.14556,-2.1061469,2.2143586
12179,-15813.731,-15734.9,-78.830493,-1.525689,0.4072895
12180,-15863.012,-15697.491,-165.52092,-3.1329613,0.11095386
12181,-15693.86,-15571.513,-122.34693,-2.2611938,0.20551176
12182,-15618.626,-15535.216,-83.409211,-1.5534735,-0.032662544
12183,-15757.078,-15601.036,-156.04138,-2.9829213,-0.55395832
12184,-15886.946,-15827.513,-59.432528,-1.1412891,0.76739653
12185,-15426.954,-15329.062,-97.892235,-1.8066022,-0.68178757
12186,-16501.447,-16396.84,-104.6065,-1.888079,-1.0015762
12187,-15021.292,-14894.812,-126.4803,-2.2874941,-1.0820947
12188,-15776.871,-15765.333,-11.537673,-0.21289639,-2.0949002
12189,-15765.561,-15639.861,-125.69957,-2.2258642,-1.3226782
12190,-16818.342,-16691.463,-126.87874,-2.303753,0.70066062
12191,-14737.117,-14616.67,-120.44733,-2.2328515,1.5637817
12192,-13790.978,-13590.85,-200.12759,-3.7962904,0.83975411
12193,-15013.516,-15041.112,27.595793,0.48683946,0.20626973
12194,-16713.114,-16624.733,-88.380987,-1.6649772,-0.092007452
12195,-16682.01,-16488.442,-193.56792,-3.6650427,0.31682037
12196,-16151.732,-16130.629,-21.103003,-0.40995976,-0.46041101
12197,-15991.063,-15809.112,-181.95056,-3.5107665,-0.070278624
12198,-15825.95,-15756.234,-69.716489,-1.3402421,1.1351516
12199,-15805.753,-15736.821,-68.931572,-1.3159488,1.0557208
12200,-16152.641,-15996.967,-155.67381,-2.9747251,1.4058756
12201,-16291.497,-16263.886,-27.610391,-0.52614442,0.91473446
12202,-16002.373,-15882.009,-120.3637,-2.2968842,1.3833354
12203,-15892.298,-15858.452,-33.846408,-0.65611864,0.62207133
12204,-16277.561,-16164.398,-113.16245,-2.1850881,0.99461451
12205,-16313.209,-16242.755,-70.453544,-1.3351186,0.032322806
12206,-16838.438,-16734.534,-103.9039,-1.9832176,-0.26307001
12207,-16664.641,-16523.829,-140.81125,-2.6806283,-0.2903355
12208,-16551.435,-16466.806,-84.629421,-1.6231853,-0.59099876
12209,-17017.486,-16893.068,-124.41846,-2.4121231,0.093922758
12210,-16878.63,-16753.542,-125.08851,-2.4246445,-0.2911094
12211,-16990.119,-16908.234,-81.885325,-1.5730942,-0.088329381
12212,-17523.023,-17357.346,-165.6773,-3.1317852,0.36076174
12213,-17899.197,-17928.594,29.397153,0.56627216,0.45174663
12214,-18378.477,-18178.73,-199.74746,-3.8093343,0.053070942
12215,-18189.027,-18132.929,-56.098309,-1.0763243,0.10747476
12216,-18175.798,-18086.622,-89.175595,-1.7330517,0.18832612
12217,-18081.073,-17942.951,-138.12195,-2.7143106,1.2201777
12218,-18075.721,-18100.474,24.753224,0.48518946,0.67303296
12219,-18205.892,-18028.689,-177.20313,-3.4185996,1.331431
12220,-18201.852,-18146.073,-55.779796,-1.0526859,0.6964323
12221,-18187.512,-18113.314,-74.19805,-1.4313628,-1.7044866
12222,-18335.457,-18168.013,-167.44456,-3.2946319,-0.88135981
12223,-18315.058,-18252.436,-62.621969,-1.215948,0.039649276
12224,-18574.492,-18473.656,-100.83591,-1.932933,1.3413153
12225,-18585.095,-18409.453,-175.64167,-3.3677906,1.1853756
12226,-18398.877,-18321.592,-77.284112,-1.4679454,0.45878527
12227,-18398.776,-18260.524,-138.25106,-2.6658041,1.6599515
12228,-18331.216,-18306.73,-24.485921,-0.4775272,0.47201429
12229,-18386.253,-18215.735,-170.51866,-3.2910867,0.82789136
12230,-18328.59,-18345.959,17.368788,0.33160062,-0.64505025
12231,-18553.991,-18370.123,-183.8681,-3.4685366,0.31737647
12232,-18550.76,-18546.654,-4.1057349,-0.078497892,-0.55677377
12233,-18559.445,-18428.562,-130.88217,-2.5127483,-1.331097
12234,-18493.299,-18361.327,-131.97161,-2.549713,-0.08666422
12235,-18270.826,-18224.329,-46.497442,-0.9033465,-0.11494123
12236,-18175.899,-17986.528,-189.37137,-3.6284867,-0.40222493
12237,-17959.991,-17869.75,-90.240138,-1.7172699,-0.308869
12238,-17865.77,-17849.226,-16.544506,-0.3173673,-0.63020142
12239,-17996.043,-17785.529,-210.51338,-4.0427629,-0.26549151
12240,-18081.174,-18048,-33.173964,-0.63195469,2.0060546
12241,-18254.87,-18083.589,-171.28096,-3.2876232,2.2238145
12242,-18330.509,-18241.719,-88.790076,-1.7114835,1.2279454
12243,-18306.07,-18288.733,-17.3372,-0.33361456,-0.053221122
12244,-18674.367,-18489.934,-184.43321,-3.5358738,1.7525112
12245,-18302.435,-18279.128,-23.306752,-0.44482666,0.47496805
12246,-18355.553,-18233.529,-122.02423,-2.3558959,-0.58406666
12247,-18881.389,-18885.864,4.4755789,0.085130505,-1.3273216
12248,-18423.315,-18255.267,-168.0482,-3.0576176,-0.27682857
12249,-18559.748,-18528.657,-31.090347,-0.56857235,-0.37627022
12250,-17950.599,-17773.397,-177.20229,-3.1676648,0.64173447
12251,-17553.622,-17380.398,-173.22399,-3.3246779,1.1914608
12252,-17297.521,-17239.254,-58.26676,-1.0323249,2.0995217
12253,-20417.692,-20353.213,-64.478249,-1.1261159,1.8351523
12254,-18930.67,-18724.904,-205.76619,-3.6580936,0.67405942
12255,-18679.113,-18597.915,-81.198523,-1.5286505,0.73053778
12256,-17555.036,-17357.447,-197.58882,-3.7227513,0.66340696
12257,-18400.29,-18396.006,-4.2840162,-0.081803639,-0.24787122
12258,-18136.413,-17955.589,-180.82415,-3.4701666,-1.3578559
12259,-18730.01,-18631.179,-98.831741,-1.9066535,0.6823692
12260,-18660.431,-18594.174,-66.256994,-1.2847023,-0.1984082
12261,-18658.209,-18459.703,-198.50607,-3.8193902,-0.069456254
12262,-18547.225,-18521.479,-25.746574,-0.494988,-0.19947156
12263,-18797.671,-18700.84,-96.830564,-1.8595652,-0.94424416
12264,-18730.111,-18575.975,-154.13652,-2.9399531,-2.1651363
12265,-18910.271,-18868.07,-42.201101,-0.80395532,-1.4236092
12266,-18973.387,-18793.251,-180.1358,-3.4313203,-0.22233154
12267,-18978.335,-18886.37,-91.965637,-1.7688111,1.4586369
12268,-18905.928,-18827.425,-78.503245,-1.5361081,1.4892105
12269,-19340.472,-19216.076,-124.39597,-2.3884028,0.81063989
12270,-19257.865,-19135.494,-122.37062,-2.3288267,0.041534252
12271,-19206.665,-19123.16,-83.505531,-1.6138083,-0.59223512
12272,-19586.575,-19524.651,-61.924279,-1.2155031,-0.23238845
12273,-19485.084,-19334.875,-150.20883,-2.9343118,0.2390672
12274,-19327.647,-19329.415,1.7689335,0.033831311,-0.057956345
12275,-19426.512,-19266.224,-160.2877,-3.0700176,1.3102699
12276,-19399.347,-19334.471,-64.875971,-1.237688,1.2058043
12277,-19784.306,-19789.245,4.9387513,0.095790499,1.7251659
12278,-19916.901,-19767.81,-149.09056,-2.9225664,1.5903202
12279,-20160.581,-20124.714,-35.866611,-0.6944327,2.62717
12280,-20073.632,-19972.449,-101.1829,-1.9533424,2.4375955
12281,-20166.741,-20028.765,-137.97622,-2.6943142,0.28366491
12282,-20038.185,-20021.687,-16.498201,-0.31817746,-0.23252545
12283,-20161.893,-20008.341,-153.55226,-2.953362,0.15484918
12284,-20144.524,-20096.101,-48.42276,-0.93641388,0.79354134
12285,-20102.312,-19968.809,-133.50279,-2.6033324,0.14599349
12286,-20062.624,-19972.246,-90.377618,-1.732387,0.1216089
12287,-20140.383,-20061.725,-78.658313,-1.4822493,-1.3425571
12288,-20189.766,-20129.567,-60.19854,-1.1740144,-0.44137041
12289,-20118.368,-20000.253,-118.11568,-2.3040336,-0.57867135
12290,-20120.085,-20037.156,-82.928809,-1.5870004,0.3515241
12291,-20012.232,-19926.142,-86.089773,-1.6531914,0.83108933
12292,-20031.52,-19949.599,-81.921579,-1.5782242,-0.35545448
12293,-19947.803,-19887.318,-60.485226,-1.1652189,0.16795075
12294,-20000.013,-19927.861,-72.151644,-1.3910649,-0.25790632
12295,-20165.529,-20019.16,-146.36944,-2.7897526,-0.091702286
12296,-20098.07,-20042.717,-55.352997,-1.0574221,-1.6543942
12297,-20296.003,-20174.458,-121.54502,-2.3840254,-0.91583741
12298,-20273.988,-20137.15,-136.83809,-2.6463825,0.37009771
12299,-20301.456,-20254.635,-46.821339,-0.89639525,1.5412166
12300,-20283.38,-20053.637,-229.74323,-4.4180765,1.0014198
12301,-20144.019,-20100.145,-43.873595,-0.8378571,1.0372975
12302,-20188.655,-20091.046,-97.609019,-1.8765119,0.9232584
12303,-20169.972,-20074.06,-95.912355,-1.8740358,-0.053679946
12304,-20179.667,-20112.682,-66.984597,-1.283503,0.22197778
12305,-20265.202,-20169.807,-95.3951,-1.8171863,-0.62277128
12306,-20280.451,-20186.692,-93.759339,-1.7934561,1.2732545
12307,-20403.351,-20381.422,-21.929678,-0.41996304,0.014978155
12308,-20557.456,-20415.09,-142.36636,-2.7363031,-0.36026065
12309,-20637.034,-20572.411,-64.622788,-1.2325943,-0.52746868
12310,-19982.542,-19856.379,-126.16286,-2.3826278,-0.080265879
12311,-20984.83,-20886.344,-98.485588,-1.8093283,-0.86563542
12312,-19550.321,-19417.883,-132.43801,-2.4701173,-1.7061539
12313,-20480.606,-20438.951,-41.65489,-0.7892184,-2.5913989
12314,-20640.568,-20497.592,-142.97563,-2.4859993,-1.5532638
12315,-21742.428,-21603.488,-138.94025,-2.4863619,0.44751482
12316,-19662.719,-19526.572,-136.14686,-2.4847833,1.9622162
12317,-18615.391,-18466.78,-148.61052,-2.8254693,0.72303438
12318,-19734.015,-19756.689,22.673793,0.41414863,-0.31601568
12319,-21139.339,-21044.272,-95.067134,-1.8123516,-0.26605786
12320,-20668.44,-20557.144,-111.29648,-2.040238,-1.0279221
12321,-20118.065,-20099.539,-18.526779,-0.34989138,-0.95998097
12322,-19886.403,-19755.779,-130.62432,-2.5013647,-1.2084391
12323,-19914.376,-19833.63,-80.746,-1.5641228,1.1625118
12324,-20103.927,-20058.186,-45.741002,-0.88157112,1.3833013
12325,-20670.965,-20511.039,-159.9254,-2.9881307,1.587994
12326,-21014.419,-20922.945,-91.474227,-1.7269335,0.1843943
12327,-20625.319,-20505.58,-119.73935,-2.2876828,1.1383638
12328,-20529.786,-20458.768,-71.018421,-1.3520175,0.1466361
12329,-20835.774,-20690.502,-145.27199,-2.7709705,1.6361268
12330,-20728.83,-20685.649,-43.180691,-0.82297423,0.019985125
12331,-21298.493,-21170.25,-128.24349,-2.4712396,-0.24540139
12332,-20991.899,-20930.73,-61.169156,-1.1717544,-0.60114655
12333,-21014.52,-20912.43,-102.09022,-1.9360175,0.18825023
12334,-21332.727,-21250.528,-82.19977,-1.5691355,0.7204436
12335,-21080.969,-21001.605,-79.363781,-1.5397388,-0.91684476
12336,-21016.944,-20937.908,-79.035217,-1.5124634,-0.554302
12337,-21154.588,-21084.815,-69.772605,-1.3222684,-0.16918934
12338,-21350.198,-21344.758,-5.4397338,-0.10415831,-0.29769852
12339,-21519.047,-21353.656,-165.39133,-3.1721724,0.33699264
12340,-21289.404,-21238.496,-50.908289,-0.96095939,0.30254152
12341,-21391.198,-21250.932,-140.26635,-2.6285581,0.24385222
12342,-21324.85,-21211.703,-113.14749,-2.1392481,-0.55555231
12343,-21552.978,-21513.605,-39.373248,-0.76279887,-0.546221
12344,-21732.835,-21564.259,-168.57563,-3.2567109,0.19143982
12345,-21758.384,-21679.216,-79.167791,-1.5023071,-0.16975949
12346,-21627.102,-21527.153,-99.948931,-1.8744913,-0.71408006
12347,-21532.276,-21484.689,-47.587351,-0.90532144,-2.6394351
12348,-21497.84,-21384.594,-113.24585,-2.1710833,-0.051031548
12349,-21597.917,-21577.706,-20.210999,-0.38384286,-0.68849419
12350,-21658.913,-21519.874,-139.0392,-2.659761,1.5633176
12351,-21558.735,-21505.618,-53.116823,-1.0111861,0.61703564
12352,-21554.089,-21491.16,-62.929594,-1.1952698,0.83727668
12353,-21606.299,-21506.831,-99.46805,-1.9267656,-0.24744192
12354,-21600.442,-21505.213,-95.228544,-1.815215,0.41626903
12355,-21576.104,-21515.223,-60.881393,-1.1609758,1.2163817
12356,-21672.142,-21499.046,-173.0962,-3.3151577,1.7737395
12357,-21558.634,-21549.295,-9.3381119,-0.18110276,0.84294
12358,-21589.131,-21424.733,-164.39834,-3.1408639,0.58525974
12359,-21619.124,-21502.382,-116.74195,-2.2131744,1.3175414
12360,-21597.412,-21535.444,-61.968311,-1.1942586,0.55049371
12361,-21693.046,-21534.938,-158.10777,-3.0626943,1.1250958
12362,-21639.221,-21606.218,-33.002503,-0.61881311,-1.7373653
12363,-21741.419,-21655.962,-85.456455,-1.6248228,-1.2114502
12364,-21713.647,-21613.295,-100.35192,-1.9248916,-0.80785297
12365,-21732.734,-21679.722,-53.011769,-1.0024148,1.4721692
12366,-21739.702,-21652.019,-87.682818,-1.66129,1.7102154
12367,-21752.527,-21682.553,-69.974099,-1.3168661,0.6683027
12368,-21685.27,-21620.979,-64.290754,-1.2392621,-0.8436517
12369,-21925.516,-21807.419,-118.09773,-2.2823837,-0.025784977
12370,-21662.043,-21559.709,-102.33407,-1.9643936,0.87315978
12371,-21692.44,-21580.84,-111.59979,-2.1169333,0.32809876
12372,-22209.591,-22194.25,-15.340927,-0.2845811,-0.95140829
12373,-21710.214,-21484.79,-225.42392,-4.0188948,-1.6108029
12374,-21778.48,-21777.592,-0.88805631,-0.015920895,-0.35580716
12375,-21176.906,-20956.512,-220.39387,-3.8985303,1.1284249
12376,-20734.182,-20662.294,-71.88841,-1.3597542,1.7359172
12377,-20492.219,-20485.46,-6.7596137,-0.11818178,1.4658146
12378,-23744.783,-23673.327,-71.455629,-1.2448734,1.852267
12379,-22322.594,-22204.36,-118.23389,-2.0948737,0.77638822
12380,-22199.593,-22122.566,-77.027339,-1.4527769,-0.89683945
12381,-21052.39,-20955.703,-96.686742,-1.8347851,0.40749664
12382,-21935.009,-21917.624,-17.38506,-0.33032714,0.39963033
12383,-21551.564,-21421.295,-130.26908,-2.5155512,0.39566353
12384,-22030.34,-21973.738,-56.602283,-1.0977556,0.56068058
12385,-21872.903,-21762.73,-110.17271,-2.1162849,-0.36832342
12386,-21754.85,-21616.025,-138.82443,-2.6413828,0.93749092
12387,-21641.24,-21570.022,-71.21812,-1.3349719,-0.91891325
12388,-21875.225,-21804.689,-70.536463,-1.3357079,-0.2709332
12389,-21902.492,-21735.431,-167.06024,-3.164099,-1.6710642
12390,-22106.585,-22046.938,-59.646227,-1.1317179,0.076108987
12391,-22168.893,-22064.329,-104.5645,-1.9857133,2.5028606
12392,-22122.237,-22044.31,-77.927839,-1.4734455,1.9995225
12393,-22004.589,-21948.461,-56.127265,-1.0768949,1.2856432
12394,-22416.107,-22338.022,-78.085181,-1.5042435,0.093471708
12395,-22232.716,-22127.722,-104.99441,-2.0209779,-0.49689206
12396,-22219.588,-22250.363,30.775183,0.59897203,-0.35454354
12397,-22709.472,-22601.807,-107.66492,-2.0851874,-0.60982291
12398,-22608.587,-22510.104,-98.482717,-1.8600855,0.12969633
12399,-22483.364,-22450.654,-32.710074,-0.6173672,1.1711848
12400,-22506.894,-22331.855,-175.03923,-3.295662,1.3467568
12401,-22404.999,-22353.087,-51.911929,-0.97897188,1.8210177
12402,-22644.74,-22579.968,-64.771635,-1.2305906,1.4167572
12403,-22632.824,-22508.79,-124.03378,-2.3804657,0.69512037
12404,-22804.399,-22721.314,-83.084835,-1.5877557,1.78397
12405,-22575.564,-22477.548,-98.016314,-1.8560459,1.0630288
12406,-22733.002,-22620.512,-112.49012,-2.1467127,1.0006913
12407,-22608.688,-22584.821,-23.866483,-0.45643145,-0.043512322
12408,-22827.828,-22685.118,-142.70952,-2.7407612,0.11691593
12409,-22815.003,-22782.079,-32.923772,-0.63506471,1.335869
12410,-22767.741,-22681.883,-85.858127,-1.639244,-1.047583
12411,-22745.423,-22708.979,-36.443811,-0.69387748,-1.5158877
12412,-22777.133,-22680.164,-96.968642,-1.8442017,-2.0045462
12413,-22817.426,-22789.864,-27.562291,-0.53319529,-1.9021068
12414,-22748.049,-22621.22,-126.82933,-2.4363771,-0.12427912
12415,-22814.397,-22713.024,-101.37315,-1.9419543,0.8173751
12416,-22782.687,-22665.908,-116.77881,-2.2204475,1.4197148
12417,-22756.633,-22660.651,-95.981873,-1.8104788,0.69480949
12418,-22753.704,-22670.761,-82.942689,-1.5815174,1.1820472
12419,-22713.714,-22598.976,-114.73731,-2.2118685,1.3414469
12420,-22752.997,-22636.082,-116.91509,-2.2367463,1.1772016
12421,-22631.814,-22608.379,-23.43466,-0.44846073,0.51246777
12422,-22739.566,-22654.989,-84.577133,-1.6383163,-0.19313804
12423,-22758.955,-22655.798,-103.15764,-1.9964391,1.1223708
12424,-22740.879,-22733.548,-7.3307122,-0.14053354,0.70044289
12425,-22828.03,-22665.605,-162.42492,-3.0977121,1.7784079
12426,-22795.714,-22786.325,-9.388964,-0.18009018,0.46703579
12427,-22852.065,-22763.172,-88.892498,-1.7034721,0.042206351
12428,-22929.218,-22845.068,-84.150215,-1.6300458,-0.37218602
12429,-22900.033,-22817.668,-82.36489,-1.5951408,0.19830257
12430,-22991.931,-22915.336,-76.594079,-1.4489499,-0.95062945
12431,-22963.957,-22828.689,-135.26861,-2.5479989,-0.79045778
12432,-22985.972,-22972.664,-13.308879,-0.25087133,-1.1915197
12433,-23175.321,-22992.379,-182.94235,-3.526973,-0.78953748
12434,-23171.08,-23108.853,-62.226998,-1.1912212,0.34094041
12435,-22548.601,-22430.837,-117.7639,-2.2032453,-1.1011811
12436,-23495.65,-23417.327,-78.32269,-1.4242942,-0.32509974
12437,-22001.155,-21919.747,-81.407794,-1.4867724,-1.0243743
12438,-22919.523,-22888.038,-31.485557,-0.59002971,-3.5213778
12439,-22965.27,-22904.518,-60.75205,-1.0799518,-1.7216849
12440,-24050.67,-23962.995,-87.674562,-1.5746018,-0.3212775
12441,-21885.324,-21789.321,-96.003171,-1.7825413,0.57582124
12442,-20936.963,-20806.066,-130.89617,-2.5155256,0.73995275
12443,-22152.533,-22161.188,8.6546603,0.15525093,-0.47245009
12444,-23573.106,-23474.351,-98.755403,-1.8778134,0.44977491
12445,-23220.26,-23056.48,-163.7801,-3.0560347,-0.60649039
12446,-22621.614,-22620.31,-1.3045645,-0.02508143,-2.1816325
12447,-22410.452,-22278.269,-132.18351,-2.5542102,-1.1252635
12448,-22421.056,-22294.142,-126.91344,-2.4384821,-0.48074225
12449,-22494.473,-22481.188,-13.28459,-0.2529559,0.35171496
12450,-23055.35,-22876.613,-178.73695,-3.3432658,1.3753142
12451,-23233.288,-23221.485,-11.802582,-0.22181671,-1.0151771
12452,-22901.75,-22789.965,-111.78466,-2.1244119,0.037362476
12453,-22775.214,-22726.875,-48.339004,-0.93933502,-0.095781683
12454,-23050.907,-22982.774,-68.132417,-1.3034185,0.43630565
12455,-23044.241,-22989.548,-54.693237,-1.0357751,-0.1466934
12456,-23503.123,-23459.387,-43.735637,-0.84357016,-0.48988038
12457,-23267.522,-23194.692,-72.82995,-1.4062219,-2.3013322
12458,-23232.884,-23140.095,-92.788842,-1.7777804,-1.2692161
12459,-23566.037,-23492.954,-73.082894,-1.4026866,-0.43793152
12460,-23368.306,-23236.348,-131.95856,-2.5409764,-0.12799747
12461,-23219.553,-23164.664,-54.889945,-1.0462324,0.29028256
12462,-23456.164,-23347.968,-108.1957,-2.0376442,-0.46386779
12463,-23662.58,-23601.036,-61.543547,-1.1768758,-1.0357204
12464,-23794.266,-23679.798,-114.46809,-2.1942973,-1.4245644
12465,-23581.488,-23479.912,-101.57644,-1.9486645,-0.59366322
12466,-23518.372,-23494.774,-23.597506,-0.45181903,-0.80666595
12467,-23508.172,-23366.066,-142.10564,-2.7243941,-0.83734492
12468,-23570.985,-23588.398,17.4127,0.33690581,-0.89352277
12469,-23718.728,-23605.081,-113.64764,-2.2188403,-0.033180056
12470,-23758.618,-23672.417,-86.20069,-1.6534646,-0.18343317
12471,-23571.692,-23581.826,10.133917,0.19483621,-1.0247712
12472,-23610.471,-23484.259,-126.21192,-2.4539352,-1.5213116
12473,-23491.812,-23413.182,-78.630554,-1.521482,-0.61132597
12474,-23673.991,-23654.521,-19.469994,-0.37159722,0.70017362
12475,-23780.734,-23582.13,-198.60419,-3.7929911,0.59748208
12476,-23567.047,-23574.142,7.0952373,0.13430602,-0.17297103
12477,-23629.254,-23493.965,-135.28919,-2.5835988,-0.2808571
12478,-23597.545,-23502.054,-95.491061,-1.8363415,-1.4319873
12479,-23586.739,-23501.852,-84.88775,-1.6344615,-0.54290201
12480,-23596.232,-23488.809,-107.42311,-2.0158337,-0.23175752
12481,-23598.757,-23547.551,-51.205265,-0.97056603,-0.37277269
12482,-23647.129,-23559.987,-87.141632,-1.6795206,-1.2875501
12483,-23560.988,-23490.022,-70.965654,-1.3691795,-2.1616641
12484,-23592.899,-23514.894,-78.005253,-1.5065013,-0.43201565
12485,-23556.544,-23512.468,-44.076764,-0.84894352,-0.24275976
12486,-23542.911,-23485.068,-57.843312,-1.1050778,0.25827767
12487,-23579.771,-23473.744,-106.02713,-1.9942338,-0.8038266
12488,-23549.172,-23532.487,-16.685815,-0.32066099,-1.4689714
12489,-23605.422,-23444.524,-160.89721,-3.0771748,-1.333417
12490,-23651.875,-23565.649,-86.226056,-1.6264896,0.54474101
12491,-23572.601,-23529.757,-42.844469,-0.8115405,1.5152675
12492,-23723.677,-23572.828,-150.84872,-2.8647415,0.9818135
12493,-23578.054,-23546.742,-31.311942,-0.60060098,1.3017233
12494,-23864.552,-23739.248,-125.30424,-2.4183956,0.9912574
12495,-23601.887,-23488.607,-113.28054,-2.1640325,0.23209747
12496,-23459.295,-23464.543,5.2487694,0.099822539,-0.58852257
12497,-24095.508,-23991.81,-103.69727,-1.9292217,-0.60554266
12498,-23437.179,-23303.077,-134.10129,-2.4082095,-0.40943368
12499,-23556.443,-23559.684,3.2406517,0.059376091,-0.63309902
12500,-22970.32,-22815.039,-155.28003,-2.7452201,0.83947701
12501,-22461.652,-22438.319,-23.332956,-0.44036019,0.49683757
12502,-22382.277,-22329.934,-52.343274,-0.90866054,0.99654232
12503,-25488.915,-25501.422,12.506614,0.22009006,1.7441171
12504,-24068.241,-23899.096,-169.14505,-3.0049266,1.0001332
12505,-23952.713,-23866.237,-86.476248,-1.59,-0.60094299
12506,-22736.637,-22635.779,-100.85864,-1.8669936,-0.94730094
12507,-23674.9,-23615.292,-59.607938,-1.1235189,-0.68095708
12508,-23238.741,-23086.711,-152.02993,-2.9109442,-1.3591833
12509,-23745.288,-23682.831,-62.45661,-1.2003992,-0.51294369
12510,-23620.671,-23531.273,-89.39731,-1.6969916,-1.2701394
12511,-23436.674,-23376.581,-60.092409,-1.1415811,0.9920195
12512,-23434.351,-23324.815,-109.53592,-2.0597967,-0.34889424
12513,-23528.571,-23548.664,20.092304,0.38240273,-3.0727724
12514,-23568.966,-23413.384,-155.58179,-2.9829799,-3.3584595
12515,-23768.211,-23770.793,2.5816091,0.049606325,-0.92710666
12516,-23787.5,-23696.682,-90.817338,-1.727836,0.99127414
12517,-23800.022,-23705.276,-94.745629,-1.7937372,1.0403507
12518,-23656.218,-23616.101,-40.116646,-0.76108579,0.72149724
12519,-24109.545,-23999.697,-109.84809,-2.102196,0.92581384
12520,-23900.402,-23802.136,-98.266506,-1.8685325,1.2991941
12521,-23880.912,-23863.002,-17.910452,-0.33855453,0.32106877
12522,-24389.579,-24259.336,-130.24299,-2.5028578,0.57887407
12523,-24214.974,-24091.703,-123.27136,-2.3646036,0.62728448
12524,-24089.247,-24050.351,-38.895837,-0.74200817,1.298533
12525,-24065.515,-23904.657,-160.8576,-3.0445029,2.1125679
12526,-23912.521,-23898.591,-13.929873,-0.26238534,1.3860936
12527,-24259.105,-24165.409,-93.696163,-1.7977635,1.5747921
12528,-24143.577,-24094.736,-48.840943,-0.94353812,0.83834158
12529,-24375.845,-24310.9,-64.944891,-1.2387726,1.0418001
12530,-24164.683,-24130.224,-34.458906,-0.6527854,1.2068609
12531,-24272.436,-24169.352,-103.08321,-1.9453531,0.90163039
12532,-24201.139,-24181.586,-19.553153,-0.36801626,-0.61762192
12533,-24328.786,-24185.529,-143.25657,-2.7119586,-0.46157386
12534,-24382.914,-24311.406,-71.508395,-1.3843888,-0.44479751
12535,-24320,-24204.436,-115.56398,-2.228899,-0.59893911
12536,-24251.228,-24186.035,-65.193647,-1.2193412,-0.029037616
12537,-24324.746,-24193.011,-131.73529,-2.45612,-0.60873316
12538,-24289.401,-24260.449,-28.952526,-0.55126497,-0.34115085
12539,-24261.832,-24109.7,-152.13211,-2.9097351,0.30815314
12540,-24255.268,-24197.965,-57.302605,-1.0961966,0.74954085
12541,-24172.055,-24111.52,-60.53548,-1.1588857,0.8185786
12542,-24241.433,-24118.9,-122.53227,-2.3529197,0.3292962
12543,-24086.318,-24071.583,-14.73501,-0.28323511,0.60907797
12544,-24151.252,-24046.003,-105.24891,-2.026954,1.644914
12545,-24172.56,-24112.531,-60.029352,-1.144354,-0.57576092
12546,-24087.732,-24050.553,-37.178833,-0.71019944,-0.46285519
12547,-24229.92,-24148.524,-81.395829,-1.5884771,0.1221164
12548,-24202.553,-24084.322,-118.23078,-2.2865747,-0.044998338
12549,-24267.184,-24226.578,-40.606022,-0.77725334,-0.011796136
12550,-24247.795,-24092.512,-155.28302,-2.9867207,0.55440128
12551,-24213.864,-24171.981,-41.882468,-0.79327199,1.1832139
12552,-24270.719,-24161.769,-108.94939,-2.0913097,1.881207
12553,-24271.224,-24162.882,-108.34215,-2.0835302,1.5046794
12554,-24269.406,-24199.179,-70.227402,-1.3441936,1.7257184
12555,-24286.473,-24221.118,-65.3541,-1.2430599,0.54155098
12556,-24287.179,-24194.73,-92.449629,-1.7499811,-0.20648945
12557,-24321.717,-24310.294,-11.422926,-0.21651285,-1.0801479
12558,-24459.866,-24343.861,-116.0049,-2.2249706,-0.62978163
12559,-24527.931,-24476.916,-51.0143,-0.97452045,1.0739676
12560,-23824.663,-23763.817,-60.845976,-1.1467668,-0.42259298
12561,-24824.931,-24731.4,-93.531282,-1.701912,-0.69519916
12562,-23306.503,-23197.624,-108.87855,-1.9793203,-0.93503761
12563,-24228.002,-24200.695,-27.306475,-0.50282712,-1.5661657
12564,-24377.663,-24262.167,-115.49566,-1.9984964,-0.52669891
12565,-25322.187,-25239.962,-82.224897,-1.4477791,0.087524187
12566,-23183.905,-23055.065,-128.84055,-2.3752933,0.99580731
12567,-22241.805,-22062.913,-178.89202,-3.4483726,0.41379475
12568,-23427.787,-23461.207,33.419969,0.60308154,0.0060860135
12569,-24847.855,-24714.009,-133.84535,-2.517437,1.3428715
12570,-24349.185,-24248.619,-100.56574,-1.8546097,0.20703035
12571,-23851.424,-23814.774,-36.649971,-0.69884494,0.48917696
12572,-23564.825,-23456.657,-108.16806,-2.0655407,-1.3910605
12573,-23590.274,-23509.94,-80.333799,-1.5563454,1.0770228
12574,-23697.42,-23697.491,0.071192873,0.0013610018,0.81360908
12575,-24236.787,-24141.245,-95.542511,-1.8179153,1.9333055
12576,-24500.563,-24430.104,-70.459048,-1.3383332,0.61171134
12577,-24095.407,-24007.077,-88.329297,-1.6700619,1.2845912
12578,-24019.364,-23942.572,-76.792223,-1.4702861,0.99385993
12579,-24296.47,-24161.769,-134.70086,-2.5932869,1.5400275
12580,-24206.492,-24167.937,-38.55471,-0.72299158,1.2577044
12581,-24723.339,-24598.951,-124.38783,-2.3659979,0.0076742325
12582,-24400.082,-24333.346,-66.73608,-1.2670995,-0.30719288
12583,-24420.481,-24310.597,-109.88411,-2.0853818,-0.74460295
12584,-24714.452,-24601.58,-112.87229,-2.1486038,1.3968773
12585,-24415.836,-24382.787,-33.049168,-0.6344149,-0.17025216
12586,-24389.882,-24278.344,-111.53805,-2.1228407,-0.32838328
12587,-24519.953,-24449.719,-70.233863,-1.3253844,-1.4075715
12588,-24714.25,-24704,-10.250099,-0.19729585,-0.1249733
12589,-24881.079,-24736.253,-144.82653,-2.7937879,-0.56626093
12590,-24628.311,-24600.164,-28.146551,-0.53302133,0.18199801
12591,-24633.36,-24534.85,-98.510237,-1.8853212,-0.20416276
12592,-24557.318,-24451.842,-105.47553,-2.0241625,1.0390801
12593,-24701.324,-24686.003,-15.320706,-0.29809284,1.9357784
12594,-24838.968,-24688.632,-150.33614,-2.8994249,0.9993978
12595,-24829.677,-24785.795,-43.882689,-0.82371243,-0.4585996
12596,-24689.508,-24602.591,-86.917644,-1.633249,-1.0589736
12597,-24667.897,-24548.6,-119.29712,-2.2991965,-0.37587261
12598,-24552.571,-24457.302,-95.269465,-1.8461666,0.81402554
12599,-24697.183,-24632.518,-64.665264,-1.2465627,1.581559
12600,-24724.45,-24621.397,-103.05318,-1.9572369,2.3380116
12601,-24595.591,-24526.054,-69.537609,-1.3048476,1.247883
12602,-24564.892,-24529.592,-35.299102,-0.67319377,1.1667082
12603,-24580.847,-24477.22,-103.62775,-2.0236638,0.20261098
12604,-24566.507,-24523.829,-42.677914,-0.82681865,0.32829267
12605,-24563.377,-24523.829,-39.547342,-0.75134922,1.7497441
12606,-24610.739,-24471.355,-139.3838,-2.6602464,1.1176681
12607,-24570.951,-24545.567,-25.38355,-0.48262881,-0.044402662
12608,-24560.347,-24421.308,-139.03908,-2.6396732,0.42979366
12609,-24597.611,-24501.081,-96.530477,-1.8368131,2.1257425
12610,-24539.342,-24491.071,-48.270922,-0.92526253,0.96134064
12611,-24535.707,-24430.913,-104.7934,-1.9979233,0.32874004
12612,-24564.791,-24453.662,-111.12861,-2.0717263,-0.87057792
12613,-24517.63,-24493.295,-24.334562,-0.46145491,-0.69390902
12614,-24587.815,-24403.109,-184.70638,-3.5020665,0.63040014
12615,-24517.529,-24512.607,-4.922359,-0.093232901,2.2768923
12616,-24546.31,-24427.88,-118.43012,-2.2569835,2.0352595
12617,-24565.497,-24494.205,-71.292065,-1.3595475,0.71975696
12618,-24450.878,-24422.016,-28.862309,-0.55581143,-0.21284034
12619,-24726.974,-24648.19,-78.784786,-1.5196338,0.37858797
12620,-24435.326,-24383.09,-52.236185,-0.98861781,0.27324918
12621,-24394.124,-24343.052,-51.071733,-0.96393756,-1.4844367
12622,-24956.415,-24909.447,-46.967913,-0.8782473,-0.79245718
12623,-24370.695,-24197.055,-173.63978,-3.0947661,-0.77936827
12624,-24485.314,-24485.915,0.60029352,0.010745959,0.83510823
12625,-23844.355,-23648.253,-196.10226,-3.4349669,0.04494131
12626,-23379.617,-23297.517,-82.09998,-1.5352734,1.1872781
12627,-23275.096,-23215.621,-59.475005,-1.0304632,1.5544228
12628,-26377.392,-26356.979,-20.412253,-0.35897699,2.7656429
12629,-24896.126,-24734.231,-161.89559,-2.9044123,1.855354
12630,-24740.91,-24715.829,-25.08107,-0.46746363,0.99631245
12631,-23614.107,-23468.183,-145.92325,-2.7165138,1.0033163
12632,-24465.824,-24456.493,-9.3311721,-0.17624651,0.28057043
12633,-24045.822,-23912.645,-133.17794,-2.5551744,-0.18942472
12634,-24561.054,-24525.043,-36.011389,-0.69719701,0.24074366
12635,-24363.525,-24313.731,-49.793612,-0.95055483,-0.85990727
12636,-24263.044,-24154.894,-108.14963,-2.0402467,0.058634288
12637,-24183.972,-24105.453,-78.518201,-1.491908,1.9652923
12638,-24376.653,-24358.117,-18.536351,-0.35218169,0.57148834
12639,-24415.937,-24233.959,-181.97796,-3.464685,0.067216957
12640,-24553.783,-24546.578,-7.2048384,-0.13666394,0.13419529
12641,-24654.365,-24494.408,-159.9577,-3.0124,1.6647591
12642,-24601.751,-24485.207,-116.54453,-2.2008608,0.96002497
12643,-24439.265,-24398.863,-40.402135,-0.77254971,0.61917817
12644,-24885.624,-24755.058,-130.56522,-2.4876888,1.0822689
12645,-24604.579,-24549.51,-55.068824,-1.0359977,0.79902562
12646,-24657.193,-24618.869,-38.324021,-0.72682883,0.39786692
12647,-25047.101,-25009.542,-37.558728,-0.71630302,-2.1980228
12648,-24945.407,-24818.755,-126.65236,-2.4426496,0.022356294
12649,-24789.384,-24821.991,32.606695,0.61914663,0.55873797
12650,-24773.327,-24619.374,-153.95261,-2.9270205,1.728186
12651,-24669.412,-24635.45,-33.961992,-0.63521667,0.8837019
12652,-24959.243,-24869.712,-89.530123,-1.6924423,0.74462996
12653,-24898.146,-24819.261,-78.885293,-1.5052432,0.13339855
12654,-25118.801,-25023.292,-95.50853,-1.8167377,0.80539752
12655,-24857.045,-24810.161,-46.883438,-0.87933722,1.4945196
12656,-25030.539,-24880.733,-149.80584,-2.825463,1.5627837
12657,-24894.006,-24858.389,-35.616897,-0.68361136,0.68350391
12658,-25037.709,-24917.333,-120.37554,-2.3131286,0.85386645
12659,-25059.724,-24994.882,-64.842349,-1.2395722,1.5133011
12660,-24943.893,-24887.002,-56.891122,-1.0922689,-0.93588848
12661,-24940.661,-24827.855,-112.80648,-2.1637652,-0.58309912
12662,-24920.666,-24868.095,-52.571091,-0.99731571,-0.72404424
12663,-24934.4,-24895.292,-39.107741,-0.755285,-0.46595801
12664,-24869.365,-24780.84,-88.524449,-1.7143546,-0.29105907
12665,-24860.781,-24824.518,-36.262898,-0.69159692,1.1078217
12666,-24854.217,-24757.991,-96.226441,-1.8214179,1.4157199
12667,-24839.574,-24733.321,-106.25327,-2.0038332,0.13486898
12668,-24813.015,-24745.049,-67.965623,-1.2965985,1.1493347
12669,-24798.372,-24681.858,-116.51378,-2.2572219,0.55447939
12670,-24808.066,-24725.637,-82.429621,-1.5726231,-0.50229804
12671,-24753.938,-24672.152,-81.786014,-1.5496797,-1.4271706
12672,-24837.15,-24735.646,-101.50417,-1.9366718,-1.2063892
12673,-24814.832,-24716.537,-98.295222,-1.8945094,0.89834889
12674,-24813.822,-24808.341,-5.481253,-0.10372483,0.5737751
12675,-24826.951,-24695.406,-131.54469,-2.4939055,1.4483658
12676,-24807.258,-24759.912,-47.34685,-0.89939758,0.53094234
12677,-24808.369,-24754.553,-53.816308,-1.0304339,0.81436993
12678,-24840.786,-24760.114,-80.672055,-1.5701808,1.3384672
12679,-24823.012,-24775.482,-47.530396,-0.9176282,0.25056202
12680,-24848.259,-24805.915,-42.344085,-0.80300686,-0.034865662
12681,-24868.153,-24744.645,-123.50851,-2.3198602,0.61287388
12682,-24872.293,-24863.949,-8.344044,-0.15887699,0.18014201
12683,-25086.081,-24922.085,-163.99595,-3.191217,-0.50250086
12684,-25079.618,-25019.754,-59.864591,-1.1396147,1.6872881
12685,-24403.011,-24337.694,-65.317128,-1.2072503,0.019947011
12686,-25395.604,-25274.641,-120.96255,-2.1732313,-0.76455665
12687,-23859.2,-23750.269,-108.93144,-1.9709122,-2.0305822
12688,-24806.047,-24763.45,-42.596311,-0.79770942,-1.301367
12689,-24876.232,-24808.948,-67.284085,-1.1727498,-0.86083981
12690,-25844.185,-25755.602,-88.58272,-1.5562483,1.1719851
12691,-23631.173,-23512.67,-118.50335,-2.1828423,1.3985637
12692,-22732.901,-22618.49,-114.41125,-2.1504541,1.1377122
12693,-23959.681,-24007.886,48.204994,0.8562278,0.15436195
12694,-25330.468,-25264.733,-65.734833,-1.2587104,0.39495405
12695,-24851.389,-24720.278,-131.11131,-2.4815384,-0.25913147
12696,-24334.845,-24309.283,-25.56219,-0.49529835,-1.0227615
12697,-24085.914,-23961.782,-124.13201,-2.3612496,0.20221574
12698,-24127.823,-24008.796,-119.02707,-2.2495125,-0.11620379
12699,-24214.671,-24219.804,5.132707,0.097561269,0.098810478
12700,-24770.6,-24639.292,-131.30814,-2.466863,0.84947529
12701,-24955.506,-24883.463,-72.043239,-1.358321,0.63981381
12702,-24574.889,-24478.028,-96.860716,-1.8592793,0.05386907
12703,-24470.166,-24382.787,-87.37974,-1.6836399,-0.11938597
12704,-24721.117,-24675.589,-45.527902,-0.8697165,0.087788683
12705,-24690.316,-24610.78,-79.53596,-1.4956289,0.61067772
12706,-25132.333,-25053.927,-78.405609,-1.4958394,-0.039872254
12707,-24842.099,-24780.133,-61.965918,-1.189345,-1.4173052
12708,-24813.721,-24749.397,-64.324975,-1.2370758,-1.2188151
12709,-25142.331,-25111.457,-30.874016,-0.5979668,0.21315273
12710,-24848.562,-24762.945,-85.617028,-1.6455906,0.1813477
12711,-24791,-24718.357,-72.642576,-1.3799304,-0.23456677
12712,-25006.504,-24906.414,-100.09024,-1.8918991,-0.15311865
12713,-25165.658,-25131.678,-33.980658,-0.64582271,-1.2135135
12714,-25329.155,-25206.597,-122.55787,-2.3266989,-1.3745812
12715,-25038.82,-24961.112,-77.70756,-1.4823877,0.3981419
12716,-25086.99,-24991.343,-95.647326,-1.8158096,1.1332177
12717,-24961.363,-24847.874,-113.4897,-2.1626886,0.88623197
12718,-25091.837,-25044.221,-47.616306,-0.9209069,0.37200542
12719,-25191.612,-25137.542,-54.06997,-1.0490843,-0.18749496
12720,-25202.316,-25097.403,-104.91353,-1.9957974,-0.57392475
12721,-25036.699,-25031.583,-5.1160754,-0.09802488,0.12576125
12722,-25007.817,-24883.261,-124.5563,-2.4101683,-0.29089903
12723,-24890.572,-24834.932,-55.639923,-1.0707272,1.2418614
12724,-25070.63,-25072.632,2.0015368,0.038226091,0.31449237
12725,-25090.828,-24917.738,-173.08986,-3.2844249,-0.032126037
12726,-24964.191,-24943.52,-20.67118,-0.38619176,0.15213855
12727,-24962.07,-24854.142,-107.92804,-2.0344065,1.4961593
12728,-24952.779,-24875.172,-77.607291,-1.5013773,0.60955886
12729,-24952.073,-24889.934,-62.138935,-1.2014498,-0.30477372
12730,-24901.378,-24822.395,-78.98257,-1.4841366,0.19020281
12731,-24998.223,-24861.826,-136.39705,-2.5687735,0.59465191
12732,-24897.237,-24840.998,-56.238661,-1.0809065,-0.0013544911
12733,-24887.643,-24770.022,-117.62128,-2.2680473,-0.1360315
12734,-24877.747,-24825.833,-51.914202,-0.99957037,-0.11565154
12735,-24823.517,-24746.06,-77.457128,-1.4930552,-0.3427633
12736,-24827.658,-24780.942,-46.716046,-0.8865824,-0.79724709
12737,-24794.029,-24692.878,-101.15083,-1.9062482,-1.1879744
12738,-24800.795,-24830.686,29.890358,0.57449308,-2.8573991
12739,-24848.461,-24702.483,-145.97734,-2.8253126,-0.97155827
12740,-24805.239,-24787.311,-17.927442,-0.34211733,0.72942548
12741,-24858.862,-24747.678,-111.1846,-2.1083594,1.3529961
12742,-24866.436,-24739.589,-126.84703,-2.3963182,0.0218911
12743,-24802.108,-24760.114,-41.994343,-0.79626934,0.026696814
12744,-25024.682,-24928.758,-95.923363,-1.8394385,-0.22207192
12745,-24742.425,-24626.755,-115.67011,-2.203259,0.18030061
12746,-24713.038,-24650.616,-62.422151,-1.1922402,0.23103274
12747,-25190.299,-25108.12,-82.178951,-1.5456606,0.16545104
12748,-24642.752,-24496.632,-146.11996,-2.5893166,0.38638844
12749,-24674.361,-24706.831,32.470411,0.58518989,-0.95735765
12750,-24075.31,-23861.788,-213.52214,-3.7528686,0.14317666
12751,-23546.143,-23542.9,-3.2423269,-0.060975047,0.052490165
12752,-23512.009,-23448.973,-63.036324,-1.0962091,1.6958875
12753,-26632.079,-26674.351,42.271815,0.75076741,1.639569
12754,-25053.766,-24887.608,-166.15747,-2.9082403,0.37817624
12755,-24984.287,-24941.599,-42.688443,-0.78316041,-1.1598165
12756,-23843.244,-23721.352,-121.89189,-2.2718932,0.25759934
12757,-24718.593,-24661.434,-57.158066,-1.0854815,0.21863088
12758,-24322.424,-24196.651,-125.7728,-2.3958544,0.37782822
12759,-24769.893,-24713.403,-56.490648,-1.0762582,0.36952982
12760,-24631.441,-24558.306,-73.134943,-1.4037039,-0.16912808
12761,-24496.221,-24354.477,-141.74381,-2.70926,-0.044636604
12762,-24377.259,-24290.477,-86.782078,-1.6485,-0.019580525
12763,-24606.195,-24610.477,4.2822214,0.082263489,-1.1933705
12764,-24516.115,-24392.291,-123.82451,-2.3824723,-2.0739395
12765,-24786.859,-24737.668,-49.190925,-0.92540604,-0.63399651
12766,-24751.009,-24685.801,-65.208125,-1.2291373,-0.68595016
12767,-24730.307,-24619.172,-111.13471,-2.1081355,-0.2666156
12768,-24617.202,-24632.821,15.619118,0.30015583,-0.11041494
12769,-25007.11,-24902.066,-105.04371,-2.0279962,0.0016899235
12770,-24819.175,-24737.264,-81.91093,-1.5517928,-0.86860321
12771,-24831.293,-24792.872,-38.421059,-0.73522987,-1.5158991
12772,-25263.918,-25165.144,-98.774189,-1.9264942,-0.02828022
12773,-25164.346,-25031.684,-132.66152,-2.534264,0.3241303
12774,-24930.865,-24940.992,10.126618,0.19335557,0.06555944
12775,-25001.051,-24799.039,-202.01139,-3.8253717,1.0342831
12776,-24841.089,-24789.131,-51.957636,-0.97738176,0.68512086
12777,-25101.532,-25022.585,-78.947632,-1.497851,1.5864534
12778,-25060.027,-24974.559,-85.467583,-1.6373201,1.236259
12779,-25181.513,-25146.742,-34.770719,-0.66290802,0.51899586
12780,-25032.963,-24954.338,-78.624452,-1.4980514,0.29257051
12781,-25082.143,-24989.523,-92.619894,-1.7669607,0.053642317
12782,-25000.849,-24988.209,-12.640384,-0.24288029,-1.1896779
12783,-25153.641,-25071.115,-82.525702,-1.5952355,-0.28999284
12784,-25158.69,-25075.261,-83.429672,-1.6286401,1.2195125
12785,-25098.301,-25029.46,-68.840876,-1.3336584,0.68316336
12786,-25056.492,-24940.588,-115.90463,-2.2074653,-0.34065536
12787,-25086.99,-24981.232,-105.75791,-2.004029,-0.28028579
12788,-25084.869,-25047.457,-37.412872,-0.71463636,-0.81599658
12789,-24988.529,-24853.94,-134.58863,-2.5568459,-0.073429607
12790,-25038.214,-24967.785,-70.428657,-1.3590587,1.2499741
12791,-24949.548,-24827.248,-122.2999,-2.3510241,1.5188121
12792,-24960.858,-24869.814,-91.044797,-1.7385366,1.1284976
12793,-24888.956,-24834.831,-54.125249,-1.0249484,0.73221283
12794,-24837.352,-24758.799,-78.5529,-1.5109702,0.97231008
12795,-24925.21,-24811.678,-113.53253,-2.1859316,-1.0048948
12796,-24747.778,-24719.57,-28.207215,-0.54384983,-0.64039514
12797,-24918.343,-24835.438,-82.905597,-1.6287033,-0.70044635
12798,-24877.444,-24785.491,-91.952476,-1.801932,-0.12205993
12799,-24868.355,-24867.791,-0.56356039,-0.010816807,-0.36383626
12800,-24945.407,-24778.616,-166.79138,-3.1565809,1.2220269
12801,-24846.441,-24790.85,-55.591105,-1.060486,0.98178471
12802,-24937.127,-24854.749,-82.377812,-1.5796976,1.3702242
12803,-24919.656,-24805.915,-113.74132,-2.2100145,1.5756915
12804,-24908.144,-24849.997,-58.146749,-1.1169404,0.98645129
12805,-24969.543,-24853.03,-116.51318,-2.1848484,-0.25867593
12806,-24889.057,-24774.774,-114.28311,-2.1321883,-0.050563614
12807,-24978.43,-24950.294,-28.136141,-0.52716046,0.17304225
12808,-25068.712,-24952.619,-116.09236,-2.2093223,-1.0932411
12809,-25108.096,-25082.338,-25.75818,-0.48604182,0.25517054
12810,-24451.989,-24356.904,-95.085321,-1.7706039,-0.29418726
12811,-25354.402,-25282.427,-71.975038,-1.3163272,-0.40642926
12812,-23909.592,-23800.215,-109.37726,-2.0116722,-1.1097962
12813,-24789.586,-24787.21,-2.3756882,-0.044568124,-2.2782956
12814,-24930.764,-24847.469,-83.295303,-1.4481313,-0.81930034
12815,-25848.931,-25723.956,-124.9752,-2.1975242,0.60780669
12816,-23602.392,-23494.37,-108.02244,-2.0127105,1.840298
12817,-22825.808,-22679.962,-145.8462,-2.829632,1.7269991
12818,-23998.258,-24034.477,36.219105,0.65184398,-0.049872715
12819,-25396.614,-25301.131,-95.482685,-1.7995153,0.26129773
12820,-24886.533,-24705.112,-181.42038,-3.370436,0.80842241
12821,-24332.825,-24329.302,-3.5235088,-0.067554427,0.16850322
12822,-24119.441,-23945.504,-173.93747,-3.3697773,0.81787011
12823,-24078.037,-24023.254,-54.782736,-1.0600193,1.7566285
12824,-24222.649,-24210.502,-12.14694,-0.23097494,-0.13830253
12825,-24752.322,-24610.578,-141.74369,-2.6745841,0.92830363
12826,-24901.579,-24891.956,-9.623721,-0.18311154,0.85544342
12827,-24559.539,-24440.215,-119.3244,-2.2841479,1.4022762
12828,-24413.917,-24405.94,-7.9771914,-0.15441249,1.5319753
12829,-24731.822,-24634.641,-97.180306,-1.8574482,0.92422187
12830,-24644.772,-24595.008,-49.763699,-0.92922093,-0.721473
12831,-25135.968,-25038.761,-97.206988,-1.8202225,-0.68391284
12832,-24854.823,-24751.216,-103.60645,-1.9363527,-0.52679967
12833,-24825.84,-24758.597,-67.242686,-1.2808428,-1.1280354
12834,-25142.936,-25025.618,-117.3188,-2.2444771,-0.11080605
12835,-24854.217,-24743.128,-111.089,-2.1151691,0.24058054
12836,-24766.965,-24697.125,-69.840089,-1.3162344,0.2216059
12837,-24988.529,-24842.919,-145.60917,-2.7125487,-0.12501545
12838,-25091.636,-25134.408,42.77208,0.82488705,-0.18190157
12839,-25294.416,-25113.782,-180.63379,-3.4320364,-1.7206682
12840,-24976.309,-24948.878,-27.430913,-0.52126898,-1.040565
12841,-24988.226,-24919.457,-68.769085,-1.3273245,-0.80583363
12842,-24923.897,-24795.299,-128.59886,-2.4807718,1.3280683
12843,-25019.935,-25064.24,44.304821,0.86083384,0.48211125
12844,-25166.971,-25013.586,-153.38511,-2.9418934,-0.16266481
12845,-25152.934,-25089.82,-63.114217,-1.1998724,-0.25094903
12846,-25007.817,-24949.182,-58.635288,-1.119963,-1.1305514
12847,-25009.13,-24857.479,-151.65111,-2.9468381,-0.06680635
12848,-24869.567,-24801.972,-67.5953,-1.2962958,-0.11980647
12849,-25037.608,-24977.592,-60.015472,-1.1470745,-0.2164118
12850,-25070.529,-24900.752,-169.77741,-3.2151288,0.16961675
12851,-24891.683,-24839.886,-51.796584,-0.97445925,2.015729
12852,-24916.021,-24798.028,-117.99208,-2.253847,3.2691171
12853,-24834.323,-24829.27,-5.0525403,-0.097427037,1.7971189
12854,-24885.018,-24763.45,-121.56751,-2.3083733,0.8539202
12855,-24808.47,-24790.85,-17.620296,-0.33263608,-0.09969526
12856,-24873.909,-24753.946,-119.96298,-2.251165,0.11616099
12857,-24821.396,-24793.883,-27.513353,-0.51896759,-0.61905206
12858,-24790.697,-24705.719,-84.977848,-1.6076513,-0.42328249
12859,-24811.197,-24707.943,-103.25372,-1.9686514,0.019410072
12860,-24766.258,-24701.472,-64.785634,-1.2466656,-0.46494308
12861,-24764.642,-24661.03,-103.61219,-1.9602503,-1.5575278
12862,-24782.214,-24660.423,-121.79043,-2.2695401,-1.3111432
12863,-24731.822,-24738.376,6.5542911,0.12397551,-2.3824226
12864,-24800.593,-24599.659,-200.93453,-3.8211419,-1.4673505
12865,-24764.238,-24706.831,-57.407301,-1.0970314,0.64345643
12866,-24746.667,-24651.829,-94.837283,-1.8024648,0.1896391
12867,-24810.692,-24672.051,-138.64136,-2.6523551,-0.85856328
12868,-24628.412,-24661.232,32.820393,0.62394417,-0.93267062
12869,-24960.555,-24777.605,-182.95037,-3.4713077,1.107039
12870,-24582.766,-24578.123,-4.6428522,-0.087462346,-1.2900807
12871,-24557.52,-24481.668,-75.85128,-1.4566704,-1.6844014
12872,-25106.985,-25073.137,-33.847964,-0.64284381,-1.6219589
12873,-24489.354,-24367.722,-121.63189,-2.1826378,-0.31535944
12874,-24618.919,-24590.863,-28.056573,-0.50555448,-0.3355474
12875,-23938.575,-23772.209,-166.36662,-2.8914288,-0.59592981
12876,-23475.452,-23384.164,-91.288168,-1.7176322,0.020803347
12877,-23507.566,-23441.997,-65.569235,-1.1377534,1.0157465
12878,-26530.386,-26534.218,3.8322107,0.067209401,2.0780876
12879,-24969.644,-24757.788,-211.85587,-3.7311604,1.6279542
12880,-24870.476,-24829.573,-40.90228,-0.74885053,-0.27460207
12881,-23723.273,-23582.028,-141.24415,-2.5894449,-1.1167417
12882,-24610.133,-24581.258,-28.875829,-0.54075332,-0.79526562
12883,-24113.887,-24031.343,-82.544367,-1.5620674,-0.84611342
12884,-24695.265,-24573.27,-121.99455,-2.3297608,0.43921905
12885,-24422.804,-24410.894,-11.90979,-0.22772184,-1.1701343
12886,-24340.5,-24185.428,-155.07208,-2.9742417,-0.33024029
12887,-24245.674,-24222.332,-23.342408,-0.44236497,-0.69470516
12888,-24413.109,-24408.771,-4.3383381,-0.081714351,-2.020583
12889,-24448.656,-24262.269,-186.38785,-3.51919,-2.5031833
12890,-24594.178,-24603.197,9.0199576,0.16880382,-0.094261434
12891,-24693.952,-24520.19,-173.7623,-3.2870393,1.0757076
12892,-24632.451,-24534.951,-97.500255,-1.8638809,0.74587541
12893,-24479.962,-24444.765,-35.197517,-0.67513499,-0.29593432
12894,-24953.789,-24783.773,-170.01684,-3.2375224,-0.89741348
12895,-24639.015,-24552.746,-86.269729,-1.6196612,0.20252408
12896,-24706.575,-24648.695,-57.880045,-1.098312,0.63117133
12897,-25122.335,-25043.008,-79.327407,-1.5303739,-0.45659678
12898,-24927.331,-24849.592,-77.738549,-1.4895204,0.74600059
12899,-24827.254,-24794.288,-32.966129,-0.62627948,-0.32040982
12900,-24736.063,-24622.104,-113.95885,-2.1470515,1.0022323
12901,-24699.506,-24623.52,-75.986367,-1.4328348,0.53029015
12902,-24913.799,-24897.415,-16.383335,-0.31095771,0.3758994
12903,-24865.224,-24774.167,-91.057001,-1.7747238,1.6466205
12904,-25085.071,-24998.016,-87.055603,-1.6795319,1.9362436
12905,-24811.399,-24747.981,-63.417774,-1.19935,3.029803
12906,-25000.748,-24851.817,-148.93118,-2.8248215,2.0252967
12907,-24873.909,-24823.406,-50.503267,-0.96138505,0.65929822
12908,-24986.509,-24873.352,-113.15659,-2.1537796,-0.49629656
12909,-25055.079,-24943.419,-111.65986,-2.12844,0.40819574
12910,-24920.06,-24818.148,-101.91146,-1.9539406,-0.023319665
12911,-24895.823,-24794.288,-101.53575,-1.9351458,0.37863732
12912,-24897.944,-24809.757,-88.18727,-1.6457822,-0.31304641
12913,-24862.599,-24852.626,-9.9732242,-0.190052,0.073567188
12914,-24828.062,-24684.992,-143.06944,-2.7253573,-0.0014764787
12915,-24760.906,-24729.883,-31.022624,-0.58436803,1.2445855
12916,-24772.822,-24682.464,-90.357636,-1.7126401,2.3305381
12917,-24711.523,-24660.019,-51.504514,-0.9819038,0.86899367
12918,-24676.279,-24624.733,-51.546273,-0.99777211,1.8943038
12919,-24684.762,-24569.731,-115.03069,-2.2272606,0.020004803
12920,-24684.661,-24589.346,-95.315172,-1.8185362,-0.61551365
12921,-24650.023,-24579.438,-70.585281,-1.336235,-0.87083132
12922,-24722.127,-24613.106,-109.02118,-2.1124779,0.7232956
12923,-24718.189,-24618.566,-99.622999,-1.9242514,0.86794209
12924,-24714.25,-24663.558,-50.692437,-0.98113933,0.85111877
12925,-24724.551,-24571.551,-152.99935,-2.9558815,0.9674972
12926,-24694.962,-24630.799,-64.162368,-1.2187513,0.35751791
12927,-24673.351,-24607.039,-66.311196,-1.2618828,1.1237144
12928,-24704.959,-24646.976,-57.983066,-1.1244392,0.78464586
12929,-24687.792,-24587.425,-100.36676,-1.9432021,0.96828078
12930,-24675.976,-24640.708,-35.26859,-0.67292463,-0.10945849
12931,-24705.363,-24568.72,-136.64293,-2.5910986,-0.38800241
12932,-24688.6,-24706.831,18.231358,0.34741083,-0.29520443
12933,-24887.34,-24754.452,-132.88862,-2.5408261,0.70907369
12934,-24874.616,-24809.15,-65.466095,-1.2320032,0.61735659
12935,-24227.194,-24148.322,-78.871413,-1.4670914,0.87297342
12936,-25228.27,-25092.853,-135.41674,-2.4631265,-1.410973
12937,-23667.023,-23563.122,-103.90163,-1.901545,-1.2076795
12938,-24634.168,-24619.779,-14.389216,-0.26872413,-1.325637
12939,-24760.704,-24605.22,-155.48416,-2.6840349,-1.0125838
12940,-25606.16,-25530.237,-75.923191,-1.3275624,0.89734742
12941,-23391.23,-23220.171,-171.05936,-3.1013986,1.8549741
12942,-22520.729,-22437.51,-83.218726,-1.5653379,2.0537957
12943,-23835.569,-23865.529,29.959995,0.53971652,1.5663593
12944,-25111.025,-25020.158,-90.866874,-1.7442969,0.5197647
12945,-24584.281,-24478.736,-105.54469,-1.9925471,-0.4443081
12946,-24102.476,-24067.438,-35.038141,-0.66899607,-0.98901449
12947,-23807.394,-23723.374,-84.019675,-1.6091253,-1.444165
12948,-23888.385,-23779.387,-108.99796,-2.0915422,0.68291581
12949,-23966.75,-23926.799,-39.950928,-0.77166832,0.83208268
12950,-24553.48,-24422.016,-131.46428,-2.4984483,2.3729348
12951,-24725.864,-24625.34,-100.52386,-1.8960972,1.0287321
12952,-24286.675,-24224.859,-61.815157,-1.1756362,0.88655976
12953,-24268.194,-24169.049,-99.14511,-1.8846421,0.68812666
12954,-24463.299,-24362.869,-100.43053,-1.9264611,2.0335546
12955,-24447.142,-24384.202,-62.939406,-1.195941,0.87323202
12956,-24916.021,-24759.81,-156.21009,-3.0246856,0.38802566
12957,-24516.014,-24501.485,-14.529209,-0.27728087,-0.64152578
12958,-24619.424,-24497.946,-121.47778,-2.3128781,-0.26126365
12959,-24806.753,-24739.69,-67.063088,-1.2879116,1.4245349
12960,-24583.271,-24512.91,-70.361053,-1.3424715,0.67220695
12961,-24485.92,-24396.638,-89.282085,-1.6865603,1.6112565
12962,-24687.994,-24642.932,-45.061619,-0.85507169,1.0107339
12963,-24873.505,-24821.889,-51.61591,-0.99026316,0.60944805
12964,-24983.176,-24845.548,-137.62815,-2.6241262,0.15356865
12965,-24768.278,-24700.967,-67.310887,-1.2680065,1.7266684
12966,-24767.268,-24628.979,-138.28839,-2.5863084,1.3961649
12967,-24650.629,-24571.754,-78.875242,-1.4815489,0.85438671
12968,-24820.993,-24758.092,-62.900878,-1.212774,0.63975482
12969,-24888.451,-24747.172,-141.27909,-2.7117685,0.86936314
12970,-24901.479,-24823.002,-78.476921,-1.4968323,-0.10689532
12971,-24721.622,-24643.438,-78.184492,-1.4898828,0.065888146
12972,-24664.06,-24610.882,-53.178444,-1.0198679,-2.5076834
12973,-24599.025,-24479.848,-119.17651,-2.2839601,0.8131155
12974,-24694.255,-24697.731,3.4766053,0.066012001,0.34685468
12975,-24758.684,-24591.975,-166.7093,-3.1649976,0.7045045
12976,-24580.544,-24536.973,-43.571235,-0.82614332,-0.043670552
12977,-24604.175,-24544.253,-59.922383,-1.1264256,0.58976088
12978,-24558.327,-24473.58,-84.747637,-1.6391358,0.80946748
12979,-24577.414,-24491.88,-85.53387,-1.6361434,0.42583357
12980,-24553.985,-24476.006,-77.978691,-1.4667519,1.4670434
12981,-24594.279,-24453.359,-140.91989,-2.676319,1.9196773
12982,-24552.773,-24526.761,-26.011722,-0.50056046,0.92550556
12983,-24512.379,-24363.88,-148.49876,-2.8526999,-0.48781944
12984,-24536.211,-24418.073,-118.13877,-2.2723105,0.68037044
12985,-24457.543,-24385.213,-72.329925,-1.4021338,-0.025515969
12986,-24462.996,-24335.065,-127.93168,-2.4532326,1.8088947
12987,-24437.043,-24380.461,-56.581703,-1.060373,-1.5101254
12988,-24413.816,-24378.035,-35.781418,-0.68235183,-0.86256513
12989,-24447.445,-24303.823,-143.62151,-2.7861173,-1.0053005
12990,-24414.422,-24371.968,-42.453686,-0.80755359,1.2615987
12991,-24402.708,-24327.077,-75.630283,-1.4513148,1.1905667
12992,-24475.115,-24382.382,-92.732486,-1.7648505,1.033783
12993,-24323.938,-24281.276,-42.662,-0.82027211,-0.019885884
12994,-24620.939,-24481.466,-139.47282,-2.6749363,0.34964607
12995,-24313.638,-24217.58,-96.058091,-1.8283274,0.43688907
12996,-24263.852,-24177.239,-86.61313,-1.6264547,-0.36148254
12997,-24788.172,-24754.553,-33.61907,-0.62542092,-0.50001696
12998,-24185.587,-23991.305,-194.28248,-3.4408668,-0.21780445
12999,-24294.854,-24294.724,-0.13089917,-0.0023546323,0.45682052
13000,-23618.752,-23414.496,-204.25582,-3.5880415,0.67673128
13001,-23123.314,-23027.463,-95.850734,-1.7883559,1.0228161
13002,-23167.95,-23156.575,-11.374467,-0.19663918,0.67381136
13003,-26224.701,-26162.755,-61.945457,-1.0969245,0.84913573
13004,-24538.332,-24412.613,-125.7192,-2.2095388,0.31476016
13005,-24492.989,-24436.272,-56.717627,-1.054303,0.25884463
13006,-23361.843,-23244.84,-117.00256,-2.2001906,0.71202729
13007,-24253.652,-24248.114,-5.5383269,-0.10495732,0.62894895
13008,-23784.975,-23649.567,-135.40801,-2.5749632,-0.8385802
13009,-24340.702,-24241.441,-99.261411,-1.9028951,0.89038894
13010,-24130.55,-24058.136,-72.41404,-1.3849486,0.53223401
13011,-24012.598,-23835.703,-176.89503,-3.3365709,0.38735877
13012,-23919.691,-23876.044,-43.646496,-0.81257005,-1.0192324
13013,-24111.665,-24036.904,-74.76185,-1.4117767,-0.73868277
13014,-24113.786,-23930.439,-183.34701,-3.5193906,-2.1900865
13015,-24256.48,-24222.433,-34.046825,-0.6468129,-0.65688353
13016,-24318.081,-24170.667,-147.4146,-2.791858,1.0521463
13017,-24223.861,-24172.689,-51.17236,-0.97753311,0.77704375
13018,-24130.55,-24052.272,-78.278179,-1.5056493,0.19186141
13019,-24537.322,-24443.147,-94.175369,-1.8015628,-0.69819978
13020,-24231.435,-24135.987,-95.447747,-1.8297805,-0.41712426
13021,-24341.005,-24307.564,-33.441147,-0.64542446,-1.4854045
13022,-24730.105,-24659.311,-70.793715,-1.3730982,-1.2543703
13023,-24577.01,-24442.54,-134.46958,-2.5377725,-0.56995093
13024,-24446.334,-24429.902,-16.431674,-0.31250082,0.73985591
13025,-24416.745,-24253.573,-163.17131,-3.0835363,1.0307811
13026,-24359.789,-24264.594,-95.194563,-1.772593,1.4933358
13027,-24562.67,-24534.041,-28.628748,-0.54619011,0.90892352
13028,-24536.413,-24385.82,-150.59351,-2.8972066,-0.47478911
13029,-24715.664,-24633.226,-82.437997,-1.5997266,0.26670986
13030,-24447.041,-24357.712,-89.328151,-1.6902604,1.4205407
13031,-24605.589,-24468.019,-137.57,-2.6060707,1.1160732
13032,-24432.398,-24455.482,23.084199,0.44185506,0.030149367
13033,-24622.454,-24446.585,-175.86913,-3.3784882,-0.27964883
13034,-24587.613,-24561.643,-25.970442,-0.4963629,1.0923206
13035,-24493.898,-24388.752,-105.14625,-2.0086976,-0.036716649
13036,-24492.383,-24433.643,-58.740462,-1.1223908,-0.97980906
13037,-24474.61,-24398.559,-76.05062,-1.4439053,-0.90721843
13038,-24478.952,-24419.488,-59.464117,-1.13145,-0.30777944
13039,-24437.649,-24291.791,-145.85745,-2.8015937,1.0481265
13040,-24427.651,-24353.668,-73.983036,-1.4178958,0.66342323
13041,-24401.294,-24280.367,-120.92738,-2.3115728,1.0158832
13042,-24352.821,-24263.077,-89.743104,-1.6855093,-0.50378312
13043,-24319.899,-24211.615,-108.28448,-2.0343297,0.80714786
13044,-24291.32,-24184.619,-106.70065,-2.0428276,0.7794705
13045,-24311.416,-24184.215,-127.20132,-2.4103259,1.3533225
13046,-24209.117,-24165.409,-43.707997,-0.82942903,0.10560665
13047,-24279.404,-24213.738,-65.665794,-1.2485461,-1.1868625
13048,-24284.453,-24153.074,-131.37861,-2.5114447,0.48080699
13049,-24260.216,-24262.774,2.5579181,0.048934933,0.31656462
13050,-24265.568,-24109.902,-155.66639,-2.9972794,1.2689251
13051,-24242.241,-24227.185,-15.055797,-0.28906257,0.86057968
13052,-24268.295,-24192.404,-75.890646,-1.4413206,0.17397249
13053,-24287.684,-24184.316,-103.36846,-1.9940518,-0.53169216
13054,-24283.241,-24194.123,-89.117803,-1.7185981,-0.54064854
13055,-24315.153,-24214.344,-100.80827,-1.8999355,-1.1132768
13056,-24316.062,-24164.6,-151.46122,-2.8660338,-0.31588426
13057,-24297.682,-24284.107,-13.574626,-0.25536709,-0.89248141
13058,-24489.556,-24309.586,-179.96972,-3.452051,-0.97860468
13059,-24474.509,-24408.063,-66.445685,-1.2653498,0.82247306
13060,-23794.973,-23692.739,-102.23344,-1.9051593,0.1225371
13061,-24749.393,-24673.264,-76.129471,-1.3800691,0.31647849
13062,-23197.639,-23103.798,-93.841659,-1.7024228,-1.7962892
13063,-24175.994,-24137.201,-38.793056,-0.71960436,-2.1759289
13064,-24294.955,-24217.074,-77.881174,-1.3557033,-1.610207
13065,-25127.688,-25000.847,-126.84081,-2.2086841,0.54273476
13066,-22879.533,-22784.303,-95.229621,-1.7833913,1.1780469
13067,-22101.434,-21961.908,-139.52595,-2.6564908,0.10555628
13068,-23405.267,-23428.853,23.586019,0.41501162,-0.30014798
13069,-24713.846,-24582.976,-130.86985,-2.45059,0.5029243
13070,-24157.008,-24008.493,-148.51539,-2.7780173,0.51531311
13071,-23690.351,-23637.536,-52.81554,-1.0216318,0.057853813
13072,-23385.777,-23246.559,-139.21748,-2.6750776,-1.0183807
13073,-23459.901,-23326.13,-133.77105,-2.5088101,0.098715516
13074,-23511.303,-23483.349,-27.953433,-0.52168217,1.4374077
13075,-24118.331,-23936.91,-181.42062,-3.382335,2.384068
13076,-24207.804,-24195.336,-12.467846,-0.23502038,-0.16399208
13077,-23814.968,-23703.457,-111.51149,-2.1184412,0.012247125
13078,-23754.376,-23703.76,-50.616458,-0.96789299,0.46792302
13079,-23976.243,-23873.415,-102.82752,-1.9480623,0.83213052
13080,-23951.905,-23902.028,-49.876889,-0.93363866,-0.42357482
13081,-24406.141,-24337.491,-68.649912,-1.3113851,-1.3175901
13082,-24079.249,-23973.51,-105.73865,-2.0087578,-0.93232266
13083,-24140.144,-24044.891,-95.252594,-1.8319959,-1.075153
13084,-24367.262,-24254.686,-112.57591,-2.1877945,0.17205466
13085,-24149.535,-24034.882,-114.65379,-2.1932469,-0.93865457
13086,-24038.249,-23963.905,-74.343307,-1.3989206,0.72757847
13087,-24239.413,-24125.573,-113.83956,-2.1387305,0.81793645
13088,-24416.24,-24392.493,-23.746951,-0.45578257,0.83740273
13089,-24526.719,-24347.4,-179.31905,-3.4637157,-0.4114562
13090,-24290.714,-24213.232,-77.481776,-1.475876,0.19701426
13091,-24236.383,-24179.665,-56.718345,-1.0836811,-0.2962493
13092,-24184.578,-24021.94,-162.63755,-3.1185796,-0.033531175
13093,-24287.684,-24301.902,14.217636,0.27385966,-0.26807939
13094,-24371.099,-24219.804,-151.29491,-2.941896,0.37741151
13095,-24406.141,-24343.861,-62.280243,-1.1953196,0.44484794
13096,-24202.856,-24186.54,-16.315731,-0.31355224,0.15920759
13097,-24192.959,-24063.292,-129.66711,-2.5536574,-0.87511014
13098,-24113.584,-24028.714,-84.870161,-1.6216864,-0.33730955
13099,-24235.979,-24174.408,-61.571904,-1.1630214,1.2967134
13100,-24315.355,-24138.616,-176.73852,-3.3465385,1.791417
13101,-24115.806,-24057.024,-58.78222,-1.1061963,0.51884084
13102,-24140.548,-24013.649,-126.89825,-2.4155395,-0.059051112
13103,-24124.794,-24016.48,-108.31344,-2.0787673,-0.79871259
13104,-24063.596,-23963.905,-99.690842,-1.8910977,0.49444186
13105,-24073.998,-23994.742,-79.255137,-1.4868474,0.84817483
13106,-24063.596,-23962.995,-100.60079,-1.8977714,-0.73485771
13107,-24042.692,-23982.812,-59.879907,-1.1423529,-0.61120074
13108,-23985.635,-23887.065,-98.569943,-1.8801175,-1.9966092
13109,-23979.071,-23878.167,-100.90315,-1.9396132,0.25995477
13110,-23950.189,-23912.24,-37.948434,-0.73436032,0.76819786
13111,-23926.558,-23821.953,-104.60518,-1.9894652,-0.46457413
13112,-23932.213,-23840.152,-92.061359,-1.7275952,-1.0295435
13113,-23931.506,-23899.299,-32.207536,-0.60381487,-2.0169741
13114,-23935.849,-23763.716,-172.13288,-3.3020057,-1.1410149
13115,-23976.849,-23902.13,-74.719373,-1.4147362,0.54186736
13116,-23908.683,-23810.528,-98.155589,-1.8566036,2.150269
13117,-23984.423,-23861.182,-123.24121,-2.3567321,1.1348535
13118,-23872.429,-23785.757,-86.672477,-1.6589229,1.2540916
13119,-24094.902,-23950.964,-143.93811,-2.7655098,1.6112122
13120,-23818.907,-23720.948,-97.958642,-1.885244,0.91837176
13121,-23687.624,-23652.297,-35.327459,-0.68154435,-0.3628055
13122,-24285.059,-24196.449,-88.61012,-1.6792555,-0.40341872
13123,-23615.823,-23494.37,-121.45361,-2.1751188,-0.087152988
13124,-23714.79,-23717.308,2.5183133,0.045930396,-0.11304834
13125,-23083.929,-22903.507,-180.42189,-3.2001785,1.3058286
13126,-22537.291,-22482.806,-54.485043,-1.0282783,0.74308801
13127,-22690.285,-22645.485,-44.799821,-0.77289344,0.62582316
13128,-25700.178,-25656.114,-44.06456,-0.79470423,1.722676
13129,-24008.559,-23838.736,-169.8224,-3.0347202,1.0519546
13130,-24023.202,-23938.932,-84.269508,-1.5392116,0.25514602
13131,-22818.739,-22705.441,-113.29849,-2.0696445,-0.20432031
13132,-23766.091,-23692.638,-73.452499,-1.3734904,-0.3937
13133,-23282.266,-23130.793,-151.47283,-2.8493495,-0.64880865
13134,-23772.554,-23680.91,-91.643894,-1.728706,1.1073029
13135,-23613.804,-23547.551,-66.252207,-1.2586852,0.38157061
13136,-23390.826,-23278.61,-112.21624,-2.1447619,-0.24928614
13137,-23394.966,-23282.957,-112.00912,-2.1107841,0.37941447
13138,-23515.443,-23509.536,-5.907453,-0.11240155,-1.2022066
13139,-23514.231,-23336.645,-177.58661,-3.3933194,-1.0071168
13140,-23699.339,-23712.051,12.711697,0.2404687,-0.68999111
13141,-23723.778,-23593.251,-130.52633,-2.4895917,0.26573784
13142,-23700.45,-23620.145,-80.304364,-1.5381885,1.0902276
13143,-23573.51,-23499.324,-74.186205,-1.422691,1.87787
13144,-24007.246,-23886.458,-120.78762,-2.2987068,0.92975427
13145,-23739.834,-23611.652,-128.18187,-2.4298978,0.74751518
13146,-23794.064,-23735.002,-59.062326,-1.1234333,-0.87127799
13147,-24204.472,-24120.923,-83.549204,-1.6312474,-0.81171298
13148,-24041.682,-23867.147,-174.53513,-3.3353577,0.15966213
13149,-23879.801,-23867.248,-12.553158,-0.23814418,0.68221669
13150,-23855.766,-23689.201,-166.56584,-3.1562871,1.8788145
13151,-23740.945,-23695.267,-45.678185,-0.8718925,0.47835891
13152,-24004.923,-23926.193,-78.730344,-1.5147578,0.650124
13153,-23921.71,-23816.998,-104.71203,-2.0237159,0.19365658
13154,-24103.789,-24039.431,-64.357281,-1.2286806,1.4455381
13155,-23864.653,-23808.607,-56.046619,-1.0609419,0.61715436
13156,-24006.236,-23874.123,-132.11267,-2.5241965,0.026817589
13157,-23872.227,-23875.033,2.8059564,0.053385894,-0.84867051
13158,-24055.315,-23870.079,-185.2362,-3.5524137,-0.25486816
13159,-24037.744,-23997.068,-40.675659,-0.78298945,0.13487508
13160,-23966.649,-23834.692,-131.95737,-2.5310961,0.34596367
13161,-23933.223,-23839.949,-93.273433,-1.7677827,-0.4536148
13162,-23940.191,-23814.875,-125.31573,-2.3560752,-1.2789858
13163,-23922.619,-23830.85,-91.769408,-1.7726991,-0.67885634
13164,-23844.658,-23712.657,-132.0008,-2.5339122,0.2288787
13165,-23837.589,-23739.652,-97.936506,-1.8542612,0.8800671
13166,-23751.044,-23696.48,-54.563534,-1.0474012,0.13390518
13167,-23773.16,-23651.893,-121.26719,-2.3161605,-0.7530692
13168,-23663.085,-23605.485,-57.599821,-1.1088804,0.21777938
13169,-23657.632,-23582.837,-74.794275,-1.4398944,1.1212653
13170,-23703.58,-23610.439,-93.141098,-1.7640207,-0.20884023
13171,-23584.316,-23550.079,-34.236593,-0.65060343,-0.7590837
13172,-23722.061,-23612.36,-109.70056,-2.1518567,-1.9617801
13173,-23687.019,-23527.532,-159.48615,-3.0739825,-0.55825306
13174,-23698.632,-23679.596,-19.036376,-0.36249676,-0.022552037
13175,-23728.12,-23514.288,-213.8324,-4.0567809,1.259997
13176,-23648.543,-23618.325,-30.217366,-0.56931678,1.3016322
13177,-23704.388,-23579.703,-124.68516,-2.3695566,2.4051418
13178,-23692.775,-23553.213,-139.56148,-2.6866556,1.3593407
13179,-23673.183,-23606.193,-66.990699,-1.2841379,1.2823368
13180,-23696.814,-23591.735,-105.0796,-1.9788561,0.5755411
13181,-23662.782,-23549.472,-113.3095,-2.1318483,0.88989767
13182,-23677.122,-23653.005,-24.117154,-0.45430483,0.45800308
13183,-23825.168,-23682.73,-142.4378,-2.7198017,-0.32016765
13184,-23844.961,-23782.117,-62.844043,-1.2018176,-0.0096427852
13185,-23159.265,-23103.697,-55.568012,-1.0393955,-0.35703142
13186,-24116.917,-24013.953,-102.96416,-1.8544433,-0.13525807
13187,-22601.821,-22491.501,-110.32012,-1.998993,-0.72328834
13188,-23574.116,-23513.883,-60.23288,-1.103647,-2.0825603
13189,-23742.763,-23622.471,-120.29215,-2.07368,-1.5749722
13190,-24516.519,-24401.188,-115.33114,-1.9896243,0.014119259
13191,-22236.655,-22096.682,-139.97237,-2.565536,0.37954682
13192,-21542.476,-21372.967,-169.50892,-3.1883771,0.14407472
13193,-22809.852,-22791.381,-18.471739,-0.32989311,-0.68793512
13194,-24085.207,-23973.51,-111.69683,-2.1224132,1.4007043
13195,-23494.741,-23367.987,-126.75347,-2.3485843,0.70851169
13196,-23019.5,-22990.863,-28.637244,-0.54277303,0.067212446
13197,-22726.236,-22600.695,-125.54079,-2.4115509,-1.2455217
13198,-22792.281,-22676.221,-116.0597,-2.224424,0.17638149
13199,-22867.92,-22866.806,-1.1138394,-0.021054923,0.13350096
13200,-23459.093,-23330.174,-128.91893,-2.3972797,1.2353669
13201,-23582.498,-23500.335,-82.162917,-1.5240909,1.593409
13202,-23178.856,-23084.487,-94.369444,-1.7881041,1.9572319
13203,-23143.41,-23029.687,-113.72266,-2.1690918,2.3490953
13204,-23380.121,-23275.779,-104.34267,-1.9904828,1.9230164
13205,-23338.01,-23273.656,-64.354648,-1.2014481,0.49348128
13206,-23812.746,-23677.675,-135.07179,-2.5708796,-0.49579057
13207,-23449.398,-23353.125,-96.273225,-1.8218151,0.37769269
13208,-23519.684,-23369.706,-149.97826,-2.8592217,0.092494765
13209,-23733.27,-23628.335,-104.9353,-1.9971161,1.6904351
13210,-23455.154,-23373.649,-81.504952,-1.5468096,-0.68716667
13211,-23385.777,-23279.621,-106.15587,-2.0055353,-0.25860344
13212,-23572.803,-23484.765,-88.038543,-1.6541315,0.012306327
13213,-23733.977,-23684.145,-49.831781,-0.95048195,0.085754104
13214,-23844.456,-23717.005,-127.45128,-2.4158308,-0.050223778
13215,-23598.555,-23542.092,-56.463008,-1.0540327,-0.066761928
13216,-23608.148,-23491.64,-116.50851,-2.1826349,1.0904341
13217,-23510.798,-23399.128,-111.66967,-2.1189077,0.95542355
13218,-23665.206,-23595.981,-69.22448,-1.3278363,1.221357
13219,-23777.199,-23618.123,-159.07599,-3.0336506,0.21160978
13220,-23744.985,-23672.72,-72.264236,-1.3606004,0.94529004
13221,-23576.237,-23495.077,-81.159277,-1.5270173,0.59387692
13222,-23566.441,-23419.046,-147.39521,-2.8407059,0.48368992
13223,-23444.147,-23324.512,-119.6349,-2.3402071,0.5426019
13224,-23597.949,-23547.754,-50.195163,-0.96142868,1.6818193
13225,-23588.658,-23450.085,-138.57268,-2.6355329,1.5498771
13226,-23458.79,-23357.371,-101.4185,-1.9017785,1.1000102
13227,-23404.661,-23342.812,-61.849138,-1.1717902,-0.015647221
13228,-23402.54,-23282.755,-119.7853,-2.3267059,0.55668732
13229,-23372.649,-23324.714,-47.934461,-0.92720648,1.2951009
13230,-23345.079,-23304.088,-40.990822,-0.77993102,1.574626
13231,-23410.619,-23246.458,-164.16119,-3.1078999,0.69427924
13232,-23343.464,-23322.793,-20.670462,-0.38812322,0.25581599
13233,-23344.17,-23166.686,-177.48479,-3.3641659,0.7414719
13234,-23365.176,-23241.706,-123.46938,-2.3281079,0.79685491
13235,-23264.088,-23202.376,-61.712376,-1.1774128,-0.86835947
13236,-23308.926,-23143.027,-165.89938,-3.1361407,-0.29707332
13237,-23274.49,-23156.878,-117.61158,-2.1919704,-0.45326897
13238,-23233.994,-23175.28,-58.714856,-1.1131971,-0.39109411
13239,-23288.83,-23110.066,-178.76363,-3.3736148,0.74404349
13240,-23202.689,-23183.671,-19.017351,-0.35649973,1.2275703
13241,-23253.99,-23102.989,-151.0008,-2.8533568,2.8953395
13242,-23235.509,-23150.003,-85.506111,-1.6270687,1.0249768
13243,-23135.634,-23062.344,-73.289533,-1.406992,0.3664418
13244,-23387.796,-23300.145,-87.65111,-1.6703459,0.41064948
13245,-23073.83,-22992.177,-81.65344,-1.5393689,0.42472045
13246,-23035.254,-22951.027,-84.226793,-1.5975217,-0.74079882
13247,-23566.34,-23510.749,-55.591224,-1.049368,-0.99056253
13248,-22965.068,-22766.711,-198.35734,-3.5421046,-0.59263191
13249,-23073.729,-23057.896,-15.833654,-0.28343014,-0.028132403
13250,-22361.07,-22178.78,-182.28941,-3.1900894,-0.2641909
13251,-21911.984,-21780.626,-131.35863,-2.4506494,0.74592886
13252,-22044.276,-21995.981,-48.295091,-0.83446679,1.4489132
13253,-25024.076,-24940.385,-83.690274,-1.4969767,2.2121301
13254,-23312.057,-23144.847,-167.21004,-2.9974196,1.283518
13255,-23239.448,-23204.297,-35.150733,-0.63598305,0.24576174
13256,-22154.351,-21986.376,-167.9751,-3.1092626,0.35511785
13257,-22985.467,-22995.513,10.045972,0.18826511,-0.57953705
13258,-22565.163,-22389.586,-175.57682,-3.3589535,0.31383142
13259,-23052.219,-23016.948,-35.271462,-0.67552003,1.0483453
13260,-22869.333,-22812.31,-57.023697,-1.0772007,0.34612979
13261,-22739.162,-22583.709,-155.45281,-2.9417874,-0.98681921
13262,-22646.962,-22565.51,-81.451467,-1.5503722,-0.37661352
13263,-22887.713,-22807.558,-80.155159,-1.532412,-0.29798173
13264,-22847.419,-22677.839,-169.58047,-3.235044,-0.29345606
13265,-23026.266,-22977.82,-48.445972,-0.91378157,-0.31537287
13266,-23065.045,-22901.485,-163.55958,-3.0634959,1.0956942
13267,-23004.554,-22887.836,-116.71814,-2.1933024,1.102041
13268,-22885.996,-22796.84,-89.155613,-1.7122113,1.8787805
13269,-23312.057,-23183.874,-128.18319,-2.4115241,1.0204228
13270,-22967.593,-22893.498,-74.095269,-1.3728023,-1.2081318
13271,-23108.469,-23007.039,-101.42914,-1.9018982,-0.76031098
13272,-23428.191,-23379.513,-48.677499,-0.92797447,-2.1474026
13273,-23325.993,-23156.474,-169.51897,-3.2513734,-0.29345778
13274,-23127.353,-23138.376,11.02293,0.21074573,-0.54145811
13275,-23125.737,-22976.101,-149.63617,-2.830659,1.4562797
13276,-23057.067,-22974.281,-82.785466,-1.543544,0.1501881
13277,-23273.581,-23192.569,-81.012345,-1.5459061,0.06809482
13278,-23268.532,-23124.524,-144.00727,-2.7474293,-0.96967759
13279,-23426.474,-23322.389,-104.08554,-2.0063574,0.458731
13280,-23158.154,-23122.098,-36.0559,-0.6789661,0.95258428
13281,-23340.333,-23112.897,-227.43562,-4.3170318,-0.23187334
13282,-23180.775,-23160.923,-19.852163,-0.37829429,-1.1838684
13283,-23346.291,-23176.493,-169.79823,-3.2416891,0.22144175
13284,-23322.357,-23248.581,-73.776038,-1.4089519,1.7232223
13285,-23200.063,-23147.476,-52.587603,-0.99348662,-0.28071421
13286,-23225.209,-23065.175,-160.03332,-3.0390115,-1.1048392
13287,-23151.085,-23116.537,-34.547688,-0.64911369,-1.7648414
13288,-23202.992,-23098.844,-104.14811,-2.0039897,-1.1867658
13289,-23064.338,-22973.573,-90.764213,-1.7510979,-0.79522679
13290,-23117.557,-23055.065,-62.492626,-1.1798659,0.78292936
13291,-23068.276,-22910.483,-157.79272,-2.9899521,0.7099096
13292,-23019.601,-22950.319,-69.281674,-1.2966723,0.072412897
13293,-23020.712,-22895.014,-125.69742,-2.3935425,0.89392535
13294,-22938.913,-22842.338,-96.574748,-1.8732872,0.65321168
13295,-23010.815,-22911.494,-99.320519,-1.9015146,-0.70867968
13296,-22902.154,-22771.362,-130.79208,-2.4678763,-1.2237546
13297,-22998.293,-22922.919,-75.373271,-1.4352343,-2.3071255
13298,-22984.559,-22801.694,-182.86506,-3.4834547,-0.67531485
13299,-22936.893,-22940.512,3.6187517,0.06833602,-1.4957203
13300,-22988.396,-22822.926,-165.4703,-3.1557314,-0.040006441
13301,-22920.533,-22810.692,-109.84139,-2.078776,-0.75009497
13302,-22914.676,-22891.779,-22.897303,-0.43579942,0.60207401
13303,-22962.645,-22806.749,-155.89576,-3.0471845,0.78233262
13304,-22895.287,-22885.207,-10.079834,-0.1967634,0.23532354
13305,-22973.551,-22856.493,-117.05819,-2.231677,-0.19310907
13306,-22923.462,-22770.856,-152.60569,-2.907865,1.5472361
13307,-22961.332,-22948.6,-12.731439,-0.24485598,0.86171806
13308,-23158.962,-22924.942,-234.02019,-4.5373223,-0.15057529
13309,-23109.781,-23076.701,-33.080038,-0.63412199,1.6911419
13310,-22487.303,-22357.536,-129.76702,-2.4021732,0.35342316
13311,-23397.188,-23244.638,-152.54994,-2.7426002,0.32822167
13312,-21888.252,-21789.927,-98.325135,-1.7722732,-0.8168391
13313,-22873.474,-22751.141,-122.33317,-2.2676927,-1.5948469
13314,-22974.46,-22929.39,-45.069755,-0.7814902,-1.2031643
13315,-23776.189,-23628.436,-147.75333,-2.5314659,0.36076307
13316,-21439.167,-21297.946,-141.22058,-2.6160722,0.34748276
13317,-20776.798,-20668.866,-107.9327,-2.0250795,0.012243511
13318,-22072.754,-22061.7,-11.054399,-0.19412157,-0.60247599
13319,-23312.663,-23256.468,-56.195107,-1.0653144,-0.078722403
13320,-22758.148,-22586.338,-171.80946,-3.2735234,-0.10068021
13321,-22251.904,-22217.201,-34.703116,-0.6683414,-0.61888899
13322,-22008.628,-21868.79,-139.83812,-2.6623841,0.085412534
13323,-22099.718,-21921.062,-178.65594,-3.3723679,0.48196647
13324,-22157.078,-22149.662,-7.4157847,-0.14115209,0.17246326
13325,-22779.355,-22576.531,-202.82383,-3.8059384,0.77148439
13326,-22841.764,-22749.22,-92.544513,-1.7359383,-0.063966846
13327,-22473.467,-22355.311,-118.15624,-2.2689734,0.44462507
13328,-22399.344,-22273.415,-125.92811,-2.4135085,0.9282369
13329,-22600.306,-22562.983,-37.323492,-0.70256957,1.265899
13330,-22606.062,-22497.163,-108.89961,-2.0410079,1.3488597
13331,-23013.744,-22914.528,-99.215944,-1.881428,0.76809859
13332,-22676.349,-22600.088,-76.26025,-1.4615662,-0.071133581
13333,-22731.184,-22617.984,-113.20002,-2.1806462,-0.38311761
13334,-22957.09,-22901.788,-55.302026,-1.0730655,0.043136251
13335,-22721.086,-22578.452,-142.63378,-2.7392348,-0.54547999
13336,-22622.321,-22548.727,-73.594406,-1.372491,0.47026567
13337,-22863.577,-22728.695,-134.88202,-2.5214428,0.70932525
13338,-23013.138,-22961.441,-51.696914,-0.97125481,-0.22777443
13339,-23140.279,-22998.243,-142.036,-2.7169558,-0.78033362
13340,-22885.592,-22780.259,-105.33303,-1.9904089,-0.30816359
13341,-22881.351,-22776.316,-105.03473,-1.9794091,0.16469886
13342,-22796.825,-22608.581,-188.24389,-3.5841419,-0.05383052
13343,-22930.531,-22862.761,-67.769513,-1.3040903,0.98678457
13344,-22981.731,-22880.253,-101.4782,-1.9208563,-0.57627069
13345,-23019.399,-22857.302,-162.09708,-3.087221,-1.0768042
13346,-22779.153,-22778.641,-0.51127252,-0.0097730247,-1.3311786
13347,-22783.394,-22633.251,-150.1429,-2.9322559,-1.4410659
13348,-22663.321,-22575.621,-87.700646,-1.710331,0.78572517
13349,-22821.668,-22816.152,-5.5161913,-0.10529801,-1.1328645
13350,-22848.227,-22654.989,-193.23828,-3.672133,0.36988441
13351,-22679.58,-22628.196,-51.384384,-0.97658825,1.0999942
13352,-22713.31,-22569.352,-143.95737,-2.7813229,1.1992391
13353,-22683.216,-22565.915,-117.30109,-2.2740101,-0.44399715
13354,-22667.058,-22577.744,-89.313912,-1.7252781,-1.0381885
13355,-22632.42,-22524.057,-108.36285,-2.0339132,1.2301646
13356,-22686.144,-22547.817,-138.32763,-2.5915138,0.43620766
13357,-22607.779,-22521.63,-86.148761,-1.6612338,0.0044511357
13358,-22584.653,-22426.591,-158.06242,-3.0585326,0.071933882
13359,-22555.367,-22507.577,-47.790639,-0.91604996,1.94454
13360,-22523.052,-22386.452,-136.59986,-2.6029387,0.58546554
13361,-22491.443,-22414.054,-77.389286,-1.4589644,-0.72026059
13362,-22475.689,-22343.179,-132.51064,-2.4968805,-1.1528422
13363,-22463.672,-22457.731,-5.9403573,-0.11276867,-1.879771
13364,-22501.037,-22348.234,-152.80288,-2.9748911,0.30335744
13365,-22463.571,-22393.833,-69.738265,-1.3174148,1.489463
13366,-22487.505,-22388.373,-99.131709,-1.8730674,1.6192814
13367,-22518.103,-22357.536,-160.56781,-3.014957,0.47988079
13368,-22431.154,-22360.063,-71.091049,-1.3422944,1.699911
13369,-22663.019,-22512.935,-150.08331,-2.8476656,0.28786701
13370,-22347.841,-22222.054,-125.78692,-2.3888545,-0.20663996
13371,-22311.284,-22218.313,-92.970833,-1.7679528,-1.0358281
13372,-22801.269,-22696.543,-104.7252,-1.9719231,-0.88092801
13373,-22218.78,-22042.085,-176.69497,-3.1715748,0.7850366
13374,-22238.978,-22264.619,25.641759,0.47377238,-0.63129481
13375,-21609.329,-21371.956,-237.37283,-4.2285027,0.060121517
13376,-21066.629,-21035.374,-31.254389,-0.58982327,-0.010961489
13377,-21263.653,-21186.123,-77.529637,-1.3440816,1.6554771
13378,-24276.677,-24259.033,-17.643748,-0.31855871,1.5551733
13379,-22467.509,-22304.455,-163.05429,-2.9273128,0.36994028
13380,-22521.436,-22421.839,-99.597035,-1.8306764,-1.2356685
13381,-21380.999,-21231.621,-149.37796,-2.7999946,-0.60803897
13382,-22255.741,-22201.529,-54.211997,-1.0259326,-0.24271685
13383,-21845.838,-21684.777,-161.06101,-3.0775637,-1.1148669
13384,-22282.2,-22201.63,-80.569274,-1.5354876,0.094071954
13385,-22167.277,-22037.738,-129.53956,-2.4507287,0.47508579
13386,-21965.709,-21812.373,-153.33605,-2.9130861,0.38897853
13387,-21885.324,-21757.776,-127.54819,-2.4131553,-0.333205
13388,-22109.614,-22069.586,-40.028103,-0.75901823,-1.1282439
13389,-22011.658,-21854.534,-157.12363,-3.0045473,-1.4049565
13390,-22261.093,-22197.687,-63.406287,-1.1987008,-0.14815425
13391,-22211.105,-22123.273,-87.832024,-1.6793549,-0.2954806
13392,-22186.465,-22045.725,-140.73958,-2.6831159,0.14796637
13393,-22089.417,-22086.269,-3.1484001,-0.060547662,-0.37268769
13394,-22470.842,-22349.043,-121.79916,-2.3381204,-0.14577037
13395,-22226.758,-22123.273,-103.48488,-1.9527973,-0.060611014
13396,-22296.237,-22224.784,-71.453116,-1.3698404,-0.86832825
13397,-22708.967,-22591.596,-117.37168,-2.2554155,-0.71243905
13398,-22567.587,-22409.302,-158.28485,-2.9806613,0.16408274
13399,-22351.981,-22327.406,-24.575062,-0.46385068,-0.55038084
13400,-22405.706,-22185.959,-219.74679,-4.1319741,0.15466904
13401,-22286.239,-22198.9,-87.338579,-1.6404281,0.50238924
13402,-22491.847,-22403.539,-88.308238,-1.681316,1.6407688
13403,-22485.687,-22347.223,-138.46404,-2.6312907,1.0525796
13404,-22581.725,-22524.057,-57.667783,-1.0906638,0.12157223
13405,-22408.331,-22304.961,-103.37086,-1.9402657,0.69021805
13406,-22461.45,-22343.381,-118.06937,-2.2520714,0.39843797
13407,-22381.469,-22332.259,-49.20995,-0.9481582,-0.15618439
13408,-22526.384,-22410.818,-115.5659,-2.2271955,-0.95835115
13409,-22491.746,-22426.186,-65.559543,-1.265116,1.0644633
13410,-22435.093,-22342.774,-92.318611,-1.7562899,0.3446297
13411,-22401.767,-22270.989,-130.77832,-2.4316488,-3.1309757e-05
13412,-22437.92,-22317.599,-120.32158,-2.259948,0.44734028
13413,-22420.551,-22321.239,-99.312144,-1.9017333,-0.55871302
13414,-22306.638,-22198.294,-108.34443,-2.0499058,-1.5910567
13415,-22385.206,-22237.826,-147.3793,-2.7903014,0.95997644
13416,-22250.187,-22127.924,-122.26281,-2.3325636,1.4985413
13417,-22260.993,-22147.235,-113.75712,-2.1756223,1.5886677
13418,-22179.699,-22102.85,-76.848698,-1.4678026,1.1336395
13419,-22127.691,-22052.297,-75.393731,-1.4710275,1.2283034
13420,-22204.137,-22057.049,-147.0883,-2.8202141,-0.25257948
13421,-22027.916,-22004.272,-23.644649,-0.45207598,-0.73776152
13422,-22207.975,-22100.828,-107.14695,-2.0731894,-0.66509952
13423,-22141.425,-22014.888,-126.53702,-2.4223306,0.066217467
13424,-22130.619,-22140.057,9.4375426,0.1789907,0.13956574
13425,-22194.241,-21986.983,-207.25801,-3.8999187,0.14264698
13426,-22097.799,-22036.727,-61.072118,-1.1434018,-0.47116485
13427,-22197.27,-22088.695,-108.57511,-2.057378,0.89761313
13428,-22154.755,-21997.397,-157.35851,-3.0243942,1.6524367
13429,-22135.265,-22107.197,-28.067222,-0.53786828,0.55827545
13430,-22202.421,-22028.739,-173.68118,-3.2608081,-0.78336838
13431,-22132.336,-21996.689,-135.64731,-2.5166423,-0.26656812
13432,-22182.223,-22129.036,-53.186939,-0.9944894,0.88843969
13433,-22296.54,-22129.239,-167.3011,-3.1534418,-0.16381224
13434,-22301.286,-22275.235,-26.050609,-0.49520965,0.84512186
13435,-21655.681,-21504,-151.68126,-2.8336489,-0.4813338
13436,-22546.985,-22470.37,-76.615736,-1.3723006,-1.3514093
13437,-21052.996,-20938.717,-114.27844,-2.0511114,-0.024672713
13438,-22015.798,-21972.929,-42.869118,-0.79427413,-2.2553787
13439,-22211.61,-22123.981,-87.629214,-1.5472994,-0.85299086
13440,-22923.664,-22762.161,-161.50277,-2.8011891,0.66777424
13441,-20623.602,-20494.66,-128.94202,-2.4000582,1.0293467
13442,-20017.18,-19864.468,-152.71266,-2.9083839,1.2114898
13443,-21317.176,-21274.186,-42.989129,-0.75800297,1.2072577
13444,-22539.714,-22476.942,-62.77285,-1.2024353,0.49811582
13445,-21959.145,-21712.885,-246.2601,-4.6402203,0.45306649
13446,-21453.608,-21450.313,-3.2950933,-0.063029734,-0.31195769
13447,-21214.776,-21020.107,-194.66812,-3.7489627,0.13846688
13448,-21232.145,-21117.27,-114.87503,-2.2102876,2.0523217
13449,-21341.21,-21353.453,12.24314,0.23260737,1.7297738
13450,-21938.948,-21726.534,-212.41357,-4.0125472,2.7663715
13451,-21986.411,-21974.951,-11.460019,-0.21451332,0.43776053
13452,-21624.578,-21482.566,-142.01195,-2.6954123,0.4703331
13453,-21548.737,-21500.461,-48.275588,-0.92836114,0.52878119
13454,-21794.739,-21721.074,-73.665001,-1.3998511,1.7039144
13455,-21771.714,-21658.692,-113.02246,-2.1098041,0.40650995
13456,-22227.263,-22120.038,-107.2252,-1.9998404,-0.22709732
13457,-21897.745,-21774.863,-122.88261,-2.2904102,-1.4069554
13458,-21952.379,-21840.177,-112.20176,-2.1256975,-1.8921983
13459,-22178.891,-22091.122,-87.769087,-1.6805258,-0.064793577
13460,-21911.479,-21739.577,-171.90267,-3.2961174,0.11147791
13461,-21832.609,-21768.998,-63.610653,-1.208426,-0.34078971
13462,-22043.771,-21878.395,-165.37626,-3.0793403,0.68475294
13463,-22149.908,-22140.057,-9.8508203,-0.18466727,0.41672678
13464,-22302.195,-22163.513,-138.68144,-2.6191218,-0.21890953
13465,-22022.362,-21919.039,-103.32264,-1.9563407,-0.0198875
13466,-22016.505,-21949.371,-67.133683,-1.297307,0.45723671
13467,-21940.26,-21785.074,-155.18611,-2.9880898,1.5589078
13468,-22074.774,-22072.316,-2.4580087,-0.04732661,1.2393978
13469,-22167.883,-22027.93,-139.95274,-2.6950328,0.78775572
13470,-22161.218,-22024.695,-136.52304,-2.5915247,0.52271046
13471,-21999.438,-21952.708,-46.730523,-0.894635,-0.19528902
13472,-21988.229,-21814.193,-174.03606,-3.4108831,-0.55702504
13473,-21860.279,-21778.3,-81.979132,-1.5867421,-0.18887272
13474,-22037.005,-21975.355,-61.649678,-1.1698944,1.0448671
13475,-22030.037,-21816.013,-214.02444,-4.0832468,1.7882243
13476,-21873.105,-21812.474,-60.630603,-1.1495717,0.79326051
13477,-21877.952,-21723.096,-154.85551,-2.9571309,2.1652139
13478,-21809.786,-21753.125,-56.661391,-1.091144,1.0615581
13479,-21835.942,-21703.684,-132.25757,-2.5161719,1.0847129
13480,-21732.532,-21689.327,-43.204741,-0.81047314,-0.64517692
13481,-21827.055,-21701.965,-125.08959,-2.3358978,0.30920694
13482,-21735.46,-21685.586,-49.874257,-0.93995926,-0.47678006
13483,-21735.258,-21625.024,-110.23469,-2.0984346,-1.3821279
13484,-21740.409,-21633.82,-106.58877,-2.0542901,-0.91445727
13485,-21659.721,-21570.325,-89.395276,-1.740305,0.29279569
13486,-21707.487,-21570.325,-137.16175,-2.6269247,-0.39139004
13487,-21686.482,-21516.739,-169.74271,-3.1812904,-0.93002809
13488,-21630.738,-21638.774,8.036419,0.15200778,-2.3004033
13489,-21705.265,-21490.452,-214.81367,-4.0660761,-0.46028523
13490,-21647.804,-21575.785,-72.019189,-1.3562417,1.5196453
13491,-21659.822,-21523.21,-136.61159,-2.6136252,2.2900957
13492,-21685.169,-21536.253,-148.91647,-2.8467532,0.26128489
13493,-21519.047,-21529.378,10.330624,0.19655983,-0.13019546
13494,-21826.752,-21636.954,-189.79769,-3.557793,1.4629078
13495,-21461.182,-21396.524,-64.657367,-1.212407,-0.54319038
13496,-21441.187,-21347.893,-93.294013,-1.7846548,-0.96199166
13497,-21942.886,-21876.373,-66.513168,-1.2639697,-1.1405127
13498,-21347.067,-21199.166,-147.90158,-2.6494988,0.37552542
13499,-21434.421,-21388.436,-45.984494,-0.83553002,0.14740157
13500,-20739.03,-20562.401,-176.62832,-3.1093008,1.7195289
13501,-20265.505,-20137.15,-128.35525,-2.4362343,1.4592017
13502,-20499.894,-20437.94,-61.954312,-1.0535653,2.1069829
13503,-23456.063,-23398.319,-57.744001,-1.0198509,1.2155974
13504,-21639.725,-21429.384,-210.34156,-3.7617196,1.4359109
13505,-21691.733,-21597.624,-94.109321,-1.6996752,0.91474845
13506,-20538.673,-20366.054,-172.61927,-3.1675339,1.1720845
13507,-21430.987,-21379.336,-51.650489,-0.9618703,0.58718343
13508,-20936.458,-20834.578,-101.87939,-1.9048908,0.16895228
13509,-21458.354,-21342.938,-115.41585,-2.1979742,0.98557422
13510,-21254.968,-21213.927,-41.040717,-0.79096298,-1.2379353
13511,-21074.506,-20908.588,-165.91804,-3.1899166,-0.30075298
13512,-21019.367,-20968.847,-50.520497,-0.95815672,0.32855299
13513,-21255.574,-21198.761,-56.812511,-1.0593027,-1.6789736
13514,-21174.583,-20985.327,-189.25602,-3.5665612,-2.2355415
13515,-21403.822,-21368.821,-35.000211,-0.65884918,-1.1619203
13516,-21414.829,-21261.649,-153.1799,-2.9109762,1.0709054
13517,-21392.006,-21249.112,-142.89415,-2.7369014,1.2103108
13518,-21253.15,-21206.648,-46.502587,-0.89822173,0.33101042
13519,-21676.989,-21514.919,-162.06992,-3.0530957,-0.49525005
13520,-21411.295,-21268.322,-142.9724,-2.6531771,-0.23806518
13521,-21456.738,-21380.348,-76.39091,-1.4422068,-1.2268215
13522,-21861.188,-21756.967,-104.22134,-2.0311643,-1.6630804
13523,-21669.213,-21539.387,-129.82637,-2.4971887,0.4705519
13524,-21513.291,-21466.894,-46.396575,-0.88093351,0.3868547
13525,-21496.224,-21335.457,-160.76751,-3.0226742,0.94830774
13526,-21399.378,-21317.662,-81.716376,-1.5420463,1.0791573
13527,-21636.999,-21578.818,-58.180491,-1.1276283,1.4949618
13528,-21592.161,-21469.22,-122.94136,-2.3912369,0.46468253
13529,-21758.99,-21655.962,-103.02805,-1.9697621,0.90243327
13530,-21563.986,-21443.741,-120.24488,-2.2740604,1.8670234
13531,-21656.489,-21506.831,-149.65819,-2.8795193,1.1509987
13532,-21575.094,-21486.003,-89.091121,-1.7022324,0.096101755
13533,-21692.743,-21566.382,-126.36089,-2.3656344,0.69310911
13534,-21695.369,-21560.215,-135.15399,-2.5133885,1.2747396
13535,-21604.784,-21485.397,-119.3877,-2.2650941,-0.11360293
13536,-21545.303,-21426.148,-119.15485,-2.2646113,-0.33068701
13537,-21580.548,-21458.502,-122.04516,-2.2806502,-1.0931204
13538,-21519.653,-21479.836,-39.817157,-0.75728981,-0.20786892
13539,-21460.778,-21281.163,-179.61519,-3.4212493,-0.43003464
13540,-21441.288,-21389.346,-51.941602,-0.97164822,0.44403451
13541,-21379.282,-21223.128,-156.15409,-2.9565017,1.746064
13542,-21375.748,-21292.891,-82.856539,-1.5895383,1.4855458
13543,-21303.34,-21230.509,-72.831745,-1.4128351,1.4176716
13544,-21280.619,-21150.938,-129.68015,-2.53491,-0.24215597
13545,-21349.188,-21219.791,-129.3967,-2.4559681,0.37449857
13546,-21212.049,-21134.863,-77.186356,-1.4434924,-0.70273763
13547,-21360.903,-21250.73,-110.17271,-2.1216031,0.51936819
13548,-21310.409,-21160.24,-150.16934,-2.8866885,0.064828297
13549,-21300.21,-21227.779,-72.431031,-1.395143,0.67769165
13550,-21349.087,-21146.591,-202.49634,-3.8668757,0.69448317
13551,-21217.906,-21144.063,-73.842923,-1.3940048,0.58429331
13552,-21304.956,-21212.815,-92.141047,-1.7387404,0.70912221
13553,-21248.808,-21141.839,-106.96903,-2.080578,1.1996859
13554,-21249.212,-21154.275,-94.936953,-1.8228755,0.74727104
13555,-21279.912,-21199.671,-80.240231,-1.5147897,-0.38784382
13556,-21230.125,-21064.088,-166.03698,-3.1511562,0.29872379
13557,-21293.747,-21281.972,-11.775182,-0.22524504,-0.14222468
13558,-21405.336,-21241.024,-164.31279,-3.1383432,0.62202
13559,-21436.44,-21345.769,-90.670884,-1.7025507,1.0806773
13560,-20790.533,-20666.641,-123.89115,-2.3050649,0.64142678
13561,-21705.366,-21571.033,-134.33329,-2.4359296,-0.95180857
13562,-20215.416,-20089.63,-125.78584,-2.2857217,-0.92207379
13563,-21157.314,-21104.126,-53.188016,-0.99915476,-0.6009634
13564,-21374.233,-21227.779,-146.45391,-2.548087,-0.27853123
13565,-22049.628,-21893.359,-156.26979,-2.6920137,1.9243825
13566,-19696.953,-19552.354,-144.59919,-2.6385385,2.9747647
13567,-19139.509,-19008.91,-130.59932,-2.4209378,1.3997558
13568,-20401.736,-20399.621,-2.1148471,-0.037560936,1.6149939
13569,-21665.881,-21528.569,-137.31215,-2.6173103,1.3484546
13570,-20993.717,-20854.9,-138.81629,-2.6094015,-0.076187121
13571,-20555.033,-20511.141,-43.892141,-0.83111044,-0.46350964
13572,-20279.946,-20172.234,-107.71254,-2.0351927,-1.0816516
13573,-20347.607,-20222.079,-125.52811,-2.3838903,0.16561062
13574,-20469.194,-20413.978,-55.216594,-1.0537814,0.79588405
13575,-21043.301,-20885.232,-158.06876,-2.9611769,1.1823308
13576,-21150.447,-21050.439,-100.00816,-1.8696683,-0.065178667
13577,-20755.086,-20618.212,-136.8747,-2.5930494,0.030613519
13578,-20662.078,-20603.652,-58.425658,-1.1059996,0.36871594
13579,-20958.877,-20797.169,-161.70749,-3.0550958,1.5361115
13580,-20884.652,-20799.596,-85.0561,-1.598969,0.65298452
13581,-21339.493,-21186.123,-153.37027,-2.9301887,0.59016057
13582,-20958.877,-20884.221,-74.65536,-1.4148844,-0.10655563
13583,-21056.934,-20921.529,-135.4049,-2.5759654,-0.89862758
13584,-21245.172,-21128.493,-116.6795,-2.2435951,0.037225144
13585,-20960.896,-20869.864,-91.032113,-1.7471122,-0.83488765
13586,-20925.45,-20819.311,-106.13888,-2.0451641,-0.59086481
13587,-21127.321,-21016.973,-110.34836,-2.0813283,-0.20084808
13588,-21239.416,-21219.185,-20.231339,-0.38083955,-0.43148825
13589,-21420.989,-21224.645,-196.3448,-3.7319254,0.05812418
13590,-21117.122,-21041.137,-75.984453,-1.4350135,0.17722351
13591,-21177.613,-21037.295,-140.3172,-2.6208357,0.69920873
13592,-21045.321,-20907.172,-138.14851,-2.5887325,0.087562009
13593,-21196.497,-21154.174,-42.323266,-0.81096859,0.85187835
13594,-21320.71,-21096.645,-224.06551,-4.2900872,-0.47732627
13595,-21250.828,-21162.06,-88.767582,-1.6867096,-0.63957286
13596,-21106.619,-21002.717,-103.90211,-1.9685043,-0.090372568
13597,-21023.508,-20931.741,-91.766776,-1.7507934,-1.3926067
13598,-20967.662,-20843.779,-123.8835,-2.3801141,-0.99721271
13599,-21083.191,-21024.455,-58.735556,-1.1061765,-1.7192026
13600,-21078.545,-20906.97,-171.57518,-3.2153721,0.3599027
13601,-20949.283,-20870.269,-79.014278,-1.4842476,1.0513366
13602,-20918.583,-20858.439,-60.143859,-1.1416113,0.74222187
13603,-20913.736,-20796.057,-117.67883,-2.2844296,-0.79299139
13604,-20923.329,-20786.351,-136.97868,-2.6213663,-0.23181401
13605,-20845.267,-20767.242,-78.025355,-1.4638424,0.82573228
13606,-20965.845,-20771.387,-194.45753,-3.6623677,0.75886349
13607,-20837.996,-20785.542,-52.454191,-1.0051472,0.20248362
13608,-20836.784,-20682.919,-153.86479,-2.9461886,0.0514819
13609,-20863.243,-20705.062,-158.18099,-3.0009069,1.2488972
13610,-20733.778,-20667.046,-66.73249,-1.2802062,-0.29137595
13611,-20800.833,-20632.973,-167.85999,-3.2233762,0.12149725
13612,-20680.559,-20618.212,-62.34689,-1.1719258,-2.443177
13613,-20746.099,-20661.283,-84.815839,-1.609878,-2.0342971
13614,-20714.288,-20565.03,-149.25795,-2.8484732,-1.1195416
13615,-20687.628,-20619.93,-67.697124,-1.2756655,0.65738164
13616,-20704.896,-20610.932,-93.964183,-1.7941636,1.5454782
13617,-20712.47,-20594.148,-118.32172,-2.2388827,0.11674449
13618,-20639.558,-20565.94,-73.618217,-1.4053012,-0.5886864
13619,-20872.937,-20726.496,-146.44123,-2.797842,-0.042309889
13620,-20576.745,-20446.433,-130.31191,-2.451542,0.47280304
13621,-20556.346,-20434.401,-121.9443,-2.2800588,-0.74994292
13622,-21021.084,-20960.354,-60.730153,-1.1263501,-0.4453423
13623,-20462.125,-20232.19,-229.93587,-4.1172754,0.018010183
13624,-20492.118,-20471.103,-21.015658,-0.38161334,0.52636681
13625,-19811.673,-19593.201,-218.47274,-3.8387313,1.5694954
13626,-19310.681,-19197.573,-113.10741,-2.1001282,0.89238817
13627,-19537.395,-19532.436,-4.9588528,-0.084248956,0.60853005
13628,-22537.897,-22410.717,-127.17943,-2.2825366,1.5356552
13629,-20612.898,-20493.245,-119.65296,-2.1751306,1.3796308
13630,-20721.155,-20602.439,-118.71585,-2.2084463,0.52804349
13631,-19571.629,-19456.202,-115.42698,-2.1651371,0.49925539
13632,-20450.916,-20417.82,-33.096071,-0.61926572,0.74196359
13633,-20041.316,-19877.207,-164.10903,-3.1173643,-0.25147915
13634,-20487.372,-20394.161,-93.210855,-1.7633444,0.77229474
13635,-20375.782,-20256.758,-119.02395,-2.2432946,1.0812805
13636,-20157.046,-19997.826,-159.21993,-3.0151258,0.42893073
13637,-20108.775,-20008.139,-100.63573,-1.9014385,-1.9923653
13638,-20339.124,-20233.605,-105.51921,-2.0095989,-2.5503304
13639,-20247.833,-20062.028,-185.80431,-3.533375,-2.5734403
13640,-20475.456,-20393.251,-82.204436,-1.5570585,-0.93152793
13641,-20461.015,-20305.592,-155.42218,-2.9472382,0.12889003
13642,-20387.396,-20301.043,-86.353007,-1.6550547,0.22437765
13643,-20321.755,-20207.823,-113.93157,-2.2024821,-0.2408054
13644,-20658.948,-20582.825,-76.12289,-1.462268,-1.2150657
13645,-20420.519,-20270.104,-150.41487,-2.8606342,-0.54099151
13646,-20484.544,-20461.295,-23.24896,-0.44533873,-0.44618016
13647,-20898.285,-20782.306,-115.97834,-2.2155027,-0.22456623
13648,-20713.278,-20559.469,-153.80891,-2.890433,0.14906383
13649,-20563.112,-20525.093,-38.01843,-0.72266298,0.34691984
13650,-20578.058,-20376.569,-201.48887,-3.8105469,0.014764781
13651,-20478.889,-20389.005,-89.884413,-1.6850523,-0.29368255
13652,-20706.916,-20632.468,-74.448362,-1.4128942,0.49808815
13653,-20674.196,-20489.403,-184.79361,-3.5095296,0.24948308
13654,-20826.686,-20727.912,-98.774069,-1.8836024,1.2606177
13655,-20603.809,-20462.812,-140.99707,-2.6902726,1.3670597
13656,-20689.243,-20548.752,-140.49142,-2.7010178,0.36157892
13657,-20593.609,-20542.585,-51.024949,-0.9868427,-0.40770089
13658,-20722.973,-20548.853,-174.1197,-3.3497218,-0.70826611
13659,-20685.406,-20634.389,-51.017292,-0.97539539,1.0749667
13660,-20620.27,-20468.676,-151.59368,-2.9138208,0.38979231
13661,-20572.907,-20500.524,-72.382811,-1.376732,-0.56812746
13662,-20600.174,-20487.886,-112.28731,-2.1254231,-1.1303613
13663,-20556.951,-20482.022,-74.929362,-1.4453578,-1.3233223
13664,-20509.993,-20354.123,-155.86968,-2.991825,0.48555394
13665,-20534.23,-20403.766,-130.46339,-2.4805503,1.2209293
13666,-20437.788,-20332.385,-105.40231,-2.0121554,0.81809289
13667,-20464.145,-20313.984,-150.16097,-2.8504766,0.13609277
13668,-20365.28,-20251.703,-113.57668,-2.1765655,0.32924922
13669,-20358.211,-20220.967,-137.24383,-2.6273506,0.19486012
13670,-20381.034,-20210.957,-170.07618,-3.2325441,0.029535214
13671,-20239.552,-20212.07,-27.482363,-0.52177336,-0.30928538
13672,-20379.923,-20248.771,-131.15175,-2.5342501,-1.1632179
13673,-20328.723,-20178.705,-150.0181,-2.9089477,0.66656691
13674,-20315.191,-20300.436,-14.754514,-0.28226684,0.26901781
13675,-20329.531,-20125.725,-203.80545,-3.8940995,1.1166762
13676,-20266.212,-20247.153,-19.05899,-0.3631078,-0.024302573
13677,-20336.095,-20193.87,-142.22422,-2.7471646,0.060724619
13678,-20297.215,-20189.624,-107.59098,-2.0755298,0.016169591
13679,-20325.592,-20206.205,-119.38674,-2.272378,0.72783186
13680,-20346.9,-20224.404,-122.49577,-2.2991173,-0.45887976
13681,-20327.107,-20165.46,-161.64719,-3.0461814,-0.32953101
13682,-20341.649,-20291.438,-50.211316,-0.95041109,-0.51696294
13683,-20496.865,-20299.627,-197.23752,-3.7898533,-0.35469565
13684,-20513.224,-20392.948,-120.27659,-2.2821948,1.4818688
13685,-19814.804,-19695.924,-118.87977,-2.2098177,0.26606117
13686,-20752.158,-20638.938,-113.2194,-2.0319275,-0.13832963
13687,-19210.099,-19084.436,-125.6626,-2.257741,-0.58968169
13688,-20197.845,-20140.284,-57.560216,-1.053481,-1.3664025
13689,-20401.029,-20283.147,-117.88188,-2.046179,-1.1061477
13690,-21029.365,-20889.984,-139.38069,-2.3781673,0.36994426
13691,-18733.141,-18614.193,-118.9481,-2.2171976,1.302221
13692,-18156.712,-17997.043,-159.66898,-3.0304481,0.71586755
13693,-19497.606,-19492.6,-5.0059957,-0.088933759,0.53285701
13694,-20715.601,-20561.491,-154.10948,-2.9416195,-0.25351462
13695,-20068.683,-19898.338,-170.34516,-3.219917,-0.13510683
13696,-19649.288,-19579.652,-69.635125,-1.3239065,-0.40182717
13697,-19333.504,-19200.303,-133.20043,-2.5578838,-0.81237365
13698,-19434.086,-19261.068,-173.01807,-3.3120714,-0.21487988
13699,-19541.03,-19469.953,-71.077768,-1.3692235,0.33728278
13700,-20109.28,-19919.166,-190.11381,-3.5635284,2.3973998
13701,-20165.428,-20082.047,-83.380615,-1.5463392,1.4896899
13702,-19757.444,-19634.148,-123.29529,-2.3557942,0.47134428
13703,-19724.724,-19614.231,-110.49361,-2.1314729,-0.4193876
13704,-19944.369,-19846.269,-98.100668,-1.87427,0.07225663
13705,-19905.591,-19825.643,-79.947563,-1.5093549,0.056027177
13706,-20375.378,-20248.063,-127.31511,-2.3958826,-0.61376641
13707,-19990.217,-19894.092,-96.125335,-1.8252444,-1.37606
13708,-20111.299,-19970.325,-140.97397,-2.6768444,-1.6054186
13709,-20297.518,-20160.607,-136.91131,-2.6178213,-0.12405841
13710,-20057.979,-19928.872,-129.10666,-2.4549261,-0.73026798
13711,-19999.306,-19868.815,-130.49055,-2.4780587,-0.16337184
13712,-20191.28,-20068.499,-122.78126,-2.3047612,-0.95336812
13713,-20353.767,-20251.602,-102.16536,-1.913978,-0.23506569
13714,-20455.965,-20270.711,-185.25439,-3.5082157,-0.54859586
13715,-20194.512,-20074.768,-119.74426,-2.2722971,-0.15010897
13716,-20185.726,-20081.239,-104.48769,-1.9764637,0.338443
13717,-20085.245,-19936.758,-148.48668,-2.7919272,-0.1571375
13718,-20226.222,-20172.638,-53.583466,-1.0169069,0.93956386
13719,-20289.742,-20146.148,-143.59351,-2.7916494,0.37967671
13720,-20301.557,-20195.084,-106.47367,-2.0509311,0.16507725
13721,-20104.735,-20059.096,-45.638939,-0.87929911,-0.30443002
13722,-20089.89,-19945.453,-144.43694,-2.7978067,-0.43274889
13723,-20009.707,-19861.536,-148.17175,-2.8128728,1.1462344
13724,-20153.108,-20079.722,-73.385733,-1.3964715,0.67049137
13725,-20196.33,-19967.292,-229.03752,-4.3584502,0.45872466
13726,-19992.237,-19926.547,-65.690083,-1.2369767,1.2523561
13727,-20030.006,-19879.128,-150.87756,-2.8699474,1.1503924
13728,-19990.823,-19839.09,-151.73283,-2.8967252,0.29613412
13729,-19952.448,-19844.651,-107.79726,-2.0569965,-0.14736076
13730,-19942.551,-19798.749,-143.80266,-2.7052825,0.70209688
13731,-19931.645,-19830.496,-101.14892,-1.9004221,0.56659639
13732,-19901.854,-19803.703,-98.151042,-1.8687237,-0.71683944
13733,-19837.627,-19720.493,-117.13393,-2.2539473,-2.4178644
13734,-19857.925,-19729.39,-128.53484,-2.471219,-0.41811335
13735,-19792.89,-19708.562,-84.32754,-1.6164628,0.12396096
13736,-19785.013,-19686.117,-98.896114,-1.8856448,-0.67408977
13737,-19793.395,-19635.665,-157.72978,-2.991161,-1.7639267
13738,-19769.764,-19709.573,-60.190643,-1.149373,-2.997096
13739,-19787.942,-19596.436,-191.5056,-3.6606678,-1.1092358
13740,-19806.826,-19673.58,-133.24626,-2.5130788,0.69255674
13741,-19751.688,-19645.776,-105.9119,-2.0347435,1.0434227
13742,-19837.829,-19654.875,-182.9536,-3.4761268,-0.29939585
13743,-19695.741,-19586.831,-108.91026,-2.0625892,1.2794531
13744,-19925.687,-19777.314,-148.37241,-2.8079497,1.6891409
13745,-19658.679,-19487.949,-170.72984,-3.2707518,1.6955668
13746,-19502.656,-19487.747,-14.908386,-0.28616195,0.71057302
13747,-20114.834,-19976.695,-138.13882,-2.6000904,-0.16162348
13748,-19428.431,-19266.325,-162.10533,-2.8803007,0.96412778
13749,-19522.348,-19508.272,-14.076207,-0.25628101,0.21753814
13750,-18838.772,-18627.033,-211.73921,-3.7150403,0.29065041
13751,-18309.504,-18252.739,-56.764411,-1.0708505,-0.34766404
13752,-18680.426,-18576.48,-103.94578,-1.7748492,1.411258
13753,-21549.949,-21469.017,-80.93134,-1.4568249,1.8251815
13754,-19724.017,-19537.289,-186.72826,-3.3776899,1.682901
13755,-19800.565,-19631.924,-168.64072,-3.0457296,0.018684247
13756,-18653.261,-18534.218,-119.04274,-2.1643114,-1.0782458
13757,-19572.639,-19446.092,-126.54743,-2.3621885,-0.63024243
13758,-19084.977,-18922.566,-162.41117,-3.0890769,-0.90050964
13759,-19576.073,-19455.191,-120.88143,-2.3021462,0.83637424
13760,-19406.416,-19289.175,-117.24042,-2.2125085,0.34101029
13761,-19153.142,-19069.675,-83.467841,-1.5714361,0.61231103
13762,-19176.773,-19007.09,-169.68313,-3.1870075,0.87507836
13763,-19312.196,-19291.602,-20.593765,-0.39327863,-1.0153079
13764,-19297.149,-19096.872,-200.27668,-3.8677937,-1.1009739
13765,-19488.821,-19419.096,-69.724146,-1.3319468,-0.13894377
13766,-19486.599,-19390.787,-95.812087,-1.8393845,0.87595185
13767,-19471.249,-19307.476,-163.7734,-3.1242547,0.73548968
13768,-19332.898,-19275.223,-57.675082,-1.0952428,0.68488273
13769,-19806.624,-19635.766,-170.85787,-3.21292,0.57841871
13770,-19478.015,-19314.755,-163.25986,-3.0756037,2.3248312
13771,-19584.05,-19542.142,-41.908313,-0.79903756,0.1212031
13772,-19973.049,-19796.423,-176.62593,-3.4233763,-0.19211901
13773,-19785.316,-19628.588,-156.7283,-2.9938293,0.1964216
13774,-19651.711,-19567.924,-83.787072,-1.5945711,1.6911755
13775,-19588.393,-19398.269,-190.12434,-3.56275,2.3128891
13776,-19517.905,-19462.471,-55.433762,-1.0403466,0.091278606
13777,-19750.577,-19610.085,-140.49142,-2.7186199,0.44939166
13778,-19661.608,-19566.812,-94.795883,-1.8564233,0.48952419
13779,-19878.223,-19734.142,-144.08109,-2.7932256,1.3066259
13780,-19581.425,-19537.997,-43.428012,-0.82648267,0.71355789
13781,-19748.557,-19583.798,-164.75921,-3.1542228,-0.098105626
13782,-19640.199,-19551.949,-88.249369,-1.668509,-0.69174415
13783,-19759.564,-19623.027,-136.53764,-2.5887563,-0.67966061
13784,-19803.998,-19660.032,-143.96683,-2.7746554,0.29353639
13785,-19641.613,-19547.804,-93.808516,-1.8126195,0.61437261
13786,-19681.704,-19549.624,-132.08013,-2.5010813,-0.4776693
13787,-19659.083,-19495.431,-163.65196,-3.0785746,-0.94976013
13788,-19631.312,-19564.588,-66.724354,-1.2754595,0.044432209
13789,-19560.925,-19351.254,-209.67031,-4.0332736,0.58128749
13790,-19548.907,-19464.998,-83.908878,-1.5908275,1.6766788
13791,-19478.116,-19351.153,-126.96274,-2.4160551,1.0264078
13792,-19468.32,-19317.081,-151.23975,-2.8857514,0.96867824
13793,-19369.758,-19328.202,-41.555579,-0.80164045,1.509544
13794,-19379.25,-19203.842,-175.40847,-3.3847375,1.3447162
13795,-19374.1,-19306.363,-67.736848,-1.2875284,0.29666032
13796,-19304.925,-19214.458,-90.466519,-1.7173649,0.6861003
13797,-19399.65,-19272.493,-127.15681,-2.4620246,0.069954731
13798,-19383.795,-19227.501,-156.29408,-3.0088457,0.10944358
13799,-19397.327,-19298.275,-99.05214,-1.9088811,0.89901876
13800,-19392.985,-19225.378,-167.60705,-3.2309799,1.9669423
13801,-19345.925,-19248.834,-97.090926,-1.8477113,1.6815977
13802,-19390.763,-19224.872,-165.89088,-3.1750977,1.6230338
13803,-19368.95,-19243.577,-125.37328,-2.4073392,0.51454427
13804,-19355.822,-19198.18,-157.6416,-3.0482456,1.8162089
13805,-19361.073,-19291.299,-69.7744,-1.3230502,0.1509384
13806,-19341.28,-19156.626,-184.65409,-3.4831746,-0.28326392
13807,-19333.807,-19309.093,-24.713499,-0.46363624,-0.91066574
13808,-19488.316,-19323.147,-165.16866,-3.1605017,-1.775519
13809,-19506.392,-19389.472,-116.91976,-2.2354709,0.044780963
13810,-18828.977,-18754.022,-74.954609,-1.409701,0.080800618
13811,-19758.454,-19617.87,-140.58319,-2.5390347,-0.79075466
13812,-18225.382,-18111.596,-113.78667,-2.0642858,-0.78438317
13813,-19267.964,-19171.286,-96.677768,-1.7941426,-1.4093407
13814,-19460.14,-19320.821,-139.31895,-2.4057558,0.45312823
13815,-20075.348,-19925.333,-150.01499,-2.5575048,0.9025508
13816,-17748.525,-17616.48,-132.04519,-2.4649693,0.62322838
13817,-17240.969,-17018.035,-222.93408,-4.2155045,0.42758
13818,-18554.193,-18532.196,-21.997401,-0.39271955,0.652401
13819,-19735.227,-19570.25,-164.97722,-3.1355821,0.96568945
13820,-19071.142,-18919.128,-152.01366,-2.8522015,-0.81908719
13821,-18642.152,-18572.739,-69.412932,-1.3367065,-0.26528534
13822,-18331.519,-18200.265,-131.25333,-2.4831794,-1.2935471
13823,-18417.256,-18283.779,-133.47718,-2.5293175,0.70750899
13824,-18509.961,-18474.262,-35.699098,-0.67400236,-0.19147249
13825,-19128.502,-18986.161,-142.34064,-2.6934253,2.147997
13826,-19168.29,-19062.698,-105.59207,-1.9823475,1.3764933
13827,-18784.846,-18658.477,-126.36867,-2.3862912,1.1061878
13828,-18758.488,-18646.648,-111.84065,-2.1100519,1.4075517
13829,-19009.439,-18855.229,-154.20999,-2.9283415,2.0809025
13830,-18971.872,-18891.728,-80.143911,-1.4977143,0.760603
13831,-19411.061,-19254.9,-156.16067,-2.96716,-1.3756672
13832,-19030.141,-18909.118,-121.02274,-2.2708546,-0.2640142
13833,-19149.406,-19003.147,-146.259,-2.7913036,-1.0636624
13834,-19301.592,-19160.063,-141.52892,-2.7108265,0.91207968
13835,-19047.814,-18948.348,-99.466255,-1.8875055,-1.6782277
13836,-18999.037,-18853.308,-145.72942,-2.8063254,-1.1280117
13837,-19189.497,-19067.147,-122.35052,-2.3275035,-0.36097947
13838,-19308.863,-19267.943,-40.919988,-0.78407041,-0.40802319
13839,-19456.404,-19263.494,-192.90947,-3.7130117,-0.56692678
13840,-19177.985,-19134.18,-43.804915,-0.83084658,0.48570835
13841,-19201.212,-19054.711,-146.50093,-2.8009799,0.40057701
13842,-19103.76,-18936.72,-167.03978,-3.1853853,0.18857898
13843,-19268.166,-19189.182,-78.984006,-1.5126568,1.0309209
13844,-19370.97,-19173.409,-197.56046,-3.7605705,-0.17524152
13845,-19337.846,-19220.727,-117.11946,-2.185694,-0.65479718
13846,-19148.295,-19055.52,-92.775322,-1.7572474,-1.9610006
13847,-19131.733,-18971.602,-160.13144,-3.1033509,-1.5634811
13848,-19021.86,-18892.234,-129.62655,-2.5145787,0.63366649
13849,-19170.916,-19082.212,-88.704286,-1.6686883,0.48946888
13850,-19136.48,-18996.373,-140.10686,-2.6227951,0.87546984
13851,-19018.225,-18888.594,-129.63086,-2.4384466,0.80326046
13852,-18986.01,-18894.256,-91.754332,-1.7407459,0.24950956
13853,-18959.855,-18842.288,-117.56731,-2.2804215,0.010518579
13854,-18945.515,-18841.479,-104.03612,-1.9926636,0.29343599
13855,-18920.672,-18833.592,-87.079772,-1.6357015,1.6310432
13856,-18965.005,-18800.733,-164.27211,-3.0993742,1.0586999
13857,-18903.908,-18823.482,-80.426649,-1.5206655,0.15996502
13858,-18877.652,-18701.75,-175.90168,-3.3195157,0.47366154
13859,-18915.32,-18758.673,-156.64694,-2.9651217,1.85899
13860,-18810.092,-18725.005,-85.087568,-1.612582,0.20039534
13861,-18832.814,-18676.474,-156.34027,-2.9622094,-0.89349753
13862,-18805.245,-18648.063,-157.18178,-2.8967078,-1.7186402
13863,-18776.969,-18696.796,-80.172628,-1.5151697,-1.3771028
13864,-18809.385,-18623.596,-185.78983,-3.5159795,0.60301546
13865,-18753.742,-18694.066,-59.675661,-1.1140961,1.4646094
13866,-18763.134,-18628.752,-134.38175,-2.5517026,2.9729752
13867,-18779.695,-18655.848,-123.84712,-2.3566503,0.36116723
13868,-18676.791,-18583.962,-92.828447,-1.7969567,0.035668343
13869,-18908.15,-18778.894,-129.25575,-2.475825,0.54794276
13870,-18620.844,-18495.191,-125.65303,-2.341155,0.93868049
13871,-18549.245,-18456.569,-92.67625,-1.7504082,-0.54908994
13872,-19102.447,-18990.711,-111.73644,-2.1181753,-0.44687964
13873,-18465.527,-18254.256,-211.27149,-3.807306,-0.49242527
13874,-18566.312,-18521.58,-44.731858,-0.81455661,-0.029492085
13875,-17847.088,-17624.265,-222.82257,-3.8811237,-0.020187035
13876,-17337.007,-17209.024,-127.98301,-2.3867949,0.9521396
13877,-17712.675,-17642.464,-70.21089,-1.1883753,1.8505899
13878,-20556.85,-20450.477,-106.3734,-1.9264574,1.4927601
13879,-18691.232,-18518.648,-172.58385,-3.1436937,1.6554654
13880,-18728.092,-18648.265,-79.826116,-1.4598613,0.79435184
13881,-17657.335,-17465.833,-191.50237,-3.5331255,1.3943689
13882,-18491.279,-18459.096,-32.182529,-0.60122778,0.28740681
13883,-18068.248,-17876.423,-191.82435,-3.657122,-0.60527232
13884,-18521.878,-18461.725,-60.152594,-1.1619277,0.43924002
13885,-18390.798,-18274.275,-116.52275,-2.2229964,0.61900996
13886,-18163.276,-18014.938,-148.33735,-2.7942933,0.98703895
13887,-18162.872,-18032.025,-130.84652,-2.4566772,1.5304849
13888,-18359.694,-18279.027,-80.667029,-1.5324407,-0.52320045
13889,-18308.999,-18103.709,-205.2895,-3.9165839,-0.75497541
13890,-18514.506,-18442.009,-72.496241,-1.3529877,-0.21658488
13891,-18501.277,-18337.668,-163.60828,-3.0531088,1.7835069
13892,-18480.473,-18320.278,-160.19533,-3.0137589,1.2367096
13893,-18341.314,-18261.536,-79.778853,-1.5249562,0.65779886
13894,-18772.525,-18624.303,-148.22213,-2.7922288,0.28968085
13895,-18440.988,-18306.73,-134.25791,-2.5127663,-0.040642968
13896,-18552.174,-18482.047,-70.126177,-1.3183737,1.0628777
13897,-18940.364,-18816.101,-124.26339,-2.348092,-0.55788706
13898,-18732.636,-18566.572,-166.06402,-3.1642537,-0.25363217
13899,-18591.558,-18585.883,-5.675089,-0.1085843,-0.021310369
13900,-18583.58,-18379.324,-204.25642,-3.902889,1.7909282
13901,-18496.328,-18423.406,-72.922202,-1.3744112,0.15871547
13902,-18750.409,-18629.864,-120.54533,-2.2960761,1.2935646
13903,-18688.404,-18547.564,-140.83996,-2.723377,-0.56248584
13904,-18889.669,-18758.875,-130.79423,-2.5398217,0.16359468
13905,-18617.411,-18512.379,-105.0315,-1.992723,-0.12155086
13906,-18741.018,-18567.987,-173.03039,-3.2970111,0.0013032097
13907,-18676.589,-18565.258,-111.33106,-2.1347603,0.90321628
13908,-18736.372,-18569.201,-167.17175,-3.2242627,-0.32146605
13909,-18770.405,-18675.564,-94.840753,-1.8209323,0.23889875
13910,-18625.893,-18512.885,-113.00881,-2.1917918,-0.80194261
13911,-18626.903,-18504.594,-122.30936,-2.3484983,-0.92776221
13912,-18629.933,-18508.537,-121.39581,-2.2874259,-1.3574519
13913,-18570.553,-18488.013,-82.540419,-1.5894925,-0.22709892
13914,-18534.299,-18408.948,-125.35115,-2.4145085,0.4190308
13915,-18519.353,-18400.859,-118.49366,-2.2528551,1.6358366
13916,-18451.49,-18358.799,-92.690967,-1.7581033,0.82776641
13917,-18495.823,-18291.463,-204.3604,-3.8556728,-0.029938396
13918,-18369.994,-18304.607,-65.387842,-1.2506833,0.28653506
13919,-18411.197,-18241.314,-169.88247,-3.2918808,0.94651808
13920,-18397.463,-18264.265,-133.19732,-2.5488571,0.34758984
13921,-18301.526,-18204.209,-97.317307,-1.843726,-0.91356529
13922,-18440.382,-18269.927,-170.45452,-3.261216,-1.6970189
13923,-18346.869,-18208.961,-137.90813,-2.6328075,1.1882222
13924,-18369.994,-18310.471,-59.523703,-1.1191842,0.36227477
13925,-18361.209,-18177.112,-184.09651,-3.4942639,1.4797074
13926,-18295.467,-18233.934,-61.533017,-1.1542927,0.14123026
13927,-18345.96,-18231.103,-114.85708,-2.1832159,0.71017419
13928,-18293.043,-18203.703,-89.339996,-1.7352622,1.036771
13929,-18339.598,-18236.36,-103.23744,-2.0116608,0.25148297
13930,-18331.721,-18236.057,-95.663838,-1.8281158,-0.34054274
13931,-18321.218,-18155.577,-165.64153,-3.1235237,-0.141409
13932,-18363.632,-18284.284,-79.347987,-1.5030063,0.03634913
13933,-18502.185,-18337.264,-164.92158,-3.163488,-0.23276257
13934,-18553.183,-18395.197,-157.98596,-2.9819937,2.2658052
13935,-17805.785,-17733.258,-72.527111,-1.3517355,0.43858625
13936,-18806.76,-18601.15,-205.60968,-3.7178921,-0.064521251
13937,-17243.796,-17110.142,-133.65427,-2.4191808,-1.28027
13938,-18237.703,-18159.924,-77.778393,-1.4549332,-0.62131266
13939,-18460.882,-18322.907,-137.97526,-2.3891579,-0.12637669
13940,-19005.097,-18896.682,-108.41418,-1.8438267,1.9707537
13941,-16717.254,-16539.804,-177.45033,-3.3079873,2.3161526
13942,-16172.939,-16029.927,-143.01153,-2.6937887,1.2359065
13943,-17527.164,-17523.463,-3.7008329,-0.065423349,-0.028336896
13944,-18716.377,-18581.232,-135.14489,-2.601913,-0.23026714
13945,-18010.686,-17876.929,-133.75669,-2.5386016,0.55093379
13946,-17645.116,-17543.077,-102.03817,-1.9620546,0.25161099
13947,-17314.285,-17183.039,-131.24532,-2.5091816,-0.24952472
13948,-17464.249,-17264.329,-199.92072,-3.797914,-0.14104794
13949,-17539.787,-17475.134,-64.652701,-1.2411346,-0.06379292
13950,-18114.701,-17962.06,-152.64135,-2.8666618,0.73116833
13951,-18215.284,-18026.768,-188.51586,-3.5068375,0.34975148
13952,-17757.614,-17651.362,-106.25243,-2.0123076,-0.13791616
13953,-17766.299,-17618.3,-147.99886,-2.8092903,1.176695
13954,-17945.045,-17851.652,-93.392127,-1.7702935,1.0543963
13955,-17943.328,-17853.068,-90.25988,-1.7019292,0.49741557
13956,-18380.8,-18210.78,-170.01959,-3.2615265,-0.22951899
13957,-17951.407,-17907.16,-44.247148,-0.84815501,-0.53065909
13958,-18120.761,-17944.063,-176.69736,-3.3857933,-0.54005332
13959,-18264.363,-18187.122,-77.241276,-1.4900489,0.29742067
13960,-18023.208,-17908.171,-115.03727,-2.2133941,-0.59933894
13961,-17998.466,-17821.22,-177.24668,-3.3599257,-0.14060784
13962,-18164.993,-18068.423,-96.569124,-1.8231437,0.24363856
13963,-18371.206,-18257.997,-113.20947,-2.1452658,-0.38595328
13964,-18435.636,-18264.265,-171.3701,-3.2679198,-0.70600779
13965,-18189.633,-18090.768,-98.865364,-1.8943934,-0.25789386
13966,-18222.555,-18029.498,-193.057,-3.6795238,0.70948397
13967,-18066.632,-17943.355,-123.2765,-2.3497122,0.46050673
13968,-18284.358,-18147.488,-136.87003,-2.6254515,0.48083991
13969,-18277.39,-18159.823,-117.56707,-2.264818,-0.37239718
13970,-18314.149,-18170.641,-143.50772,-2.7221182,-0.59950299
13971,-18096.221,-18006.648,-89.573198,-1.7105771,-1.2990201
13972,-18044.516,-17943.153,-101.36274,-1.9716201,-0.9054713
13973,-18022.198,-17861.156,-161.04163,-3.1276847,0.12243047
13974,-18086.526,-18073.378,-13.148666,-0.25132046,-0.37671354
13975,-18157.721,-17933.245,-224.47663,-4.305382,-0.24318224
13976,-17984.328,-17880.67,-103.65838,-1.9688126,0.020299061
13977,-17974.836,-17860.348,-114.48795,-2.1628527,0.59821065
13978,-18003.415,-17808.278,-195.13655,-3.7082007,0.60627391
13979,-17906.468,-17839.924,-66.543679,-1.2634577,0.69050346
13980,-17932.017,-17799.179,-132.83884,-2.5009936,0.85033996
13981,-17971.604,-17758.13,-213.4744,-4.0224719,0.67298755
13982,-17852.238,-17806.357,-45.881234,-0.87612974,0.50019619
13983,-17906.266,-17667.539,-238.72717,-4.6279552,0.051701533
13984,-17802.452,-17749.536,-52.916526,-1.0240309,1.1303438
13985,-17816.489,-17654.092,-162.39752,-3.1016819,0.3109749
13986,-17754.686,-17634.78,-119.90519,-2.2439563,-0.56365375
13987,-17735.902,-17620.019,-115.88321,-2.1454501,-0.62391325
13988,-17751.858,-17664.303,-87.554671,-1.6683076,-2.4539876
13989,-17724.693,-17596.866,-127.82698,-2.478504,-0.42622514
13990,-17763.673,-17630.534,-133.13941,-2.5348268,0.7785368
13991,-17711.363,-17590.193,-121.16979,-2.3157286,0.828472
13992,-17792.454,-17635.69,-156.76407,-2.9538366,-0.90784818
13993,-17690.862,-17530.641,-160.22094,-3.0169749,-0.075162862
13994,-17874.556,-17770.161,-104.39508,-1.9838295,-0.37080252
13995,-17645.116,-17444.803,-200.31305,-3.8091154,0.37303912
13996,-17530.496,-17416.998,-113.49783,-2.1616905,-0.36669961
13997,-18063.4,-17959.532,-103.86801,-1.9611399,-0.50736829
13998,-17461.119,-17226.515,-234.60373,-4.164975,-0.45545328
13999,-17462.028,-17499.703,37.675388,0.67732002,-1.3598746
14000,-16827.43,-16538.085,-289.34507,-5.114984,0.21708947
14001,-16231.915,-16172.992,-58.922692,-1.115791,-0.13356127
14002,-16679.385,-16607.141,-72.244015,-1.2399717,1.2409086
14003,-19507.705,-19414.041,-93.663857,-1.682988,1.5544721
14004,-17607.65,-17478.37,-129.28004,-2.3045374,0.48364721
14005,-17725.097,-17563.096,-162.00028,-2.955296,-0.46038631
14006,-16582.438,-16440.417,-142.02081,-2.6057946,0.76177437
14007,-17514.439,-17430.041,-84.398373,-1.5787699,0.60605062
14008,-17062.021,-16838.471,-223.55053,-4.2236662,-0.18803083
14009,-17519.085,-17439.646,-79.438683,-1.5150567,0.3954909
14010,-17400.729,-17222.066,-178.66264,-3.4051248,0.59763858
14011,-17155.333,-16980.727,-174.60585,-3.2660022,0.21388509
14012,-17134.63,-16998.117,-136.51347,-2.5372431,0.20456652
14013,-17311.558,-17234.907,-76.651392,-1.4447897,-1.3591786
14014,-17225.72,-17070.812,-154.90791,-2.9525728,-1.5144544
14015,-17478.892,-17368.063,-110.82912,-2.0925045,-0.82075132
14016,-17402.042,-17300.12,-101.92175,-1.9365991,0.2069829
14017,-17421.33,-17245.927,-175.40285,-3.3396012,-0.0090493464
14018,-17279.142,-17224.594,-54.547621,-1.0473121,-0.68319533
14019,-17701.466,-17568.556,-132.9098,-2.5238834,-0.1520605
14020,-17401.133,-17232.177,-168.956,-3.1802622,0.35171515
14021,-17524.538,-17443.084,-81.454339,-1.5433593,-0.17899833
14022,-17939.187,-17773.093,-166.09417,-3.2396345,-0.21274889
14023,-17724.895,-17526.597,-198.29752,-3.7864212,1.2333855
14024,-17583.11,-17535.899,-47.211165,-0.88948214,0.8453253
14025,-17575.536,-17320.038,-255.49818,-4.7401104,1.0394221
14026,-17480.205,-17386.667,-93.538462,-1.748628,0.56022745
14027,-17705.404,-17571.084,-134.32061,-2.5927575,1.4900618
14028,-17639.864,-17486.458,-153.40616,-2.9443017,0.83623788
14029,-17789.829,-17715.867,-73.961498,-1.4086729,0.50680784
14030,-17567.154,-17420.234,-146.92043,-2.7749706,-0.29491075
14031,-17643.904,-17509.106,-134.7979,-2.5546329,-0.28905344
14032,-17584.928,-17497.681,-87.246926,-1.6665779,-1.2252437
14033,-17659.557,-17530.945,-128.6119,-2.4739379,-0.76420499
14034,-17716.917,-17609.1,-107.81724,-2.1012739,1.2925662
14035,-17580.08,-17435.804,-144.27637,-2.7965964,1.1923582
14036,-17586.645,-17446.117,-140.52767,-2.643001,-0.076187283
14037,-17623.505,-17467.147,-156.35762,-2.9164395,-1.0837805
14038,-17548.169,-17437.826,-110.34261,-2.0797906,-1.2081254
14039,-17521.206,-17349.055,-172.15023,-3.2466908,-0.57228561
14040,-17483.639,-17345.618,-138.02097,-2.6151117,0.98193196
14041,-17440.518,-17274.844,-165.67395,-3.1536433,0.7384076
14042,-17416.281,-17252.803,-163.47834,-3.1312018,0.66556009
14043,-17307.418,-17212.36,-95.057562,-1.8341064,0.84315045
14044,-17305.802,-17175.254,-130.54763,-2.5365955,0.99655339
14045,-17319.738,-17168.986,-150.75229,-2.8750697,0.27257986
14046,-17203.2,-17128.746,-74.454344,-1.4112731,0.58282665
14047,-17330.645,-17189.814,-140.83099,-2.7579968,0.54106011
14048,-17278.435,-17137.542,-140.89285,-2.7605565,1.5973589
14049,-17303.176,-17239.052,-64.124199,-1.2418663,0.40990656
14050,-17278.435,-17087.191,-191.24356,-3.6144224,0.95272246
14051,-17272.174,-17153.517,-118.65698,-2.225744,0.45586332
14052,-17310.548,-17189.51,-121.03805,-2.2977388,1.1313321
14053,-17280.151,-17105.896,-174.25574,-3.3876378,0.54525528
14054,-17290.25,-17203.564,-86.686118,-1.6788319,0.29621475
14055,-17294.593,-17123.488,-171.10435,-3.2098947,-0.72812929
14056,-17282.474,-17083.652,-198.82171,-3.736812,-1.2052136
14057,-17282.979,-17222.976,-60.002789,-1.1274971,0.38073507
14058,-17414.968,-17220.145,-194.82271,-3.6906878,-1.3843508
14059,-17445.365,-17365.333,-80.031558,-1.5155489,0.19052609
14060,-16726.444,-16597.434,-129.00974,-2.3919455,-0.39668838
14061,-17682.682,-17534.079,-148.60346,-2.6726108,-0.17270039
14062,-16125.677,-16015.671,-110.00591,-1.9823539,-0.14816717
14063,-17158.564,-17077.889,-80.674687,-1.4985034,-2.5885357
14064,-17398.507,-17268.777,-129.73005,-2.2772654,-0.89388435
14065,-17922.828,-17747.615,-175.21308,-2.9936072,1.3115676
14066,-15628.118,-15458.376,-169.74236,-3.1507415,1.0636695
14067,-15134.801,-14954.97,-179.8308,-3.3884721,0.52535448
14068,-16513.868,-16467.716,-46.152605,-0.81269088,-0.11054621
14069,-17651.175,-17526.294,-124.88091,-2.3567891,0.22188483
14070,-16973.961,-16756.878,-217.08298,-4.0722962,0.84373697
14071,-16590.012,-16497.137,-92.874394,-1.7704768,0.39886119
14072,-16237.873,-16073.403,-164.47013,-3.1309978,0.38862761
14073,-16341.788,-16195.134,-146.65349,-2.7890008,2.3039636
14074,-16439.138,-16395.324,-43.814607,-0.83897822,1.526498
14075,-17042.026,-16841.1,-200.92651,-3.8105101,1.262651
14076,-17062.526,-16981.738,-80.788476,-1.509027,-0.47065468
14077,-16660.601,-16525.75,-134.85079,-2.539206,0.74496515
14078,-16666.256,-16566.698,-99.558148,-1.8985309,0.85338013
14079,-16877.116,-16757.081,-120.03501,-2.2619925,0.82068036
14080,-16859.039,-16729.58,-129.45927,-2.4017352,-0.62832246
14081,-17318.728,-17158.976,-159.7519,-2.9838832,-1.4753363
14082,-16912.259,-16794.793,-117.46573,-2.196501,-0.44485694
14083,-17068.484,-16906.717,-161.7672,-3.0663061,-1.7782196
14084,-17201.887,-17094.572,-107.3153,-2.0436448,-1.2121992
14085,-16981.838,-16802.983,-178.85564,-3.3782894,-1.3710147
14086,-16900.746,-16787.311,-113.43513,-2.1294453,-0.63143078
14087,-17123.219,-16928.051,-195.16838,-3.6468919,0.41360696
14088,-17231.274,-17210.136,-21.138301,-0.40462491,0.065353257
14089,-17360.032,-17147.046,-212.98574,-4.1043194,-0.36802971
14090,-17080.502,-16977.997,-102.50493,-1.9525843,-0.66238897
14091,-17087.773,-16961.415,-126.3573,-2.4277081,0.49469817
14092,-16974.769,-16814.104,-160.66497,-3.0973331,1.8331587
14093,-17150.283,-17116.209,-34.074704,-0.655464,1.3478228
14094,-17220.974,-17035.829,-185.14419,-3.5831087,0.60093643
14095,-17227.437,-17076.979,-150.45722,-2.8590139,-0.80273005
14096,-17021.526,-16942.408,-79.118255,-1.5000483,-1.1254773
14097,-17039.198,-16844.638,-194.56019,-3.7342567,-1.2664263
14098,-16939.626,-16807.229,-132.39697,-2.5110527,0.1675475
14099,-17060.305,-16960.607,-99.697901,-1.9050017,1.0923823
14100,-17087.369,-16851.716,-235.6532,-4.4804326,0.90778083
14101,-16897.717,-16803.387,-94.329719,-1.7819464,0.50537113
14102,-16915.793,-16733.725,-182.06818,-3.4609392,1.4970436
14103,-16830.763,-16755.867,-74.895621,-1.4389202,1.1409269
14104,-16874.288,-16705.82,-168.46806,-3.2057405,0.92067595
14105,-16781.28,-16694.395,-86.88474,-1.6251423,-0.5186652
14106,-16845.81,-16670.028,-175.78143,-3.2773404,0.84156104
14107,-16763.102,-16692.575,-70.52713,-1.3214123,-0.50389372
14108,-16753.307,-16608.152,-145.15485,-2.7298708,-0.58179428
14109,-16748.863,-16616.645,-132.21857,-2.5271386,0.23662836
14110,-16700.592,-16570.035,-130.55696,-2.5065056,-0.75786727
14111,-16715.639,-16552.442,-163.19632,-3.0636382,-0.42198152
14112,-16702.107,-16515.235,-186.87112,-3.4471525,-0.72653544
14113,-16664.035,-16609.163,-54.871997,-1.0256595,-1.2644878
14114,-16693.321,-16473.378,-219.94314,-4.1460806,-0.22516994
14115,-16691.2,-16552.442,-138.75766,-2.6052086,0.87856139
14116,-16627.983,-16498.553,-129.42972,-2.4655493,1.574027
14117,-16721.698,-16513.213,-208.48456,-3.9587508,0.45198863
14118,-16531.339,-16488.24,-43.09873,-0.81547085,0.13563206
14119,-16801.78,-16611.994,-189.7862,-3.6134513,1.1045572
14120,-16493.873,-16371.261,-122.61231,-2.30978,-0.22582019
14121,-16392.988,-16310.496,-82.491721,-1.5796783,-0.52598164
14122,-16962.954,-16849.188,-113.76585,-2.1510057,-1.9277824
14123,-16312.805,-16166.825,-145.98009,-2.6082136,0.047314352
14124,-16400.259,-16341.03,-59.228761,-1.0789202,-0.61258346
14125,-15712.745,-15458.78,-253.96436,-4.4529846,0.48081204
14126,-15148.939,-15038.483,-110.45544,-2.0776362,0.90552145
14127,-15644.983,-15522.983,-122.00042,-2.0455172,1.1036759
14128,-18442.301,-18355.867,-86.433293,-1.5467738,1.8784617
14129,-16542.952,-16325.561,-217.39145,-3.9289554,1.652383
14130,-16636.566,-16492.487,-144.0799,-2.6016728,0.95106517
14131,-15501.583,-15327.949,-173.6332,-3.157886,0.66924759
14132,-16425,-16334.66,-90.340047,-1.6724591,0.3425894
14133,-15910.981,-15768.367,-142.61416,-2.6443233,-1.0541555
14134,-16423.183,-16266.818,-156.36432,-2.9622025,0.59538527
14135,-16245.649,-16150.749,-94.9001,-1.7970854,-0.13921754
14136,-15994.9,-15823.065,-171.83543,-3.2686964,-0.21688369
14137,-16016.915,-15908.297,-108.61819,-2.0571315,-0.3594174
14138,-16187.279,-16132.449,-54.830238,-1.0320626,-1.6693031
14139,-16138.503,-15937.011,-201.49151,-3.7908632,-2.1705934
14140,-16382.384,-16303.216,-79.167791,-1.4764556,-0.72162549
14141,-16344.514,-16161.567,-182.94726,-3.4720327,-0.076559166
14142,-16372.892,-16198.066,-174.82517,-3.3652126,0.78369858
14143,-16193.237,-16134.976,-58.260778,-1.1262669,0.44051444
14144,-16672.821,-16452.348,-220.47296,-4.1767494,-0.45636074
14145,-16327.246,-16159.444,-167.80184,-3.1244206,-0.34734265
14146,-16423.688,-16316.36,-107.32738,-2.047147,-0.54364807
14147,-16848.536,-16700.562,-147.97409,-2.8656467,-1.0119733
14148,-16565.977,-16431.318,-134.65958,-2.5761123,0.69468175
14149,-16496.701,-16403.311,-93.389375,-1.7790048,0.65766405
14150,-16405.308,-16248.821,-156.4866,-2.9353569,1.0594036
14151,-16376.83,-16234.768,-142.06221,-2.6692048,0.37560981
14152,-16584.66,-16508.36,-76.299377,-1.4620761,-0.28486102
14153,-16514.878,-16385.011,-129.86705,-2.506931,-0.46405718
14154,-16719.476,-16586.111,-133.36555,-2.5272003,1.0633342
14155,-16469.535,-16337.087,-132.44842,-2.4893943,2.5611538
14156,-16604.857,-16413.624,-191.23279,-3.6607746,0.40068658
14157,-16534.671,-16429.397,-105.27488,-2.0083043,0.78411113
14158,-16604.756,-16433.137,-171.61838,-3.2555921,-0.5170192
14159,-16656.562,-16510.079,-146.48275,-2.8059679,0.086736073
14160,-16509.021,-16343.962,-165.05882,-3.1636877,0.27229721
14161,-16500.134,-16342.445,-157.68862,-3.0009551,-0.18612498
14162,-16501.346,-16361.858,-139.48814,-2.6037485,-1.3149523
14163,-16422.577,-16348.006,-74.570407,-1.4212253,-0.80471351
14164,-16402.884,-16204.537,-198.34729,-3.8260324,-0.59630445
14165,-16364.611,-16261.864,-102.74651,-1.9398887,0.57487765
14166,-16285.841,-16162.78,-123.06101,-2.340443,-0.01840504
14167,-16304.423,-16187.248,-117.17485,-2.2500877,-0.83398803
14168,-16205.456,-16103.027,-102.42955,-1.9773241,0.35984201
14169,-16224.442,-16071.482,-152.95998,-2.9575332,-0.37710101
14170,-16236.156,-16063.09,-173.06617,-3.2885677,0.24950375
14171,-16149.207,-16042.97,-106.23712,-1.9925312,-1.3720882
14172,-16270.693,-16105.15,-165.54341,-3.2034983,-0.70794257
14173,-16190.308,-16050.654,-139.65445,-2.6466067,0.17955785
14174,-16238.075,-16125.068,-113.00702,-2.1408688,1.1407632
14175,-16218.888,-15995.551,-223.33623,-4.2444343,1.4580783
14176,-16150.52,-16047.52,-103.00017,-1.9377694,0.67123145
14177,-16214.444,-16070.066,-144.37783,-2.7350429,0.64427054
14178,-16133.655,-16013.649,-120.00594,-2.3128038,-0.47779849
14179,-16185.663,-16052.979,-132.68365,-2.5420787,-0.66289139
14180,-16143.451,-16026.49,-116.96116,-2.1966528,-0.62145293
14181,-16144.663,-15978.464,-166.19827,-3.1507646,0.030233622
14182,-16178.392,-16135.886,-42.505855,-0.80788618,-0.10639017
14183,-16286.75,-16122.945,-163.80559,-3.0956417,-0.82562037
14184,-16361.783,-16230.825,-130.95839,-2.4686893,0.47985999
14185,-15638.722,-15508.12,-130.60183,-2.4451377,0.20901349
14186,-16610.411,-16454.066,-156.34469,-2.8442943,-2.2189824
14187,-15070.372,-14899.665,-170.70651,-3.0832719,-1.5921613
14188,-16075.588,-15997.978,-77.610283,-1.4510613,-1.4436931
14189,-16323.206,-16138.919,-184.28688,-3.1869638,-1.2386863
14190,-16834.196,-16651.829,-182.36707,-3.1122869,1.4467181
14191,-14503.132,-14318.711,-184.42125,-3.367238,1.7859229
14192,-14005.27,-13826.629,-178.64146,-3.3088646,0.50810488
14193,-15381.409,-15366.774,-14.634981,-0.25725443,-0.14529476
14194,-16539.923,-16368.329,-171.59409,-3.2672913,-0.78561672
14195,-15825.748,-15663.52,-162.22858,-3.0201266,-0.83579019
14196,-15419.481,-15356.664,-62.817361,-1.1801194,-0.21196119
14197,-15131.367,-14977.719,-153.64846,-2.9051194,-0.61874955
14198,-15216.095,-15062.85,-153.24475,-2.8973869,0.13755757
14199,-15341.822,-15255.76,-86.062612,-1.6228013,0.63336957
14200,-15956.222,-15753.706,-202.51632,-3.7632904,1.47481
14201,-15999.546,-15863.002,-136.54398,-2.529438,0.6526256
14202,-15575.606,-15441.188,-134.41753,-2.5445927,0.44714935
14203,-15577.827,-15457.769,-120.05787,-2.2793001,0.46560423
14204,-15809.994,-15611.956,-198.03871,-3.7436475,1.5793833
14205,-15760.612,-15662.913,-97.699117,-1.8280004,0.54321734
14206,-16218.484,-16010.313,-208.17083,-3.9773838,-0.84716606
14207,-15771.519,-15699.412,-72.106415,-1.3787338,-0.48052485
14208,-15953.092,-15773.017,-180.07454,-3.440102,-0.3921146
14209,-16066.499,-15955.412,-111.08709,-2.0999691,0.57484277
14210,-15827.566,-15692.942,-134.62453,-2.5594889,-1.4201815
14211,-15779.598,-15637.131,-142.46651,-2.7119315,-1.5344041
14212,-15979.348,-15875.539,-103.80962,-1.960879,-1.9725032
14213,-16145.471,-16050.553,-94.917689,-1.8018072,-0.4331416
14214,-16237.671,-16049.744,-187.92693,-3.5477318,0.36747358
14215,-16002.373,-15865.833,-136.54063,-2.5474041,1.4286982
14216,-16010.351,-15840.657,-169.6939,-3.1513631,1.0245481
14217,-15892.702,-15737.226,-155.47626,-2.9092465,-0.19908263
14218,-16075.487,-15971.994,-103.4935,-1.9767012,-0.66206777
14219,-16135.776,-15936,-199.77594,-3.8005919,-1.4650126
14220,-16110.832,-15968.354,-142.47848,-2.6816941,-0.73927223
14221,-15942.084,-15799.204,-142.88063,-2.6771712,-0.21316979
14222,-15856.044,-15749.055,-106.98889,-2.0211061,-1.9589533
14223,-15835.443,-15640.164,-195.2787,-3.7269785,-0.97238062
14224,-15908.557,-15852.891,-55.666007,-1.0489137,-1.4777062
14225,-15936.025,-15703.962,-232.06316,-4.3346095,-0.22902414
14226,-15773.236,-15672.821,-100.41402,-1.8834956,0.43363
14227,-15766.974,-15659.577,-107.39774,-2.0080766,0.73780475
14228,-15745.666,-15582.534,-163.13231,-3.1541419,0.23399486
14229,-15729.407,-15616.91,-112.49754,-2.1646207,-0.76472402
14230,-15695.981,-15555.943,-140.03794,-2.644176,0.28709668
14231,-15790.807,-15569.289,-221.518,-4.1669252,0.94738121
14232,-15658.212,-15598.711,-59.501328,-1.1225946,0.19391607
14233,-15660.636,-15451.299,-209.33732,-4.0056496,-0.36714594
14234,-15674.774,-15509.839,-164.9351,-3.1340509,0.5180035
14235,-15572.374,-15434.212,-138.16227,-2.6355415,0.062931873
14236,-15598.125,-15433.908,-164.21707,-3.1054227,0.70119927
14237,-15526.223,-15407.115,-119.10795,-2.2045175,-2.1485565
14238,-15548.339,-15420.765,-127.57464,-2.4238988,-1.5663533
14239,-15533.191,-15371.526,-161.66526,-3.0679882,-1.4848934
14240,-15513.398,-15387.602,-125.79613,-2.3582985,1.4735275
14241,-15505.42,-15377.087,-128.33323,-2.4262423,1.5675913
14242,-15551.773,-15412.979,-138.79332,-2.610695,0.933498
14243,-15429.781,-15313.188,-116.59347,-2.2241435,0.12566848
14244,-15675.077,-15532.689,-142.38814,-2.7184563,-0.58589401
14245,-15382.318,-15209.251,-173.06676,-3.2395262,-0.18175292
14246,-15336.47,-15210.869,-125.60134,-2.3438565,-1.0553485
14247,-15852.106,-15752.897,-99.208406,-1.8317922,-1.5155506
14248,-15227.304,-14971.046,-256.25833,-4.5266354,-0.85437768
14249,-15307.184,-15265.466,-41.718186,-0.75551395,0.10223926
14250,-14575.64,-14272.708,-302.9325,-5.3189544,-0.35541611
14251,-14046.978,-13927.532,-119.44513,-2.1982048,0.1343943
14252,-14479.198,-14411.021,-68.177885,-1.1326729,0.18524469
14253,-17330.342,-17182.635,-147.70655,-2.6458401,0.98568831
14254,-15363.736,-15242.717,-121.01927,-2.150694,0.61360015
14255,-15473.004,-15279.318,-193.68601,-3.5214035,-0.57397762
14256,-14357.308,-14256.329,-100.97949,-1.8756106,0.73297231
14257,-15271.435,-15169.82,-101.6152,-1.9069832,1.0121421
14258,-14806.293,-14626.578,-179.7145,-3.3844389,-0.27521591
14259,-15299.913,-15165.675,-134.23865,-2.5475529,1.0920707
14260,-15145.606,-14989.245,-156.36145,-2.9581088,0.95880419
14261,-14939.09,-14756.6,-182.48923,-3.4144713,0.37803146
14262,-14902.634,-14748.815,-153.81836,-2.8315363,-1.3613923
14263,-15100.062,-14991.975,-108.08681,-2.0155707,-2.0831039
14264,-15034.622,-14824.645,-209.97794,-3.9533847,-1.6498137
14265,-15265.073,-15121.694,-143.37946,-2.6942951,-0.23226501
14266,-15233.666,-15099.349,-134.31714,-2.5167612,1.1698955
14267,-15179.942,-15012.803,-167.13909,-3.1611368,-0.23411899
14268,-15077.34,-14977.921,-99.418634,-1.9225232,-0.14616536
14269,-15486.031,-15336.948,-149.0829,-2.8464375,-0.77643495
14270,-15142.577,-14957.498,-185.0791,-3.4931462,-0.66695684
14271,-15295.773,-15255.659,-40.114013,-0.7687008,-0.16554206
14272,-15689.013,-15515.096,-173.91665,-3.3391472,-0.1538543
14273,-15472.196,-15304.897,-167.29835,-3.124767,-1.0982483
14274,-15360.909,-15277.397,-83.512351,-1.5637739,0.98572169
14275,-15326.574,-15078.016,-248.55777,-4.6595794,0.49877128
14276,-15282.342,-15181.75,-100.59122,-1.8721267,1.2885392
14277,-15480.174,-15317.333,-162.84024,-3.0823521,0.87107536
14278,-15419.077,-15272.847,-146.23016,-2.7545426,-0.7114515
14279,-15617.717,-15449.276,-168.4403,-3.1861375,1.3992425
14280,-15338.49,-15185.491,-152.99863,-2.840789,1.1659438
14281,-15465.329,-15313.592,-151.73618,-2.8388213,1.1586164
14282,-15333.643,-15246.559,-87.083362,-1.6499978,0.13441129
14283,-15481.385,-15318.041,-163.34433,-3.1243314,-0.30250076
14284,-15472.398,-15341.194,-131.20332,-2.5084465,1.7122833
14285,-15328.29,-15196.815,-131.47517,-2.4895827,0.95332118
14286,-15342.125,-15237.561,-104.56462,-1.9521206,-0.17486656
14287,-15363.736,-15170.224,-193.51216,-3.630266,-0.53097329
14288,-15287.593,-15223.103,-64.490214,-1.2335905,-0.66450453
14289,-15281.534,-15052.133,-229.40103,-4.3885838,0.19573936
14290,-15258.307,-15137.264,-121.04308,-2.2784086,0.88715578
14291,-15191.858,-15040,-151.85799,-2.885113,2.0485051
14292,-15188.929,-15016.341,-172.58816,-3.2683056,0.4356024
14293,-15095.719,-14985.201,-110.5185,-2.0997417,0.082105975
14294,-15107.636,-14904.316,-203.31955,-3.9109254,-0.87842081
14295,-15102.384,-14929.795,-172.58959,-3.302825,-0.56511602
14296,-14992.915,-14898.856,-94.058947,-1.774526,0.43240042
14297,-15100.465,-14939.602,-160.86359,-3.0921842,-0.20954523
14298,-15052.901,-14897.036,-155.86465,-2.9914523,1.2055212
14299,-15058.253,-14959.216,-99.036825,-1.8762885,-0.29115773
14300,-15061.182,-14854.37,-206.81219,-3.8872238,0.66523947
14301,-14983.826,-14923.122,-60.704787,-1.1459222,0.58315777
14302,-15076.532,-14901.283,-175.24898,-3.2997044,2.0069867
14303,-15004.933,-14887.027,-117.90569,-2.2481756,1.5483123
14304,-15064.615,-14889.757,-174.85867,-3.31788,1.3475036
14305,-15046.438,-14923.223,-123.21512,-2.2625902,-0.33326924
14306,-15030.684,-14832.733,-197.95101,-3.681355,-0.50204134
14307,-15073.603,-14992.986,-80.617374,-1.5044361,0.20992184
14308,-15188.727,-14978.528,-210.19977,-4.0029345,-0.12320681
14309,-15244.169,-15067.096,-177.07247,-3.3413344,0.39213589
14310,-14504.344,-14375.431,-128.9127,-2.3741153,-0.13157673
14311,-15462.905,-15295.596,-167.30935,-2.9980146,-0.51176598
14312,-13891.661,-13737.049,-154.61178,-2.7573427,-1.6129704
14313,-14914.651,-14849.82,-64.830982,-1.1958143,-1.455228
14314,-15170.853,-14992.986,-177.86708,-3.1113354,0.078024123
14315,-15632.966,-15499.223,-133.74293,-2.2588963,1.3027127
14316,-13333.611,-13172.07,-161.54154,-2.9939926,-0.89149949
14317,-12855.239,-12676.651,-178.58858,-3.3248716,1.2303091
14318,-14243.8,-14230.243,-13.55632,-0.23344927,0.40233517
14319,-15442.91,-15229.877,-213.03289,-4.0031358,0.64636866
14320,-14705.105,-14540.436,-164.66852,-3.0782454,0.073016352
14321,-14308.431,-14197.788,-110.64246,-2.099067,-0.43618258
14322,-14002.039,-13854.13,-147.90912,-2.8177384,-0.48966853
14323,-14118.981,-13901.043,-217.93802,-4.0977905,0.5955479
14324,-14213.706,-14127.318,-86.388184,-1.6249543,0.82792166
14325,-14817.603,-14605.245,-212.35829,-3.9337729,1.4785181
14326,-14843.658,-14714.338,-129.31952,-2.3996338,-0.28897031
14327,-14416.284,-14279.583,-136.70109,-2.5766924,1.0956233
14328,-14412.85,-14293.131,-119.71937,-2.2888888,1.1384766
14329,-14624.72,-14484.727,-139.99283,-2.6533907,1.9943706
14330,-14598.463,-14502.926,-95.537366,-1.7872705,0.37674237
14331,-15066.837,-14902.193,-164.64435,-3.112209,-1.6014501
14332,-14617.751,-14520.72,-97.0311,-1.8360173,-0.95394904
14333,-14808.211,-14638.509,-169.70275,-3.260909,-0.95037887
14334,-14958.681,-14800.379,-158.30172,-3.0211094,0.13110987
14335,-14726.413,-14561.062,-165.35101,-3.0927743,-0.10242782
14336,-14673.698,-14529.517,-144.18124,-2.6859075,-0.16240209
14337,-14863.35,-14711.507,-151.84279,-2.8074463,-0.81542096
14338,-15044.115,-14915.539,-128.57648,-2.4108358,-0.65734234
14339,-15127.934,-14905.731,-222.20229,-4.187565,-1.1036039
14340,-14851.736,-14700.79,-150.9466,-2.8425806,0.61948842
14341,-14848,-14733.447,-114.55292,-2.1327725,-0.5682855
14342,-14752.366,-14547.615,-204.75154,-3.8214425,0.32812303
14343,-14904.35,-14821.308,-83.042239,-1.5464073,-0.60766664
14344,-14955.55,-14788.651,-166.89943,-3.136153,0.096834458
14345,-14946.764,-14811.804,-134.96039,-2.5358673,-0.035648868
14346,-14773.674,-14700.183,-73.490907,-1.3860042,-0.38097972
14347,-14718.738,-14561.163,-157.57496,-3.0379728,-0.04928343
14348,-14686.119,-14529.921,-156.19812,-2.9509909,0.0964044
14349,-14787.913,-14696.645,-91.268665,-1.7168983,1.0265977
14350,-14832.246,-14600.594,-231.65216,-4.3302851,-0.15894506
14351,-14671.476,-14549.738,-121.73838,-2.2679993,0.4931726
14352,-14635.424,-14500.6,-134.82375,-2.5450192,1.6104339
14353,-14637.141,-14466.022,-171.11871,-3.2642438,0.26850837
14354,-14610.178,-14446.408,-163.76993,-3.1000278,0.071676066
14355,-14563.118,-14435.488,-127.6298,-2.3491552,-0.11745955
14356,-14588.768,-14422.951,-165.81741,-3.0581598,-0.51390547
14357,-14508.181,-14414.863,-93.3189,-1.753203,0.016790624
14358,-14479.198,-14318.003,-161.19526,-3.0633907,-1.5868894
14359,-14478.492,-14326.395,-152.09657,-2.8864956,0.58437467
14360,-14409.922,-14305.972,-103.95033,-1.9494628,0.14461571
14361,-14424.565,-14294.85,-129.71497,-2.4013361,0.18294753
14362,-14394.37,-14233.58,-160.79024,-2.9682029,-1.3757562
14363,-14403.56,-14321.744,-81.815687,-1.507448,-3.0200012
14364,-14413.961,-14195.665,-218.29625,-4.0562425,-0.78910001
14365,-14425.474,-14284.84,-140.63332,-2.6137489,1.0620288
14366,-14388.715,-14244.095,-144.62001,-2.6807274,0.76100092
14367,-14425.979,-14233.175,-192.80334,-3.6042776,-0.36606938
14368,-14323.781,-14195.564,-128.21669,-2.3967529,0.53695452
14369,-14532.216,-14359.052,-173.16404,-3.2978758,1.5877242
14370,-14257.332,-14084.145,-173.18642,-3.2764124,1.3173547
14371,-14130.796,-14062.104,-68.69179,-1.3127244,-0.77583374
14372,-14718.435,-14567.836,-150.59901,-2.8112373,-0.60602932
14373,-14030.82,-13834.515,-196.30472,-3.4926912,-0.23758937
14374,-14116.153,-14071.406,-44.747054,-0.81513178,-0.094660154
14375,-13396.323,-13169.441,-226.88271,-3.9598007,-0.61488463
14376,-12853.624,-12752.682,-100.9412,-1.876198,0.1065379
14377,-13372.188,-13289.251,-82.936586,-1.3822338,0.12952055
14378,-16199.902,-16063.899,-136.00328,-2.4368274,1.4078089
14379,-14258.241,-14049.062,-209.17902,-3.7136923,2.440156
14380,-14352.865,-14181.409,-171.45553,-3.0232221,0.40297125
14381,-13249.389,-13097.251,-152.13738,-2.7215476,-1.0201593
14382,-14154.124,-14028.84,-125.28342,-2.2922807,-0.80113295
14383,-13689.789,-13487.924,-201.86518,-3.7576846,-1.7388615
14384,-14145.843,-14000.329,-145.5144,-2.7444607,0.89781755
14385,-13993.051,-13858.983,-134.06827,-2.5126819,0.94380843
14386,-13726.245,-13589.637,-136.60871,-2.5601771,1.9289633
14387,-13747.654,-13573.864,-173.7903,-3.2217903,0.66237038
14388,-13893.781,-13856.455,-37.326483,-0.69423027,-2.7672742
14389,-13860.557,-13641.706,-218.85084,-4.1503688,-2.4076795
14390,-14066.468,-14007.912,-58.556318,-1.1026085,-0.45907644
14391,-14072.628,-13918.635,-153.99294,-2.927087,1.7056288
14392,-14026.982,-13864.948,-162.03438,-3.077563,1.2604332
14393,-13927.511,-13816.72,-110.79047,-2.10234,0.3925785
14394,-14376.495,-14187.88,-188.61553,-3.5777661,-0.12440574
14395,-14032.335,-13846.547,-185.78791,-3.477024,0.52171075
14396,-14165.838,-14093.852,-71.986764,-1.3585041,-0.62857566
14397,-14571.803,-14369.567,-202.23562,-3.8589742,-0.27625048
14398,-14351.653,-14163.716,-187.93722,-3.5488246,-0.59979496
14399,-14202.597,-14103.659,-98.938471,-1.86047,0.54438667
14400,-14162.304,-13953.011,-209.29269,-3.921472,1.6328792
14401,-14091.815,-14007.103,-84.712699,-1.5813843,0.21846913
14402,-14313.278,-14168.063,-145.21492,-2.7273867,0.92652923
14403,-14224.713,-14105.984,-118.72901,-2.2326485,0.24552953
14404,-14431.432,-14276.348,-155.0844,-2.9087076,0.38349339
14405,-14148.57,-14075.349,-73.220494,-1.3662494,0.24612531
14406,-14292.475,-14125.902,-166.5729,-3.1162143,-0.0062953986
14407,-14193.609,-14101.536,-92.073922,-1.7164492,-1.4059313
14408,-14335.293,-14155.021,-180.27256,-3.3802797,-0.35412624
14409,-14363.67,-14212.348,-151.32267,-2.862249,-0.31760383
14410,-14216.028,-14048.556,-167.47232,-3.1871248,-0.65637931
14411,-14226.228,-14082.528,-143.70036,-2.6681243,-0.31610607
14412,-14226.43,-14024.088,-202.34151,-3.7069185,-0.92963361
14413,-14165.333,-14064.531,-100.80253,-1.8802526,-0.51285802
14414,-14121.909,-13905.289,-216.62017,-4.0574041,0.69136142
14415,-14097.471,-13964.335,-133.1357,-2.4651889,1.1345738
14416,-13993.354,-13901.852,-91.502345,-1.7323188,0.72908632
14417,-14024.357,-13818.136,-206.22075,-3.9139817,0.29612742
14418,-13902.062,-13833.201,-68.861696,-1.297252,1.6052037
14419,-13911.858,-13741.295,-170.56257,-3.2102649,2.3454065
14420,-13915.292,-13785.782,-129.50953,-2.4194055,0.29927708
14421,-13823.596,-13724.815,-98.780889,-1.8619267,0.28241975
14422,-13937.004,-13776.48,-160.5233,-3.0871266,0.14517584
14423,-13912.06,-13735.836,-176.22426,-3.3316125,0.07218102
14424,-13919.432,-13819.652,-99.779504,-1.8733466,0.61117835
14425,-13922.26,-13706.212,-216.04788,-4.0743315,0.91385418
14426,-13867.525,-13781.94,-85.585081,-1.6037129,0.21886418
14427,-13916.604,-13724.31,-192.2947,-3.6061014,1.1071924
14428,-13881.764,-13739.779,-141.98527,-2.6855097,0.32802455
14429,-13883.178,-13717.03,-166.14789,-3.1572527,0.072526555
14430,-13870.353,-13763.438,-106.91506,-1.9772783,-0.28126714
14431,-13848.944,-13682.148,-166.79509,-3.0907414,-0.89433845
14432,-13874.796,-13780.12,-94.675992,-1.7638731,-1.594797
14433,-13996.787,-13831.583,-165.20444,-3.1217529,-1.4544348
14434,-14022.539,-13884.057,-138.48198,-2.6049824,0.042668486
14435,-13326.037,-13232.632,-93.405169,-1.7261037,-0.72683864
14436,-14292.071,-14117.814,-174.25742,-3.1148243,-1.181745
14437,-12722.241,-12561.997,-160.24379,-2.8473659,-1.2381116
14438,-13793.199,-13698.73,-94.469353,-1.7226372,-1.9803319
14439,-14041.12,-13847.153,-193.96708,-3.3222198,-0.15002855
14440,-14513.029,-14366.837,-146.19151,-2.4369508,1.1065645
14441,-12164.797,-12002.174,-162.62307,-2.9595025,1.257863
14442,-11718.539,-11504.632,-213.90694,-3.99094,1.0524027
14443,-13140.323,-13118.787,-21.536742,-0.37635103,0.51091213
14444,-14252.282,-14040.367,-211.91594,-3.9416878,1.0144487
14445,-13510.236,-13371.652,-138.58345,-2.5308049,-0.41536496
14446,-13136.183,-13021.321,-114.86234,-2.1578437,-0.59741803
14447,-12778.692,-12636.613,-142.07896,-2.6883425,-1.1691216
14448,-12920.679,-12768.152,-152.52684,-2.8689559,0.90359313
14449,-13002.275,-12913.643,-88.632375,-1.6660514,0.89935079
14450,-13621.018,-13510.167,-110.85029,-2.0535516,1.8333008
14451,-13671.612,-13498.035,-173.57708,-3.2463156,0.14561723
14452,-13219.901,-13116.259,-103.64151,-1.9450641,0.10472011
14453,-13292.611,-13130.717,-161.89343,-3.0420151,0.87030675
14454,-13493.27,-13290.97,-202.30023,-3.7914382,2.4774285
14455,-13457.016,-13391.975,-65.04145,-1.1954172,0.39917191
14456,-13917.513,-13684.373,-233.14039,-4.3548291,-1.1297543
14457,-13459.945,-13362.654,-97.290745,-1.7950754,-0.92474872
14458,-13671.208,-13473.769,-197.43854,-3.662817,-0.6567562
14459,-13759.369,-13588.423,-170.94546,-3.1999392,1.5524222
14460,-13508.822,-13430.395,-78.427146,-1.4759267,0.1027535
14461,-13488.423,-13309.068,-179.35495,-3.3817194,-0.58014502
14462,-13633.641,-13537.972,-95.669462,-1.7848607,-1.1847598
14463,-13839.148,-13734.825,-104.32328,-1.9646108,-0.85107383
14464,-13885.804,-13707.425,-178.37859,-3.3197098,-0.4286662
14465,-13653.535,-13587.513,-66.021878,-1.2216668,0.76530362
14466,-13682.922,-13487.52,-195.40254,-3.6738696,0.81044048
14467,-13536.492,-13405.725,-130.76719,-2.4585406,0.69071641
14468,-13769.871,-13638.774,-131.09731,-2.4940188,-0.038038239
14469,-13815.113,-13614.711,-200.40231,-3.7500151,-1.0328016
14470,-13802.793,-13685.889,-116.90348,-2.1649457,-0.42265488
14471,-13620.21,-13474.78,-145.42945,-2.7386971,-0.61726272
14472,-13568,-13421.397,-146.60348,-2.8090085,-0.74814815
14473,-13534.271,-13328.48,-205.79036,-3.8923574,1.1447939
14474,-13595.569,-13504.202,-91.367019,-1.703504,1.3060641
14475,-13621.927,-13451.223,-170.70388,-3.160298,1.936398
14476,-13465.701,-13313.82,-151.88108,-2.8393859,0.44919507
14477,-13416.319,-13323.829,-92.489354,-1.7295495,-0.26782158
14478,-13432.578,-13273.378,-159.19995,-3.0493883,0.59692465
14479,-13379.762,-13278.028,-101.7333,-1.9343495,1.4603271
14480,-13374.51,-13279.747,-94.763218,-1.7648274,2.1530742
14481,-13414.804,-13188.145,-226.65861,-4.253466,0.96108581
14482,-13325.431,-13265.087,-60.344276,-1.1301448,-0.14409664
14483,-13330.48,-13094.724,-235.75693,-4.4140541,-0.32593782
14484,-13335.328,-13181.573,-153.75435,-2.8613837,1.3218214
14485,-13250.701,-13147.905,-102.79617,-1.9316913,0.080559473
14486,-13261.507,-13066.616,-194.89079,-3.6596857,0.21221721
14487,-13244.844,-13079.659,-165.18541,-3.0491892,-0.71987587
14488,-13217.477,-13113.226,-104.25101,-1.9760281,-1.2549562
14489,-13248.783,-13019.4,-229.38296,-4.3230496,-1.2411747
14490,-13180.718,-13122.629,-58.089197,-1.0877121,0.94215905
14491,-13214.649,-13010.603,-204.04583,-3.855409,2.2966761
14492,-13200.006,-13065.1,-134.90679,-2.5404728,0.12426609
14493,-13099.929,-12990.686,-109.24337,-2.0874116,-0.086503025
14494,-13326.441,-13184.91,-141.53107,-2.6802484,0.32833302
14495,-13044.286,-12914.755,-129.53047,-2.4245086,-0.12381292
14496,-12983.694,-12856.619,-127.07461,-2.3948982,-1.2226354
14497,-13508.519,-13415.33,-93.188958,-1.738597,-0.6891908
14498,-12898.764,-12648.038,-250.72658,-4.4360888,-0.16729554
14499,-12971.273,-12897.769,-73.503232,-1.3037568,0.83488113
14500,-12231.246,-12005.611,-225.63438,-3.8615798,-0.35194803
14501,-11710.965,-11528.291,-182.67421,-3.3902728,0.77813182
14502,-12227.913,-12165.156,-62.756817,-1.0384624,1.158029
14503,-15034.925,-14862.256,-172.66952,-3.0839199,2.5124117
14504,-13061.857,-12877.447,-184.41012,-3.3206708,1.7246558
14505,-13108.513,-13013.03,-95.482805,-1.7091228,1.0858256
14506,-12079.766,-11870.534,-209.2325,-3.8175997,0.57345328
14507,-12907.449,-12869.055,-38.394017,-0.71130542,-0.35467338
14508,-12487.549,-12262.724,-224.82518,-4.2688172,-0.699968
14509,-12934.615,-12834.073,-100.54193,-1.9099134,0.21110337
14510,-12792.426,-12685.447,-106.97896,-2.0040086,-1.0207434
14511,-12565.914,-12368.784,-197.13043,-3.6850189,-0.66183983
14512,-12550.665,-12415.09,-135.57504,-2.5300133,0.3634775
14513,-12770.31,-12665.731,-104.57862,-1.9522708,-0.75437279
14514,-12708.809,-12490.919,-217.89004,-4.0829691,-0.47245285
14515,-12911.085,-12822.344,-88.740421,-1.6595043,0.16717659
14516,-12915.326,-12708.297,-207.02923,-3.8840881,1.4110314
14517,-12871.397,-12692.019,-179.37828,-3.3327389,-0.14953309
14518,-12762.231,-12611.842,-150.38914,-2.8330623,0.75887242
14519,-13186.575,-13018.389,-168.18652,-3.1417478,0.88672115
14520,-12794.143,-12660.171,-133.97218,-2.4819498,0.011808637
14521,-13000.458,-12871.28,-129.17797,-2.4091514,-0.68606456
14522,-13309.778,-13202.401,-107.37704,-2.0250337,-2.2488128
14523,-13138.102,-12936.594,-201.50778,-3.8126309,0.32659174
14524,-12982.583,-12961.466,-21.117003,-0.39724188,0.81250215
14525,-12966.122,-12744.897,-221.22497,-4.1154109,1.5304871
14526,-12931.181,-12798.483,-132.69765,-2.4661189,0.30892471
14527,-13107.604,-12986.54,-121.06366,-2.2971077,0.58297745
14528,-13115.582,-12926.079,-189.50287,-3.6231646,0.184181
14529,-13263.527,-13106.351,-157.17592,-2.9650511,1.2079763
14530,-12998.64,-12892.209,-106.43131,-1.9691874,1.6896054
14531,-13170.72,-12903.735,-266.98572,-5.041368,1.0970947
14532,-13010.051,-12952.265,-57.785879,-1.098299,0.66318491
14533,-13167.489,-12934.875,-232.61356,-4.4582385,0.26807154
14534,-13144.969,-13025.264,-119.70501,-2.270418,1.6391807
14535,-12997.125,-12895.444,-101.68113,-1.9289994,-1.0564072
14536,-13034.389,-12842.97,-191.41897,-3.6165801,-1.2765506
14537,-12967.637,-12879.166,-88.471204,-1.6490381,-1.6482347
14538,-12980.967,-12837.207,-143.76031,-2.7220566,-1.1817575
14539,-12879.072,-12754.907,-124.1654,-2.3765591,-0.060820395
14540,-12901.289,-12780.992,-120.29705,-2.2508488,0.94898725
14541,-12845.444,-12656.935,-188.50856,-3.5832553,0.82472796
14542,-12817.976,-12691.109,-126.86654,-2.4083767,-0.850027
14543,-12792.931,-12620.537,-172.39384,-3.2723548,-0.36763649
14544,-12751.426,-12586.768,-164.65787,-3.1390804,-0.108492
14545,-12751.83,-12606.18,-145.64949,-2.747432,0.73805834
14546,-12690.329,-12517.712,-172.61651,-3.2321873,0.24149432
14547,-12757.182,-12640.354,-116.82798,-2.2093603,-1.0718733
14548,-12765.867,-12506.288,-259.57915,-4.8783588,0.80327019
14549,-12685.785,-12645.005,-40.779876,-0.7605908,0.69876539
14550,-12727.694,-12537.934,-189.76024,-3.5628251,1.8036023
14551,-12666.395,-12510.332,-156.06351,-2.9404292,0.88813481
14552,-12673.868,-12593.542,-80.32638,-1.5186632,0.85035497
14553,-12693.964,-12489.504,-204.46055,-3.9256073,0.46901112
14554,-12640.745,-12580.803,-59.942246,-1.1492011,-0.53255499
14555,-12701.74,-12554.009,-147.73096,-2.7490004,0.53584799
14556,-12677.403,-12456.543,-220.85932,-4.0995096,1.6695144
14557,-12690.733,-12644.398,-46.334835,-0.8651685,0.31716341
14558,-12884.626,-12621.043,-263.58378,-5.0287388,0.033980095
14559,-12856.35,-12747.526,-108.82423,-2.0497946,0.84960814
14560,-12198.425,-12070.825,-127.6006,-2.3523549,0.58691993
14561,-13133.456,-12890.085,-243.3711,-4.2943718,-0.2020913
14562,-11556.153,-11435.374,-120.77865,-2.1572045,-1.5809977
14563,-12621.759,-12457.757,-164.00265,-3.0313307,-2.2284645
14564,-12832.215,-12710.42,-121.79437,-2.0887828,-0.57044874
14565,-13304.628,-13135.166,-169.46213,-2.7937707,1.6865804
14566,-10956.901,-10759.28,-197.62137,-3.6459182,1.361595
14567,-10505.796,-10397.624,-108.17165,-2.0227364,1.7379521
14568,-11949.696,-11851.829,-97.866869,-1.6897743,0.47913517
14569,-13036.51,-12924.158,-112.35169,-2.1143305,-0.98802057
14570,-12340.311,-12148.979,-191.33139,-3.5716131,-0.32215174
14571,-11943.94,-11819.476,-124.46453,-2.3539337,0.74979801
14572,-11627.449,-11504.227,-123.22182,-2.3256807,0.97577301
14573,-11798.015,-11543.153,-254.86175,-4.7846463,0.50821916
14574,-11841.944,-11825.946,-15.997697,-0.29821567,0.45394595
14575,-12507.241,-12288.202,-219.03881,-4.0371799,1.5975701
14576,-12485.933,-12306.502,-179.43057,-3.285065,0.89855317
14577,-12088.249,-11963.754,-124.49576,-2.3547762,0.43781557
14578,-12118.646,-11896.417,-222.22909,-4.1793335,0.3439699
14579,-12251.241,-12170.111,-81.130441,-1.5182074,0.65264709
14580,-12295.978,-12143.621,-152.35706,-2.7931411,0.68850773
14581,-12678.817,-12514.578,-164.23837,-3.0565975,-0.34606822
14582,-12273.559,-12199.431,-74.127695,-1.3899166,-0.18157339
14583,-12464.928,-12252.714,-212.21375,-3.9828659,0.7571514
14584,-12553.796,-12505.378,-48.418094,-0.90805394,1.3189189
14585,-12359.195,-12176.076,-183.11944,-3.4357017,0.62831512
14586,-12277.194,-12158.382,-118.81217,-2.1932517,-0.3228237
14587,-12521.076,-12364.739,-156.3368,-2.8903365,0.4791879
14588,-12685.785,-12539.147,-146.6377,-2.7405958,0.30951913
14589,-12739.206,-12584.139,-155.06729,-2.9277669,-1.2011344
14590,-12526.024,-12349.978,-176.04657,-3.3270326,0.27998258
14591,-12520.975,-12344.821,-176.15366,-3.2878244,0.50119729
14592,-12396.661,-12220.461,-176.19985,-3.3378617,1.4654922
14593,-12601.865,-12443.096,-158.76872,-3.0659716,1.3284577
14594,-12580.961,-12497.289,-83.671847,-1.5993743,-0.32563868
14595,-12651.449,-12426.212,-225.23762,-4.2098886,-1.349714
14596,-12392.319,-12341.485,-50.833746,-0.9588432,-0.8666982
14597,-12376.06,-12203.678,-172.38224,-3.3097094,-0.40258415
14598,-12317.185,-12154.237,-162.94804,-3.1368558,0.23003208
14599,-12410.395,-12383.343,-27.052454,-0.50893675,0.19060948
14600,-12458.667,-12202.262,-256.40442,-4.7898172,0.12961302
14601,-12261.239,-12174.357,-86.881629,-1.603439,0.86060283
14602,-12307.288,-12138.161,-169.12723,-3.186173,1.1273684
14603,-12289.717,-12093.573,-196.14331,-3.7094111,-0.05226694
14604,-12234.679,-12143.216,-91.46286,-1.7258518,-0.096453158
14605,-12238.719,-12034.629,-204.08999,-3.7872883,0.81050237
14606,-12263.258,-12076.487,-186.77181,-3.4907904,0.77407944
14607,-12165.605,-12060.815,-104.78957,-1.9788154,1.0157649
14608,-12169.947,-11937.972,-231.97558,-4.3777267,-0.59273873
14609,-12111.88,-12027.956,-83.924313,-1.572823,1.8317088
14610,-12101.176,-11907.438,-193.73794,-3.6629192,1.078396
14611,-12034.525,-11937.769,-96.755303,-1.7855929,-0.32133602
14612,-12048.158,-11867.096,-181.06142,-3.3271423,-1.1923465
14613,-12022.507,-11944.139,-78.368277,-1.460457,-2.1448286
14614,-12034.121,-11881.15,-152.97063,-2.8940635,-0.67431171
14615,-12046.239,-11869.321,-176.91836,-3.3222154,0.93522151
14616,-11993.827,-11883.273,-110.55392,-2.0681318,1.4874003
14617,-12087.34,-11863.861,-223.47945,-4.1689568,0.46655535
14618,-11967.47,-11833.63,-133.83949,-2.4990805,0.89143101
14619,-12171.563,-12040.695,-130.86782,-2.4981543,1.0292974
14620,-11920.107,-11694.913,-225.19419,-4.2816845,0.8368405
14621,-11819.424,-11719.886,-99.537807,-1.8814958,0.10263388
14622,-12364.043,-12211.968,-152.0742,-2.8364728,0.74236236
14623,-11719.65,-11477.94,-241.70974,-4.3133717,0.41071683
14624,-11739.847,-11754.97,15.123041,0.27262168,-0.022312133
14625,-11078.892,-10748.057,-330.83544,-5.7396213,-0.53445849
14626,-10452.273,-10407.431,-44.841699,-0.83669581,-0.94343743
14627,-11062.23,-10930.654,-131.57556,-2.2069363,0.66615471
14628,-13801.076,-13708.84,-92.235692,-1.662682,0.79565984
14629,-11840.631,-11696.935,-143.69593,-2.5849368,0.089920624
14630,-11959.391,-11784.19,-175.20135,-3.1378831,-1.5700725
14631,-10884.09,-10743.406,-140.68394,-2.5705241,0.50624453
14632,-11792.461,-11649.921,-142.53974,-2.6703318,0.50573401
14633,-11334.69,-11131.855,-202.83567,-3.8397618,-0.44046532
14634,-11780.746,-11665.491,-115.25504,-2.177601,0.3861226
14635,-11670.368,-11465.403,-204.9656,-3.9045077,0.033386512
14636,-11381.952,-11235.589,-146.36262,-2.7279607,0.55044122
14637,-11401.644,-11208.897,-192.74687,-3.5865303,0.54955312
14638,-11580.087,-11497.049,-83.037812,-1.5511654,-1.1660062
14639,-11488.492,-11325.877,-162.61553,-3.0315928,-1.6166255
14640,-11753.682,-11616.051,-137.6315,-2.5640885,-0.083313322
14641,-11666.632,-11548.815,-117.81679,-2.2197578,0.029262908
14642,-11693.09,-11458.123,-234.96711,-4.4297114,-0.020422656
14643,-11522.828,-11485.22,-37.608024,-0.70886603,0.0408128
14644,-11984.536,-11823.722,-160.81453,-3.0420284,0.49882968
14645,-11654.11,-11456.809,-197.30082,-3.6935653,1.2142147
14646,-11782.362,-11732.524,-49.837644,-0.93361988,-0.28598927
14647,-12220.339,-12011.981,-208.35821,-3.9468991,0.37372087
14648,-11975.246,-11777.415,-197.83028,-3.7431051,0.83729199
14649,-11847.296,-11804.107,-43.188828,-0.8179896,1.1637546
14650,-11837.4,-11559.229,-278.17054,-5.1866935,0.26944361
14651,-11751.46,-11645.573,-105.8869,-1.9675697,0.28523488
14652,-11973.024,-11796.322,-176.70179,-3.3336891,1.2733229
14653,-11911.12,-11750.016,-161.10373,-3.0573719,0.27063634
14654,-12050.581,-11946.161,-104.42032,-1.9608039,0.099519104
14655,-11826.594,-11658.818,-167.77576,-3.1434668,-0.4390057
14656,-11899.405,-11770.439,-128.96595,-2.4375741,-0.35905172
14657,-11846.488,-11729.188,-117.30037,-2.2401283,-0.2343012
14658,-11925.258,-11783.785,-141.47244,-2.7288908,-0.28637203
14659,-11985.95,-11841.011,-144.93924,-2.8028325,1.8283288
14660,-11822.555,-11680.657,-141.89745,-2.7140693,0.89800787
14661,-11831.845,-11689.959,-141.88644,-2.6503359,-0.44012616
14662,-11875.572,-11690.262,-185.31014,-3.4390015,-0.21463508
14663,-11794.985,-11700.07,-94.915894,-1.7847224,-0.30657429
14664,-11761.054,-11581.978,-179.07616,-3.366131,-0.16171758
14665,-11750.753,-11572.878,-177.87509,-3.3342756,0.011617378
14666,-11680.669,-11547.501,-133.16824,-2.5104797,-0.45047221
14667,-11674.408,-11473.087,-201.321,-3.8219056,-0.48579853
14668,-11566.555,-11453.776,-112.77896,-2.1366251,0.64707723
14669,-11551.205,-11401.605,-149.59968,-2.8546467,0.8297402
14670,-11571.907,-11391.899,-180.00801,-3.38943,-0.17085899
14671,-11442.443,-11359.646,-82.796474,-1.5732131,-0.67671543
14672,-11565.848,-11408.48,-157.36748,-3.0218799,-0.18994677
14673,-11524.645,-11385.024,-139.62167,-2.6994939,-0.49707688
14674,-11525.352,-11459.438,-65.91467,-1.2528911,0.19886064
14675,-11543.934,-11313.239,-230.69518,-4.3432662,0.95498535
14676,-11505.458,-11388.562,-116.89559,-2.1993986,0.7367323
14677,-11553.729,-11387.45,-166.27915,-3.1446849,1.0710785
14678,-11522.222,-11351.76,-170.46182,-3.2979874,0.3723175
14679,-11516.465,-11391.494,-124.97101,-2.4203837,0.44417138
14680,-11540.096,-11356.815,-183.28109,-3.4428006,-1.0276687
14681,-11503.236,-11323.551,-179.68495,-3.3137864,-0.62010674
14682,-11537.774,-11410.199,-127.57452,-2.3618243,-0.34026987
14683,-11654.615,-11480.872,-173.74256,-3.2864259,-1.0988375
14684,-11674.206,-11538.502,-135.70355,-2.5511555,0.62412742
14685,-10977.906,-10838.648,-139.25841,-2.5640388,-0.46296572
14686,-11898.395,-11749.51,-148.885,-2.6384194,-1.1312124
14687,-10344.42,-10182.37,-162.05006,-2.8963488,-0.77434133
14688,-11414.772,-11348.626,-66.146794,-1.2248788,-2.4916727
14689,-11650.979,-11489.972,-161.00753,-2.7952813,0.29272067
14690,-12103.801,-11947.172,-156.62899,-2.6143125,0.85525138
14691,-9781.5227,-9591.9115,-189.61115,-3.4827973,1.2691771
14692,-9387.4746,-9177.1754,-210.2992,-3.9800016,1.5680512
14693,-10809.562,-10769.997,-39.56529,-0.69575456,1.2841934
14694,-11850.932,-11698.856,-152.07552,-2.8744469,0.17532321
14695,-11201.49,-10959.57,-241.91925,-4.5090251,0.53122463
14696,-10766.946,-10667.273,-99.672655,-1.8947967,-0.36130329
14697,-10467.118,-10270.433,-196.68509,-3.7633627,-0.18670156
14698,-10571.033,-10409.757,-161.27603,-3.0613989,1.4985122
14699,-10658.891,-10585.58,-73.310951,-1.3871917,0.80026943
14700,-11289.751,-11105.264,-184.48766,-3.4888649,2.2209087
14701,-11261.576,-11140.044,-121.5321,-2.2956375,0.86059259
14702,-10877.627,-10735.318,-142.30929,-2.7125162,1.304283
14703,-10902.974,-10780.512,-122.46251,-2.3490899,1.4014123
14704,-11060.614,-10920.038,-140.57589,-2.6513663,2.4051654
14705,-11121.105,-10986.768,-134.33676,-2.4778357,-0.26211646
14706,-11525.352,-11307.476,-217.87675,-4.0251617,-0.31547069
14707,-11127.972,-11016.19,-111.78202,-2.0714356,-0.70370315
14708,-11308.636,-11102.13,-206.50636,-3.8720855,-1.5555606
14709,-11377.912,-11281.087,-96.825538,-1.8249655,0.13301803
14710,-11219.061,-11021.75,-197.31075,-3.7034496,0.57509346
14711,-11117.166,-10943.798,-173.36829,-3.241728,0.35844907
14712,-11337.922,-11186.755,-151.16676,-2.7843779,0.10016891
14713,-11470.113,-11358.534,-111.57886,-2.0841078,-0.74512993
14714,-11544.742,-11356.714,-188.02756,-3.5179906,-0.95586188
14715,-11311.766,-11172.701,-139.06505,-2.5960275,-0.15047026
14716,-11273.19,-11132.36,-140.82955,-2.6825538,0.6369932
14717,-11197.147,-11040.152,-156.99548,-3.006951,0.78704161
14718,-11375.792,-11280.379,-95.412569,-1.8371918,0.73828615
14719,-11413.157,-11259.046,-154.11079,-2.9486279,0.96042653
14720,-11448.906,-11266.528,-182.37807,-3.4497553,0.46507175
14721,-11218.96,-11100.512,-118.44831,-2.2591685,-0.91009087
14722,-11245.015,-11071.393,-173.62123,-3.3365361,-1.0857517
14723,-11153.218,-10966.749,-186.46933,-3.5394939,-0.082406383
14724,-11247.64,-11162.085,-85.554929,-1.6052248,0.50975777
14725,-11307.525,-11033.378,-274.14748,-5.1452301,1.23113
14726,-11085.658,-10981.814,-103.8448,-1.9539299,1.4565677
14727,-11128.174,-10960.885,-167.28889,-3.1863245,2.7047319
14728,-11039.508,-10906.995,-132.51243,-2.5406319,0.70245615
14729,-11052.232,-10921.656,-130.57634,-2.4538995,-0.22965225
14730,-10992.145,-10866.654,-125.49114,-2.3157704,-0.26274726
14731,-11036.781,-10831.368,-205.41298,-3.8109334,1.487537
14732,-10978.916,-10912.354,-66.562106,-1.249309,-0.14153531
14733,-10933.27,-10750.787,-182.48349,-3.4558715,-1.2951869
14734,-10941.753,-10827.223,-114.53031,-2.1812874,-0.90423066
14735,-10906.105,-10735.115,-170.98961,-3.2493963,-0.21162836
14736,-10885.403,-10719.848,-165.55442,-3.0870902,0.15782058
14737,-10899.137,-10729.656,-169.48128,-3.1205535,-0.52188557
14738,-10847.533,-10754.528,-93.005293,-1.739954,-1.4138832
14739,-10887.624,-10687.191,-200.4333,-3.7478213,-0.77012109
14740,-10876.011,-10705.188,-170.82305,-3.2133144,1.101192
14741,-10825.013,-10666.262,-158.75077,-3.0251057,1.2552636
14742,-10903.479,-10703.065,-200.41452,-3.7938945,1.0065527
14743,-10716.15,-10630.471,-85.679127,-1.6119669,0.20704777
14744,-10995.276,-10824.392,-170.88395,-3.213698,1.4777508
14745,-10657.174,-10516.019,-141.15501,-2.6550394,0.26812115
14746,-10599.915,-10498.932,-100.98272,-1.9262356,0.21561465
14747,-11152.814,-11046.724,-106.09066,-2.0041902,-0.84148293
14748,-10484.185,-10276.196,-207.98872,-3.7135673,0.69503978
14749,-10595.875,-10554.136,-41.739484,-0.75596979,0.41799034
14750,-9857.5653,-9574.5213,-283.04396,-4.8904899,0.46129005
14751,-9324.8631,-9200.5308,-124.33231,-2.3218622,1.2292202
14752,-9916.4402,-9791.6967,-124.74355,-2.0623193,1.7054072
14753,-12650.439,-12521.453,-128.98605,-2.2835007,1.376592
14754,-10688.076,-10518.648,-169.42803,-3.0439254,1.0790684
14755,-10786.941,-10582.041,-204.90015,-3.6570041,-0.93735887
14756,-9724.0615,-9557.8389,-166.22268,-3.0161992,-0.59714863
14757,-10598.602,-10464.657,-133.94478,-2.4764928,-0.04390694
14758,-10088.925,-9948.9163,-140.00838,-2.6135787,-1.1398114
14759,-10626.07,-10459.905,-166.165,-3.1546561,0.85727378
14760,-10395.418,-10262.142,-133.27557,-2.537411,-1.7565823
14761,-10199.404,-10043.248,-156.15553,-2.9495457,-1.7033549
14762,-10161.433,-10037.889,-123.54333,-2.3108275,-0.23794065
14763,-10384.006,-10321.289,-62.717212,-1.1625393,-0.60006244
14764,-10334.523,-10117.662,-216.86115,-4.0493371,-1.6258313
14765,-10540.434,-10426.54,-113.89364,-2.1194119,-0.13767881
14766,-10549.523,-10384.682,-164.84022,-3.0921612,0.41017518
14767,-10515.49,-10287.419,-228.07169,-4.3341119,0.63735766
14768,-10390.469,-10322.603,-67.865952,-1.2858611,0.3544092
14769,-10847.735,-10620.158,-227.57693,-4.2480718,1.5391708
14770,-10466.613,-10292.474,-174.13908,-3.2019592,0.91933018
14771,-10638.693,-10541.7,-96.993649,-1.8321799,0.63274411
14772,-10998.002,-10805.182,-192.82069,-3.6773353,-1.0279372
14773,-10763.613,-10631.886,-131.72716,-2.5083322,-0.068903407
14774,-10668.686,-10543.52,-125.16664,-2.3508078,0.42052073
14775,-10573.153,-10368.809,-204.3446,-3.8185158,0.06852782
14776,-10560.429,-10446.964,-113.46553,-2.1268327,-1.4826785
14777,-10732.813,-10608.733,-124.07961,-2.3615004,-0.67024977
14778,-10705.95,-10580.019,-125.93134,-2.4215277,0.47811193
14779,-10883.08,-10710.951,-172.12905,-3.2816852,1.2766852
14780,-10617.991,-10496.809,-121.18247,-2.2772354,1.4510404
14781,-10794.01,-10598.724,-195.28672,-3.6807161,0.049082826
14782,-10675.654,-10533.51,-142.14417,-2.6652762,0.37074025
14783,-10790.274,-10640.885,-149.38909,-2.7976057,-1.025389
14784,-10818.752,-10611.362,-207.3901,-3.8839544,1.3571165
14785,-10655.861,-10504.392,-151.46936,-2.8622029,0.42114398
14786,-10684.844,-10502.066,-182.77783,-3.435521,1.0043292
14787,-10642.43,-10479.419,-163.01134,-3.0329153,-1.0042245
14788,-10594.664,-10537.757,-56.906797,-1.0715528,-0.83149102
14789,-10550.836,-10316.436,-234.39948,-4.4289053,-0.075155696
14790,-10515.793,-10419.766,-96.027101,-1.7710692,0.7204873
14791,-10473.682,-10321.694,-151.98853,-2.8277975,1.4622382
14792,-10436.014,-10279.937,-156.07739,-2.9439311,0.61949436
14793,-10394.509,-10298.945,-95.564168,-1.8120133,-0.15335043
14794,-10357.851,-10167.507,-190.34378,-3.6431461,-0.91638666
14795,-10411.677,-10229.081,-182.59596,-3.3887765,-0.44046567
14796,-10298.37,-10185.908,-112.46165,-2.0804368,-0.74369844
14797,-10410.364,-10220.082,-190.28156,-3.6085661,0.0017061862
14798,-10373.908,-10233.833,-140.07515,-2.6756755,0.33561761
14799,-10377.038,-10211.286,-165.75232,-3.1451438,-0.16255258
14800,-10383.198,-10177.921,-205.27741,-3.8800645,-0.080260559
14801,-10324.323,-10169.024,-155.29977,-2.9156539,0.80011269
14802,-10333.917,-10209.062,-124.85555,-2.3581386,0.72215475
14803,-10314.124,-10188.537,-125.58674,-2.4216639,0.2649172
14804,-10314.023,-10150.319,-163.70376,-3.1306917,0.60773049
14805,-10304.934,-10211.084,-93.850394,-1.7658584,-0.2448297
14806,-10294.028,-10090.667,-203.36095,-3.8209347,-0.038957161
14807,-10316.75,-10265.883,-50.866411,-0.95077261,-0.24482854
14808,-10469.138,-10275.387,-193.75063,-3.6335179,-0.94829488
14809,-10488.83,-10326.648,-162.18227,-3.0259888,0.43770479
14810,-9816.6659,-9684.3223,-132.3436,-2.4489177,0.29268684
14811,-10760.988,-10548.777,-212.21052,-3.8204562,-0.86908045
14812,-9192.7732,-9040.8847,-151.8885,-2.7295302,-0.63930604
14813,-10251.714,-10161.036,-90.678064,-1.6624123,-1.3170951
14814,-10491.961,-10296.518,-195.44238,-3.3132039,-0.66854247
14815,-10959.729,-10766.256,-193.47268,-3.1925069,0.65862864
14816,-8580.3929,-8390.9763,-189.4166,-3.4543938,2.5759665
14817,-8190.4852,-8025.4787,-165.00653,-3.0429193,1.1439654
14818,-9604.6959,-9557.8389,-46.856995,-0.81105822,0.55274416
14819,-10672.322,-10505.1,-167.22237,-3.1565658,0.14016022
14820,-9950.3716,-9779.0585,-171.31315,-3.1866911,-0.6292358
14821,-9552.8899,-9464.1137,-88.776197,-1.6807021,-0.67750443
14822,-9248.1136,-9110.5466,-137.56701,-2.5871241,-1.1414574
14823,-9373.3365,-9194.97,-178.3665,-3.3576017,0.74502211
14824,-9474.6256,-9407.5956,-67.030064,-1.2627335,0.83439781
14825,-10133.864,-9894.218,-239.6455,-4.4543439,2.0186441
14826,-10129.521,-9967.722,-161.79915,-2.995744,1.2980311
14827,-9713.8619,-9568.8594,-145.00253,-2.7306625,0.72786786
14828,-9732.8473,-9582.4076,-150.43975,-2.8234951,0.071479431
14829,-9937.3444,-9744.1769,-193.16744,-3.6404249,1.9357741
14830,-9931.4872,-9796.3476,-135.13963,-2.5213673,1.327232
14831,-10355.831,-10141.422,-214.40936,-4.073458,-0.15314398
14832,-9889.275,-9825.5671,-63.70781,-1.2076734,-1.1466158
14833,-10128.511,-9914.6414,-213.86985,-4.0581318,-0.32648814
14834,-10174.056,-10071.558,-102.49835,-1.9584661,0.53702025
14835,-9979.4556,-9825.9716,-153.48406,-2.9399774,-0.70400986
14836,-9903.312,-9778.1485,-125.16353,-2.3844884,-0.56608845
14837,-10120.028,-9992.3918,-127.63662,-2.4111226,-0.0030123621
14838,-10277.264,-10170.338,-106.92583,-2.0424126,-0.43154404
14839,-10356.235,-10172.057,-184.17824,-3.4798855,0.52408371
14840,-10122.856,-9977.7314,-145.12458,-2.7013794,0.71609449
14841,-10150.425,-9976.0126,-174.41261,-3.2669442,-0.026417062
14842,-10033.685,-9870.4581,-163.22707,-3.0885208,-0.36696281
14843,-10210.613,-10109.978,-100.63513,-1.9468302,1.0118219
14844,-10267.872,-10054.774,-213.0981,-4.1050053,-0.16600258
14845,-10272.72,-10085.915,-186.80483,-3.5153372,0.18090189
14846,-10053.983,-9935.3681,-118.61534,-2.2409222,-0.27949051
14847,-9990.6651,-9858.3254,-132.33965,-2.518246,-1.596579
14848,-9962.187,-9782.0916,-180.09536,-3.4510061,-0.48146523
14849,-10010.357,-9947.1975,-63.159924,-1.1979973,-1.8388192
14850,-10071.757,-9839.8231,-231.93394,-4.3581603,0.69445421
14851,-9872.4103,-9807.6714,-64.73885,-1.204351,0.35296584
14852,-9891.5976,-9772.7899,-118.80774,-2.2280911,-0.035197531
14853,-9880.4892,-9717.6872,-162.80195,-3.1315055,-0.80888117
14854,-9846.3558,-9711.4186,-134.93718,-2.5622895,-1.139645
14855,-9836.1562,-9682.4013,-153.75495,-2.8580028,-0.26251266
14856,-9889.5779,-9677.4471,-212.13083,-4.0127235,0.18513779
14857,-9802.5278,-9688.4676,-114.0602,-2.1536526,-0.12805268
14858,-9785.1582,-9591.7093,-193.44886,-3.6579077,0.69413253
14859,-9771.2221,-9602.0221,-169.19997,-3.1775023,0.58089273
14860,-9705.2781,-9569.6682,-135.60986,-2.5991414,-0.4216893
14861,-9705.884,-9526.5972,-179.28687,-3.4035723,-0.23877011
14862,-9649.2308,-9526.4961,-122.73472,-2.2665115,-1.5098953
14863,-9656.5018,-9561.782,-94.719785,-1.7846811,-0.45540594
14864,-9639.4351,-9443.7915,-195.64364,-3.7234969,-0.41379045
14865,-9646.5041,-9523.2607,-123.24348,-2.3375169,1.0093846
14866,-9614.4915,-9483.9305,-130.56103,-2.4764401,0.56880168
14867,-9655.6939,-9509.6114,-146.08251,-2.7716997,-0.39052695
14868,-9562.0797,-9450.8689,-111.21081,-2.1294381,0.17774037
14869,-9761.2245,-9617.9968,-143.22762,-2.7484287,-0.18430834
14870,-9532.9957,-9339.8547,-193.141,-3.6795359,0.90142107
14871,-9446.0465,-9306.4897,-139.55682,-2.6283015,0.09079886
14872,-9970.8718,-9877.1311,-93.740673,-1.7339802,-1.3554091
14873,-9358.5925,-9074.654,-283.93848,-5.0117022,-0.49961519
14874,-9389.6963,-9346.831,-42.865289,-0.77200186,-0.039026862
14875,-8693.3964,-8399.6714,-293.72504,-5.1572101,-0.032334187
14876,-8120.6028,-7996.8657,-123.73704,-2.325859,-0.39568416
14877,-8672.3913,-8641.921,-30.47031,-0.50579282,0.27951246
14878,-11462.135,-11276.84,-185.29447,-3.3418408,0.75104076
14879,-9433.2213,-9313.3649,-119.85637,-2.1740738,-0.15694312
14880,-9564.0994,-9396.6761,-167.42326,-3.0267179,-0.84677778
14881,-8486.0718,-8344.3665,-141.70529,-2.6509458,0.052230392
14882,-9364.9546,-9289.9084,-75.046262,-1.4118515,0.38095714
14883,-8941.3176,-8735.0395,-206.27806,-3.8856952,0.074720328
14884,-9369.297,-9243.6019,-125.69515,-2.3656862,0.25279502
14885,-9286.4884,-9106.0979,-180.39042,-3.4152757,0.65095789
14886,-9015.0375,-8821.9905,-193.04695,-3.6220749,-0.14811313
14887,-9003.828,-8888.316,-115.51205,-2.1473763,-1.971783
14888,-9241.5495,-9074.2496,-167.2999,-3.1597436,-1.4272285
14889,-9130.6667,-8938.6667,-192,-3.6227501,-2.2553038
14890,-9383.94,-9235.7156,-148.2244,-2.8291668,-0.26190235
14891,-9328.9026,-9151.2923,-177.61031,-3.3777581,0.73176961
14892,-9276.4907,-9157.3586,-119.13212,-2.2832285,-0.20165256
14893,-9195.6008,-9043.0079,-152.59289,-2.9374377,-2.1494217
14894,-9562.1807,-9447.7346,-114.44607,-2.2034176,-2.4854166
14895,-9272.6533,-9061.7125,-210.94077,-3.984328,-0.41860512
14896,-9383.5361,-9340.0569,-43.479223,-0.83158274,-0.43976803
14897,-9789.8036,-9647.5197,-142.2838,-2.7349611,-0.18601001
14898,-9593.4864,-9356.7393,-236.74705,-4.472304,-0.46777379
14899,-9434.9381,-9389.5987,-45.339331,-0.85895375,0.27292771
14900,-9461.2955,-9164.6382,-296.65723,-5.4760872,0.67455215
14901,-9375.6592,-9240.0632,-135.59598,-2.5143705,1.5875858
14902,-9574.602,-9465.4281,-109.17385,-2.0667108,0.89638832
14903,-9546.1239,-9309.8262,-236.29764,-4.513048,0.67311447
14904,-9684.374,-9591.2038,-93.170173,-1.7692264,1.3487561
14905,-9469.1724,-9272.316,-196.85643,-3.6710265,1.38483
14906,-9543.2963,-9387.2733,-156.02295,-2.9120324,0.46572149
14907,-9453.9235,-9388.6888,-65.234688,-1.2342286,1.2170392
14908,-9594.7992,-9346.5276,-248.27156,-4.7551,0.44448669
14909,-9544.912,-9484.9415,-59.970483,-1.1483849,2.4252813
14910,-9449.5811,-9251.5893,-197.99181,-3.7795397,-0.13064596
14911,-9418.7803,-9327.6209,-91.159423,-1.7284693,-1.9875789
14912,-9453.2166,-9297.7946,-155.42194,-2.9356117,-1.5049196
14913,-9392.9278,-9273.1248,-119.80301,-2.289411,-1.1804194
14914,-9349.7057,-9191.4313,-158.27444,-3.0545632,0.48011852
14915,-9401.9156,-9186.1738,-215.74181,-4.1124,1.4416437
14916,-9281.3381,-9139.2607,-142.0774,-2.6762046,0.51345459
14917,-9274.9759,-9123.387,-151.58889,-2.8372445,0.64923147
14918,-9207.3152,-9025.3144,-182.00081,-3.4509503,0.87780185
14919,-9182.7755,-9036.2338,-146.54174,-2.7947755,0.065756886
14920,-9205.8004,-8991.6461,-214.15426,-4.0588428,-0.26339815
14921,-9068.1562,-8999.6335,-68.522722,-1.2931524,-0.74883025
14922,-9182.5736,-9054.1295,-128.44403,-2.4394538,-0.023206498
14923,-9165.4059,-8953.327,-212.0789,-4.0852019,0.4858678
14924,-9117.2355,-9087.6967,-29.53882,-0.56172216,0.21945298
14925,-9162.7803,-8908.3349,-254.44536,-4.8114095,0.84470218
14926,-9065.1266,-9016.1137,-49.012883,-0.9299603,-0.38196935
14927,-9168.0316,-8983.2543,-184.77721,-3.5168579,0.55955664
14928,-9100.0679,-8945.0363,-155.03152,-2.9882017,0.72096011
14929,-9107.7428,-8989.8262,-117.91658,-2.2521728,0.44496281
14930,-9169.4454,-8982.4455,-186.99987,-3.5162721,-0.66052322
14931,-9110.3684,-8929.466,-180.90241,-3.4102425,0.043599389
14932,-9144.0978,-9081.6303,-62.467499,-1.1799675,-0.35296018
14933,-9300.4245,-9043.8167,-256.60771,-4.9681571,-0.43061661
14934,-9306.6856,-9168.3791,-138.30645,-2.6466627,1.8914413
14935,-8622.1002,-8441.5292,-180.57097,-3.388811,0.61197578
14936,-9515.626,-9381.207,-134.41908,-2.4206214,0.33092534
14937,-7979.727,-7819.5261,-160.20096,-2.904785,-1.5991879
14938,-9029.4785,-8934.3191,-95.159386,-1.7592787,-3.0477883
14939,-9264.1704,-9126.1169,-138.05351,-2.400178,-1.0212013
14940,-9706.4899,-9521.4408,-185.04918,-3.0875903,0.3632628
14941,-7347.7554,-7234.831,-112.92446,-2.1113415,0.27521845
14942,-6991.1732,-6780.3602,-210.81299,-3.9830465,0.0925093
14943,-8409.6252,-8364.0821,-45.543098,-0.79857045,0.31867752
14944,-9489.5716,-9297.7946,-191.77697,-3.6150614,-0.02354601
14945,-8804.4813,-8581.6619,-222.81933,-4.1890018,0.5470396
14946,-8372.7653,-8291.2859,-81.479346,-1.5644952,0.14720183
14947,-8073.6442,-7903.8483,-169.79584,-3.2606559,0.36097354
14948,-8224.0126,-8006.9763,-217.03632,-4.0926684,0.13169055
14949,-8275.9195,-8206.9637,-68.955862,-1.296589,0.15553663
14950,-8952.325,-8710.1675,-242.15759,-4.5347045,1.7820891
14951,-8867.4966,-8772.9542,-94.542461,-1.7597004,-0.1909916
14952,-8507.6828,-8337.188,-170.49485,-3.2351777,0.39407692
14953,-8503.4414,-8364.6888,-138.75264,-2.6386796,0.3835069
14954,-8682.7929,-8542.9384,-139.85451,-2.6261584,1.0880152
14955,-8716.4213,-8585.4028,-131.01846,-2.4453152,-0.35877521
14956,-9096.6343,-8961.921,-134.71331,-2.5543955,-0.45414925
14957,-8722.7834,-8592.9858,-129.79765,-2.4805923,-0.70581324
14958,-8892.8442,-8718.2559,-174.58826,-3.3549224,-0.72462708
14959,-9016.0473,-8871.0269,-145.02048,-2.7897616,-0.1301491
14960,-8821.346,-8639.8989,-181.44706,-3.4445481,0.085633487
14961,-8730.2564,-8584.8973,-145.3591,-2.7208853,1.3043727
14962,-8962.8276,-8788.1201,-174.70755,-3.2747227,0.26941086
14963,-9115.5187,-8982.3444,-133.17435,-2.5265331,-0.41167835
14964,-9154.0955,-8951.406,-202.68946,-3.836106,-1.014366
14965,-8960.7069,-8796.1074,-164.59948,-3.1044551,0.11489275
14966,-8885.1692,-8764.7646,-120.40462,-2.2715125,-0.45371924
14967,-8818.3164,-8641.5166,-176.79978,-3.3553703,-0.17837328
14968,-8995.1432,-8894.3823,-100.76089,-1.9269003,-0.46364266
14969,-9018.774,-8849.9968,-168.77712,-3.2628808,0.10306016
14970,-9036.7495,-8888.2148,-148.53466,-2.8393912,0.059535645
14971,-8824.7795,-8734.8373,-89.942204,-1.7385368,0.16375109
14972,-8819.7302,-8650.1106,-169.61959,-3.2998942,-0.44268881
14973,-8751.6655,-8574.4834,-177.18207,-3.3585213,-0.39481127
14974,-8842.1491,-8764.158,-77.991135,-1.4805855,0.41729692
14975,-8930.411,-8682.6667,-247.74438,-4.6821332,0.68539593
14976,-8695.1132,-8594.4013,-100.71195,-1.8874489,0.42323126
14977,-8739.8501,-8579.6398,-160.21029,-3.0568475,0.91222123
14978,-8717.2292,-8513.8199,-203.40929,-3.8851063,-0.65823538
14979,-8656.5365,-8503.1027,-153.4338,-2.9248752,-0.37752476
14980,-8664.3124,-8496.8341,-167.4783,-3.07302,-0.41885898
14981,-8626.7456,-8467.3112,-159.43435,-2.9711665,-1.0862749
14982,-8607.6592,-8496.1264,-111.53279,-2.1369157,-0.53147966
14983,-8554.6414,-8358.7235,-195.91788,-3.760587,-1.9165507
14984,-8544.7448,-8418.1738,-126.571,-2.4254267,-0.58660654
14985,-8497.8872,-8377.8325,-120.05464,-2.3043729,-1.6971381
14986,-8475.4682,-8331.2227,-144.2455,-2.7228091,-1.3475242
14987,-8491.1211,-8327.0774,-164.0437,-3.0688773,-1.5980976
14988,-8450.0197,-8341.1311,-108.8886,-2.0506077,-1.1668442
14989,-8476.6801,-8272.7836,-203.89651,-3.8810925,-0.80368792
14990,-8509.2986,-8334.7615,-174.53717,-3.299222,0.66220746
14991,-8425.0761,-8281.2765,-143.79967,-2.7253917,0.70204581
14992,-8520.811,-8325.9652,-194.8458,-3.7416381,0.2202043
14993,-8370.5436,-8230.5213,-140.02226,-2.6731148,1.2433537
14994,-8612.3045,-8429.9021,-182.40248,-3.496969,1.4356605
14995,-8322.9791,-8138.9194,-184.05966,-3.5059818,0.16068233
14996,-8190.4852,-8133.3586,-57.126597,-1.0919277,-0.0026813129
14997,-8800.9467,-8622.9131,-178.03363,-3.3703862,-0.053363421
14998,-8085.2576,-7878.1675,-207.09014,-3.7084805,0.80087662
14999,-8200.3819,-8138.6161,-61.76574,-1.1358302,1.0286437
15000,-7448.2367,-7216.3286,-231.90809,-4.08861,1.3300083
15001,-6907.1527,-6796.1327,-111.01996,-2.1010157,0.91898659
15002,-7526.602,-7437.5482,-89.053789,-1.5155254,0.65300934
15003,-10242.222,-10102.597,-139.62454,-2.5281324,0.53162803
15004,-8290.4615,-8093.8262,-196.63531,-3.5748825,0.88940391
15005,-8401.3444,-8203.2227,-198.12163,-3.5079037,0.17104919
15006,-7324.5286,-7185.2891,-139.2395,-2.5288855,-1.6420116
15007,-8229.2639,-8069.9652,-159.29866,-2.9926306,-1.2449639
15008,-7758.4663,-7547.248,-211.21825,-4.0150004,-1.1922087
15009,-8205.8351,-8061.0679,-144.76718,-2.7688536,1.185949
15010,-8087.1763,-7913.5545,-173.62183,-3.2982355,-0.71646001
15011,-7769.5748,-7661.2954,-108.27933,-2.0299137,-0.63153125
15012,-7830.3684,-7634.7046,-195.66386,-3.662514,-1.4358541
15013,-7971.2442,-7920.6319,-50.61227,-0.95733005,-2.1941267
15014,-7924.9925,-7708.7141,-216.27844,-4.1454154,-1.3809218
15015,-8134.3369,-8055.7093,-78.627563,-1.5013034,0.91346001
15016,-8121.4107,-7961.4787,-159.93198,-3.0232552,0.2795216
15017,-8098.2848,-7908.1959,-190.08892,-3.6129927,-0.13709906
15018,-7988.7148,-7884.3349,-104.37988,-2.005121,0.70589312
15019,-8434.3669,-8241.9463,-192.42058,-3.7266475,0.63038099
15020,-8099.9006,-7885.4471,-214.45351,-4.0791023,0.77906362
15021,-8221.387,-8178.2496,-43.137377,-0.82129612,-1.1115075
15022,-8637.1471,-8404.8278,-232.31934,-4.4976097,-1.3317075
15023,-8398.9207,-8207.8736,-191.04709,-3.647182,-0.65022446
15024,-8260.8726,-8174.4076,-86.465001,-1.6489899,1.1751137
15025,-8256.4292,-7969.5671,-286.86205,-5.3954768,1.5416335
15026,-8116.8663,-8086.6477,-30.218563,-0.56745202,-0.0056534174
15027,-8398.6178,-8193.3144,-205.30338,-3.9355516,0.36628052
15028,-8282.3826,-8178.4518,-103.93083,-2.0225125,0.30032161
15029,-8465.9755,-8314.9447,-151.03083,-2.8793802,1.0299826
15030,-8232.0915,-8125.7757,-106.31585,-2.005109,-0.032284962
15031,-8349.2355,-8173.6998,-175.53566,-3.3108463,-0.0071201459
15032,-8262.3874,-8144.1769,-118.21044,-2.2129145,-0.82510967
15033,-8378.2185,-8197.1564,-181.06214,-3.4327214,-1.0830991
15034,-8423.3594,-8262.7741,-160.58528,-3.0674679,-0.041127424
15035,-8268.3456,-8104.139,-164.20654,-3.145535,0.18440338
15036,-8255.1164,-8141.7504,-113.36598,-2.1370364,0.58103771
15037,-8310.8607,-8057.5292,-253.33152,-4.7219032,-1.4180847
15038,-8216.6406,-8138.7172,-77.923412,-1.4812212,-0.64857685
15039,-8182.8103,-7943.2796,-239.53064,-4.5608624,0.21792122
15040,-8158.2706,-8008.2907,-149.97993,-2.8615892,1.9082904
15041,-8052.3361,-7945.0995,-107.23657,-2.0523351,1.0902113
15042,-8094.1444,-7862.2938,-231.85054,-4.4352255,-0.065926233
15043,-7940.7464,-7875.0332,-65.713176,-1.2597204,-0.07857607
15044,-7972.1531,-7782.9258,-189.22731,-3.6753419,0.23577616
15045,-7962.9633,-7835.6019,-127.36142,-2.4274911,-1.4092989
15046,-7865.0067,-7785.6556,-79.351098,-1.5200845,-1.8372697
15047,-8015.6781,-7822.4581,-193.21997,-3.7537823,-1.6149792
15048,-7962.4584,-7802.4392,-160.0192,-3.0860901,-0.44302118
15049,-7986.6951,-7854.4076,-132.28749,-2.5194631,0.43143102
15050,-7991.9464,-7760.278,-231.66831,-4.4044122,0.22278328
15051,-7909.2387,-7813.5608,-95.677837,-1.7925694,0.1081623
15052,-7995.1779,-7777.0616,-218.1163,-4.1295264,1.0950651
15053,-7907.9258,-7766.0411,-141.88476,-2.7248798,1.800601
15054,-7947.4114,-7768.872,-178.5394,-3.4112609,1.6302855
15055,-7930.2438,-7807.5956,-122.64821,-2.2992409,0.65303319
15056,-7896.8174,-7733.2828,-163.53458,-3.0455986,0.23926714
15057,-7949.7341,-7821.4471,-128.28704,-2.4125461,-0.027359766
15058,-8042.1365,-7882.4139,-159.72259,-3.0529929,-0.15907525
15059,-8088.6911,-7921.1374,-167.55368,-3.1976978,0.60247
15060,-7393.8051,-7292.5624,-101.24273,-1.8921531,-0.55308799
15061,-8316.9199,-8145.7946,-171.12529,-3.0884459,-0.23239632
15062,-6796.5728,-6628.8025,-167.77025,-3.0467644,-0.61930915
15063,-7837.7404,-7739.3491,-98.391303,-1.8171403,-1.8322542
15064,-8130.7014,-7938.7299,-191.97152,-3.2999282,-0.9079181
15065,-8515.6607,-8355.5893,-160.07149,-2.6946585,-0.016717691
15066,-6198.0276,-6021.1564,-176.87122,-3.2759292,0.58940707
15067,-5830.6398,-5594.9953,-235.64458,-4.4388701,0.52704372
15068,-7226.572,-7182.1548,-44.417174,-0.78119644,0.5929613
15069,-8308.4371,-8081.6935,-226.74356,-4.289168,0.98048469
15070,-7548.415,-7390.4329,-157.98213,-2.9277941,-0.55316929
15071,-7184.7637,-7066.9953,-117.76845,-2.2387199,-0.96003675
15072,-6850.3984,-6687.2417,-163.15672,-3.1197074,-2.1430614
15073,-6966.2296,-6813.1185,-153.1111,-2.9512379,0.6171575
15074,-7086.2012,-7007.8483,-78.352842,-1.4940011,0.66025426
15075,-7699.8943,-7536.0253,-163.869,-3.0743138,1.8762342
15076,-7686.968,-7544.4171,-142.55099,-2.6786452,0.4750038
15077,-7291.0012,-7143.128,-147.87322,-2.8025262,-0.2452506
15078,-7337.9598,-7181.9526,-156.00716,-2.9667737,0.73353768
15079,-7553.6663,-7357.6746,-195.99171,-3.7423004,0.84913123
15080,-7516.3014,-7412.6761,-103.62524,-1.9516893,0.24583077
15081,-7973.2639,-7759.4692,-213.79471,-4.0286734,-0.59464968
15082,-7526.4,-7391.6461,-134.75387,-2.5545291,-0.33538948
15083,-7732.3108,-7540.2717,-192.03913,-3.6619689,-0.78171437
15084,-7825.2181,-7649.9716,-175.24658,-3.3474336,0.91459565
15085,-7553.4643,-7444.5245,-108.93981,-2.0734678,-1.472709
15086,-7550.3337,-7367.684,-182.64968,-3.4602329,-1.0333237
15087,-7704.1357,-7580.9163,-123.21943,-2.3243791,-0.79924967
15088,-7883.0832,-7777.3649,-105.71831,-2.034949,-1.6701534
15089,-7938.9286,-7753.3017,-185.62686,-3.5290702,-0.92428539
15090,-7706.9633,-7613.169,-93.794277,-1.7420987,-0.17304647
15091,-7726.7566,-7556.6509,-170.10574,-3.2031478,0.55310745
15092,-7611.4304,-7439.267,-172.16339,-3.2558859,0.26683137
15093,-7823.7034,-7689.3017,-134.40162,-2.5600221,1.563035
15094,-7868.9452,-7674.1359,-194.80931,-3.6762834,0.23691708
15095,-7870.9649,-7676.8657,-194.09917,-3.6101231,0.17805603
15096,-7651.3199,-7543.406,-107.91392,-2.0337517,-0.79781868
15097,-7647.7854,-7439.5703,-208.2151,-3.9720928,-0.32927901
15098,-7568.9152,-7381.5355,-187.37964,-3.6131148,0.93208651
15099,-7659.1968,-7560.594,-98.602847,-1.8770779,0.64913367
15100,-7674.0418,-7472.4297,-201.61211,-3.8116318,1.5999085
15101,-7510.8481,-7370.8183,-140.0298,-2.6452286,0.39675942
15102,-7471.0596,-7357.8768,-113.18279,-2.1281762,-0.093494556
15103,-7477.6237,-7287.3049,-190.31877,-3.6406033,-0.18109955
15104,-7422.4852,-7333.5103,-88.974939,-1.6892823,-0.7252165
15105,-7416.628,-7281.8452,-134.78283,-2.5275458,0.24259963
15106,-7461.9708,-7275.7788,-186.19198,-3.4972148,0.50950548
15107,-7365.731,-7275.0711,-90.659876,-1.7173709,-0.9899885
15108,-7399.8643,-7147.1722,-252.6921,-4.7835878,0.59892413
15109,-7370.9822,-7241.5039,-129.4783,-2.4460742,1.1037031
15110,-7333.1124,-7171.2354,-161.87704,-3.0781387,-0.5499655
15111,-7298.2722,-7136.7583,-161.5139,-3.0443733,-0.8919652
15112,-7301.8067,-7097.7314,-204.07527,-3.7931688,-0.93673817
15113,-7271.7128,-7146.5656,-125.14726,-2.3871482,-0.30701199
15114,-7270.4,-7077.9147,-192.48531,-3.6665696,0.99215986
15115,-7245.5574,-7103.8989,-141.6585,-2.6595389,0.63017729
15116,-7217.0793,-7097.7314,-119.34785,-2.2736318,2.3506949
15117,-7265.5527,-7085.6998,-179.85282,-3.4333576,-0.30024039
15118,-7146.187,-7041.1122,-105.07482,-2.0286854,-0.70375047
15119,-7362.7014,-7245.8515,-116.84988,-2.2467663,0.5342679
15120,-7119.5266,-6933.8389,-185.68776,-3.5273966,0.32695735
15121,-6996.6264,-6906.5403,-90.086146,-1.7312818,-0.94586381
15122,-7587.9006,-7421.8768,-166.02381,-3.1327889,-0.78756106
15123,-6925.8351,-6687.7472,-238.08787,-4.2150892,-0.76471981
15124,-7013.6931,-6929.3902,-84.302891,-1.5032955,-0.81676898
15125,-6275.787,-6018.6288,-257.15823,-4.4624019,-0.58224704
15126,-5710.7692,-5603.7915,-106.97776,-2.0025079,0.60375967
15127,-6374.4505,-6226.7046,-147.74591,-2.4759097,1.0957938
15128,-9028.7716,-8896,-132.7716,-2.3901757,1.9708419
15129,-7067.0138,-6877.8262,-189.18758,-3.4240676,2.0593607
15130,-7150.0245,-7019.0711,-130.95337,-2.3336349,0.091454935
15131,-6111.5834,-5942.9005,-168.68296,-3.0673353,-0.35776721
15132,-6974.3085,-6853.3586,-120.94987,-2.2405255,-0.84674715
15133,-6495.7349,-6336.91,-158.82496,-2.9904508,0.20064467
15134,-6967.8454,-6864.1769,-103.66843,-1.9860431,0.61024323
15135,-6844.2383,-6699.6777,-144.56054,-2.7721691,0.26415375
15136,-6582.3811,-6434.4771,-147.90397,-2.7891016,0.10177145
15137,-6615.1006,-6429.8262,-185.27437,-3.4584091,-0.12263944
15138,-6800.0063,-6700.9921,-99.014211,-1.8637202,-1.2244677
15139,-6764.2572,-6521.2259,-243.03129,-4.6086109,-0.72803906
15140,-6952.2935,-6848.2022,-104.09128,-1.9549981,0.19343646
15141,-6926.542,-6736.0758,-190.46618,-3.5851048,1.3216621
15142,-6931.3893,-6729.4028,-201.98651,-3.7859694,1.0233978
15143,-6765.974,-6668.5371,-97.43684,-1.8636079,-0.41822309
15144,-7225.2592,-7047.8863,-177.37292,-3.3180728,-0.33515997
15145,-6844.2383,-6702.2054,-142.03289,-2.6377869,-0.44299946
15146,-7030.5578,-6916.4487,-114.10913,-2.1816713,0.30553344
15147,-7378.9602,-7226.4392,-152.52098,-2.9613396,-2.0393493
15148,-7144.8742,-6957.3965,-187.47764,-3.6066462,0.63007864
15149,-7051.4619,-6979.842,-71.619911,-1.3514624,0.59854944
15150,-6990.9712,-6781.3712,-209.59996,-3.9293226,1.5266294
15151,-6957.5448,-6833.5419,-124.00291,-2.3397461,1.0457855
15152,-7171.8375,-7024.9352,-146.90225,-2.7645147,1.7712462
15153,-7113.0635,-6953.4534,-159.61011,-3.0550295,0.21019513
15154,-7335.7381,-7150.4076,-185.33048,-3.5381694,1.5976744
15155,-7010.0576,-6923.9305,-86.127104,-1.6220987,1.754518
15156,-7189.4091,-6936.3665,-253.04256,-4.7669352,1.2032562
15157,-7082.7677,-6981.1564,-101.61125,-1.9042675,0.54490816
15158,-7172.4434,-6975.4945,-196.94892,-3.7380188,0.68797703
15159,-7218.5941,-7057.7946,-160.79945,-3.0490251,1.332159
15160,-6994.4047,-6920.8973,-73.507419,-1.4080215,-0.7626854
15161,-7081.4548,-6879.8483,-201.60649,-3.8238843,-1.0321745
15162,-7032.6785,-6901.1817,-131.49683,-2.4623563,-1.5235532
15163,-6982.2864,-6875.8041,-106.48228,-2.0292148,-0.31913558
15164,-6957.9487,-6771.0585,-186.89027,-3.5541589,-0.09536034
15165,-6913.0099,-6797.6493,-115.36057,-2.1818604,0.61425142
15166,-6874.7361,-6694.4202,-180.31587,-3.4464059,-0.0012162966
15167,-6865.9503,-6703.4186,-162.53165,-3.0756039,0.034383684
15168,-6812.5286,-6644.7773,-167.75135,-3.2109775,-0.17935526
15169,-6793.4422,-6616.3665,-177.0757,-3.376024,-0.0077617234
15170,-6774.2548,-6648.4171,-125.83777,-2.364172,-1.040576
15171,-6724.1657,-6542.6603,-181.50533,-3.443036,-1.1528487
15172,-6814.4473,-6670.357,-144.09031,-2.8061592,-1.5583813
15173,-6770.0134,-6557.5229,-212.49051,-4.129273,1.0704955
15174,-6755.3704,-6667.8294,-87.54103,-1.6502844,0.31124275
15175,-6743.757,-6553.4787,-190.27833,-3.578446,0.46800567
15176,-6710.6335,-6546.5024,-164.13116,-3.1039309,0.10040986
15177,-6702.8576,-6613.94,-88.917625,-1.7014165,0.13167485
15178,-6701.2418,-6525.3712,-175.87057,-3.4565197,0.2203398
15179,-6700.7369,-6598.673,-102.0639,-1.993752,-0.75502118
15180,-6705.1803,-6590.7867,-114.39355,-2.1777427,-0.36374426
15181,-6726.2864,-6493.1185,-233.16791,-4.3866036,0.64222547
15182,-6714.269,-6668.9415,-45.327485,-0.8538201,-0.07448606
15183,-6914.7266,-6661.4597,-253.26691,-4.8381286,-0.75990957
15184,-6900.8915,-6746.3886,-154.50289,-2.9290378,1.3490387
15185,-6202.168,-6097.188,-104.98005,-1.9416719,-1.2461894
15186,-7169.7168,-6910.4834,-259.23335,-4.6284613,-1.6645995
15187,-5578.5783,-5458.8057,-119.77262,-2.1496242,-2.6795203
15188,-6673.9755,-6515.9684,-158.00714,-2.9561586,-1.662939
15189,-6876.5538,-6736.4803,-140.07359,-2.4200897,0.073999365
15190,-7295.6465,-7134.3318,-161.31479,-2.6778493,1.1452424
15191,-4968.0158,-4768.0506,-199.96523,-3.6800339,-0.20864506
15192,-4562.7582,-4408.2148,-154.54334,-2.8870031,-1.1849276
15193,-6030.9964,-5951.7978,-79.198661,-1.4010534,-1.1603209
15194,-7034.7992,-6894.812,-139.9872,-2.6953474,0.41900892
15195,-6358.0907,-6176.455,-181.63575,-3.4046636,-0.46188666
15196,-5963.7396,-5856.5561,-107.18356,-2.008857,-1.4918444
15197,-5664.3156,-5506.5276,-157.78794,-2.9960732,-0.8049919
15198,-5835.5882,-5619.564,-216.02418,-4.1445162,-0.25783144
15199,-5875.0738,-5808.733,-66.34075,-1.2710437,-0.17874449
15200,-6552.5901,-6351.267,-201.32316,-3.7640323,-0.11153644
15201,-6506.8434,-6312.0379,-194.80548,-3.5999004,-0.60246836
15202,-6108.6548,-5969.2891,-139.36573,-2.6283946,-1.384939
15203,-6141.3744,-5945.4281,-195.94624,-3.7415464,-0.11465128
15204,-6275.484,-6161.7946,-113.68939,-2.1475612,-1.2798143
15205,-6334.7629,-6205.7757,-128.98725,-2.420803,-0.0069100685
15206,-6696.1925,-6519.1027,-177.08982,-3.3636296,0.45839985
15207,-6288.9152,-6213.3586,-75.556578,-1.4359941,-0.74077146
15208,-6504.6217,-6298.4897,-206.13196,-3.9180965,-1.5573207
15209,-6560.568,-6470.4708,-90.097273,-1.7406971,0.066883313
15210,-6392.931,-6212.4487,-180.48231,-3.4887686,0.19573313
15211,-6312.445,-6171.0964,-141.3486,-2.663676,-0.42076347
15212,-6544.3093,-6379.4755,-164.83376,-3.0947997,-0.79496041
15213,-6711.4414,-6569.5545,-141.88692,-2.6852985,-1.3614898
15214,-6760.5207,-6570.2622,-190.25847,-3.6309374,-0.18183236
15215,-6544.7132,-6412.436,-132.2772,-2.5316737,1.3822482
15216,-6528.3535,-6352.0758,-176.27762,-3.3352857,0.15958671
15217,-6436.86,-6239.2417,-197.61825,-3.7357734,-1.1933465
15218,-6609.8493,-6486.5466,-123.30271,-2.34956,-0.46674762
15219,-6603.2852,-6458.4392,-144.84603,-2.7896053,-0.80605631
15220,-6673.7736,-6476.5371,-197.23645,-3.7270439,-0.89914724
15221,-6388.0836,-6314.97,-73.113645,-1.3902084,-1.1747764
15222,-6411.6134,-6236.9163,-174.69714,-3.3268029,-0.87726036
15223,-6320.3219,-6184.9479,-135.37403,-2.5669713,-0.048285471
15224,-6424.8426,-6379.981,-44.861561,-0.84852261,-1.4126133
15225,-6498.6635,-6244.6003,-254.06319,-4.8135863,0.23805524
15226,-6265.6884,-6182.3191,-83.369248,-1.5667565,0.094672217
15227,-6335.3688,-6162.5024,-172.86647,-3.2644984,0.7453665
15228,-6295.7822,-6128.2275,-167.55476,-3.1933665,0.3751148
15229,-6266.7992,-6121.049,-145.75024,-2.7645299,-0.21707684
15230,-6227.9195,-6104.3665,-123.55302,-2.3209372,-0.10191912
15231,-6284.5728,-6053.6114,-230.96141,-4.3291985,-0.35536186
15232,-6196.3108,-6093.0427,-103.26819,-1.987447,0.63934391
15233,-6169.5495,-5974.6477,-194.9018,-3.7366249,-0.23879008
15234,-6144.9089,-6016.1011,-128.80777,-2.4518893,0.76791679
15235,-6115.5219,-5949.169,-166.35286,-3.166777,-0.49920731
15236,-6053.7183,-5927.4313,-126.28706,-2.3956645,-2.1237387
15237,-6090.6793,-5880.7204,-209.95891,-3.9215892,-1.8588761
15238,-6010.6982,-5982.534,-28.16426,-0.53330803,-3.2397896
15239,-6069.6742,-5863.5324,-206.14178,-3.957704,-0.61584113
15240,-6039.8832,-5933.6998,-106.18339,-2.0218887,1.060591
15241,-6007.9716,-5870.4076,-137.56401,-2.6196244,1.2878879
15242,-6125.8225,-5889.6177,-236.20479,-4.4549139,0.20066812
15243,-5960.7101,-5864.6445,-96.065509,-1.8069431,-0.25057987
15244,-6222.5673,-6027.2227,-195.34451,-3.7285661,-0.9088324
15245,-5924.0521,-5730.4771,-193.57498,-3.7030024,-0.59806503
15246,-5849.2213,-5706.6161,-142.60519,-2.7256611,-0.42250026
15247,-6392.729,-6231.861,-160.86801,-3.0220279,0.36433512
15248,-5702.5893,-5502.4834,-200.10594,-3.5636206,0.43608959
15249,-5799.2331,-5722.8942,-76.338981,-1.3763544,-0.87935893
15250,-5058.3984,-4806.673,-251.72544,-4.4128205,0.44662951
15251,-4488.2304,-4402.3507,-85.879664,-1.6182496,-0.33923987
15252,-5140.0963,-5019.0964,-120.99989,-2.0348306,0.56180483
15253,-7786.2375,-7717.3081,-68.929418,-1.2543303,0.90094382
15254,-5883.6576,-5679.2164,-204.44116,-3.6769656,0.9187873
15255,-5941.4217,-5815.9115,-125.51016,-2.2501713,-1.3390803
15256,-4922.774,-4751.3681,-171.40588,-3.1246324,-1.4171797
15257,-5818.2185,-5657.9842,-160.23434,-3.0235504,-1.368898
15258,-5342.5736,-5181.0679,-161.50564,-3.0864771,-1.082011
15259,-5819.9353,-5655.2543,-164.68096,-3.1282786,1.3128139
15260,-5661.488,-5521.188,-140.29997,-2.645474,0.45727922
15261,-5438.1065,-5234.4518,-203.65469,-3.8016091,-0.16033947
15262,-5413.1629,-5239.2038,-173.95913,-3.2515855,-0.45427936
15263,-5595.746,-5522.0979,-73.64801,-1.4098404,-1.5663969
15264,-5542.5262,-5324.436,-218.09021,-4.1472229,-1.8322719
15265,-5746.5183,-5655.6588,-90.859575,-1.7210122,-0.26457712
15266,-5694.5105,-5553.4408,-141.0697,-2.6707768,-0.044905387
15267,-5693.0966,-5492.575,-200.52161,-3.8139425,1.6000228
15268,-5546.4647,-5528.2654,-18.199291,-0.35110796,0.60831722
15269,-6027.8659,-5821.3712,-206.49463,-3.9457338,0.20162972
15270,-5637.8572,-5511.2796,-126.57758,-2.4023025,-0.70502371
15271,-5849.3223,-5718.0411,-131.28121,-2.5120613,-1.3903793
15272,-6212.0647,-6037.5355,-174.52915,-3.3890882,-0.52511594
15273,-6005.245,-5796.6003,-208.64465,-4.0267993,0.54656998
15274,-5862.6525,-5778.7046,-83.947884,-1.6191125,0.35198734
15275,-5837.2039,-5586.7046,-250.49936,-4.7548591,0.30068641
15276,-5790.9523,-5649.2891,-141.66317,-2.6693335,0.11186493
15277,-5969.8998,-5818.9447,-150.9551,-2.88885,0.63048812
15278,-5920.7195,-5783.4566,-137.26297,-2.6425074,0.24313789
15279,-6067.9574,-5943.2038,-124.7536,-2.3640404,0.17550959
15280,-5829.327,-5696,-133.32702,-2.525913,0.83291573
15281,-5943.3404,-5753.5292,-189.81121,-3.5879795,0.098119755
15282,-5852.0489,-5748.3728,-103.67609,-1.9843115,-1.5818207
15283,-5956.9736,-5809.9463,-147.02728,-2.8598555,-1.3783627
15284,-5969.4959,-5838.357,-131.13883,-2.5604784,0.34667764
15285,-5845.2828,-5713.188,-132.09485,-2.5355273,0.58558752
15286,-5863.7633,-5678.5087,-185.25462,-3.4601066,0.27048292
15287,-5882.2438,-5721.9842,-160.25958,-2.9657761,-0.41316364
15288,-5833.8714,-5697.5166,-136.35481,-2.5962173,-0.60844582
15289,-5754.4963,-5571.5387,-182.95755,-3.459799,-0.70571857
15290,-5786.2059,-5606.8246,-179.38127,-3.4352923,-0.19333391
15291,-5681.8872,-5511.3807,-170.50645,-3.2437299,-0.68513165
15292,-5692.6927,-5499.5513,-193.14136,-3.7059586,0.80568678
15293,-5574.2359,-5462.0411,-112.19482,-2.158002,1.012801
15294,-5557.2702,-5411.6904,-145.57985,-2.8159485,0.49242118
15295,-5599.2805,-5432.8215,-166.45899,-3.2090871,-1.1022223
15296,-5453.0525,-5373.2701,-79.782323,-1.5310107,-0.66846376
15297,-5606.5515,-5443.5387,-163.01277,-3.1748203,-0.50946846
15298,-5531.7207,-5379.0332,-152.68753,-2.968485,-0.22640392
15299,-5553.8367,-5462.3444,-91.492295,-1.7600717,-1.0132029
15300,-5555.0485,-5353.6556,-201.39291,-3.8171442,-0.33587804
15301,-5505.7673,-5364.9795,-140.7878,-2.6542973,0.75000892
15302,-5583.6276,-5444.8531,-138.77453,-2.644181,0.83104336
15303,-5529.499,-5334.4455,-195.05352,-3.7932079,1.0937345
15304,-5529.0951,-5439.3934,-89.701704,-1.7343651,0.3123308
15305,-5577.3665,-5368.5182,-208.8483,-3.9212995,-0.80966322
15306,-5526.0655,-5326.6603,-199.40514,-3.7255828,-0.59863588
15307,-5569.3886,-5460.1201,-109.2685,-2.0573195,0.99376479
15308,-5669.9708,-5461.4344,-208.53637,-3.9079666,-0.59296206
15309,-5683.7049,-5576.4929,-107.21204,-2.0364965,0.62447221
15310,-5014.3684,-4844.4866,-169.88187,-3.1761738,-0.49305093
15311,-5902.946,-5751.406,-151.53995,-2.7420117,-0.63808079
15312,-4395.929,-4250.793,-145.13595,-2.6080345,0.21241318
15313,-5415.0817,-5344.0506,-71.031104,-1.317272,-1.6207454
15314,-5704.7101,-5560.0126,-144.69742,-2.5193472,0.13664673
15315,-6092.901,-5902.8626,-190.03843,-3.2205824,0.71940782
15316,-3776.6817,-3609.9842,-166.69745,-3.0891014,0.066949168
15317,-3455.8485,-3225.0742,-230.77427,-4.3661155,0.83699784
15318,-4818.9602,-4770.7804,-48.179747,-0.84242629,1.3334421
15319,-5908.1972,-5752.2148,-155.98239,-2.9482982,1.5569518
15320,-5195.2347,-4950.951,-244.28369,-4.5688975,0.92911876
15321,-4786.7456,-4698.4897,-88.255831,-1.6905611,-0.18061841
15322,-4507.8217,-4291.7409,-216.08078,-4.1826097,0.0898672
15323,-4570.3321,-4429.0427,-141.2895,-2.6924984,2.2116212
15324,-4707.0675,-4641.1627,-65.904738,-1.2417463,1.1475273
15325,-5312.2777,-5096.9479,-215.32984,-4.0129376,1.8600264
15326,-5281.5779,-5169.5419,-112.03605,-2.0948006,0.62672559
15327,-4905.6063,-4759.7599,-145.84644,-2.761491,1.3235249
15328,-4891.9732,-4791.3049,-100.66828,-1.932372,1.7752241
15329,-5129.7957,-4984.2148,-145.58081,-2.7802256,1.3817479
15330,-5097.6821,-4984.5182,-113.16388,-2.1004663,-0.93404917
15331,-5558.3811,-5363.3618,-195.0193,-3.620614,-0.77595873
15332,-5162.6162,-5014.951,-147.66515,-2.7660642,0.10712479
15333,-5304.5018,-5133.7504,-170.75138,-3.2537604,-0.1117811
15334,-5447.4982,-5298.2496,-149.24862,-2.8674833,0.81649551
15335,-5210.5846,-4996.9542,-213.63043,-4.1068228,-0.51576086
15336,-5158.4757,-5020.9163,-137.55947,-2.6140112,-0.30952627
15337,-5361.458,-5167.9242,-193.53382,-3.6337124,-0.10850004
15338,-5470.5231,-5409.9716,-60.551513,-1.1399223,-1.4656695
15339,-5585.5464,-5390.9637,-194.58269,-3.688612,-0.47806573
15340,-5289.2529,-5183.09,-106.16281,-2.0121524,0.91778172
15341,-5334.0907,-5175.9115,-158.1792,-3.0207385,0.86651611
15342,-5203.3136,-5049.5292,-153.78438,-2.9468913,2.0292685
15343,-5397.0051,-5313.8199,-83.185223,-1.6006925,2.3152878
15344,-5449.9219,-5278.8373,-171.08461,-3.3203956,1.1494158
15345,-5449.7199,-5258.8183,-190.9016,-3.5996032,1.3322588
15346,-5266.632,-5151.6461,-114.98582,-2.1591549,0.58260226
15347,-5263.5014,-5051.8547,-211.64672,-4.0620083,1.0438465
15348,-5171.301,-5017.0742,-154.22674,-2.9445843,1.7501439
15349,-5288.7479,-5196.9415,-91.806381,-1.7420838,1.4209691
15350,-5303.6939,-5032.3412,-271.35265,-5.1291578,0.88657524
15351,-5125.1503,-5032.7457,-92.40464,-1.7465353,1.2294119
15352,-5123.3325,-4954.8942,-168.43839,-3.2083614,2.1529722
15353,-5069.5069,-4954.0853,-115.4216,-2.2026852,0.82795207
15354,-5067.6892,-4938.3128,-129.37636,-2.4413062,0.34788047
15355,-5010.026,-4871.8863,-138.13978,-2.6172713,-0.81975072
15356,-5060.9231,-4901.207,-159.71613,-3.0123819,-0.069922454
15357,-4976.4986,-4872.8973,-103.6013,-1.9558499,-0.17350053
15358,-4972.1562,-4811.3239,-160.83236,-3.0559374,0.18475241
15359,-4971.4493,-4825.782,-145.66732,-2.7924708,1.5660974
15360,-4918.2296,-4752.7836,-165.44602,-3.2179605,0.084593516
15361,-4920.9562,-4759.6588,-161.29745,-3.0561294,-0.9308419
15362,-4920.4513,-4696.872,-223.57924,-4.1787669,-1.2655728
15363,-4861.6773,-4819.4123,-42.264995,-0.79733471,-1.5550562
15364,-4898.3353,-4679.5829,-218.75237,-4.1549783,0.58100303
15365,-4895.3057,-4744.0885,-151.21725,-2.8716602,2.4018352
15366,-4841.985,-4713.9589,-128.02608,-2.4507953,2.7795735
15367,-4916.2099,-4691.6145,-224.59533,-4.2766157,1.2877024
15368,-4746.3511,-4699.703,-46.648083,-0.88369318,0.97513247
15369,-5004.7748,-4807.5829,-197.19182,-3.7694688,2.5207312
15370,-4704.5428,-4555.8294,-148.71342,-2.8168652,0.47089132
15371,-4619.7144,-4506.5908,-113.12356,-2.1689366,-0.74337493
15372,-5165.3428,-5055.2923,-110.05054,-2.0730013,-0.23922034
15373,-4510.4473,-4322.7804,-187.66693,-3.3624398,0.99394519
15374,-4605.7783,-4535.9115,-69.866771,-1.2760255,1.2809185
15375,-3870.2959,-3625.049,-245.24688,-4.3026708,0.9740579
15376,-3340.4213,-3211.6272,-128.79413,-2.4229699,1.0127227
15377,-3980.3708,-3856.0758,-124.29498,-2.0671561,1.1118214
15378,-6635.1968,-6534.1675,-101.02939,-1.7951078,1.8864291
15379,-4698.4836,-4486.9763,-211.50733,-3.7834334,1.8238991
15380,-4805.63,-4643.1848,-162.44515,-2.8836471,0.3641438
15381,-3730.9349,-3543.0521,-187.88278,-3.4172443,0.72026391
15382,-4623.5519,-4512.2528,-111.29911,-2.0685702,0.10694832
15383,-4127.6087,-3990.951,-136.65765,-2.5471293,-0.70169344
15384,-4628.7022,-4431.7725,-196.92966,-3.7017903,1.9101516
15385,-4455.3089,-4351.8989,-103.40998,-1.9667349,0.72005833
15386,-4207.7917,-4012.4866,-195.30514,-3.7478954,1.232594
15387,-4205.873,-4094.7867,-111.08625,-2.1110309,0.22970268
15388,-4402.1901,-4324.7014,-77.488716,-1.4532258,-1.9046828
15389,-4336.6501,-4122.6919,-213.95816,-4.012146,-1.6376127
15390,-4584.6722,-4475.6524,-109.01974,-2.048884,-0.088798036
15391,-4535.189,-4353.4155,-181.77347,-3.4889762,0.99534331
15392,-4559.7286,-4359.9874,-199.74124,-3.8183097,0.48526802
15393,-4395.525,-4329.049,-66.476076,-1.2719433,0.47462233
15394,-4855.7191,-4643.7915,-211.92766,-3.9952876,0.31842578
15395,-4513.9819,-4325.0047,-188.97711,-3.5658581,-0.11475034
15396,-4637.488,-4530.7551,-106.73283,-2.0485799,0.21660634
15397,-5049.5116,-4877.4471,-172.06456,-3.3156896,0.072983713
15398,-4753.5211,-4602.6414,-150.87971,-2.8884542,0.86473513
15399,-4692.9294,-4580.8025,-112.12686,-2.146769,0.30982773
15400,-4599.2142,-4419.842,-179.37218,-3.3844584,0.68794391
15401,-4584.8742,-4433.188,-151.68617,-2.8531551,0.5706787
15402,-4773.9203,-4692.4234,-81.496935,-1.5579592,0.49282333
15403,-4705.9566,-4566.2433,-139.71332,-2.7123992,1.6150921
15404,-4907.727,-4761.1754,-146.55167,-2.8126245,3.1596455
15405,-4641.0225,-4512.5561,-128.4664,-2.4062093,2.6011398
15406,-4800.0757,-4589.6998,-210.3759,-3.9637423,0.66309195
15407,-4708.6832,-4595.0585,-113.62478,-2.1657841,0.39054564
15408,-4781.2923,-4617.6051,-163.68725,-3.1302329,0.37000518
15409,-4852.6895,-4656.4297,-196.25985,-3.7462758,1.1037499
15410,-4682.8308,-4536.2148,-146.61592,-2.8042643,0.2013754
15411,-4702.725,-4504.6698,-198.05522,-3.7663562,1.2739704
15412,-4687.6781,-4537.4281,-150.24999,-2.8003413,-0.26088608
15413,-4598.0024,-4518.3191,-79.683252,-1.5207157,-0.27824691
15414,-4601.4359,-4377.0742,-224.36165,-4.273923,-0.37773816
15415,-4525.9992,-4425.4028,-100.59637,-1.899431,0.93244743
15416,-4495.6024,-4315.3997,-180.20268,-3.4735883,1.4568525
15417,-4449.0477,-4346.9447,-102.10302,-1.9715988,1.0409913
15418,-4399.7665,-4272.9352,-126.83124,-2.4306682,1.3072962
15419,-4398.4536,-4235.7283,-162.72537,-3.1227271,0.90505997
15420,-4394.5152,-4243.0079,-151.50729,-2.886184,0.6916883
15421,-4361.5937,-4190.2306,-171.36304,-3.2621217,-1.0963104
15422,-4410.471,-4277.7883,-132.6827,-2.5826272,-0.56013543
15423,-4399.5645,-4210.8562,-188.70826,-3.5880203,0.38608524
15424,-4409.5621,-4271.3175,-138.24459,-2.6257841,1.7076576
15425,-4393.5053,-4178.1991,-215.30627,-4.0927137,2.099562
15426,-4355.2316,-4187.0964,-168.13519,-3.1635609,1.8368194
15427,-4366.744,-4265.7567,-100.98727,-1.9085097,1.2593565
15428,-4332.3077,-4175.9747,-156.33297,-3.0406542,0.27654114
15429,-4337.8619,-4214.0916,-123.77031,-2.4118651,0.7687481
15430,-4317.2607,-4218.4392,-98.821571,-1.8948566,-0.000410408
15431,-4338.2659,-4111.7725,-226.49337,-4.2646478,0.69131597
15432,-4322.916,-4309.2322,-13.683749,-0.25847741,-0.0061305955
15433,-4495.0974,-4268.891,-226.20644,-4.3335978,0.25617311
15434,-4503.7822,-4375.5577,-128.22459,-2.4437501,0.46170235
15435,-3821.5195,-3691.1722,-130.34733,-2.4329564,-0.58319619
15436,-4808.3566,-4570.4897,-237.86688,-4.3361209,-1.9602964
15437,-3201.8682,-3088.9858,-112.88246,-2.0504536,-2.1233852
15438,-4289.0856,-4180.1201,-108.96554,-2.0402859,-1.0182435
15439,-4548.6201,-4347.7536,-200.86656,-3.4428384,0.063248246
15440,-4919.8454,-4751.4692,-168.37617,-2.8262229,1.5602688
15441,-2645.5353,-2401.7694,-243.76595,-4.4755784,2.5105904
15442,-2171.2032,-2054.2686,-116.93459,-2.195934,1.1056891
15443,-3654.6903,-3588.9542,-65.736149,-1.1534471,0.73463355
15444,-4701.9172,-4540.158,-161.75918,-3.0565132,1.8245373
15445,-3956.0331,-3784.1896,-171.84356,-3.222731,0.43325552
15446,-3609.6505,-3492.4992,-117.15128,-2.2360082,-0.18118418
15447,-3247.615,-3156.2212,-91.393821,-1.7500508,-0.82783382
15448,-3434.0355,-3216.6825,-217.35304,-4.0914827,0.23671823
15449,-3481.398,-3439.0142,-42.38381,-0.79955167,0.09669822
15450,-4160.4292,-3942.7235,-217.70565,-4.077971,1.0824936
15451,-4163.5598,-3984.9858,-178.57398,-3.3286715,0.88876232
15452,-3702.4568,-3604.7267,-97.730106,-1.8507518,0.64553693
15453,-3791.7286,-3604.9289,-186.79969,-3.5396566,-1.0940308
15454,-3943.1069,-3787.0205,-156.08637,-2.9536061,0.43320718
15455,-3966.1318,-3836.5624,-129.56935,-2.4471359,-0.28843905
15456,-4386.2343,-4167.9874,-218.24696,-4.1387528,1.0754631
15457,-3918.6682,-3866.2875,-52.380725,-0.99668095,0.20017334
15458,-4148.0079,-3932.2085,-215.79936,-4.1327154,-0.39850985
15459,-4195.8753,-4101.763,-94.112312,-1.8105798,0.40435343
15460,-4014.9081,-3841.0111,-173.89703,-3.323431,-1.0634764
15461,-3924.4245,-3784.9984,-139.42604,-2.6606703,-0.21728871
15462,-4143.6655,-4052.8278,-90.837679,-1.7242722,-0.64734119
15463,-4318.1696,-4191.1406,-127.02902,-2.4314806,-0.17010128
15464,-4368.0568,-4201.1501,-166.90673,-3.1606772,0.23337982
15465,-4182.4442,-4013.2954,-169.14876,-3.1571232,2.3555311
15466,-4173.6584,-3997.1185,-176.5399,-3.2860493,1.4815111
15467,-4048.6375,-3900.7646,-147.87286,-2.799761,-0.0078176692
15468,-4270.6051,-4129.9716,-140.63356,-2.7162673,-0.44160137
15469,-4268.1815,-4083.2607,-184.9208,-3.5312699,-0.51280815
15470,-4300.699,-4115.2101,-185.4889,-3.4819074,-0.25601938
15471,-4080.4481,-3950.9131,-129.53501,-2.430847,0.21028407
15472,-4029.3491,-3907.3365,-122.01262,-2.3059451,-2.4842908
15473,-4008.041,-3806.3318,-201.70927,-3.8456558,-1.1259722
15474,-4034.2974,-4013.3965,-20.900911,-0.39639309,-1.5198136
15475,-4119.6308,-3865.782,-253.84878,-4.7910041,-0.041261086
15476,-3902.2075,-3824.3286,-77.878901,-1.4609714,0.075550939
15477,-3932.6043,-3830.5972,-102.00718,-1.9094056,-0.027061575
15478,-3922.0008,-3718.2686,-203.73223,-3.9080756,-0.59874968
15479,-3872.3156,-3774.3823,-97.933275,-1.8600177,-0.64179669
15480,-3884.03,-3702.9005,-181.12951,-3.419672,-0.43875027
15481,-3917.3554,-3733.3333,-184.02209,-3.4544408,0.6265102
15482,-3824.7511,-3747.8926,-76.85851,-1.4557414,0.82054778
15483,-3831.4162,-3599.9747,-231.44145,-4.4053183,1.0940103
15484,-3814.7535,-3652.2464,-162.50701,-3.109168,2.0229622
15485,-3749.2134,-3584.7077,-164.50567,-3.1750209,-0.43758328
15486,-3742.7503,-3575.3049,-167.4454,-3.1913777,0.18445525
15487,-3678.725,-3563.7788,-114.94622,-2.1310997,-1.4472498
15488,-3701.4469,-3581.4724,-119.97459,-2.2692266,-1.7859876
15489,-3672.06,-3519.4945,-152.56549,-2.9353884,-2.1867827
15490,-3689.4296,-3542.5466,-146.88298,-2.7769741,0.95331626
15491,-3655.1953,-3555.5893,-99.606009,-1.8681904,1.0121428
15492,-3702.6588,-3537.4913,-165.16747,-3.0884273,0.044316186
15493,-3594.4016,-3469.7504,-124.65118,-2.3609733,0.0058990511
15494,-3829.8004,-3666.8057,-162.99471,-3.0995267,-0.2582736
15495,-3551.6844,-3352.0632,-199.62123,-3.7562055,0.48375347
15496,-3482.4079,-3371.5766,-110.83127,-2.0730125,-0.69051977
15497,-4018.3416,-3898.1359,-120.20576,-2.2186664,-0.90240884
15498,-3359.5077,-3121.643,-237.86472,-4.1880416,-0.42651969
15499,-3473.7231,-3395.5387,-78.184372,-1.4171934,0.19663216
15500,-2692.7968,-2435.0332,-257.76367,-4.5329911,0.37782217
15501,-2180.8978,-2040.316,-140.58187,-2.6132245,0.6247675
15502,-2735.615,-2691.842,-43.772968,-0.72525554,0.026276879
15503,-5494.9617,-5320.594,-174.36774,-3.1588894,1.4476123
15504,-3476.7527,-3332.9542,-143.79848,-2.5826399,0.61843433
15505,-3573.4974,-3422.9384,-150.55905,-2.7359935,-1.1518133
15506,-2560.5049,-2412.891,-147.61394,-2.7266154,-0.87698068
15507,-3401.7199,-3323.6524,-78.067472,-1.4620023,-1.424143
15508,-2983.6371,-2783.3428,-200.29427,-3.7482445,-0.63833814
15509,-3438.4789,-3308.7899,-129.68901,-2.4498527,1.1388483
15510,-3306.187,-3146.9194,-159.26755,-3.0291043,1.505903
15511,-3077.9582,-2887.5829,-190.37525,-3.6135531,0.36532949
15512,-3038.8765,-2915.1848,-123.69169,-2.2954555,-1.6449334
15513,-3291.241,-3143.2796,-147.9614,-2.7466946,-1.6722292
15514,-3197.5258,-2970.9953,-226.53058,-4.2537417,-2.17954
15515,-3393.0351,-3285.1311,-107.90399,-2.0400621,-0.030023348
15516,-3409.5968,-3220.3223,-189.27457,-3.6118254,0.99781448
15517,-3288.6154,-3176.8468,-111.76862,-2.1183653,-0.1264726
15518,-3265.5905,-3123.7662,-141.82434,-2.6973252,-0.42907184
15519,-3610.2564,-3485.1185,-125.13793,-2.3610407,-0.70012641
15520,-3306.4899,-3120.0253,-186.46466,-3.5100705,-0.21368934
15521,-3468.1688,-3400.0885,-68.080369,-1.3007061,-0.29303121
15522,-3804.3519,-3672.3665,-131.98537,-2.5519279,-0.29661823
15523,-3643.4809,-3443.4629,-200.01799,-3.7770252,0.22587674
15524,-3482.5089,-3411.4123,-71.096553,-1.338884,0.30985696
15525,-3488.0631,-3245.5987,-242.46438,-4.5534563,0.24461462
15526,-3458.3732,-3314.4518,-143.92136,-2.6845454,-0.017401285
15527,-3585.5148,-3491.7915,-93.723324,-1.7800303,0.19939241
15528,-3621.4659,-3396.9542,-224.51169,-4.2648547,-0.34640317
15529,-3734.7724,-3595.1216,-139.65074,-2.6501926,0.56091462
15530,-3501.0903,-3335.8863,-165.20408,-3.0843485,1.0102079
15531,-3612.3771,-3434.06,-178.31709,-3.3467887,0.48065626
15532,-3463.0185,-3424.5561,-38.462458,-0.73184024,-1.0492124
15533,-3656.6091,-3427.0837,-229.52534,-4.4191126,-1.2960136
15534,-3595.1085,-3496.2401,-98.868355,-1.8908104,0.82783268
15535,-3493.1124,-3342.4581,-150.65429,-2.8404981,-0.12947397
15536,-3475.5408,-3372.2844,-103.25647,-1.9256158,-1.2832192
15537,-3488.3661,-3332.3476,-156.01852,-2.9288001,-0.95786131
15538,-3463.7254,-3343.9747,-119.75072,-2.290602,-0.37046792
15539,-3396.4686,-3216.7836,-179.68507,-3.4054655,0.90950808
15540,-3423.8359,-3262.079,-161.75691,-3.0324713,1.0273247
15541,-3357.7909,-3173.8136,-183.97734,-3.4811371,0.93629014
15542,-3294.2706,-3187.6651,-106.60552,-2.0141223,-0.4032986
15543,-3294.3716,-3087.5703,-206.8013,-3.9599257,0.49656346
15544,-3225.1961,-3084.2338,-140.96225,-2.6926837,0.25351217
15545,-3272.1546,-3067.1469,-205.00772,-3.8776811,0.51702397
15546,-3137.3381,-3031.3555,-105.98262,-2.0135643,1.4069576
15547,-3220.8536,-3120.733,-100.12063,-1.9358255,0.54569299
15548,-3237.7183,-3004.5624,-233.15594,-4.5221373,1.4859047
15549,-3138.6509,-3135.1912,-3.4597343,-0.066136895,0.2260557
15550,-3249.7357,-2993.5419,-256.19384,-4.8980234,1.6447788
15551,-3105.4264,-3053.3965,-52.029905,-0.98273744,0.16200311
15552,-3199.7475,-3078.3697,-121.37787,-2.2958639,0.72963128
15553,-3189.8509,-2988.4866,-201.36432,-3.854895,0.69475847
15554,-3162.3826,-3058.1485,-104.23414,-1.9919347,0.69752334
15555,-3238.7282,-3039.3428,-199.38539,-3.6744542,-1.3209212
15556,-3158.9491,-2981.5103,-177.43884,-3.3039628,-0.11202337
15557,-3208.0284,-3151.6714,-56.356996,-1.0569632,0.21657396
15558,-3371.727,-3080.2907,-291.43634,-5.5891692,-0.18859011
15559,-3331.9385,-3251.9684,-79.970057,-1.5023514,1.3454246
15560,-2716.9325,-2504.594,-212.33855,-3.8832672,0.25517044
15561,-3550.6746,-3431.3302,-119.34438,-2.1236548,0.18097866
15562,-2065.4706,-1916.9668,-148.50379,-2.6464773,-1.4420318
15563,-3089.4706,-2956.9415,-132.52906,-2.4561664,-1.7820357
15564,-3316.8915,-3224.9731,-91.918375,-1.5966719,0.79490581
15565,-3763.2505,-3553.0616,-210.18888,-3.5187691,1.5879902
15566,-1383.4099,-1289.5039,-93.905912,-1.7513829,0.72394931
15567,-1043.1874,-845.75039,-197.43698,-3.7177152,0.38247761
15568,-2478.7061,-2423.5071,-55.199005,-0.96483728,-0.19381647
15569,-3533.4059,-3388.0569,-145.34905,-2.7720761,0.70077693
15570,-2865.0793,-2628.6509,-236.42842,-4.4730371,0.03273564
15571,-2429.2229,-2368.91,-60.312927,-1.1461627,-0.28961419
15572,-2141.6142,-1966.2054,-175.40883,-3.3515235,-0.11755175
15573,-2277.4406,-2042.5403,-234.90035,-4.4497633,0.25062198
15574,-2350.2517,-2314.2117,-36.039986,-0.67764951,1.284482
15575,-3015.0438,-2742.3949,-272.64884,-5.1152587,2.0635137
15576,-2919.2079,-2851.6904,-67.517526,-1.2529401,0.42822893
15577,-2572.1183,-2417.2385,-154.8798,-2.9256168,0.85233569
15578,-2567.17,-2434.1232,-133.0468,-2.5364261,0.89403312
15579,-2744.4008,-2643.109,-101.29178,-1.9195699,2.0258895
15580,-2782.1696,-2647.861,-134.30865,-2.510032,0.15685339
15581,-3157.5353,-3047.9368,-109.5985,-2.0841063,-1.3736637
15582,-2786.815,-2642.0979,-144.71704,-2.7539306,-0.79491114
15583,-2963.8438,-2790.9258,-172.91804,-3.3212467,0.13066486
15584,-3065.7389,-2938.1359,-127.603,-2.4580475,1.6322907
15585,-2885.9834,-2680.7204,-205.26305,-3.9146678,-0.21921193
15586,-2798.9333,-2681.9336,-116.99968,-2.2245813,0.37957311
15587,-3028.8789,-2863.0142,-165.86468,-3.1310713,-0.83634198
15588,-3176.4197,-3048.9479,-127.47186,-2.4520425,-0.36609532
15589,-3242.7677,-3054.2054,-188.56228,-3.6364034,-0.90992625
15590,-3013.63,-2829.9526,-183.67737,-3.5071487,0.30137011
15591,-2966.0655,-2878.079,-87.986494,-1.6538151,0.36275015
15592,-2889.316,-2698.515,-190.80097,-3.6084421,1.0181051
15593,-3060.8915,-2981.6114,-79.280144,-1.5110812,0.36170844
15594,-3089.9755,-2924.891,-165.08455,-3.1546848,0.76917205
15595,-3108.658,-2946.5276,-162.13034,-3.0753774,0.3286466
15596,-2883.0548,-2843.3997,-39.655148,-0.75901582,0.040691778
15597,-2883.9637,-2687.3934,-196.57034,-3.8034729,-0.54000985
15598,-2826.5026,-2660.6003,-165.90225,-3.1407853,-0.194493
15599,-2923.0454,-2835.6145,-87.430831,-1.6618507,1.7011921
15600,-2985.9598,-2721.3649,-264.59483,-4.9964294,0.98470313
15601,-2777.8272,-2695.7852,-82.042069,-1.5418143,1.1518824
15602,-2792.6722,-2624.6066,-168.06555,-3.213483,-0.21162986
15603,-2791.2584,-2590.4329,-200.82552,-3.8436069,-0.36724316
15604,-2736.1199,-2606.7109,-129.40902,-2.4484548,-0.38409318
15605,-2715.1148,-2545.4408,-169.67403,-3.1826483,0.0025172599
15606,-2726.6272,-2594.8815,-131.7457,-2.4588033,-0.15983234
15607,-2651.9984,-2533.1058,-118.89258,-2.2558129,0.08092778
15608,-2622.0055,-2463.9494,-158.05608,-3.0418081,-1.9790396
15609,-2614.3306,-2477.4976,-136.83294,-2.6525192,0.32002309
15610,-2565.4533,-2435.6398,-129.81344,-2.4926914,0.082862774
15611,-2546.0639,-2443.2227,-102.84116,-1.9373644,-0.22398393
15612,-2537.985,-2357.7883,-180.1967,-3.3767199,-1.4322029
15613,-2534.8544,-2455.0521,-79.802305,-1.5187552,-1.8113867
15614,-2539.6008,-2340.0948,-199.506,-3.8240158,-0.70940961
15615,-2581.1061,-2397.3207,-183.78542,-3.4714853,1.3613177
15616,-2495.3688,-2412.6888,-82.680053,-1.5557504,0.92140317
15617,-2585.3475,-2336.5561,-248.79145,-4.6667306,-0.20830438
15618,-2480.7258,-2355.6651,-125.06075,-2.3490726,1.7364409
15619,-2655.5329,-2478.2054,-177.32757,-3.3568116,2.056327
15620,-2419.8312,-2220.6888,-199.14238,-3.7995657,0.88775899
15621,-2260.374,-2214.3191,-46.054849,-0.88811698,-0.16813063
15622,-2859.626,-2685.9779,-173.64815,-3.3097683,-0.9017732
15623,-2171.5061,-1991.3807,-180.12539,-3.2133104,-0.22910833
15624,-2240.6817,-2186.1106,-54.571072,-0.98813558,-0.4349412
15625,-1520.1452,-1290.3128,-229.83237,-4.002839,0.18748869
15626,-960.78264,-881.64297,-79.139673,-1.4993578,0.26231606
15627,-1615.0722,-1489.188,-125.8842,-2.1332961,0.38203598
15628,-4322.815,-4188.2085,-134.60646,-2.4486968,2.1872879
15629,-2340.557,-2157.5987,-182.95827,-3.3044915,1.0228151
15630,-2497.9945,-2286.6098,-211.38468,-3.7261761,-0.15358895
15631,-1389.0651,-1265.0363,-124.02875,-2.2276303,-1.3849807
15632,-2296.527,-2132.5245,-164.00254,-3.0443503,-0.3949302
15633,-1838.9586,-1657.2259,-181.73267,-3.4229047,-0.19361153
15634,-2266.9381,-2119.7852,-147.15292,-2.793764,1.7314116
15635,-2166.8607,-2001.7946,-165.06612,-3.0795571,0.36372001
15636,-1833.1014,-1735.1785,-97.922866,-1.8148037,-0.12378773
15637,-1908.942,-1698.8815,-210.0605,-3.8676642,-0.21143979
15638,-2041.5369,-1998.5592,-42.977642,-0.79412778,-2.3471529
15639,-1992.6596,-1778.1485,-214.51107,-4.0393556,-1.2667002
15640,-2236.6422,-2152.2401,-84.402083,-1.5913097,-0.011874291
15641,-2174.9396,-2057.5039,-117.4357,-2.2324385,0.57708748
15642,-2195.1369,-1995.5261,-199.61082,-3.7683829,0.11110991
15643,-2067.3893,-1986.1232,-81.266126,-1.5479986,1.3140204
15644,-2520.0095,-2302.6856,-217.32384,-4.1058706,0.3868424
15645,-2185.3412,-1996.1327,-189.20852,-3.5424038,1.3460729
15646,-2299.1527,-2241.4155,-57.737181,-1.1015696,-0.97030259
15647,-2722.3858,-2503.684,-218.70175,-4.2546206,-0.028806642
15648,-2464.77,-2301.2701,-163.49988,-3.1449479,-0.16620777
15649,-2354.2911,-2240.91,-113.38117,-2.1552159,0.32055522
15650,-2319.1479,-2109.9779,-209.17005,-3.9208452,1.3320275
15651,-2212.7085,-2137.9842,-74.724279,-1.3929045,0.0026452941
15652,-2488.1988,-2308.4487,-179.75016,-3.4318763,0.92317809
15653,-2362.168,-2242.1232,-120.04482,-2.3009953,0.91465965
15654,-2576.1578,-2403.0837,-173.07406,-3.3078417,1.6259408
15655,-2306.6256,-2232.316,-74.309685,-1.3975973,0.56524428
15656,-2433.6663,-2243.5387,-190.12757,-3.5762895,-0.26884012
15657,-2355.7049,-2258.3002,-97.404773,-1.8364162,-0.93382752
15658,-2470.4252,-2284.6888,-185.73646,-3.5015143,-0.1234303
15659,-2505.1645,-2348.891,-156.2735,-2.9903106,0.93199848
15660,-2381.1535,-2215.4313,-165.72217,-3.1706904,-0.12707638
15661,-2343.7886,-2207.2417,-136.54685,-2.548197,-1.2961865
15662,-2391.555,-2171.3491,-220.2059,-4.040689,-0.83786587
15663,-2304.202,-2209.6682,-94.533726,-1.7717728,-0.85727366
15664,-2256.9404,-2035.9684,-220.97203,-4.138797,0.97472908
15665,-2251.3862,-2125.5482,-125.83801,-2.354088,0.72525774
15666,-2132.6264,-2022.8246,-109.80179,-2.0867181,0.80444611
15667,-2188.1688,-1984.8088,-203.35999,-3.8826934,-0.039502703
15668,-2029.5195,-1957.1058,-72.413681,-1.381068,0.9532657
15669,-2075.9732,-1874.7046,-201.26859,-3.850529,1.5491527
15670,-2053.9582,-1952.1517,-101.80653,-1.9378887,0.66358119
15671,-1952.4671,-1858.2243,-94.242733,-1.7847549,0.22873883
15672,-2095.0596,-1931.1216,-163.93792,-3.1815232,0.62925153
15673,-2044.3645,-1870.2559,-174.10857,-3.3098275,0.24221208
15674,-2069.2071,-1969.1374,-100.06966,-1.8811609,0.29573156
15675,-2087.0817,-1859.5387,-227.54295,-4.3336955,0.93119027
15676,-1988.0142,-1891.2859,-96.728261,-1.827075,-0.045352985
15677,-2094.0497,-1899.8799,-194.16977,-3.6855364,1.4063087
15678,-2016.8963,-1855.09,-161.80621,-3.0710887,0.56994708
15679,-2036.8915,-1878.8499,-158.0416,-3.0239167,0.94036635
15680,-2028.3077,-1902.5087,-125.799,-2.3574159,-0.033255386
15681,-1989.0241,-1824.455,-164.56909,-3.055453,-0.63653944
15682,-2051.6355,-1942.0411,-109.59443,-2.0523478,-0.87411533
15683,-2118.0844,-1974.3949,-143.68947,-2.733282,-0.13914092
15684,-2195.8438,-2031.0142,-164.82957,-3.113681,0.8966466
15685,-1486.7187,-1403.8547,-82.864077,-1.5245086,-0.10138093
15686,-2399.129,-2236.9668,-162.16217,-2.8898375,-1.1591084
15687,-897.16134,-731.39968,-165.76166,-2.9452406,-1.0045874
15688,-1919.3436,-1835.6777,-83.665865,-1.5288142,-0.8999226
15689,-2250.4773,-2041.7314,-208.74588,-3.5329119,0.53262385
15690,-2584.1357,-2431.8989,-152.23681,-2.5247239,1.1644935
15691,-283.16529,-126.88784,-156.27745,-2.8505301,0.48034426
15692,81.69783,319.69668,-237.99885,-4.432821,0.30133119
15693,-1329.6852,-1282.1232,-47.561984,-0.82981419,0.32443618
15694,-2391.959,-2205.2196,-186.73939,-3.4645553,1.5431654
15695,-1657.4864,-1498.3886,-159.09776,-2.9233784,-0.70890109
15696,-1268.5886,-1169.6935,-98.895037,-1.8452544,-1.2379126
15697,-951.18895,-791.05213,-160.13682,-3.0055946,-1.1994453
15698,-1073.9882,-909.04265,-164.94551,-3.0879161,0.71588691
15699,-1171.2379,-1096.4929,-74.744979,-1.4074776,0.022406098
15700,-1805.7341,-1644.4866,-161.24755,-3.0003328,0.7938931
15701,-1779.9826,-1645.2954,-134.68722,-2.5059095,-0.136348
15702,-1404.7179,-1270.5972,-134.12079,-2.5505228,0.33962554
15703,-1420.7748,-1270.1927,-150.58202,-2.8422926,-0.25542205
15704,-1660.314,-1480.8973,-179.41669,-3.3673202,1.828508
15705,-1634.5625,-1517.4976,-117.06489,-2.1515636,0.81764221
15706,-2049.4138,-1865.5039,-183.90986,-3.4424581,-0.60565018
15707,-1658.9002,-1506.7804,-152.11979,-2.8646106,-0.79458777
15708,-1820.3771,-1636.1959,-184.18123,-3.4575555,-1.4813951
15709,-1923.787,-1760.455,-163.33201,-3.0949314,1.5112863
15710,-1685.2576,-1556.5245,-128.73311,-2.4194226,-0.0051741584
15711,-1632.7448,-1484.3349,-148.40986,-2.7968992,-0.14184247
15712,-1845.4217,-1694.2306,-151.19105,-2.8256893,-1.9344389
15713,-1977.9156,-1884.9163,-92.99931,-1.7882593,-1.3540534
15714,-2045.6773,-1875.109,-170.56831,-3.2646482,-0.6466105
15715,-1840.5744,-1708.891,-131.68336,-2.4546591,0.61798601
15716,-1806.845,-1671.3807,-135.46424,-2.5400132,1.1655739
15717,-1742.5168,-1556.1201,-186.3967,-3.4900933,0.36545779
15718,-1898.6414,-1807.267,-91.374437,-1.7319047,0.17589752
15719,-1983.1669,-1786.6414,-196.52547,-3.6694932,-0.21419791
15720,-1985.1866,-1826.1738,-159.01281,-2.9460292,0.056161723
15721,-1749.6868,-1661.0679,-88.618855,-1.6693321,-0.39952094
15722,-1781.2955,-1551.5703,-229.72516,-4.407674,-1.4636603
15723,-1658.0923,-1513.4534,-144.63891,-2.7253376,-0.24546825
15724,-1789.9803,-1673.8073,-116.17301,-2.1653432,1.04236
15725,-1781.9014,-1595.4502,-186.45114,-3.4340938,1.1406735
15726,-1610.9318,-1481.7062,-129.22559,-2.4063946,0.57318278
15727,-1614.2643,-1492.8278,-121.4365,-2.2672085,-0.18086685
15728,-1559.4288,-1413.3586,-146.07019,-2.8077143,0.25914049
15729,-1565.084,-1453.8009,-111.28308,-2.1134628,0.95730795
15730,-1527.8201,-1414.1675,-113.65266,-2.1238104,0.20251021
15731,-1570.4363,-1392.0253,-178.41102,-3.3468644,1.3806971
15732,-1508.8347,-1399.3049,-109.52982,-2.0542233,0.65299951
15733,-1478.4379,-1283.5387,-194.89917,-3.6756244,0.58756022
15734,-1527.1132,-1350.3697,-176.74355,-3.3063466,0.27810888
15735,-1409.2623,-1306.5908,-102.67149,-1.9199442,-0.77900988
15736,-1429.6615,-1266.9573,-162.70419,-3.0367362,0.35014491
15737,-1434.1049,-1225.8073,-208.29766,-3.8329746,-1.548746
15738,-1362.4047,-1293.346,-69.058762,-1.2956151,-1.9104189
15739,-1445.1124,-1195.3744,-249.73802,-4.6514814,-0.65901718
15740,-1340.3897,-1259.6777,-80.712018,-1.4912974,1.2073743
15741,-1373.4122,-1198.812,-174.60022,-3.2784632,2.2270261
15742,-1377.8556,-1216.7077,-161.14788,-3.0157458,-0.058183864
15743,-1255.4604,-1156.2464,-99.21391,-1.8895106,-0.8130147
15744,-1512.6722,-1368.4676,-144.20457,-2.7145354,0.22299783
15745,-1192.9499,-1062.5213,-130.42857,-2.4161403,-0.3429767
15746,-1153.4643,-1038.357,-115.10727,-2.162429,-1.1245976
15747,-1701.0114,-1574.6224,-126.38901,-2.3864619,-1.6367166
15748,-1048.8426,-826.8436,-221.999,-3.9598617,-0.5777741
15749,-1175.8832,-1074.1485,-101.73474,-1.8225721,-0.15714364
15750,-363.44931,-140.63823,-222.81108,-3.8273202,-0.72743489
15751,119.06272,278.5466,-159.48388,-2.9241083,0.9449151
15752,-469.08087,-358.21801,-110.86286,-1.843914,0.97912737
15753,-3164.7053,-3037.2196,-127.48574,-2.32094,1.869894
15754,-1231.3247,-1021.6746,-209.65009,-3.7924251,1.5020107
15755,-1249.4012,-1167.3681,-82.033095,-1.4583727,0.044607006
15756,-281.34753,-77.649289,-203.69825,-3.6570125,0.060072971
15757,-1081.3602,-1011.9684,-69.391753,-1.2792966,-0.42248301
15758,-643.08008,-477.4218,-165.65828,-3.1099116,0.096455195
15759,-1117.6142,-1004.4866,-113.12763,-2.1580435,1.1514775
15760,-952.70375,-855.96209,-96.741662,-1.8220269,-0.19549907
15761,-753.96292,-556.48657,-197.47635,-3.6425885,-0.66304945
15762,-714.78028,-586.51501,-128.26527,-2.3621388,-0.020319636
15763,-957.04615,-857.9842,-99.061952,-1.8420919,-1.6781601
15764,-909.07771,-657.99684,-251.08087,-4.7115947,-0.96876111
15765,-1074.7961,-1015.3049,-59.491158,-1.101918,-0.037928562
15766,-1102.7692,-895.59558,-207.17365,-3.8109465,1.2015543
15767,-1047.4288,-870.52133,-176.90747,-3.2703766,0.37174942
15768,-936.14201,-826.43918,-109.70283,-2.0705411,0.43979265
15769,-1363.0107,-1174.6477,-188.36294,-3.5053066,0.32080556
15770,-968.86154,-846.66035,-122.20119,-2.2796838,-0.056050799
15771,-1177.802,-1076.2717,-101.53025,-1.9103486,0.097694517
15772,-1491.0611,-1359.4692,-131.59195,-2.5070862,-1.499239
15773,-1316.254,-1134.1043,-182.14978,-3.477383,0.22371157
15774,-1164.6738,-1141.1817,-23.492093,-0.44550623,-0.80438138
15775,-1132.3582,-924.91627,-207.44191,-3.8927154,1.0129355
15776,-1129.6316,-1001.1501,-128.48148,-2.383953,0.15890435
15777,-1291.5124,-1165.8515,-125.66093,-2.3797863,0.64063036
15778,-1295.2489,-1116.4107,-178.83817,-3.38699,-0.34482556
15779,-1455.514,-1286.7741,-168.73991,-3.1913102,1.2133955
15780,-1166.3905,-1071.6209,-94.769679,-1.793188,1.4208751
15781,-1350.5893,-1110.4455,-240.14385,-4.538472,0.38725113
15782,-1207.4919,-1115.703,-91.788912,-1.7275772,-0.38650854
15783,-1351.2963,-1150.079,-201.21726,-3.7747708,-0.35071541
15784,-1336.3503,-1199.6209,-136.72944,-2.5960245,1.2821827
15785,-1174.9744,-1069.6998,-105.27452,-2.0103489,-0.66383478
15786,-1208.7037,-1046.3444,-162.35936,-3.0669903,-1.2020334
15787,-1175.8832,-1035.9305,-139.95274,-2.6288242,-0.84654484
15788,-1156.0899,-1052.5118,-103.57809,-1.9676616,-0.98443543
15789,-1071.8675,-911.5703,-160.29716,-3.0475677,-0.41074422
15790,-1086.4095,-980.12006,-106.2894,-2.0089859,1.0177615
15791,-1025.1108,-876.48657,-148.62428,-2.8231748,0.78952271
15792,-1016.527,-838.36967,-178.15735,-3.3831769,-1.1937883
15793,-959.87377,-838.57188,-121.30189,-2.3251257,0.14241576
15794,-943.91795,-765.67457,-178.24338,-3.3955575,0.69620944
15795,-948.56331,-809.04897,-139.51434,-2.617463,-0.21395448
15796,-860.80631,-706.12322,-154.68309,-2.9109586,-0.59821769
15797,-964.21617,-803.79147,-160.4247,-3.0643336,-1.1094213
15798,-922.91282,-736.75829,-186.15453,-3.5351665,1.2920386
15799,-899.98895,-810.46445,-89.5245,-1.6598633,0.080745079
15800,-934.62722,-747.67773,-186.94949,-3.5050309,0.77606174
15801,-834.5499,-729.47867,-105.07123,-1.9623964,0.075497472
15802,-893.22288,-759.00158,-134.2213,-2.5649363,1.0263447
15803,-862.82604,-708.14534,-154.6807,-2.9684085,0.46471359
15804,-853.63629,-754.55292,-99.083369,-1.890775,-1.147698
15805,-896.45444,-776.49289,-119.96155,-2.2567623,-0.79524779
15806,-836.46864,-644.44866,-192.01998,-3.5978603,0.9197781
15807,-930.58777,-817.33965,-113.24812,-2.1349082,-0.13460042
15808,-1032.7858,-862.83728,-169.94852,-3.2316146,-0.65801758
15809,-1057.9314,-899.63981,-158.29155,-2.955854,1.2990891
15810,-387.686,-285.3207,-102.3653,-1.8702241,-0.15246334
15811,-1287.473,-1077.7883,-209.68467,-3.7225664,-0.77912157
15812,197.83195,380.96682,-183.13487,-3.2865866,-2.4954633
15813,-782.44103,-691.8673,-90.573727,-1.6857646,-1.739603
15814,-1068.7369,-908.33491,-160.40197,-2.7684807,-0.45028818
15815,-1464.2998,-1321.6556,-142.64419,-2.362431,1.1759847
15816,901.30178,1053.624,-152.32224,-2.7824041,1.6619825
15817,1265.458,1442.376,-176.918,-3.2716555,0.22033932
15818,-160.66903,-128.90995,-31.759081,-0.55084696,-0.010762502
15819,-1226.1744,-1091.7409,-134.43344,-2.5416098,-0.45365878
15820,-532.5002,-340.8278,-191.67239,-3.5838836,-0.5183742
15821,-104.6217,-24.164297,-80.457399,-1.4999674,-0.069482581
15822,140.87574,334.86256,-193.98682,-3.6385234,0.18141313
15823,41.202367,207.5703,-166.36793,-3.1054684,-0.0015794938
15824,-60.086785,27.50079,-87.587575,-1.6370789,0.065494994
15825,-704.88363,-531.61453,-173.2691,-3.1957423,1.2450553
15826,-661.9645,-503.81043,-158.15407,-2.8937169,0.67937659
15827,-310.02761,-148.22117,-161.80644,-3.0491838,0.75560579
15828,-268.72426,-146.70458,-122.01968,-2.2824978,0.92589166
15829,-474.02919,-339.31122,-134.71797,-2.5195192,1.2324966
15830,-481.90611,-390.57188,-91.334234,-1.6913741,0.058948319
15831,-888.88047,-712.08847,-176.79201,-3.3443923,-0.41798947
15832,-470.89862,-370.95735,-99.941273,-1.9042285,-0.88808423
15833,-629.85089,-508.15798,-121.69291,-2.310363,0.56466704
15834,-773.45325,-654.45814,-118.99512,-2.2788266,0.88317893
15835,-535.63077,-423.12796,-112.50281,-2.1553414,-0.29272975
15836,-482.20907,-333.34597,-148.8631,-2.8171339,-0.71183651
15837,-737.3002,-577.51659,-159.78361,-2.969551,-0.17824529
15838,-866.36055,-774.57188,-91.788672,-1.729293,-0.63947328
15839,-956.94517,-748.58768,-208.35749,-3.9393828,-1.0981322
15840,-704.88363,-602.79305,-102.09058,-1.9168175,0.084458466
15841,-714.5783,-516.24645,-198.33186,-3.6994465,0.70654442
15842,-620.2572,-448.40442,-171.85278,-3.21779,0.29944416
15843,-770.9286,-668.30964,-102.61896,-1.9658856,0.46284579
15844,-818.69507,-668.81517,-149.8799,-2.8401997,-0.69451528
15845,-809.80828,-683.37441,-126.43388,-2.3509438,-1.5498806
15846,-598.64615,-501.28278,-97.363373,-1.8396716,-0.53805423
15847,-582.48836,-430.20537,-152.28299,-2.9101924,-0.37566567
15848,-503.01223,-361.04897,-141.96326,-2.691524,0.1440119
15849,-611.77436,-561.33965,-50.434707,-0.95157756,-1.2574757
15850,-646.71558,-455.07741,-191.63817,-3.6001282,-0.10521877
15851,-476.35187,-342.04107,-134.3108,-2.5188869,-0.52336698
15852,-497.96292,-373.08057,-124.88235,-2.3597659,0.84536268
15853,-486.95542,-297.35229,-189.60313,-3.5784095,-0.14652808
15854,-455.34675,-343.65877,-111.68798,-2.0982857,-0.053915876
15855,-409.09507,-287.44392,-121.65115,-2.2554752,0.026243702
15856,-480.18935,-242.1485,-238.04085,-4.4553627,-0.61985638
15857,-373.14398,-302.30648,-70.837507,-1.3504063,-0.57088029
15858,-355.87535,-142.96367,-212.91168,-4.0662136,0.038105532
15859,-327.80118,-233.15008,-94.651104,-1.7980357,1.1788914
15860,-273.26864,-150.34439,-122.92425,-2.3162057,0.24838646
15861,-256.10099,-107.77883,-148.32216,-2.7742565,-1.9088346
15862,-238.83235,-110.00316,-128.82919,-2.3778111,-2.3830358
15863,-209.54635,-151.55766,-57.988689,-1.0828805,-2.1594543
15864,-243.17475,-82.603476,-160.57128,-3.0585534,-0.34236416
15865,-230.24852,-97.567141,-132.68138,-2.5027599,0.96391068
15866,-233.58107,-74.818325,-158.76274,-2.9906989,1.4905997
15867,-247.51716,-102.52133,-144.99583,-2.7218784,0.64473448
15868,-195.10533,-44.385466,-150.71986,-2.8340794,0.23891291
15869,-376.37554,-234.76777,-141.60777,-2.688744,0.0095930622
15870,-116.63905,55.911532,-172.55059,-3.2718755,0.67317557
15871,-41.303353,100.19589,-141.49925,-2.6829059,-0.48840115
15872,-556.43393,-459.82938,-96.604541,-1.8040635,-0.38347298
15873,71.599211,333.95261,-262.3534,-4.6326535,0.28697856
15874,47.261538,24.872038,22.389501,0.40320473,-0.79176043
15875,754.56884,1030.1675,-275.59862,-4.790775,0.40917729
15876,1319.7886,1419.3239,-99.535295,-1.8716132,-0.9331358
15877,718.01183,769.41548,-51.403648,-0.86184039,-0.31462615
15878,-2003.6671,-1901.2954,-102.37164,-1.8401649,0.93678974
15879,-51.906903,73.301738,-125.20864,-2.2201128,0.44050876
15880,-141.27968,0.90995261,-142.18964,-2.5328116,-1.1700614
15881,873.93452,1042.8057,-168.87117,-3.0860616,-0.41311624
15882,28.478107,112.12638,-83.648276,-1.565421,0.40942878
15883,415.86114,648.79621,-232.93506,-4.3610893,-0.25226898
15884,16.662722,100.90363,-84.240912,-1.5931141,1.0574196
15885,126.23274,307.76619,-181.53345,-3.4459997,0.51954146
15886,388.59487,555.87994,-167.28507,-3.1511454,0.27827252
15887,398.79448,542.73618,-143.9417,-2.6967902,0.62908928
15888,181.27022,296.74566,-115.47544,-2.1656229,-0.81520657
15889,307.70493,432.32859,-124.62366,-2.3348789,-1.710148
15890,22.115976,179.8673,-157.75132,-2.935277,-0.011049768
15891,122.39527,218.89415,-96.498889,-1.8240293,-0.67130213
15892,108.45917,287.74724,-179.28806,-3.4007117,0.28891898
15893,240.04418,308.47393,-68.429752,-1.3129678,0.21962088
15894,-203.18422,-84.018957,-119.16526,-2.2787005,0.0038868774
15895,140.97673,335.36809,-194.39136,-3.6502139,0.1447358
15896,-37.061933,29.118483,-66.180416,-1.2616331,-0.23303999
15897,-411.21578,-249.63033,-161.58545,-3.1468517,0.28296613
15898,-224.18935,-8.3917852,-215.79756,-4.1170602,0.92914592
15899,-53.926627,-34.477093,-19.449534,-0.36710919,0.56375644
15900,-52.00789,253.97788,-305.98577,-5.7263981,0.21120038
15901,13.229191,107.98104,-94.751851,-1.7797636,-0.6608975
15902,-179.35148,-41.150079,-138.2014,-2.6521058,1.4035934
15903,-139.36095,33.769352,-173.1303,-3.2989008,0.88340929
15904,-245.80039,-192.10111,-53.699289,-1.0050412,0.1494148
15905,-54.835503,122.64139,-177.47689,-3.3698531,-0.087480715
15906,-136.33136,-28.612954,-107.71841,-2.0560592,-0.87412446
15907,-69.074556,68.246445,-137.321,-2.6087037,0.2896812
15908,-167.63708,-46.104265,-121.53282,-2.3141732,0.45388584
15909,-185.91558,-80.176935,-105.73865,-2.0207612,1.2531562
15910,-58.571992,101.40916,-159.98115,-3.0275869,-0.71467126
15911,-73.820907,63.191153,-137.01206,-2.5302707,-0.21444832
15912,-91.392505,93.725118,-185.11762,-3.4414964,0.34757214
15913,-35.54714,47.418641,-82.965781,-1.5624506,-0.74334891
15914,39.384615,201.50395,-162.11933,-3.0471357,-0.53164991
15915,6.6650888,192.60664,-185.94155,-3.4854745,0.49230675
15916,101.99606,218.69194,-116.69589,-2.2103724,0.92029937
15917,101.18817,305.33965,-204.15149,-3.8599711,0.39135308
15918,207.42564,284.41074,-76.985101,-1.4670744,0.34455758
15919,225.50217,374.69826,-149.19609,-2.8679585,1.5512107
15920,180.26036,352.55608,-172.29573,-3.2894354,-0.33953867
15921,348.40237,392.18957,-43.787207,-0.84231639,-1.0463323
15922,186.11755,368.83412,-182.71657,-3.5380049,0.54280005
15923,241.96292,344.66983,-102.70691,-1.9686199,1.1922099
15924,252.56647,327.48183,-74.915363,-1.4162582,0.3284427
15925,198.9428,412.30964,-213.36684,-4.0538163,1.7575727
15926,284.98304,381.06793,-96.084893,-1.811136,0.64863046
15927,181.27022,371.15956,-189.88934,-3.6077262,1.8754908
15928,259.43353,379.75355,-120.32002,-2.317991,2.0247888
15929,257.81775,377.42812,-119.61037,-2.2709404,0.68494905
15930,202.17436,380.76461,-178.59025,-3.3452935,-0.30907367
15931,272.66272,436.47393,-163.81121,-3.051418,-0.055910198
15932,205.60789,333.24487,-127.63698,-2.4019432,1.0531767
15933,106.54043,257.41548,-150.87505,-2.8500606,-0.011136598
15934,82.909665,220.51185,-137.60218,-2.57914,1.7578349
15935,770.12071,896.30332,-126.18261,-2.3313364,-0.29806747
15936,-103.20789,17.99684,-121.20473,-2.1807935,-0.76801607
15937,1351.9022,1556.019,-204.11679,-3.686157,-0.72551456
15938,403.84379,391.07741,12.766378,0.23443851,-2.4787753
15939,54.633531,248.11374,-193.48021,-3.3535963,0.078673318
15940,-322.44892,-180.47393,-141.97498,-2.3883482,1.06978
15941,1997.5069,2160.4297,-162.9228,-3.0570745,1.3535227
15942,2331.0643,2557.7757,-226.71137,-4.2702341,0.77022988
15943,962.60039,968.29068,-5.6902848,-0.099677017,0.31767399
15944,-140.26982,42.363349,-182.63317,-3.4499511,0.57355575
15945,577.23708,785.49131,-208.25423,-3.8572995,1.0081771
15946,979.16213,1087.1912,-108.02902,-2.055509,0.44888849
15947,1281.5148,1468.6635,-187.14871,-3.5831124,0.72406761
15948,1213.2481,1335.406,-122.15788,-2.2962433,0.4545158
15949,1070.9586,1151.6967,-80.738103,-1.5170092,0.84741435
15950,460.39606,622.00316,-161.6071,-3.031081,2.3109118
15951,495.03432,625.94629,-130.91197,-2.4417648,1.2230069
15952,847.17318,980.01896,-132.84578,-2.5288259,1.6726327
15953,886.05286,963.13428,-77.081421,-1.4604592,0.7804536
15954,636.51598,816.93523,-180.41925,-3.3908013,1.2974543
15955,657.5211,737.76935,-80.248248,-1.4760233,0.46652809
15956,211.56607,424.54344,-212.97737,-3.970098,0.23820539
15957,602.18067,710.9763,-108.79563,-2.0295669,0.31455919
15958,452.31716,609.36493,-157.04777,-2.9630872,0.19586393
15959,325.98343,473.68088,-147.69745,-2.8175659,0.7462087
15960,552.39448,695.406,-143.01153,-2.6984637,0.47752626
15961,616.21775,780.73934,-164.52159,-3.0721587,-0.44985048
15962,378.79921,552.03791,-173.2387,-3.2103004,0.49965106
15963,304.17041,342.74882,-38.578401,-0.72373004,-0.26644266
15964,172.08047,382.48341,-210.40294,-3.9905446,-1.2147979
15965,456.45759,544.65719,-88.199594,-1.656676,-0.41349503
15966,440.70375,598.74882,-158.04507,-3.0334997,0.26799358
15967,540.78107,677.40916,-136.6281,-2.6357286,1.104847
15968,376.98146,428.78989,-51.80843,-0.99973026,0.29001576
15969,296.49546,485.51027,-189.01481,-3.6296715,0.13358303
15970,305.78619,439.00158,-133.21539,-2.5130206,0.82148523
15971,498.36686,630.19273,-131.82587,-2.5046441,0.15936472
15972,495.23629,672.65719,-177.4209,-3.4112254,0.78997517
15973,602.07968,722.70458,-120.6249,-2.2754817,1.0862042
15974,470.79763,574.18009,-103.38246,-1.9594888,0.62298706
15975,448.27771,675.48815,-227.21044,-4.2786837,1.1312283
15976,630.4568,753.54186,-123.08506,-2.3021918,0.79017011
15977,610.15858,741.20695,-131.04837,-2.4758695,2.851423
15978,686.1002,802.37599,-116.27579,-2.2109406,1.6286569
15979,668.73057,818.75513,-150.02456,-2.8508785,1.5686828
15980,741.44063,828.4613,-87.020664,-1.6192518,-0.50977236
15981,684.48442,882.04739,-197.56298,-3.6877985,-0.098524804
15982,772.84734,840.89731,-68.049977,-1.2773847,0.20844193
15983,788.09625,940.68878,-152.59253,-2.8695543,0.47061377
15984,787.49034,927.84834,-140.35801,-2.669091,0.71500372
15985,848.78895,959.89889,-111.10994,-2.1061556,0.68073905
15986,827.17791,996.09479,-168.91688,-3.1580087,-0.13484206
15987,824.14832,996.80253,-172.6542,-3.1627609,-0.41327295
15988,889.78935,937.95893,-48.169577,-0.89469367,-1.1764488
15989,822.93649,1073.4408,-250.50427,-4.6366044,-0.41798376
15990,860.80631,989.52291,-128.7166,-2.3822699,1.1119065
15991,886.86075,1049.2765,-162.41571,-3.052885,1.1583973
15992,819.80592,1019.6524,-199.84653,-3.7614909,1.2703926
15993,1013.2955,1061.6114,-48.315911,-0.89970025,0.99104908
15994,720.33452,903.68404,-183.34953,-3.4393396,2.1871494
15995,1061.5669,1186.0727,-124.50581,-2.3402083,0.33895515
15996,1102.8702,1241.2765,-138.40624,-2.6480507,-0.39250544
15997,581.27653,655.67141,-74.394877,-1.4108654,-1.5971558
15998,1250.512,1427.4123,-176.90029,-3.1242213,1.050112
15999,1120.6438,1191.4313,-70.787493,-1.2739544,1.1504282
16000,1892.1783,2121.5039,-229.32565,-3.9737884,1.9056365
16001,2381.7594,2531.8926,-150.13321,-2.8352714,2.038804
16002,1788.9704,1886.2306,-97.260234,-1.6149323,0.40706573
16003,-906.957,-806.42022,-100.53678,-1.7880898,0.93945508
16004,998.55148,1204.7773,-206.22577,-3.6661943,1.1514715
16005,948.96726,1107.2101,-158.24285,-2.8075352,-0.77307487
16006,1980.3393,2169.1248,-188.78555,-3.4321528,-0.61720693
16007,1125.8951,1232.3791,-106.48408,-1.9757737,-0.37311753
16008,1614.7692,1746.4013,-131.63203,-2.4722836,-1.1466739
16009,1107.0107,1265.4408,-158.43011,-2.9966205,0.43299889
16010,1314.7393,1401.6303,-86.891081,-1.6466544,-1.1438455
16011,1530.3448,1703.7346,-173.38982,-3.3083295,-0.41541674
16012,1553.8746,1640.3412,-86.466676,-1.6392451,-0.35142653
16013,1338.471,1391.5197,-53.048741,-0.99311107,-1.4353319
16014,1392.7006,1585.9463,-193.2457,-3.6149878,-1.9252311
16015,1176.8931,1267.7662,-90.873096,-1.6950133,-0.17082976
16016,1159.7254,1352.8973,-193.17187,-3.6322627,0.45359297
16017,1193.5558,1386.06,-192.50421,-3.6653466,0.67581686
16018,1335.2394,1394.5529,-59.313475,-1.1365853,0.43274666
16019,861.71519,1080.316,-218.60077,-4.1142444,1.922851
16020,1220.7211,1399.0016,-178.28048,-3.3103879,1.171775
16021,1075.099,1175.4566,-100.35754,-1.9109483,-0.11900295
16022,718.81972,867.28594,-148.46622,-2.8498873,-1.0794314
16023,949.77515,1071.722,-121.94681,-2.3192426,1.2617515
16024,1058.2343,1163.7283,-105.49396,-1.9943019,1.5632803
16025,1146.1933,1305.2765,-159.08317,-2.9536571,0.37108342
16026,1146.3953,1274.7425,-128.34723,-2.4091223,-0.78140803
16027,982.39369,1053.1185,-70.724795,-1.3478611,0.26556272
16028,1000.5712,1130.97,-130.39878,-2.5294677,1.5145954
16029,838.1854,980.42338,-142.23798,-2.6979328,1.8136114
16030,1071.3625,1179.9052,-108.54269,-2.0566374,1.2091787
16031,916.4497,1107.4123,-190.96262,-3.6142874,-0.086209664
16032,1023.798,1137.3397,-113.54162,-2.1390754,-0.33628814
16033,910.5925,1052.7141,-142.12156,-2.6882529,-1.5039943
16034,885.34596,1083.7536,-198.4076,-3.741987,-0.11893678
16035,1018.2438,1154.9321,-136.68828,-2.5966172,-0.22274363
16036,1047.0249,1210.5403,-163.51543,-3.0895719,-0.76555817
16037,1038.2391,1181.5229,-143.28385,-2.6631549,-1.8147457
16038,1128.2178,1156.9542,-28.736435,-0.54329335,-1.0359851
16039,1147.3041,1358.0537,-210.74957,-4.0323948,-0.27490216
16040,1181.3365,1265.9463,-84.609798,-1.5910384,0.73308994
16041,1251.3199,1395.1596,-143.83964,-2.7277804,1.0863837
16042,1257.4801,1375.7472,-118.26716,-2.2606335,-0.047998249
16043,1319.7886,1413.4597,-93.671155,-1.791922,0.19128742
16044,1339.9858,1524.0695,-184.08371,-3.4956799,-0.0025809312
16045,1299.5913,1449.8578,-150.2665,-2.8122404,0.22447906
16046,1394.8213,1519.0142,-124.19292,-2.3397708,-1.0615195
16047,1273.2339,1437.9273,-164.69341,-3.152307,-1.3373812
16048,1318.8797,1449.3523,-130.47261,-2.462322,-1.5659779
16049,1334.2296,1470.5845,-136.35493,-2.5623139,-0.14143618
16050,1286.5641,1481.6051,-195.04095,-3.687147,1.0808786
16051,1403.4051,1523.1596,-119.75443,-2.2459462,0.52188248
16052,1343.4193,1458.4518,-115.03249,-2.181908,0.33583877
16053,1386.5404,1501.0174,-114.47694,-2.2114073,0.27351361
16054,1383.0059,1520.1264,-137.12047,-2.6102744,0.22978033
16055,1387.3483,1468.9668,-81.618501,-1.5386291,-0.40021723
16056,1411.989,1587.6651,-175.67613,-3.2742771,0.17208995
16057,1356.2446,1400.6193,-44.374697,-0.83500529,-0.4518035
16058,1224.6596,1394.7551,-170.09557,-3.2327651,-0.67628944
16059,1214.7629,1356.436,-141.6731,-2.6560573,-0.20418459
16060,1854.4095,1989.0553,-134.64582,-2.4767985,0.5573881
16061,948.26036,1122.0727,-173.81231,-3.1264833,-1.0039461
16062,2452.4497,2625.5166,-173.06688,-3.1539173,-1.359454
16063,1474.2974,1512.3412,-38.043796,-0.70601615,-2.6304899
16064,1152.5554,1364.7267,-212.17127,-3.6367427,-0.044642974
16065,763.65759,891.85466,-128.19707,-2.1270564,2.0044157
16066,3103.0028,3267.0332,-164.03041,-3.030317,2.179943
16067,3495.1321,3653.3586,-158.22646,-2.9807793,-0.48304127
16068,2078.2959,2098.0474,-19.751535,-0.34615978,-0.63422765
16069,1006.0245,1182.7362,-176.71172,-3.3066156,-0.14099913
16070,1727.0659,1874.3002,-147.23428,-2.7125537,0.1180245
16071,2123.3357,2214.5213,-91.185627,-1.7274132,-0.60305018
16072,2418.4174,2548.0695,-129.65215,-2.4864381,-1.3525297
16073,2308.3424,2455.4566,-147.11415,-2.8062173,-0.19780777
16074,2196.4497,2274.376,-77.926283,-1.4700677,-1.0092814
16075,1550.643,1725.3712,-174.72825,-3.22258,0.81121885
16076,1550.0371,1706.2622,-156.22516,-2.9130393,0.041160595
16077,1954.4868,2078.2306,-123.74386,-2.3709576,0.57480408
16078,1959.3341,2067.109,-107.77488,-2.0504558,-0.11486927
16079,1726.8639,1931.425,-204.56106,-3.9095404,0.78532936
16080,1755.9479,1839.6209,-83.672924,-1.5645897,0.041821015
16081,1309.084,1527.5071,-218.42309,-4.103835,-0.7417679
16082,1770.5909,1832.5434,-61.952517,-1.1667416,-0.3309204
16083,1570.7393,1720.2148,-149.4756,-2.8420778,-0.39942884
16084,1465.8146,1615.7725,-149.95792,-2.8934225,0.23679344
16085,1712.0189,1803.8294,-91.810449,-1.7405687,-0.47728554
16086,1747.869,1893.4092,-145.54013,-2.7486069,-1.3338039
16087,1541.6552,1656.8215,-115.16626,-2.1533744,-0.68948403
16088,1387.9542,1481.9084,-93.954132,-1.7699676,-0.78437042
16089,1299.2884,1494.6477,-195.35935,-3.6864581,-0.31122606
16090,1551.1479,1652.9795,-101.83153,-1.8913519,1.4376232
16091,1495.5045,1694.1295,-198.62501,-3.6811215,0.6018922
16092,1646.4789,1783.6082,-137.12932,-2.5503158,-0.26385225
16093,1448.8489,1534.4834,-85.634497,-1.6489237,0.23746292
16094,1373.2103,1605.1564,-231.94614,-4.4331239,-0.16489538
16095,1412.7968,1536.1011,-123.30426,-2.3094135,0.65225994
16096,1583.3625,1738.7172,-155.35469,-2.9105775,0.94674792
16097,1676.3708,1778.7551,-102.38433,-1.9285404,-1.022936
16098,1690.3069,1867.1216,-176.81474,-3.3706126,-0.90054833
16099,1630.1191,1699.7915,-69.672337,-1.3121569,-2.3709604
16100,1615.4761,1773.0932,-157.61707,-2.9579398,0.89672756
16101,1738.1744,1873.6935,-135.51916,-2.5452421,0.58412189
16102,1777.7609,1837.3965,-59.635578,-1.1223859,0.25053225
16103,1766.1475,1949.8262,-183.67869,-3.5117938,-2.1543709
16104,1797.5542,1915.5513,-117.9971,-2.240435,-1.4975728
16105,1828.86,1963.1722,-134.31224,-2.5220504,0.55340859
16106,1727.0659,1964.4866,-237.42069,-4.5046522,0.59279307
16107,1889.2497,1923.7409,-34.491212,-0.65513915,-0.43649477
16108,1851.2789,2064.1769,-212.89804,-4.0449627,-0.73313956
16109,1876.5254,2020.3981,-143.87266,-2.7286853,0.58009057
16110,1932.7748,2055.684,-122.90929,-2.3591648,0.23919515
16111,1920.2525,2117.1564,-196.90393,-3.7279064,0.4575431
16112,2016.7953,2084.4992,-67.703944,-1.2414507,-1.366426
16113,1956.5065,2100.3728,-143.86632,-2.6861248,-1.3772395
16114,2005.2828,2140.9163,-135.63343,-2.5772692,-0.17598531
16115,2004.8789,2124.8404,-119.96155,-2.2564565,1.5796651
16116,2004.5759,2138.6919,-134.11601,-2.5348262,1.5325862
16117,2001.6473,2110.1801,-108.53276,-2.0441519,0.58059759
16118,2047.5961,2207.1406,-159.54455,-3.0501813,0.30045641
16119,1872.789,1986.6288,-113.8398,-2.1577965,-0.28605128
16120,2105.2592,2278.7235,-173.46437,-3.2812567,0.086372793
16121,2178.1712,2340.6003,-162.42911,-3.0417669,0.17043966
16122,1679.6024,1735.8863,-56.283889,-1.0345721,-0.21373585
16123,2271.3815,2559.7978,-288.41633,-5.098765,0.21768192
16124,2236.1373,2282.5656,-46.428283,-0.83419524,0.35147459
16125,2960.9152,3216.0758,-255.16064,-4.4314851,0.021754334
16126,3493.6174,3639.9115,-146.29418,-2.7220924,0.78301909
16127,2970.1049,2974.2306,-4.1257167,-0.068531492,-0.15963856
16128,152.18619,356.90363,-204.71744,-3.6668145,0.93534082
16129,2203.7207,2292.0695,-88.3488,-1.5934928,0.18850484
16130,2066.1775,2232.1137,-165.93623,-3.0202234,-0.68049515
16131,3127.6434,3255.5071,-127.86372,-2.3857135,0.25452695
16132,2275.5219,2330.4897,-54.967838,-1.0359758,0.38963633
16133,2658.9665,2889.6051,-230.63859,-4.4055843,-0.40514257
16134,2259.97,2347.5766,-87.6066,-1.6690771,0.5241381
16135,2358.3306,2511.1659,-152.8353,-2.912504,-0.32600021
16136,2587.3673,2772.2212,-184.85391,-3.4811219,-0.39578793
16137,2642.6067,2728.0379,-85.431209,-1.5970999,-2.1643627
16138,2370.045,2524.7141,-154.66909,-2.9108076,-1.2358319
16139,2496.6817,2662.7235,-166.04188,-3.1139934,-1.3774529
16140,2225.3318,2367.5956,-142.26382,-2.6836073,-0.036959903
16141,2277.8446,2454.8499,-177.00535,-3.3503923,0.92196506
16142,2364.8947,2455.3555,-90.460776,-1.7248077,0.81175454
16143,2380.7495,2554.4392,-173.68967,-3.3272517,0.14521997
16144,2074.3574,2147.1848,-72.827438,-1.3821541,-0.66150177
16145,2322.3795,2530.6793,-208.29982,-3.9610991,-0.63932372
16146,2212.0016,2244.1453,-32.143762,-0.62033922,-0.75793328
16147,1841.0793,1933.8515,-92.772211,-1.7936952,-0.94386371
16148,1997.7089,2238.079,-240.37011,-4.5592661,0.087528901
16149,2187.7649,2196.8278,-9.0629126,-0.17178057,1.9077415
16150,2143.331,2413.3965,-270.06556,-5.0218321,0.64292911
16151,2216.445,2346.6667,-130.2217,-2.4227352,0.95425086
16152,2057.3917,2124.9415,-67.549832,-1.285837,0.7856172
16153,2032.1452,2274.7804,-242.63524,-4.6041411,1.4088124
16154,1910.9617,1991.4818,-80.520097,-1.5231431,1.8138413
16155,2143.8359,2321.4913,-177.65541,-3.3374486,1.9785787
16156,2017.3002,2192.0758,-174.77563,-3.3028375,1.3283216
16157,2176.7574,2208.6572,-31.899792,-0.60384421,0.16077733
16158,1978.3195,2225.9463,-247.62676,-4.7456437,-0.62134187
16159,2067.7933,2115.7409,-47.947622,-0.91445689,0.76678484
16160,2129.2939,2318.7615,-189.46757,-3.6038473,0.45456782
16161,2166.0529,2245.8641,-79.811279,-1.5006712,-0.13999407
16162,2160.9026,2280.2401,-119.33756,-2.2379238,-0.67604591
16163,2166.4568,2297.2259,-130.7691,-2.4871568,-0.85851935
16164,2258.0513,2386.6035,-128.55219,-2.4574899,0.16903738
16165,2193.8241,2387.7156,-193.89158,-3.6593499,1.9033032
16166,2307.9385,2428.4613,-120.52283,-2.2800234,0.95865592
16167,2319.6529,2462.7362,-143.08332,-2.6864159,-1.0450861
16168,2349.1408,2543.1153,-193.9745,-3.6850406,0.80163509
16169,2427.7081,2539.2733,-111.56521,-2.1295586,0.34633547
16170,2374.1854,2578.9068,-204.72139,-3.8801147,0.26423004
16171,2508.8,2564.1453,-55.34534,-1.05662,0.37281606
16172,2397.4122,2527.7472,-130.33501,-2.5242818,-0.6040877
16173,2410.5404,2596.0948,-185.55435,-3.5745505,0.72789876
16174,2495.3688,2491.9558,3.4130701,0.065151269,-0.18018833
16175,2396.2004,2641.3902,-245.18981,-4.6588572,0.85093145
16176,2511.4256,2545.1374,-33.7118,-0.64065058,-0.078314278
16177,2439.6245,2570.4139,-130.78944,-2.4804697,0.1400584
16178,2453.1566,2613.6872,-160.5306,-3.0898417,0.9247999
16179,2469.2134,2587.0964,-117.88295,-2.2497341,-0.5976488
16180,2401.1487,2565.0553,-163.90657,-3.0473386,-1.3393066
16181,2451.7428,2619.5513,-167.80854,-3.1289174,-0.9141984
16182,2425.1834,2498.9321,-73.748638,-1.3829018,0.020300607
16183,2252.3961,2490.0348,-237.6387,-4.5239861,-0.31985655
16184,2285.1156,2407.0269,-121.91127,-2.2989759,0.230899
16185,2915.1684,3092.5245,-177.35604,-3.2823277,-0.5577138
16186,2067.0864,2180.3476,-113.26116,-2.0097156,-0.24441135
16187,3565.9235,3716.3476,-150.42408,-2.6941735,-1.3258242
16188,2540.4087,2622.8878,-82.479157,-1.5133316,-1.9750654
16189,2308.4434,2415.722,-107.27857,-1.8634598,0.088531091
16190,1838.2517,2017.5671,-179.31546,-3.0125132,1.0627292
16191,4170.8308,4281.1248,-110.29403,-2.0833897,0.41238561
16192,4593.256,4766.4329,-173.17684,-3.317616,0.45501689
16193,3140.8726,3182.3065,-41.433893,-0.73146033,0.75395328
16194,2087.9905,2253.346,-165.35544,-3.1220934,1.1371726
16195,2725.3144,2940.2591,-214.94469,-4.0521493,1.4355163
16196,3180.6611,3255.9115,-75.250388,-1.4464385,0.12256875
16197,3482.9128,3619.387,-136.47423,-2.6656023,-0.37320484
16198,3306.7929,3542.4455,-235.6526,-4.5163258,0.044480629
16199,3281.1424,3328.7077,-47.565335,-0.89813469,0.28449345
16200,2594.5373,2816.3033,-221.76604,-4.1535811,1.2396051
16201,2677.5479,2776.5687,-99.020791,-1.8302538,-0.2994123
16202,3042.714,3173.207,-130.49295,-2.5005272,0.21906141
16203,3027.6671,3159.2543,-131.58728,-2.5266297,0.6247497
16204,2876.8947,2997.8894,-120.99474,-2.3005345,1.2802496
16205,2816.101,2936.2148,-120.11386,-2.24865,0.26631799
16206,2452.4497,2568.594,-116.14429,-2.1958785,-0.75493361
16207,2816.5049,2935.3049,-118.79997,-2.2775232,-0.39114614
16208,2632.5081,2806.6983,-174.19018,-3.3495171,-0.67699402
16209,2534.4505,2666.97,-132.51949,-2.5505273,1.0060801
16210,2688.1515,2872.6193,-184.46779,-3.4828659,0.23496351
16211,2818.7266,2937.8325,-119.10592,-2.2337192,-0.50147632
16212,2569.7957,2726.1169,-156.32124,-2.9373605,-1.6623707
16213,2420.1341,2550.5972,-130.46303,-2.4955986,-1.4384611
16214,2369.742,2556.9668,-187.22481,-3.5506656,-1.1211675
16215,2574.744,2719.2417,-144.49772,-2.7195042,0.34397567
16216,2646.9491,2736.733,-89.783905,-1.6954887,0.7080944
16217,2682.5972,2864.1264,-181.52914,-3.4944164,0.41120601
16218,2546.4679,2620.2591,-73.791234,-1.4251355,-0.49346978
16219,2512.2335,2664.2401,-152.0066,-2.9539207,0.45766492
16220,2470.4252,2608.0253,-137.60003,-2.6233308,0.2044411
16221,2722.9917,2773.94,-50.948252,-0.97215007,1.1684025
16222,2701.4817,2873.7314,-172.24978,-3.3411135,1.0046169
16223,2756.8221,2921.4534,-164.63131,-3.1567552,0.95508971
16224,2684.213,2760.2907,-76.077662,-1.4492233,1.2370248
16225,2583.2268,2818.0221,-234.79529,-4.4386942,1.5030446
16226,2822.5641,2919.5324,-96.968283,-1.8055491,0.71563375
16227,2769.6473,2903.9621,-134.31475,-2.5643616,0.93055914
16228,2824.6848,3009.1122,-184.42735,-3.5191331,-0.88430029
16229,2847.5077,2962.0979,-114.59025,-2.2023835,0.084811974
16230,2853.8698,3007.2923,-153.42244,-2.8500256,1.1608655
16231,2898.1018,3010.4265,-112.32477,-2.0851673,0.27945136
16232,2900.0205,3008.91,-108.88944,-2.0782887,-0.0094324386
16233,2969.903,3121.1374,-151.23448,-2.935711,-1.7171087
16234,2978.6888,3095.9621,-117.27333,-2.2897234,1.3777931
16235,2999.5929,3099.9052,-100.31231,-1.9300894,0.31746897
16236,3037.6647,3169.1627,-131.49802,-2.4679253,0.0027365266
16237,3030.4947,3166.1295,-135.63487,-2.5207377,-0.87673875
16238,3042.714,3157.3333,-114.61933,-2.1956358,-2.1320491
16239,3040.6943,3207.2796,-166.58534,-3.2124897,-0.63840047
16240,2977.5779,3154.9068,-177.32888,-3.3633881,1.1862301
16241,3084.0174,3188.3728,-104.35547,-1.9646846,1.5121244
16242,2980.8095,3162.0853,-181.27584,-3.4544426,0.90180756
16243,3102.3968,3244.5877,-142.19083,-2.7202152,1.2013749
16244,2926.3779,3037.8262,-111.44832,-2.1449183,0.22247506
16245,3138.7519,3343.8736,-205.12174,-3.9393644,-0.1427367
16246,3312.1452,3370.1611,-58.01597,-1.112837,-0.05910823
16247,2692.8978,2813.3712,-120.47342,-2.2595073,0.094304623
16248,3404.0426,3610.2875,-206.24492,-3.6724244,0.54408168
16249,3321.032,3338.1106,-17.078632,-0.3141288,0.089134095
