sample,m0_ex0,m0_ex1,m0_ex2,m0_ex3,m0_ex4,m0_ex5,m0_ex6,m0_ex7,m1_ex0,m1_ex1,m1_ex2,m1_ex3,m1_ex4,m1_ex5,m1_ex6,m1_ex7
0,1792,12544,11264,6400,-512,6144,4352,-1280,4352,-512,-256,-1024,7680,-10752,16896,5888
1,-15872,8448,7680,11776,1536,7680,6912,-2304,-10496,-10752,-4352,-1024,7680,-6656,7936,13568
2,-1024,4096,7168,-2816,256,6912,6400,-3328,-1280,-2048,-6144,1536,6912,-3072,5376,0
3,-5120,-1536,-512,2816,1792,-2048,-2304,1792,-4608,-1536,3072,-256,-1280,-3328,-768,4608
4,-1024,1792,-2816,-1792,6656,-512,-3072,768,-1536,-2304,-3328,5632,-3840,-2048,-3840,-768
5,1024,2304,-256,768,-5120,-512,512,1536,-512,1024,1792,-3328,-512,768,1280,-1792
6,5120,-4096,-4864,0,512,-512,768,-3584,-256,-1536,-1536,2304,-1792,-512,2048,0
7,-1280,-768,512,-512,-1536,1280,-2560,0,-2048,-256,-1280,-3072,1536,2304,3328,-512
8,1280,-768,768,1024,0,512,-1280,-1024,5120,1280,768,2048,-1280,-4096,0,-2048
9,-3840,1024,5120,1280,-512,0,1792,2560,256,-768,768,-1024,4096,512,768,256
10,-1792,-512,-1024,-1792,-256,256,768,-256,512,-1280,256,-768,-1280,-1280,512,2048
11,-3328,256,-1024,-2560,1536,-1536,-1792,1280,-1280,2816,-1024,-1792,-1280,5120,-3328,2304
12,3840,-1792,-256,1792,1536,-1792,512,0,-768,-512,1024,2560,-2304,512,-3584,-1280
13,256,1536,-1536,-1280,-1024,-256,-4352,256,-1280,512,-768,1024,2048,-2560,0,-1280
14,1536,1024,-2304,2816,-3072,1536,1024,-1024,0,-3072,2816,-256,-1792,-3840,2304,-1280
15,-2048,-1024,-1280,2816,-256,0,1536,-256,-256,0,-2048,1536,-1024,2560,256,1024
16,4352,-1280,2304,3072,-1792,2560,3072,-768,512,768,-256,-2816,2048,1792,2560,1024
17,-768,2816,3584,-3072,4352,256,-1536,2560,3072,4608,-2816,1024,2304,-2560,-2816,512
18,512,-1024,256,-256,0,-1280,512,3840,2560,-768,3328,-2048,-512,2048,0,768
19,256,-2304,-256,-3072,1792,-2816,-1536,-512,-256,-512,256,-256,-512,3840,-512,768
20,-256,0,-3072,2304,-4096,768,256,-1280,-1792,-768,1024,-1024,256,-768,2560,2048
21,-768,1280,-1280,256,256,-2304,-1280,-1280,-2304,512,0,3328,-1536,-3328,-1280,-3072
22,1536,1536,256,512,2816,1536,-512,512,-1792,-512,1024,1024,-1024,-1536,768,-1536
23,4096,768,0,-1024,2048,3072,2304,-1280,512,-768,512,-512,1024,-2560,256,1280
24,-1792,-256,1024,2304,1536,2304,2816,1536,2304,1536,256,1792,2560,-768,1024,2560
25,256,0,2560,3328,-1792,-1792,2816,-1280,768,-2304,-1280,1280,1024,3840,2560,-256
26,-3584,-1024,0,-768,256,-768,-3840,2304,-256,0,-1536,-1024,-1536,1792,-512,256
27,512,-512,-2048,-1536,256,-1280,-2560,1536,0,-2304,-768,256,-512,-1792,-1792,256
28,-768,-2816,1280,-1280,1024,256,-1024,2304,512,3584,4864,-1280,-512,-2048,-3072,768
29,4352,1280,-768,1024,2048,1024,768,-2560,-256,2304,-512,2560,1024,2304,768,1536
30,-1280,1280,0,1536,512,-1024,-1024,256,-1792,1280,1280,1024,-256,-2560,-1024,-1280
31,3072,3840,768,3328,-512,3328,3840,5120,512,-4352,1536,3328,0,1536,5632,2048
32,4096,2304,4352,4096,5376,5120,4608,5632,3328,4352,6144,4352,5632,7936,7936,2816
33,3840,3072,2816,3840,3584,6656,5120,3328,7168,3584,2560,7168,6912,2304,5376,3584
34,-3584,0,3840,256,1792,-2816,-512,0,-512,2304,1536,1536,1792,-2048,-3072,-1024
35,0,-1536,1024,-512,1536,-3840,-256,512,768,-2560,-1536,768,-5632,-512,-2560,1280
36,-1792,1024,-1280,-3072,2816,-1280,-2304,1280,256,2304,512,-1280,-1024,4864,-256,512
37,5120,1280,-256,2560,256,768,2048,2560,2816,2304,3840,1024,3072,2560,1536,2304
38,2304,3584,1536,1792,3072,2560,1536,1792,-1280,3072,3328,4096,4096,1792,1280,-256
39,4352,4352,2304,4864,256,4864,3328,1280,1792,-256,-768,4352,-256,1536,5120,2304
40,-1280,5120,3072,2304,2048,2816,3072,1536,2816,0,1024,5120,3840,-512,3840,768
41,2560,-1024,2560,2048,-256,2816,3072,1536,2304,1536,3328,-768,4096,1792,2816,1280
42,1792,768,2560,-2304,4864,512,0,2304,1792,4864,-3328,768,2816,4352,-768,512
43,0,-1280,2304,1792,2304,512,-256,3072,256,0,2304,-768,-3072,-512,-1280,2816
44,-256,1792,1280,256,3328,-2560,0,3072,256,-1024,1792,4096,3840,2560,-512,1024
45,1024,1792,-768,1536,-1024,768,1536,0,-1536,768,4352,0,1280,2816,3072,1024
46,2048,2816,-512,2304,-1280,2560,0,512,1792,1792,1536,3328,-2816,2048,2304,2560
47,6912,6656,5376,7168,7680,6656,7424,5120,2048,7168,6144,4352,5888,1280,5376,6400
48,12544,8448,9216,5120,9472,8192,9728,6400,7168,7424,7424,8704,11264,6912,7680,6144
49,4864,2560,1792,1792,4352,2560,3840,3328,7680,5120,4864,5632,2560,2048,3328,256
50,768,768,768,2048,-4096,-1024,2048,256,3584,-1536,-1024,1024,-256,2304,3840,-512
51,-4608,-2304,512,256,768,-512,512,1792,-1536,256,256,-2048,512,512,-256,2816
52,2048,1792,2560,1792,2560,2048,0,4096,2048,2048,0,2304,4864,5632,1536,5376
53,1280,3840,4864,3328,4608,1536,1536,5632,4096,4608,6912,4608,512,768,256,2048
54,5376,3840,2304,2560,4096,3840,3328,2560,4352,3584,5632,3840,1792,512,3072,3072
55,4608,4096,1024,4352,1792,2304,3584,2560,2560,6912,6656,1536,3584,5120,4864,3328
56,5888,2304,1280,4608,0,5376,5888,2304,4352,1280,1536,6912,2816,6400,4608,4096
57,3072,1280,3584,3840,1792,1792,3072,2304,1280,1792,2304,2816,4352,1280,3328,-512
58,1536,768,2048,1536,4352,3584,2816,1536,5376,1280,0,1536,1536,-5120,3328,1536
59,-3072,2560,4096,2304,1024,2560,1536,3328,4096,3328,2560,512,4352,4096,1024,2304
60,1792,512,2816,2816,-256,256,3328,2304,1792,1536,2560,1536,1280,4096,-768,4608
61,1792,2304,3072,512,5632,0,512,2816,1024,4608,2048,3072,2816,3072,768,3840
62,4096,3584,2304,4864,4608,2560,3328,9472,3072,1280,4608,2816,1536,7680,3072,4864
63,7936,10496,7168,7424,7680,10752,8448,9472,10240,11776,10496,11776,10240,12032,9984,9216
64,9472,5888,5120,7680,3584,11520,12032,3840,8192,7168,12032,9472,5888,5120,10496,8192
65,1792,3840,2816,1792,3840,4352,3072,1536,4352,6144,1280,7680,4352,256,3840,768
66,-256,256,2304,4352,768,768,2304,512,1536,-1792,1280,512,-768,-256,256,-1536
67,1024,2048,4352,-2816,5120,1024,512,4608,2816,3328,-512,-512,4608,4608,-1280,2304
68,4608,1536,3840,3328,3072,4096,4352,5888,4096,3840,5120,256,4864,4352,4608,7168
69,3328,3840,4864,3584,4096,2304,4608,5376,6912,5632,5888,6912,4352,6400,2048,6144
70,3840,3584,1536,9216,2560,2304,3584,4608,4096,2816,5888,5632,2304,7424,6144,7168
71,2048,6912,4352,2304,5632,5888,4096,4864,3328,4608,4608,6144,2816,3072,5888,3584
72,5120,5120,1024,3840,2816,6656,3584,6144,4096,5888,6912,3840,3072,-768,4864,4096
73,6400,2304,3584,2304,4608,4608,5632,1792,2048,3328,5120,4608,4608,3584,4352,5120
74,2816,1536,2816,3584,3328,2816,4864,2816,3840,2816,1792,3328,4352,3584,2560,6400
75,1536,3840,3584,3840,-1024,-512,3584,3840,6144,512,1024,2816,2048,4608,3840,768
76,-768,1536,3584,2304,1792,2304,2304,4096,3584,2304,3584,2304,1536,3072,3072,3840
77,3328,512,1024,1024,5632,4096,3072,768,2816,3328,3584,1792,4608,5632,3328,7424
78,3584,3584,4864,7168,4352,6656,4608,8960,5632,10240,8448,2816,4864,6400,2816,9728
79,9216,9984,7680,7168,4864,8704,9728,7168,9472,7680,8704,11520,6144,6400,6912,8448
80,5888,6912,4608,3072,6400,5376,3840,5376,6656,8448,8704,7424,2816,5120,7424,3328
81,5120,2304,-2816,1792,3840,3584,4608,0,3328,512,2048,4608,2304,3584,6400,2304
82,2048,-1792,2304,2816,-1792,2048,3072,2048,768,2048,2816,512,3840,3328,1792,768
83,3584,3072,4608,5120,-768,4608,5376,3328,4608,1536,-256,2560,4352,1536,3840,4608
84,-2048,7936,7424,3840,7424,4352,2560,3840,5376,6144,5120,2304,3584,2304,3840,5632
85,3840,4864,2560,5376,4864,3328,4864,2816,8704,4096,5120,5888,1280,3840,1792,6912
86,3840,3328,4864,512,2816,4864,4864,2048,1024,6144,5120,4608,8192,9728,4864,5120
87,7936,2560,2304,4864,3840,5120,4608,4608,5376,5888,4096,5120,3072,4864,5120,6912
88,1280,6912,3584,2560,7680,3328,1536,3840,3328,6144,4608,6656,2816,512,3584,1024
89,4352,3072,2304,5632,-512,5120,4608,2048,2816,-1280,4864,4352,256,768,4608,3072
90,768,3584,-256,768,-2304,5120,4352,1024,2560,3072,1792,3072,5120,3072,4352,2560
91,2304,768,2304,4864,1024,4864,4352,2816,3840,3840,2304,256,3328,2048,4864,3072
92,1280,3328,7424,1280,10752,1024,2560,5632,5376,5376,768,4608,3584,3584,-768,1536
93,3328,2304,5632,3072,1024,3328,2048,6656,4608,2304,4352,256,2816,5888,1792,7680
94,5888,10496,7424,6400,5120,9472,8960,10752,10240,7680,9984,10240,10240,11520,10752,10752
95,9472,7424,6144,7424,6400,11264,11264,7680,10240,9984,14336,9472,9216,8704,11520,9216
96,6912,5632,4096,1792,10496,5120,4352,1280,4864,8448,5376,10496,3328,4864,5632,1792
97,256,3584,768,1792,3328,4352,-512,2048,0,3328,1792,2560,-1792,-2816,256,512
98,3328,3328,2560,2304,256,2816,3584,4608,3584,768,768,3584,2816,0,3072,1024
99,4864,2048,3840,4608,3584,5376,6656,3328,4864,4096,5888,2816,5888,4864,5120,5632
100,5376,4864,4864,5376,768,4864,6656,4608,7168,3328,2304,4096,5888,9984,8192,6144
101,-1536,4096,6144,2816,3072,2816,3328,6656,5888,6656,4864,3328,3328,4608,4352,3328
102,7680,3840,5888,4352,7424,4608,3584,6912,7680,4608,5120,7168,5120,4864,3840,6912
103,3840,3584,3584,2048,8704,6656,3072,6144,5632,8448,8448,5632,3328,4352,3840,5120
104,6912,5632,2560,3584,3840,6400,5120,2816,5888,5888,4864,7680,4096,5376,4352,4352
105,2048,3328,3584,4608,1280,1792,4096,3072,768,4096,5120,4864,2560,1280,3072,256
106,4864,3328,512,3072,1792,4352,3584,2048,3584,-512,1024,3584,1792,2560,6400,3840
107,2560,3584,1536,3584,3328,3840,3072,3328,3328,2560,4352,2304,3072,5120,5632,2048
108,4608,256,3328,2816,768,6400,6400,4096,7680,2816,3328,5888,4096,2304,4096,3584
109,1024,4608,9216,7424,1792,4864,5632,5120,4352,5888,1536,3840,9728,6400,4608,8960
110,4608,8192,8448,9216,7680,7168,5888,9984,10752,8448,7680,7168,3328,6656,4352,12032
111,7424,6400,5632,3328,10752,4608,4864,7424,9472,10496,9216,9472,4096,10752,5376,5632
112,7936,512,1280,768,5120,3584,3328,1536,4608,4352,5632,5632,512,4096,3584,3328
113,1536,4352,256,1024,0,4352,1536,2048,1536,4352,1792,3584,2816,1024,3840,2304
114,2560,3072,2816,7936,-1792,3072,4096,1536,512,-256,5120,2560,1792,-512,3584,3584
115,2560,5632,5632,4864,4608,5376,5888,3840,4864,4096,2816,6656,6656,4096,4608,3584
116,4352,1024,2048,5632,2816,6144,5120,3584,6144,4096,4096,2304,1792,3328,5632,4352
117,2816,3072,4608,2048,4864,3328,3584,9472,7424,8448,2048,3584,5632,7168,1024,4608
118,5120,1792,6144,4096,4096,3328,5120,5632,5376,4608,6144,1792,4864,6656,3840,6400
119,3840,4096,4608,2816,5120,2304,1280,4864,5632,5120,4096,5632,3072,6912,1792,6656
120,1280,4096,-256,5376,1536,2560,2560,1792,2816,1024,5376,4352,-512,3328,4352,3584
121,2816,3328,2304,256,2816,3840,3584,1792,2304,3584,4096,4096,3072,5120,5120,1024
122,4608,2816,1024,3840,4352,4864,2816,2304,-256,5888,2048,2560,3328,1280,3328,2560
123,4352,4608,4352,4608,2304,4608,3328,3072,4352,4096,3584,4608,1792,768,1280,3328
124,2048,2304,3584,4864,3072,3072,4608,5376,6144,2048,4096,3840,4608,1280,3072,3072
125,7424,6144,8192,5376,4608,6400,8960,6656,9216,3840,4864,3328,9472,11264,10496,6912
126,3328,5888,6144,6144,4352,8192,6400,8960,8448,7680,5632,5120,4864,8192,6656,7936
127,4864,3328,6144,3072,4608,3328,3328,4352,4864,6656,4864,7424,3840,3840,2560,4864
128,1536,1792,5376,1792,6912,2304,768,3840,3072,5888,5632,4352,3328,512,512,2816
129,4608,3840,-2048,1792,4608,3072,1536,1792,4096,3072,2816,4096,1024,2048,4352,2304
130,3072,4864,3072,4864,-768,3072,4096,3840,2048,3840,4608,2560,256,4096,1536,2560
131,6144,3072,512,3328,1024,4352,7680,1280,2816,1792,3072,5120,3840,4864,6400,4864
132,3584,2304,4352,4352,3584,4608,1536,4096,3072,4096,3328,2048,8192,4864,6912,3328
133,4096,4608,5120,6400,3840,6400,5120,4096,8448,1024,3328,5376,3584,-256,3840,4608
134,256,2560,7424,2304,4352,3584,3328,5120,6144,6400,6144,2560,2560,4608,2816,3840
135,3328,2304,2304,2816,4096,2048,3584,3072,4608,4352,2816,4608,2816,4352,3584,5376
136,1536,2560,1792,1536,4864,1024,-768,3840,1536,5632,3072,3840,2560,4864,0,4096
137,5888,1792,2048,3072,2816,1024,2304,3328,3072,768,3584,2816,-768,3584,1536,2816
138,1280,4864,3584,512,4864,4096,1536,2816,1536,4864,3584,2816,3584,3072,5120,1792
139,4864,3584,1024,5888,-2560,6656,4608,1792,3584,512,4096,3072,1792,-256,5632,2048
140,1792,3072,1280,6912,768,2816,3328,1536,1024,3328,-512,4864,1792,3072,1792,5632
141,6656,3072,6912,8192,3328,6656,7424,5120,7168,5376,5632,1792,4352,6912,6656,6912
142,4352,6144,8704,2304,12288,4864,3328,8192,11008,9728,3328,5888,8448,6400,3584,3840
143,5120,1280,4608,2560,3840,2304,1792,5376,5120,2816,4352,2816,3328,2304,2560,4608
144,2304,512,1024,-1024,2560,-256,2048,256,1280,2048,2816,3840,2560,4608,512,4352
145,1024,2048,-768,4352,-512,2048,1024,1536,256,2304,2304,1024,0,4352,3584,3072
146,1024,6144,3072,4096,3840,2816,2816,3072,2304,1536,2816,5632,512,1280,3328,768
147,4096,4352,3072,1792,4096,5376,2816,4096,2048,4096,5376,1792,3584,-768,3840,2560
148,6912,4608,4096,3328,3072,5120,5376,1280,2560,4096,3584,3840,7424,2816,4352,4608
149,3328,1536,3328,5888,5120,4352,4864,4608,5376,3584,3328,6656,4096,3840,512,5632
150,3072,3328,3584,4608,1536,768,5376,2816,5888,-512,1024,2560,4352,5120,5376,2560
151,-1792,1536,3584,512,3328,1536,512,3328,3584,2816,2304,0,1280,2048,3072,3072
152,3584,1280,2048,1024,512,2560,256,3328,3840,2048,1280,3584,2816,4096,768,4096
153,1536,-512,3328,1536,4096,2304,768,2048,0,5376,5376,3072,512,1024,-1792,2560
154,4864,4096,1792,3072,4096,3584,3584,1792,3328,3072,2304,4352,3072,2048,3328,4096
155,1536,4864,2048,2816,2048,512,1280,3840,1536,3584,4096,1536,2816,1536,2816,-1024
156,4608,7168,4096,5632,2304,7680,7936,5632,2560,-2304,3072,4864,5888,6144,8448,6400
157,5888,2816,5632,6144,7424,7424,7424,4608,4608,6656,6912,5120,7424,7680,7680,6144
158,7936,3328,5632,5632,5632,7936,6144,4096,9728,6144,2560,7424,7168,2048,6400,4352
159,1536,2816,5888,3328,4608,512,768,2816,4096,2048,2816,3328,3840,1536,-1280,512
160,-256,-256,1792,256,256,256,512,2304,3584,0,1536,512,-1792,2048,-1280,4096
161,0,2304,1024,-512,3840,768,768,2304,768,5120,1792,1792,2304,6400,3072,4352
162,7936,256,2560,3328,5632,3584,4096,3840,3584,3584,4864,4864,2304,3840,2304,3328
163,4096,6144,2816,1792,4608,3584,2560,3328,1280,4096,2816,4864,5120,4352,2048,256
164,1792,6144,3584,6144,0,6656,4608,2304,4096,1280,3840,2816,1792,768,5888,3584
165,1792,5376,3072,4096,2304,6144,4608,3584,5120,3584,3840,5376,6912,1792,5120,2048
166,7168,-1792,3584,4352,3840,3840,4352,0,2304,2560,2816,1536,4096,4096,3328,2816
167,1792,2304,4864,-768,4864,1792,1024,4096,3840,5120,-2560,2048,4096,4352,-1024,1792
168,-1024,512,3328,1792,1280,0,-256,4864,2560,512,2560,-512,-768,1024,1024,2816
169,2560,3072,3328,1280,4864,512,1536,3328,3840,1280,2816,4864,3584,4864,1280,4352
170,2560,2304,-1536,2816,512,3584,3840,-768,-256,1536,4864,2304,1536,3584,3328,3840
171,1536,3840,1280,2304,256,2304,1536,768,1792,4608,1536,4352,1280,2816,2816,2048
172,4096,6144,4864,7680,5632,5376,4864,6144,3328,4608,4608,4352,3584,1024,4096,3840
173,9216,7168,7680,4096,8448,7168,4864,5376,7168,4864,6912,3584,6912,4352,6144,5120
174,5376,2560,1536,3072,3840,4096,4096,2048,5888,3328,4096,5120,4352,1792,4096,3072
175,1792,-1024,2816,1536,-4096,0,4352,512,4096,-1024,-512,3072,3840,4608,3072,1024
176,-2304,-768,2304,1280,2048,-768,256,1792,0,768,-1280,-768,-768,3072,512,1792
177,768,3072,2816,2816,5376,2304,-768,3840,2048,2048,1792,256,-512,1792,768,5120
178,1280,2304,3328,2816,3328,1536,1280,6144,5120,6144,7424,3584,3328,512,-256,3584
179,6656,2304,1792,3072,2816,2560,4352,512,2304,3584,4352,5632,4864,3840,2560,3328
180,4096,3584,2560,4352,1792,4608,3072,2304,3072,5376,4864,1280,1024,3072,3584,3072
181,4864,3584,512,3584,1792,1536,4096,1536,3840,256,512,4608,1024,256,3584,1536
182,2560,768,3840,3072,0,2048,1792,1280,2304,1792,2816,512,5632,3328,3072,512
183,2560,-512,256,2048,1280,5632,3328,0,4352,512,-256,1280,2560,512,2560,2560
184,-1280,1536,5120,2048,2560,1792,1280,3072,2816,4352,1024,768,2560,1536,1536,1792
185,1536,1280,3840,3072,1024,-256,2560,3584,3328,768,1280,3072,256,1536,0,3584
186,256,2560,2048,-256,4352,256,-1792,2816,1024,4864,2048,1280,3072,6656,-512,3072
187,3584,3840,1024,3328,4352,3840,3584,4864,1536,-256,4608,2560,-256,5376,3584,3584
188,6912,6144,5376,3328,5632,7680,6144,5376,5376,7424,7424,8448,7168,3328,7168,5120
189,8960,5120,4096,7424,1024,7168,7168,1536,4352,3584,5120,5632,7424,3072,5888,3840
190,-2560,4096,1792,3072,3072,2816,1024,512,3328,3328,0,4352,2304,256,512,0
191,512,-1280,1536,3840,1024,1536,1792,1792,2560,-1536,1536,-512,-1536,-256,2816,-512
192,2304,-256,4864,-2560,5632,1280,512,2048,2816,3840,-2048,512,4864,3328,-256,1280
193,2816,1024,3584,2304,0,3072,2560,4608,2816,1792,1792,512,3840,4864,1792,6400
194,-1024,4096,3584,1024,2816,-1024,1280,4096,3328,3328,3840,4352,1280,4096,512,3072
195,3584,3840,256,7424,2560,1792,1792,2048,2304,1280,6144,2816,-256,2816,5888,5376
196,4096,5120,1280,1024,5376,5376,3328,1536,1536,2560,3328,4608,4352,2304,3584,256
197,3328,3584,1024,2816,2304,4864,2304,2560,2304,5120,2816,2560,2816,-512,2048,1024
198,3328,1792,4608,1792,1280,1280,3584,1024,2048,1536,1792,4352,2304,0,1280,-512
199,3072,256,1792,3584,1536,1792,2560,1536,3072,1280,1024,768,1792,512,1280,3328
200,1024,3328,1792,512,768,512,2304,1536,3840,-3072,-512,0,2816,4608,3328,2304
201,-3840,-1024,2304,-512,1024,768,1536,3328,2304,2048,2560,0,256,3328,1792,2304
202,4352,512,2560,3072,1280,1024,512,512,768,2304,-512,2816,2560,3840,3584,3328
203,2304,3072,4352,6656,3840,3072,-512,6400,3840,7680,6912,256,256,1536,-1792,5632
204,6400,7680,5888,6144,6400,6400,6656,5376,6912,4352,6144,8448,6144,5376,4608,4864
205,3328,3072,3328,1536,5120,2816,3584,1792,3072,5632,5376,4352,2816,2560,6400,1536
206,4864,1536,-3328,1280,-1792,3072,2816,-1280,1792,-1792,-2048,3072,768,1280,4096,2560
207,1024,-512,256,3072,-512,-512,0,-1024,-1536,1536,768,-768,1280,512,-1280,-1280
208,768,768,4096,4096,1792,3328,2816,2304,4352,-768,-256,1536,2816,768,1792,2560
209,-2304,2560,6144,2560,4096,2560,512,4864,4096,3840,2816,256,3840,2816,3072,1536
210,3840,2048,3072,4096,1536,512,2560,3840,5376,-256,1536,4864,0,2304,256,5376
211,256,3840,3840,0,4864,1792,3584,1024,-1792,6912,2560,3584,4352,5376,2048,3328
212,6400,2048,768,2816,3840,2048,512,2560,3328,5120,2560,2816,512,2816,3328,4096
213,512,6400,1024,1536,3584,2560,256,1792,1792,0,2304,2816,1792,768,4352,0
214,4352,768,1536,2560,-2560,3584,3328,-768,1792,-1536,4608,0,512,-1536,1792,1280
215,1536,2304,1280,1536,1024,2816,2048,-1024,768,3328,-2048,2816,4864,1280,1536,0
216,256,-1280,1536,5376,256,2304,1280,768,2048,1280,512,512,-768,1536,512,768
217,-256,1792,4352,-1280,5632,-768,512,4864,4096,3072,-1024,1792,2304,3328,-512,0
218,2048,256,3328,1792,2560,1280,2048,5632,2560,1024,2816,-1792,3328,512,3328,6144
219,3072,7424,4864,3584,5632,5632,4864,6400,6656,4864,4864,7424,6144,6912,4352,7424
220,5120,4864,3584,6144,3328,4096,5888,1280,3072,5120,8704,5120,2560,6400,5376,3584
221,3584,4352,3072,256,5120,1792,1280,512,2816,3328,2560,5632,2816,768,3584,-1536
222,1024,1792,-1024,768,2048,2560,-1024,2560,256,1280,1536,-256,0,-5888,256,-1536
223,3328,1792,2048,1280,-512,1792,2048,1280,1536,768,256,1792,1024,512,256,1792
224,2048,-256,1280,2560,1792,2304,4864,1024,1536,1792,2048,1536,2304,3072,768,5120
225,4352,2560,3840,3584,1024,1280,2560,2048,4864,1024,-1024,2048,5120,4352,6144,2048
226,-1280,3584,4608,1280,2560,1536,1792,3840,3840,1280,2304,768,512,1536,1280,-256
227,3840,1024,3328,512,2816,2048,1280,4608,7936,4352,3328,1792,1280,5376,768,4352
228,2560,2048,2048,512,5888,3072,512,2816,1792,7168,4352,4352,3584,2048,1536,2816
229,5632,2816,768,1280,3328,3328,2048,512,3072,2560,1792,6656,2816,-1024,-1024,2304
230,768,3328,1536,1792,1024,-768,0,1280,256,256,2304,1536,-768,256,768,-1024
231,512,2560,-1024,1024,0,1792,2560,256,1280,-1792,-1280,-256,-512,2560,5376,2304
232,2304,1024,1024,2048,-768,3584,1280,1280,1024,2048,2048,-1024,3840,1792,3328,1024
233,5120,-768,2560,2304,2304,3072,2816,-768,2560,1024,0,3584,3072,-512,512,1536
234,-2048,2816,8192,4352,1280,2304,2304,3840,2816,4096,768,256,4864,5632,1792,4864
235,1792,4096,4096,5376,3584,2048,3072,8448,7168,4352,4352,4096,1024,4096,3840,5632
236,5376,4352,2560,768,5120,1024,1792,3584,3840,7424,5120,5376,3584,5120,2560,4864
237,6400,-768,-1792,-1280,3840,1536,2560,-1280,-1536,1792,2304,3072,-1280,1536,-512,2304
238,-512,3072,0,-768,2560,1792,-1280,0,-1280,2560,-1024,1792,2816,1024,1792,-1536
239,1280,2816,2048,7424,-3840,2048,2304,256,0,-4608,2304,1024,0,-2816,3072,-256
240,768,3584,3584,1792,0,3072,2048,1792,1792,1536,1792,1024,3584,768,2560,1280
241,2560,-512,768,3584,2048,3072,3072,512,2048,2048,1280,1280,1280,3584,3840,3328
242,-512,-512,3584,-512,5376,256,256,6912,2560,5376,-256,3072,4608,5120,-1536,1536
243,4608,1280,4352,1792,1792,256,2048,3840,2048,0,1536,-1024,2560,2304,1536,2816
244,-768,3584,2560,256,4352,-256,-512,3072,3072,2304,3072,1280,-1280,2560,-512,3072
245,256,1536,-2304,2816,-2560,2048,1536,512,2048,0,4608,1792,512,2816,2816,1280
246,3072,1280,768,-512,1536,1536,1024,-2560,-2048,1536,768,4864,3072,1536,1792,-768
247,3072,1792,0,2304,2560,3328,-256,1536,-1536,1280,-768,1792,-768,-2560,1792,1280
248,1792,2560,3328,2048,2304,768,1280,2560,1792,512,1024,1536,-768,-768,512,-1024
249,512,1024,3072,2304,-256,2304,2560,2560,2816,-2560,2560,1024,3840,512,1792,1792
250,4608,4096,3840,4096,0,4352,7168,3328,5120,2560,2816,1536,7424,8448,6912,4864
251,1536,3584,5376,4096,4096,4608,4352,5888,4864,7168,3584,3840,1024,4352,4352,3840
252,3072,2304,4608,2048,5120,768,768,2560,3328,1536,3584,5632,1536,2048,1280,1280
253,-256,512,2048,-1792,3328,768,-3328,2560,1024,3584,4096,-256,2560,-1536,-2304,1280
254,3072,2560,-2048,256,1024,1792,768,-1280,1024,512,512,2560,256,-256,1280,2304
255,1792,768,1280,2560,-1024,1024,3072,1536,-1024,1280,2560,2048,-1280,768,1536,256
256,5632,2048,-768,2816,1024,2304,4608,0,768,-1792,-1792,3840,2816,2816,4352,1024
257,-1024,2560,2816,2304,3072,2816,0,2560,512,1792,2304,-2560,3840,2048,4096,256
258,2560,1792,3840,3584,-256,4864,3328,3584,7168,768,3072,3072,2304,-512,4352,2304
259,1024,-256,6400,1280,3328,1536,1280,1792,2304,3840,3840,2816,3072,2816,1280,3072
260,1792,768,1024,1536,2048,-256,1792,2048,2816,768,-1024,4096,768,1536,-256,3840
261,-3072,1024,-256,-2048,3328,-2816,-2048,2048,-256,3328,1280,768,1280,3072,-1792,-1536
262,4608,-256,-256,1280,1792,512,768,256,1280,-768,2048,0,-2560,768,1024,1024
263,2304,3328,-1024,-256,2048,4096,512,-768,-256,2816,1536,1024,1792,-512,1792,1280
264,2304,1280,1280,5376,-2560,3840,2816,-768,1536,-768,2048,2048,1024,-512,2816,1536
265,-1536,2560,2560,5888,768,0,1280,2304,1024,256,-1792,5376,2816,2304,2048,2304
266,5376,1280,3840,6144,1280,4352,3072,3584,4352,2816,3840,-2048,2560,2816,5888,5120
267,3328,4608,4096,768,8960,3328,2560,5632,6656,7936,1536,3328,4352,3840,2304,3072
268,1792,-2816,3072,-1280,256,512,2048,2560,2816,1280,3328,1024,1024,3072,512,2816
269,1792,768,1024,-1792,768,-3328,-256,-1024,256,512,-1536,2560,2304,2560,-512,768
270,-768,1024,-2048,3584,0,256,-1024,-768,-512,-768,2560,-1280,-3584,-2304,-512,1024
271,0,4352,512,2048,2048,2304,768,2304,2048,1536,2304,2816,256,1024,2560,-512
272,2816,0,768,1536,2304,4096,1536,-256,-512,2560,2048,1792,2816,512,3840,512
273,5632,2560,3328,1536,1024,3584,4096,1024,768,1280,-256,2304,4352,-2048,2560,3072
274,512,1024,2560,3072,4608,512,3072,2304,2816,1792,1280,4352,-512,-512,256,1024
275,0,2304,3584,3072,1024,256,3328,1024,4096,-1792,768,768,2304,5888,4352,256
276,-2048,256,-512,-256,512,768,-1280,1024,1792,1280,1536,-1536,512,1536,2048,1536
277,2560,-1792,1280,-512,256,256,-1280,-768,1024,1792,-512,1536,2048,0,-256,2304
278,-1024,-1792,2560,512,2560,-768,0,3584,-768,3584,3840,3328,-2048,-1536,-3328,-512
279,3584,2816,256,1024,2816,2304,-512,0,1792,1280,1024,2048,768,1792,2048,1024
280,768,3072,-1280,2816,256,768,1024,768,-256,512,3328,-512,512,-1536,3072,-1280
281,3072,4096,2048,1792,-1280,6144,8192,3328,1024,-2048,1280,2816,4608,1536,7168,4352
282,4864,2304,5888,5376,5888,4096,4864,3072,2560,5120,2816,4096,5632,9472,5632,3072
283,3328,3328,5120,5376,6400,5888,3072,3072,7936,4352,1280,5120,2560,2304,2560,2304
284,-3328,0,4096,1280,2048,0,-512,3072,3328,1280,2816,0,3328,-3328,-256,-2048
285,-512,-2048,-768,-1792,-256,-1536,-256,256,1024,-768,-1280,-256,-1280,-256,-256,2560
286,0,768,-1280,-1536,768,-768,-768,768,-1024,3328,-768,256,0,6144,256,3584
287,4864,1280,1280,2048,2560,-512,1792,0,0,1280,2304,2816,-2304,512,-512,1024
288,1280,4352,3840,1024,4608,3328,768,2304,512,2048,2048,3072,3840,1536,2304,-768
289,3840,2816,768,4352,256,6656,4352,1280,3584,-512,2816,1536,2560,1280,5888,1024
290,1024,4096,2304,2048,-512,3584,3328,1280,3072,4096,768,3584,5120,1792,3328,1280
291,2304,-2304,2304,2560,256,768,4096,-768,1536,1024,512,2048,256,512,768,512
292,-768,768,3840,-2048,5888,-256,-2304,3072,2560,3840,-3840,0,2304,1280,-1280,-512
293,-512,256,1280,1792,1536,0,-768,2816,1536,-2560,1280,-3072,0,256,0,2560
294,256,512,1536,-3072,768,-768,512,2304,2304,512,2560,512,1792,3072,-1536,3840
295,2560,256,-2304,3072,-1792,512,1536,-2304,-1536,768,2048,1792,0,3072,3840,2048
296,-256,2304,0,2304,2304,768,-1536,-1024,0,1792,-256,4864,-2816,0,512,-256
297,4096,3584,2304,4864,4096,3584,3072,5632,1024,1792,2304,1792,2816,-256,2560,512
298,4608,4096,5376,768,4352,5120,4864,3584,4608,3840,3584,2560,5888,3072,6144,2816
299,2816,1024,0,1280,512,4096,3072,512,4608,2816,2048,2816,1280,512,2048,3840
300,768,-768,1536,1792,-1536,-3072,1536,-1792,256,-2304,-2048,2560,-256,2048,256,-512
301,-4096,-1536,2048,0,768,-2048,-1536,1024,0,-768,-512,-3072,512,768,-1792,256
302,512,512,768,-512,1280,1280,-2304,2816,2048,256,256,-1792,1024,2304,1536,1280
303,1536,256,768,512,1280,2048,-256,3584,2304,5120,5120,1536,-768,-768,-768,2560
304,4864,1024,-768,2560,3072,1280,3072,0,-512,1792,2048,7168,1024,768,-768,2048
305,2304,2560,1024,2816,512,512,256,1792,1024,4352,3584,256,1280,2048,2304,512
306,2816,3840,0,2816,-256,2560,3072,768,2816,-2816,-1024,3072,-768,512,4864,512
307,1792,-1280,1792,-512,-512,768,512,512,512,768,2816,-4096,768,512,2048,-1024
308,2560,-1792,-256,1536,768,2304,1536,-1280,3584,768,-2048,768,4352,-512,1280,1280
309,-4352,256,3584,2048,1024,-512,-3072,2048,1280,3072,256,512,3072,256,-2560,256
310,768,0,1280,768,-256,-1536,-512,3072,2048,-1792,-512,2304,-3328,0,-1024,1024
311,-768,512,256,-3328,3584,-1280,256,1536,-1280,3584,1024,-1792,-1536,1792,0,1792
312,2304,1280,-768,2048,512,2816,2816,3840,256,0,2560,768,1280,4608,1792,3072
313,4352,5888,3840,3072,5120,3840,3328,1536,1024,6400,4352,5888,5888,4096,2304,2304
314,6400,3840,3584,5376,1280,4864,4864,1536,3584,0,4864,3840,2048,-768,5888,1024
315,-2560,2560,256,0,1536,1024,-512,1024,2560,1536,-512,1792,1792,-1792,1280,-4352
316,-256,-3072,0,1792,-2560,512,768,-512,768,-2048,0,-2816,-256,768,1024,-256
317,0,-1536,2048,-3840,3584,-1280,256,768,-512,3072,-3072,-768,3072,2048,-3840,1792
318,1536,-1024,2560,1280,1280,512,-256,3072,1792,768,256,-256,512,1024,0,4096
319,-512,3072,2304,1280,3072,-1280,0,2816,2816,0,2048,3584,256,1280,-768,256
320,2304,1024,-2048,4864,-256,1024,-256,1280,1536,768,5376,-1024,-768,3328,4096,3584
321,1792,3584,0,1024,2304,2816,2048,0,-768,2816,1280,3840,3584,1280,4096,-512
322,512,1280,-1280,768,768,3072,1792,1280,-768,2816,1024,2304,0,-4352,-1536,256
323,3584,1024,3072,0,1536,-256,1536,0,0,-1280,-1024,2304,256,-512,256,-1536
324,-768,-256,0,1024,1280,-256,-256,1024,1792,-512,512,-2304,-512,-1536,-1024,1536
325,-512,512,768,1792,-3840,-512,1792,512,3840,-2304,-256,-1024,3072,3072,2560,1024
326,-3328,-3328,0,-512,0,-1280,-512,-512,-768,512,1024,-1280,-512,1536,-768,1024
327,3584,0,768,-768,1792,-256,-1536,0,-768,0,-1792,1024,-512,2816,-512,2048
328,-512,0,1792,3584,2304,-256,-2048,6144,2560,5376,5632,512,-1792,-1280,-2560,1536
329,3840,5632,3328,3584,1792,4864,4096,3584,3584,3072,4352,5632,6144,2560,4352,3840
330,2816,1792,-1280,256,2048,1792,2816,-1024,-768,3840,4096,2048,768,1280,3072,1024
331,3072,0,-2816,-512,-1280,768,2304,-2304,256,-2048,-3328,2304,-3072,256,512,-512
332,-2816,-1536,1024,1536,-1536,-2560,-1280,-1024,-1536,-2816,-768,-1792,768,-1280,-768,-4608
333,512,-768,1792,1536,-512,2304,-512,1024,3584,-1792,-1280,-2560,2816,-1536,1024,256
334,-1280,1024,2560,1024,1792,512,0,2048,1792,3072,1792,-1024,1792,1536,256,2048
335,768,-1536,768,256,-1536,0,2304,2048,2816,256,0,3840,-3584,768,-2560,4864
336,-1536,3328,3328,-1536,4352,-1024,1280,-256,-4096,1024,-1280,2048,4352,3840,2304,768
337,4608,1536,0,1792,4096,1536,-512,1280,1536,2048,2304,0,-1024,-1536,256,768
338,-256,3584,-1024,256,2304,2304,-512,1792,0,1792,2816,1024,512,-768,768,-2048
339,1792,-1536,-1024,2304,-5376,1792,1792,-3840,-1536,-3840,2048,-256,-768,-1536,2560,768
340,-1280,1024,256,256,-2048,512,256,-1280,-1024,0,-3328,1536,3840,-1024,1536,2816
341,-256,-2048,1024,2304,-1024,-1792,-256,0,1024,-1792,-3072,-1792,-2304,-2304,-512,-1536
342,-1280,256,4096,-2304,4608,-1024,-1792,2304,1792,1536,-2560,-512,768,1280,-2816,-768
343,768,-2048,-256,256,256,1536,768,2048,-256,-1280,1280,-3840,256,2304,0,6400
344,1536,3840,3840,1280,4608,2304,2048,3840,3328,3840,2560,5376,4608,5120,3072,5120
345,2816,4352,2048,5632,1280,1792,5120,768,2304,1792,6144,4608,768,1536,3328,0
346,1280,2560,1024,-768,3072,512,-2560,-768,2560,1792,1024,2304,-256,-512,2048,-3328
347,512,512,-3328,512,0,1792,-1536,-768,768,-768,-768,-1024,-768,-4608,1792,-1792
348,1024,-2048,256,-2560,-2304,256,1024,256,-512,-768,-768,256,512,-1536,-1280,0
349,1024,-768,768,1536,2816,0,2304,-512,-512,-1024,-1536,512,2048,512,-512,1792
350,1536,2560,1792,3584,256,-1024,768,512,3328,-768,-1536,-1280,0,2560,1792,256
351,-3584,1024,1280,-768,-1792,1024,-256,2560,3328,-768,1792,-2304,-512,2048,1024,-1792
352,2816,-1024,1280,0,1280,0,-256,768,1024,2048,768,768,2816,3072,1024,3072
353,768,512,1536,-768,3840,2560,-1280,1536,-256,4096,2048,2560,1280,-256,0,2048
354,2560,3072,-256,512,1280,-768,512,-512,512,1024,768,3840,-2048,-2048,-1280,-2304
355,-1280,1024,512,1792,-1536,-1024,0,-768,-1792,-2048,1536,-512,-1792,-2048,768,-2816
356,1024,-512,-5632,-768,-2048,1536,1792,-3072,-512,-3584,-2560,-1280,1792,-256,3840,768
357,768,-1792,-256,512,-1792,0,0,-512,-768,768,-512,-3328,2816,1536,512,-768
358,256,-1024,1792,1280,-1024,256,1536,-256,3072,-2304,-2048,2816,-1792,-1024,-1024,-512
359,-3584,1280,5888,3328,0,512,-1280,1792,1792,1536,-256,-2304,2816,1280,1536,2048
360,2560,2560,1024,3840,2304,1280,2560,4864,4096,1792,1792,1792,2560,2048,1536,4352
361,2048,-256,1024,-3328,3840,-256,1280,1536,1280,5376,3840,2816,1536,5376,-512,1792
362,3072,-768,-1792,-512,1280,-1536,-256,-3072,-1536,-512,-1792,1024,-4608,512,-512,0
363,-3328,2304,-1536,256,1792,256,-4352,-1536,-2816,1024,-768,-1024,-1280,-3584,-1280,-2816
364,2560,0,-768,3840,-4864,1536,1536,-256,1280,-5632,2048,-1280,1536,-3840,256,-1536
365,-1024,0,768,-1536,-1536,1280,1024,-768,-512,512,-768,768,3840,1280,1536,-512
366,-256,-2304,-768,3072,-2048,2048,1792,-1536,256,-512,-2048,-1024,-2304,-256,3072,3072
367,-1280,-256,2304,-1024,4864,-4096,-2048,5120,256,3328,-2304,-512,1024,1024,-5120,-1024
368,1792,-512,2816,768,1536,-256,512,2304,768,-1280,1536,-2304,1024,2048,-1024,1280
369,-1280,768,-1536,-2560,1280,-1024,-1536,512,1792,1280,2304,-512,-1024,2560,-256,512
370,256,-256,-4096,1792,-4352,-1024,0,-2560,-1536,-256,2304,-512,-1792,512,2048,0
371,512,768,0,-512,512,-512,-256,-2304,-3328,-768,-768,3072,1280,-1792,-1280,-2816
372,256,256,-1280,512,1536,512,-3328,-256,-3328,-768,-1024,-1536,-768,-4096,-1536,-1536
373,512,2048,256,0,256,768,256,512,256,-2304,-512,-256,-1536,-2816,1280,-1792
374,768,-3584,-256,-1024,-1792,768,2048,1280,1280,-512,1024,-2304,1024,-1792,-512,256
375,4352,1536,2816,3072,0,256,4608,768,3584,1792,-1792,256,7168,7680,3584,3328
376,-3584,2048,3072,3584,3584,1024,-256,3328,2304,3072,1792,1536,-1536,2048,256,-768
377,1792,768,1280,-1024,1792,-1536,-1280,2560,2048,512,1536,3328,-1280,256,1536,-1792
378,-256,-3584,-512,-3584,1792,-768,-2816,0,-1280,3072,2816,-1280,-256,-2816,-2304,-256
379,1536,768,-3840,-256,-1536,768,-768,-2560,-1280,-768,-2304,1024,768,-1280,-1280,1280
380,-2048,1536,-512,1280,-2048,-2816,-256,-512,-4864,0,768,-1536,-2304,-1792,-512,-512
381,2816,512,-1280,-1280,-512,512,2048,-1792,1024,-4608,-2048,1024,-512,256,2560,0
382,0,-1024,0,1024,512,1280,-1280,256,256,-256,256,-4352,2816,512,1536,-2816
383,2048,-768,512,1792,-1792,3072,1536,1792,4096,768,-256,256,2816,-1024,2560,1024
384,-3328,-1536,3072,0,768,-2304,768,768,-512,2304,1536,1536,1792,1792,-1280,768
385,-768,-256,256,-512,0,-1280,-2304,1280,768,-768,-1792,2048,-2304,-768,-2048,2304
386,-3072,3584,-2048,-1280,3072,-3072,-3584,-256,-2304,-256,0,-768,-1280,256,-3072,-2048
387,3584,-6144,-2304,-1536,-256,-1536,-512,768,-768,-1536,1792,-3072,-3328,512,-768,0
388,768,1280,-1792,-1280,-512,768,-2048,1024,-3072,2304,-768,-256,1792,1024,1280,-1280
389,-768,768,-512,3584,-5120,1792,-512,-3328,-512,-3584,256,512,-1024,-4608,-256,-512
390,-1792,768,-256,3584,-256,-1280,-512,1280,-512,-2304,-2816,2304,1024,-768,256,256
391,3584,-1536,1280,2816,-768,2560,2560,1536,1280,256,1792,-3072,0,2048,2816,1280
392,0,1792,2304,-2048,4352,1536,0,3840,4608,6144,-2048,1792,2816,2816,0,2048
393,-1024,-2304,256,-2048,256,-3072,-1536,0,-1792,-256,1024,-1792,-1792,-768,-2304,2048
394,-512,0,512,-3328,1280,-4608,-2816,-512,-768,-1536,-1024,512,-256,1024,-3840,-512
395,-1280,-1024,-4096,1280,-3072,-1536,-2048,-1792,-1280,-3328,1280,-2560,-2816,-1024,-256,-3328
396,-1536,2304,-1024,-512,-2048,0,-512,-768,-768,512,-512,1792,-512,-1792,2304,-2048
397,768,-512,-2560,-1280,512,768,0,-1536,-4352,0,0,-512,-1280,-3840,512,512
398,2304,1280,1792,-512,0,1792,-512,-256,-1024,-1280,-1024,0,768,-2048,-1536,1536
399,-1536,512,768,3584,2048,768,768,1024,1280,-3072,-3072,2560,256,-1024,-512,-512
400,-256,-512,2304,0,-1792,-1536,1536,-768,2816,-2304,-512,-1792,2304,2304,3328,-1024
401,-1792,-2560,-1024,-2048,512,-1792,-2304,-1024,-1024,1024,1024,-2560,-2048,1024,-1280,-256
402,-2048,-1536,-1792,-2048,-2304,-2304,-3840,-256,-1536,-768,-2304,256,-3072,768,-4096,768
403,-3072,-1792,-256,-768,-512,-2304,-3072,1280,-1536,256,2560,768,-768,-3840,-3328,-1280
404,2304,768,-1536,-768,1536,512,-1024,-1536,0,-1792,0,0,1536,-3584,-768,256
405,-512,512,-1792,768,-2304,-256,-256,256,-1536,-768,768,-1792,-2560,-1280,-1280,-2560
406,-256,3072,0,768,-2048,3584,4352,-1024,-2816,-3584,0,512,512,2560,6656,1536
407,2048,512,3584,3584,1792,1280,1280,1792,256,768,1792,1536,4096,3328,4608,1536
408,2560,0,1792,1792,2048,3072,512,2048,5888,1024,-512,3328,4096,-2816,768,-1792
409,-4608,-512,3072,-1024,-256,-1536,-2560,1024,0,256,256,-2560,512,-1024,-2560,-2048
410,-2816,-2560,-3584,-3328,-1280,-3072,-768,-1792,-2560,-2560,-1792,-1536,-5120,-768,-1280,2816
411,-1792,-1024,-1536,-2304,512,-2816,-3584,-256,-3072,1792,-1792,-3840,-1024,1536,-3072,768
412,2560,768,0,2304,512,-1280,-512,-1024,256,-2816,256,1792,-768,-1536,-3072,-1536
413,-512,1280,0,-3328,512,768,-2560,-512,-1280,256,1792,0,1280,768,1024,-3584
414,3584,512,-1024,2048,-3840,3584,3072,-2048,512,-1792,-256,512,1792,0,5120,-512
415,-2560,1024,0,1024,-1536,1536,1024,-256,256,256,-1024,3072,1536,-1280,0,-768
416,256,-2816,0,2304,-256,-1280,1280,-1280,-768,-3072,-1792,-768,-3072,-256,-512,-1536
417,-3072,256,2560,-4864,4608,-2048,-3584,1536,256,2560,-4096,-1792,256,-768,-3584,-2304
418,-768,-2304,0,-1536,-4096,-768,-2048,1280,768,-2816,256,-3584,-256,-768,-1792,512
419,-1792,-1024,0,-2048,256,-3584,-2304,-2048,-1536,-512,768,512,512,1792,-3584,1280
420,0,-1024,-4352,1792,-1024,-1536,0,-3072,-2304,-3072,1024,-768,-3328,1024,1280,768
421,0,512,-2304,-512,-512,-2048,-3840,-1792,-256,-256,-1280,1536,-3072,-2560,-256,-4096
422,1536,1024,512,2560,-1024,2816,1024,1792,-1792,512,-256,1024,2304,-5120,256,256
423,2816,768,1536,-512,2304,3584,3840,-512,512,1792,1536,768,4096,1280,2304,1792
424,1024,-1536,0,1280,1280,512,768,-256,2048,1024,-1024,1024,-1024,0,-768,768
425,-2048,-512,1024,1280,-3584,-5120,-768,-2560,512,-5632,-3328,-256,-1792,512,-768,-3840
426,-6656,-3072,-1280,-2560,-2816,-3072,-4864,-256,-1280,-2560,-256,-5376,-3072,-2048,-2304,-1536
427,256,-1024,-2048,-1536,-256,-1280,-3072,-256,-1024,-1024,-1792,-1280,0,1024,512,512
428,-1024,-3072,512,-1024,256,0,-1792,1280,-1024,3072,2816,512,-1280,-1024,-3328,512
429,1280,1024,-768,1280,0,-1280,512,-2304,-1024,-1536,-1536,2560,1024,-512,-1536,512
430,256,1280,-3328,1792,-768,-1024,-1536,-512,0,1792,3072,-3072,-4096,-3584,-1280,-1024
431,3584,1024,-5120,1024,-2304,1024,2560,-256,1536,-2816,-2048,2048,-2304,0,1280,-768
432,0,-4096,2304,-768,-2560,-1280,-256,-3840,-3328,-256,-256,-3840,2048,2304,4608,-2816
433,-768,-2560,-512,-256,-1792,1024,0,-1280,1792,-1792,-4864,-768,1536,-2816,256,768
434,-5376,-1024,2048,-256,512,-4352,-3584,1280,-512,0,-256,-2304,-2048,-3840,-5376,-2560
435,-512,-1024,768,-256,-1792,-2048,-1024,512,256,-3328,-2048,512,-4864,-768,-3072,256
436,-2304,-1024,-2816,-3328,512,-2304,-2560,-2560,-3072,1024,256,-2304,512,2816,-1792,512
437,2048,256,-1280,-1024,0,256,768,768,-1280,-1024,-256,-768,-512,1792,0,512
438,1792,3840,2304,1536,3328,1280,768,256,512,1792,2048,3328,1024,256,256,-768
439,4352,1280,512,3072,-1536,3328,512,-1280,1792,-2048,3328,256,256,-1536,3072,256
440,-2816,1024,-2304,-512,-1280,256,-768,-1536,-512,0,-2304,1024,3072,-2560,2048,-3840
441,-1536,-6144,-1024,-1536,-4352,-1024,768,-2560,-1536,-3072,-2048,-3328,-2304,-2304,-1280,-2048
442,-2304,-1536,1536,-3840,2560,-4096,-2816,-512,-2048,-256,-6912,-2304,2304,1024,-5376,-512
443,-2304,-1024,768,768,1280,-1536,-3328,1536,-768,-2048,-1024,-4096,-7168,-1280,-2560,1536
444,-1280,1024,0,-1792,-1024,-2304,-1536,1536,2048,-256,1280,1536,-256,0,-1280,-256
445,2560,-2560,-4352,2304,-2304,-512,-1024,-2560,-768,-1024,2560,-256,-512,768,2048,1536
446,-512,2560,-768,-1280,256,1024,512,-1536,-2560,-512,-2304,1536,512,256,2048,-1024
447,-1280,512,-1536,1024,-256,-512,-2048,-768,-3072,256,-1024,-768,-2304,-5888,256,-3072
448,1280,0,1792,-768,-768,-256,-512,-1024,-1024,-2304,-1280,512,-512,-3584,-2048,-2816
449,0,-2560,-2816,-1280,-256,0,0,-2048,-512,-1792,-1024,-1792,-1792,-2560,-2816,0
450,-1536,-1024,-1280,-768,-3584,-2816,-256,-1792,1280,-2560,-3584,-2048,1024,3072,2048,-768
451,-5376,-3072,-768,-768,-2304,-4352,-1536,256,-2048,-2048,-1024,-2304,-3072,-512,-2560,-768
452,0,-1024,-2304,-2560,-768,-2816,-5888,-1280,-1280,-2304,-2560,-2304,-1280,-1536,-2816,-768
453,-512,-1024,-1536,1024,1024,0,-3072,2304,256,3328,4608,-1280,-3584,-2816,-3840,2048
454,4096,2048,1280,-768,512,3328,3328,0,1536,1536,2560,4352,3584,2304,3072,1024
455,1024,768,-1280,512,0,-768,768,-2304,-2304,256,-256,0,0,512,1024,-1280
456,-1792,512,-4096,256,-2048,-1280,-1280,-3840,-1024,-4096,-3584,-1024,-5632,-4096,-1792,-1024
457,-2304,-3328,-1280,-512,-3072,-3072,-2560,-1024,-1792,-3584,-1024,-3072,-768,-1536,-512,-5888
458,1280,-4096,-256,-2304,-2816,512,0,-2048,1536,-2560,-2816,-1280,3584,-1024,512,-256
459,-4608,768,2048,0,-2560,0,-2048,256,-256,1280,-1536,-2560,1536,-1536,-2816,1024
460,-1536,-768,256,512,1792,-4608,-1536,0,0,-1024,-2048,768,-6656,-4096,-4352,3328
461,-1024,1536,2304,-2816,2304,-1024,-256,-1536,-4352,-1024,-256,-256,1792,3072,-256,0
462,3072,-2304,-4096,-1536,0,256,-1536,-1280,1024,-512,256,-768,-1280,-512,-1280,-256
463,-1280,768,-2304,-1536,-256,512,-1792,-768,-2560,1280,-1536,-512,256,-2048,512,-3072
464,-512,-1792,-2048,2304,-4352,-1280,1024,-3840,-3840,-5888,0,-1024,-3584,-3584,1024,-2304
465,-3072,256,-768,-1024,-2304,-1024,-3328,-2304,-1792,-1792,-3584,-1024,768,-1280,-768,-2816
466,-768,-2816,-256,1024,-2816,-768,-768,-2048,-768,-3840,-2304,-3072,-2304,-3328,-1536,-2304
467,-2560,-3328,1792,-6144,1792,-2304,-1536,768,256,1280,-2816,-1792,512,-768,-4864,-2048
468,256,-2560,0,0,-256,-2048,-768,1024,-1792,-2048,-2048,-4608,512,1536,-1024,2560
469,-2816,2816,1792,256,4352,0,-1280,2048,1792,512,1280,3072,768,2560,-1792,2816
470,1536,1280,-1024,2304,-1792,256,1280,0,1536,-768,4352,1536,-1792,-256,3072,-1024
471,768,-512,-1024,-4096,1024,-1024,-1280,-3840,-1280,256,-768,2048,-1024,-1536,1536,-4608
472,-512,-768,-4352,-1024,-2304,1280,-2560,-1792,-4352,-1536,-3584,-1792,-1792,-4608,-1280,-2560
473,-1536,-768,-512,-1792,-2560,-3072,-1280,-2304,-4352,-2560,-2304,-1024,-2560,-3072,-3328,-2048
474,-1024,-1792,0,0,-512,-768,512,-768,256,-2816,-768,-1536,-1792,-2048,-1792,768
475,-256,-512,512,-768,-2304,-2560,-768,-1536,3072,-3328,-2816,-2560,768,2304,512,-2560
476,-2816,-2048,256,-2560,-2560,-768,-1536,-512,1024,256,-2304,-3328,-256,-256,0,-2560
477,768,-2560,-1536,-1792,-256,-3072,-1536,0,-1536,-256,-1792,1024,-768,-256,-768,2048
478,-1792,-1536,-512,-2048,2816,256,-4352,512,-1792,1792,768,0,-2048,-2304,-3584,256
479,1280,2304,-1536,-512,512,256,-1792,-2560,-512,-2816,-1280,2304,-1536,-3584,-2816,-2304
480,-1792,-768,-512,-2304,-2560,-3072,-256,-1792,-3328,-1280,1280,-2304,-3328,-2304,768,-3584
481,512,-1536,-5120,-1536,-3840,-4608,768,-4352,-2304,-3840,-5632,-512,-1792,-512,3072,-2048
482,-4096,-3072,-1024,-768,-1536,-1024,-3584,-1536,-3072,-1792,-1280,-4096,-1024,-1280,-3328,-3072
483,-768,-2560,-512,256,-1792,256,-256,-1024,2304,-4864,-3328,0,1024,-3328,-1280,-2304
484,-3072,-1280,4608,-1280,-2048,-1280,-1536,-768,256,768,-1280,-3328,2304,-2048,-256,768
485,-256,0,-256,512,-3072,1280,256,2816,3072,-256,-1792,1280,-3328,-256,-3072,4096
486,-1536,-256,-1024,-2560,3072,-3328,-2048,-1792,-3584,3328,768,256,-256,2816,-2816,256
487,2304,-2304,-2816,-1792,2304,-2304,-1536,-2816,-1792,-3072,-2048,-1024,-2304,-768,-256,-1280
488,-2048,-256,-2560,-2304,-768,-768,-4608,-1792,-2304,-768,-2304,-2816,-2560,-3584,-2048,-6144
489,256,-1024,-1024,2304,-7936,512,-256,-2560,-1536,-5120,-512,-1536,-3072,-5120,-768,-2048
490,-4096,-1024,-2048,-2304,-2560,-1280,256,-3072,-2816,-768,-3328,512,1792,-2048,256,-1536
491,-1280,-3840,-1280,1536,-2048,-512,-1792,-1536,-1024,-2048,-3328,-2816,-768,-256,768,768
492,-3840,-512,1792,-1024,2560,-4096,-3840,2816,256,-512,-3584,-2048,-1536,768,-8704,-1792
493,0,-4096,1280,-3328,-1792,-1536,-1536,256,256,-2304,1024,-5632,-2560,-1024,-2304,256
494,-256,-1280,-1536,-4352,256,-3328,-2560,-1792,-1024,256,-1280,0,512,2304,-256,-256
495,-2304,-1792,-4608,1536,-5120,-2048,-2560,-3584,-2816,-3072,0,-512,-3072,0,-512,-1280
496,-2560,512,-2560,-1536,-1280,-3072,-1792,-3072,-3328,-3072,-2560,768,-2816,-3584,-1792,-4352
497,-1792,-1536,-3328,-1792,-256,512,-3072,-1792,-4096,-1792,-2048,-3328,-4352,-8192,-2304,-2816
498,0,-256,-768,-1792,-3584,256,-1024,-768,-1024,-1792,-2048,-768,-512,-2048,-1024,-2816
499,-1024,-3840,0,0,-2560,-2048,-256,-2304,-2560,-2560,-1024,-2304,512,-512,-4096,-1536
500,768,0,2560,1024,0,-2560,1792,512,3840,-2048,-3584,-1280,2560,3584,1536,256
501,-4096,-1024,-256,-768,768,-1280,-1792,2560,1792,256,-256,-2048,-3072,-1024,512,-1536
502,1280,-1280,-768,-6400,-1792,-1536,-1792,-1280,-512,-1024,-1536,1024,-512,512,-1280,-256
503,-2048,-4608,-2816,-3584,256,-768,-3072,-2304,-4352,1792,512,-768,-1792,-4096,-4864,-1024
504,-768,256,-2048,1536,-512,-1024,-3072,-3072,-2304,-768,-3328,1536,-2816,-3584,-2048,-768
505,-4352,1280,256,512,-2560,-2560,-1792,-1024,-3328,-3840,0,-2816,-4352,-2560,-1792,-4352
506,1792,-1280,-4864,-2816,-3840,-768,-256,-3072,-1280,-5120,-2304,-1536,-1280,-768,1024,-1792
507,-256,-3328,-3072,-1280,-2048,-512,-1536,-2048,-2816,-1280,-2048,-2816,2304,-256,1792,-2816
508,-1792,-3840,0,0,-2560,1280,256,-1024,2304,-1792,-2048,512,512,-3328,-512,-768
509,-4352,-1536,2816,-512,512,-3840,-2560,256,-1536,-1280,-2048,-1792,256,1024,-3328,-1024
510,-2304,-256,-1536,-3072,-512,-2816,-3072,-512,-512,-3328,-2048,-1536,-5120,-3840,-3328,512
511,-3840,-768,-3328,-3840,-1792,-2816,-4096,-1280,-2048,256,-1024,-2048,-2816,-768,-4096,-2816
512,1536,-3328,-2560,-1792,-768,-3328,-1792,-5120,-3840,-2304,-1024,-1536,-3840,0,-3072,-2048
513,-1024,256,-1280,-1280,-512,-1024,-3072,-2560,-4352,-4352,-2048,-1280,1536,-1024,-1792,-3072
514,-768,-1024,-1536,1280,-5632,-1024,-2048,-2304,-1280,-3328,0,-2304,-3840,-6400,256,-3584
515,-4352,-512,-2048,1536,-4096,-1536,-2048,-1024,-1536,-1024,-3840,256,-1024,-2304,-2560,0
516,256,-4352,-2304,768,-3840,0,1536,-2816,-1280,-3072,-1024,-4352,-768,512,-256,-256
517,-1024,-768,2560,-3840,4608,-1280,-2048,1792,2048,4608,-4864,-512,2304,1536,-2048,-1024
518,-2560,-3328,1280,-1024,-512,-3840,-2816,256,-768,-4096,-768,-3584,-4608,-2304,-4864,-768
519,-2560,-1792,-2560,-5120,-512,-4864,-4864,-1792,-1024,-2816,-1024,-3584,-2816,-256,-5120,-768
520,-512,-1280,-7424,-256,-4096,-1792,-2048,-4608,-4096,-2816,256,-2048,-3584,-2048,2048,-1792
521,-1536,-768,-2816,-1792,-3072,-1536,-1280,-3328,-2816,-768,-1792,1536,-1536,-2560,0,-4608
522,-1792,-1024,-1536,-1536,-512,-512,-1792,-2560,-5376,-3328,-3584,-2048,-2816,-4608,-2816,-3584
523,-2304,1280,2304,-1536,256,-768,-2048,-2048,-2560,-2816,-1280,-3328,-2048,-5632,-4096,-1024
524,-768,-2304,-1280,768,-1280,0,0,512,1280,-2048,-1024,768,1024,-2816,-512,0
525,512,-3072,-768,-1792,-3584,-3584,256,-4096,512,-3584,-2560,-1536,1280,2560,512,-2304
526,-4864,-3840,-3584,-2816,-1280,-3328,-2816,-2048,-2560,-1792,-3584,-3584,-5120,-1536,-3584,-768
527,-3584,-2304,-1792,-3328,-2560,-4864,-5632,-512,-3328,-2560,-3328,-3072,-4096,-3072,-2304,-3584
528,-3072,-2304,-256,-2560,-768,-2048,-4096,0,-6656,-256,1280,-1536,-1536,-4352,-3584,-2048
529,2048,0,-4864,-2816,0,512,-512,-4096,-1792,-1792,-1024,256,-768,-2048,-4352,-1024
530,-2048,-768,-2816,-1280,-2816,-1792,-1536,-1792,-3584,0,-1536,-2048,-5632,-3328,-1792,-4096
531,-2304,1792,-1024,512,-3072,0,3328,-1024,-2560,-6656,-2304,0,256,-1792,5120,-1792
532,256,-2816,512,512,-512,-512,-3840,0,0,-768,256,-3072,4864,2560,1024,-512
533,1792,-1792,-2560,-1536,256,1792,-256,-1280,3584,-1280,-2816,1280,256,-3584,-1536,-1280
534,-5888,-4608,512,-4608,-2304,-2304,-2048,-1024,-1280,-512,-1792,-2560,-3328,-3328,-3072,-3584
535,-3072,-2304,-2560,-3328,-1280,-4864,-2048,-2560,-2304,-4096,-5376,-1792,-3840,-1280,-2560,-1280
536,-4608,-256,-1024,-3072,1024,-4352,-6144,-1024,-4864,256,-1792,-4864,-2048,256,-6400,-512
537,1792,-1536,-2560,-1280,-1024,1536,-1792,-768,-512,-2304,768,-1280,-5120,-2304,-2560,-1536
538,-1280,-1792,-3328,-4864,-1280,0,-2560,-2816,-3584,-256,-512,-512,-1280,-1280,1280,-4608
539,2048,256,-3072,768,-5120,1792,1536,-3072,-2560,-4352,-4096,-256,256,-1536,1792,-1792
540,-4864,512,-256,-1024,-1792,-1280,-1280,-1792,-2048,-1024,-2304,-1024,1536,-3840,-2304,-5888
541,-2048,-3840,1280,0,-1792,-1280,-768,-2560,-512,-4096,-2304,-3072,-3328,-3072,-1024,-1280
542,-3840,-2560,-256,-7680,2560,-1792,-3584,-1280,-512,1024,-5632,-3328,-1536,-1024,-4608,-3072
543,-512,-4096,-2816,-2560,-2816,-2304,-2560,-256,-2304,-2304,-2304,-4608,-2560,-768,-2816,-512
544,-3584,-2048,-2816,-2304,-256,-6144,-2560,-768,-2560,-2560,-1024,768,-1792,-768,-4608,-512
545,-3328,-1792,-4352,-256,-3584,-2304,-2816,-3840,-3584,-4096,0,-3072,-4352,-2048,512,-1536
546,-1280,512,-3072,-2560,-2048,-2560,-3072,-3840,-3072,-2048,-2304,-256,-3840,-3072,-768,-3840
547,256,-2816,-1792,-1024,-2048,1024,-256,-768,-4352,-2048,-1536,-1024,-1280,-4864,-512,-2048
548,1024,512,512,-768,512,0,1024,-1536,-1536,-512,-3328,0,1792,-512,-512,-1024
549,-3584,-2048,-1792,-512,0,-768,-2816,-1536,512,-2048,-1280,-2816,-3584,-4352,-4608,0
550,-1536,-2048,-1024,-1536,-4608,-5120,-1536,-1280,1024,-5888,-3072,-2816,-1792,1280,0,-3840
551,-4608,-5888,-2816,-4096,-2816,-3584,-3072,-2560,-3328,-1280,-2304,-4352,-3584,-1536,-1536,-3072
552,-2304,-2304,-3072,-2560,-2816,-2048,-3328,-1280,-2816,-2816,-5120,-1792,-1792,-1792,-2816,-512
553,-4352,-2304,-1536,-1792,0,-3840,-5120,0,-5120,1024,1536,-768,-4608,-4864,-5888,-3072
554,512,256,-512,-1024,-256,-1792,-2816,-2304,-1792,-3328,-256,768,-2048,-2304,-1536,-512
555,-512,-1536,-2816,-1280,-3072,-1536,-2816,-1792,-256,256,1280,-3840,-4864,-3072,-1792,-2560
556,768,-1280,-4864,-512,-4608,-768,512,-3072,-512,-3840,-5120,512,-768,-2304,256,-2048
557,-1792,-5120,-2816,-768,-3840,-4352,-1024,-3584,-4352,-2304,-2304,-3072,-768,-768,0,-4352
558,-1536,-4096,-1792,-2304,-2560,-1024,-3328,-2560,512,-3328,-6144,-3328,-2816,-3840,-1280,-2048
559,-6656,-1536,2304,-1536,-256,-2560,-4352,-512,-1536,-2560,-1536,-4608,-2560,-3584,-6144,-2560
560,-2048,-5120,-512,-3840,-3328,-2816,-768,-512,-768,-2816,-1792,-1280,-3328,-2816,-3328,256
561,-2304,-1280,-3840,-3072,-512,-4608,-4096,-3584,-5376,1024,-3328,-1536,-1280,1792,-1536,-1536
562,-1792,-768,-2816,256,0,-1536,-1792,768,-2560,-3072,-1536,-768,-4864,0,-4352,-768
563,1280,3328,1792,2048,3584,4096,2048,4096,3072,4608,3584,2560,3072,2304,2048,0
564,4864,-256,2048,1792,-1536,5120,3840,256,5120,768,4864,2048,2048,-1024,7168,768
565,-3072,-256,-2304,-2560,-3840,512,-1536,-2560,1280,768,-3584,2048,768,-3072,256,-3072
566,-3840,-5120,-3072,-1792,-3584,-4352,-2304,-5632,-4864,-4608,-3840,-4352,-6144,-3072,-5888,-3840
567,-4608,-2304,1280,-5120,3584,-4352,-4608,512,-1792,-1280,-6144,-4096,-1280,-256,-5632,-3072
568,-1536,-3072,0,-1792,-768,-512,-3328,2560,512,-2048,-256,-5376,-2560,-512,512,512
569,-512,0,-256,-2560,-1536,-2304,-1536,1280,1792,1536,768,1280,-256,1024,-2560,768
570,1024,-3072,-7168,3328,-1536,-2048,1024,-2304,-1536,-768,2304,1792,-3840,512,0,1536
571,-2304,2304,-768,-1024,768,768,-1536,-512,-1536,512,-1536,2304,-512,-1024,2560,-2304
572,-2048,1536,-1024,1536,-1024,1536,-2048,256,-1024,-1280,-768,-1280,-2816,-6144,0,-2560
573,1280,-2048,768,-4608,-2048,-768,-256,-512,-256,-768,0,-2048,-256,-2816,-3328,-1536
574,256,-4096,-3328,-1280,-1024,-1536,-768,-2304,-1024,-1280,-3584,-1280,-512,-512,-2304,-768
575,-4096,-512,-1024,512,-3584,-3584,-1024,-1536,1280,-3328,-3584,-1280,-2048,512,-256,-2560
576,-5120,-2560,-1024,-1024,-2304,-3584,-2048,1024,-512,-3328,-1280,-3328,-4352,-768,-2048,-2816
577,0,-3328,-512,-4096,256,-2048,-4096,-1024,-1024,-1024,-1536,-3328,-2048,-512,-768,256
578,-768,1792,2304,5120,-1792,9216,3072,13824,3072,6144,8448,-768,768,7168,2304,14848
579,5376,8960,5376,6400,4864,12032,10240,10752,11520,14080,12032,10240,7168,11776,7168,13056
580,5120,3072,2048,2048,5376,5120,5120,2304,9728,11776,9984,7168,1792,4864,5376,768
581,0,-1792,-4608,-2560,256,-1536,-1536,-3072,1536,-3328,-3328,-256,-3072,-2816,768,-4608
582,-4352,-5632,-2048,-2304,-4352,-3840,-3328,-2816,-4352,-4096,-2816,-5632,-2304,-3072,-2304,-4608
583,0,-3584,-2304,-512,-3840,1792,2560,-512,768,-1536,-2816,-512,0,0,0,3328
584,-1536,1280,4352,1536,1536,3584,-256,6144,4608,6656,3840,0,1792,4608,1024,5120
585,-1792,2816,2816,3840,1536,1792,1280,5376,6656,2304,3072,4352,-3072,2816,-768,6656
586,-2816,2048,3328,-3840,2816,3584,2048,4352,1280,6144,6144,-256,3328,2048,2816,4608
587,8960,-768,-2304,512,2560,3328,2304,1536,5376,6656,4352,3072,-768,5120,4096,4352
588,-768,1536,-768,1536,1536,3840,768,2560,2816,5632,3072,3840,0,2816,1024,0
589,-1024,-768,-1536,2304,-3840,1792,2048,0,1536,-3584,1536,256,-1024,-3072,1280,256
590,-3584,-256,-256,-2560,-1792,1280,-768,256,1280,1024,-1280,-1536,1792,-1792,256,0
591,256,-3072,0,1024,-4096,3328,1792,1536,2816,256,2304,-1792,-1536,2304,1792,2048
592,-2816,-1024,3072,-2304,4864,-512,-768,1792,2048,6400,-1024,1024,0,3840,-3328,256
593,0,-1024,1280,1280,1280,256,1024,5888,1792,1024,768,-2304,512,2816,-768,5120
594,1024,6400,6144,1792,2816,12800,11520,15872,15104,12544,14080,6400,5888,12544,9728,11776
595,5632,5376,3584,5632,512,16640,14848,12288,17408,15360,19200,10240,2816,13312,12544,13056
596,2304,1536,-1536,-768,4608,5888,5120,0,8704,11776,8192,11776,256,3072,3072,1024
597,0,-1280,-3072,-256,256,2048,-1536,-768,-1792,2560,-2304,768,-1024,-5120,-512,-2048
598,-1792,512,1536,-512,-1792,-256,-512,1536,-1024,-3328,-2560,-1536,-1024,-1792,-1792,-2048
599,-768,-2048,768,-512,-512,4608,3072,5888,5376,2816,4352,-2816,-1792,4352,256,6400
600,2816,1024,1024,2560,256,4096,6400,4864,9472,6912,4096,3072,2560,8704,5888,5888
601,-1024,-1792,1792,512,-1280,5376,5888,7168,7936,7936,4352,4096,1792,6400,4352,3840
602,2560,1024,1024,768,1280,3328,3840,6400,6656,6400,3584,5120,1792,6912,2304,6144
603,-2048,512,1792,-2048,6144,6400,1536,7424,6144,10496,8960,2048,-4352,1536,-1024,5120
604,3328,2816,-512,256,1792,6912,3584,3584,7680,6144,6144,6656,256,2816,2560,3328
605,256,-512,0,768,-1792,1536,2304,-512,768,4096,4096,1536,1792,1536,2816,-256
606,1792,-512,-4608,0,-4096,2816,4096,256,2304,-512,-2816,1280,-256,3072,3328,2304
607,-1280,-2048,-256,256,-512,1536,1536,4352,3328,3328,3328,-2304,-3072,2816,768,-1024
608,-512,-1024,1536,512,-768,5632,3584,4096,8192,2560,1536,2048,512,1280,3072,3840
609,-3328,6912,10496,19968,-256,8960,9728,19456,4352,6912,4864,0,11264,17664,6400,26112
610,23040,22784,23040,25088,22016,25344,24832,30208,29440,28160,23040,28160,20736,25856,20736,30976
611,22016,20480,19200,12800,28672,19968,19200,18944,27392,30464,26880,29440,15616,20224,18432,13568
612,8448,-256,-1280,-3072,10752,3840,5376,1024,10240,9472,8960,9984,-1536,1536,3584,1536
613,-1792,-1792,-5888,-3840,-2048,256,-3328,-2048,-1536,2048,-512,-1792,-512,-2304,-1024,-1792
614,2048,-512,768,6656,-7936,5632,4352,3840,1792,-2560,2560,256,256,2304,2816,6400
615,4352,10240,8960,9216,4352,10752,12288,10240,9216,10240,6912,8704,9984,10752,11264,9216
616,6656,7680,8960,10240,9728,13056,10240,11520,13568,12544,11776,8448,5376,8192,10496,12032
617,7680,8704,10496,8192,10752,9472,8704,17664,15104,15616,11264,8960,10752,14080,4608,10752
618,11776,5376,11264,8960,8960,11264,11264,12288,13312,12544,13568,7680,10496,14848,10752,13824
619,7168,8704,7680,5120,9216,8192,8960,10496,13056,12800,10496,12288,7936,10752,6912,11520
620,6144,4864,1280,6144,3584,4864,6400,5120,7936,7424,10496,8448,256,4096,7424,4096
621,4352,5376,3072,3072,3840,5888,4864,4096,5120,5632,5120,6656,3072,5120,6144,2816
622,3328,3840,1536,4608,5376,9984,5632,5376,3584,6144,6400,3328,4096,3328,6144,6144
623,6144,6400,8192,4608,4608,9216,8192,7936,8192,9728,5632,6912,6400,5120,5888,6400
624,6656,4352,6656,8192,4352,6400,8704,8704,8704,6400,7936,7680,4864,4352,2048,5632
625,15360,24064,25088,24832,5888,22784,24064,28672,23296,16128,20224,6656,25600,31744,25344,25344
626,20992,26880,26880,25088,25088,30720,27648,29952,28928,27904,28928,22784,24832,27904,29696,27136
627,22016,12800,15360,7936,23296,18432,15872,13312,23040,23552,20224,27392,14848,13056,16128,11520
628,5632,1280,2560,1024,8704,3584,2304,3328,4864,10496,5888,9728,2304,1536,768,2304
629,-512,4608,0,2304,3328,3840,-256,2816,2816,3584,2304,3840,0,1280,-768,4096
630,3584,9216,7168,11776,2304,9216,9984,12800,7424,5888,10496,3584,6144,8704,8192,9216
631,16640,10752,9472,11776,8704,15360,16128,10752,13568,10496,11776,12544,11776,14592,18432,14336
632,12032,9216,11008,12288,10496,14848,13056,13056,12288,14080,11264,10752,13312,15360,15360,11776
633,9984,10496,12032,13056,13568,14848,12288,13568,16128,13056,12544,14336,12544,8704,11264,10496
634,9728,11776,16128,12032,14080,13056,11520,15104,15104,14592,15104,12288,12800,12544,10752,11520
635,10752,9472,9472,6400,10496,11776,9216,11008,14336,11776,11776,12800,8704,10240,10496,12544
636,5632,6400,5888,5120,7936,6912,5376,7424,7424,12800,8448,8960,5632,9984,5120,7936
637,9728,4864,3840,7680,7680,5120,8192,5632,6144,6912,6912,8960,2560,6400,4608,6912
638,7936,9472,5888,7424,7936,9216,4864,8192,6400,9728,8448,5632,8192,7424,10240,6144
639,8192,9216,5888,9728,2816,13312,9728,7936,10240,4096,10240,7424,6400,5376,12032,8192
640,5632,6144,7680,19968,5888,9728,9216,14336,8448,8960,7936,9728,8704,12032,7936,21504
641,32512,25856,29440,32512,23808,29440,29184,27136,29440,29952,29952,23296,27648,29440,29440,31232
642,29440,30976,32512,22784,32512,30720,26368,29184,32512,32512,26112,32000,29184,25600,25088,26368
643,17920,9216,11776,6400,22016,11776,10240,11520,19456,16384,16896,19456,9984,9216,10496,7680
644,5888,1280,1792,-768,7424,2560,2048,2816,6400,5376,5888,5632,4096,6656,3584,3840
645,4096,4608,-256,9472,-1792,6400,6400,4096,2816,2560,5120,3328,2560,7168,8448,9472
646,8704,15872,13568,15104,9216,12544,13824,12544,8448,12032,11776,11776,11776,11520,12288,9984
647,16896,16384,15872,16128,17664,17664,14848,15104,13056,14848,15872,14592,14336,11776,15360,13056
648,15360,16640,16640,13824,16640,17152,14080,15104,16640,14336,16128,13056,15872,12544,14592,15360
649,14080,13824,14848,17408,15104,16640,15872,16384,20224,14848,14592,16384,15360,15104,14336,17664
650,15360,13056,13568,15616,13056,10752,17408,11520,16640,12288,13312,16384,16128,15360,14592,13056
651,10240,8192,10752,8960,12800,9728,8448,10496,11520,12032,10752,10752,8448,10752,10496,9728
652,7680,9472,9216,6656,8960,8448,5120,8960,9216,6656,7680,8448,6656,8704,8192,8960
653,6656,5888,9472,7680,8448,9728,7424,11008,8448,11264,13824,7424,6656,6144,5120,10496
654,16128,12032,8192,11008,9984,11776,10240,7680,9472,11776,9216,12800,12032,9728,10240,11264
655,7936,12288,9728,11776,9216,9472,9472,9728,8704,11264,11008,10752,7424,7424,8704,7680
656,8704,24320,20992,28672,9216,23040,25856,26880,11776,4608,12800,11264,22528,23552,25344,27136
657,28160,25856,29952,30976,29952,29952,30208,31232,28160,27392,30208,28416,30976,29440,32512,30464
658,30464,22016,23296,18944,28160,28160,25088,19712,32512,28416,24064,32512,24576,18944,25856,19712
659,6144,7680,12544,6912,16640,6656,6400,6912,10240,14080,11008,15104,8448,6912,6144,5888
660,3840,4864,5376,4352,7680,3328,3328,5376,5888,3328,3072,7168,2304,3328,1536,7168
661,6912,9472,7680,9472,7168,7936,5888,12288,6912,8960,8704,3328,7680,12032,7168,11264
662,17664,14336,13056,15872,12032,15360,15616,15104,15104,14336,15360,13056,12800,17152,17152,16896
663,14336,15616,12544,14080,17408,15616,16128,14080,12800,17664,16128,17152,17152,14848,15360,11776
664,18944,16128,15872,18176,12544,18176,16640,13568,15872,12800,13568,16896,15360,11776,16384,14080
665,11776,18432,17408,15872,13824,16640,15360,15104,15872,13824,14848,15872,15616,12032,15616,12288
666,12288,9216,14336,12288,13824,14592,14080,12032,15872,12800,14848,11776,12800,13568,14592,13568
667,11008,9216,10752,6656,16128,9472,8192,10240,11520,16128,5888,11520,14848,11520,7680,9216
668,9216,6400,9728,9984,7424,8192,7424,10240,8960,7680,8704,8192,5888,7424,5376,11008
669,7936,10240,9728,8704,9984,6144,8704,11776,9984,8192,10240,10752,8960,10752,8192,9216
670,9984,10240,7168,10240,9984,10496,10752,7936,8960,8192,13568,7680,7936,10496,13056,10752
671,11520,11776,7680,10496,8704,11776,8960,7424,9984,11776,9984,12288,8448,8192,10240,11008
672,26880,32512,32256,32512,14848,32512,32512,29952,19968,25856,28416,15616,32512,27136,32000,30720
673,32512,32512,32512,32000,32512,32512,32512,32512,32512,32512,32512,32512,32512,32512,32512,30976
674,25344,16640,19200,12544,30208,19968,17664,16128,27904,24576,22784,28160,17920,13312,18176,12032
675,8960,5376,6912,5888,6656,3072,7168,4608,10240,4864,5120,9472,6656,8192,8704,4608
676,-512,1536,2304,6656,2816,3072,5632,4608,2048,3584,4864,2304,2816,6656,4096,8448
677,9984,13312,12800,14848,8192,12032,10240,15616,9216,10752,8448,8448,13824,15104,12032,20736
678,16128,18176,19200,17152,18944,17408,14336,19456,15616,17408,20736,17408,13568,13056,13568,15872
679,18432,18432,16128,15360,17664,16640,15104,17408,16896,16896,19456,17664,16128,14848,15104,14848
680,18176,16384,13568,18688,13568,15360,16128,15360,16128,19968,19968,14080,15872,16640,17408,17408
681,19456,16128,13056,17920,14080,16640,18944,13568,16896,13824,13056,19968,16128,15616,17152,16128
682,14848,10496,14336,13056,14080,11520,13568,10752,12800,12032,12288,12544,13056,12288,13824,8448
683,9984,7936,10496,5632,12032,12032,8704,9216,13824,9728,7936,10240,9984,6656,9472,10240
684,6144,9216,12800,10752,8960,10240,7936,12288,10752,11008,11520,6912,12032,9728,7936,11520
685,11008,11264,11008,11264,9472,9728,10496,9728,8960,9984,10240,12800,8704,11520,10240,14336
686,10240,11264,9728,9472,13312,8192,8192,11264,8192,13312,10752,11776,8960,13056,8960,11776
687,12800,14080,11776,23552,11520,10496,12544,25344,11008,8960,11008,11008,11008,19200,10496,22528
688,32000,32512,30208,30720,26880,31232,28160,32256,31488,32512,31744,28160,31744,31232,32000,30464
689,32512,24320,26624,25344,28928,32512,31488,22784,32512,29184,32512,32256,26880,24320,32512,25344
690,14336,11520,11776,8448,18944,13824,11776,9728,16896,18688,12032,23808,14080,8192,12032,7424
691,7168,5632,7168,7936,5632,5376,6144,6400,6912,3072,5120,7680,4608,3328,4096,3328
692,4352,7424,10752,5376,9472,5888,3584,11776,6656,8192,4352,2304,9728,11520,5632,9728
693,13312,12800,14080,15616,12288,14592,13824,17664,13568,13312,14848,8192,13312,18176,15872,19712
694,16896,16640,16384,14336,15360,13824,16128,17920,17408,17408,17920,18432,16640,15872,12544,17152
695,18432,14848,11520,20736,13568,14848,15360,13824,15104,13056,16384,17920,14080,15616,18944,17152
696,11776,20224,15872,13568,18432,16384,14336,14848,14336,15616,15872,18176,14080,14336,17408,13056
697,15616,15104,13312,14336,14080,18432,13312,15104,14336,15360,16384,14848,12288,9728,14848,12800
698,16896,10496,13056,10240,12544,12032,11520,8960,11264,12544,11776,13824,14592,9984,11520,10240
699,9984,6656,7680,10240,8960,9472,9984,9216,10752,8192,7424,10240,10752,9472,9728,11264
700,6400,9984,11008,11008,7936,5888,9984,10240,12032,6656,7936,8960,8704,11264,10496,7680
701,8448,9216,11520,10496,9984,9472,9472,12544,10496,8960,12288,8448,7936,9984,9216,10240
702,12032,9728,9216,7168,10496,10496,8192,8960,8704,10240,12032,9728,12288,11520,11264,13056
703,11520,25856,25344,32512,11264,26624,24320,32512,13568,17920,23296,10752,24832,29696,24320,32512
704,32512,32512,32512,32512,32256,32512,32512,32512,30208,29184,32000,32512,32512,32256,30976,31744
705,32000,24320,23552,17408,31488,23040,20736,18176,26368,27648,28416,30720,23040,17152,24832,14080
706,12032,7936,3072,5376,12032,8192,8960,4352,10752,6144,6656,14848,8704,7936,13056,6400
707,2816,-256,4352,6144,2816,3840,5376,4352,2816,3328,5376,2816,4096,7168,5888,4608
708,11008,9728,10752,14080,7168,11008,12032,11008,9728,6656,4352,7680,11264,10240,10496,13824
709,10496,18432,20736,16640,17664,16128,12800,17920,15872,16896,17152,12544,17920,13312,13312,16640
710,14592,17408,17152,17664,16128,15104,15360,17920,18944,15872,16640,19200,15104,15360,14080,18176
711,15104,16896,18176,14080,16896,15616,15616,14080,10752,16128,17408,15104,16384,19712,17664,16896
712,22528,15104,12544,16384,16896,15104,15872,13824,15616,15360,14848,14848,14080,14848,16384,17920
713,12032,15872,13568,13056,16640,13056,11776,12288,12544,14848,13824,19712,16896,10240,14336,7936
714,12800,11008,11520,12032,8192,11776,11520,7680,11008,5120,12288,13056,9472,7168,13312,8448
715,8448,10240,8448,7936,7936,11008,8960,6912,7936,8448,7680,7424,8704,8704,10752,8960
716,10240,8192,9984,13056,7168,11008,11008,9472,9984,9216,8960,8192,10752,10496,11008,11264
717,7168,10752,13824,10240,14592,7168,8704,12288,10496,13312,7936,12544,14336,10752,5888,7936
718,14336,9216,12544,14592,12032,8192,7680,13568,10240,7936,10496,7424,8960,10496,9728,17664
719,24320,32256,30976,26624,24832,29184,28672,29440,27136,24320,28928,24064,29440,29952,30464,30720
720,30976,28672,27904,28160,25600,31488,32512,25600,29952,28416,32512,31488,31488,29696,32512,27392
721,22272,16896,13312,10240,23552,15360,14080,7936,17408,20736,16128,28160,16384,12544,17920,7168
722,6144,8448,5120,5888,10496,8448,3584,4352,4096,6656,5120,8448,768,-768,4864,2304
723,5120,7680,8704,7936,5632,6400,5376,8960,5888,3328,4864,4864,6400,8192,4352,5376
724,12032,9472,13056,15104,8960,12800,14080,13568,11520,9472,12288,7168,16640,15104,13056,17152
725,17152,15872,15872,16896,11776,13824,16640,13824,17408,13312,12288,15104,17152,18688,19456,17408
726,9728,14080,15616,13568,14592,11776,12544,14592,14336,14848,13824,14592,9472,15616,14336,11776
727,15872,15104,15872,14336,16384,12544,13056,15360,14848,14080,13312,16640,15104,16128,12544,15616
728,14592,12800,14592,11776,17920,16384,11264,14848,13568,17152,17152,14592,14848,11776,12544,13568
729,16384,14592,10752,11264,13312,13568,11520,9472,12800,14080,12288,16640,13056,11008,13312,11008
730,7680,9472,7168,11520,8960,6400,10752,6400,5888,8704,10496,11776,6144,7936,8448,6144
731,10752,9472,5888,8960,6912,8192,8704,6144,7936,4864,4096,9472,7936,8448,10496,8448
732,9216,9472,10496,10752,8448,8448,9216,9216,7936,6656,9728,5632,10240,9728,11776,7424
733,9216,6656,8448,8704,8960,11264,10752,9216,12800,8192,8448,9728,11264,9728,11264,10240
734,7424,16384,19968,29440,10496,12032,15872,24320,7680,11776,9216,7424,18432,26112,11776,30720
735,31232,32512,32512,32512,31488,29696,28672,32512,31744,31488,28160,32512,26880,29440,24576,32512
736,32000,28672,27904,20736,32512,26112,24320,24832,30976,32512,31488,32512,27136,26624,29952,19712
737,18176,6912,7680,5120,21248,9472,8960,4864,12800,13312,12032,18176,8960,8960,12288,6656
738,6400,4864,1792,4096,5120,5376,2560,2304,2560,5888,3328,5376,4608,2560,3840,3584
739,6144,8448,6912,14336,0,7424,8960,6400,3584,1024,7424,4352,4608,4608,8960,9728
740,9472,17408,17152,16896,11264,15104,15104,15872,13056,12288,12800,13824,17920,16128,16384,13568
741,17664,13056,16896,17664,16128,17664,14336,15360,17152,15104,14848,13824,15360,15616,16384,15872
742,15360,14592,17664,14080,17408,11776,11520,20736,16128,18176,12544,13568,15872,18176,11264,15360
743,14848,12544,15104,15616,14848,13056,15872,16128,14336,13824,15616,13824,13824,17152,16128,16640
744,13568,15104,13824,11008,16128,11264,10496,14592,14848,15104,14848,16384,16640,16384,12800,13568
745,13824,12032,8192,11008,11264,9984,9984,7424,10496,6656,12800,12544,7424,8704,11264,7936
746,8704,9728,8704,6400,9216,8704,8704,6656,6912,9216,9728,8704,4864,7168,10240,5120
747,8960,9728,7168,10240,9984,11008,8192,7680,4096,8960,7168,7424,10496,7936,11520,8960
748,10752,11520,12288,11520,10496,10496,8192,11264,9728,10240,8704,12032,11520,8704,7168,8960
749,11264,8192,10240,11520,9728,8448,10240,11520,11264,6656,8960,10752,9728,7680,8192,8448
750,17920,27904,28160,28928,9728,21248,27904,30208,24320,16384,20992,8704,28672,32512,28672,27904
751,25856,30976,30976,29952,25856,30208,30464,31744,31232,30208,29440,25344,29440,32512,31744,31488
752,27648,19712,20224,12800,28928,17152,16896,14080,22016,25600,22016,27648,20224,16896,19200,14080
753,8448,5632,3840,4096,14848,6912,3072,6912,6656,10240,9728,12288,6400,3328,3584,4608
754,5632,7168,3840,5632,5888,4864,2816,5120,4608,4096,4096,7168,4096,3840,3840,4096
755,9216,12032,11008,14848,4096,9728,10752,12800,6144,7168,10496,6144,8960,11008,11776,11264
756,17152,14848,10496,16128,12288,13056,18432,11776,13056,10752,11776,14336,15616,15360,18176,15872
757,13312,12288,15360,15616,14592,13312,12032,14592,13312,14336,12800,11520,16640,15616,16128,13056
758,14080,14848,17152,15616,14080,16640,14592,13824,18176,10240,13056,16128,14336,10240,14848,13312
759,12544,12800,18432,12288,15360,13056,12032,16128,15360,15616,16640,11520,15104,14080,13056,13312
760,12288,11008,10752,10752,14592,10752,11264,11520,13056,13056,11520,15616,12288,13312,11264,13568
761,6656,8960,8704,8192,16128,5632,5632,8192,6656,12032,9984,10752,7168,11008,5376,8704
762,14848,8192,5888,8704,7936,5120,7936,7424,7168,4864,6400,8960,3840,7424,7680,6912
763,12032,10240,8448,7424,8192,9472,7168,8704,6912,8960,8192,6656,8960,6912,9472,6400
764,9984,9472,8448,12288,4864,13056,10496,7424,10240,4864,10496,8960,10240,7424,10752,8960
765,7424,8960,9728,22528,8448,8192,7936,11008,6400,8704,7168,10240,10752,12032,8448,22528
766,31744,26624,30208,32512,23552,29696,29952,28416,29952,27136,28928,22784,28160,29952,31744,32000
767,29952,30208,32512,21760,32512,29696,26368,29696,32512,32512,28160,30464,31232,29184,27392,21248
768,19968,10496,13568,7424,20736,11776,10752,10496,17664,16128,16128,19456,10496,11008,11520,8704
769,6144,3840,2048,512,7424,256,3584,2304,3328,5376,5888,6656,3840,4608,3584,5120
770,3840,6144,2304,9472,512,4864,5120,4096,1792,1536,5632,2304,4352,7168,7680,9216
771,9728,17408,15104,15872,10240,12288,12800,12288,9216,8448,10752,12288,12544,12544,11776,10240
772,17408,15616,14592,14080,15616,17408,13824,14336,12544,14080,15104,12288,13568,11264,16384,12544
773,16128,16128,14080,13824,14848,14848,14848,12800,12032,13824,13568,13824,16896,12800,15872,14336
774,13568,11520,14848,17152,16128,15104,15616,14592,15104,13056,13312,16128,15872,15872,13312,17152
775,14848,14080,15104,14080,13824,8960,15616,11264,15104,9472,10752,13568,14848,16896,14592,11520
776,8192,9984,10752,7424,13568,8704,8704,9728,11520,10496,10752,8960,5632,7680,11008,8448
777,7424,8192,7168,6144,6656,7168,5120,8448,7680,7936,7168,8704,8704,8960,7936,7936
778,7936,5888,7936,8192,9472,7424,5376,7680,3840,10496,11264,7680,8448,9216,4864,8960
779,13824,12288,8448,10752,10752,9216,8960,7424,7936,7936,8192,11776,8704,8448,9728,10752
780,6912,10240,9472,9984,8192,7168,7680,8704,7936,8448,9728,8448,6144,5120,9216,4096
781,9216,23040,20480,26112,5120,20480,24064,22016,9216,3072,8960,9472,22784,23552,23296,25856
782,26880,24064,26368,29184,28672,27904,29440,26880,23808,25088,27136,25088,28672,32512,30720,29696
783,27392,20480,22016,15616,29440,23552,22016,17664,29952,27392,21760,30208,22272,18688,25600,17920
784,5120,7680,12032,6400,14336,7936,4608,6656,10496,9728,9728,14080,7936,3584,4864,2560
785,4608,4096,4608,768,3840,2816,1536,4352,4352,2048,2048,5120,1280,2560,512,5376
786,5632,8704,5632,8448,6400,4352,5376,8704,2816,6656,6144,3328,6400,11776,7424,10496
787,13568,11264,11264,14592,11520,13056,13824,12544,11776,10240,13056,11776,11264,14336,14336,14592
788,13056,14848,12544,11520,13824,13312,13056,12288,10752,13568,11520,13568,15872,14336,14592,9472
789,16128,15616,13568,13312,11008,15872,14336,11776,13568,9216,11776,13312,11264,9728,14592,12288
790,9472,15872,14080,12288,9984,15616,13568,12544,14080,12800,13312,13824,14592,11776,15360,10240
791,12544,7936,12032,12544,11008,12032,12544,7936,10752,11008,11264,11776,12544,13056,13568,10240
792,8704,8448,9984,5120,14592,6400,5632,8960,8960,12032,3328,8960,11264,9472,5632,7680
793,6144,5120,7680,6400,7424,3840,4352,8960,6144,4608,6400,4096,3328,4864,4864,6656
794,4864,8704,9216,6144,6656,4864,6144,7936,7936,5120,7680,7936,7424,9216,5888,8192
795,9728,7424,3584,8960,5120,8960,9472,4096,5632,4864,10752,6656,6912,8960,10752,8960
796,8704,9472,5888,8704,7424,7936,6656,4608,6400,9472,5888,9472,6912,7424,9216,6656
797,20736,31488,28928,31488,13568,29440,30976,28672,19200,20992,24320,12032,29184,26112,29440,25344
798,31232,32512,32512,27648,29184,32512,30720,31232,30720,29184,30976,28160,32512,30976,32512,27136
799,26112,15104,16896,10240,26112,18176,16640,12032,23040,21504,20224,26112,15872,12288,17664,10496
800,5632,1536,5120,3328,4352,1024,5632,2048,6656,2048,3328,7168,4352,6400,5376,2304
801,-2304,768,1280,4608,2048,-256,2048,2816,0,0,-768,-256,2048,5632,2048,4608
802,5888,12288,9472,10752,7168,8704,6400,12032,6656,6144,6144,4608,8704,10752,7936,13312
803,14080,13824,15360,14336,13824,15104,12032,16640,14080,16128,18176,14336,11776,11008,11776,12800
804,16896,14592,12544,14848,15104,14080,15104,11008,12544,13568,14848,16640,15872,14336,14080,13568
805,14848,13824,11776,13056,12288,13312,14080,13056,13056,14848,14592,11520,12288,14336,15104,13056
806,15360,14848,10496,15616,12544,10496,14848,11264,13056,10240,10240,16384,11264,11520,14592,11008
807,11008,8960,12032,12032,9984,9472,10240,8448,9984,8704,11008,9216,10240,9984,11776,5888
808,8704,5120,6656,4352,8192,9728,6656,4864,10752,6144,4608,7680,8448,6656,7680,7168
809,4352,6400,10752,8192,7168,6144,5120,8192,6656,8448,6656,4096,8960,7936,5888,6912
810,6144,8448,8192,8960,7680,5120,7168,8960,7424,5376,6656,10752,5120,6656,5632,8960
811,6656,8960,7168,6912,10240,5120,3584,7680,5120,9472,8192,7424,7168,10240,6144,7680
812,11520,11264,6656,22272,8704,7936,10240,18944,6656,4096,7936,7680,8448,17408,8960,20224
813,29184,27648,27392,28160,25088,26880,26624,27392,26624,28672,28928,23552,28160,27392,27648,25856
814,31488,27136,26880,23040,27904,27648,27392,19200,27904,24832,27392,28672,27136,20224,28672,19456
815,10752,11776,10240,5632,19456,9984,6912,5376,13056,11776,9216,18688,9984,4608,7680,3328
816,4608,512,2560,4864,2304,1792,2816,2560,5120,2816,2816,3840,1792,2304,4096,256
817,1280,3328,6912,4352,4864,2304,2816,6912,3072,7680,-768,768,5632,6400,3584,5632
818,10496,9984,12288,12544,7168,10496,10752,14080,9472,6656,9472,5376,10752,13056,11264,16384
819,12800,14848,14080,10752,15872,7936,11520,12800,12288,13824,14592,13824,13056,13568,9984,12544
820,14336,12544,11264,17152,13056,12800,11776,9984,11776,8960,14592,13568,11008,12288,16128,14080
821,11520,16640,11520,11008,13824,14080,11776,10496,10496,12032,12544,14592,13824,9984,13312,8192
822,14336,12288,10240,12032,11008,13568,10240,10496,9472,13056,10496,11008,9728,6912,11776,7680
823,11264,8448,9984,8448,10752,6144,8192,7424,7680,8448,7680,11008,9472,6912,8192,6144
824,5120,3840,7680,6912,7936,5120,4352,6144,6912,4608,4608,5888,7680,5120,4864,7680
825,4864,8192,8448,7936,4608,3072,6912,5632,8192,1792,4096,5376,7680,7936,6656,5376
826,6144,4352,7168,4864,5376,5632,6656,7168,6656,6144,8704,3584,4096,7680,6912,6656
827,8192,7680,6144,5632,8192,5376,4864,5120,4096,7168,4608,6400,8448,9984,9216,7424
828,6656,22272,23040,30208,9472,22784,18944,29952,9216,12800,19968,6912,19968,23552,16640,30720
829,31232,32512,30464,31744,28160,30208,29952,30720,28928,25856,28160,30976,32000,28672,27392,29184
830,27904,19456,20992,13568,27648,19968,19712,14592,23552,25600,23808,28416,18944,14592,23040,10496
831,8704,5120,-256,2816,6656,4608,6144,0,6656,4096,768,12288,3840,3328,8192,3328
832,0,-1536,768,4608,1280,-2560,512,-512,-2560,-256,512,-1792,-512,1536,-1280,-512
833,6400,6400,8192,10240,4864,7680,8192,8704,6912,1536,2560,3072,8704,6912,7680,10240
834,7936,13568,16896,12032,12800,13056,6912,14592,12544,12800,13312,8448,14848,12288,11776,12032
835,12800,14080,13056,13056,11776,11264,11776,12800,14080,13312,11008,15872,11008,11008,10752,14848
836,11008,13824,12544,11776,14336,9984,13312,11008,5888,12544,12800,12032,13056,15104,12032,13056
837,17152,11264,10496,12544,15104,11264,9984,10496,12288,11776,11008,13056,9472,11264,13568,14080
838,8704,13056,10496,8704,13056,14592,8960,8448,8960,9472,10240,11776,10752,6912,11264,5376
839,10496,6400,6656,6144,2304,8704,8960,4352,7936,2816,8448,6400,6656,2816,8192,4864
840,4864,6656,4352,6144,3840,5120,5632,3840,4608,6400,1792,6400,9472,4864,7168,3840
841,3584,4352,6912,10496,5632,7168,6400,5888,5120,4352,4608,5120,3840,5632,5632,6912
842,4608,7168,10496,4352,12288,4096,4352,9728,7680,8192,3072,6912,7936,7936,3840,4608
843,8960,4864,8192,8960,6912,4608,5632,8960,6912,4352,6400,2560,6400,5888,5888,13312
844,18944,28672,26624,23808,17920,26112,25600,25088,22272,20224,24320,19200,27648,24320,25344,27392
845,27392,27136,24832,26368,24576,25856,28672,19712,24064,25344,31232,26112,24832,25856,28928,23552
846,18688,14336,12544,5888,23040,11776,11008,6144,14848,16640,14080,23296,11008,9216,14080,2560
847,4096,3328,1792,768,6144,5376,0,2048,1024,2816,1536,4096,1792,-4608,1792,-3328
848,1792,2816,4608,4352,-768,2816,2048,3840,512,768,-256,1792,5376,256,256,2816
849,7680,6144,6912,12544,4864,7424,11520,8960,5888,5120,7424,4608,9472,11008,8192,14080
850,12288,12032,12544,11776,11008,8960,11776,10752,13056,9728,8448,9728,12288,15360,13824,12288
851,5632,11776,14080,9216,12288,9984,10240,12032,11776,8960,9728,9472,7168,9216,9728,7680
852,14336,10752,11264,8448,11264,8704,7936,11520,11008,11520,10752,9472,12032,10496,9472,11264
853,12544,9216,9984,9472,13568,11520,7680,10496,7936,14080,12032,12032,10496,10496,11008,9216
854,10496,9728,8448,7680,10240,8960,7424,5376,7680,9216,7936,13824,8448,5632,6400,6656
855,4608,5888,3328,6400,6144,2560,5632,4352,2560,3328,4864,5376,3840,1280,4608,2560
856,7424,6656,2560,3840,4096,3840,6912,2304,4096,256,1024,3072,5120,4352,7936,4864
857,5376,4096,4608,7424,2560,5888,5376,5120,4608,4352,5888,1792,5120,6912,6912,3584
858,5120,3072,6400,5120,4864,5888,6144,3584,5888,4608,3840,6400,6656,4608,4608,5376
859,4096,12544,14336,25344,7424,8192,10240,21504,4864,6400,5376,3584,15872,19968,7424,25344
860,28160,28928,27648,30208,29184,24576,24320,31744,29184,27136,25088,29952,24576,27648,25856,30208
861,27648,24320,25088,17920,30464,22016,20480,20224,25600,30720,27904,32256,22272,23296,23296,16896
862,15872,2816,1024,1024,14592,5376,6144,-512,7424,9728,7680,16128,3840,2048,4864,3328
863,2560,2304,-1024,-1024,1792,1024,-1536,-2048,-1536,2048,-1280,512,2304,-768,1280,-2304
864,1536,5376,4608,11008,-2560,4352,4864,3584,1024,-5376,3072,256,1280,2048,5632,4352
865,5888,13056,12544,10496,7424,11264,9984,11520,9216,8704,9472,6912,12544,9984,10496,9216
866,14848,9216,11264,13824,11264,11776,11776,9984,11776,11264,10240,11776,13312,11264,12288,12032
867,9728,8704,12544,10496,13312,6912,7936,16128,11520,14080,8704,11008,12544,15360,6400,11520
868,10240,9216,13568,10752,11008,8704,10496,12288,10752,7680,10240,8448,8960,13056,12032,12544
869,9728,12288,10240,6144,14080,6912,7168,10752,10496,10496,11008,9984,8192,7680,6400,9216
870,10240,7680,2560,7168,5376,7168,6400,3584,6912,4864,9984,8704,5632,5376,7936,2560
871,4864,5376,3584,2816,4864,3840,3584,0,768,4864,3840,7936,4608,4864,7680,512
872,5120,5888,4096,6912,4608,6656,4096,5120,768,3840,2816,4352,3584,2048,6144,4096
873,6400,7168,8704,6144,6144,4352,4096,7424,5120,4864,4608,5120,6656,2816,2560,3072
874,6144,4096,7424,6656,5120,5120,6144,5888,6912,2560,5632,4864,6144,3584,4352,5632
875,12288,22528,20992,24320,7680,18688,24832,24576,17152,10496,16384,5120,24064,29696,24320,23040
876,24064,26624,27392,25856,24064,25600,26368,27648,24832,24832,24576,22272,25856,28416,25344,23808
877,21504,16128,17408,9984,24320,13568,13056,12032,18688,17664,17408,25856,15872,12032,13824,6400
878,3584,1280,3328,-2048,9472,3072,-2304,3072,2304,6656,5888,6144,-256,-2304,512,256
879,3840,3584,-2048,1024,2304,768,-512,-1024,-1024,768,-512,3584,2048,0,1024,1536
880,4864,4864,6656,11008,512,4864,7936,5120,1536,2816,6144,2304,6144,6656,5120,6656
881,11520,13056,8192,12544,7424,8704,13056,8704,8704,4096,4608,9984,11264,11520,13312,9216
882,7680,9984,11776,9984,11776,9984,7680,10496,8448,8192,9984,5888,7936,9216,10752,7424
883,11008,9728,11520,9472,9472,12800,10752,10752,14080,7424,9728,11776,12288,8448,11008,8448
884,8704,7168,14080,10752,11776,9216,7680,11008,8704,10496,12032,9472,14336,11520,7936,8448
885,7424,8960,6912,7168,9216,6144,7168,6912,7680,6656,5376,12544,5376,5632,5888,9216
886,3072,5888,3840,3072,7424,-256,768,4608,1536,6656,5888,5120,512,4608,2048,1792
887,8448,3584,2816,3072,4608,2304,3328,2048,2560,1024,3328,3840,2816,5376,3328,3072
888,3584,4608,2816,3584,5888,6144,3840,2560,256,4608,4096,2816,6400,256,3840,1792
889,7168,5376,4608,7936,1280,7424,6400,2816,4608,1280,5120,5120,3584,-1280,7680,3328
890,2048,5376,4864,19968,3584,3072,4864,7936,2816,2048,2048,7168,5120,9472,5376,15104
891,25600,22528,25344,26880,18688,24576,21760,23552,25088,22272,25856,16896,25600,25600,24832,26112
892,27136,26624,28416,16896,32256,25088,22016,24064,28160,32000,24576,25600,27904,21504,22272,18432
893,17664,3328,9984,4096,17152,6912,7168,5632,12544,12544,12800,15104,5376,5632,7936,3840
894,1536,512,256,-3072,3584,-4352,-1536,-1536,-1536,-768,-512,2048,1280,3328,-1024,-1280
895,-2816,2304,-2560,3840,-2560,768,-256,-512,-2560,-4096,1536,-2560,-2560,-256,-768,3328
896,6656,12288,7680,10496,3584,8448,8192,9216,6144,5632,6912,6912,7680,6400,8704,5888
897,13824,9216,9984,11264,11008,12800,9728,8192,6144,9472,9472,9728,11008,8704,13568,7936
898,10240,11520,12544,10240,9984,11008,9984,8448,6912,8704,7168,9728,14592,8448,8960,9984
899,8704,7936,10240,11264,12800,7936,9472,11008,9216,8192,8704,11008,8704,7168,5632,10240
900,9984,9984,11776,8704,9984,5888,9984,7680,10752,5120,8192,8960,9728,11008,11008,6144
901,5120,4608,4608,3840,8448,5632,3840,3584,6656,5632,6656,4864,3584,6912,7424,4352
902,4352,3584,3072,2304,3328,2048,256,3584,2304,4352,1280,4608,4352,3328,1792,2816
903,2304,2048,3840,4608,4352,1792,1024,4864,256,4608,5888,4608,1792,-256,-1792,2816
904,7168,7936,4096,4608,6400,5120,1536,4096,3072,3328,3328,5376,5376,4608,5632,5632
905,3072,6144,4352,5888,4352,4352,4096,3840,2048,3840,5632,2560,3072,2560,5632,1024
906,5376,15872,13824,22528,768,15616,20480,16640,3840,-1024,4352,4352,17664,16896,16128,20480
907,23552,20992,24064,26112,24064,21248,22784,22784,18944,20224,19968,21248,25600,26368,25344,22784
908,20736,17664,19712,11776,27136,19456,15360,14080,25600,22272,17664,25344,16640,12800,17920,12544
909,3072,2304,6912,2048,11008,1792,-512,4096,6656,6656,6400,7424,3840,256,512,-1280
910,1024,-1024,-1280,-1024,256,-3072,-2816,-1536,-768,-2304,-2816,-768,-1536,-2560,-3584,768
911,-512,3328,1024,4864,-256,256,0,3840,-2816,2048,768,-768,2048,6144,1280,6144
912,9216,8704,7168,9472,7680,5632,7936,5888,5376,6400,7680,6400,4608,8448,7680,7168
913,9984,9984,9472,8704,11520,8448,6144,8704,6912,8448,8960,7936,10752,8704,8448,4352
914,12032,9728,7680,9984,6912,11776,7168,7168,10240,4608,7424,7424,9984,6912,9984,6912
915,5888,11008,9216,7936,6656,9216,11008,7936,8960,9472,7680,8448,11520,6656,9984,5888
916,8960,4096,7168,8448,7424,4352,8704,4608,6912,5120,5888,7936,4864,6656,6400,5376
917,3328,3840,6656,1024,9472,1024,-2048,5376,4096,7168,-1280,4608,5888,4608,-1536,1536
918,512,1024,3072,2816,2816,768,256,3584,1536,-1280,2048,-256,512,768,-768,2816
919,1792,2560,2816,-1024,2816,-256,1280,3584,2560,1792,4352,1280,2304,3328,1536,3328
920,7680,3072,-768,4608,1280,2816,4864,-1024,768,768,4864,3072,3328,5120,7424,3072
921,1536,5632,1792,5632,3584,2048,512,768,1536,3840,1536,6144,2304,2048,256,1280
922,15616,25600,23552,25344,9472,25344,24320,25088,14080,15360,19200,6656,23296,19968,24576,20992
923,27648,26880,29440,21248,25600,28416,26368,26368,25088,24320,25856,23296,27136,24064,29696,22528
924,19968,8704,11520,5888,19200,13312,11520,7168,18688,16896,14080,22784,12032,7936,11008,6912
925,-1280,-1536,-256,-256,1024,-6656,-768,-3840,512,-1792,-2048,3584,768,256,-2048,-3328
926,-6144,-3328,-1024,768,-1280,-5120,-3072,-768,-3840,-5632,-3328,-5120,-4352,-1792,-3328,-256
927,3840,6400,5632,4864,2048,4864,1536,7680,2816,1024,2560,-1024,4096,7680,5888,6400
928,8960,8960,8704,8192,8704,10496,6656,11008,7168,12032,12544,8960,8192,8192,6656,8704
929,14080,10240,5632,9984,9984,6912,8960,6400,6656,8960,9472,13312,9984,6400,5888,9216
930,10496,8448,7424,11520,7424,7936,6656,8448,7168,9728,9984,7168,6400,6656,10240,7936
931,10240,10496,7168,7936,7424,7936,9472,6400,8448,3072,4352,10752,6144,8192,9728,6656
932,6400,1536,6400,2816,5120,4608,5120,3840,5120,5376,7168,2048,6144,5376,4608,2048
933,5632,256,1024,2048,4096,3584,1792,0,4352,3072,-1280,4864,5632,-256,3328,2048
934,-2048,1536,5376,4864,3584,1280,-1536,3584,1024,2816,2304,1792,1280,2048,-256,1792
935,1536,4352,3584,3072,2304,512,2048,5120,3072,-256,256,4608,256,4352,1280,4096
936,1536,3840,2304,0,4864,0,-256,2816,-512,4352,4096,1280,3328,2816,0,3328
937,6144,5632,768,16128,2304,4864,4608,13056,1792,256,2816,3584,4864,9984,4096,15616
938,22528,22784,20992,25344,22272,19200,19456,19712,19200,23296,23040,18944,21504,23552,22272,20480
939,27904,22016,23040,17408,22784,21504,21504,15360,24832,18944,23040,24576,19712,16640,22528,14848
940,7680,5632,5632,-1024,11776,4608,1792,2048,9472,9216,5632,13312,8192,-1792,3072,-3584
941,-512,-5120,-1792,-1024,-4096,-2560,-2048,-3584,-768,-4096,-2816,-1536,-2816,-2560,-768,-3072
942,-3584,-1280,256,1024,768,-3840,-1280,1024,-4352,1024,-5120,-2816,-256,3840,-3584,2048
943,5888,5376,7680,8448,4608,4864,4352,8448,4096,3328,4096,1280,5632,7424,4096,8448
944,6656,11008,9216,6144,9728,3840,5376,8704,7936,6144,11520,9472,8960,6400,4096,7424
945,8192,6400,4864,10240,5888,6400,6144,4608,6656,4608,10496,5888,4608,7424,11776,9984
946,8960,10496,5632,7680,8192,7168,7168,4096,4096,7680,5632,9728,8192,7424,10240,2816
947,8192,5888,6400,8960,6144,8192,5632,4608,4096,6656,5120,8448,5632,0,4096,3584
948,4352,3840,6656,2048,5632,1792,2304,3328,2560,1792,512,5632,5120,1024,1792,256
949,768,-768,1536,0,4096,1024,-256,1280,2048,-1024,768,-1024,0,0,256,3072
950,2304,1792,1280,2816,-2560,-1536,2304,512,3840,-1536,-256,-512,3072,3840,2048,1024
951,-256,0,1792,2816,1536,-768,1280,-512,3072,1280,2304,0,1280,2304,512,1792
952,2048,2304,2048,1280,4352,0,-1024,1024,0,256,-512,2560,1792,3328,3072,2048
953,3328,16128,17664,24064,3584,15616,13312,25856,1024,5888,14848,1280,13056,17664,13568,22784
954,25344,27904,25088,26112,19712,25088,24320,25088,22528,22272,23808,25600,27648,23552,23040,24832
955,19968,12800,12544,9216,20992,14592,15104,8192,16640,19456,19968,22528,15360,8960,15616,6912
956,5888,256,-3584,-2048,4096,-1024,256,-5376,1280,-1280,-4352,6656,-2304,-1280,3072,-2816
957,-3328,-4864,-2048,-1024,-3584,-6912,-4352,-3840,-5376,-7936,-4864,-5632,-5888,-3328,-5120,-6912
958,-768,1024,3584,2560,-1536,2560,512,3328,2304,-2816,-1792,-4352,4096,2816,768,5120
959,3840,7424,9984,8448,7424,6912,5632,8704,6656,7936,8960,4352,11520,6912,7424,7936
960,7936,6656,7680,8704,6400,5120,7424,6912,8192,6400,6144,11008,5120,3584,5888,9984
961,6400,9984,9216,7936,9472,4864,7168,6144,1024,5120,5376,7424,8192,9472,7168,6400
962,8448,7424,5632,5632,9984,6144,5120,5376,6656,5888,7168,6144,3328,4864,4864,6912
963,5120,7168,4864,4608,6912,7680,3840,3328,4096,5632,6912,5376,6656,2048,7168,512
964,6912,512,1792,2560,-1024,3328,2816,-3840,1024,-1792,2816,2816,2048,-768,5632,-256
965,-1280,2048,0,512,-1280,0,256,-256,-1792,-1024,-2816,1792,3840,256,-256,-768
966,-1536,-256,1792,3584,-512,-1024,256,2048,768,-1280,0,-512,-512,-1024,256,-256
967,0,1792,6400,-512,5888,-512,-1024,3840,1792,3584,-1024,512,3328,2048,-1024,512
968,3840,-1280,1280,5376,2816,1024,1280,1536,-512,-768,1536,-3072,1280,2304,512,9728
969,12800,21760,20992,17664,14336,20480,20992,20992,16128,15616,19200,14592,21760,19712,19456,20480
970,21248,22272,18688,20480,17920,21248,24576,17920,20480,16896,26624,23040,19200,16896,23808,15616
971,13056,8192,5632,-1024,15616,7168,4352,1280,9728,11520,10240,16128,6400,2560,9984,-2304
972,768,-2048,-5120,-3584,512,-1024,-3840,-4864,-5376,-2304,-3072,-1536,-3072,-6400,-1536,-6144
973,-3584,-3840,-256,-768,-5376,-3584,-2560,-1280,-5376,-4864,-4864,-4352,-768,-3840,-5888,-2304
974,2048,1280,3840,6656,256,1792,4864,5376,768,-1792,-512,-768,5376,2304,2304,7168
975,4352,7936,7424,5888,6400,3840,5376,5888,8192,3328,5120,4352,5632,7424,7168,5888
976,2816,4352,5888,3840,4608,6656,5632,7936,7424,4864,6656,3584,2304,7680,5632,2816
977,9728,4096,4864,4608,5632,3584,3584,4608,4096,6656,5632,5120,7936,5632,5376,5888
978,6144,3840,5120,3840,7424,6656,3328,6144,2048,7424,6656,6912,5632,1792,4096,4608
979,5376,5376,1792,1536,4864,1280,1536,1792,2048,3840,3328,7168,1280,0,1024,-3584
980,512,512,1024,1280,512,-1280,512,-512,-2560,-1536,2304,256,-2304,-3072,-768,-2816
981,512,-1280,-4864,-1536,-1536,0,1792,-4608,-512,-5120,-3584,-2048,0,-2048,2816,2048
982,0,-2304,0,1536,-768,-1024,512,-2560,-1280,-512,0,-3840,1280,1024,2048,-2048
983,1280,-512,768,1280,512,256,1024,512,2048,-2816,-2304,3072,768,-768,-768,-768
984,-2304,6656,8192,19200,-512,3584,2560,16640,-768,512,1280,-3072,8192,13824,2560,19456
985,22784,24064,21248,24576,23040,20224,19712,24320,23040,22784,20224,23040,20224,21504,21248,27136
986,24832,17152,19200,12032,26624,15872,16640,13824,19968,25600,23040,24064,16896,18432,18688,12544
987,12800,-1536,-1792,-3584,9984,-1536,512,-5376,2304,3840,768,9984,-2048,-1024,-256,-3072
988,-6912,-3584,-6400,-6144,-2304,-5120,-8448,-6656,-7424,-4096,-5632,-4096,-6144,-9984,-8192,-8448
989,-3584,-1024,-2304,4608,-8448,-512,-256,-512,-2304,-8960,-1792,-5632,-1536,-3584,1280,512
990,3328,4608,6400,7424,2048,5888,5632,4608,3072,3584,3328,1792,10240,6912,7424,5120
991,8448,3840,6400,8960,4864,7168,6656,4608,6400,4608,4352,5888,5376,5376,5888,8448
992,1792,3328,7424,4864,9728,-256,1536,9472,3840,8448,3328,4352,5120,6400,-1280,4608
993,6144,5120,8960,5632,6400,4608,4608,5632,5376,2816,6144,2048,5120,7936,6656,7680
994,7168,5376,2816,256,7680,2304,1280,5632,5888,5120,7424,3840,4864,5888,3072,4352
995,4608,1024,-3072,1536,-256,768,2304,-1536,1280,768,4352,2816,-256,-256,2816,256
996,-2048,1792,-1536,-256,0,-2560,-256,-3840,-3584,-1536,-2048,3584,-2048,-3072,-768,-4864
997,1024,256,-768,1536,-256,1536,-3072,0,-3840,-2304,-3072,-1792,-1536,-3328,768,-768
998,2048,3072,2816,1024,256,1024,-768,1536,0,-768,-1536,-256,2048,-1024,-1280,-1280
999,0,-3584,256,-1536,-1280,512,1792,768,1024,-1536,1792,-2560,1280,-1024,-1280,1792
1000,7424,17408,16128,19200,2304,12800,17664,18432,12288,5632,9728,768,19456,23296,18688,18432
1001,16128,20736,20992,19968,19968,19456,18176,21248,20480,19456,19200,17152,16896,19456,18688,18688
1002,16384,9984,10496,3072,16640,7680,7168,7936,14080,14592,12032,18176,9216,7424,9472,1792
1003,-1024,-5632,-2816,-6656,1792,-2560,-6400,-3584,-3072,1024,-1024,0,-3840,-6400,-5120,-4096
1004,-2048,-2816,-7424,-3584,-5120,-3584,-5888,-6400,-6144,-5632,-3328,-2816,-3840,-6656,-4864,-2560
1005,-2560,2304,1024,6144,-2560,-1536,1024,1280,-5376,-2304,1024,-3584,-1024,-512,-768,1280
1006,5376,6656,4352,5632,3072,4096,7168,2816,4608,-1024,0,4608,4608,5888,7936,4864
1007,3328,1536,5376,3840,4096,4864,3584,4352,4352,2560,4864,0,5120,5376,6912,768
1008,5120,4096,5120,4096,2304,6912,5376,3584,7424,2304,3584,5120,7424,2560,6656,4864
1009,2304,2560,6144,5888,6912,1280,3328,5632,3328,5632,6400,4352,5376,4096,1536,3840
1010,1792,3328,2560,768,3584,512,-768,2048,3584,1280,256,5888,-768,256,-512,3328
1011,-3328,768,0,-2816,2048,-3840,-4864,-1536,-3328,-1024,512,-512,-3328,-1536,-3328,-3072
1012,2048,-3840,-4096,-3328,-2304,-2816,-1792,-3840,-2816,-3840,-1280,-3584,-3840,-1792,-1280,-1280
1013,256,0,-2816,-512,-1280,-512,-2304,-4096,-4096,-1024,-2048,-2304,1792,-256,0,-3328
1014,-1024,512,-768,2304,-4352,2048,-256,-3072,-768,-5120,-1024,768,-1792,-4864,-256,-2048
1015,-3584,0,0,13312,-1280,-2816,-1792,4096,-1536,-2560,-3328,-2304,1280,512,-1024,8960
1016,20736,15616,19712,20224,14336,18944,19200,17664,19456,16896,20992,9216,17152,19712,20736,20224
1017,20224,19712,21504,12032,22528,18688,17664,19200,23552,25344,19456,22016,20736,18432,16896,14080
1018,7936,-1024,3584,-1536,10752,-512,1024,-1024,5376,6400,6656,9984,256,-1280,256,-768
1019,-5120,-4864,-5120,-8192,-768,-9216,-7936,-6400,-5120,-6400,-5888,-2560,-5120,-5376,-7424,-6656
1020,-4352,-4352,-8192,-1792,-8192,-5120,-5376,-5376,-6144,-9728,-2816,-7680,-7680,-4096,-2816,-4096
1021,512,5888,3328,4352,-3328,3072,3328,2304,-512,512,1024,1024,3072,2560,4096,768
1022,4864,3584,1792,6400,4352,6912,6656,2816,-256,3840,4352,4864,4608,1024,6144,3840
1023,5376,5632,6144,4096,6144,4608,3328,3584,1536,3584,2304,4608,5888,1536,3328,3584
1024,4864,3072,5888,6144,7168,3840,4864,5632,4864,256,2816,6400,2816,3840,1792,4608
1025,3328,2816,5632,1536,1792,256,4864,1792,5888,768,4096,1280,4608,5120,5376,2816
1026,-1024,-2048,-1280,-512,1536,-1792,-256,-2304,1280,1280,768,768,-1536,1024,2048,-1280
1027,-1536,-2560,-2816,-2048,-2048,-4352,-4352,-3328,-3328,-2048,-3584,512,-3584,-2560,-3840,-3072
1028,-2816,-2816,-2048,-1792,-768,-3072,-4096,0,-5376,-2304,-1792,-1536,-4096,-4864,-5888,-3328
1029,256,2304,-1536,-1536,256,-256,-1792,-2048,-2048,-1024,-768,-768,-512,-2816,-512,-768
1030,-768,512,-2304,-256,-3584,-768,-768,-1792,-2816,-1280,768,-1792,-2560,-2304,-256,-3328
1031,256,11008,8960,17920,-3072,9728,14080,8960,-3328,-6144,-1280,256,11008,13312,12544,16128
1032,16640,15360,19456,21248,18176,15872,17920,17920,14592,13824,15104,16128,19200,19456,17664,17664
1033,16640,11008,13568,5888,20224,12032,11008,8960,20736,15360,12288,19968,13312,7168,11520,4608
1034,-1792,-3584,2048,-3840,3584,-3584,-5376,-2560,0,2048,1024,1792,-1280,-3840,-4096,-5888
1035,-5376,-6912,-6912,-6912,-5888,-8192,-6144,-7424,-7936,-7424,-7936,-3328,-8448,-7424,-8704,-2560
1036,-6912,-2304,-1536,-512,-4864,-5376,-5632,-1536,-8448,-3072,-4864,-5888,-4096,-512,-7680,256
1037,3840,4352,768,4608,2816,1024,3328,2048,1280,-1024,1792,2048,-512,2048,4608,1792
1038,4608,3584,3072,512,5888,3584,1536,3328,1280,3584,4096,0,4608,3328,5632,-1280
1039,7424,4608,2560,4352,-512,5632,5376,768,3584,512,1536,2304,4864,2816,5120,2304
1040,-1280,3584,4352,4096,0,3072,3584,1792,3328,2560,2304,3840,5888,512,3072,512
1041,2816,-512,2304,2816,1792,-768,2304,-768,1280,-2048,-1792,2048,512,512,1280,-256
1042,-2304,-1024,1024,-6400,6144,-4608,-5888,-512,-1024,1792,-5376,-2816,-1024,-2560,-6912,-3840
1043,-3584,-4864,-2560,-3584,-4096,-4096,-4864,-2048,-2816,-5376,-1792,-6656,-5120,-3072,-4096,-1792
1044,-4608,-2816,-2048,-4352,-2816,-5888,-3840,-4096,-5120,-2816,-1280,-2816,-2304,-768,-3584,-2048
1045,1024,-1792,-6144,0,-3840,-2560,-768,-5376,-4096,-5632,-2304,-1792,-2816,-2048,512,-512
1046,-2816,-256,-3840,-512,-1536,-5120,-5120,-3328,-3072,-2560,-2816,-768,-3840,-5120,-3072,-7168
1047,11264,19968,18944,19968,4096,20992,20480,18432,8960,9984,12544,1024,19200,15872,19968,16128
1048,20224,21248,22272,16896,19712,22784,23040,18688,18688,19712,19968,18688,26368,20224,22272,19200
1049,14848,4096,6912,512,15104,6656,6912,768,12800,12032,8192,15872,5632,2304,5376,1280
1050,-4608,-5888,-3840,-5888,-4352,-11264,-5376,-7424,-3840,-8960,-7680,-1792,-6144,-4864,-7168,-11008
1051,-11264,-8448,-7936,-7424,-8448,-9984,-9728,-7168,-9216,-10496,-7168,-12800,-9728,-6144,-8192,-6400
1052,-1536,1024,-2048,-256,-2816,-1792,-2304,0,-4352,-3072,-2560,-6144,1792,3072,1024,2816
1053,2560,1024,4096,5120,4352,4864,2816,5120,1280,5632,6912,3840,3072,1536,256,4352
1054,5888,5888,2816,4608,3584,2304,3840,1536,1280,1792,1792,7680,3840,1792,1024,3840
1055,2304,4864,6144,4608,2560,2048,1536,1792,3072,3840,5632,768,-1024,-256,2560,2048
1056,4864,4864,1024,1792,768,2816,5632,512,4864,-512,0,4864,3584,3328,5888,1024
1057,3072,-4608,256,-512,512,-1024,1536,-3840,-512,-256,1280,-2816,2304,2048,1280,-3584
1058,-256,-4352,-3584,-3840,-2560,-2048,-2048,-4608,-256,-4096,-6912,-1536,-1024,-4864,-2816,-2304
1059,-8448,-3328,256,-2560,-3328,-6656,-6400,-768,-5376,-3072,-2816,-5120,-4096,-6144,-6656,-5632
1060,-3328,-512,-256,-3072,-2304,-4096,-2560,-1536,-2304,-5632,-3584,-256,-4352,-2304,-4864,-256
1061,-2560,-2560,-4352,-4352,0,-4096,-4096,-4608,-5376,-768,-1024,-3840,-2816,-256,-3840,-1024
1062,256,0,-3072,11008,-1792,-1280,512,7168,-3328,-4096,-3328,-2048,-1280,6144,-1024,9984
1063,15872,16128,15872,20480,18688,14080,15616,16640,15616,16128,17920,14848,17408,15616,15616,13568
1064,24064,17152,15616,9728,18176,17920,14592,10240,19712,13824,17920,16896,16896,11008,18432,9472
1065,7168,1536,-1792,-5888,4864,-768,-768,-4608,2816,3840,0,7424,1536,-4096,256,-6656
1066,-6656,-12032,-6912,-5632,-8448,-7680,-5632,-9216,-6912,-9216,-6912,-6656,-8192,-8192,-7168,-7680
1067,-11520,-5376,-2304,-4864,-3584,-9216,-7424,-2560,-9216,-6144,-13056,-8448,-3584,-2304,-9984,-4352
1068,-768,1024,3584,512,512,-256,-1024,3072,-512,-3328,0,-5120,-2816,512,-2048,4352
1069,2816,4864,2560,768,3840,0,1792,3840,3584,2304,4864,3584,3072,2816,768,1280
1070,4352,256,-1792,6912,-512,1792,2560,-3072,1536,-256,4608,2048,1792,2816,7168,4608
1071,2816,5888,512,2560,2304,3328,3072,-256,-768,768,512,5120,3584,2048,4096,256
1072,2304,2304,512,1280,1792,1280,512,-256,-3072,1024,-256,2048,-1024,-5632,0,-2304
1073,-768,-1024,2816,-3840,-256,-3072,-2560,-2048,-2304,-2816,-3072,0,-768,-4608,-3840,-5376
1074,-3584,-7424,-5120,-4352,-3072,-3584,-4352,-5120,-2304,-6400,-4352,-5888,-3840,-3840,-5120,-2560
1075,-3840,-3840,-3584,-2304,-5632,-6912,-2560,-4864,-1792,-5888,-6656,-5888,-1024,-256,-2560,-3840
1076,-6144,-5376,-3584,-2304,-3328,-7168,-2816,-3328,-4864,-5376,-3584,-4608,-6400,-3584,-5120,-4608
1077,-2816,-2048,-3328,-5120,-3072,-5376,-7936,-4352,-4864,-4864,-5632,-4352,-3584,-3328,-2560,-3840
1078,-256,13056,11520,19200,-2560,12800,8960,18432,-1792,1536,8704,-3840,9728,14592,9728,19456
1079,20736,21760,20224,21248,16896,20736,20992,18432,15872,16384,18688,18944,22272,20992,18432,19968
1080,17408,9984,9984,4096,17152,8192,9728,3072,11264,14592,12800,17152,11008,3328,10240,768
1081,-3584,-4096,-8960,-7424,-1536,-7424,-6144,-10240,-3584,-6656,-8704,1280,-8192,-9472,-5376,-9216
1082,-9984,-12544,-8704,-6400,-9984,-12032,-9216,-8448,-10752,-11520,-9728,-11776,-10240,-7680,-9984,-12032
1083,-4608,-6144,-2816,-512,-6144,-2048,-2304,-3840,-2560,-7680,-7936,-7424,-1792,-1280,-2560,256
1084,-768,2048,5376,4096,1536,2560,256,3584,1792,2048,1792,-768,5120,2304,1536,4352
1085,1024,4608,3584,1024,2304,-3840,1280,1280,1280,1280,512,5632,-256,-1280,-1280,4096
1086,512,5888,5632,2560,4352,0,1536,512,-3584,0,2304,1792,3584,4864,2048,0
1087,6912,1792,-1024,256,3328,4352,1024,-1536,2560,512,1536,512,-512,1024,2304,1024
1088,1024,1024,-1280,-2048,2048,256,-512,-2048,-1792,2560,0,-768,1536,-1536,1536,-4096
1089,-512,-4352,-4096,-1536,-4608,-4096,-512,-6656,-4864,-8192,-2560,-1536,-3328,-6656,-2048,-4096
1090,-7424,-3584,-3328,-4096,-5120,-4608,-6400,-5632,-5888,-6144,-8192,-3840,-1792,-6144,-5888,-5888
1091,-4352,-4096,-2304,-1536,-6144,-4096,-3840,-5632,-4096,-7680,-6144,-5120,-5888,-5632,-4864,-5376
1092,-5888,-4608,256,-7168,-1024,-5888,-5632,-2048,-3328,-1024,-5888,-5632,-1792,-1792,-6656,-4864
1093,-2560,-5632,-3584,1280,-2304,-4608,-4096,-3328,-5888,-6400,-5376,-7168,-2048,-1536,-3328,2816
1094,6656,17664,16128,14080,12544,14336,14592,14080,11008,9216,13312,9472,15360,13056,12544,15104
1095,18688,17408,13312,14336,13056,16128,18688,12544,16640,13056,20480,16128,14080,13568,19712,11520
1096,7936,3072,1536,-5376,8448,768,0,-4608,5376,7680,4864,11520,1024,-2304,4352,-7936
1097,-6144,-6912,-9472,-7936,-8704,-5120,-8704,-10752,-9984,-8448,-9984,-6400,-9216,-12032,-7424,-9984
1098,-11008,-7680,-5376,-5888,-8960,-10240,-8704,-7168,-12800,-10496,-11008,-9472,-7424,-9984,-12288,-7936
1099,-3072,-3072,-512,2048,-3328,-1792,-512,-512,-2560,-7424,-3584,-6144,0,-1024,-2816,1792
1100,768,1792,2048,-256,-256,-1280,1536,-768,4864,-1536,-1024,-1024,2304,4352,3072,-256
1101,-2048,-512,1024,-1280,-768,-768,512,768,1792,1280,-256,-1792,-1280,2304,1280,-768
1102,3328,-256,-1536,512,2304,-2048,768,256,-1280,1536,-256,1536,1024,1280,-512,2304
1103,256,-256,1280,-1024,3072,1280,-3328,1280,-1792,2304,1024,1024,-768,-3072,-1792,-768
1104,0,2048,-1536,-3584,-1024,-1792,-3328,-5120,-2304,-3584,-2304,1792,-2560,-5376,-4096,-5632
1105,-5120,-6144,-4864,-5888,-6144,-6144,-4608,-7168,-6400,-5632,-2816,-6400,-7168,-7168,-5376,-7680
1106,-4352,-5120,-9984,-4864,-6656,-7168,-2816,-9728,-6656,-9472,-11008,-5888,-3840,-4096,-768,-5120
1107,-7424,-7680,-4096,-1024,-5888,-6400,-4096,-5888,-6144,-5888,-5888,-8448,-4864,-4608,-5888,-6400
1108,-3840,-5632,-3584,-7680,-4096,-4608,-3584,-4096,-3072,-6912,-8192,-1280,-2560,-5632,-5376,-5888
1109,-5888,512,4096,11776,-4352,-256,0,10752,-5376,-2816,-4352,-8960,2560,8448,-2048,14848
1110,17664,18432,15872,20480,15616,17408,16384,18688,18688,16896,15360,18688,14336,16896,14080,23552
1111,17152,13824,13312,7168,20736,9984,11264,6912,13568,20480,18944,19200,12800,13312,9984,7424
1112,4608,-5376,-6400,-8192,6400,-7168,-5376,-9984,-1792,-1792,-3072,5120,-6656,-6656,-5888,-8448
1113,-8960,-8960,-10752,-11520,-7168,-9984,-13312,-11520,-10752,-9216,-10240,-10240,-9472,-12544,-10752,-16128
1114,-6656,-6144,-6912,-1280,-16128,-4864,-5120,-6912,-8704,-13312,-8192,-10752,-7168,-7680,-4096,-3328
1115,-3840,1280,-256,2304,-4608,0,2816,-256,-2560,-2048,-1792,-1024,3840,1024,1024,1792
1116,2304,-512,2304,3072,1792,1024,1024,-768,1792,0,-512,256,1536,1280,512,2560
1117,-1536,1024,3584,-512,7168,-3072,-2816,5120,768,-768,-1792,-512,-1024,1536,-6144,-1536
1118,2048,-1280,3072,-1536,0,0,-768,1792,1280,-256,2560,-4864,0,1792,1536,2560
1119,1024,-256,-2048,-3584,1280,-3328,-2304,-1792,512,4864,768,1024,0,2048,-1024,0
1120,-2304,-5120,-7680,-2048,-5120,-4096,-2304,-7168,-4096,-7168,-512,-512,-6400,-4864,-3840,-4352
1121,-5888,-3328,-6400,-6400,-4608,-7424,-5120,-8448,-8448,-7168,-7680,-3072,-5888,-8192,-5120,-10752
1122,-5120,-4096,-6400,-5376,-5120,-3328,-7168,-5888,-9216,-6912,-7168,-8192,-6912,-9728,-4608,-7168
1123,-4864,-3072,-3328,-4864,-6656,-2816,-4608,-4096,-4352,-4096,-6144,-5376,-3584,-4864,-6144,-5632
1124,-4864,-7936,-4352,-4608,-4352,-5888,-4096,-5888,-5376,-5888,-4352,-6144,-4352,-5120,-7168,-2560
1125,2304,12288,13824,13824,-1536,8192,14080,14848,8448,256,6912,-4096,15104,17664,12800,14848
1126,12288,15872,17664,14080,14080,14080,15104,16896,14848,14336,16128,11776,13824,13824,14592,12288
1127,11776,6144,6144,-2816,11776,3072,2560,1024,8704,10240,7936,14080,5120,1536,3840,-1792
1128,-5632,-10496,-10496,-11008,-2304,-7680,-9728,-8960,-8704,-2816,-4096,-3328,-10240,-11008,-11520,-7936
1129,-7424,-7168,-12032,-8192,-9216,-8192,-11264,-11520,-11264,-9984,-12032,-7680,-8192,-11264,-9728,-8192
1130,-8192,-2048,-2048,1024,-8192,-5376,-3072,-3328,-8960,-9216,-4608,-7936,-5120,-5632,-6144,-5376
1131,512,1024,-768,-1280,-1792,-1024,768,-2304,2560,-3840,-2816,-2304,768,0,1792,-512
1132,1024,-2816,-512,768,0,-1280,-512,-1024,-1792,-256,0,-3328,-256,1280,3072,-2048
1133,-1536,-2048,1024,256,-3584,768,1536,-1792,1536,-2048,-1536,1280,768,-2304,0,512
1134,-3328,-768,2816,512,1024,-3328,-2816,1792,-1536,-1024,256,-1024,1280,-512,-3584,-2048
1135,-3072,256,-2304,-6144,1536,-4096,-6912,-3072,-2048,-2816,-3072,256,-5632,-7168,-6656,-2560
1136,-5632,-4608,-6400,-7168,-4352,-7680,-8960,-6656,-6912,-3584,-3840,-5120,-7168,-5120,-7424,-7936
1137,-2816,-8704,-8704,-6400,-7424,-7936,-5632,-10752,-8960,-8192,-7168,-5888,-7936,-4864,-6656,-6144
1138,-5888,-5376,-6656,-5376,-5632,-4864,-6144,-7168,-8448,-6144,-6656,-7936,-4352,-6144,-5120,-7424
1139,-4096,-4352,-4864,-4096,-7936,-5120,-4352,-6400,-5632,-9728,-4864,-6400,-6400,-11520,-4352,-8704
1140,-7936,-4864,-5120,7936,-7424,-4864,-6144,-1792,-5632,-6912,-7424,-4864,-3328,-4352,-6144,5120
1141,14080,10240,12288,14848,7936,15104,14848,11008,15360,12800,15616,8192,12800,14592,14336,17408
1142,14336,14848,16896,6144,19968,12800,12288,13568,18688,22016,13312,15872,15104,14336,11520,9216
1143,3072,-4096,0,-6400,6656,-5376,-3840,-4864,2816,256,2048,5376,-5632,-6400,-4608,-6656
1144,-8704,-8960,-9984,-15872,-7936,-14336,-14592,-11008,-12032,-10496,-8960,-10240,-9728,-10752,-13056,-11264
1145,-8448,-8704,-15104,-6400,-14592,-8960,-7168,-12032,-11520,-13056,-7424,-11776,-10496,-7680,-6400,-6912
1146,-5120,-1024,-3328,-256,-5888,-1536,512,-2816,-5632,-3328,-2816,-2816,-1792,-2304,-1280,-3072
1147,512,0,-1024,1024,512,1280,768,-1024,-4864,-2560,-2560,-1024,-768,-3328,768,-2048
1148,-2048,1792,2816,-2048,768,512,-1792,-1280,-2816,-1536,-1792,-2304,-512,-6656,-2816,-1024
1149,-256,-2560,-256,512,-256,-256,512,1536,1280,-2304,-512,1280,0,0,-2304,1792
1150,-512,-3328,0,-2304,-2048,-4352,768,-5632,1024,-3328,-1792,-1024,1536,2048,512,-2304
1151,-4864,-6400,-6656,-6144,-3584,-5888,-4352,-6656,-4096,-4864,-4864,-4096,-7680,-4864,-3584,-4608
1152,-7168,-6144,-8448,-8960,-7168,-11264,-9984,-6656,-9984,-7168,-7936,-6656,-8960,-8704,-8448,-9472
1153,-8448,-7680,-5632,-7168,-5120,-5888,-8960,-5120,-9472,-5376,-3840,-7424,-8192,-9984,-11264,-7168
1154,-3072,-4096,-6656,-6656,-4096,-2816,-6144,-8960,-6144,-3328,-5376,-4608,-3072,-6912,-5888,-4864
1155,-5120,-5888,-6144,-4864,-8448,-5632,-4864,-7424,-7168,-5376,-5632,-6144,-7424,-7936,-4864,-6656
1156,-7168,7168,4864,14336,-8192,4352,10240,6912,-6912,-12032,-6656,-3584,6400,6656,8192,10496
1157,10240,10240,12288,14336,14080,11520,11520,13824,10752,10240,12288,9728,13568,14592,13056,13056
1158,14592,7168,5888,-1024,15616,8960,6912,2816,15360,12800,9216,15872,8960,2304,9216,2048
1159,-6144,-10496,-4864,-9216,-3072,-8192,-8704,-7936,-4352,-2560,-3072,-2048,-6400,-9728,-8960,-10496
1160,-12288,-11008,-11520,-12288,-11264,-13568,-12288,-11520,-12800,-13312,-14848,-7936,-12800,-10752,-14080,-8704
1161,-14080,-5888,-7680,-6144,-6656,-10240,-12544,-5632,-13312,-7680,-7936,-13056,-11264,-6912,-12032,-4864
1162,2304,-1536,-3328,-1280,-2560,-3072,-1024,-2304,-2304,-4608,-1536,-3072,-3840,-3072,-1024,-1792
1163,512,-3584,-2816,-2304,-1536,-768,-2816,-4096,-2816,-768,-256,-2048,768,-768,512,-5632
1164,256,-1792,-3840,-768,-6400,1792,1024,-2816,-256,-5120,-4096,-1280,-1024,-2304,0,-1024
1165,-6400,1024,-1024,-2304,-2048,-3072,-1792,-2304,-3584,-2048,-1792,-1280,0,-5120,-2048,-4864
1166,-1280,-5888,-1024,-3328,-3072,-3584,-2816,-5120,-2304,-5632,-3840,-2048,-4096,-5120,-2560,-4352
1167,-7680,-7168,-4352,-11008,-1024,-8192,-10496,-6656,-4608,-2304,-9472,-6656,-4864,-6144,-10752,-8448
1168,-7936,-11264,-7680,-8448,-7936,-9216,-9472,-7168,-8192,-8192,-8192,-11008,-9984,-7424,-9728,-5888
1169,-9216,-7936,-8192,-7424,-6144,-12288,-8192,-6144,-8960,-8704,-6144,-6400,-7936,-6656,-9472,-6400
1170,-3840,-6400,-10752,-6400,-10496,-6912,-7424,-9984,-7680,-10496,-3840,-8448,-9216,-7680,-4096,-6656
1171,-7680,-3840,-8704,-5120,-7936,-8448,-8448,-10240,-7680,-6656,-7680,-4864,-8704,-9472,-6912,-10240
1172,7168,13312,14848,13824,256,17408,16384,12288,4608,6656,8704,-2560,14848,12032,15360,10752
1173,16128,18432,19712,13312,15616,17152,16896,14848,14592,15872,13568,13824,20480,16896,18944,14336
1174,7424,0,2560,-4608,10752,1024,256,-2560,8960,7424,5632,9984,0,-4864,-1024,-1536
1175,-9472,-11520,-10752,-11776,-8960,-15616,-9984,-11520,-7424,-11776,-11008,-7936,-11008,-10240,-10752,-14848
1176,-15104,-15872,-13568,-10752,-12032,-14336,-13056,-12288,-12800,-14080,-12800,-15360,-14080,-11264,-11520,-10752
1177,-6912,-4096,-6656,-3584,-11264,-5632,-6656,-3840,-7936,-7680,-9216,-9728,-4352,-3328,-3840,-1024
1178,-3072,-1792,0,-768,-1024,-1536,-3328,1536,-4608,1536,2560,-1536,-4096,-4096,-4864,-1280
1179,768,1536,-768,-1280,1280,-512,-2560,-3328,-2048,-2304,-512,2048,-256,-2048,-2304,-1536
1180,-256,-1024,-2304,256,-1024,-1024,-3328,-3584,768,-256,2048,-4352,-3072,-2816,-1024,-3328
1181,1792,-1024,-5120,-2304,-4864,-2560,768,-3584,256,-2816,-4864,256,-1024,-1792,1792,-2816
1182,-3840,-8192,-4864,-4608,-5120,-7424,-2816,-5888,-5888,-4608,-3584,-5888,-4352,-4096,-3840,-6912
1183,-7168,-7936,-7424,-9728,-4864,-6912,-8448,-7936,-3584,-7680,-10240,-6912,-6656,-8448,-7936,-7680
1184,-12288,-6656,-3840,-7424,-6400,-9216,-11008,-5888,-7936,-8704,-6656,-10240,-7424,-10496,-11264,-8960
1185,-7168,-7424,-5376,-8448,-9472,-8192,-7168,-4608,-6144,-7936,-7168,-5632,-8704,-8448,-7936,-4096
1186,-7168,-7680,-8704,-7424,-5888,-9728,-9216,-9728,-10496,-3584,-7168,-7168,-7168,-3328,-7424,-5888
1187,-7168,-4864,-8192,6144,-5120,-4864,-4864,2816,-8192,-8704,-7680,-6400,-7936,2304,-7936,6144
1188,12544,11776,9472,13568,12032,11264,11264,13824,12288,13056,14080,8448,12032,11008,12544,8704
1189,17920,10752,10752,4608,11008,13568,12800,4608,15872,11008,14080,12800,11264,3840,15104,4352
1190,-3328,-4608,-5376,-10496,-1024,-4608,-6144,-9472,256,256,-4352,3584,-4096,-11776,-5888,-10240
1191,-13312,-14848,-11520,-11520,-12032,-14592,-11520,-14336,-12800,-13312,-12032,-11264,-14336,-12800,-14336,-12032
1192,-13824,-10240,-6656,-8960,-7424,-12544,-12800,-7424,-12032,-10240,-14592,-13568,-8448,-6912,-13056,-7936
1193,-5376,-5888,-3072,-2816,-5632,-4352,-5376,-1792,-3328,-6912,-3840,-10240,-5376,-2816,-4608,-1792
1194,-3328,-1536,-2816,-5376,-1792,-4608,-3328,-768,-1024,-512,-512,-768,-1280,-768,-4352,-1792
1195,-768,-3840,-8192,1536,-4864,-3584,-512,-5888,-3840,-4864,256,-256,-5120,-1536,768,1024
1196,-3072,512,-2816,-3328,-3584,-1536,-2048,-3840,-4608,-2304,-6400,-512,-1792,-3328,256,-5376
1197,-4096,-2304,-2816,-3328,-3328,-2048,-4096,-4096,-5120,-5120,-4352,-3840,-6144,-8960,-4096,-7168
1198,-5888,-6912,-4096,-10496,-4608,-7168,-8448,-6144,-5632,-5376,-5888,-6912,-5120,-8704,-8960,-8448
1199,-6400,-12544,-11008,-8448,-8192,-9216,-8448,-10240,-7424,-8960,-10496,-8960,-7680,-7680,-8704,-5888
1200,-10496,-8960,-7936,-6656,-11520,-12032,-7168,-9472,-6144,-10496,-11008,-8960,-8192,-5888,-8448,-7680
1201,-11264,-9472,-8192,-7168,-7936,-10496,-7168,-6144,-8704,-10496,-8448,-9728,-11264,-7936,-9216,-8704
1202,-7424,-7680,-8192,-10496,-5632,-8960,-11264,-9216,-8704,-8192,-8960,-8960,-8192,-8192,-7424,-7936
1203,-5120,5632,6144,13824,-9472,10752,5632,14592,-4864,-2048,2304,-8192,6912,10496,4608,15360
1204,14080,17408,14080,16640,11264,15872,15616,14080,9984,13056,12800,16384,16896,16896,13824,15104
1205,11008,5632,4864,-512,13568,4096,4608,1024,7936,9728,9216,13568,3328,768,5376,-2560
1206,-6400,-10240,-13312,-13568,-6144,-12800,-10240,-14336,-6400,-10752,-12800,-4352,-12032,-12800,-6912,-14336
1207,-13568,-17920,-12800,-11776,-17408,-15616,-13824,-13824,-14848,-15360,-14336,-18432,-13312,-13312,-13056,-15104
1208,-9728,-10752,-9728,-5632,-12544,-6400,-5888,-6912,-8960,-11264,-12544,-12288,-6144,-5888,-8960,-2816
1209,-6912,-2304,1792,-768,-1024,-1792,-4096,256,-3072,-512,-2048,-6656,-768,-256,-3840,-512
1210,-3584,256,-1024,-2304,-1280,-3584,-2816,-1792,-1280,-4608,-3584,2560,-5376,-5632,-4864,-768
1211,-3328,-512,-256,-5120,-1280,-2560,-3840,-2816,-7168,-1536,-768,-5376,-1280,-1792,-3072,-3328
1212,3584,-3072,-6912,-2816,-1024,-3072,-2816,-5376,-2816,-1536,-3840,-1792,-3328,-1792,-1536,-2560
1213,-5376,-4864,-5376,-4352,-2048,-3840,-4864,-5632,-6144,-2816,-4608,-3072,-4096,-4864,-3840,-8704
1214,-5632,-8192,-7936,-6656,-11008,-7168,-6400,-8960,-7936,-13824,-8192,-6912,-8960,-12032,-6144,-9984
1215,-12032,-7168,-8448,-11008,-10496,-9472,-10240,-9216,-9728,-9984,-10752,-11008,-7936,-12800,-9984,-10240
1216,-8960,-9728,-8704,-6656,-11008,-7168,-8704,-9216,-7424,-10752,-9984,-9216,-8448,-7424,-8704,-7680
1217,-10496,-9216,-5376,-9472,-3328,-10496,-13312,-6656,-9984,-4864,-11008,-8192,-5632,-4352,-11520,-9216
1218,-6400,-10240,-7168,-2304,-7680,-9728,-6912,-5632,-8704,-10496,-8960,-10752,-8704,-7680,-7680,-768
1219,2816,14848,13312,8704,5376,9472,10496,11008,6144,5632,9728,3584,11264,8448,9984,9472
1220,14336,13568,10496,9728,9728,13056,14080,6656,11776,9216,16896,11520,11776,11008,16128,8960
1221,4096,-512,-5888,-8704,6656,-2304,-2560,-10240,512,3072,512,8960,-2048,-7168,-1792,-9984
1222,-9728,-12288,-13312,-12032,-11520,-9728,-12544,-13568,-14336,-11008,-14336,-9984,-13312,-17664,-12032,-15360
1223,-16128,-10752,-9472,-10240,-14080,-13312,-12800,-9472,-15104,-15872,-15104,-13312,-12800,-13824,-16128,-13312
1224,-8192,-8448,-5120,-5120,-8448,-5376,-6144,-3584,-6400,-10240,-6400,-12544,-4608,-4096,-7680,-1792
1225,-1024,-2816,-3584,-3072,-4352,-6144,-1024,-4352,-512,-4608,-4608,-3840,256,256,256,-3584
1226,-5120,-6400,-3072,-3840,-4864,-4608,-2304,-3584,-2816,-4096,-3584,-3840,-5376,-3072,-3072,-4608
1227,-1792,-3584,-4352,-4864,-2048,-6912,-5120,-2816,-5632,-4096,-6400,-3840,-3328,-1024,-4864,-3328
1228,-5632,-3328,-4096,-7680,-256,-2816,-8192,-2816,-5888,-1792,-1024,-5120,-8448,-8704,-7680,-4608
1229,-2048,-3328,-7680,-7680,-6656,-4352,-7424,-8704,-5120,-5632,-5120,-1792,-4608,-9984,-4096,-8704
1230,-9216,-10496,-9216,-7168,-10496,-9984,-8960,-13312,-11264,-9472,-7680,-7424,-8448,-10752,-9216,-11776
1231,-8704,-8960,-12800,-8960,-10752,-11008,-7424,-12544,-10240,-14336,-15616,-8960,-8704,-7680,-7424,-9216
1232,-11008,-11776,-8960,-8192,-9984,-12032,-9472,-8448,-12288,-10752,-9472,-14592,-11008,-9472,-8704,-12288
1233,-7936,-9984,-8192,-9472,-10752,-7680,-7936,-8960,-4864,-11264,-11264,-8192,-7680,-10496,-8192,-9216
1234,-11008,-5632,-2048,11520,-9472,-1792,-2816,5888,-9472,-6912,-8448,-11776,512,6400,-6656,12800
1235,14080,14080,12032,15104,15104,12800,11776,15360,13056,14080,9728,16384,12288,15104,10240,18944
1236,13312,11008,9984,4352,16128,5632,7168,5376,8704,14336,14080,18176,6912,7168,7424,1536
1237,1280,-9472,-11264,-13824,-1280,-10240,-13568,-13824,-5632,-5632,-5632,-512,-12288,-12288,-8960,-12288
1238,-12288,-14080,-17408,-15104,-12288,-13568,-16128,-17408,-16128,-13056,-14848,-15104,-13312,-15872,-14336,-18176
1239,-11520,-12800,-11520,-4608,-17664,-8192,-7936,-10752,-12032,-17664,-12800,-13568,-9472,-11008,-8704,-7168
1240,-7168,-2048,-2816,-2048,-6912,-3584,-3072,-2304,-6656,-6400,-7424,-5888,1280,-2304,-2048,-3072
1241,-3840,-3328,-2048,-3072,-3328,-1280,-5120,-4096,-2048,-4352,-3328,-4096,-6912,-5120,-4608,-1536
1242,-4864,-4608,-1792,-4608,512,-7424,-6656,2048,-2816,0,-4352,-5120,-3328,256,-8960,-4608
1243,-1536,-7424,-1024,-3840,-3840,-4096,-4352,-4096,-3840,-4608,-2560,-5376,-3072,0,-1536,-1280
1244,-3584,-3840,-5888,-7680,-3328,-7168,-6656,-4096,-4096,-3840,-4608,-2048,-3584,-3840,-5376,0
1245,-5888,-7936,-12544,-7168,-8704,-10240,-7424,-10496,-9472,-10240,-4608,-4864,-12032,-10496,-7680,-10496
1246,-9984,-6656,-9728,-11008,-8704,-9984,-9984,-12544,-11264,-10752,-11776,-7936,-11008,-10496,-8192,-14592
1247,-8960,-9728,-11520,-8704,-10240,-5376,-10240,-12288,-12032,-11008,-10496,-11776,-10240,-11776,-7680,-8960
1248,-7680,-7680,-6144,-9216,-10496,-7936,-9216,-7168,-9216,-7168,-11008,-7424,-5888,-9984,-10240,-8960
1249,-8448,-12032,-7680,-7168,-7424,-10240,-7680,-7424,-8960,-11520,-8960,-8960,-8704,-9472,-11520,-7680
1250,-4352,6912,8192,6656,-5120,3840,8448,12544,4864,-3072,2304,-9472,8704,16640,10496,10240
1251,7168,10752,9984,8448,7680,11264,12544,11264,11008,8960,10496,5888,7168,12800,13056,10496
1252,7936,-1280,256,-7424,5632,-512,-1280,-3840,4096,6144,3072,9984,-256,-2304,1280,-5632
1253,-9216,-13568,-12544,-14080,-6400,-11264,-15360,-13056,-12544,-7168,-10752,-6912,-12544,-14080,-14592,-13568
1254,-15104,-9984,-14080,-12288,-11776,-12544,-17152,-14848,-12800,-14848,-15104,-12032,-13824,-15360,-16128,-12544
1255,-10752,-7168,-7424,-3840,-14080,-8448,-7168,-5888,-10240,-12544,-7424,-13056,-9728,-8960,-7680,-8192
1256,-1280,-5376,-6144,-4352,-6144,-4096,-512,-7680,-5120,-6656,-7936,-4352,-3072,-3072,768,-3840
1257,-5888,-7936,-5632,-3072,-5376,-5376,-4352,-4608,-4608,-5888,-6656,-7680,-4608,-1024,-1792,-4096
1258,-7168,-4608,-4096,-5376,-5120,-5120,-3840,-4352,-2816,-5888,-5888,-3840,-4608,-6144,-5120,-4096
1259,-6144,-6400,256,-5120,-2560,-5632,-6912,-2304,-3840,-5120,-3072,-5888,-3840,-5120,-6400,-5120
1260,-6912,-5376,-7424,-10752,-5376,-6400,-8960,-8448,-3840,-6144,-6656,-4096,-8960,-8192,-7936,-6144
1261,-10240,-9728,-11008,-10496,-8704,-12288,-12800,-11008,-12544,-6400,-9472,-8704,-11008,-7168,-11264,-11008
1262,-8448,-12544,-13824,-9728,-11264,-13312,-8704,-12544,-12800,-12800,-12288,-9216,-12800,-10496,-10240,-10240
1263,-10240,-9216,-11264,-11264,-9984,-8960,-11776,-10496,-12032,-9728,-11008,-13312,-8448,-11008,-8448,-11776
1264,-9216,-8192,-9984,-9216,-12800,-6912,-8192,-10752,-8192,-15104,-8960,-11264,-11008,-12800,-7680,-10752
1265,-13056,-11008,-9216,3328,-13056,-10752,-9728,-4864,-9984,-9984,-11264,-9472,-8192,-5376,-9728,2816
1266,11776,6912,9984,14080,4096,9472,9728,7680,11264,10240,8448,5120,11264,12032,11776,12288
1267,9216,11008,13824,2304,17408,9216,6400,9728,14592,18688,9216,11776,10752,8448,5120,4352
1268,512,-8704,-5888,-12032,2816,-8704,-8448,-7424,0,-2816,-1536,0,-9216,-8192,-7424,-10496
1269,-13056,-15360,-15872,-18944,-11776,-17920,-16640,-16640,-13568,-13568,-13312,-13568,-14592,-13568,-14336,-14848
1270,-12800,-13312,-19456,-9216,-20736,-12288,-11264,-15360,-15872,-18176,-13568,-15872,-15360,-13312,-9984,-8960
1271,-9472,-3584,-7168,-4864,-9216,-6912,-4608,-6144,-11520,-7168,-8192,-7168,-5888,-6656,-6656,-7680
1272,-3584,-3328,-3328,-2816,-2048,-1792,-4352,-4608,-6656,-5888,-4864,-4864,-4352,-5120,-2304,-5888
1273,-5376,-4096,-1792,-5376,-4096,-3072,-6144,-6144,-5120,-4864,-5632,-6912,-2304,-7680,-4352,-5888
1274,-2816,-7168,-4352,-2816,-5632,-4096,-4352,-3584,-3072,-4864,-6144,-3584,-4352,-4608,-5632,-1536
1275,-4864,-6656,-5632,-4608,-5888,-9472,-2816,-7168,-3840,-6912,-5632,-3328,-3840,-1792,-4864,-5376
1276,-9984,-10496,-10240,-10752,-6144,-9472,-9728,-9472,-7424,-7680,-8448,-8704,-11264,-7168,-7680,-9216
1277,-12032,-9216,-11520,-13056,-9728,-12288,-14080,-11008,-11776,-12288,-11264,-10496,-12288,-12288,-10496,-12800
1278,-9984,-13312,-10496,-12544,-10752,-11520,-13312,-9472,-13312,-8448,-7424,-12544,-12288,-14080,-14592,-10496
1279,-5888,-7680,-10752,-9728,-9216,-7168,-10240,-12288,-11264,-7936,-11264,-7168,-6400,-7680,-8448,-8960
1280,-12544,-10240,-9984,-8448,-11776,-9728,-9984,-10752,-11264,-9472,-9216,-9216,-12288,-11520,-10240,-11776
1281,-11264,3072,0,9216,-11776,1024,5376,5888,-9216,-15360,-10752,-9216,2560,4864,5120,5632
1282,8960,5632,8960,10752,9984,8704,8448,8960,6912,6144,8192,3072,8704,13056,9984,6656
1283,8960,2304,2048,-4608,9216,6912,3072,-1024,12032,7936,3840,10240,3840,1792,4864,1280
1284,-12544,-12288,-7936,-13312,-5888,-13312,-14080,-12544,-10752,-6400,-7936,-6144,-9984,-13056,-13568,-13824
1285,-15360,-13824,-14592,-14336,-13568,-17664,-16384,-14592,-14848,-16640,-17152,-11264,-16640,-16640,-18176,-12544
1286,-13824,-11264,-12032,-8960,-12288,-14080,-14592,-9216,-15872,-12032,-11264,-16640,-13056,-8192,-13312,-8960
1287,-3840,-6144,-7680,-4864,-7424,-5888,-5120,-6400,-6400,-6400,-6144,-7936,-7424,-4608,-3840,-4096
1288,-5888,-6656,-7936,-5120,-4352,-4608,-5120,-6656,-7936,-4352,-5120,-5632,-4608,-4608,-4864,-8192
1289,-2304,-5120,-5376,-4608,-9472,-1536,-3840,-6912,-4096,-8192,-7936,-5376,-4096,-6144,-3840,-6656
1290,-9472,-2560,-3584,-5888,-6656,-4864,-5632,-5632,-5120,-7680,-5632,-6400,-4096,-6912,-5632,-8960
1291,-7168,-9472,-6144,-9472,-8192,-6656,-7680,-9216,-5888,-7936,-6656,-8704,-7936,-6656,-6400,-7936
1292,-10240,-11008,-9728,-14080,-5376,-12544,-13824,-10752,-10240,-4608,-13824,-9984,-8448,-7936,-13312,-12032
1293,-11264,-13312,-11520,-10752,-11264,-13312,-12800,-11008,-12800,-13312,-12800,-13312,-15104,-11520,-14848,-9472
1294,-13568,-9472,-11776,-12288,-10240,-14848,-12032,-9984,-12032,-12544,-11776,-11776,-11520,-9216,-13056,-10496
1295,-9472,-11520,-14592,-11264,-12544,-9984,-10496,-10240,-11520,-13312,-7168,-13312,-12288,-11008,-7168,-10240
1296,-10752,-8192,-13312,-8704,-12800,-9728,-11776,-13824,-9472,-9728,-10752,-8704,-12032,-12288,-11008,-11776
1297,3328,9472,9472,11776,-2304,14336,12544,6912,-1536,3584,4864,-6144,10240,8448,10496,8704
1298,9728,14080,16384,9216,11520,14080,13568,13568,11264,11008,11520,10240,14848,14336,14080,9728
1299,3584,-4608,-2048,-10496,5120,-3328,-3840,-5888,5888,3072,2048,5376,-3584,-5376,-2304,-8448
1300,-12544,-14848,-14336,-16384,-14592,-18688,-14336,-15872,-10752,-15104,-15104,-12032,-13056,-13312,-13824,-16384
1301,-18176,-19712,-19200,-12032,-15616,-17920,-15360,-16384,-18432,-17408,-16640,-18944,-18688,-14592,-16384,-12800
1302,-12032,-7168,-9216,-7168,-12288,-8960,-10240,-6144,-12288,-9984,-12288,-13312,-8704,-4096,-7680,-5376
1303,-7168,-4608,-3072,-5632,-5120,-3072,-6400,-1792,-6144,-3840,-1024,-4096,-8192,-7168,-7936,-5632
1304,-2560,-3584,-5632,-7680,-4608,-3584,-6912,-4352,-4864,-4608,-2304,-4352,-3328,-6912,-6400,-4864
1305,-2560,-5376,-7680,-2048,-6144,-5120,-4864,-6656,-4096,-2048,-1792,-7168,-5376,-4096,-3328,-4864
1306,-5632,-6144,-8448,-4096,-7936,-5376,-1024,-8192,-4096,-7424,-5120,-1792,-5120,-4096,-2304,-5632
1307,-8448,-11520,-7936,-9472,-8448,-10496,-6912,-7936,-9472,-9728,-11776,-10496,-8704,-7680,-7168,-12288
1308,-10496,-12544,-11520,-16384,-8192,-9984,-12288,-13312,-7424,-11520,-14848,-12288,-12288,-14592,-12544,-11264
1309,-14848,-12544,-8448,-10752,-12800,-11264,-13824,-8960,-10496,-10240,-7936,-14336,-10240,-9728,-13312,-11008
1310,-12800,-10240,-9984,-11008,-12544,-11264,-11008,-10496,-11776,-12032,-10240,-8192,-10752,-9728,-11520,-7424
1311,-11008,-10496,-11008,-10496,-9472,-13056,-12544,-10240,-13824,-10240,-9728,-10496,-11776,-9216,-12288,-9472
1312,-8960,-8960,-11520,1280,-9216,-9216,-8192,1536,-11008,-13056,-9984,-11008,-11776,-768,-9728,768
1313,7168,6400,6400,9472,5888,7680,6144,7168,7936,7936,7936,4096,7168,8704,8704,6144
1314,10752,5120,3584,1024,5888,9472,7680,-1536,10240,5120,8448,8704,5632,-256,9472,-256
1315,-6144,-8704,-9472,-14080,-3328,-9216,-10240,-12288,-5632,-3840,-9216,-1536,-7424,-13568,-11008,-15104
1316,-15872,-17920,-14080,-15104,-14592,-16896,-14592,-16896,-14848,-19456,-15616,-13824,-18432,-14848,-17152,-17408
1317,-20224,-14336,-10752,-15104,-13312,-15872,-18176,-9216,-15616,-12288,-16640,-16384,-12032,-9472,-16384,-11776
1318,-7680,-9472,-7680,-6144,-9984,-7680,-8448,-5888,-8448,-8960,-7168,-13056,-8448,-6912,-7168,-3584
1319,-5376,-6656,-6144,-7424,-5120,-7936,-5888,-5888,-5120,-5376,-4864,-5888,-5888,-5376,-9728,-6144
1320,-4864,-6400,-10752,-3072,-9216,-7936,-5888,-10240,-7680,-11264,-5376,-5376,-9216,-4864,-2816,-4864
1321,-10496,-1536,-6656,-9216,-6144,-4864,-7168,-8448,-8448,-7424,-6656,-5632,-8448,-8704,-5632,-10240
1322,-5888,-6912,-8448,-6656,-9472,-4096,-7936,-8704,-7936,-7424,-7168,-8448,-9472,-12800,-7424,-10240
1323,-6912,-12288,-8192,-12288,-8448,-11008,-11008,-12544,-10752,-9216,-11008,-9216,-7424,-10752,-11776,-12544
1324,-12288,-16128,-13312,-12288,-11776,-13056,-12288,-12032,-11776,-14080,-14592,-12800,-12032,-11520,-12800,-9216
1325,-16128,-12032,-11520,-11008,-14336,-17920,-12288,-11008,-10240,-14080,-13824,-13824,-12288,-11520,-12288,-14336
1326,-14080,-14080,-11520,-11264,-12544,-12800,-11520,-11264,-10752,-13312,-10496,-14080,-15104,-11264,-13568,-11776
1327,-11008,-11520,-13824,-13568,-11264,-12032,-13568,-14848,-12800,-11776,-12288,-13312,-12544,-11008,-10496,-10752
1328,-11008,-6912,-6144,-4096,-12288,-2816,-7936,-2816,-11008,-6144,-4608,-12288,-6400,-5376,-7680,-2304
1329,-2304,0,-1792,-1024,-3584,-1024,-2048,-3328,-4608,-5120,-3840,512,-256,-3072,-4608,-3584
1330,-4096,-6912,-7680,-10240,-3584,-7680,-8960,-10240,-6400,-5120,-4864,-6912,-8448,-9984,-7936,-12544
1331,-11520,-13568,-18688,-15616,-14080,-15360,-12800,-18432,-12288,-16128,-17920,-12032,-15616,-14336,-9728,-16128
1332,-17152,-22016,-16384,-14336,-19968,-17664,-14848,-16896,-16640,-17664,-15360,-19712,-16640,-15104,-15616,-17408
1333,-14080,-15616,-13056,-12544,-15360,-12544,-12544,-12800,-12288,-15360,-19200,-14336,-11008,-12800,-15104,-11264
1334,-16640,-10752,-6912,-11008,-7936,-11520,-15616,-9216,-10752,-9472,-8960,-15360,-11264,-12800,-15616,-10752
1335,-12800,-9472,-12032,-11776,-12288,-12544,-12544,-10752,-8704,-11776,-11264,-8704,-13824,-13056,-12288,-9472
1336,-12288,-10496,-10496,-12288,-11520,-11520,-12288,-14848,-17920,-10752,-10240,-12800,-10240,-8192,-9728,-11776
1337,-6912,-12800,-18688,-12288,-12032,-11776,-11776,-14592,-12032,-12032,-15360,-10752,-13824,-12288,-12032,-11264
1338,-13568,-12544,-13568,-13056,-10496,-14592,-13824,-13824,-16384,-12288,-13568,-13568,-13312,-15616,-14848,-18176
1339,-13312,-14592,-11008,-14592,-17408,-12800,-13312,-16896,-13056,-20224,-14592,-15616,-15360,-17152,-13824,-16128
1340,-19200,-14592,-16128,-17664,-17664,-14080,-16640,-17152,-15104,-15872,-16384,-17664,-13312,-15616,-13056,-15872
1341,-14848,-17152,-14848,-13568,-17152,-14848,-14848,-16128,-14336,-15616,-16384,-16128,-16128,-15616,-16128,-13824
1342,-17920,-16384,-13056,-15104,-11264,-19456,-16896,-13056,-16384,-12032,-18688,-14080,-13568,-14848,-20736,-17920
1343,-15616,-17664,-14336,-12544,-15360,-15872,-18176,-12544,-15872,-17152,-15872,-19456,-15616,-13056,-14592,-8704
1344,-9216,5632,2048,-512,-5888,3328,2048,6144,-1536,-4608,1536,-6912,2304,5888,3072,4864
1345,8448,3328,1536,2048,512,8192,8192,1792,6144,3840,10496,3584,2560,4096,9216,2816
1346,-1536,-5632,-9728,-13312,-768,-7936,-7936,-15360,-4352,-1536,-6656,2560,-8192,-10496,-5120,-16640
1347,-19968,-17152,-18688,-18944,-16128,-15872,-20224,-20224,-19968,-17408,-19712,-16896,-21248,-23040,-19200,-21248
1348,-21504,-18176,-16128,-18688,-19968,-19968,-20224,-14848,-19968,-20480,-21760,-20992,-16896,-20736,-22528,-19200
1349,-12544,-17152,-12288,-10240,-15616,-12032,-12032,-11264,-12800,-16384,-14080,-18944,-10240,-10752,-13312,-7680
1350,-10496,-9216,-9472,-8448,-13312,-11008,-7680,-9728,-5888,-10752,-12032,-10496,-5376,-4608,-5632,-8448
1351,-14848,-10240,-9984,-11008,-10496,-11776,-9472,-9216,-10240,-8960,-10240,-11264,-14080,-9728,-10240,-11264
1352,-7168,-8960,-9728,-11776,-7680,-10752,-11520,-8192,-9472,-9728,-10752,-9216,-10240,-8704,-11264,-9728
1353,-9216,-11264,-11264,-13312,-7424,-6912,-14080,-9728,-10496,-6656,-6912,-11008,-10752,-11008,-10752,-9984
1354,-9984,-9728,-13056,-12544,-12288,-10240,-13056,-13312,-11520,-9216,-11520,-8448,-11264,-12032,-10496,-13824
1355,-15616,-15872,-15360,-11776,-15616,-16896,-12544,-16640,-17408,-14336,-13312,-12800,-17408,-18944,-16384,-17408
1356,-14336,-14848,-15104,-17152,-16384,-16128,-14336,-16640,-14848,-18688,-20992,-15872,-14848,-15104,-13312,-14848
1357,-16640,-16896,-14336,-14080,-16896,-15360,-14592,-14080,-14848,-17664,-14336,-20480,-15616,-12288,-13056,-16128
1358,-15360,-16640,-14080,-15616,-16640,-12288,-13824,-13824,-10240,-14848,-15104,-15104,-13312,-13824,-13056,-13056
1359,-15104,-14848,-10752,-2816,-13824,-12288,-14336,-8960,-14592,-10496,-14336,-16640,-9728,-9472,-16384,-2816
1360,-5376,-3584,-5120,-4096,-1536,-5120,-7424,-2048,-3072,-3840,-5632,-512,-7936,-4864,-9728,-512
1361,-5120,-5632,-6144,-9728,-2816,-9216,-8192,-6144,-6400,-2048,-2048,-2816,-7168,-4096,-5376,-10496
1362,-8192,-16384,-18176,-17408,-12288,-15616,-15360,-20224,-12288,-13056,-13824,-11264,-16896,-17664,-13312,-16640
1363,-16896,-18432,-20736,-18688,-18432,-16128,-19456,-19712,-18688,-16384,-18688,-19456,-18432,-19456,-19200,-19712
1364,-16896,-16896,-17152,-14848,-21248,-15872,-14848,-16384,-18432,-21760,-17152,-18688,-18176,-18176,-16384,-15616
1365,-17920,-11776,-10752,-13312,-15360,-12800,-12800,-12288,-13824,-15616,-14336,-14336,-9984,-12800,-12032,-14336
1366,-13056,-14592,-13056,-12288,-16128,-11520,-14080,-14336,-10496,-14336,-13056,-15360,-13568,-13824,-13568,-13056
1367,-14848,-14848,-12544,-15104,-11264,-15872,-16640,-8192,-13056,-8704,-15360,-15360,-12288,-8192,-19200,-14080
1368,-15872,-17152,-13568,-13824,-11776,-14848,-13056,-12544,-14848,-14592,-12544,-15104,-15360,-11264,-12800,-10496
1369,-14848,-13824,-15104,-17664,-12288,-16384,-16640,-12800,-13568,-12288,-13312,-13568,-14336,-14336,-15616,-13312
1370,-13056,-14848,-19456,-15360,-16896,-15872,-14848,-18432,-15616,-19712,-12544,-15104,-18944,-16896,-15616,-16640
1371,-17152,-15360,-17920,-18176,-16896,-16640,-16896,-19200,-17664,-16128,-15616,-16896,-16896,-17152,-15872,-20736
1372,-14592,-17408,-19712,-16384,-18176,-14336,-17408,-17664,-20224,-16640,-18944,-18176,-16640,-18944,-13824,-17664
1373,-18944,-16128,-13568,-16640,-17152,-15872,-17408,-14336,-16128,-16128,-18432,-16384,-16128,-18432,-19712,-17664
1374,-16896,-19712,-15872,-15872,-16128,-17408,-15872,-13312,-15360,-19456,-17408,-16896,-16640,-16384,-19968,-16384
1375,-15104,-3072,-2048,-1024,-15360,-5120,-2048,1280,-9728,-16384,-12288,-17664,256,5120,-1536,-1280
1376,-3072,-512,-1536,-768,-4608,2048,1792,1792,512,-1280,-256,-3072,-1792,1280,2304,1280
1377,-3072,-6656,-6912,-14848,-768,-8960,-8704,-11776,-5632,-2048,-3840,-256,-8704,-8192,-8704,-13056
1378,-16128,-19712,-18688,-19968,-10240,-17920,-21504,-17920,-18432,-13568,-15360,-12800,-20992,-21248,-23296,-19968
1379,-18176,-17920,-21504,-20480,-19456,-19456,-23296,-20736,-19968,-19968,-21248,-18432,-19200,-22272,-21248,-20480
1380,-19200,-15872,-15360,-12288,-23808,-15616,-14592,-14080,-18944,-17920,-15360,-20224,-16384,-16128,-14080,-15104
1381,-12544,-12032,-16128,-11008,-16384,-12544,-7936,-14592,-13312,-15360,-15616,-11776,-11776,-9984,-9216,-10752
1382,-11520,-14848,-11264,-9984,-12032,-12800,-11776,-11776,-12800,-12800,-13312,-15872,-13824,-11264,-11776,-14336
1383,-13824,-11264,-10752,-13312,-12800,-11264,-11776,-11776,-8192,-15616,-13056,-11008,-12288,-15104,-11264,-12800
1384,-15872,-13568,-8448,-14336,-11008,-12544,-15872,-9472,-11264,-10240,-8192,-15104,-9984,-9216,-13312,-12544
1385,-12800,-11520,-15616,-16640,-13056,-14336,-14848,-14080,-12288,-12288,-14336,-9728,-13312,-13568,-15360,-12032
1386,-16896,-17664,-16640,-15872,-14848,-18688,-17920,-16384,-19200,-13312,-15104,-14336,-19456,-16640,-20224,-16896
1387,-14592,-18176,-19712,-15872,-17408,-19712,-16128,-18176,-18688,-20224,-18944,-16128,-20992,-17152,-16896,-18176
1388,-19200,-15872,-17152,-17408,-15104,-12032,-18176,-16896,-17920,-16128,-16128,-20224,-16128,-17664,-15360,-18688
1389,-13824,-15104,-16896,-15104,-20736,-13824,-13312,-17408,-13056,-19712,-14848,-17408,-15104,-19456,-15104,-16128
1390,-18432,-16896,-16128,-9472,-18432,-17408,-16384,-15616,-18176,-15872,-17408,-15360,-13568,-14848,-16384,-12032
1391,-1792,-5120,-2048,-1536,-7168,-768,-1792,-4352,-2048,-4352,-4096,-9216,-3328,-1536,-768,-2048
1392,-4608,-1536,1280,-8448,3328,-5120,-5120,-1280,-512,3072,-4608,-3072,-2048,-3584,-6656,-8960
1393,-7680,-16384,-12032,-18432,-7680,-13824,-13824,-13824,-9728,-10496,-10496,-9728,-15360,-15872,-14336,-15616
1394,-18944,-20224,-22528,-22784,-17920,-21248,-20992,-20480,-19200,-18176,-17920,-18688,-19200,-18176,-19712,-18688
1395,-18944,-18944,-23552,-15616,-24576,-17664,-17152,-21248,-20480,-22528,-17920,-20736,-21504,-17664,-16384,-16384
1396,-17152,-9984,-13312,-13312,-16640,-13824,-13056,-14080,-16384,-17152,-15104,-13824,-14848,-16640,-15872,-18176
1397,-12288,-11520,-12288,-13568,-12032,-8960,-13824,-13056,-14592,-13824,-12544,-15872,-12288,-15104,-11520,-14336
1398,-11520,-11776,-11520,-11520,-12544,-10752,-12800,-13568,-14336,-11264,-14592,-14080,-8448,-12544,-10752,-12288
1399,-12800,-17664,-12288,-9216,-13312,-11776,-11008,-11264,-12032,-14080,-14080,-10240,-12544,-13312,-15104,-9984
1400,-13312,-13568,-12032,-13312,-14336,-17408,-11008,-13568,-12032,-17152,-15616,-12800,-12032,-11264,-13824,-14848
1401,-19456,-15872,-16640,-18944,-12800,-16640,-16896,-16640,-14336,-15872,-14336,-18176,-21248,-15872,-15872,-16384
1402,-17408,-16128,-18944,-19456,-19456,-17408,-19456,-17152,-16896,-16896,-16896,-17664,-16896,-16128,-15872,-18432
1403,-17664,-19968,-17152,-16896,-17408,-15360,-18944,-17920,-20736,-15104,-13824,-17920,-17152,-19968,-21504,-16640
1404,-14080,-13312,-16384,-16384,-14592,-14080,-16640,-16896,-17152,-16640,-18432,-13824,-14336,-15872,-17152,-15360
1405,-17408,-16128,-16128,-16128,-16640,-18176,-16384,-15872,-17920,-16896,-15360,-17152,-19712,-18176,-15616,-21248
1406,-16384,-10240,-13056,-512,-19712,-11520,-8192,-4352,-15616,-22016,-18944,-16128,-11776,-5632,-7680,-1280
1407,-3072,-6912,-5120,1024,-2816,-1792,-1536,-2048,-2816,-2816,-2560,-4864,-1280,1536,-2304,-256
1408,-512,-5632,-4608,-11776,512,-2304,-3840,-7424,2816,-1024,-6144,1024,-3072,-5120,-4096,-9472
1409,-16640,-18176,-11776,-18688,-9728,-19200,-20480,-16384,-14080,-13568,-13568,-13824,-18176,-19712,-19200,-21504
1410,-20992,-18432,-19968,-19712,-20480,-21504,-23808,-19456,-19456,-21248,-20736,-18432,-23296,-23040,-22528,-17920
1411,-20992,-17408,-20480,-15872,-18688,-19712,-20480,-16384,-23040,-16128,-17152,-21760,-18432,-14336,-19200,-15104
1412,-10240,-15104,-14848,-12544,-15872,-12800,-11264,-13568,-13824,-14592,-13312,-14336,-14080,-10752,-12032,-11776
1413,-11776,-12288,-12544,-12032,-13056,-12288,-13056,-12544,-15360,-13312,-14080,-14080,-11264,-12800,-11008,-16384
1414,-12544,-10240,-12288,-13824,-14336,-8448,-11008,-13824,-10240,-15616,-14336,-13824,-13824,-16384,-11264,-13824
1415,-16128,-10240,-11520,-12544,-14848,-10752,-11520,-11776,-10496,-13312,-11776,-12288,-9472,-11264,-12800,-14592
1416,-11008,-17408,-12800,-13056,-14592,-13056,-12544,-17152,-12544,-14336,-13824,-12800,-11776,-11776,-12544,-13568
1417,-17408,-16896,-14336,-19456,-12032,-17408,-18688,-14336,-15872,-11776,-20992,-15104,-13824,-16128,-19200,-17408
1418,-18944,-19968,-16384,-17920,-17152,-20736,-18944,-15360,-18944,-19200,-17920,-19712,-22016,-17920,-17664,-17920
1419,-18432,-16128,-16384,-18176,-16128,-19712,-18176,-15104,-16640,-19456,-15872,-17408,-18944,-14592,-19968,-16384
1420,-13568,-16128,-22272,-15872,-18432,-14336,-14848,-20992,-16128,-23040,-12544,-17664,-17408,-16640,-11776,-15360
1421,-16896,-14080,-17664,-15872,-16896,-16384,-16896,-18944,-16384,-12544,-17152,-14336,-16640,-16896,-15104,-18688
1422,-10496,-1280,-256,256,-14592,0,-1024,-2560,-14080,-11776,-6656,-14080,-1280,-4608,-3840,-5632
1423,-2304,768,3584,-4608,-3072,512,-3584,768,-2560,-3328,-2816,-5376,1280,-1536,-1536,-3328
1424,-4864,-12544,-11264,-15360,-3584,-9216,-10752,-12544,-4352,-6400,-8704,-5888,-11008,-13568,-9216,-12544
1425,-18688,-22016,-18944,-19968,-18688,-22784,-16896,-20224,-15104,-19200,-18944,-16384,-17664,-15616,-19200,-19968
1426,-22272,-22528,-22272,-19200,-20480,-22528,-20224,-20992,-22016,-22528,-22528,-22784,-22528,-19200,-22272,-19200
1427,-19968,-13312,-15616,-16384,-17152,-16128,-19200,-14080,-18432,-18432,-17664,-19456,-17408,-16896,-16896,-13824
1428,-13568,-12544,-12032,-13056,-12800,-10240,-14592,-8960,-13312,-12032,-8192,-12800,-14848,-13568,-14080,-13056
1429,-9216,-11776,-13568,-13568,-12544,-10752,-13312,-15872,-13568,-12288,-11776,-9984,-8704,-12032,-13312,-14336
1430,-10496,-13312,-14080,-9472,-14848,-12544,-12544,-13312,-12800,-11264,-12288,-15104,-13568,-15104,-13312,-11776
1431,-13312,-12032,-15104,-13056,-14848,-15104,-10752,-14336,-13312,-16128,-17152,-12032,-13824,-14848,-9472,-16128
1432,-14336,-18176,-13056,-15872,-15360,-16384,-14336,-16128,-14848,-16640,-14592,-17920,-15360,-13824,-14336,-18688
1433,-15872,-18688,-18432,-21504,-15104,-14080,-16896,-19456,-14080,-17920,-19712,-17152,-16384,-18432,-18944,-16128
1434,-20736,-18432,-15104,-16640,-16640,-17152,-19712,-15104,-16640,-14592,-15872,-19968,-15616,-17664,-19712,-16384
1435,-18432,-14592,-16640,-15616,-17152,-18944,-16128,-15104,-15872,-18944,-17664,-12544,-17664,-16640,-18432,-14848
1436,-16640,-15872,-16896,-17664,-15616,-18432,-19456,-16128,-19456,-15104,-16128,-17920,-17408,-15616,-18176,-16384
1437,-14336,-14592,-18944,-9984,-15872,-15104,-13824,-12800,-17152,-19200,-17152,-16128,-18688,-13824,-16128,-7424
1438,-256,-2048,-1280,1024,-1024,1024,-512,-1280,-512,1024,1280,-4096,-512,1024,1536,-1792
1439,5120,-512,-256,-3840,-768,3072,2304,-5120,2816,-2048,0,1536,768,-2304,4864,-5632
1440,-13312,-11776,-12032,-20736,-8448,-13312,-14592,-17152,-9216,-9216,-13056,-6400,-13312,-20992,-16384,-19968
1441,-20480,-22272,-19200,-20992,-21760,-22272,-19456,-20992,-18432,-22272,-19968,-18944,-21504,-20992,-20992,-22016
1442,-22528,-20992,-16640,-19200,-17920,-21248,-22528,-17152,-20992,-16896,-23552,-22272,-17920,-14080,-20224,-17408
1443,-13568,-15104,-13568,-11520,-15872,-12288,-14080,-10752,-14336,-16128,-15360,-18944,-15360,-12544,-12544,-7680
1444,-14336,-10240,-11520,-14080,-10752,-14848,-12032,-9984,-12032,-10496,-9728,-11264,-12544,-13312,-16384,-12032
1445,-10752,-11520,-14080,-9216,-14848,-13056,-11008,-14080,-11008,-16128,-9472,-10240,-14848,-9728,-9728,-10240
1446,-12288,-7936,-13824,-13824,-11776,-9984,-11520,-13568,-11520,-12288,-12032,-10240,-10240,-12032,-8704,-16384
1447,-10240,-12032,-13312,-11776,-13568,-9216,-12800,-13312,-12800,-11264,-13824,-13056,-13312,-17152,-11008,-14848
1448,-15872,-15872,-12544,-15872,-14080,-16384,-14336,-14080,-16128,-14080,-16384,-12800,-14080,-16384,-17408,-16896
1449,-16384,-20736,-16640,-18688,-16384,-17152,-17664,-15872,-16384,-18688,-18432,-17408,-17152,-15872,-17920,-15104
1450,-17152,-15360,-15360,-16384,-18176,-20224,-16128,-16640,-14080,-20224,-18176,-17920,-15872,-16896,-15360,-17152
1451,-18432,-19456,-16640,-16896,-17664,-17152,-15104,-15872,-14592,-16896,-13824,-18944,-18944,-16896,-16384,-15616
1452,-15872,-14848,-17152,-17408,-15872,-16640,-17920,-17920,-17920,-15616,-17920,-16384,-15104,-11776,-15616,-15104
1453,-16128,-8960,-8448,-2304,-14592,-4864,-9728,768,-16384,-12032,-9472,-16128,-8704,-4352,-13056,-768
1454,256,2560,0,1280,-1024,1792,-256,1280,-3072,-2560,-2304,1024,2048,-2560,-512,-512
1455,-1024,-6400,-5888,-9216,-2304,-5632,-5888,-11008,-3584,-512,-3584,-1792,-6912,-11008,-5120,-14336
1456,-14080,-16896,-22528,-19456,-17664,-17152,-15616,-22016,-13824,-18176,-21504,-11776,-17920,-16128,-14592,-18432
1457,-22528,-25088,-22016,-19712,-20480,-24064,-19968,-20736,-23552,-22272,-20736,-24064,-22784,-20736,-21248,-22528
1458,-18432,-17664,-14336,-15616,-17152,-15360,-15616,-14848,-15360,-19712,-20736,-18688,-15104,-16640,-16896,-13312
1459,-15872,-12288,-9472,-12032,-12032,-11776,-15872,-9216,-10752,-10496,-9984,-16384,-10496,-10496,-15104,-11776
1460,-12032,-9728,-12544,-12800,-14080,-12800,-13056,-11008,-10496,-10496,-12800,-8960,-13056,-13056,-13824,-9984
1461,-15360,-11008,-12288,-11776,-10496,-12544,-11520,-13568,-19712,-12544,-10752,-12800,-12032,-12544,-11008,-12032
1462,-7424,-12800,-15104,-12800,-10752,-12032,-13056,-13824,-13056,-12544,-14336,-11264,-15360,-13056,-12288,-12032
1463,-13824,-12288,-14080,-14336,-12032,-12800,-14336,-14592,-14848,-14336,-13824,-14080,-14336,-14848,-14080,-18688
1464,-14592,-16896,-16640,-17408,-19456,-13056,-15104,-18432,-14080,-19712,-14592,-17152,-15872,-19456,-13312,-17152
1465,-19456,-17408,-17408,-18432,-18176,-16640,-16896,-18176,-17664,-16640,-18944,-16896,-13056,-16640,-15872,-18432
1466,-17664,-18688,-15872,-14080,-18432,-16384,-15616,-16384,-16384,-18176,-17920,-17408,-17920,-16384,-19456,-15872
1467,-19456,-16896,-12800,-16896,-12800,-19968,-19456,-12288,-17152,-13312,-19968,-16384,-15360,-15360,-20480,-18688
1468,-15872,-17152,-14848,-16128,-14080,-16128,-17664,-13824,-16128,-17408,-16128,-19712,-18432,-16896,-14080,-11520
1469,-8448,2304,-768,-4864,-11776,0,-1024,1024,-2304,-5376,512,-11008,0,1536,0,256
1470,2304,1792,-2816,-768,-4864,2304,3584,-4096,-1792,-1536,5376,-1024,-768,1536,2816,-2304
1471,-6656,-7424,-11008,-15360,-3584,-10496,-10240,-15616,-6912,-6144,-8704,-512,-10752,-14336,-8960,-19968
1472,-17664,-19200,-19968,-19968,-16128,-16896,-20480,-19712,-20224,-18944,-20480,-17664,-20992,-24064,-17152,-24064
1473,-20480,-19456,-17152,-19200,-22272,-19456,-20736,-17152,-20992,-19456,-22528,-20480,-18176,-20224,-21504,-18688
1474,-17152,-18688,-16128,-11264,-18176,-13824,-12800,-13312,-16384,-17664,-15616,-18432,-13824,-13568,-16896,-9216
1475,-13824,-12032,-10752,-11264,-13056,-14336,-10240,-11008,-8704,-13312,-13568,-13056,-9728,-7936,-9216,-11520
1476,-13824,-11776,-11264,-13056,-11008,-13568,-11264,-11520,-10240,-13824,-12544,-12544,-17408,-12032,-11776,-12800
1477,-9216,-11008,-12032,-15872,-10752,-12544,-15360,-9984,-11264,-10240,-12032,-12544,-12032,-11264,-12544,-12544
1478,-11776,-13312,-13312,-13312,-10752,-9472,-14336,-11520,-14336,-8704,-9728,-11776,-13312,-13056,-13056,-13056
1479,-12288,-12288,-14336,-13312,-12544,-11520,-13312,-15872,-13568,-12032,-14080,-8448,-12288,-13568,-14336,-16128
1480,-14592,-16640,-15872,-14080,-15872,-17408,-15104,-16384,-18176,-17920,-16896,-15104,-17152,-19456,-16128,-19456
1481,-16384,-15872,-19200,-19200,-18176,-17408,-15360,-18944,-16128,-20992,-20992,-17152,-17408,-19712,-14336,-16640
1482,-18176,-19456,-17152,-15872,-20224,-15872,-15616,-16128,-15616,-16896,-15360,-20992,-16640,-13568,-15616,-17152
1483,-16640,-18176,-16128,-16896,-14592,-15104,-15104,-17152,-14080,-16128,-17664,-14848,-14080,-13312,-15616,-15104
1484,-16640,-14592,-11008,1536,-13568,-14080,-16128,-5376,-15616,-14336,-14592,-17920,-10752,-9984,-16384,1280
1485,-1024,2304,-512,256,1024,-2048,-3328,5376,1792,512,-1280,3328,-3072,-2048,-3328,3584
1486,768,-1536,-768,-5376,768,-2816,-3840,-3840,-1024,4096,2560,2560,-3840,-256,-1536,-7168
1487,-6656,-17152,-20480,-17920,-7424,-14336,-14080,-21760,-13568,-11520,-14080,-7424,-17920,-17664,-13824,-17152
1488,-18688,-20992,-22016,-20224,-18176,-18432,-20480,-23040,-20736,-17664,-21248,-20992,-19456,-23296,-19712,-22528
1489,-19456,-16640,-16896,-15104,-24064,-15872,-14848,-17664,-17920,-25600,-18944,-19968,-18176,-19200,-17152,-17408
1490,-16128,-10752,-10240,-13824,-14848,-10752,-12544,-10240,-12544,-13312,-12288,-16384,-8448,-10240,-11008,-12288
1491,-8960,-13312,-12288,-9984,-10496,-10240,-10496,-13056,-10240,-10752,-12032,-10752,-11008,-11776,-9728,-10496
1492,-14336,-14848,-11264,-11520,-8960,-14080,-13824,-6400,-12032,-7168,-13824,-12288,-10752,-7680,-17408,-12544
1493,-11520,-14080,-10240,-12544,-13056,-13056,-12032,-10496,-12800,-14080,-12544,-15104,-13056,-6144,-12288,-10240
1494,-13312,-10240,-13056,-17920,-8192,-14336,-16128,-11008,-11520,-11776,-10496,-13568,-13568,-15616,-13568,-12544
1495,-10752,-14848,-20224,-14336,-16384,-13056,-13568,-17920,-13312,-16384,-10752,-13312,-16640,-17152,-12544,-15360
1496,-16384,-15616,-17664,-16384,-17664,-16128,-15616,-20736,-18432,-15360,-16640,-13568,-15360,-14592,-16384,-20480
1497,-15872,-16640,-17152,-14592,-17152,-12800,-15616,-16640,-19712,-17920,-19712,-17152,-16640,-17408,-14336,-16896
1498,-17152,-13824,-12032,-16384,-14080,-16640,-16640,-11776,-15616,-14592,-17920,-15872,-14336,-19456,-16896,-17920
1499,-13824,-17920,-13568,-14848,-16896,-14592,-14848,-13312,-13824,-17152,-15872,-15872,-14848,-16896,-17408,-12800
1500,-13568,-12544,-11264,5120,-15616,-13056,-10496,20480,-8192,-13056,-9984,-16128,-11008,24064,-9472,4864
1501,1792,-2048,1536,3840,-4864,-1536,-1792,12288,14080,11776,17152,-5376,-7168,6144,1024,1792
1502,1536,-2560,1536,-5888,-5888,-7936,-7424,-7424,2816,2048,5888,-5888,-9984,-12288,-3584,-8192
1503,-12288,-23808,-23552,-24064,-7936,-20224,-27136,-14848,-15104,-10752,-13312,-8448,-23552,-18944,-26368,-23040
1504,-20480,-13312,-19200,-20992,-26624,-15616,-18944,-22528,-21248,-19456,-17152,-22528,-15104,-19712,-15872,-19712
1505,-17408,-17152,-14592,-8960,-16128,-13568,-12032,-13824,-18432,-16640,-15360,-15872,-14848,-15616,-14080,-12032
1506,-12288,-5888,-9216,-9984,-13312,-7424,-2816,-9728,-13568,-17408,-16896,-11008,-5120,-5632,-3584,-9984
1507,-9728,-13056,-9472,-9728,-10240,-11520,-12288,-8704,-8704,-9216,-9984,-15360,-14080,-9216,-10752,-9728
1508,-12800,-10496,-9728,-9728,-12032,-7424,-9216,-6144,-6144,-11264,-11520,-7936,-8704,-7936,-9984,-7168
1509,-11008,-13568,-7424,-10240,-6912,-10496,-13056,-9216,-8192,-5632,-5632,-9728,-8448,-8448,-12544,-9216
1510,-8704,-10752,-14080,-13568,-9728,-12032,-13824,-10240,-8704,-9728,-13568,-7936,-13824,-12288,-14592,-8192
1511,-15360,-13312,-14336,-16128,-13312,-17920,-16896,-14336,-16896,-10240,-11776,-13056,-17408,-16640,-16384,-18944
1512,-14080,-16384,-17664,-15872,-18176,-15616,-14848,-17152,-16128,-18176,-16128,-14848,-17920,-16128,-15104,-15872
1513,-13312,-14592,-17408,-16896,-13056,-10496,-14592,-16128,-16384,-13568,-13824,-18176,-12032,-12544,-12288,-16896
1514,-12032,-13568,-14848,-13312,-18432,-10240,-12032,-15360,-13056,-17152,-14848,-16128,-13568,-15872,-11776,-13568
1515,-19200,-14080,-12544,-9728,-16128,-16128,-13312,-11520,-14336,-15616,-15360,-12544,-12800,-12800,-16128,-14080
1516,-10752,-12800,-10752,-10240,-13312,-11520,-12544,-11520,-11520,-13824,-11776,-14336,-11264,-10240,-10496,-8192
1517,-9216,-9728,-9728,-14848,-3840,-12544,-14336,-9216,-8960,-4352,-12800,-10240,-9728,-11264,-13312,-11776
1518,-12544,-19968,-14336,-16640,-14080,-15872,-14336,-14592,-13312,-13568,-12288,-14848,-17152,-16640,-17152,-13312
1519,-18176,-16128,-17152,-19712,-16896,-18944,-14848,-16896,-17152,-16384,-16640,-16640,-16128,-15360,-18688,-17664
1520,-17152,-15872,-21504,-16640,-17920,-15872,-18944,-19712,-18432,-20480,-14848,-19712,-21760,-17920,-15104,-16640
1521,-14592,-11520,-16384,-16128,-17152,-14592,-14848,-15104,-14848,-15616,-14592,-14336,-14592,-17408,-13312,-19968
1522,-14336,-17408,-16896,-14848,-17408,-12800,-14848,-17920,-19200,-16384,-16640,-15616,-14848,-17920,-14080,-16384
1523,-17152,-14592,-14592,-14336,-15872,-13056,-15872,-15104,-17408,-15616,-17920,-16128,-12544,-16128,-16128,-13312
1524,-16640,-19200,-15616,-14592,-12544,-17664,-16128,-14336,-15872,-17408,-16384,-14336,-17664,-17152,-19456,-14336
1525,-16384,-16128,-13824,-16896,-17152,-19456,-14592,-16384,-12544,-18432,-16384,-16384,-14080,-16128,-15104,-16640
1526,-18688,-19712,-19712,-20480,-17664,-17152,-18176,-18432,-15616,-16896,-15616,-19200,-21248,-17664,-17920,-17152
1527,-18432,-16640,-18688,-19456,-18688,-18432,-19712,-17408,-17920,-15872,-18432,-18176,-18176,-15104,-17152,-18944
1528,-18688,-20480,-18688,-17408,-16128,-16896,-19200,-16640,-20992,-16384,-15104,-16384,-20224,-21760,-21760,-19200
1529,-15104,-14848,-18432,-17920,-18944,-15872,-19968,-18176,-18944,-17920,-18944,-16384,-14848,-19200,-17664,-17408
1530,-18432,-17664,-18688,-18176,-20736,-17408,-17152,-18176,-18688,-18432,-16896,-18176,-19200,-19712,-16384,-20736
1531,-18432,-18432,-19968,-18176,-19712,-18432,-14336,-20480,-17152,-21504,-19712,-16640,-18176,-17664,-11776,-18432
1532,-18944,-23552,-19200,-17664,-17664,-20224,-18432,-19712,-19200,-19456,-20480,-21248,-18688,-17920,-19456,-20736
1533,-19968,-19200,-18688,-22528,-18176,-17664,-19712,-18432,-15104,-18432,-21248,-18688,-19456,-19968,-21760,-18944
1534,-21760,-19968,-16128,-19968,-19968,-20480,-21760,-15616,-18432,-17920,-15616,-20736,-18176,-18432,-20736,-20736
1535,-19200,-18944,-19456,-21248,-18688,-20224,-20736,-19456,-19712,-19712,-20224,-16896,-20992,-21504,-20736,-17152
1536,-19712,-19968,-22528,-18432,-20224,-20480,-21760,-19456,-23040,-17152,-19456,-19968,-20736,-19456,-21504,-18432
1537,-18176,-21248,-23040,-20224,-21248,-22016,-19712,-22528,-22784,-20992,-20992,-19200,-23296,-17920,-20992,-21248
1538,-20992,-20736,-19456,-20992,-18432,-19200,-19968,-20224,-21760,-20992,-20224,-21504,-19456,-19456,-19456,-23552
1539,-17152,-18944,-20736,-20992,-21248,-15360,-18432,-22016,-17408,-22784,-21760,-20224,-18176,-24064,-17664,-22016
1540,-21504,-18688,-19456,-19968,-22784,-18944,-19968,-19712,-18688,-18432,-20480,-18944,-16896,-20480,-19712,-21248
1541,-21504,-24064,-20992,-18688,-22784,-22016,-18944,-22272,-21248,-22272,-21760,-18688,-21504,-18944,-21248,-19456
1542,-24576,-22016,-18688,-24576,-16896,-23808,-25344,-18176,-21504,-17152,-25344,-22272,-18176,-19712,-25088,-22272
1543,-20480,-22016,-20480,-22528,-19712,-21504,-23808,-19456,-20480,-23296,-20992,-24576,-25600,-23808,-22784,-20224
1544,-20992,-22016,-21504,-23808,-23040,-23296,-23296,-19968,-20480,-20480,-18688,-22016,-22016,-20224,-23296,-20480
1545,-19456,-22272,-27392,-20480,-24576,-20480,-19456,-25856,-22272,-24320,-19200,-20992,-21760,-19456,-17408,-20480
1546,-23296,-19200,-23808,-20480,-19456,-21760,-22528,-23808,-21760,-19968,-22016,-18432,-23296,-22784,-23552,-22016
1547,-18944,-22272,-23040,-18944,-20480,-20480,-21504,-20736,-26112,-24576,-26368,-20480,-22528,-25600,-21760,-24320
1548,-21760,-22272,-18688,-23296,-23296,-21504,-23296,-20736,-22016,-21248,-22528,-22528,-20992,-24064,-21504,-23552
1549,-22784,-25856,-23296,-21760,-24064,-20736,-21760,-21760,-19456,-22784,-23296,-22528,-22272,-22272,-23552,-17664
1550,-24064,-23552,-21760,-23040,-21760,-27136,-21248,-24064,-21504,-23296,-23808,-23040,-21504,-18176,-23552,-22272
1551,-23808,-24576,-22528,-23040,-21760,-24320,-22784,-22272,-22016,-24320,-21760,-24832,-26368,-22016,-23552,-22528
1552,-23040,-20736,-23296,-25600,-23552,-23552,-26368,-21248,-22272,-21760,-22272,-24320,-23552,-22784,-22272,-23552
1553,-23040,-23808,-23552,-23040,-22016,-19968,-25344,-20480,-24064,-18944,-19200,-22016,-24832,-24832,-25600,-22016
1554,-19456,-21760,-25600,-22784,-21504,-20224,-22272,-24832,-24576,-22528,-21760,-18688,-19968,-23040,-24064,-23040
1555,-20992,-23552,-22528,-19456,-24576,-23040,-23040,-23040,-22272,-21248,-21504,-24576,-23552,-24832,-23040,-22784
1556,-23808,-20480,-24064,-22528,-25600,-23808,-19968,-24576,-22272,-27904,-27392,-21504,-23040,-24064,-19712,-24576
1557,-23040,-28160,-22528,-23808,-23808,-24320,-23296,-23808,-20480,-24576,-21760,-28928,-24320,-21760,-22528,-25344
1558,-20736,-25856,-24832,-26112,-23040,-22016,-23296,-24576,-19968,-22272,-26112,-22528,-21248,-23296,-23552,-21504
1559,-28672,-25600,-19968,-22016,-22272,-23552,-25600,-20480,-23296,-21248,-21760,-23808,-22272,-23552,-27904,-22528
1560,-26624,-20992,-22528,-23040,-23040,-25088,-24064,-21248,-22784,-24576,-25088,-19968,-25088,-23296,-24576,-22528
1561,-23040,-22272,-23040,-23296,-21504,-25856,-26624,-23040,-26880,-21760,-21248,-25600,-26112,-23808,-24064,-23552
1562,-20736,-21504,-26368,-27136,-25088,-20736,-21248,-23552,-22528,-24576,-23552,-23040,-24576,-22528,-22784,-24320
1563,-25344,-24064,-23808,-22272,-24832,-22016,-23296,-26112,-24832,-21504,-23040,-24832,-22528,-22016,-23296,-26112
1564,-22016,-23552,-23296,-22784,-24320,-20480,-20736,-24832,-22272,-28160,-24576,-24320,-22528,-24064,-20480,-23552
1565,-27392,-22784,-23040,-25344,-23296,-24576,-24320,-21760,-22528,-23296,-24320,-24320,-21504,-26624,-24320,-27136
1566,-23552,-26112,-22528,-23552,-28416,-24064,-23296,-24576,-22784,-25088,-24320,-23552,-24576,-25088,-23808,-23040
1567,-27392,-25600,-23552,-24832,-21760,-26368,-25856,-23040,-25856,-19456,-26880,-23808,-22016,-20736,-27648,-23296
1568,-24320,-26624,-23296,-23552,-22528,-24576,-25600,-23040,-24064,-24576,-25088,-26368,-25856,-22272,-24320,-21248
1569,-25856,-21504,-23040,-26368,-22016,-27136,-25856,-22016,-23296,-25088,-22272,-24064,-25600,-26624,-28160,-24576
1570,-20736,-25600,-27136,-23552,-28672,-24576,-24320,-25344,-22784,-26368,-19200,-25856,-27648,-23040,-21248,-21504
1571,-23552,-20480,-25856,-24320,-24832,-22016,-22528,-26624,-24576,-22016,-23552,-20992,-21760,-22272,-20224,-27648
1572,-24832,-25344,-24832,-20480,-24064,-21248,-22784,-24832,-25856,-23808,-25600,-23552,-25088,-27392,-25088,-25600
1573,-24576,-24320,-21504,-24832,-24320,-25600,-24832,-22272,-25600,-25600,-27904,-24832,-22272,-26112,-27392,-26112
1574,-24320,-27392,-24064,-25856,-24576,-24320,-25600,-23040,-23040,-25600,-25088,-27136,-25344,-26112,-25600,-21504
1575,-25856,-24576,-24832,-24832,-27136,-26624,-23040,-24320,-19712,-25344,-24064,-24576,-23296,-21248,-23552,-23296
1576,-26112,-27904,-26368,-23808,-23040,-26112,-23552,-26880,-25600,-24576,-23040,-25600,-26368,-23808,-26624,-23808
1577,-23296,-23040,-25088,-25088,-24576,-25856,-25600,-24832,-25856,-25088,-26112,-24576,-24320,-22272,-23808,-23552
1578,-23808,-27648,-26624,-25600,-25088,-25600,-30720,-21248,-24064,-19712,-19456,-24576,-29184,-28160,-29696,-26112
1579,-22272,-20736,-23040,-23296,-24832,-22016,-24832,-24320,-24320,-23552,-23296,-21504,-22016,-25600,-24320,-24064
1580,-22528,-25344,-26368,-22016,-25600,-23552,-22528,-26624,-26368,-23808,-23040,-25600,-25600,-26624,-24576,-24320
1581,-23552,-24320,-27904,-24320,-27904,-24832,-22016,-27648,-23296,-26880,-29696,-24064,-24576,-23552,-21504,-24320
1582,-27648,-28416,-23808,-24064,-26112,-27648,-23808,-24576,-25600,-28160,-25344,-28416,-26368,-24320,-25600,-28416
1583,-24320,-26624,-24064,-28928,-23040,-23040,-25856,-24064,-21248,-25088,-26368,-26624,-23552,-26112,-25600,-23552
1584,-24320,-25600,-23040,-23808,-23040,-24832,-26880,-21248,-24320,-21248,-21760,-26112,-22784,-24832,-25344,-23296
1585,-26112,-24320,-25344,-23552,-27648,-24832,-23552,-23808,-24064,-23552,-24576,-19200,-24832,-25856,-27904,-23808
1586,-28160,-22016,-22784,-23552,-23296,-26880,-24576,-24320,-31744,-25856,-24320,-25344,-24320,-23296,-24576,-24064
1587,-20736,-24064,-26880,-26624,-20992,-25344,-25600,-26368,-24320,-24064,-24832,-25600,-29696,-27392,-24320,-23296
1588,-23552,-25088,-25856,-21504,-26112,-23296,-25088,-24064,-24576,-23808,-22784,-26624,-24576,-25344,-24320,-27648
1589,-23040,-26624,-25088,-23808,-29440,-21760,-22272,-28416,-24064,-28672,-24064,-24832,-23040,-25600,-23296,-24576
1590,-27648,-24064,-24320,-24832,-25344,-24064,-24064,-24576,-24576,-25088,-27136,-24064,-20992,-24320,-24576,-25856
1591,-24576,-26624,-24064,-23808,-25088,-27136,-24576,-24576,-25088,-26368,-24832,-25856,-26624,-25344,-25344,-25600
1592,-27392,-25344,-22016,-26112,-23552,-27392,-27648,-21760,-24576,-21248,-27392,-25344,-23808,-24064,-29184,-25088
1593,-24064,-27648,-25856,-24320,-24320,-23040,-24832,-24064,-24832,-25600,-23808,-27904,-25600,-24064,-24832,-18432
1594,-27136,-22784,-25088,-26624,-22016,-26368,-25344,-23296,-24320,-24064,-24576,-21760,-24576,-22784,-25088,-22784
1595,-22016,-24832,-27136,-22528,-26624,-24832,-20992,-27648,-25344,-28416,-20480,-23296,-26880,-25088,-23296,-25856
1596,-25088,-24576,-25344,-27392,-26112,-24832,-26624,-26112,-24832,-24064,-24064,-24576,-24320,-26368,-24320,-28672
1597,-22528,-22528,-27136,-22784,-25856,-22016,-25600,-20992,-27136,-25344,-25856,-25344,-25600,-28672,-21760,-26112
1598,-25600,-26368,-21760,-24832,-25600,-24576,-24576,-24320,-25088,-24064,-26112,-24320,-22784,-24576,-27136,-25088
1599,-24320,-28928,-24320,-23808,-25344,-25344,-24064,-26880,-24320,-27136,-27392,-25600,-24064,-24064,-27904,-22016
1600,-27392,-23040,-24320,-26112,-25344,-28160,-25600,-23808,-21504,-26112,-25344,-26624,-25088,-24320,-24832,-25088
1601,-25856,-25344,-25344,-25600,-25344,-25344,-23296,-23552,-22016,-24576,-23296,-26880,-27648,-24064,-23296,-24832
1602,-21504,-25088,-25088,-25600,-22528,-25344,-25600,-25600,-24576,-22528,-24576,-23296,-23296,-21760,-23552,-24320
1603,-24832,-25856,-25856,-24320,-23808,-22016,-26368,-22784,-26880,-22528,-23040,-23040,-26368,-27136,-27648,-22528
1604,-24832,-20992,-24576,-24832,-24576,-24832,-25088,-25600,-26112,-24064,-24320,-21248,-24320,-26112,-24832,-26368
1605,-25344,-24576,-23040,-22272,-26112,-24320,-23552,-24320,-25344,-25344,-22784,-25344,-26112,-26624,-24320,-26112
1606,-24576,-24832,-28672,-25600,-26880,-23808,-23040,-27648,-23296,-27648,-28160,-25600,-24576,-25344,-22272,-24064
1607,-24320,-28416,-24832,-24320,-27392,-25600,-24320,-24576,-24832,-24320,-24832,-28928,-25344,-23296,-24320,-26368
1608,-25344,-26368,-23808,-24320,-24064,-25344,-23296,-24064,-21760,-26112,-24832,-22528,-23552,-23040,-25088,-24576
1609,-25856,-24576,-19968,-25088,-23040,-23296,-27136,-24576,-23552,-22528,-20992,-27904,-21248,-27136,-25856,-24320
1610,-24320,-19712,-25856,-26112,-24320,-24576,-25600,-22784,-23040,-24576,-26368,-22272,-25600,-26624,-25600,-20992
1611,-24576,-26112,-25088,-23296,-25856,-26368,-25344,-24832,-27904,-22272,-21760,-24320,-26368,-22528,-25856,-23552
1612,-22528,-25344,-27904,-24832,-24064,-25088,-23296,-28416,-26368,-26112,-26624,-23040,-25344,-24064,-23552,-24064
1613,-27392,-24320,-25600,-26112,-22272,-23552,-26880,-25344,-26112,-24576,-24832,-27904,-26368,-27648,-26624,-28416
1614,-22016,-24064,-24576,-23296,-29440,-21760,-22528,-23808,-21504,-28160,-23040,-25600,-24576,-27392,-21760,-26112
1615,-26368,-25344,-23296,-25088,-27136,-23552,-23808,-24064,-24064,-24064,-24576,-25088,-20480,-24576,-22528,-25856
1616,-24320,-26880,-25344,-22528,-26368,-23808,-23808,-25600,-23552,-25600,-26368,-24064,-25088,-25344,-24832,-22016
1617,-28416,-25600,-23808,-26112,-20480,-28160,-27648,-19712,-26624,-20736,-26624,-25856,-25344,-20480,-31232,-27136
1618,-23296,-26368,-21504,-25088,-24064,-24576,-24832,-23552,-23808,-27392,-23808,-28416,-27648,-22528,-24320,-22272
1619,-25344,-24064,-27136,-28672,-22272,-25088,-27136,-24320,-22528,-23552,-22272,-27648,-24320,-25088,-26112,-24064
1620,-21248,-24832,-29696,-23552,-27648,-23552,-22528,-27648,-24320,-26112,-20736,-20480,-25600,-25600,-22272,-23552
1621,-25088,-22528,-25344,-23296,-25088,-25600,-21760,-27648,-26624,-24320,-24832,-19712,-24320,-24576,-24320,-28160
1622,-24576,-24320,-25344,-23808,-25088,-21504,-25600,-24832,-26624,-25088,-26624,-27392,-25088,-26624,-23552,-25344
1623,-26624,-23296,-21760,-24832,-24320,-23808,-26112,-22272,-24064,-24320,-25856,-24576,-23552,-28416,-25344,-25344
1624,-23040,-28928,-23296,-24576,-25856,-23296,-24064,-22272,-22016,-25344,-23040,-25600,-23808,-24576,-25344,-21248
1625,-22784,-24832,-23040,-23040,-24064,-27392,-22784,-24576,-19968,-23552,-28160,-23296,-20480,-16384,-22528,-23808
1626,-28672,-25088,-25600,-24832,-22784,-25344,-24576,-24320,-22784,-23552,-23808,-24320,-28672,-24576,-27392,-23808
1627,-24320,-22784,-24320,-26112,-23808,-25600,-25344,-23040,-24576,-24576,-24320,-24064,-24320,-24832,-22784,-26368
1628,-22016,-27136,-24320,-25856,-23296,-23040,-26624,-23552,-25856,-21504,-21504,-24576,-25600,-23808,-25344,-23808
1629,-22016,-21760,-25856,-23808,-25856,-21504,-24576,-25600,-24320,-23040,-24576,-20224,-21504,-24832,-24832,-21760
1630,-26624,-24576,-23040,-21248,-25088,-25344,-22272,-25088,-27392,-23808,-23296,-23552,-25856,-28160,-25344,-25088
1631,-23552,-23552,-25344,-24064,-24832,-25600,-21504,-26368,-22784,-28416,-28160,-23296,-23296,-23040,-20736,-25088
1632,-25088,-28160,-24064,-24320,-24832,-25344,-24576,-22784,-23296,-25088,-24064,-30720,-25344,-20992,-23040,-26112
1633,-23040,-25344,-23552,-25088,-27392,-22528,-24064,-22784,-18432,-22016,-24320,-23808,-22784,-24320,-24064,-22272
1634,-25856,-26368,-20992,-21248,-21248,-25600,-24576,-21760,-24576,-21504,-20992,-23040,-22528,-23040,-26368,-22528
1635,-25088,-21760,-24320,-25600,-23552,-24320,-25600,-23040,-23040,-24064,-25856,-19712,-24576,-23296,-25088,-21504
1636,-26624,-22528,-23552,-24320,-24320,-26112,-26624,-24064,-27648,-24064,-22272,-24832,-27136,-23808,-26624,-25344
1637,-20736,-25856,-26368,-25344,-24832,-24576,-23040,-26368,-24064,-24576,-23808,-25344,-26624,-25600,-23040,-23552
1638,-21760,-25088,-25600,-23552,-22528,-22784,-23808,-26112,-26112,-21248,-24576,-25344,-20992,-23040,-21760,-26112
1639,-23808,-23296,-23808,-21760,-25600,-21248,-21760,-25088,-21248,-26624,-24320,-22528,-24320,-26368,-24064,-23040
1640,-27136,-23296,-19456,-22784,-25344,-24832,-23808,-20480,-23296,-24832,-25344,-22528,-21504,-23296,-25600,-26880
1641,-22528,-25088,-22528,-23552,-27136,-23296,-23296,-24320,-23040,-25344,-23296,-27904,-24576,-24320,-19456,-22272
1642,-25856,-24320,-24064,-25088,-22016,-24576,-26624,-21248,-22528,-18176,-26368,-24064,-23296,-22272,-29440,-23040
1643,-24064,-26880,-22784,-23808,-23552,-25856,-25088,-24064,-25856,-24064,-23296,-26112,-25856,-22528,-28416,-21760
1644,-24576,-22784,-23296,-25600,-21504,-26880,-25344,-22272,-23552,-24064,-23552,-23552,-23552,-22528,-25088,-23040
1645,-20992,-23040,-28416,-23808,-25344,-22784,-22784,-26112,-22528,-26368,-19968,-25088,-25088,-24320,-19712,-24576
1646,-23296,-19968,-24320,-23552,-25344,-23296,-22528,-24832,-24064,-22272,-23552,-20736,-22784,-25600,-21760,-26880
1647,-22272,-24832,-25344,-20736,-24320,-21504,-21760,-25856,-27648,-24064,-24064,-23296,-24320,-26368,-23040,-24576
1648,-25344,-22528,-20224,-22272,-23040,-22528,-24064,-23040,-24576,-23040,-26880,-23808,-21248,-24832,-24576,-22272
1649,-25600,-24832,-21760,-22272,-20480,-23552,-23296,-21504,-21760,-26880,-23552,-22784,-24320,-24576,-25600,-20736
1650,-23808,-24064,-21760,-25088,-25088,-26368,-22784,-23552,-19456,-24064,-22272,-26368,-20992,-21760,-22528,-23296
1651,-23040,-26368,-25600,-23552,-23552,-24576,-23296,-24576,-22528,-22272,-22528,-24576,-26112,-22016,-22784,-22528
1652,-25600,-23296,-23808,-23552,-24064,-24576,-25088,-22784,-24320,-22528,-24064,-21760,-20992,-22016,-24320,-24576
1653,-24064,-24320,-23040,-23040,-21760,-22528,-25344,-20992,-26112,-22528,-21504,-22528,-25344,-26624,-26624,-24320
1654,-20480,-19456,-23296,-24320,-22016,-21248,-25088,-24064,-22784,-22016,-22528,-22784,-22528,-24576,-21760,-22784
1655,-22784,-22784,-23552,-21248,-27136,-21248,-21760,-23552,-23040,-22272,-20992,-23296,-22784,-23808,-22272,-24064
1656,-24320,-22528,-23552,-22528,-23552,-25088,-19456,-26368,-24576,-25600,-25088,-20992,-22784,-22016,-20224,-21504
1657,-22784,-26624,-23040,-22272,-21504,-25088,-22272,-23040,-23040,-24576,-24064,-25344,-22528,-22528,-22272,-24320
1658,-23552,-23552,-23552,-26112,-21760,-23040,-23296,-21760,-18432,-22528,-25344,-22528,-22272,-22528,-23040,-24064
1659,-25344,-23552,-18688,-22272,-24064,-23296,-25344,-19456,-22272,-21504,-20224,-24576,-20736,-22016,-25600,-23040
1660,-24320,-21504,-24320,-23808,-22528,-22784,-23040,-23808,-23552,-22272,-23040,-19712,-23296,-26112,-24576,-19456
1661,-23552,-22528,-23552,-22272,-23552,-24576,-24832,-22528,-26368,-20736,-22528,-23040,-24832,-21248,-24320,-22016
1662,-21760,-22016,-24576,-22784,-22784,-24320,-22016,-24320,-23040,-25856,-23808,-21760,-26624,-21760,-23808,-24576
1663,-23808,-23552,-23296,-24320,-22528,-21760,-24576,-22016,-23552,-22528,-20992,-27648,-22016,-22528,-22528,-25344
1664,-17408,-20736,-23040,-22528,-24832,-17408,-18176,-24576,-20480,-23552,-23808,-22016,-18944,-25088,-16640,-23040
1665,-24832,-22528,-20480,-21504,-24576,-21760,-20224,-21248,-20736,-21504,-21760,-20992,-19456,-21760,-22784,-23296
1666,-23296,-22016,-21504,-20992,-23808,-23296,-20992,-22784,-22528,-25344,-25344,-20992,-23296,-20480,-24064,-22528
1667,-27904,-20736,-20224,-26112,-17664,-25088,-28160,-20224,-22272,-18432,-25600,-24576,-23808,-24576,-27392,-23552
1668,-21248,-24320,-22784,-23552,-23808,-22528,-23808,-20992,-21248,-23296,-20992,-25344,-24576,-22784,-22272,-19200
1669,-20992,-22272,-23040,-24832,-24832,-25344,-23296,-23296,-23040,-20480,-20224,-21760,-20736,-19200,-25344,-21248
1670,-16128,-22016,-26624,-21760,-23040,-22016,-19456,-24832,-22528,-25344,-19968,-21504,-23808,-22016,-19968,-21504
1671,-25088,-19200,-23808,-21248,-20992,-24064,-23040,-22784,-22528,-20992,-22272,-19712,-24576,-26112,-22272,-27136
1672,-22528,-22272,-22528,-19712,-23552,-18176,-21248,-22016,-25856,-24576,-24064,-21760,-22272,-24064,-20736,-24064
1673,-21760,-22528,-21248,-23040,-22272,-20736,-22784,-22016,-23296,-21248,-23296,-23552,-19200,-21760,-24064,-20992
1674,-22272,-25856,-22528,-21760,-21760,-22016,-22016,-21248,-20480,-22528,-23040,-22784,-21760,-23296,-24320,-18176
1675,-24320,-22272,-20480,-20992,-21760,-27648,-20480,-22528,-19200,-26112,-22784,-21248,-21760,-20480,-22272,-23296
1676,-24320,-24320,-23552,-24576,-22272,-23552,-24064,-22272,-21248,-22784,-21760,-25856,-25600,-20480,-23552,-21504
1677,-20992,-20224,-24320,-24320,-22016,-22784,-23552,-22016,-22784,-20224,-21760,-21760,-21504,-21504,-21248,-22528
1678,-21504,-25088,-22016,-20992,-21760,-20224,-22784,-20224,-23552,-19712,-18176,-20736,-23552,-25344,-25088,-20992
1679,-20736,-18944,-22784,-21504,-22272,-20480,-22016,-23552,-23808,-22528,-23296,-18688,-19200,-21504,-22528,-23296
1680,-21504,-20736,-21760,-19968,-21504,-21760,-23040,-20992,-20480,-19968,-18432,-24576,-25600,-24576,-23296,-21760
1681,-20736,-20480,-24064,-22272,-24576,-20992,-18688,-22784,-18432,-23808,-24576,-20736,-20736,-21504,-18944,-22272
1682,-20480,-27904,-21248,-21248,-23296,-22784,-20992,-24064,-22784,-22784,-21504,-26112,-20992,-19968,-20992,-24064
1683,-20736,-23296,-23296,-23552,-21760,-20480,-21248,-22016,-19200,-22272,-25856,-20992,-19968,-20992,-22016,-20480
1684,-25856,-22272,-17920,-21504,-20480,-24320,-23808,-17664,-21504,-20224,-19712,-23296,-22272,-22528,-25344,-23296
1685,-22528,-17920,-20480,-22784,-21248,-22016,-22272,-20224,-20224,-22528,-21760,-18176,-23296,-23040,-23040,-17920
1686,-21760,-21760,-24320,-21760,-20736,-22528,-23808,-23040,-25600,-19456,-19456,-22784,-22784,-21760,-22528,-18688
1687,-18432,-19712,-23296,-23296,-22016,-19712,-18944,-22272,-21760,-21248,-22016,-19712,-21504,-20736,-19712,-22272
1688,-21248,-21248,-20224,-18688,-20480,-22272,-19712,-21760,-22016,-20992,-20480,-20480,-21248,-21248,-21760,-26368
1689,-19456,-20480,-20992,-23040,-22784,-17920,-20992,-22272,-18176,-24576,-20736,-22528,-21248,-23296,-19200,-22016
1690,-23808,-19456,-21504,-22272,-23040,-20736,-20736,-20480,-20480,-20736,-22016,-22016,-19200,-23552,-19968,-23040
1691,-20480,-25088,-20224,-18944,-25088,-24320,-19456,-21504,-20224,-22528,-20480,-21760,-22016,-20992,-21504,-19456
1692,-24064,-22272,-18432,-22272,-18432,-24832,-23808,-19200,-23040,-18944,-26624,-22016,-18688,-16896,-25856,-22016
1693,-23552,-22528,-20480,-24064,-18176,-20480,-23808,-20224,-20736,-22016,-21504,-23552,-25856,-23552,-23552,-18432
1694,-22272,-19712,-21760,-23808,-21248,-23040,-22016,-18432,-18688,-20480,-17664,-20736,-21504,-22016,-22272,-20736
1695,-15872,-23296,-24576,-17664,-24576,-21504,-20224,-24576,-20480,-22784,-17152,-20480,-22784,-17664,-17408,-18432
1696,-20736,-16640,-22272,-20736,-22016,-18688,-18688,-22528,-21760,-19712,-22016,-17408,-18944,-20224,-19200,-23808
1697,-22016,-20224,-20992,-19200,-20992,-20736,-21504,-20480,-23808,-20736,-22016,-20480,-23552,-26624,-21504,-24320
1698,-22528,-20224,-15616,-21760,-21504,-21248,-21760,-18944,-20992,-21248,-22784,-21248,-19456,-21504,-22016,-22016
1699,-20736,-24832,-21760,-21504,-21760,-19712,-21760,-20736,-18176,-21760,-20480,-23552,-20480,-18688,-22016,-17408
1700,-21248,-21248,-19968,-20480,-22016,-23552,-19712,-20480,-16896,-19968,-21504,-21248,-19200,-17664,-20224,-20736
1701,-21760,-23552,-21248,-19456,-20480,-23552,-19200,-20992,-20480,-21760,-19968,-20736,-24064,-22016,-21248,-21504
1702,-20480,-19200,-20992,-23552,-20992,-21760,-23808,-20992,-21504,-20480,-21760,-21504,-20480,-18432,-18944,-20224
1703,-19712,-22784,-24832,-20992,-19712,-19200,-24320,-19456,-20736,-16640,-15616,-20992,-25600,-23552,-26112,-19456
1704,-18432,-18432,-19712,-18944,-20224,-17920,-19200,-20992,-20480,-18944,-18688,-17920,-17408,-22272,-19712,-18944
1705,-18944,-20736,-20480,-18432,-22272,-20480,-19200,-23040,-21760,-20736,-20992,-19712,-20224,-22016,-18432,-21504
1706,-23552,-19200,-22272,-22528,-21760,-21248,-18688,-23296,-18944,-23040,-24832,-18176,-22016,-19456,-19712,-21248
1707,-22016,-24064,-19968,-20224,-21504,-22272,-19456,-19712,-19968,-22016,-19968,-24576,-22016,-19968,-21760,-23808
1708,-19456,-23296,-20480,-22272,-19968,-18688,-19968,-21504,-16640,-20224,-22272,-21504,-17920,-21760,-18688,-19456
1709,-21760,-21248,-17408,-19968,-21760,-18944,-21760,-17920,-19456,-17664,-17920,-22272,-18944,-18688,-20736,-18176
1710,-22272,-17664,-19712,-20992,-20736,-21504,-20736,-19456,-20224,-19456,-20736,-15616,-21760,-21760,-25088,-18176
1711,-23552,-17152,-16384,-18176,-18432,-20992,-22528,-20480,-25088,-21248,-17664,-19968,-18944,-19712,-19968,-19968
1712,-16384,-20736,-23296,-19968,-18432,-19968,-20480,-22784,-18432,-19968,-20224,-21504,-22272,-20992,-17664,-20224
1713,-19968,-20224,-21248,-17664,-20992,-18688,-19200,-19968,-20736,-17920,-19456,-21248,-18944,-18944,-18432,-22784
1714,-18432,-20736,-20224,-20992,-22528,-18688,-16128,-22528,-19200,-24576,-19968,-19456,-19456,-22272,-19968,-20480
1715,-23296,-18432,-19200,-21504,-19968,-19712,-21248,-18688,-19200,-20480,-21248,-19968,-16896,-21248,-19456,-20480
1716,-21248,-19456,-19456,-17920,-21504,-19712,-19712,-20224,-18432,-22528,-20736,-19712,-21248,-20480,-18944,-18432
1717,-22272,-21504,-16640,-21504,-18432,-22272,-22272,-16640,-19200,-15360,-20736,-22016,-18688,-17152,-23808,-20736
1718,-17408,-21504,-18432,-19200,-18688,-19200,-19968,-18688,-20736,-19456,-20224,-22016,-19200,-16896,-19456,-16128
1719,-22016,-17664,-18432,-21248,-17152,-21504,-21760,-17152,-18432,-18688,-18944,-16384,-20224,-19456,-22016,-19200
1720,-16896,-18176,-23040,-17152,-22528,-19200,-16640,-20992,-18688,-23296,-16128,-18688,-22016,-19200,-16384,-20224
1721,-18944,-17664,-20736,-20224,-19968,-18944,-18944,-22272,-19456,-17920,-18944,-17920,-19456,-19456,-17664,-22784
1722,-18176,-19200,-21504,-17920,-21760,-15104,-19200,-20480,-21248,-20736,-21504,-20480,-20224,-22528,-16640,-19200
1723,-22272,-19200,-16128,-19968,-19200,-20224,-20224,-18176,-21504,-20480,-21248,-18432,-18432,-21248,-22528,-20224
1724,-19200,-22016,-16896,-18432,-18688,-19712,-18432,-17920,-17408,-20224,-19712,-20224,-18688,-19200,-21248,-16640
1725,-20736,-19200,-19456,-20736,-18944,-23040,-19200,-18688,-14336,-19712,-19200,-20480,-17920,-15872,-18176,-20480
1726,-20480,-19968,-19456,-19968,-19968,-20480,-18688,-18944,-16640,-17408,-18944,-20736,-22528,-18432,-18432,-18176
1727,-17152,-18432,-20480,-19200,-17664,-20224,-18688,-18432,-20480,-16640,-19456,-16896,-18944,-17920,-18432,-18432
1728,-18432,-20224,-18432,-19712,-17920,-16896,-21760,-17152,-20736,-15872,-17152,-17408,-20224,-20736,-20224,-17664
1729,-18688,-13568,-17408,-18944,-17408,-17408,-19712,-19712,-18944,-19200,-18688,-14848,-16896,-19456,-19968,-19968
1730,-18688,-19712,-17664,-18176,-20480,-18432,-18432,-19200,-19456,-17920,-16640,-20480,-19200,-20992,-19200,-20224
1731,-16640,-18432,-22272,-19200,-21504,-18944,-15872,-22528,-18432,-20992,-23808,-18432,-16640,-19200,-13312,-18688
1732,-20480,-23296,-18944,-17152,-19968,-19712,-17920,-18688,-18688,-19456,-19200,-21504,-20224,-17920,-19968,-19712
1733,-19456,-19456,-19200,-19968,-16640,-18688,-17408,-17152,-15360,-19712,-21248,-17408,-17664,-17920,-20480,-18176
1734,-20736,-18432,-14080,-19712,-16640,-16896,-19200,-18432,-18176,-15616,-16640,-21760,-15872,-23040,-19200,-17664
1735,-19456,-14848,-19456,-19712,-20736,-16896,-18944,-16896,-16384,-17408,-18432,-14592,-18432,-19456,-17920,-14336
1736,-18944,-18688,-18176,-16384,-18432,-20992,-19968,-19712,-24064,-16384,-16128,-17664,-20224,-15104,-21760,-18688
1737,-15104,-18944,-19456,-18944,-15872,-18688,-17408,-20992,-19456,-19712,-19456,-17152,-20736,-18688,-19200,-18944
1738,-19968,-18432,-19456,-20480,-17664,-18432,-21248,-17920,-17408,-17152,-17664,-21504,-19456,-21504,-17408,-22784
1739,-15872,-17920,-19200,-18176,-24064,-15104,-15872,-18944,-14848,-20992,-17408,-19200,-17408,-19456,-14848,-17920
1740,-19968,-18176,-19200,-17152,-19456,-17152,-16128,-18176,-18944,-17664,-18176,-17664,-14080,-17152,-20224,-18944
1741,-17920,-19968,-17152,-16640,-18432,-17664,-18176,-18944,-17152,-19200,-19968,-17152,-18688,-19200,-18944,-16896
1742,-22784,-17664,-15104,-20480,-16128,-20736,-20224,-12800,-18176,-16896,-20224,-18176,-18176,-16640,-22528,-21248
1743,-16896,-19968,-16128,-20992,-17920,-17408,-19968,-17152,-17408,-17920,-16128,-23296,-19712,-15872,-17920,-15104
1744,-17664,-17408,-20992,-20480,-14080,-20992,-18688,-17408,-17408,-15360,-16640,-17664,-16896,-17152,-19968,-16384
1745,-15616,-18944,-22784,-15360,-19968,-17152,-15104,-20736,-17664,-19968,-14592,-16128,-20224,-20224,-16128,-16896
1746,-18688,-14848,-18688,-18176,-19200,-18432,-16128,-18944,-18432,-18944,-18944,-14592,-17920,-18688,-16384,-22528
1747,-18176,-16896,-17408,-18176,-17152,-14592,-18432,-18432,-19712,-18432,-18432,-19456,-19712,-21248,-16640,-19200
1748,-19712,-16896,-14848,-18176,-18944,-16128,-18688,-15104,-15616,-16128,-18176,-17920,-15616,-18944,-20224,-17920
1749,-16128,-22272,-16384,-16896,-18688,-17152,-16640,-17152,-16640,-18176,-16640,-18432,-16128,-17152,-18944,-14592
1750,-15872,-17408,-15872,-16896,-16128,-21248,-15872,-15616,-12032,-17152,-20480,-15872,-15872,-12032,-15104,-16128
1751,-19456,-18688,-18944,-19712,-16128,-19712,-17408,-15872,-14848,-17152,-16128,-18944,-21760,-17920,-18944,-18688
1752,-17408,-15360,-17408,-19200,-17920,-18176,-18176,-17408,-17920,-17152,-17152,-17152,-16896,-17408,-16128,-18176
1753,-16384,-19968,-19968,-17920,-17408,-14080,-17920,-17408,-21248,-14848,-14336,-16640,-18944,-19712,-18688,-15872
1754,-14848,-14080,-16896,-17664,-17664,-15360,-18176,-18432,-18432,-15360,-18176,-13568,-14848,-17408,-17152,-16640
1755,-18688,-15872,-14592,-14592,-17152,-18432,-15616,-17152,-18176,-19200,-15872,-15872,-19200,-19968,-18688,-19968
1756,-17408,-16384,-18688,-18944,-18176,-18176,-16384,-18944,-15360,-19968,-20480,-18176,-16640,-17152,-13568,-17152
1757,-17152,-20224,-17664,-15872,-19200,-18944,-17152,-16640,-17152,-17664,-17152,-21760,-17408,-14336,-14592,-17664
1758,-15360,-19968,-16896,-17664,-18944,-15616,-15872,-16384,-11520,-16128,-16640,-15616,-15872,-16128,-17920,-15872
1759,-17152,-17664,-11776,-15872,-13568,-17408,-18432,-12800,-17408,-16384,-15360,-16384,-15872,-16128,-20480,-16896
1760,-19456,-12544,-16128,-19712,-15872,-16384,-18432,-15360,-15872,-16384,-16896,-14592,-19968,-19968,-19712,-14592
1761,-18176,-16384,-18432,-15616,-19968,-17920,-18688,-16128,-19200,-14592,-14336,-17664,-18176,-15616,-17408,-16896
1762,-12544,-18944,-19456,-16640,-16896,-16896,-15104,-20736,-18432,-17152,-17664,-15872,-17152,-15360,-15360,-15872
1763,-15872,-16640,-17920,-16640,-14336,-15360,-16128,-17152,-18432,-16128,-17920,-18176,-15360,-16128,-15872,-18432
1764,-16640,-15872,-16384,-17152,-19200,-15872,-15360,-16384,-13568,-19968,-16128,-16896,-17920,-22016,-14592,-18432
1765,-20736,-15360,-14848,-16128,-19200,-16384,-16640,-13568,-15104,-16896,-17152,-14848,-14336,-15360,-15872,-18688
1766,-16128,-18432,-17664,-15616,-18432,-14080,-15360,-18432,-17408,-17664,-15104,-19200,-15872,-14592,-16896,-13568
1767,-18944,-17408,-13312,-17664,-13056,-18176,-19456,-13056,-15872,-10496,-19456,-15872,-15360,-15104,-21504,-16640
1768,-16896,-17664,-14592,-16128,-16384,-18688,-16896,-14592,-16384,-18432,-15872,-17408,-19456,-17920,-17920,-15360
1769,-16640,-15360,-17152,-20224,-15360,-18176,-19456,-14336,-15872,-15360,-14592,-17920,-16384,-15616,-17664,-15616
1770,-12288,-15360,-23040,-14848,-17408,-14080,-13056,-18944,-15872,-17664,-12800,-16128,-17408,-15104,-12544,-15616
1771,-16384,-15616,-17664,-15104,-17408,-15104,-13568,-17408,-15872,-14336,-14848,-12800,-15104,-17664,-14848,-20224
1772,-15360,-15872,-16640,-14080,-17664,-14080,-14336,-16640,-19712,-18176,-19712,-15872,-16384,-18688,-13056,-18688
1773,-19712,-13568,-12544,-16384,-14336,-14592,-17920,-14336,-16896,-15872,-16896,-17408,-16640,-19200,-18688,-14080
1774,-16128,-18176,-15360,-14592,-14336,-15360,-15616,-13056,-13056,-17408,-14592,-14592,-15872,-15360,-17664,-11776
1775,-15872,-17408,-14336,-16384,-17408,-18432,-14080,-18176,-13312,-16384,-15104,-16128,-12288,-13056,-13056,-14848
1776,-16640,-17920,-18944,-16640,-16640,-15872,-15104,-16640,-14592,-16128,-16384,-16896,-19712,-15104,-14336,-15360
1777,-16896,-14080,-15872,-17408,-15360,-19456,-18176,-14336,-16384,-15104,-16128,-15360,-18176,-16128,-17664,-17152
1778,-15616,-16384,-15104,-16384,-15104,-13568,-17408,-13568,-16896,-13568,-11776,-14592,-17408,-19200,-18432,-16640
1779,-14080,-13056,-17152,-16128,-15616,-11520,-16384,-17664,-15616,-14080,-15104,-13824,-12800,-15872,-13568,-13824
1780,-14080,-15616,-15616,-13312,-17408,-13824,-13312,-15360,-15360,-13312,-14080,-15872,-15872,-16128,-14848,-17152
1781,-14848,-14080,-15360,-13568,-15360,-18944,-12288,-16128,-13824,-18432,-17408,-12544,-15360,-14848,-13568,-16128
1782,-15872,-19712,-15104,-16128,-15360,-16384,-16128,-14592,-14592,-16384,-15872,-19968,-16128,-14592,-14336,-17152
1783,-15872,-14592,-16640,-19456,-14592,-13312,-14848,-14848,-11264,-15360,-17152,-14080,-14336,-15104,-13056,-15104
1784,-16384,-18176,-11520,-14336,-15104,-15616,-15872,-12288,-14336,-13056,-11264,-16896,-13824,-14336,-17920,-14592
1785,-14592,-12288,-14848,-16640,-14336,-15360,-15872,-17408,-15360,-15616,-17664,-11008,-15104,-15360,-16896,-13312
1786,-17920,-13312,-15360,-15104,-13568,-16896,-18688,-15104,-18176,-12800,-13312,-15872,-18432,-16640,-17408,-14336
1787,-12544,-14848,-17664,-15872,-15360,-15360,-13824,-15616,-13056,-15360,-14848,-13312,-17920,-15616,-13824,-15616
1788,-13312,-17152,-16384,-15104,-14336,-13056,-14592,-16384,-15872,-13568,-14336,-17408,-13312,-13312,-13312,-17920
1789,-11008,-12032,-15104,-14080,-16896,-8448,-9984,-15616,-11776,-16896,-17152,-13824,-12544,-16384,-10240,-14592
1790,-18688,-12800,-13056,-14336,-16384,-15360,-13312,-12032,-14592,-13568,-13568,-14080,-12800,-16384,-14592,-17664
1791,-14336,-16128,-12032,-13312,-16128,-14592,-13568,-15360,-13056,-17152,-15360,-13568,-14592,-13568,-14336,-12800
1792,-18176,-15360,-13568,-18432,-9472,-16640,-17920,-12800,-13824,-10240,-17408,-16384,-13312,-13568,-17920,-13824
1793,-13824,-16896,-15360,-15360,-14080,-15104,-15616,-13312,-14080,-13824,-14592,-17408,-17152,-13568,-14336,-11520
1794,-15616,-14336,-14848,-15360,-13824,-18176,-14336,-12544,-15360,-14080,-12800,-12800,-14848,-16640,-16384,-15360
1795,-11264,-13568,-18688,-15360,-15872,-13568,-13568,-17664,-14080,-17152,-11776,-14080,-16128,-18432,-10240,-13824
1796,-14592,-10240,-16640,-13824,-13312,-14080,-14080,-16128,-13312,-13824,-13824,-11520,-15872,-13824,-14080,-16128
1797,-14848,-15872,-14592,-11520,-14848,-9472,-11776,-14848,-18176,-15872,-14592,-14336,-13568,-15872,-13312,-15104
1798,-14336,-14336,-11008,-14080,-14336,-13312,-14592,-13312,-14592,-11776,-16896,-14592,-9984,-14848,-14336,-14592
1799,-14592,-16896,-13568,-13824,-12544,-13568,-15616,-12544,-11520,-14080,-14848,-14848,-16384,-16128,-17664,-11008
1800,-14848,-14592,-13824,-14336,-14592,-18432,-12800,-12032,-9472,-15616,-14080,-13568,-12544,-10752,-14080,-15616
1801,-15360,-17408,-15872,-15616,-14336,-15104,-13312,-15360,-12800,-13824,-10240,-16384,-17664,-13568,-12288,-13824
1802,-14592,-12032,-16384,-14848,-15360,-13056,-14336,-13824,-15104,-12800,-15360,-13824,-13312,-12544,-11520,-13568
1803,-13824,-15360,-13824,-14080,-12032,-12800,-15360,-12544,-17920,-11008,-10752,-13056,-17152,-16640,-18176,-13568
1804,-11264,-10496,-12800,-15104,-12032,-11520,-13312,-14848,-13824,-13824,-12288,-10496,-11008,-14336,-15104,-14848
1805,-12800,-13824,-14592,-11776,-14848,-12800,-13568,-12800,-10752,-10752,-11008,-14848,-14848,-15872,-12288,-13568
1806,-13568,-12032,-16896,-13568,-16128,-13056,-10240,-15104,-11264,-14336,-17664,-11264,-11776,-12800,-8960,-14336
1807,-12544,-19200,-13824,-11520,-14080,-14592,-11264,-14848,-14592,-14080,-13568,-16640,-15104,-12800,-15104,-16128
1808,-13312,-15360,-13824,-16896,-12800,-11776,-14336,-12544,-9472,-13056,-16896,-13312,-12800,-13824,-14336,-12032
1809,-18432,-12800,-9216,-13056,-13056,-13312,-16128,-9728,-12544,-12032,-9984,-14592,-13824,-14592,-14592,-12800
1810,-13312,-11264,-12544,-14336,-13568,-12544,-13824,-11776,-12032,-12544,-12288,-10752,-13568,-13056,-14080,-9728
1811,-11520,-13312,-13824,-12032,-12288,-14848,-15104,-14080,-17920,-10240,-11776,-14080,-12544,-10240,-14080,-12800
1812,-13056,-12032,-14592,-15872,-12288,-11776,-10752,-13824,-13824,-13312,-14080,-13824,-14336,-12544,-11776,-14336
1813,-12544,-13056,-13056,-12288,-12032,-13056,-12032,-11776,-12544,-12032,-13312,-14080,-12544,-13824,-9984,-17152
1814,-9472,-12800,-12544,-13312,-13056,-9728,-10240,-14336,-9984,-15872,-12544,-14080,-12544,-14592,-9216,-12288
1815,-16128,-11520,-13312,-13312,-15360,-11008,-12032,-12032,-11776,-12288,-13568,-12800,-9472,-13312,-13312,-12288
1816,-14592,-14848,-12288,-12032,-14848,-13312,-12288,-14848,-14080,-14080,-12800,-12544,-13312,-12032,-13824,-12288
1817,-14848,-13312,-8960,-14336,-8704,-15872,-16128,-9728,-12544,-9472,-16128,-13824,-11776,-10752,-16896,-13568
1818,-11520,-15360,-12288,-13568,-10752,-13568,-15360,-10496,-10496,-12800,-11776,-15872,-15360,-13312,-13568,-11264
1819,-14080,-11776,-13312,-14848,-13056,-14080,-13568,-9984,-10752,-10240,-10752,-12032,-12800,-12800,-13824,-12032
1820,-8960,-14080,-18944,-8704,-16128,-13312,-9472,-14336,-12544,-13824,-8704,-10752,-15104,-9728,-9728,-8960
1821,-11264,-8448,-12288,-13312,-12800,-10240,-14592,-12544,-12800,-11008,-13056,-10752,-10240,-12288,-8192,-15616
1822,-11776,-11264,-12032,-10752,-12288,-9984,-11008,-12032,-13824,-14336,-13312,-12288,-14592,-16640,-12544,-14080
1823,-14336,-12800,-9216,-14592,-13568,-12032,-12032,-9984,-12032,-11008,-13056,-14848,-11008,-12032,-13824,-12800
1824,-11520,-16640,-13568,-11776,-12800,-11776,-12544,-11776,-10752,-11776,-13056,-13056,-10240,-11008,-12288,-8448
1825,-13056,-13056,-11264,-11264,-12288,-15360,-11264,-11264,-8192,-12288,-12544,-10752,-11264,-10752,-13824,-11776
1826,-13312,-13568,-12800,-11520,-11264,-14080,-10496,-11008,-10496,-13568,-12288,-12544,-15872,-12288,-12544,-12544
1827,-13568,-9984,-12032,-13568,-11776,-12544,-14080,-12288,-13056,-11264,-12032,-13312,-12800,-11776,-9984,-11264
1828,-9984,-15616,-15872,-12032,-13824,-8704,-14336,-9984,-10240,-6656,-6400,-12288,-16640,-15360,-16128,-9728
1829,-9216,-8960,-10752,-11264,-10752,-9728,-11776,-13824,-14080,-9728,-9984,-8192,-8448,-11776,-12288,-12032
1830,-10240,-12032,-11008,-8960,-12032,-10752,-10240,-11264,-12288,-11520,-11008,-11520,-11264,-12800,-11776,-13312
1831,-13056,-11008,-13824,-12032,-14336,-13824,-10240,-12032,-8704,-13568,-15104,-11520,-12032,-12800,-8448,-13312
1832,-13056,-16128,-10752,-11264,-14336,-12544,-10496,-10752,-11776,-12544,-11520,-15872,-13312,-11520,-11008,-12544
1833,-9984,-14336,-13056,-14592,-10240,-8704,-9216,-13056,-8960,-10752,-13312,-10752,-10240,-9984,-11264,-8192
1834,-14080,-12544,-8448,-10496,-10496,-10752,-13568,-8704,-10752,-8704,-9216,-12544,-9728,-10240,-14080,-9728
1835,-14336,-7424,-10496,-10240,-11008,-12544,-11520,-10240,-10752,-12544,-12032,-6400,-13056,-15616,-13568,-9728
1836,-13568,-8448,-9728,-11776,-10240,-11520,-13056,-11264,-16384,-11008,-6912,-12800,-10752,-11264,-9728,-11008
1837,-5120,-11520,-15872,-12032,-9728,-11008,-10240,-13312,-11264,-8960,-12032,-8448,-13312,-9216,-9984,-11008
1838,-13056,-14080,-12288,-8960,-11520,-9728,-10240,-11264,-12800,-9728,-10496,-11776,-11264,-11264,-13056,-14080
1839,-10496,-11264,-10752,-10240,-14080,-8960,-9216,-12288,-10496,-16128,-12032,-11264,-9984,-14336,-7680,-12288
1840,-13312,-9216,-9216,-13056,-11008,-10240,-12544,-9216,-10496,-10496,-10240,-12544,-8704,-12800,-10496,-11776
1841,-9728,-12032,-11264,-10496,-14336,-9728,-9984,-10240,-8448,-11520,-10240,-10752,-11264,-8704,-12544,-8448
1842,-15360,-12544,-9216,-11520,-8704,-12544,-14080,-9728,-12288,-5632,-12800,-11008,-9216,-7936,-14848,-11520
1843,-9728,-12800,-9472,-8960,-7680,-9984,-10240,-7936,-11264,-11264,-11008,-12800,-11264,-9472,-8960,-5888
1844,-11264,-8448,-9728,-13312,-10752,-15104,-13312,-6912,-8960,-9728,-9728,-9728,-9472,-10496,-12800,-11264
1845,-7168,-9472,-13056,-9984,-14336,-8960,-6912,-13056,-9728,-13568,-6144,-9472,-11776,-10752,-7424,-9472
1846,-12288,-8448,-14080,-11008,-11264,-8704,-9216,-14336,-11264,-9472,-9984,-7936,-11520,-11008,-8960,-12288
1847,-8704,-10496,-11520,-8448,-11520,-7680,-10240,-11008,-12288,-9984,-13056,-9984,-11776,-13056,-8960,-11776
1848,-11520,-9472,-5888,-9728,-11008,-11520,-12032,-7168,-10752,-11520,-12032,-9216,-9984,-12032,-14592,-13056
1849,-11008,-13824,-8960,-12544,-11264,-10496,-12544,-8448,-8192,-11008,-7680,-12800,-9216,-10496,-11776,-6656
1850,-11008,-10240,-10240,-10496,-11520,-12800,-9216,-10496,-6144,-9472,-10240,-10496,-8192,-6400,-7168,-8448
1851,-9216,-13056,-10240,-8192,-10752,-10496,-7680,-10240,-7936,-8704,-9216,-10240,-12800,-9472,-9472,-7680
1852,-7680,-7936,-9984,-10496,-8192,-11264,-9984,-8960,-11520,-8960,-12544,-8192,-9216,-7680,-9984,-11008
1853,-12544,-9216,-10240,-13568,-7680,-6912,-13056,-7680,-11776,-7168,-6144,-10240,-14080,-14080,-12800,-9472
1854,-8448,-6144,-10752,-9216,-11008,-7424,-10496,-9728,-8960,-8704,-7424,-5888,-6912,-9728,-8192,-10240
1855,-7168,-12032,-9216,-6400,-10496,-9216,-8192,-12288,-11264,-8960,-8448,-8960,-8960,-10752,-8704,-9984
1856,-10240,-8704,-12032,-8960,-11520,-9472,-6912,-12288,-8960,-12288,-15872,-8960,-8960,-9216,-6400,-8192
1857,-12288,-13312,-8192,-9984,-11520,-12800,-9984,-8192,-10240,-10752,-9728,-14080,-12800,-9984,-10496,-13056
1858,-8960,-10240,-8192,-12032,-8704,-8192,-9472,-8192,-2816,-10496,-11776,-8704,-8704,-8960,-9984,-8192
1859,-8960,-9472,-6912,-8448,-7936,-5888,-9728,-11008,-11264,-6144,-6400,-12288,-6656,-11520,-10752,-7936
1860,-10240,-5888,-9472,-9728,-9984,-8448,-9984,-7936,-8192,-7680,-9472,-5376,-9984,-7936,-10752,-6144
1861,-11264,-8960,-8448,-6656,-11008,-13056,-11008,-8960,-11520,-8192,-7168,-8192,-11520,-8192,-11520,-10496
1862,-6400,-9728,-10752,-11776,-9216,-8960,-9728,-11008,-9472,-9728,-9984,-10240,-11008,-11008,-7424,-8704
1863,-9472,-9216,-11776,-8192,-8448,-7680,-8960,-9472,-9472,-8704,-8704,-11776,-8192,-9728,-7424,-11520
1864,-8192,-11264,-9984,-8448,-14080,-5632,-4608,-10496,-6912,-12288,-8192,-8704,-8192,-9472,-7168,-8192
1865,-12800,-7680,-8192,-9728,-10240,-8960,-7936,-8960,-9728,-9216,-11776,-8960,-5632,-8960,-8448,-10496
1866,-10240,-8704,-8448,-9216,-8448,-9216,-10752,-9728,-7936,-9984,-9728,-9984,-12288,-12032,-10240,-7424
1867,-11264,-9984,-6912,-9472,-7168,-11008,-10752,-2048,-7936,-5120,-8960,-9216,-7680,-4352,-14080,-10496
1868,-8192,-11264,-6656,-9216,-9216,-8448,-9216,-9216,-8448,-8960,-7168,-11264,-8960,-5888,-7680,-5632
1869,-9728,-8192,-9984,-12032,-7680,-9472,-9472,-7936,-7936,-6912,-8448,-7936,-9216,-9728,-9472,-6400
1870,-5632,-9216,-13568,-8448,-11264,-9472,-6656,-11520,-8960,-10752,-4608,-8960,-12800,-11520,-6656,-10240
1871,-8192,-5120,-8704,-8192,-9216,-7936,-6912,-9984,-8192,-8448,-7936,-6400,-8704,-8448,-8960,-12800
1872,-9216,-8704,-11264,-7168,-9728,-3840,-7680,-9472,-10496,-8704,-9216,-10240,-7936,-10752,-6912,-8704
1873,-10496,-7680,-5888,-9216,-10240,-7936,-8704,-5632,-7680,-5376,-10752,-8192,-5120,-9728,-8704,-8704
1874,-6656,-13312,-6400,-6912,-8192,-9216,-7680,-6144,-7680,-10240,-8448,-8192,-7936,-7424,-11520,-6400
1875,-7680,-7936,-6400,-9472,-7424,-12032,-9728,-6656,-2816,-7424,-9984,-8192,-6656,-2816,-7168,-6912
1876,-10752,-7680,-11264,-7936,-7680,-8704,-6912,-7424,-6144,-8192,-6656,-9472,-12544,-10240,-6912,-7424
1877,-6656,-7424,-9216,-10496,-8192,-8448,-8704,-8192,-8704,-7168,-7168,-8704,-7936,-7680,-6912,-8960
1878,-5120,-9472,-8704,-9728,-7424,-6144,-10240,-7936,-10752,-5376,-6912,-7424,-9216,-8448,-11264,-7680
1879,-10240,-3584,-7680,-7936,-7680,-6400,-10240,-8704,-8448,-6400,-8192,-5120,-6912,-10240,-10240,-7680
1880,-8192,-7936,-6144,-4096,-8960,-7424,-6400,-6144,-6912,-7936,-4864,-7680,-9216,-11520,-6144,-9472
1881,-4608,-9216,-9472,-8704,-9216,-7936,-4608,-11264,-6400,-9728,-11008,-6912,-5888,-6656,-3328,-7936
1882,-8192,-11520,-8704,-7936,-11008,-8704,-7168,-6400,-7936,-8448,-9728,-11776,-8192,-4864,-7680,-7168
1883,-10752,-9216,-8960,-8704,-8192,-8704,-7680,-7424,-3840,-6400,-7680,-8192,-7936,-7424,-8960,-7680
1884,-7936,-8448,-2816,-5888,-4096,-8960,-8960,-3584,-6400,-6400,-3584,-8192,-5632,-6912,-8704,-7168
1885,-6144,-4352,-8448,-10752,-6656,-6912,-9728,-5376,-5376,-6656,-7168,-4864,-7936,-8192,-9216,-5120
1886,-9216,-6656,-7936,-6912,-9728,-9728,-9728,-8704,-11008,-4608,-5888,-7936,-8704,-5376,-9216,-6400
1887,-6400,-8704,-9984,-6144,-6912,-9728,-5120,-10496,-9472,-7936,-8448,-5120,-10240,-7680,-6144,-9216
1888,-5376,-7936,-8192,-7168,-6144,-6400,-8960,-7424,-8192,-6656,-8192,-10240,-7168,-7680,-6144,-7168
1889,-4608,-5632,-8448,-9216,-9728,-4608,-5376,-8448,-3840,-11264,-6400,-7936,-8192,-11520,-6912,-6656
1890,-11264,-8192,-6400,-8704,-9984,-6656,-5632,-4608,-5888,-6144,-6400,-6144,-3840,-5376,-7680,-8960
1891,-6912,-8448,-5632,-5120,-9728,-6144,-5632,-8960,-7680,-7168,-7680,-8960,-5376,-4352,-5632,-4352
1892,-9984,-7936,-3840,-5888,-2816,-9216,-11264,-3584,-6656,-1280,-9472,-6912,-8192,-6656,-13056,-7168
1893,-5888,-9984,-5888,-6912,-7168,-9216,-8192,-3840,-6144,-8448,-5888,-9216,-10240,-7168,-7936,-5376
1894,-7680,-6656,-8192,-11264,-6144,-9216,-7936,-5376,-6400,-5888,-5120,-6912,-6400,-6144,-7936,-5888
1895,-3328,-6656,-13312,-5888,-10752,-3840,-3584,-10496,-7168,-9472,-4864,-5888,-8192,-7168,-2304,-4096
1896,-7168,-3840,-8448,-6144,-6912,-7680,-5376,-9728,-8960,-5376,-6144,-3584,-6912,-9216,-7424,-10240
1897,-5632,-7168,-5120,-5120,-6912,-4352,-6656,-6656,-8704,-8704,-7680,-7424,-7168,-7424,-6656,-7424
1898,-9472,-8192,-3072,-7168,-6400,-6144,-8192,-4096,-6400,-5376,-6912,-7936,-5120,-8704,-8192,-5120
1899,-6144,-7168,-6144,-4864,-5888,-5376,-5888,-4864,-4352,-7424,-6400,-4352,-5376,-6912,-6656,-1792
1900,-6144,-7168,-6144,-4096,-7168,-10240,-3328,-11264,-3840,-6656,-6144,-5376,-4096,-4096,-6400,-6144
1901,-7168,-8960,-9216,-6912,-6656,-6656,-6912,-4864,-4864,-6400,-6144,-7936,-10240,-4864,-7936,-5888
1902,-7936,-2816,-7424,-8704,-6144,-7680,-8704,-4352,-6912,-7168,-5888,-6400,-8960,-7168,-6400,-7680
1903,-4864,-8192,-5888,-7936,-6144,-3328,-8448,-4608,-7680,-4096,-1280,-7168,-8704,-9984,-7424,-5120
1904,-1792,-2816,-6400,-4608,-6400,-3840,-6400,-7424,-6656,-3328,-6912,-2560,-1024,-3328,-5120,-4352
1905,-7936,-6912,-5376,-4352,-7936,-5376,-4864,-5632,-6400,-5376,-5120,-5120,-6912,-6656,-7936,-6912
1906,-7680,-4352,-7680,-5632,-6144,-9216,-4608,-5632,-4352,-10240,-8192,-3072,-5632,-6656,-256,-6400
1907,-4608,-10240,-5888,-6656,-5120,-7168,-5120,-4864,-4864,-6656,-5376,-10496,-8960,-6912,-4352,-6656
1908,-5120,-6144,-7680,-8192,-6912,-3328,-5120,-5120,-1024,-4864,-7424,-4352,-4096,-2816,-7168,-3328
1909,-10496,-7680,-2048,-5376,-5120,-6400,-7936,-4608,-7168,-3840,-2560,-6912,-4608,-4096,-9728,-4864
1910,-6912,-2816,-4096,-8192,-3584,-6144,-6144,-4352,-4864,-5888,-5632,-1280,-5888,-7168,-5376,-2816
1911,-3328,-4352,-5376,-4864,-5632,-7680,-8960,-3328,-7168,-3328,-5120,-6656,-7680,-5632,-7424,-7680
1912,-3072,-5632,-8704,-4608,-8192,-5120,-4352,-7168,-5120,-4864,-7680,-3584,-8192,-4864,-5888,-4608
1913,-8192,-8192,-8704,-4864,-4864,-4096,-3840,-6656,-7680,-4352,-3072,-7168,-4608,-4864,-3328,-6912
1914,-1536,-3072,-4352,-5888,-6400,0,-1536,-6144,-2560,-7680,-8192,-4608,-2816,-6912,-256,-4864
1915,-6912,-2304,-2304,-5376,-6656,-5120,-4096,-3072,-3584,-7680,-4608,-4352,-2560,-5632,-7168,-7168
1916,-6400,-5888,-2816,-5376,-6656,-5120,-4608,-5120,-3584,-6656,-3840,-5888,-5120,-3840,-4608,-3072
1917,-8704,-5632,-4608,-6400,-768,-6912,-8448,-3328,-5120,0,-8960,-4608,-3328,-3584,-6400,-5120
1918,-3840,-9728,-5120,-5120,-4864,-5376,-6400,-4352,-5376,-5376,-4864,-5888,-8448,-4864,-7168,-2816
1919,-5888,-4352,-6144,-6912,-4096,-7936,-5376,-2560,-5376,-5632,-3840,-4096,-5376,-4352,-8192,-5376
1920,-2816,-3584,-8704,-5632,-5888,-3072,-3072,-7168,-4608,-8704,-1280,-5888,-11008,-6912,-1280,-3840
1921,-4608,-1536,-6656,-3328,-6912,-3840,-3840,-6400,-2304,-3328,-3328,-512,-5120,-5120,-3072,-6144
1922,-4096,-5888,-4096,-2816,-4608,-512,-2304,-7680,-10240,-5376,-6144,-4864,-4352,-5888,-4864,-5888
1923,-6656,-4352,-512,-4608,-4352,-4352,-5376,-2560,-4352,-4352,-7424,-6400,-2304,-3584,-6144,-5120
1924,-5632,-8448,-4864,-3840,-4608,-5632,-5888,-1024,-1536,-5120,-4352,-4608,-5376,-6144,-5376,-3840
1925,-4352,-5120,-4352,-4352,-6144,-8192,-2816,-3584,-768,-5632,-4608,-4352,-3072,-2304,-2816,-4608
1926,-4096,-7936,-8192,-6144,-3840,-4864,-2560,-6912,-5120,-4352,-3584,-5376,-7680,-3584,-5120,-1792
1927,-6144,-2304,-4352,-6144,-4608,-4864,-5888,-4608,-5632,-2560,-5888,-3584,-4096,-2304,-3840,-4352
1928,-5632,-5120,-3072,-3072,-2816,-2560,-6656,-2048,-6144,-4608,-1024,-3072,-7424,-7424,-7168,-5376
1929,-1280,-1024,-4096,-6144,-3840,-1536,-5632,-4864,-4352,-3072,-1792,-2560,-1280,-5376,-4608,-5632
1930,-512,-4352,-5888,-1024,-5632,-2816,-2560,-4096,-2560,-768,-1536,-2816,-4352,-7424,-3072,-3584
1931,-6656,-5376,-6144,-2304,-7168,-3328,512,-5888,-2048,-5376,-8192,-256,-2816,-768,-1024,-4352
1932,-5376,-8448,-3072,-2560,-4864,-6656,-2816,-4352,-4864,-6656,-5632,-8960,-5888,-2560,-3584,-6656
1933,-4096,-3840,-3840,-7680,-2560,-2048,-5376,-3584,0,-3584,-5376,-5376,-4608,-7424,-5120,-2816
1934,-4608,-4096,-768,-3584,-4352,-2816,-5632,512,-1536,-1536,256,-5120,-2304,-2816,-7168,-3328
1935,-5376,-2048,-3072,-4864,-3584,-3584,-3840,-4608,-3840,-2560,-3072,1536,-2304,-1280,-4864,0
1936,-2816,-3328,-4352,-1024,-3072,-5632,-4864,-4096,-7680,-1280,-3072,-3328,-4352,-2816,-3328,-2304
1937,-2048,-1792,-5120,-5888,-3072,-4096,-2048,-3328,-3840,-4352,-3840,-2816,-5888,-4608,-2304,-6400
1938,-1792,-3840,-3328,-2560,-3072,-1536,-3072,-3328,-2816,-2304,-2816,-5120,-2816,-2048,-3072,-5888
1939,-2816,-3328,-5120,-4352,-4096,1536,-256,-6400,-512,-6400,-3072,-3840,-2048,-4864,768,-2048
1940,-6656,-1792,-2304,-2560,-4352,-2816,-3072,-2304,-2560,-1792,-5120,-1792,-256,-4608,-2048,-4352
1941,-3072,-5120,-1024,-768,-5120,-5632,-2560,-3840,-2816,-6400,-3584,-1024,-4352,-2560,-6400,-4352
1942,-6400,-3584,-1792,-6912,-1024,-5632,-8448,0,-3584,1280,-5376,-5376,-2560,-256,-7680,-4352
1943,-2560,-5376,-768,-3840,-2048,-3328,-4096,-2560,-2816,-2304,-2560,-5888,-5120,-3840,-3584,-256
1944,-2816,-4096,-4096,-4352,-3072,-4352,-2560,-1536,-2560,-1536,-768,-1792,-3072,-4352,-4352,-1536
1945,2304,-3840,-8448,1024,-5632,-3584,-1024,-5632,-2816,-5632,-1536,-1536,-5120,768,768,-512
1946,-5888,2816,-1792,-4864,-2304,-1536,-1792,-3584,-2816,-1536,-2304,-2304,-2816,-4352,-2304,-6912
1947,-1792,-2048,-4096,-1280,-3584,0,-2560,-1792,-3072,-2560,-3072,-2560,-3840,-6400,256,-4608
1948,-2048,-4352,0,-2816,-3584,-2816,-4096,-2304,-2816,-1024,-4096,-2816,256,-2304,-4608,-3328
1949,-2304,-6400,-3328,-1536,-3840,-2304,-2304,-2304,-1536,-4096,-4864,-3584,-2048,-512,-5120,2048
1950,-7936,-2304,-1280,-3072,-2304,-8448,-2304,-1792,-512,-3072,-3584,-3328,-2816,-1792,-1536,-3840
1951,-2816,-3840,-2048,-3328,-1792,-3840,-1536,-2304,-1280,-3584,-1792,-3328,-6912,-3328,-2304,-2048
1952,0,-256,-4096,-3840,-2560,-1792,-3584,-3584,-2560,-1536,-1792,-3072,-2816,-768,-2560,-2048
1953,-768,-5888,-5120,-1536,-3584,0,-4608,-1024,-2560,4096,2304,-2048,-5632,-4352,-6912,-1536
1954,-2560,256,-1280,0,-1280,-1280,-1792,-3072,-2560,-1024,-1024,1536,3584,-2304,-1024,-3584
1955,768,-2816,-1536,-512,-3328,-1280,-2560,-1792,-2048,-1792,-1280,-3840,-512,-5120,-2048,-3584
1956,-1024,-256,-5632,-2304,-5120,-3328,1024,-4096,-256,-4864,-5632,-2048,-2560,-2816,1280,-2304
1957,-5120,-8448,-2048,-256,-4608,-3328,256,-1792,-2560,-3072,-1536,-6144,-3584,-1024,-1536,-3328
1958,-2816,-3840,-2048,-4864,-256,-1536,-1536,-2816,768,-2048,-6400,-768,0,0,-1024,-512
1959,-4352,-1280,256,-2816,768,-1792,-5888,1280,-1280,256,1024,-4608,-2816,-3840,-7168,-1536
1960,-2304,1792,-2048,-1536,-2816,-2304,-2304,256,512,-1024,-768,2048,-1792,-3584,-3840,-256
1961,-4096,-768,256,256,-2048,-1792,-2304,-3072,-7168,-1024,2304,-1536,256,-512,1280,-1024
1962,3072,-2048,-5888,-2304,-2048,-1280,-512,-4352,-1280,-768,-4096,0,-4864,-2304,-256,768
1963,-2816,-3072,-2304,-1280,-1536,-2048,-1792,-1280,-3328,-512,-1280,-2816,-2304,-3584,-3840,-6144
1964,-512,-1024,256,-1024,-3584,1024,1024,-2816,1024,-5888,-1536,-1792,0,-3072,256,-2304
1965,-4608,-512,-2048,-2816,-2304,-256,-2304,256,0,-1024,-1024,-2560,1792,-1792,-512,-2560
1966,-768,-4352,-1792,-512,-3072,-1792,-256,-768,512,-512,-2048,-1024,-1024,-1024,-1024,768
1967,-4864,-3072,1280,-1536,1280,-5632,-3072,1280,-2560,2304,-3584,0,-256,512,-6144,-2304
1968,-1024,-2816,768,-1536,-512,-768,-4096,1536,-1024,-2048,-1280,-4864,-1792,1024,-512,3072
1969,-3584,2048,-2304,-3584,1280,-3328,-2816,1792,512,-3072,256,-768,-1024,-2560,-512,-256
1970,3072,-1280,-4608,-1024,-4608,1536,2816,-4096,0,-3072,4352,256,-2304,-2560,2560,-512
1971,768,1280,-2816,-1536,-2048,-1024,0,-4352,-2048,0,-2816,2560,0,0,-512,-4096
1972,-1280,-512,-1792,768,2048,2304,-2560,-1536,-2560,-1280,-2816,-1024,-3072,-3072,-2048,-2304
1973,-6656,-256,2560,-768,-1280,-2048,-2304,3072,256,-768,-1536,-1536,1024,-2560,-2048,-3328
1974,2816,-5376,256,-1024,-1792,0,-1024,256,1792,-1536,-512,-2560,256,-2560,-1024,3072
1975,768,-1024,-1024,-1280,-3584,-2560,1024,-1024,2816,-512,-2048,-256,768,3072,-512,1536
1976,-5120,-1792,-1536,-512,512,-2816,0,-1024,-768,-256,0,-1024,-5376,768,-1280,-512
1977,1280,2048,0,-1280,2816,-1536,-1024,768,-768,768,-1536,1280,-256,768,768,-1536
1978,1792,-1280,-2816,-3328,256,2304,-3328,1280,-1536,1792,3072,-1024,-2304,-3072,-3072,-512
1979,1536,3072,-1280,-1024,-1536,1536,-1024,-1280,-256,1536,0,2560,2816,1024,256,0
1980,-2304,-1536,1024,3840,-768,-1024,1792,-1280,-2048,-512,512,1280,-1280,-2816,768,0
1981,512,768,-2048,0,-1792,-1280,512,-2560,512,-2816,-5888,0,256,-768,2816,-256
1982,256,-3072,-256,-512,-2304,-2048,256,512,512,-3840,-256,-4608,-3328,-512,-2560,-3072
1983,-768,-1792,0,-5120,512,1280,256,1024,4608,512,0,0,1024,2304,0,1280
1984,-1024,-512,4096,1536,1536,1536,-256,-512,512,4608,2048,-1792,4608,-1280,1024,1280
1985,-768,2816,512,512,768,768,-1792,2048,1536,2304,512,5120,-1024,-1280,-4096,3328
1986,-1024,768,256,2304,-768,-3072,-1280,1536,-3328,768,2048,512,-1536,2048,-2304,-1280
1987,2560,768,-2048,-2048,1024,0,1024,-2048,0,-512,-1024,256,-2560,-256,4096,512
1988,512,-768,-2304,512,-1024,2304,512,-512,-256,1280,-1280,-1536,512,-2560,2048,-1280
1989,1280,256,-256,768,-2560,2304,3072,-1536,256,-2816,-256,512,512,-1280,-256,256
1990,-3840,2304,2816,-256,768,0,768,1792,1280,-256,256,512,3584,2560,256,-512
1991,-512,-768,256,-1280,256,-1536,-1024,0,2816,-768,512,-1024,-256,-768,1024,768
1992,-1280,0,2816,0,1024,512,-1280,6144,256,5632,-1280,256,1792,2816,-4608,-512
1993,2304,-3072,1280,1536,-256,3328,1792,0,-512,256,2304,0,-1024,1280,0,4352
1994,-1792,1280,-256,-2048,2816,-2816,-1536,2048,1280,2304,1024,1792,-256,1280,-768,1280
1995,1792,1536,-3072,1280,-512,768,3072,-1792,1280,-4352,3584,1792,-2816,-1792,3328,-256
1996,1792,4096,256,-1280,-1024,2048,1792,-512,1024,1792,2816,768,1792,-1024,1536,-3072
1997,2816,512,-256,3328,-1024,3840,1280,-256,-2048,2048,-2048,512,2048,0,3840,0
1998,-3328,0,4608,2048,1024,1280,-1024,3328,768,2304,-1536,2304,2048,512,-768,768
1999,0,-2304,2048,1280,1792,0,1280,4352,2816,-2304,768,256,1024,0,-512,2816
2000,3072,2816,3328,0,3072,-2048,768,2560,6656,2560,-512,1536,2304,3584,1280,2304
2001,512,512,-1536,1024,-256,2048,1792,1536,3584,1536,1536,768,-1792,1792,1280,2048
2002,-512,2048,1536,-768,1792,-256,-256,-1024,-1280,2560,1536,2304,512,3328,2048,512
2003,1536,256,1792,256,3328,3328,-768,2816,-256,3072,3840,2304,-768,-1536,-1536,1536
2004,3328,4864,2048,1280,768,2560,-512,1536,2560,2304,1792,3328,3328,-512,768,-512
2005,2304,1024,2816,4608,-2560,2560,2816,2304,1280,1792,2816,2048,1024,256,2560,256
2006,512,1024,-1536,1280,0,1536,5376,-1792,1792,-768,-2304,3584,2304,2304,5888,2816
2007,256,-1792,2304,2304,768,0,1024,3328,2048,1024,-512,-2560,512,3072,2048,1024
2008,1792,1024,2048,0,768,256,1280,2816,6912,256,1792,1024,1024,2560,-512,1280
2009,256,768,5888,768,4608,2304,-1280,5376,3072,3584,6656,-1024,3328,4608,256,2560
2010,1280,5632,1024,0,2816,2048,512,2304,2560,4096,768,6144,2816,1792,2816,4864
2011,0,512,1536,4096,-256,256,256,2048,-2048,4096,2816,3840,-1024,1792,-1024,2560
2012,5120,1792,-768,2816,1536,1024,3072,-512,256,-256,0,4096,-1280,3072,1792,1280
2013,256,2048,1536,1024,4096,3584,512,1536,1536,3072,2304,-768,1536,256,3072,-1280
2014,4096,3072,1792,0,-1536,5888,3584,1536,6912,-512,3072,1536,3072,-1280,4608,2304
2015,1536,1536,4096,-768,-512,2304,2816,3072,1280,2560,2304,3584,5120,4608,256,768
2016,2816,1024,4608,5632,-768,3072,4096,2048,2816,1280,3072,1792,2816,5120,2816,4864
2017,-2560,2560,4864,2560,6912,-2560,-2560,6912,3072,6912,-256,2048,1536,2560,-1536,-1024
2018,3840,0,3072,1024,1280,1792,1280,3840,2304,1024,2816,256,256,1280,1536,4864
2019,2816,2304,-768,-512,2816,1792,1536,2048,768,3584,4096,3072,2816,3072,256,4352
2020,4608,3072,-1792,4096,768,4608,5376,-768,3072,512,4864,2816,1536,3840,6912,3840
2021,-256,6400,3328,3584,3840,1024,4096,768,2560,1792,2816,5632,2816,512,1536,-2560
2022,4096,2816,2560,2048,1536,5376,1280,1792,1024,1280,2304,0,0,-256,2560,1024
2023,2304,3840,4864,3328,1536,3840,2048,4096,1536,4352,1792,2304,5376,1536,2304,3840
2024,1280,-2560,3584,5376,3584,4096,4608,5120,4352,768,3072,6400,3840,3584,2304,7680
2025,1280,2816,4608,3584,2816,-768,4608,2048,5888,-1280,1792,3072,4864,5120,3328,2816
2026,1536,2560,1024,256,4096,2304,2048,2304,4608,5632,4096,-768,-4096,256,-512,3328
2027,3072,5120,2304,512,768,1536,1536,4352,3072,4352,3584,2304,2560,5120,3840,1280
2028,3840,256,3072,3072,3328,5376,1280,3072,0,4864,7168,2816,3072,1792,2560,3840
2029,5632,6656,3072,4608,4096,5632,3072,2048,2560,4608,2560,7168,7680,2816,3584,5120
2030,2816,3328,3584,4352,1280,1792,3840,4096,2304,3584,3840,3840,1536,256,1536,0
