sample,mean0,mean1,diff_of_means,t_first,t_second
0,864.22588,651.1467,213.07918,0.80921703,-0.0021016653
1,-381.28941,-468.16131,86.871897,0.33953478,1.2997581
2,-1010.4471,-1118.7095,108.26247,0.62292679,0.99045718
3,55.717647,174.30742,-118.58978,-1.0344923,0.26730395
4,-798.72,-821.41438,22.694378,0.22652788,1.2325987
5,-448.30118,-465.31853,17.017351,0.22257773,-0.23479133
6,-200.43294,-354.00117,153.56823,1.741792,0.41199352
7,-195.31294,-146.92694,-48.385998,-0.70067502,-0.22196267
8,358.24941,463.82233,-105.57291,-1.2446827,-1.362596
9,189.13882,237.14787,-48.009043,-0.73734263,-0.44115701
10,-123.18118,-146.47808,23.296907,0.35150768,-0.94170939
11,-695.86824,-759.02279,63.154558,0.87743117,0.12810871
12,-202.99294,-248.66861,45.675674,0.71637432,-0.38069106
13,-540.76235,-532.04909,-8.7132588,-0.13454508,-1.6186816
14,139.74588,149.62011,-9.8742228,-0.15153246,0.022968956
15,180.10353,130.31911,49.784418,0.71124889,-0.3453245
16,1424.2635,1363.3384,60.925131,0.84863024,0.98497321
17,972.19765,994.52484,-22.327192,-0.35214689,0.3836262
18,355.38824,354.30041,1.0878262,0.017836779,-0.86770943
19,-835.76471,-782.96201,-52.802695,-0.8200125,-0.029140624
20,-254.64471,-267.37113,12.726422,0.20118058,-0.15781176
21,-62.192941,-93.063705,30.870764,0.49906846,-0.78234016
22,483.08706,488.80888,-5.7218249,-0.090362476,-0.63997353
23,272.41412,301.78375,-29.369635,-0.42330273,0.15381924
24,1043.5765,1046.8919,-3.3154055,-0.049671565,-1.7523332
25,376.01882,288.7668,87.25202,1.3385891,-0.20076566
26,93.967059,84.98422,8.9828391,0.14846998,-0.41088727
27,-263.52941,-266.17417,2.6447554,0.042665508,-0.19861335
28,-78.004706,-12.119229,-65.885477,-1.0380865,0.69688302
29,156.46118,109.22268,47.2385,0.76873466,0.85880614
30,162.63529,191.96259,-29.327301,-0.46428433,-1.43535
31,2176.3012,2136.5751,39.726074,0.49107046,0.32176573
32,4849.6941,5025.7393,-176.04522,-2.6782294,0.67730931
33,3750.0988,3929.024,-178.92514,-2.4272706,0.29737248
34,269.55294,464.72005,-195.16711,-2.9547897,-1.0903082
35,-550.09882,-629.30216,79.203339,1.2438547,-0.19398415
36,227.53882,172.51198,55.026842,0.84015326,2.2294165
37,1768.0565,1775.2425,-7.1860776,-0.11437987,-1.1585186
38,1814.5882,1916.4839,-101.89569,-1.5788304,-0.83218132
39,2416.9412,2536.6593,-119.71809,-1.6447015,-1.2526838
40,2263.4918,2374.6207,-111.12892,-1.711191,-1.3690173
41,1871.8118,1890.0012,-18.189404,-0.28586434,-0.77781479
42,1041.1671,1055.8691,-14.702024,-0.2302813,-0.53808106
43,641.80706,744.36002,-102.55296,-1.6579152,-0.11188358
44,972.64941,1089.384,-116.73457,-1.8756712,0.61099728
45,1323.0682,1359.149,-36.0808,-0.5729489,-0.21397386
46,1513.5624,1485.8773,27.685088,0.42262255,-2.4526757
47,6168.5459,6433.6645,-265.11864,-3.4899412,-1.6700245
48,7086.3812,7509.5827,-423.20152,-6.2053899,-1.6374798
49,3502.2306,3792.8697,-290.63908,-3.6525449,-2.1178445
50,610.48471,531.30099,79.183712,1.1954955,0.033096295
51,354.18353,326.62069,27.56284,0.42799993,-0.81140318
52,2250.9929,2388.2361,-137.24318,-2.1462156,0.56229824
53,3229.2141,3525.7978,-296.58366,-4.6782253,-0.74659174
54,3325.7412,3444.7037,-118.96251,-1.8051209,-1.0808713
55,3685.1953,3875.9088,-190.71353,-2.6302569,-0.1331121
56,3637.9106,3677.6622,-39.751598,-0.62091985,1.0751805
57,2607.4353,2800.7387,-193.30346,-3.006765,0.6399276
58,1748.9318,1876.0865,-127.15473,-1.9892592,-0.36281758
59,1715.0494,1903.3174,-188.26795,-2.9180389,-1.6535706
60,2198.7388,2311.1818,-112.44294,-1.8048661,-1.3038335
61,2339.2376,2445.2414,-106.00373,-1.6860005,3.0680155
62,3817.4118,3983.0368,-165.62506,-1.7939223,-1.4560498
63,8096.9788,9166.3261,-1069.3473,-13.865586,-0.97807113
64,7684.9694,8842.5482,-1157.5788,-13.400959,0.55250183
65,3085.4024,3541.6575,-456.25516,-5.8874747,-2.7648094
66,1007.8871,956.37171,51.515346,0.79765809,-0.62970305
67,1756.3106,1788.858,-32.54739,-0.48901544,0.075737123
68,3710.7953,4159.5885,-448.79325,-6.9461935,0.096766165
69,4155.3318,4732.9328,-577.60102,-8.8455901,0.67302257
70,4458.6165,4902.1531,-443.53666,-6.1021248,-1.3563747
71,4570.8047,5117.3068,-546.50213,-8.291772,-0.65391449
72,4048.1129,4578.2256,-530.11266,-7.9643802,0.010770984
73,3074.56,3472.9819,-398.42188,-6.1397035,-0.71526923
74,2398.5694,2713.3606,-314.7912,-4.9793816,-1.9861061
75,2660.5929,2911.7569,-251.16393,-3.9212326,0.69909492
76,3042.7859,3370.6417,-327.85585,-5.1989149,-0.21952338
77,2976.2259,3335.6306,-359.40474,-5.5861009,-0.8378322
78,5712.4141,6512.5143,-800.1002,-8.6601328,-2.6829283
79,7524.1412,8532.0865,-1007.9453,-13.627752,-0.64754962
80,5612.5741,6459.9977,-847.42354,-10.679213,0.46686117
81,2482.7482,2721.889,-239.14072,-3.5440563,0.031693485
82,1666.7106,1868.3063,-201.59567,-3.2190706,-1.7947629
83,2953.4871,3255.7335,-302.24643,-4.536974,1.7087239
84,3958.3624,4638.0736,-679.71129,-10.402654,-0.1217202
85,4101.2706,4619.3711,-518.10054,-7.5978085,-0.23506279
86,4215.2659,4736.3741,-521.10817,-6.9714733,2.8734096
87,4391.6047,4864.4489,-472.84415,-7.0874357,-0.43393778
88,3526.7765,4111.7101,-584.93364,-8.9616735,-0.89254555
89,2795.3694,3188.4044,-393.03503,-6.0746457,0.39598137
90,2502.6259,2843.3805,-340.7546,-5.3786569,0.10545108
91,2811.7835,3154.1414,-342.35791,-5.3160275,0.7181861
92,3080.8847,3486.2981,-405.41337,-6.3267147,-0.24286919
93,3265.3553,3649.9825,-384.62717,-5.6367269,-1.2413295
94,8176.9412,9010.8708,-833.92966,-10.634997,0.85691547
95,9096.8847,9929.239,-832.35434,-11.137135,0.72409784
96,5030.2494,5605.6669,-575.41745,-6.9438233,-0.068825877
97,1726.6447,2121.0146,-394.36991,-5.9523009,-0.28664354
98,1757.5153,2021.5172,-264.00195,-4.0712004,0.2676116
99,3885.0259,4245.1712,-360.14536,-5.4048702,-1.2574926
100,4888.6965,5316.152,-427.45549,-6.6881,0.26228876
101,4501.8353,5059.7031,-557.8678,-8.0725474,-0.82832168
102,5372.5365,5760.8229,-388.28644,-5.6029591,-0.93095503
103,4675.6141,5249.2718,-573.65765,-8.6102262,0.78681708
104,3740.0094,4231.7054,-491.69602,-7.6432772,0.33338122
105,2885.4212,3283.4132,-397.99203,-6.1918554,1.2082248
106,3041.28,3245.4097,-204.1297,-3.1903831,-1.2297939
107,3352.3953,3716.713,-364.31774,-5.8801574,0.9548412
108,3511.8682,3883.6891,-371.82084,-5.8827219,1.4295712
109,4896.8282,5349.9661,-453.13787,-5.268459,-1.1801234
110,7665.0918,8122.277,-457.18527,-6.7357,-0.26262084
111,6711.4165,7250.1414,-538.72497,-7.3149849,1.5921887
112,3326.9459,3669.4331,-342.4872,-4.8458756,-0.45888842
113,1940.1788,2210.6371,-270.45823,-4.3166053,-0.47358869
114,2671.5859,3007.0649,-335.47899,-5.0590119,-0.10154101
115,4198.0988,4550.5459,-352.44706,-5.7151567,-0.51822461
116,4329.4118,4614.284,-284.87228,-4.4006853,0.29978347
117,4629.2329,4980.8533,-351.62036,-4.768284,-1.3282807
118,4383.7741,4741.6108,-357.83664,-5.4996414,-0.71014694
119,3959.4165,4337.7861,-378.36962,-5.9222927,1.6351114
120,3033.9012,3316.3296,-282.42846,-4.4161637,-0.83583536
121,2655.4729,2884.0771,-228.60421,-3.6377378,-2.131691
122,2883.4635,3160.2759,-276.81233,-4.3395987,0.24352062
123,3174.2494,3459.5161,-285.26666,-4.5645736,0.044642779
124,3075.3129,3335.481,-260.16806,-4.1093167,-0.49282519
125,5889.2047,6116.6195,-227.41481,-2.8959746,-0.3620719
126,7044.3671,7347.5441,-303.17707,-4.6176007,-1.4681298
127,4858.7294,5185.384,-326.65457,-4.5861907,-0.26587309
128,2225.3929,2559.4015,-334.00858,-5.1498111,0.55087496
129,1756.16,1941.3209,-185.16086,-2.9374042,0.79838394
130,3008.1506,3166.8591,-158.70856,-2.4664318,-1.0335102
131,3944.96,4098.6932,-153.73316,-2.4418235,0.54178338
132,3800.0941,4066.8241,-266.72996,-4.1786497,-1.4771854
133,4144.64,4371.301,-226.66099,-3.1624792,0.35578505
134,4002.1835,4286.3168,-284.13324,-4.4178708,0.056772204
135,3262.1929,3480.9117,-218.71881,-3.4731974,-0.94753485
136,2409.2612,2560.2992,-151.03806,-2.3715604,0.97456804
137,2431.6988,2516.1613,-84.462486,-1.3784289,-1.1710001
138,2642.9741,2832.6078,-189.63371,-3.0043632,-0.56821769
139,2797.7788,2956.9421,-159.16332,-2.5303094,0.77199806
140,3519.8494,3626.3425,-106.49308,-1.3522772,-0.3720601
141,6017.6565,6165.0964,-147.43996,-2.2036459,0.24325406
142,6132.1035,6380.9982,-248.89472,-3.728556,-0.43945017
143,3166.5694,3329.197,-162.62755,-2.4272862,-2.4378948
144,1526.2118,1714.9456,-188.73388,-2.9621273,0.19033688
145,1731.6141,1873.3933,-141.77922,-2.2067114,-0.37214177
146,3180.5741,3295.5324,-114.95832,-1.8423941,-1.7859295
147,3463.0776,3574.5739,-111.49629,-1.7719219,0.1797922
148,3458.1082,3598.962,-140.85378,-2.0748536,0.85854455
149,3888.9412,4057.8469,-168.9057,-2.5058504,-0.44123112
150,3344.2635,3402.6604,-58.396903,-0.92349566,0.94340124
151,2516.48,2645.5827,-129.1027,-2.0550794,-0.56161437
152,2036.1035,2146.0012,-109.89764,-1.7743293,0.018246012
153,2047.2471,2277.9661,-230.71904,-3.7142639,-0.080102566
154,2413.3271,2526.1859,-112.8588,-1.8121302,0.99825567
155,2347.8212,2451.5254,-103.70425,-1.6620932,-0.20850609
156,4398.6824,4390.3027,8.379606,0.10288473,0.67886964
157,6545.1671,6738.4407,-193.27362,-3.0370763,-0.46147131
158,5263.0588,5475.647,-212.58817,-2.9809808,1.3133596
159,1995.7459,2193.5804,-197.83448,-2.9718633,-0.36088003
160,1128.0565,1157.7604,-29.703903,-0.47650897,-1.1246434
161,1978.1271,2029.896,-51.768908,-0.78162119,0.39131172
162,3298.9365,3323.3618,-24.425306,-0.38965035,-1.3980081
163,3225.4494,3347.1514,-121.70196,-1.8892651,-1.8029622
164,3663.8118,3795.2636,-131.45182,-1.811663,0.45725652
165,3597.1012,3693.3723,-96.27112,-1.5437618,-1.7836465
166,3054.2306,3056.7387,-2.508161,-0.039830309,0.54070342
167,2204.9129,2288.5891,-83.676188,-1.3468553,-0.25470245
168,1730.7106,1883.2683,-152.55768,-2.4633295,-1.3483383
169,2132.3294,2202.1087,-69.779297,-1.12723,0.51892458
170,2251.8965,2302.5038,-50.607328,-0.80802651,0.015743195
171,2338.6353,2424.5938,-85.958511,-1.3487993,-2.1456515
172,5247.0965,5334.256,-87.15952,-1.2344795,-0.8253906
173,5839.36,5948.8954,-109.53538,-1.705055,-0.27071441
174,3377.5435,3540.6102,-163.06664,-2.3443542,-1.5790656
175,1461.4588,1424.6826,36.776182,0.56755278,-0.33658445
176,1185.7318,1163.5956,22.136207,0.35289262,-1.1285232
177,2320.1129,2399.1584,-79.045446,-1.2712652,1.2494813
178,2868.8565,3091.7499,-222.89338,-3.5106785,-0.063384129
179,3011.4635,3080.2291,-68.765576,-1.0487646,-2.2450505
180,3318.8141,3352.8369,-34.02282,-0.47605189,-0.82939771
181,3124.7059,3130.2022,-5.4963386,-0.086304626,0.098914039
182,2344.5082,2389.8819,-45.373705,-0.7309802,-0.089322028
183,1723.1812,1719.135,4.0461677,0.063846844,0.78435404
184,1557.3835,1749.8071,-192.4236,-3.0367948,-2.0822253
185,1922.1082,1986.8054,-64.697142,-1.0377481,-0.99585104
186,2007.9435,1996.0818,11.861706,0.1905552,0.6808936
187,2861.6282,2824.9772,36.651029,0.4878531,0.066042907
188,5335.6424,5533.55,-197.90762,-2.9724799,-1.2340286
189,5175.2659,5322.1368,-146.87088,-2.1256956,0.62681322
190,2245.4212,2297.2671,-51.845919,-0.76447828,-1.837406
191,893.13882,846.99942,46.139408,0.73918371,1.2164674
192,1294.3059,1287.481,6.8248771,0.10548801,-1.2146202
193,2474.3153,2542.7937,-68.478394,-1.1015347,-0.31098541
194,2600.6588,2771.8621,-171.20325,-2.7371122,1.9929309
195,3017.3365,2972.6523,44.68422,0.64039471,-0.30900785
196,3084.3482,3076.0397,8.3084925,0.13021249,-1.715777
197,2545.0918,2661.7417,-116.64991,-1.863546,0.064708074
198,1902.08,1948.8019,-46.72187,-0.7355319,-0.71097072
199,1422.4565,1433.6598,-11.203377,-0.18173279,-2.2035418
200,1573.4965,1524.6289,48.867599,0.7828747,-0.45919466
201,1783.2659,1817.7347,-34.468776,-0.55769548,-0.078657976
202,1768.2071,1803.82,-35.612929,-0.5629364,-0.4612939
203,3868.3106,4025.6786,-157.36796,-2.0003054,-0.65831224
204,5204.6306,5264.8323,-60.201674,-0.95320934,-1.7223814
205,3633.3929,3740.9515,-107.55855,-1.5808434,1.8612283
206,1323.0682,1192.6219,130.44638,2.0129868,0.48709902
207,636.68706,607.90649,28.780571,0.45622491,0.056254389
208,1670.0235,1689.0614,-19.037838,-0.3023927,0.74528632
209,2387.5765,2548.9281,-161.35164,-2.5792853,-0.14227066
210,2496.9035,2475.4646,21.438889,0.33002339,-1.3225213
211,2619.9341,2649.7721,-29.837945,-0.40860576,1.7836763
212,2781.2141,2775.7522,5.4619259,0.085563767,0.069864816
213,2038.5129,2083.1607,-44.647784,-0.71235682,-1.5289119
214,1382.0988,1381.7417,0.35715199,0.0056031963,2.1119055
215,1196.2729,1211.474,-15.201051,-0.24498022,-0.55340713
216,1492.3294,1420.9421,71.387273,1.1634711,0.82030137
217,1654.9647,1645.9708,8.9939286,0.14474841,-0.66069405
218,1761.4306,1790.6534,-29.222831,-0.44772719,-0.59745744
219,4722.5976,4862.3542,-139.75653,-2.036278,1.3016785
220,5213.0635,5258.6978,-45.634308,-0.71066629,1.463263
221,2606.3812,2624.9351,-18.553949,-0.26494306,-0.89186808
222,568.62118,570.8007,-2.1795249,-0.033780289,-0.52971795
223,655.20941,611.04851,44.160902,0.69418254,-0.44803057
224,1947.8588,1952.0935,-4.234689,-0.067074446,-2.3087003
225,2447.0588,2488.332,-41.273146,-0.65845876,0.56049156
226,2173.5906,2212.1333,-38.542667,-0.56366274,-0.81908994
227,3014.0235,2948.1146,65.908977,0.96751725,-2.2680097
228,2381.4024,2497.758,-116.35568,-1.8165408,-0.78615458
229,1639.0024,1693.4004,-54.397998,-0.86343472,0.59453279
230,1104.5647,1103.7475,0.81718981,0.013082569,-0.0915925
231,1261.9294,1108.9842,152.94519,2.4152026,0.88778165
232,1459.2,1451.6143,7.5857393,0.12439017,0.053957182
233,1514.9176,1517.896,-2.9783202,-0.047712776,0.35624562
234,2594.4847,2726.0783,-131.59361,-1.6963484,-1.4586194
235,4631.3412,4685.5032,-54.162038,-0.85372586,-0.60561673
236,3872.5271,3872.3179,0.2091161,0.0030871131,-0.14816749
237,1315.0871,1257.8562,57.230834,0.84561035,-0.72800259
238,289.12941,338.88954,-49.760127,-0.80042109,-1.9160794
239,974.90824,966.6955,8.2127356,0.12761442,0.050379606
240,2040.6212,1991.4436,49.177576,0.80145206,-0.89959082
241,2084.4424,2049.7954,34.646912,0.5421673,0.76107509
242,2463.3224,2469.3302,-6.0078633,-0.082443826,0.03843486
243,2238.4941,2238.616,-0.12189638,-0.0019277799,-1.0338209
244,1789.7412,1831.3501,-41.608911,-0.6593033,-0.1590298
245,1089.2047,1067.3898,21.814875,0.3460759,0.38211872
246,858.05176,819.61894,38.432828,0.63065234,-2.512368
247,1061.6471,1029.5359,32.111115,0.51166653,-0.18451397
248,1275.1812,1273.4167,1.7644611,0.0281428,-0.85605935
249,1200.3388,1171.3758,28.96302,0.46031688,-1.7144012
250,3583.0965,3579.0625,4.0339341,0.05448176,-1.0781961
251,4556.1976,4655.1303,-98.932686,-1.5614765,1.1809117
252,2745.3741,2792.5096,-47.135526,-0.67936445,-0.39825628
253,484.89412,561.37463,-76.480517,-1.1836556,-0.47267498
254,101.64706,59.997662,41.649397,0.68047305,0.56798152
255,1170.8235,1126.1905,44.632998,0.69380945,-0.14810531
256,1998.4565,1900.0257,98.430755,1.5413599,-0.00457906
257,1852.9882,1892.3951,-39.406855,-0.61166012,-2.0343353
258,2297.3741,2309.3863,-12.012206,-0.16558664,1.7402269
259,2106.4282,2202.2583,-95.830093,-1.5220632,-0.26076268
260,1418.8424,1400.4442,18.398168,0.29086586,-1.3625005
261,655.96235,664.31327,-8.3509142,-0.13324709,1.6559622
262,740.74353,631.24722,109.49631,1.7776343,-1.4186184
263,926.41882,908.04442,18.374405,0.29157543,-0.19466805
264,1054.4188,1080.706,-26.287196,-0.42235987,0.73107259
265,1830.8518,1740.0818,90.769941,1.1801086,0.36186338
266,3845.4212,3831.4717,13.949522,0.20884806,0.77193509
267,3944.5082,4043.633,-99.124728,-1.5253019,-0.45916614
268,1361.6188,1423.7849,-62.166098,-0.94364742,0.1004861
269,27.256471,7.0321449,20.224326,0.3235982,1.4222601
270,166.55059,104.43483,62.115755,0.9848944,-1.3964697
271,1430.4376,1405.5313,24.906379,0.39738166,-3.0759638
272,1678.9082,1664.9725,13.935705,0.22320085,-0.054632894
273,1708.8753,1699.5348,9.3405191,0.13728685,-0.80529008
274,2127.36,2161.8609,-34.5009,-0.51925727,-1.6468027
275,1651.8024,1544.678,107.12439,1.6735198,0.25220994
276,860.76235,833.53361,27.228747,0.42611802,-1.8949482
277,441.07294,374.3495,66.723438,1.0713044,-0.71346723
278,494.23059,564.36704,-70.136449,-1.1109591,-0.59845892
279,806.4,802.71186,3.6881356,0.059072433,0.16241021
280,764.53647,737.77674,26.759732,0.42637384,0.18249287
281,2659.84,2542.3448,117.49517,1.4723417,-0.47127489
282,4692.48,4766.7469,-74.266932,-1.1810037,-0.099551613
283,3511.1153,3558.415,-47.299668,-0.67845975,0.44854501
284,475.40706,546.86148,-71.454426,-1.0874489,-0.83458164
285,-359.30353,-381.98013,22.676599,0.35826622,-1.9758058
286,473.44941,399.78492,73.664491,1.1381553,-0.55533094
287,1643.8212,1594.5015,49.319715,0.78999592,-0.85222426
288,1676.9506,1688.3133,-11.362679,-0.17741497,-1.3540574
289,2132.3294,2124.4559,7.873538,0.10668644,-0.19958805
290,2010.2024,2040.2198,-30.017402,-0.47974758,-1.6511914
291,1473.2047,1421.6902,51.514466,0.80111594,0.049487331
292,710.47529,681.81882,28.656475,0.4597233,-0.69644561
293,305.54353,294.90123,10.642302,0.17060265,-1.1687205
294,614.4,614.93863,-0.53863238,-0.0085349958,1.0076369
295,811.06824,751.99065,59.077587,0.94609138,-0.83819986
296,904.73412,861.51257,43.221552,0.67102309,-2.2634762
297,3316.7059,3353.4354,-36.729536,-0.53047075,-1.101938
298,3766.9647,3842.8428,-75.878076,-1.1965601,-0.26728321
299,1692.7624,1731.7031,-38.940745,-0.58667707,-1.4738894
300,53.609412,-63.438925,117.04834,1.8039274,0.85510568
301,-153.14824,-241.78609,88.637855,1.4249497,-0.37307406
302,844.8,804.20807,40.591935,0.64972416,0.14770668
303,1290.9929,1390.8685,-99.875557,-1.6128287,-1.6401072
304,1352.8847,1351.3688,1.5159157,0.023123049,-1.9436305
305,1660.3859,1704.7715,-44.385596,-0.62468999,0.28281071
306,1587.5012,1429.6201,157.88107,2.4919471,0.37783282
307,785.92,732.24079,53.679205,0.88503936,0.88317373
308,260.51765,207.07423,53.443421,0.84378515,0.21653143
309,140.04706,253.15722,-113.11016,-1.7882021,-0.87031825
310,490.76706,412.35301,78.414049,1.270342,-0.42533942
311,495.43529,411.90415,83.531144,1.342649,1.0458872
312,1329.0918,1216.4115,112.68031,1.4960678,-0.34976552
313,3330.1082,3448.5938,-118.48557,-1.7897889,-0.71161072
314,3179.0682,3244.6616,-65.593366,-0.96999375,-0.4463499
315,666.80471,633.34191,33.462801,0.50902993,-2.1767961
316,-435.80235,-563.61894,127.81658,2.0452463,0.52450452
317,-98.032941,-139.29632,41.263377,0.63573747,-0.92732142
318,845.25176,855.37814,-10.126377,-0.16554385,-0.90878336
319,999.00235,1006.6441,-7.6417149,-0.12284631,0.99932227
320,1368.6965,1301.8445,66.851935,0.94858544,0.12251627
321,1510.5506,1458.6464,51.904183,0.80112711,-1.0997322
322,947.80235,930.03857,17.763779,0.28220075,0.16113617
323,350.41882,339.18878,11.230045,0.1779584,-0.49166278
324,-96.225882,-93.063705,-3.1621769,-0.051077976,-2.2182138
325,126.94588,-10.024547,136.97043,2.1829475,-0.64634315
326,283.25647,206.92461,76.331865,1.2268998,-0.044332858
327,287.02118,246.72355,40.297623,0.63857128,0.35758203
328,1976.32,2119.3688,-143.04879,-1.9142071,-0.3834436
329,3061.0071,3041.4775,19.52956,0.31114924,-0.10554944
330,1712.3388,1729.758,-17.419213,-0.2619553,1.8170654
331,-175.73647,-275.89947,100.163,1.5446471,0.42498841
332,-649.93882,-761.41672,111.47789,1.7933495,0.26847286
333,182.06118,62.990064,119.07111,1.8782537,0.032668953
334,677.94824,821.86324,-143.915,-2.304605,-1.0607539
335,759.86824,755.28229,4.5859442,0.070452787,-0.20786619
336,976.41412,899.96493,76.449185,1.0556362,2.4445754
337,1097.1859,1004.2501,92.935736,1.447228,-1.185677
338,379.63294,421.47984,-41.846895,-0.67194959,-1.3164759
339,-137.03529,-183.58387,46.548575,0.74499199,1.0710379
340,-253.74118,-371.80596,118.06478,1.892465,-1.8633668
341,-65.957647,-136.75278,70.795129,1.1326643,0.38749162
342,121.07294,48.476914,72.596027,1.1533138,-1.6210578
343,254.04235,195.85272,58.189635,0.88330559,-2.2377274
344,2529.5812,2651.5675,-121.98633,-1.7620577,1.1545394
345,2910.8706,2925.0731,-14.202468,-0.21965829,0.048342732
346,757.60941,738.67446,18.934952,0.27632337,-0.94966251
347,-795.10588,-834.58095,39.475064,0.62351481,0.091065657
348,-738.03294,-815.57919,77.546252,1.2200775,-1.0073167
349,270.30588,226.52484,43.781043,0.70273782,-2.1938625
350,671.77412,586.95967,84.814445,1.3425226,-0.076240236
351,467.87765,480.43016,-12.552511,-0.18736382,-1.782443
352,1281.8071,1174.6674,107.13961,1.5520858,-2.1048452
353,595.57647,692.59147,-97.014996,-1.5198253,-0.70739915
354,-7.8305882,0.89772063,-8.7283089,-0.13933436,-0.17312945
355,-395.44471,-495.54179,100.09708,1.6197822,0.41983294
356,-288.97882,-510.5038,221.52498,3.4670172,0.13944581
357,-142.30588,-160.99123,18.685351,0.30211921,-0.61785708
358,-4.2164706,-55.359439,51.142968,0.82900046,-0.046387213
359,821.00706,893.98013,-72.97307,-0.95989069,-0.080782369
360,2393.9012,2406.3402,-12.438975,-0.19235473,-0.95048943
361,1699.9906,1726.4664,-26.475806,-0.39648888,1.1994041
362,-256.90353,-379.58621,122.68268,1.8778185,0.45317476
363,-1134.9835,-1175.8644,40.880877,0.64246951,-1.3613768
364,-536.99765,-583.51841,46.520763,0.7276921,-0.1408061
365,310.06118,310.01286,0.048318493,0.00077330437,-1.5693767
366,359.45412,233.40736,126.04675,1.9716761,-0.57980038
367,689.69412,638.87785,50.816268,0.70891063,0.37680606
368,456.58353,472.20105,-15.617523,-0.2450755,-1.0598325
369,76.197647,99.94623,-23.748583,-0.3720286,0.16837305
370,-479.92471,-595.3384,115.41369,1.8666163,-1.542846
371,-678.70118,-788.34833,109.64716,1.7818048,-2.0641328
372,-527.96235,-537.88428,9.9219253,0.15970355,-0.81773
373,-316.53647,-371.95558,55.419111,0.89927654,-0.51710398
374,-391.52941,-472.79953,81.270121,1.2822047,-0.31598601
375,1554.8235,1498.595,56.228556,0.77445781,-1.7634243
376,2182.4753,2222.457,-39.981749,-0.63313845,-0.08742364
377,724.17882,686.9059,37.272921,0.5645893,-1.3919942
378,-1038.3059,-1007.9906,-30.315234,-0.48461888,0.24639541
379,-1331.8024,-1374.111,42.308693,0.68526406,1.192425
380,-462.90824,-504.81823,41.91,0.65910964,-0.23928421
381,284.61176,25.585038,259.02673,4.1615601,-1.145915
382,81.769412,32.168323,49.601089,0.784295,-0.32879469
383,438.36235,481.92636,-43.564006,-0.59753679,1.1805758
384,300.72471,393.35126,-92.626551,-1.4676704,-0.7436621
385,-286.72,-363.27762,76.557615,1.2275004,-0.92138734
386,-943.58588,-1051.2309,107.64498,1.7071493,0.75886001
387,-849.76941,-989.13852,139.3691,2.2101288,-1.4939123
388,-642.86118,-687.35476,44.493587,0.70517842,-1.0235951
389,-540.76235,-607.90649,67.144134,1.0723956,-0.47990915
390,164.29176,74.061952,90.229813,1.2024635,-0.09002761
391,1595.6329,1553.5056,42.127389,0.62893688,-0.35556658
392,1660.0847,1716.5915,-56.506761,-0.88124505,-0.60016812
393,-454.62588,-448.26184,-6.3640472,-0.098450314,-1.0556809
394,-1433.4494,-1500.8393,67.389864,1.0729362,1.8149548
395,-1258.9176,-1386.0807,127.16301,1.9931106,0.71080215
396,-253.59059,-362.52951,108.93893,1.7564374,-1.6504969
397,-170.76706,-187.47399,16.706933,0.26346365,0.7565411
398,-61.891765,-70.022209,8.1304445,0.11819763,-1.3078099
399,381.13882,337.99182,43.147006,0.64174146,-1.6830773
400,-160.52706,-272.15897,111.63191,1.7327655,0.43953469
401,-765.44,-831.88778,66.447785,1.0484598,-1.160501
402,-1114.9553,-1189.7791,74.823782,1.1918408,-0.051754464
403,-1089.5059,-1043.0018,-46.504129,-0.73704335,-0.58507064
404,-830.49412,-869.59205,39.097934,0.6275507,-0.080702708
405,-797.51529,-908.79252,111.27722,1.7865603,-0.59658243
406,729.6,564.21742,165.38258,2.1934404,-0.11104964
407,2119.3788,2160.0655,-40.686635,-0.63980534,-1.0679019
408,1064.96,1124.6943,-59.734331,-0.88533789,-1.0310805
409,-1135.7365,-1126.4898,-9.2466985,-0.14509435,-1.1514025
410,-1706.6165,-1824.9164,118.29995,1.9263888,-1.8685387
411,-1132.8753,-1212.671,79.795659,1.2545264,2.1564371
412,-209.76941,-319.43892,109.66951,1.781025,-1.0005865
413,-268.64941,-272.75745,4.10804,0.063481044,-0.24659679
414,259.16235,220.09117,39.071178,0.53949597,-0.79407599
415,103.30353,95.607247,7.6962822,0.11984232,-0.39666664
416,-359.30353,-445.86791,86.564384,1.3538004,0.46416435
417,-1042.2212,-1069.3349,27.113715,0.4316375,-0.46341479
418,-1297.92,-1364.5354,66.615359,1.086063,-0.68341057
419,-1027.3129,-1075.0205,47.707515,0.74820545,0.078561114
420,-833.20471,-928.84161,95.636907,1.5136215,0.50602588
421,-764.38588,-817.52425,53.138372,0.82478359,-1.7815494
422,1209.0729,1168.6826,40.390299,0.57774678,-0.45949082
423,1481.6376,1562.3331,-80.695491,-1.2872003,-0.15361231
424,-262.02353,-193.15956,-68.863974,-1.0383507,-1.6780094
425,-1441.7318,-1625.7721,184.0403,2.9209293,-0.20901624
426,-1651.8024,-1828.3577,176.55533,2.8521255,-1.4114924
427,-845.55294,-874.08065,28.527713,0.45741169,-0.69663709
428,-529.31765,-440.78083,-88.536817,-1.3933529,-0.25573444
429,-374.51294,-476.09117,101.57823,1.5765517,-1.8329526
430,-78.155294,-110.41964,32.264344,0.44938088,0.58594786
431,-170.46588,-332.00701,161.54113,2.547483,-0.26677353
432,-924.91294,-972.23144,47.318502,0.76480033,-0.12279093
433,-1316.5929,-1408.3741,91.781109,1.4527748,-0.64944654
434,-1435.2565,-1368.5751,-66.681368,-1.0608197,0.55319543
435,-1098.6918,-1197.2601,98.568317,1.5741148,-1.1154384
436,-1132.7247,-1208.7808,76.056124,1.2123212,1.6074957
437,-317.13882,-454.54588,137.40706,1.8819024,-0.63510958
438,1172.48,1229.8773,-57.397265,-0.87024307,-2.2276135
439,978.52235,1070.9807,-92.45836,-1.3768561,0.43769822
440,-1029.5718,-1032.3787,2.8069612,0.043843836,-1.9901068
441,-1876.0282,-2039.6213,163.59304,2.6116691,0.56353452
442,-1556.3294,-1646.8685,90.539086,1.4330919,-1.7680328
443,-838.32471,-854.48042,16.155715,0.25755037,-0.64840503
444,-720.41412,-739.42256,19.008442,0.30279285,-0.40337693
445,-342.73882,-449.4588,106.71997,1.5021616,0.30967586
446,-232.35765,-270.06429,37.706643,0.58655961,-2.1393313
447,-755.95294,-741.06838,-14.88456,-0.23397842,-0.54055205
448,-1189.4965,-1311.4202,121.92375,1.9407608,-1.4835968
449,-1608.5835,-1671.2566,62.673046,1.0239341,-0.52869341
450,-1428.48,-1531.0625,102.58254,1.619628,-0.046636567
451,-1220.2165,-1317.7043,97.487796,1.5820922,-0.39776874
452,-1238.8894,-1348.0771,109.18774,1.7502486,0.080335268
453,212.63059,342.03156,-129.40097,-1.7488957,-0.34952555
454,1028.8188,1056.6172,-27.798359,-0.43549067,0.30008649
455,-96.677647,-119.99532,23.317677,0.35269205,0.99104199
456,-1633.28,-1849.4541,216.17412,3.4393907,-0.66545282
457,-2049.9576,-2124.4559,74.498227,1.2176136,0.28749194
458,-1302.7388,-1404.6335,101.89472,1.595943,-0.16563284
459,-910.60706,-863.15839,-47.448672,-0.76876464,-0.15630924
460,-875.52,-952.63121,77.11121,1.1914908,-1.0307156
461,-613.19529,-678.6768,65.481503,0.90501543,1.344561
462,-494.98353,-588.30625,93.322724,1.4529354,0.63348106
463,-1120.9788,-1196.3624,75.383538,1.1983344,-1.5455018
464,-1605.5718,-1696.5424,90.970608,1.4449554,0.48362556
465,-1716.5553,-1741.4284,24.87311,0.39347179,-1.3924545
466,-1470.0424,-1597.3442,127.30189,2.0116247,0.90487562
467,-1338.2776,-1472.5611,134.28343,2.1148385,-0.083338035
468,-1165.8541,-1272.8182,106.96412,1.6021536,-1.0427057
469,546.03294,666.25833,-120.22539,-1.6740537,0.85735152
470,854.88941,858.96902,-4.0796122,-0.063900377,-0.32784329
471,-918.43765,-980.46055,62.022902,0.9521344,-1.0866102
472,-2147.5388,-2201.8095,54.270645,0.85983688,0.69531578
473,-2082.0329,-2132.685,50.652038,0.79422687,-0.072611041
474,-1154.2588,-1302.1438,147.88495,2.4226279,-2.6495993
475,-934.85176,-1054.6721,119.82036,1.8976579,0.063048477
476,-1145.2235,-1166.8872,21.663671,0.32175433,-1.2661361
477,-308.55529,-387.21683,78.661538,1.1599384,-0.94252241
478,-954.12706,-920.01403,-34.113032,-0.53486596,-0.51385813
479,-1527.4165,-1564.4278,37.011349,0.59693739,-1.0476292
480,-1872.2635,-1926.6581,54.394565,0.87753102,2.2567629
481,-1647.1341,-1878.0316,230.89744,3.6326991,0.52294616
482,-1540.2165,-1636.2455,96.029,1.5419257,-0.71144995
483,-1467.7835,-1531.2122,63.428627,1.0247172,-0.056023959
484,-808.96,-697.37931,-111.58069,-1.5208047,-0.34523505
485,438.96471,384.52367,54.441036,0.83884914,0.01417519
486,-253.89176,-274.55289,20.661128,0.31742542,1.5124364
487,-1729.5059,-1855.8878,126.3819,1.9561977,-0.63997386
488,-2352.7906,-2414.1204,61.329809,0.98180487,-1.2012849
489,-1809.7694,-1934.8872,125.11779,1.9964067,0.5147527
490,-1280,-1294.2139,14.21391,0.22941549,-0.35653876
491,-1270.3624,-1379.647,109.28464,1.7240645,-0.26881093
492,-822.06118,-920.46289,98.401711,1.3610659,-0.23866684
493,-1080.1694,-1121.5523,41.382897,0.65634203,0.063920892
494,-1406.4941,-1404.0351,-2.4590504,-0.038446758,1.2037136
495,-1941.6847,-2020.9188,79.234055,1.2754298,-0.31704565
496,-2046.3435,-2143.6072,97.263718,1.5762848,-2.1946255
497,-1912.1694,-1964.8112,52.64181,0.84177809,-0.014065492
498,-1707.9718,-1822.0736,114.10188,1.8513918,1.5538794
499,-1798.4753,-1859.0298,60.554513,0.95304548,-1.294926
500,-201.78824,-304.92577,103.13754,1.4310133,-1.2884566
501,160.97882,172.36236,-11.383538,-0.18155281,-0.40911015
502,-1094.0235,-1108.0865,14.06297,0.21813346,-0.81701714
503,-2379.8965,-2325.5453,-54.351175,-0.85495435,0.6847799
504,-2510.0047,-2610.422,100.41727,1.6352761,0.6545927
505,-1802.24,-1944.6125,142.37251,2.221013,-0.42174864
506,-1354.9929,-1533.4565,178.46352,2.7864773,-1.1133794
507,-1453.4776,-1489.6178,36.14012,0.56129584,-1.5200354
508,-1056.0753,-1113.024,56.948668,0.78501522,-0.97135501
509,-1208.9224,-1202.4968,-6.4255674,-0.10112438,-0.73490322
510,-1816.3953,-1846.1625,29.767184,0.47271099,-1.236242
511,-2329.9012,-2395.4179,65.516708,1.0311869,1.205177
512,-2163.8024,-2346.941,183.13862,2.9290314,-1.4558739
513,-1968.0376,-2086.7516,118.71396,1.8903102,-1.179949
514,-1938.3718,-1958.976,20.604273,0.32120649,0.087311336
515,-1211.1812,-1360.1964,149.0152,2.034094,0.062880462
516,-493.02588,-537.13618,44.110295,0.63943474,0.21408505
517,-408.24471,-368.96318,-39.281526,-0.62124946,-0.70679287
518,-1896.96,-1995.1841,98.224103,1.5715759,0.1601984
519,-2664.96,-2685.8305,20.870508,0.33164992,1.2428723
520,-2508.9506,-2617.0053,108.05467,1.7236963,-1.0456131
521,-1757.5153,-1878.4804,120.96513,1.9467171,-0.83262991
522,-1723.6329,-1780.9281,57.295171,0.9067731,-0.20217669
523,-1608.1318,-1655.0976,46.965839,0.69428437,-0.52118067
524,-1123.84,-1216.2618,92.421835,1.3807796,-1.6298105
525,-1670.3247,-1802.7726,132.44794,2.0791958,0.26059531
526,-2204.6118,-2259.7124,55.100684,0.87557016,-0.06722803
527,-2458.9553,-2538.3051,79.349791,1.2996984,0.09852845
528,-2365.1388,-2427.4366,62.297763,1.0044848,-1.8345552
529,-2193.92,-2257.1689,63.248907,1.0061191,0.65909154
530,-2194.5224,-2225.4494,30.927092,0.49591721,-0.26537706
531,-863.02118,-1045.9942,182.97298,2.4824211,-0.10735694
532,101.79765,93.213326,8.5843215,0.13940609,0.038311503
533,-797.96706,-776.52835,-21.438713,-0.33189393,0.93778598
534,-2546.7482,-2473.37,-73.378276,-1.1648948,0.48275208
535,-2883.3129,-3011.4039,128.09092,2.0610694,-1.0997844
536,-2416.3388,-2541.896,125.55714,1.9890263,1.3674117
537,-1677.5529,-1811.7499,134.19691,2.1769019,0.3540792
538,-1797.8729,-1825.066,27.193102,0.41949694,-0.24242208
539,-1297.92,-1338.5015,40.581461,0.56198702,0.19265
540,-1405.2894,-1402.5389,-2.7505456,-0.042739939,-0.92771547
541,-1769.1106,-1920.3741,151.26346,2.3991849,-0.7699647
542,-2383.0588,-2467.5348,84.475951,1.3346685,-0.27571659
543,-2597.1953,-2651.2683,54.07297,0.87424499,-0.73388955
544,-2323.5765,-2338.8615,15.285014,0.24279223,0.4277389
545,-2170.1271,-2268.9889,98.861837,1.577139,0.72685677
546,-2071.04,-2164.5541,93.514062,1.4614959,-1.3329251
547,-674.33412,-716.38106,42.046946,0.59115934,-0.54899851
548,-461.25176,-445.26943,-15.982332,-0.25112774,0.41548131
549,-1831.3035,-1841.9731,10.669586,0.16395754,-1.4494825
550,-2632.1318,-2790.2653,158.13358,2.521577,-0.32291379
551,-2805.1576,-2913.5523,108.39466,1.7287616,-0.28821249
552,-2202.0518,-2292.3296,90.277867,1.4508317,-0.15104764
553,-2054.7765,-1968.2525,-86.523987,-1.3777396,-0.64292597
554,-1836.8753,-1910.4991,73.623829,1.131747,-0.44600521
555,-1487.36,-1558.8919,71.531876,0.99047856,1.3476097
556,-1568.6776,-1770.4547,201.77706,3.1957284,-0.25206203
557,-2265.9012,-2332.1286,66.227403,1.086299,-0.97712617
558,-2613.0071,-2688.0748,75.067751,1.2166917,0.17783549
559,-2653.5153,-2630.6207,-22.894604,-0.36248081,-0.82366863
560,-2360.0188,-2455.8644,95.845583,1.5554537,-0.51111483
561,-2377.9388,-2510.775,132.83616,2.101712,1.6373593
562,-1386.4659,-1516.3998,129.93388,1.7024054,-0.42670269
563,1856.1506,2608.7762,-752.62557,-10.415842,-1.8070045
564,1844.5553,2652.3156,-807.76031,-10.794644,0.83824207
565,-1478.4753,-1309.0263,-169.44899,-2.4146123,-2.2503202
566,-3230.2682,-3416.5751,186.30687,2.9717656,0.77274202
567,-2728.8094,-2864.7762,135.96674,2.1344301,-0.22597117
568,-1326.08,-1181.6996,-144.38041,-2.275412,-0.52550006
569,-934.4,-607.90649,-326.49351,-5.1710048,0.096639573
570,-511.69882,-278.89188,-232.80695,-3.2712419,0.40030211
571,-349.66588,-104.28521,-245.38067,-3.8324759,-0.77683736
572,-883.80235,-647.55582,-236.24654,-3.6554424,0.44395926
573,-1620.1788,-1429.0216,-191.1572,-3.0164561,0.39814305
574,-2148.2918,-2047.4015,-100.89025,-1.5964442,-1.4391252
575,-1902.2306,-1927.2566,25.025987,0.3986382,0.28430052
576,-1632.5271,-1518.7937,-113.73337,-1.8726534,0.11360112
577,-1669.4212,-1500.2408,-169.18038,-2.6908396,-1.5831389
578,3542.5882,5226.2303,-1683.642,-10.472676,-8.6268742
579,7166.1929,9899.1654,-2732.9725,-22.081104,-1.6792026
580,3987.8776,5928.0982,-1940.2205,-15.476061,-2.8909098
581,-1736.7341,-1673.6505,-63.083621,-0.8440899,-3.5094136
582,-3095.7929,-3337.8749,242.08199,3.8593855,-0.061519214
583,-881.24235,-522.17417,-359.06819,-4.763444,-1.2302357
584,1307.1059,2576.7575,-1269.6516,-16.474098,0.29640521
585,1550.3059,2721.2905,-1170.9846,-14.941538,-1.6995834
586,1755.1059,2918.0409,-1162.935,-13.711606,1.3991455
587,2008.9976,3116.7364,-1107.7388,-14.073657,0.69740677
588,917.98588,1956.7317,-1038.7459,-13.559719,-2.211397
589,-363.06824,364.17534,-727.24357,-10.344059,-0.53135738
590,-804.14118,-178.04793,-626.09325,-9.5643976,-0.85480255
591,-204.95059,394.09936,-599.04995,-8.6951491,0.8911258
592,123.18118,936.62186,-813.44068,-11.486936,-0.13686172
593,413.51529,1243.0438,-829.52854,-10.721583,-2.238031
594,6451.2,10726.864,-4275.6638,-23.745408,1.0537449
595,8182.8141,13077.994,-4895.18,-26.642303,4.3032063
596,3310.9835,5853.8866,-2542.9031,-18.500241,-3.6540767
597,-1295.5106,-870.48977,-425.02082,-6.1652673,-2.6205202
598,-1505.4306,-1274.1648,-231.26577,-3.389119,-2.2900868
599,1066.0141,2647.2285,-1581.2144,-17.702786,-0.64637421
600,2620.9882,4950.0316,-2329.0433,-22.784991,3.3206087
601,2347.52,4612.9375,-2265.4175,-21.740192,3.9892287
602,3119.2847,5288.0234,-2168.7387,-20.981191,2.9056139
603,2411.6706,4822.1064,-2410.4358,-24.063449,1.3740211
604,1391.5859,3304.5096,-1912.9238,-20.97349,1.2707741
605,275.72706,1621.8819,-1346.1549,-16.886677,1.4174627
606,303.73647,1459.6937,-1155.9573,-14.803025,0.37960912
607,700.83765,2295.4717,-1594.634,-19.718005,1.1368937
608,1011.5012,2565.8352,-1554.334,-18.874123,4.3367077
609,7995.0306,9414.6955,-1419.6649,-5.0455832,0.3987481
610,24153.299,25784.332,-1631.0331,-15.925653,2.1500043
611,20957.064,22736.421,-1779.3573,-9.9561257,2.188097
612,3991.9435,5345.6271,-1353.6836,-8.1962374,1.0222674
613,-2653.6659,-1422.7376,-1230.9283,-15.745803,-0.7349433
614,844.04706,1955.6844,-1111.6373,-10.246092,1.1146226
615,8404.0282,9632.3928,-1228.3645,-13.183917,0.70514474
616,10063.661,11248.29,-1184.6287,-15.237539,1.2437704
617,10053.421,11243.951,-1190.5297,-13.927428,1.8678592
618,10005.082,11204.9,-1199.8177,-15.602627,1.3618529
619,8979.8776,10142.747,-1162.8693,-14.803288,1.6517557
620,5836.1976,6866.6651,-1030.4675,-12.82085,0.71265645
621,3896.7718,4813.1292,-916.3574,-13.209729,-0.22353859
622,4629.3835,5528.014,-898.6305,-12.496042,1.7917458
623,5946.5788,6857.9871,-911.40832,-12.93976,0.00411033
624,5842.6729,6729.7627,-887.08977,-12.584263,0.10870036
625,19771.784,20617.351,-845.56773,-3.5928403,0.49355015
626,26767.059,27739.268,-972.20944,-11.592675,1.3165076
627,17448.358,18454.593,-1006.235,-5.4365218,0.61021318
628,3930.3529,4821.6575,-891.30457,-9.121055,0.35457113
629,1376.5271,2048.2992,-671.77218,-9.4248307,1.2213716
630,7201.5812,7852.3624,-650.78118,-6.172818,1.0957838
631,12498.372,13086.971,-588.5996,-8.1764508,0.40315854
632,12309.835,12987.624,-677.78832,-9.5915655,-0.19303266
633,12331.52,13027.722,-696.2018,-8.9472364,-0.10471573
634,12305.468,13056.449,-750.98063,-10.895951,1.6058382
635,10262.287,10885.012,-622.72521,-8.4644164,-0.79656324
636,7036.3859,7604.7411,-568.3552,-8.0820417,0.61793194
637,6307.3882,6726.3214,-418.93321,-6.3587347,-0.020462432
638,7406.5318,7936,-529.46824,-7.8985965,-1.560097
639,8028.7624,8558.1204,-529.35804,-8.1135978,0.28221783
640,10403.087,10672.701,-269.61429,-1.5411925,1.1714055
641,29208.847,29211.38,-2.5334204,-0.027182148,-0.44339001
642,29887.247,29956.339,-69.091924,-0.68542672,0.58137458
643,13645.252,14006.088,-360.8359,-1.9106653,1.6874279
644,3454.0424,3955.9556,-501.91323,-6.7489936,1.2924406
645,4416.9035,4685.9521,-269.04855,-3.0446415,-0.61640223
646,12360.885,12485.349,-124.46421,-1.2875929,-0.037995187
647,15405.176,15506.029,-100.85275,-1.5732737,-0.27776519
648,14774.814,14910.99,-136.17595,-1.9682106,0.47340438
649,15262.72,15304.641,-41.920561,-0.6084148,-1.8504022
650,14302.118,14311.163,-9.0454155,-0.13577218,0.031782694
651,11152.264,11308.587,-156.32326,-2.1013743,0.71544288
652,8289.1294,8408.7995,-119.67012,-1.8514112,-1.0157712
653,8344.0941,8506.3518,-162.25772,-2.5377135,-0.54254293
654,9721.0729,9772.5868,-51.51385,-0.8075534,0.36812926
655,9758.2682,9814.0316,-55.763325,-0.86296774,-0.88546077
656,18128.866,17969.225,159.64087,0.6305922,1.3454293
657,29673.261,29809.711,-136.4501,-1.925879,0.068620701
658,24821.007,25009.15,-188.14315,-1.1671346,0.078237006
659,9497.2988,9704.8089,-207.51006,-1.6591702,-0.060994031
660,4616.5835,4542.616,73.967515,1.1267372,-0.4139935
661,8243.5012,8150.7049,92.796326,0.9743211,0.50577979
662,14557.064,14490.707,66.356341,0.93280476,-1.4571088
663,15066.052,15186.441,-120.38891,-1.7926912,0.18572048
664,15038.344,15084.101,-45.756997,-0.62528383,-0.15905191
665,14915.765,14915.179,0.58527865,0.0088181978,-0.6803497
666,13430.965,13402.52,28.444542,0.40891668,0.0039263859
667,10226.748,10265.136,-38.387942,-0.5459079,0.37685012
668,8418.0329,8380.5213,37.511609,0.59889849,0.38998607
669,9202.4471,9166.4757,35.971314,0.55809042,1.0332397
670,9969.0918,9940.6102,28.481595,0.44859573,0.027774461
671,9874.5224,9843.6563,30.866012,0.45860931,-2.5414482
672,27459.313,27384.22,75.093187,0.38137894,-0.533014
673,31951.059,31963.343,-12.284251,-0.33513438,-0.90624002
674,20275.351,20494.962,-219.61142,-1.0714521,0.11567057
675,6540.1976,6439.4997,100.69794,1.1576698,-0.5784633
676,4788.8565,4636.8767,151.97979,2.052888,-1.6634354
677,11811.238,11646.579,164.65904,1.5578987,1.2984159
678,16625.544,16696.407,-70.86325,-1.0895238,-0.45269659
679,16357.346,16306.048,51.297957,0.76583754,-1.1177678
680,16401.016,16317.569,83.447797,1.1520075,1.4192154
681,16126.795,15947.558,179.23714,2.7743478,0.67323939
682,13391.059,13377.234,13.824458,0.19152566,0.53529338
683,9952.2259,9907.3945,44.831376,0.64041698,-0.090441631
684,9173.0824,9132.512,40.570372,0.6321512,-0.94307945
685,10473.111,10335.158,137.9522,2.1785755,-1.9691323
686,10867.351,10744.519,122.83159,1.910316,1.380055
687,14682.504,14241.889,440.61458,2.212197,1.5036664
688,29555.652,29642.436,-86.784238,-1.1068973,-0.092349796
689,28528.038,28839.724,-311.68649,-2.5338628,1.2558976
690,13496.471,13624.556,-128.08581,-0.79670457,-1.0255889
691,5728.2259,5446.0222,282.20367,3.9865572,0.0052352937
692,7371.4447,7151.0929,220.35178,2.5224656,0.14150994
693,13996.122,13997.26,-1.1377289,-0.01382856,-0.48201936
694,15813.12,15897.884,-84.764278,-1.2986853,1.5768256
695,15573.233,15403.988,169.24463,2.3925123,-0.17604256
696,15519.925,15489.421,30.503315,0.46748785,-0.48127003
697,14402.259,14451.507,-49.247898,-0.72182286,-0.3063552
698,11523.162,11445.938,77.224305,1.0701517,-0.33636313
699,9035.8965,8905.5383,130.35819,1.9931125,-1.5263214
700,9272.1694,9138.3472,133.82225,2.0964132,0.24009408
701,10262.889,10159.953,102.93617,1.6297267,-1.0928933
702,10033.092,9921.758,111.33373,1.7110354,-1.064127
703,22381.176,22194.946,186.23082,0.63013184,0.88014018
704,31561.939,31417.08,144.85875,2.8772646,-3.009677
705,24532.179,24480.243,51.935691,0.27775529,1.7348605
706,8710.9271,8448,262.92706,2.2719862,0.96333088
707,4541.5906,4433.9918,107.59877,1.6605826,-1.7959017
708,9847.4165,9635.3852,212.03132,2.0169529,2.2323233
709,15914.918,15819.184,95.733544,1.3690924,0.38334163
710,16223.624,15969.552,254.07122,3.8745378,-0.20876843
711,15894.889,15712.206,182.68368,2.4921503,1.8316252
712,16049.995,15753.65,296.3448,4.5325729,0.74916277
713,13905.92,13716.124,189.7961,2.6717173,-0.49206596
714,10462.419,10243.142,219.2768,3.0488368,0.58112249
715,8898.2588,8716.5681,181.69073,2.8356935,-0.79195755
716,9912.6212,9610.0994,302.52182,4.589212,0.74782931
717,10621.892,10371.067,250.82455,3.8979537,-1.2286918
718,10918.4,10669.559,248.84068,2.8133015,-0.98288286
719,26773.384,26942.392,-169.00805,-1.4059374,0.17880626
720,29533.515,29673.707,-140.19131,-1.7590153,1.1350385
721,16871.755,16864.58,7.1755162,0.040743243,0.17657494
722,6218.24,5994.5295,223.71049,2.839197,0.29671552
723,5751.4165,5462.3308,289.08567,3.8197105,1.1072567
724,12005.346,11799.041,206.30439,2.2419237,-0.56018987
725,15342.231,15191.079,151.15169,2.384536,-2.1395392
726,14489.148,14447.467,41.681257,0.60983202,0.36473951
727,15067.407,14904.556,162.85066,2.37498,-0.44793546
728,14097.769,14085.386,12.383088,0.18554309,0.19119649
729,11600.264,11504.29,95.97364,1.3568462,-1.1628867
730,8785.7694,8633.8282,151.94124,2.2792809,1.8616428
731,8509.8918,8169.557,340.33478,5.2511782,-0.3128737
732,9409.9576,9217.3466,192.61107,3.018613,1.3527017
733,9572.5929,9419.633,152.95998,2.3926351,-0.44170867
734,15820.198,15569.618,250.57988,0.94895034,-0.27553926
735,31242.692,31133.55,109.14179,1.9809363,-0.86678937
736,28185.299,28196.956,-11.657342,-0.079074986,0.76016176
737,11251.2,11079.219,171.98083,1.0431283,0.99005848
738,3973.5718,3778.3565,195.21525,2.9231063,-0.42537808
739,7053.5529,6791.4062,262.14675,2.6609901,1.2160048
740,14471.831,14269.718,202.11229,2.4778993,0.36291085
741,15910.249,15680.486,229.76315,3.4962673,0.91425836
742,15645.816,15422.242,223.57451,3.0129338,-1.3594559
743,15365.572,15182.85,182.72197,2.8281025,-1.4923945
744,14059.671,13950.728,108.94236,1.5562199,0.6200664
745,10631.228,10410.567,220.66132,2.9451279,0.34700646
746,8364.2729,8099.3852,264.88779,4.1697676,-1.0722762
747,8888.9224,8620.6616,268.26075,4.1115717,0.012254655
748,9927.5294,9719.9205,207.6089,3.2216902,-0.33636786
749,9592.0188,9407.0649,184.95395,2.8448193,-0.95877722
750,23052.649,22603.409,449.24088,1.9253236,1.0897469
751,30044.612,29626.277,418.33473,5.8885565,-2.6836
752,20824.998,20637.251,187.74692,1.033534,1.235247
753,7071.9247,6934.8919,137.03283,1.4008699,0.74544008
754,4256.9788,3968.0748,288.90401,4.3146848,1.8499862
755,9696.5271,9361.2811,335.24594,3.3504416,0.16144874
756,14757.948,14360.987,396.96168,5.8832545,-0.50707832
757,14540.649,14199.995,340.65409,5.2008111,-1.4460856
758,14476.198,14120.248,355.94984,4.7832214,0.82799678
759,14164.179,13981.999,182.17999,2.7829105,0.82616257
760,11999.925,11708.222,291.70261,4.117641,-0.30461553
761,8679.0024,8358.2279,320.77442,4.6363888,0.73139921
762,7762.6729,7366.9947,395.6782,6.2541633,-0.061445661
763,8609.1294,8319.0275,290.10194,4.4135315,0.67607154
764,9083.1812,8796.9141,286.26709,4.4492653,-0.12108082
765,11166.72,10668.063,498.65688,3.0101006,0.9005587
766,28945.92,28627.563,318.35717,3.3607215,-1.6224995
767,29547.671,29469.326,78.345048,0.75544154,0.12549022
768,13898.391,13730.188,168.20239,0.91855094,0.42153407
769,4070.2494,3818.7539,251.49547,3.4102703,0.52372265
770,4826.3529,4408.4068,417.94616,4.932696,-0.031092822
771,12182.136,11774.953,407.18381,4.388375,-0.87405553
772,14873.751,14570.455,303.29588,4.6486784,-0.028150259
773,14245.195,13995.315,249.88027,3.6164055,1.2789483
774,14602.993,14300.091,302.90177,4.3395958,-1.7158504
775,13541.496,13192.603,348.89331,5.1752596,-0.16961979
776,10435.313,10188.082,247.23112,3.262962,-1.2016741
777,7646.4188,7308.6429,337.77592,5.1747702,-0.64815546
778,7545.6753,7296.6733,249.002,3.9030392,-1.3925283
779,8719.9624,8414.3355,305.62688,4.7892535,0.14993892
780,8665.4494,8388.0023,277.44707,4.203403,0.68718517
781,16648.132,16061.419,586.71271,2.3899616,1.2261575
782,27738.805,27830.537,-91.731822,-1.1781414,-0.51777278
783,22876.762,23100.596,-223.83379,-1.3866721,-0.60245084
784,8135.3788,8026.969,108.4098,0.86703119,-0.53763571
785,3298.1835,2867.7686,430.41497,6.3372468,-0.49270824
786,6660.2165,6323.8434,336.3731,3.5213468,0.48729798
787,12603.934,12355.628,248.30583,3.4800209,-0.42594842
788,13127.831,12948.872,178.95858,2.6877599,-1.3241621
789,12986.729,12846.083,140.64642,1.8866839,-0.41006594
790,12712.508,12650.679,61.8291,0.94182352,-0.61544822
791,11272.734,11064.257,208.47696,3.0014456,-0.32762168
792,8137.6376,7954.5529,183.08475,2.6239455,-0.50686835
793,6290.5224,6085.9474,204.57495,3.2702729,-1.4438481
794,6986.8424,6771.3571,215.48525,3.3925097,1.0863936
795,7659.52,7384.5003,275.01971,4.2892233,-0.69003218
796,7466.7671,7262.2607,204.50639,3.1255322,-1.8010866
797,24797.967,24603.231,194.7362,0.91874049,0.48215226
798,30398.946,30227.151,171.79451,2.5319598,-2.4916832
799,17953.431,17800.454,152.97705,0.7530097,0.48746679
800,4130.4847,3885.6341,244.85057,2.7868445,-0.041122614
801,2259.2753,1976.1823,283.09294,3.9112542,-0.4474132
802,9011.5012,8675.4226,336.07862,3.307306,2.1492392
803,13808.64,13628.895,179.74462,2.7507942,-0.40075773
804,13522.974,13303.771,219.20322,3.2754508,-0.73930359
805,13541.647,13268.461,273.18651,3.737513,0.016874282
806,13266.221,12851.619,414.60224,6.2789039,0.015549746
807,10547.501,10254.663,292.83841,4.0735963,-0.22126001
808,7115.4447,6836.4418,279.00286,4.1004706,-1.6692958
809,6253.7788,6072.7808,180.99799,2.8320854,-0.49905008
810,7481.3741,7150.1952,331.17891,5.2105915,-0.48189982
811,7799.1153,7473.8235,325.2918,5.1264105,1.4781585
812,11544.245,10926.457,617.78766,3.1085476,1.8309647
813,27276.047,26631.481,644.56605,7.2025798,-1.0588916
814,26601.412,26027.914,573.49826,4.2031018,0.65498062
815,10805.459,10444.83,360.6289,2.1671804,0.43050388
816,2599.3035,2297.2671,302.03643,4.1762528,0.2776506
817,4205.3271,3828.7785,376.54857,4.2948687,-0.11318614
818,10957.252,10471.612,485.63984,5.785002,0.032932902
819,12862.344,12459.465,402.87889,6.0078856,2.0917666
820,12668.235,12083.469,584.76598,8.1674451,0.33543067
821,12648.508,12118.331,530.17743,7.8220941,-0.43282524
822,11432.207,10970.595,461.61209,6.7434812,0.15869607
823,8431.1341,8019.1888,411.94534,5.6535623,1.322054
824,5911.4918,5489.5617,421.9301,6.583903,-1.7737499
825,6090.5412,5595.0438,495.49734,7.7180715,-0.14762335
826,6994.2212,6559.3454,434.87576,6.7683376,-0.995485
827,6875.1059,6389.8258,485.28005,7.492781,0.069638043
828,18796.273,18347.764,448.50906,1.5172093,0.19764328
829,28519.906,28296.154,223.75159,2.7547632,-0.89303734
830,20828.16,20710.265,117.89466,0.62728195,1.7389199
831,5443.3129,4879.5605,563.75245,4.9753209,0.011151719
832,1304.8471,835.77791,469.06915,6.9387086,-0.67843656
833,6337.2047,5840.1216,497.08314,5.0086552,1.5035046
834,12068.442,11847.818,220.6247,3.2006328,0.61013639
835,12399.586,12031.85,367.7355,5.5367996,-1.267674
836,12095.096,11760.589,334.50734,4.4645512,0.84730787
837,12190.569,11785.875,404.69448,6.0577675,-0.22331951
838,10054.927,9708.8486,346.07843,4.8587974,-0.61510595
839,6692.1412,6338.6558,353.48542,4.9532711,1.2771229
840,5191.5294,4858.1648,333.3646,5.2522472,-1.1183177
841,6078.6447,5616.2899,462.35482,7.1046048,1.9025243
842,6683.4071,6318.1578,365.24926,5.8268447,-0.81078772
843,6986.24,6567.8738,418.36624,4.8226246,-0.31320493
844,23159.567,22764.25,395.31691,3.0996187,1.046679
845,26168.32,25757.7,410.62041,4.6926264,0.3477971
846,13258.993,12918.499,340.49382,1.8959041,0.96860128
847,2399.9247,2040.519,359.40571,4.4560298,0.26206262
848,1801.7882,1410.6184,391.16988,5.1262697,1.3188581
849,7980.5741,7582.4477,398.12643,4.3029874,0.46255631
850,11453.139,10978.375,474.7636,7.2415949,0.59006412
851,10750.344,10273.365,476.97825,6.7241142,-1.0912526
852,11164.16,10738.833,425.32657,5.9517854,-0.98657436
853,10228.254,9938.3659,289.88825,4.2970996,0.75224813
854,7737.3741,7301.4611,435.91298,6.0807599,0.49736488
855,4892.16,4500.4231,391.73686,5.9377515,0.88757716
856,4509.0635,4027.7732,481.2903,7.3808964,-0.49687498
857,5386.6918,4961.2531,425.4387,6.7442388,0.30336832
858,5599.3224,5134.962,464.36034,7.2895685,-1.0561036
859,11741.666,11171.984,569.68225,2.2057574,0.92311279
860,27573.76,27264.224,309.53557,3.9003038,-0.63009682
861,24463.812,24223.944,239.86787,1.447256,1.331197
862,7204.4424,6818.4874,385.95492,2.3877536,0.61703989
863,-81.167059,-431.05552,349.88846,5.0325511,-1.5401575
864,2999.8682,2498.3565,501.51172,5.1962002,2.1065158
865,10183.078,9759.7195,423.35818,5.129267,0.85983382
866,11645.139,11215.673,429.46612,6.5590122,-0.13482589
867,11343.962,10971.044,372.91852,5.0144938,-1.3578347
868,11103.172,10724.32,378.85148,5.8160504,-0.60945944
869,9745.92,9440.5798,305.34022,4.2465396,0.60281237
870,6383.8871,5994.8288,389.0583,5.2683079,-0.16061692
871,4103.8306,3720.4535,383.37705,6.0085237,-2.1051958
872,4639.1718,4215.3968,423.77492,6.591167,-0.052427312
873,5621.0071,5239.9953,381.01173,6.0499659,-0.15647869
874,5261.4024,4900.3577,361.04467,5.6177418,-2.9161986
875,18606.381,17962.941,643.44021,2.6815872,2.1055291
876,25958.852,25180.465,778.38654,9.4931326,0.97700026
877,16718.758,16110.644,608.11358,3.2876557,1.4442696
878,2773.6847,2521.2484,252.43631,2.5563357,0.10893552
879,-151.94353,-462.77499,310.83146,4.6253068,0.5685005
880,5255.2282,4749.9895,505.23876,5.0706675,0.1129251
881,10402.184,9706.4547,695.72882,10.129174,-0.054336922
882,10122.089,9595.8854,526.20396,7.6765915,-0.82249408
883,10082.786,9534.3916,548.3943,7.2855359,1.3808121
884,9797.5718,9328.3647,469.20707,7.0721063,0.65935006
885,7647.0212,7076.1333,570.88792,7.9165697,0.97423981
886,4250.6541,3848.8276,401.82653,5.8785949,0.29998904
887,3387.4824,2789.6669,597.81549,9.2113778,-0.33438008
888,4186.3529,3658.3612,527.99175,8.154279,0.36374012
889,4626.2212,4194.8989,431.32229,6.816815,0.63605391
890,6621.2141,5968.6452,652.56888,4.0561235,0.85795485
891,24585.336,23899.867,685.46973,6.6679372,0.17863835
892,25555.275,25077.975,477.29984,4.0384401,0.43802559
893,9503.7741,9140.7411,363.03303,1.975878,0.81582008
894,-387.61412,-811.09059,423.47647,5.623362,0.94236791
895,299.06824,-293.10579,592.17402,6.9070574,1.2653726
896,7582.1176,7040.8229,541.29474,5.8126087,0.22995821
897,10304.301,9809.6926,494.6086,7.4681765,0.25049894
898,9684.48,9161.0894,523.39058,7.4433991,-0.013292486
899,10060.198,9541.1245,519.07316,7.3750559,-1.343822
900,8988.7624,8445.6061,543.15627,7.8101481,0.52289944
901,5920.0753,5425.0754,494.9999,6.5701201,-1.3796583
902,3101.9671,2591.4202,510.54684,7.8154103,0.21014883
903,3000.6212,2579.6002,421.02094,6.506711,-0.34928299
904,4134.5506,3665.543,469.00763,7.1882802,0.090686399
905,4033.5059,3601.2063,432.29957,6.5724798,0.39504436
906,11886.231,11107.797,778.43398,3.1664435,1.2002063
907,23677.591,23084.437,593.15342,7.4364625,-1.2166632
908,18832.113,18437.237,394.87624,2.399748,-0.81987847
909,3655.2282,3366.602,288.62625,2.2704275,-0.52469465
910,-1412.6682,-1890.3004,477.63217,6.9996418,-0.50541136
911,2017.7318,1457.2998,560.43194,5.8896043,0.37212184
912,7985.9953,7437.1666,548.82872,7.5824778,-0.28495665
913,8574.7953,8096.3928,478.40254,7.023134,-0.79170901
914,8500.4047,8041.3326,459.07215,6.0935634,0.45991264
915,8266.8424,7845.4798,421.36252,6.3722284,-0.25563549
916,6752.9788,6262.1999,490.77894,6.9482135,-0.29928105
917,3588.6682,3145.6131,443.05514,6.1826838,0.018409773
918,1741.2518,1288.8276,452.42418,7.163158,-0.29881057
919,2365.5906,1960.4722,405.11835,6.2152817,1.6673074
920,3059.3506,2562.5435,496.80705,7.9038938,-0.31143645
921,2891.1435,2386.8895,504.25399,7.3797162,-0.091130985
922,19682.334,19498.043,184.29087,0.87522643,-0.69395037
923,25264.339,25281.758,-17.419213,-0.21961444,-1.1520642
924,12865.958,12753.319,112.63912,0.56967475,0.0044563601
925,-500.70588,-973.87726,473.17138,5.3356182,-0.61883793
926,-2266.6541,-2832.159,565.50485,7.8525433,0.44827868
927,4140.5741,3714.1695,426.40463,4.2350883,0.19006256
928,8623.1341,8457.1268,166.00729,2.5582913,-1.4249347
929,8448.1506,8170.0058,278.14474,4.1743474,-0.76256947
930,8479.0212,8237.4845,241.53666,3.3369977,-0.18783316
931,8148.0282,7768.2759,379.75237,5.7788373,0.086519289
932,5438.1929,5159.2005,278.99247,3.9881916,-0.20247331
933,2239.0965,1892.844,346.25252,5.0118229,-0.77068875
934,1343.2471,1085.4939,257.7532,3.9967304,0.59653543
935,2446.3059,2150.9386,295.36725,4.6468445,0.046225985
936,2730.7671,2417.8609,312.90616,4.9521737,1.2617868
937,6504.5082,5747.3571,757.15113,3.8480953,2.2525604
938,22030.607,21283.161,747.44633,8.1628693,-0.21660477
939,21397.233,20778.791,618.44159,4.4701135,1.0870484
940,5751.4165,5413.7043,337.7122,2.0670368,0.39521509
941,-2382.4565,-2758.097,375.64055,5.2131563,-0.17476429
942,-870.4,-1256.5096,386.10964,4.3757385,0.28918392
943,5749.9106,5321.239,428.67155,5.2562329,0.19514025
944,7724.2729,7236.526,487.74693,7.3462302,0.95718984
945,7505.7694,6864.5704,641.19899,8.9660083,1.3182457
946,7476.5553,6928.159,548.39632,8.1640598,-1.0332765
947,6255.1341,5759.3267,495.80741,7.355047,0.64933982
948,3355.7082,2893.6528,462.0554,6.3013506,0.13013416
949,830.19294,399.18644,431.0065,6.5758114,-2.0045344
950,967.37882,470.70485,496.67397,7.6459798,0.99388114
951,1852.8376,1357.0544,495.78329,7.7128828,-1.223857
952,1770.6165,1249.4775,521.13897,7.9138928,0.75587587
953,13543.906,13076.648,467.25831,1.5913017,0.8785063
954,23439.661,23022.644,417.01711,4.8658591,-0.51711618
955,15727.586,15453.513,274.07332,1.4798172,1.80453
956,313.07294,-243.58153,556.65447,4.8398531,1.1914662
957,-3792.8659,-4310.7049,517.83897,8.008302,0.3502103
958,1140.1035,624.96318,515.14035,5.1501844,1.935969
959,6870.8894,6599.4436,271.44581,3.935583,0.29284992
960,7171.1624,6765.0731,406.0893,6.1019929,0.25328939
961,6940.0094,6499.7966,440.2128,6.0093576,0.27156371
962,6991.2094,6516.1052,475.10421,7.3133506,-0.60903693
963,4889.7506,4509.1011,380.64948,5.477185,-1.0340891
964,1577.2612,1158.3589,418.90232,5.9693454,1.4040401
965,65.807059,-358.63939,424.44645,6.4835443,-1.54314
966,893.13882,435.24489,457.89394,6.9451723,0.62435948
967,1548.3482,1102.5506,445.79768,6.9828078,-1.3070442
968,1788.6871,1309.7744,478.91266,5.5557045,-0.1963893
969,17265.092,17246.261,18.831098,0.15263304,-0.19471887
970,20297.788,20204.549,93.238849,1.0826197,-0.94901761
971,7812.0659,7589.3302,222.73567,1.2770517,-0.082287225
972,-2735.7365,-3138.2817,402.54524,5.0824934,0.13526323
973,-3358.4188,-3815.1631,456.74424,6.008127,1.0335882
974,2658.1835,2277.218,380.96553,4.2184074,-0.763509
975,5890.7106,5554.4968,336.2138,5.2540646,-0.66709741
976,5176.9224,4915.3197,261.60266,3.8380507,-2.0925328
977,5696.7529,5373.7557,322.99724,4.7002345,-2.0072385
978,4790.0612,4572.0912,217.97,3.3473404,-0.57455189
979,2234.5788,2015.2332,219.34563,3.0835348,-0.30475929
980,-458.99294,-805.10579,346.11284,5.2379996,-0.70326704
981,-804.14118,-1305.2858,501.14462,7.7192208,0.47778866
982,-1.5058824,-308.51666,307.01077,4.8229584,-0.19671467
983,150.13647,-185.82817,335.96464,5.3094135,-0.068395022
984,6182.4,5734.6394,447.76061,1.7459611,0.77384052
985,22512.791,21914.707,598.0834,7.3190919,-1.0880298
986,19399.529,18970.782,428.74741,2.5649558,1.6409579
987,1959.6047,1510.415,449.18974,2.7446371,2.1677604
988,-5424.3388,-5753.0427,328.70384,4.7258664,0.02830972
989,-2419.3506,-2737.4494,318.09886,3.3149651,2.0668312
990,4835.9906,4451.3477,384.64284,4.7535466,0.57933265
991,6348.4988,5820.8206,527.67825,8.0714825,-0.1760734
992,6084.5176,5643.2215,441.29614,6.0272421,-0.64022024
993,5870.3812,5460.8346,409.54658,6.3359611,-0.63953279
994,4500.1788,4150.3121,349.86673,5.0123762,1.0578132
995,1186.3341,702.31677,484.01734,6.6722666,1.3728305
996,-1136.7906,-1550.2139,413.42332,6.4389011,-0.65942985
997,-661.98588,-1053.4752,391.48928,6.034435,0.78726959
998,299.67059,-61.793103,361.46369,5.6725112,1.2616028
999,-21.684706,-420.58212,398.89741,6.1568685,0.9366181
1000,12935.529,12484.451,451.07821,1.9588698,-0.085770455
1001,19791.209,19510.312,280.89731,3.6532631,0.85376605
1002,10783.473,10615.546,167.92648,0.93968007,-0.4398823
1003,-2542.6824,-2779.6423,236.95996,2.4711663,0.89018024
1004,-5304.9224,-5751.2472,446.32487,6.8149069,2.4595891
1005,-168.20706,-586.81005,418.60299,4.2812938,0.48918421
1006,4725.76,4267.9135,457.8465,7.1421085,-1.5273698
1007,4485.12,4173.0544,312.06565,4.8335315,-0.69887007
1008,4452.5929,4109.9147,342.67827,4.6895889,0.27314305
1009,4108.3482,3907.329,201.01919,3.1508338,0.051291248
1010,2005.8353,1698.3378,307.49748,4.3699325,-0.73175677
1011,-1210.88,-1566.3729,355.49288,5.2249199,0.27196806
1012,-2160.0376,-2586.3331,426.29549,6.6308782,-0.1368857
1013,-1363.1247,-1688.4629,325.33818,5.0169296,-0.19822958
1014,-889.97647,-1234.3659,344.3894,5.4185331,-1.1048306
1015,1049.4494,602.96902,446.48039,2.817801,0.72198891
1016,18450.372,18322.179,128.19292,1.2730372,-0.46473657
1017,19446.814,19418.595,28.219144,0.24773258,-0.45817142
1018,3836.5365,3650.2817,186.25476,1.0331561,0.95313929
1019,-5778.0706,-6092.2314,314.16086,4.1688277,1.6717068
1020,-5196.3482,-5576.3413,379.99309,4.4862858,0.78059569
1021,1904.9412,1581.7838,323.15742,3.5836687,-0.89349368
1022,4578.7859,4331.8013,246.9846,3.8577181,0.19599982
1023,4008.3576,3784.7902,223.56747,3.2886024,-0.66082245
1024,4376.3953,4137.8936,238.50166,3.5113284,-2.0244285
1025,3278.0047,3013.4985,264.50617,3.9459034,-0.99129969
1026,333.25176,36.208065,297.0437,4.046941,-0.30041458
1027,-2468.1412,-2768.5704,300.42925,4.6452126,0.61571593
1028,-2601.4118,-2771.5628,170.15106,2.6933703,-0.11814033
1029,-1520.9412,-1786.6137,265.6725,4.1910889,-0.62478536
1030,-1550.4565,-1812.7972,262.34072,4.0548869,1.017128
1031,6386.8988,5751.6961,635.20274,2.5658368,2.4156158
1032,18246.174,17675.67,570.50375,7.4075343,-0.56139414
1033,13365.609,12968.921,396.68831,2.4184233,-0.38237432
1034,-1884.9129,-2029.896,144.98303,1.1587439,0.043847618
1035,-6960.3388,-7221.564,261.22517,3.9552692,-0.83964481
1036,-3537.1671,-3923.9369,386.76982,4.162297,0.35903638
1037,2570.6918,2057.7253,512.96646,7.312635,-0.82018757
1038,3135.2471,2781.4378,353.8093,5.3008233,-1.263383
1039,3101.3647,2736.1029,365.26184,5.082874,0.26368818
1040,2824.7341,2464.5424,360.19174,5.4250046,0.2284274
1041,1350.7765,873.03331,477.74316,6.7076749,0.32739119
1042,-1879.1906,-2208.0935,328.90292,4.6603227,-1.2298682
1043,-3751.9059,-4061.1385,309.23263,4.9126956,-0.63280022
1044,-3129.5247,-3444.1052,314.5805,4.8712784,0.4419613
1045,-2311.9812,-2756.0023,444.02116,6.9796811,0.045331513
1046,-2541.0259,-2902.1812,361.1553,5.4050561,-0.35913886
1047,14362.353,14151.518,210.83453,1.0004336,-0.42257199
1048,20021.459,19913.389,108.07016,1.3272281,0.36360965
1049,7584.2259,7450.782,133.44388,0.67133518,0.94711878
1050,-5869.6282,-6263.5465,393.91823,4.4737259,-0.7723496
1051,-7755.7459,-8172.699,416.95312,5.7651835,-1.0975794
1052,-1201.8447,-1600.7855,398.9408,3.9063702,-0.38472886
1053,3383.7176,3211.5956,172.12209,2.6697498,-0.32185744
1054,3176.8094,2947.5161,229.29334,3.5105726,-1.0233049
1055,3178.9176,2925.8212,253.09649,3.5103236,-0.15881469
1056,2925.9294,2515.8621,410.06734,6.3968625,-1.0689477
1057,147.87765,-90.220923,238.09857,3.3796715,0.49424436
1058,-3113.5624,-3419.7171,306.15477,4.4470799,0.64603433
1059,-4034.56,-4193.7019,159.14193,2.4770303,0.046113968
1060,-2823.9812,-3174.3402,350.35898,5.526288,-0.77951449
1061,-2579.7271,-2895.2987,315.5716,4.9806039,0.21949404
1062,1074.1459,544.7668,529.37908,2.7378819,0.31843774
1063,16750.231,16274.328,475.90213,5.2970699,-0.086513371
1064,16121.675,15719.238,402.43742,2.9260982,0.22015234
1065,427.97176,182.98539,244.98638,1.5041748,-0.17258121
1066,-7752.8847,-8051.3571,298.4724,4.1626578,1.1738085
1067,-6162.0706,-6512.2151,350.14449,4.0325307,-0.36214381
1068,536.84706,142.28872,394.55834,4.8091033,0.94554763
1069,2479.8871,2165.6014,314.28566,4.8521449,0.41633144
1070,2171.0306,1760.4302,410.60043,5.7738584,0.63840555
1071,2198.8894,1809.2063,389.6831,5.9314781,-1.6686153
1072,1001.8635,618.23027,383.63325,5.6748033,0.16391233
1073,-1910.6635,-2290.5342,379.87066,5.2454474,-0.38515231
1074,-4505.2988,-4816.1216,310.82274,4.8667332,-0.41017013
1075,-4316.4612,-4697.3232,380.86203,5.8243175,-0.78443944
1076,-3353.9012,-3781.6482,427.74698,6.7380496,0.19982813
1077,-3567.1341,-3903.4389,336.30481,5.1984683,0.3939821
1078,8486.2494,8108.512,377.73743,1.2583761,1.8694113
1079,18648.546,18082.188,566.35769,6.4243068,-0.48570876
1080,10913.882,10448.271,465.61117,2.4518703,2.1776959
1081,-4920.0188,-5375.7008,455.68194,3.9011936,0.49584676
1082,-9116.7624,-9419.633,302.87061,4.6685766,-0.071170612
1083,-4058.8047,-4461.9708,403.16607,3.9216423,0.93457064
1084,1871.2094,1546.623,324.58638,4.7065846,0.063431298
1085,2134.7388,1763.7218,371.01702,5.5890962,0.28673007
1086,1948.0094,1511.1631,436.84635,5.8456213,1.1852311
1087,2047.3976,1476.4512,570.94645,8.5060215,0.72495283
1088,-116.70588,-512.14962,395.44374,5.5393212,-0.49820855
1089,-3564.8753,-3894.1625,329.28718,4.6093496,0.74130387
1090,-5080.8471,-5452.007,371.15995,5.756094,-0.92813464
1091,-4210.2965,-4663.0602,452.76373,6.8298888,1.3489867
1092,-3614.2682,-3938.7493,324.48103,5.0616283,-0.4483879
1093,-3264.7529,-3702.948,438.19504,5.0315517,-0.7278769
1094,12512.678,12361.164,151.51342,1.2367802,-0.74147479
1095,15349.609,15334.565,15.04483,0.17278899,-0.053570391
1096,2615.8682,2521.9965,93.871742,0.53716884,0.16724304
1097,-7861.0071,-8255.2893,394.28225,5.0585386,-0.60888884
1098,-8484.4424,-8841.3513,356.9089,4.6206279,1.9673268
1099,-2337.5812,-2687.9252,350.34401,3.9625026,-1.476865
1100,925.96706,609.40269,316.56437,4.9697414,-0.027210024
1101,227.23765,-54.312098,281.54975,4.121682,-1.3812073
1102,653.25176,444.82057,208.43119,3.0712222,-1.6373307
1103,-264.58353,-407.26593,142.6824,2.1561363,-0.81279465
1104,-2756.2165,-3019.3337,263.11725,3.7131189,-1.14532
1105,-5549.4776,-5801.8188,252.34117,3.8888878,2.1359357
1106,-5877.9106,-6264.2946,386.38398,6.051632,-0.53119133
1107,-5036.1224,-5333.6575,297.53516,4.7851795,0.038401464
1108,-4876.1976,-5141.9942,265.79651,4.1917877,-0.5799504
1109,1102.1553,842.51081,259.64448,1.0137852,0.13112397
1110,17101.101,16818.198,282.90363,3.5277577,-0.34390808
1111,13916.762,13853.326,63.436812,0.37916712,1.1908283
1112,-3165.3647,-3439.7662,274.40151,1.6827895,1.1390678
1113,-10449.318,-10717.737,268.41935,3.8139024,-1.3118415
1114,-7430.7765,-7782.3402,351.56368,3.6744105,1.9526807
1115,-339.12471,-546.263,207.1383,2.527182,0.43507494
1116,1150.4941,902.20923,248.28488,3.8345466,0.073523253
1117,974.15529,688.70134,285.45395,3.9480691,0.17694105
1118,652.8,429.85856,222.94144,3.4505582,0.31884975
1119,-680.65882,-823.65868,142.99986,2.050286,1.2268976
1120,-3991.04,-4249.3606,258.32061,3.658758,0.68477009
1121,-6229.6847,-6526.1297,296.44504,4.7607106,-1.1645423
1122,-5824.6024,-6078.7656,254.16328,3.9726765,1.4121469
1123,-4841.7129,-5061.0497,219.33674,3.5070808,0.34610198
1124,-5122.8612,-5374.5038,251.64262,4.0058876,-1.2618716
1125,8203.2941,7713.5149,489.77921,2.0968791,1.5526799
1126,15319.944,14805.957,513.98678,6.6728548,-0.26951594
1127,6103.4918,5734.3402,369.15161,2.0357728,0.71802061
1128,-7648.5271,-7785.1829,136.65588,1.435894,1.1182774
1129,-10515.275,-10695.743,180.46755,2.7156137,-0.3030282
1130,-5125.8729,-5451.2589,325.38597,3.3235581,0.18049755
1131,-69.12,-575.73816,506.61816,7.6328855,-1.555177
1132,-270.15529,-654.73758,384.58229,5.8017535,-1.8814506
1133,-346.95529,-701.26943,354.31414,4.8164712,0.24469222
1134,-669.06353,-886.19988,217.13635,3.3326054,0.35650962
1135,-2853.3459,-3162.969,309.62314,4.3464866,-1.053718
1136,-6081.6565,-6419.1514,337.4949,4.9518004,0.55329806
1137,-7035.3318,-7433.7253,398.39354,6.2104736,0.11648776
1138,-6194.4471,-6506.3799,311.93284,4.8391852,-0.679612
1139,-5746.7482,-6043.6049,296.85667,4.6384527,-0.3088811
1140,-3744.6776,-4217.3419,472.66426,2.9780565,0.42199814
1141,13440.602,13458.927,-18.32459,-0.18516195,-0.5915587
1142,14325.76,14553.248,-227.48839,-1.9857094,0.93209841
1143,-1118.72,-1215.5137,96.793735,0.53946819,0.38144731
1144,-10670.532,-10984.36,313.82826,4.1496929,1.5369687
1145,-10016.979,-10395.605,378.62609,4.4481057,-0.58234294
1146,-2996.4047,-3204.713,208.30833,2.2864093,-1.5734258
1147,-315.03059,-459.03448,144.00389,2.2402024,0.55948928
1148,-915.12471,-1062.0035,146.8788,2.1518082,0.12571065
1149,-530.52235,-694.23729,163.71494,2.3818637,-2.0142179
1150,-1693.8165,-1816.9866,123.17009,1.8512056,-0.8570222
1151,-4588.2729,-4792.9305,204.65751,2.8021573,0.95665608
1152,-7378.0706,-7583.1958,205.1252,3.1922586,0.43912892
1153,-7471.8871,-7620.152,148.2649,2.3393539,-0.65217394
1154,-6381.3271,-6565.4798,184.15278,2.8979735,-0.17236161
1155,-6410.9929,-6558.1485,147.15551,2.3495477,0.051185259
1156,1694.2682,1136.8136,557.45468,2.2335049,1.274436
1157,13218.485,12971.315,247.16969,3.2275272,-1.4067907
1158,8227.0871,8171.502,55.585013,0.34108388,-1.11342
1159,-6878.8706,-6878.934,0.063368515,0.00051054988,0.58858111
1160,-11852.499,-12056.089,203.59001,3.0982728,-0.76521405
1161,-8329.7882,-8621.8586,292.07033,3.1043242,0.3408289
1162,-2264.5459,-2605.7838,341.23787,4.8472776,0.99356583
1163,-1787.3318,-1948.0538,160.72201,2.4463473,-1.1353246
1164,-1787.4824,-1998.775,211.29263,2.9597536,0.75555563
1165,-2086.5506,-2233.3793,146.82872,2.2210556,-0.17286387
1166,-3545.7506,-3848.2291,302.47852,4.2683417,-0.2027123
1167,-6785.2047,-6994.1414,208.93673,2.972153,-0.74956575
1168,-8566.2118,-8752.3273,186.11553,2.9987461,-0.15664969
1169,-7897.2988,-8088.3133,191.01444,2.9687727,0.17899282
1170,-7179.2941,-7425.9451,246.65094,3.9588739,0.074618474
1171,-7400.5082,-7587.3852,186.87692,2.7805349,-1.6061517
1172,9841.2424,9652.2922,188.95013,0.89584334,-0.46071618
1173,15535.435,15466.23,69.205019,0.8559249,-0.37011876
1174,2805.1576,2807.322,-2.1643868,-0.010750027,0.25466937
1175,-10756.066,-10960.72,204.65416,2.3139006,-0.66744767
1176,-12592.188,-12896.804,304.61597,4.1645853,-1.6070409
1177,-5896.2824,-6204.7458,308.46341,2.9958475,0.12627526
1178,-1319.4541,-1316.2081,-3.2460522,-0.050709408,0.0065048525
1179,-1472.1506,-1604.6756,132.52504,2.0073064,-0.85200176
1180,-1430.5882,-1633.4027,202.81445,2.7763763,0.67014139
1181,-1737.6376,-2066.8521,329.21449,5.0376438,-1.1064308
1182,-4512.6776,-4629.3957,116.71803,1.6658472,0.54198339
1183,-7827.2753,-7975.2005,147.92517,2.1546737,-0.87459826
1184,-8664.0941,-8764.4465,100.3524,1.5558741,0.43942216
1185,-7495.8306,-7721.8936,226.06304,3.5583327,-0.88150294
1186,-7202.3341,-7371.7826,169.44847,2.7065555,-0.79108712
1187,-3494.7012,-3929.7721,435.07089,2.2551408,0.45346685
1188,11392.452,11354.221,38.230841,0.44575443,-0.7253376
1189,10586.805,10679.135,-92.330303,-0.68336015,-0.93301756
1190,-4584.5082,-4532.5915,-51.916768,-0.33027676,-0.85453883
1191,-12362.692,-12579.61,216.91782,3.0260993,0.83088873
1192,-10723.689,-11006.803,283.11363,3.3302309,0.6141174
1193,-4312.9976,-4471.9953,158.99768,1.9893218,0.35134526
1194,-2522.6541,-2526.934,4.2798391,0.067634114,1.0230614
1195,-2748.5365,-2921.3326,172.79608,2.4039402,0.43609121
1196,-2749.44,-2892.007,142.56701,2.2197121,-1.5740848
1197,-3943.3035,-4042.2864,98.982853,1.4730032,0.067066503
1198,-6846.9459,-6904.6686,57.722732,0.82708798,0.64684266
1199,-9236.9318,-9377.4401,140.50833,2.200177,-2.1185803
1200,-9026.4094,-9258.6417,232.23232,3.5736747,-0.1579863
1201,-8186.7294,-8275.9369,89.207467,1.4461014,0.28885873
1202,-8405.6847,-8497.9731,92.288409,1.4446667,-0.29881162
1203,3984.2635,3643.6984,340.56511,1.1321233,1.8799491
1204,13926.852,13573.087,353.76468,4.1010237,-1.1963311
1205,5987.5388,5889.0473,98.491483,0.51601274,2.5517154
1206,-9755.2565,-9979.8106,224.55417,1.9606179,-0.8126249
1207,-13851.407,-14074.614,223.20662,3.3913211,-0.76431167
1208,-8720.5647,-8967.6306,247.06592,2.3822684,0.80971382
1209,-2830.1553,-2877.9427,47.787429,0.69621223,1.6743845
1210,-2494.7953,-2743.7335,248.9382,3.774117,-1.0751131
1211,-2739.5012,-3011.8527,272.35154,3.7648476,1.0338059
1212,-2623.3976,-2969.211,345.81334,5.3075519,0.46894601
1213,-4780.2729,-4962.5996,182.32671,2.6469689,-0.6542755
1214,-8151.3412,-8292.3951,141.05391,1.9621561,-0.98511395
1215,-9749.8353,-9887.495,137.65974,2.1826347,0.18330667
1216,-8826.1271,-9087.0275,260.90041,3.9821507,0.8138861
1217,-8124.6871,-8335.9345,211.24748,3.3120146,0.1514354
1218,-7751.68,-8023.9766,272.29662,3.0979383,-0.53820259
1219,8399.6612,8210.2537,189.40752,1.4992003,2.3047991
1220,11569.242,11159.565,409.67719,4.6614104,-0.4195675
1221,-1492.9318,-1796.9375,304.0057,1.7274662,1.3065691
1222,-12438.739,-12642.749,204.01045,2.5631678,0.017773202
1223,-13045.308,-13225.071,179.76248,2.3699508,1.3828948
1224,-6699.9718,-6942.9714,242.9996,2.6544859,0.42079366
1225,-3259.7835,-3599.4109,339.62734,5.4086289,-0.54562214
1226,-3980.1976,-4261.4798,281.28219,4.1550001,0.47772456
1227,-3450.88,-3758.0082,307.12818,4.4825574,-0.31256925
1228,-4426.3906,-4609.0473,182.65675,2.7685909,-1.4412735
1229,-6924.3482,-7230.0923,305.74411,4.2893804,0.33680955
1230,-9790.3435,-10032.327,241.98376,3.7055585,0.85242262
1231,-10123.294,-10445.279,321.98467,5.010485,-0.55526553
1232,-9238.7388,-9464.9679,226.22903,3.5872548,-0.24505242
1233,-9015.8682,-9340.9328,325.06455,5.1071628,-1.2616513
1234,-2907.8588,-3214.7376,306.87876,1.1700067,-0.20815308
1235,13038.532,12822.593,215.93913,2.6871608,-0.76655935
1236,9873.1671,9689.398,183.76905,1.0868806,1.1734139
1237,-7410.8988,-7714.263,303.36418,1.8543946,0.54907889
1238,-14729.638,-14920.117,190.47924,2.7417049,-0.20317851
1239,-11626.014,-11866.221,240.20681,2.436131,0.60847611
1240,-4342.2118,-4608.2992,266.08748,3.2857957,1.0780561
1241,-2917.9482,-3202.1695,284.22126,4.3340014,0.038546922
1242,-3172.1412,-3366.1531,194.01195,2.6468477,0.19273388
1243,-3432.8094,-3639.5091,206.69965,3.2137583,0.41953997
1244,-4716.5741,-4860.858,144.28386,2.0866904,1.506572
1245,-8112.3388,-8298.6791,186.34031,2.5664708,0.674468
1246,-10373.873,-10600.584,226.71151,3.5650981,-1.642184
1247,-9879.7929,-10133.022,253.22868,3.9145619,0.22726982
1248,-8845.1012,-9045.8819,200.78076,3.1646247,-0.16393836
1249,-9153.0541,-9324.7738,171.7197,2.6837906,-1.7427484
1250,3791.2094,3767.4342,23.775163,0.1054438,0.067192328
1251,10364.988,10603.876,-238.88786,-3.0412871,-1.0004745
1252,1288.2824,1495.1537,-206.87136,-1.1740558,-0.25491872
1253,-11789.101,-11851.409,62.307357,0.66632009,-0.15142696
1254,-14516.254,-14735.785,219.5308,3.2277952,0.33680923
1255,-9193.7129,-9339.287,145.57403,1.502845,-0.72651885
1256,-4421.12,-4527.2051,106.08514,1.6110818,-0.4814293
1257,-4661.1576,-4655.28,-5.8776938,-0.0923255,-1.8201635
1258,-4777.7129,-4714.9784,-62.734566,-0.86808371,-0.62346363
1259,-5026.9365,-4898.1134,-128.82309,-2.0078906,-1.484496
1260,-7190.2871,-7176.678,-13.609093,-0.19876485,-0.82618433
1261,-10335.925,-10426.726,90.801185,1.3779215,0.0081051512
1262,-11179.219,-11380.105,200.88638,3.1574805,0.36825049
1263,-10366.645,-10434.057,67.412571,1.0563439,-1.2423699
1264,-9962.7671,-9944.2011,-18.566007,-0.29467871,0.28578446
1265,-7895.04,-8030.4103,135.37029,0.81483089,0.11613861
1266,9768.3576,9850.2396,-81.881979,-0.82583441,0.18133389
1267,10708.48,10890.698,-182.21784,-1.5326853,1.3000587
1268,-5133.8541,-5048.4816,-85.372528,-0.46746004,0.75632581
1269,-14999.642,-14985.052,-14.590337,-0.19443231,1.682626
1270,-14175.322,-14391.359,216.03709,2.5357981,-0.63629431
1271,-6868.3294,-6899.5815,31.25212,0.33917139,-0.69009715
1272,-4108.4988,-4107.2215,-1.2773156,-0.020065087,0.5112432
1273,-4812.6494,-4748.3437,-64.305753,-0.93838888,0.43368532
1274,-4363.2941,-4433.2437,69.949599,1.0201384,-1.5564213
1275,-5457.4682,-5480.1356,22.667358,0.348095,-1.3595313
1276,-8480.8282,-8472.8369,-7.9912978,-0.11069406,0.473768
1277,-11312.941,-11347.488,34.546842,0.53323623,-2.3126371
1278,-11341.252,-11350.181,8.9294159,0.14132231,-0.91513331
1279,-10158.682,-10214.116,55.433369,0.87527526,-0.306493
1280,-10204.16,-10216.959,12.798504,0.19950534,-0.08510544
1281,-2201.1482,-2367.4389,166.29069,0.6775755,1.2006293
1282,9073.9953,9197.2975,-123.30219,-1.5886598,-0.69955049
1283,4176.7153,4346.0152,-169.2999,-1.0593985,-0.025211324
1284,-10772.932,-10598.191,-174.74123,-1.4193435,0.21459578
1285,-15629.553,-15728.215,98.662138,1.4725843,0.26638797
1286,-12159.849,-12272.29,112.44048,1.1911211,0.00078549654
1287,-6102.7388,-6177.5149,74.77608,1.0597268,-1.1171419
1288,-5617.3929,-5566.1672,-51.225787,-0.78752705,0.026581651
1289,-5680.7906,-5654.1438,-26.646813,-0.37326462,-0.85049841
1290,-5956.0659,-5864.5096,-91.556239,-1.4012396,-0.16744637
1291,-7445.9859,-7411.1327,-34.853211,-0.50402279,-0.93769633
1292,-10539.671,-10558.99,19.319476,0.27666379,0.13308343
1293,-12326.099,-12402.31,76.210937,1.2355681,-0.5290223
1294,-11710.344,-11642.24,-68.103903,-1.0609311,0.40569379
1295,-10982.249,-10984.061,1.8113714,0.028769261,-0.21850136
1296,-11087.661,-11125.452,37.790606,0.56201666,-1.57713
1297,5978.6541,6274.768,-296.11385,-1.4456218,-1.4566638
1298,11423.322,11968.711,-545.38834,-6.5541478,-0.47776744
1299,-1187.0871,-798.37288,-388.71418,-1.9558162,-0.7037043
1300,-14534.475,-14607.71,73.234817,0.83941327,-0.67360655
1301,-16350.268,-16498.011,147.74228,2.0162086,-1.3495658
1302,-9606.3247,-9563.7171,-42.607581,-0.4146528,0.45379448
1303,-4965.9482,-4685.9521,-279.99616,-4.3097871,-1.4870624
1304,-5271.9435,-5081.6973,-190.24628,-2.9032394,-0.40132396
1305,-5249.8071,-5049.6786,-200.12851,-2.7760407,0.28162482
1306,-5528.8471,-5468.3156,-60.531454,-0.9558532,-0.13720966
1307,-8215.7929,-8049.2624,-166.53052,-2.3548562,-0.25263083
1308,-11548.461,-11463.743,-84.718336,-1.227438,-0.98516662
1309,-12349.139,-12184.313,-164.82556,-2.5930143,-1.2398615
1310,-11140.367,-11078.022,-62.34485,-0.97651032,-1.0352956
1311,-10785.129,-10715.942,-69.187857,-1.0849785,-0.11152197
1312,-6877.0635,-7067.0064,189.9429,0.94475554,0.84106555
1313,6835.2,6866.5155,-31.315488,-0.40288324,-1.1277976
1314,5612.8753,5718.63,-105.75475,-0.78355655,0.10983802
1315,-8914.8235,-8770.2817,-144.54182,-0.97012943,0.20491145
1316,-15976.508,-15958.78,-17.728574,-0.24787091,0.87167874
1317,-14214.776,-14199.247,-15.529247,-0.18094045,-0.048539508
1318,-7969.4306,-7934.3542,-35.076409,-0.4538588,-0.93321389
1319,-6485.9859,-6382.9433,-103.04257,-1.6296019,1.3529218
1320,-6763.9718,-6806.3682,42.396441,0.59369573,0.4272708
1321,-6805.6847,-6788.2642,-17.420533,-0.26732909,-0.80182776
1322,-7911.1529,-7902.934,-8.2189844,-0.1241262,-0.26334384
1323,-10757.722,-10701.578,-56.144328,-0.79322355,-0.60798136
1324,-12997.572,-12995.254,-2.3175274,-0.036037226,-0.4913836
1325,-12753.619,-12761.847,8.2280496,0.12998914,0.7007134
1326,-11854.155,-11900.334,46.179013,0.75363091,-1.8367987
1327,-12179.125,-12119.827,-59.297704,-0.92873954,-1.751521
1328,-6754.9365,-6628.021,-126.91543,-0.95135738,-1.1461099
1329,-3232.6776,-3221.7697,-10.907922,-0.16148637,-2.156121
1330,-7347.0494,-7265.7019,-81.347483,-0.78833877,0.84523468
1331,-14350.005,-14384.926,34.921069,0.46030371,-0.95322715
1332,-16303.586,-16332.082,28.495941,0.44592325,0.44770608
1333,-13886.946,-13974.368,87.422323,1.2059473,1.6377369
1334,-11732.028,-11567.28,-164.74828,-2.5501306,0.96597367
1335,-11885.327,-11822.981,-62.346346,-0.95366478,-0.3598894
1336,-11973.572,-11974.695,1.123735,0.015378451,0.65651451
1337,-11949.929,-12077.335,127.40548,1.9639718,-0.22524041
1338,-13502.193,-13437.681,-64.512053,-0.96804483,-0.87596458
1339,-15281.995,-15279.355,-2.6405308,-0.039917026,-0.5954939
1340,-16119.266,-16091.792,-27.473948,-0.42839788,-0.95309868
1341,-15669.609,-15754.099,84.489945,1.2982307,0.98882783
1342,-15550.946,-15543.733,-7.2123932,-0.11415316,-1.0961444
1343,-15267.991,-15322.296,54.305145,0.69405439,-0.58598996
1344,-711.52941,-234.4547,-477.07471,-2.8907492,-0.60497775
1345,3885.9294,4510.5973,-624.6679,-8.0360668,-0.87483118
1346,-7155.2,-6787.5161,-367.68393,-2.1467808,-0.018638083
1347,-18390.438,-18430.354,39.916532,0.47584334,-0.39314612
1348,-19544.245,-19580.035,35.790361,0.50055535,0.51832698
1349,-13740.273,-13667.049,-73.224432,-0.78841699,-0.80042235
1350,-9803.7459,-9667.5535,-136.1924,-2.1428678,-0.48218773
1351,-10218.165,-9970.9831,-247.18166,-3.6245651,-0.38874984
1352,-9624.3953,-9419.1841,-205.21119,-2.9490281,-0.66568294
1353,-10491.482,-10159.654,-331.82835,-4.9514786,-0.46307387
1354,-12667.031,-12466.796,-200.23456,-2.8579682,-1.389399
1355,-15369.336,-15241.202,-128.13483,-1.9144284,1.3363562
1356,-15826.673,-15828.161,1.488368,0.023814312,-1.2090888
1357,-14947.388,-14818.525,-128.8634,-1.9995115,0.77291305
1358,-14537.487,-14416.346,-121.14106,-1.9004802,-1.9940381
1359,-12349.44,-12202.118,-147.32194,-1.1314449,-0.77298823
1360,-4558.3059,-4338.8334,-219.47245,-3.1189388,0.2339131
1361,-5850.6541,-5587.7124,-262.94167,-2.740076,1.2805827
1362,-14411.746,-14312.51,-99.236239,-0.95762444,0.84064106
1363,-18533.798,-18455.341,-78.456911,-1.1929955,-1.1535836
1364,-17418.089,-17310.148,-107.94096,-1.4840452,0.44899086
1365,-13754.579,-13631.888,-122.69104,-1.7732558,-0.20703601
1366,-13058.861,-12981.34,-77.521609,-1.1743011,0.66787674
1367,-13174.061,-13061.087,-112.97409,-1.5162992,-1.2651128
1368,-13594.955,-13388.905,-206.05056,-3.1326269,0.42268884
1369,-14266.88,-14118.602,-148.27801,-2.2475952,1.6530255
1370,-16137.939,-16089.398,-48.540811,-0.7253574,-0.19097351
1371,-17505.129,-17396.629,-108.50054,-1.7198873,-1.6733154
1372,-17309.666,-17229.354,-80.312288,-1.2624304,-0.52440551
1373,-16723.125,-16687.729,-35.395892,-0.56071076,-0.29401052
1374,-16984.696,-16910.364,-74.33294,-1.1724463,-1.4369413
1375,-7509.3835,-7554.1695,44.785962,0.1913005,1.563844
1376,-17.317647,74.660432,-91.97808,-1.1642584,-0.95624743
1377,-6115.5388,-5911.1911,-204.34771,-1.3576517,0.8283826
1378,-18061.553,-17920.598,-140.95446,-1.4264712,-0.26096468
1379,-21117.591,-21019.53,-98.060489,-1.4886767,0.33975929
1380,-16974.306,-16966.172,-8.134053,-0.090498954,-0.68276284
1381,-12226.259,-12264.21,37.95158,0.56286351,-0.6623741
1382,-12174.607,-12058.632,-115.97468,-1.7768867,-1.2102561
1383,-12171.896,-12111.598,-60.298575,-0.80548867,0.20380075
1384,-12326.099,-12137.781,-188.31741,-2.9509369,0.65130782
1385,-13907.878,-13810.833,-97.044216,-1.4610534,-1.199155
1386,-16628.405,-16575.663,-52.741351,-0.79072309,0.80094007
1387,-17493.233,-17548.044,54.811477,0.86882064,-0.011233416
1388,-16830.645,-16754.609,-76.035705,-1.1747046,0.33326995
1389,-16247.718,-16159.42,-88.297425,-1.3998762,0.44437516
1390,-15600.791,-15574.406,-26.384977,-0.30017059,-0.93317211
1391,-3593.3365,-3652.9749,59.638398,0.56623292,-0.062289148
1392,-2317.1012,-2200.1636,-116.93753,-1.3582649,0.078024805
1393,-12461.478,-12379.268,-82.209383,-0.60863576,0.12055485
1394,-19811.84,-19711.252,-100.5881,-1.4619708,1.8251229
1395,-19740.461,-19741.924,1.4628446,0.020468884,-0.082189546
1396,-14775.266,-14774.836,-0.4301138,-0.0053411114,-0.93252623
1397,-12648.207,-12646.789,-1.4180465,-0.021941634,-0.47846043
1398,-13024.226,-13004.83,-19.395958,-0.27796714,0.11045103
1399,-12741.572,-12724.292,-17.279538,-0.24880973,-1.0360634
1400,-13565.139,-13524.61,-40.528654,-0.62748255,0.10534278
1401,-15583.925,-15567.523,-16.40162,-0.23365224,-1.3121441
1402,-17569.129,-17591.285,22.155217,0.34292514,-1.393946
1403,-17746.673,-17677.915,-68.758271,-1.1007687,-1.3845032
1404,-16855.492,-16825.978,-29.513974,-0.46528574,-0.47255341
1405,-16830.645,-16784.383,-46.261304,-0.71800771,0.3121307
1406,-11729.468,-12010.455,280.98647,1.4097917,1.0861116
1407,-1593.0729,-1449.6692,-143.40374,-1.8962405,-0.67514986
1408,-4205.1765,-3964.9328,-240.24368,-1.858631,-0.16355104
1409,-16314.428,-16153.884,-160.54396,-1.35523,-0.57794308
1410,-20867.012,-20922.876,55.863747,0.84087141,-0.58931613
1411,-18601.261,-18608.701,7.4401678,0.088339593,-0.59871043
1412,-13429.911,-13435.137,5.2267583,0.072686675,-0.26463426
1413,-12683.896,-12615.818,-68.07882,-1.0241946,-0.86754332
1414,-12713.864,-12653.073,-60.790473,-0.82412615,-0.29148274
1415,-12891.558,-12705.739,-185.81831,-2.8441673,-0.22665979
1416,-13893.271,-13874.871,-18.399752,-0.26814777,0.63349401
1417,-16353.129,-16324.601,-28.528594,-0.42616777,0.0047400904
1418,-17953.882,-17904.888,-48.993984,-0.78710361,-0.58570269
1419,-17432.094,-17380.919,-51.175357,-0.79518601,-0.020589969
1420,-16737.129,-16711.967,-25.162141,-0.39858679,-0.18505793
1421,-16801.581,-16732.615,-68.966331,-1.0675977,-2.1919457
1422,-5829.12,-5870.6441,41.524068,0.22571236,-0.42107623
1423,-1484.4988,-1454.3074,-30.191401,-0.38347794,-0.0060014431
1424,-9420.3482,-9259.3898,-160.9584,-1.1216774,0.31314687
1425,-19133.591,-19085.989,-47.601108,-0.60842872,-0.22923987
1426,-20781.026,-20836.395,55.369208,0.83450015,-1.1188137
1427,-16311.567,-16357.368,45.800562,0.53620386,1.5294924
1428,-12792.32,-12659.507,-132.81328,-2.0407188,-1.1895633
1429,-12920.32,-12892.016,-28.303635,-0.42122877,-0.80049972
1430,-12837.798,-12853.564,15.766351,0.21755358,1.2452748
1431,-13089.431,-13155.647,66.216402,1.0241226,0.22241959
1432,-14928.264,-14916.825,-11.438281,-0.17024857,-1.175894
1433,-17315.991,-17343.214,27.223906,0.41067076,-1.5342072
1434,-18000.113,-17867.932,-132.18074,-2.1067006,-0.1267232
1435,-17103.661,-17071.953,-31.707933,-0.50286162,0.37860222
1436,-16777.487,-16804.881,27.394297,0.43352954,-0.33460544
1437,-15046.024,-15225.492,179.468,1.5648065,0.66822976
1438,-776.28235,-537.58504,-238.69731,-2.9129059,-0.31826365
1439,-317.89176,-81.094097,-236.79767,-2.1870642,-0.34626831
1440,-13099.219,-12942.438,-156.78048,-1.0507081,-0.74980327
1441,-20616.584,-20624.832,8.2487324,0.11556794,-0.054904724
1442,-19815.906,-19807.757,-8.149015,-0.10116062,-0.25540764
1443,-13901.854,-13904.944,3.0903593,0.037741522,-0.55431791
1444,-11871.473,-11674.707,-196.76575,-3.0420489,0.8811211
1445,-11943.906,-11909.012,-34.893609,-0.48441838,-0.11770018
1446,-12031.849,-11977.838,-54.01189,-0.81127576,-0.71637197
1447,-12722.447,-12682.548,-39.898841,-0.60723848,-0.046488491
1448,-15105.054,-14966.2,-138.85423,-1.9808573,0.60001693
1449,-17329.845,-17252.694,-77.150375,-1.2037231,-1.092707
1450,-17206.513,-17207.958,1.4449782,0.022682662,-0.2552619
1451,-16272.565,-16246.499,-26.065583,-0.41230746,-0.34719728
1452,-16271.209,-16178.572,-92.637816,-1.4616844,0.97651846
1453,-8827.1812,-8862.7469,35.565755,0.15990904,0.45672833
1454,-1207.5671,-1230.1765,22.609446,0.28521961,-0.75474727
1455,-5768.8847,-5614.4944,-154.39026,-1.1111468,1.7420251
1456,-17001.412,-17028.115,26.702788,0.26654978,0.21339111
1457,-20523.52,-20480.598,-42.92152,-0.65731472,-0.23478869
1458,-17125.195,-17189.106,63.910492,0.75471164,1.3233326
1459,-12746.24,-12542.504,-203.7362,-3.0156066,1.5132756
1460,-12370.673,-12306.703,-63.970428,-0.9590516,-1.2767923
1461,-12611.464,-12572.129,-39.33495,-0.52462353,0.85493186
1462,-12395.52,-12507.044,111.52383,1.6893529,-1.6843246
1463,-13953.807,-13873.075,-80.731664,-1.1807145,-0.20397233
1464,-16386.861,-16275.376,-111.48537,-1.6340432,0.3404182
1465,-17555.275,-17492.984,-62.291074,-0.9820307,-1.459429
1466,-16858.805,-16911.86,53.055025,0.81115999,1.3949848
1467,-16349.214,-16253.382,-95.832469,-1.5353736,0.40581753
1468,-16326.927,-16302.008,-24.918876,-0.36171662,-0.30893721
1469,-3675.2565,-3409.8422,-265.41427,-1.5982226,-0.42191054
1470,11.745882,232.2104,-220.46452,-2.8440554,-1.0530788
1471,-9564.6118,-9344.0748,-220.53695,-1.4618645,0.35033069
1472,-19293.816,-19257.005,-36.811211,-0.47750892,-0.80404148
1473,-20243.275,-20279.659,36.383385,0.5065005,-0.77484651
1474,-15152.64,-15105.197,-47.443039,-0.53682425,-0.23773326
1475,-11819.821,-11672.912,-146.90943,-2.2837848,0.17636248
1476,-12333.628,-12257.926,-75.701876,-1.080973,-0.07834474
1477,-11796.179,-11760.888,-35.290454,-0.50126898,-0.99946461
1478,-12521.261,-12280.369,-240.8918,-3.6598932,-1.0910988
1479,-14406.174,-14237.55,-168.62415,-2.4120747,-0.82595007
1480,-16770.108,-16692.367,-77.741198,-1.1776644,0.30912279
1481,-17180.461,-17221.573,41.112172,0.63572798,-0.24580534
1482,-16345.148,-16242.759,-102.38961,-1.6134847,-0.25954189
1483,-15994.88,-15921.524,-73.355745,-1.1432706,-0.61316701
1484,-12276.856,-12311.64,34.783506,0.18226664,-0.070563419
1485,281.44941,297.59439,-16.144977,-0.20482405,0.78908696
1486,-1147.6329,-1018.7633,-128.86964,-1.0233946,1.4263072
1487,-14078.946,-14060.849,-18.097256,-0.13279541,1.476829
1488,-20267.821,-20163.853,-103.96846,-1.5061183,-1.6356625
1489,-18373.722,-18316.643,-57.079454,-0.68551376,1.0586142
1490,-12667.482,-12570.333,-97.149214,-1.2772435,1.6525835
1491,-11150.306,-11167.944,17.63801,0.26673698,-0.10214378
1492,-11359.172,-11323.1,-36.071823,-0.48213173,-0.3494865
1493,-11647.247,-11582.092,-65.154715,-0.98402237,-0.80640309
1494,-12516.442,-12390.789,-125.65334,-1.8318856,1.2604669
1495,-14975.699,-14942.56,-33.138917,-0.47291294,-0.23689801
1496,-16872.207,-16824.332,-47.875089,-0.7625805,-0.95543281
1497,-16500.254,-16459.109,-41.144825,-0.63697611,-0.31207685
1498,-15558.174,-15463.387,-94.786625,-1.514181,-0.080371582
1499,-15657.713,-15676.147,18.434341,0.28903777,-2.8964416
1500,-3910.6259,-4167.9673,257.34139,0.60682768,1.0679334
1501,5234.1459,5727.0088,-492.86288,-1.7524467,0.30174682
1502,-3122.7482,-2686.429,-436.31925,-1.7773032,-1.495535
1503,-16725.835,-16612.171,-113.66463,-0.62870831,0.054673588
1504,-20747.144,-20553.912,-193.2312,-1.5492818,-1.570951
1505,-15224.922,-15171.179,-53.742926,-0.60900137,-0.012957519
1506,-9662.9459,-9626.7072,-36.238694,-0.31919493,0.63467006
1507,-9847.5671,-9661.7183,-185.84877,-2.6163715,-0.24939378
1508,-10037.76,-9830.6394,-207.12061,-2.6353218,1.7447249
1509,-9973.3082,-9627.6049,-345.70333,-4.5642701,0.59755512
1510,-11768.772,-11661.092,-107.68001,-1.5020623,-0.42415525
1511,-14560.075,-14291.114,-268.96133,-3.0706182,0.70893732
1512,-16086.739,-16036.881,-49.857468,-0.75904926,-0.16501599
1513,-14585.073,-14476.044,-109.02852,-1.578532,0.038571873
1514,-14617.449,-14483.825,-133.62475,-1.9819564,-0.19269133
1515,-13487.736,-13351.949,-135.7879,-1.6578308,-1.1533309
1516,-11526.776,-11479.004,-47.772379,-0.69055884,0.12819219
1517,-10534.249,-10415.654,-118.59541,-1.636016,-0.46546951
1518,-14918.776,-14820.32,-98.45619,-1.2322892,0.49026664
1519,-17081.976,-16871.762,-210.21493,-3.1035543,1.149598
1520,-17816.245,-17732.975,-83.269837,-1.3101742,-0.67144258
1521,-15734.212,-15617.197,-117.0148,-1.7185769,-0.9711751
1522,-15768.245,-15665.225,-103.01969,-1.6355471,-0.14897424
1523,-15713.129,-15613.157,-99.972194,-1.440189,-0.37601857
1524,-15849.864,-15747.217,-102.6467,-1.4459311,-0.97010526
1525,-16329.336,-16267.446,-61.890533,-0.97619338,0.084615277
1526,-17555.275,-17437.924,-117.35127,-1.7502706,-0.61111993
1527,-18280.809,-18190.812,-89.997021,-1.4318344,-1.7883042
1528,-18541.478,-18368.411,-173.06619,-2.7427466,-0.7266937
1529,-18263.341,-18163.731,-99.610025,-1.5747685,-1.5783179
1530,-18456.546,-18332.203,-124.34249,-1.9514569,1.8220118
1531,-18447.36,-18416.29,-31.070111,-0.41369756,-1.0008644
1532,-18478.984,-18407.762,-71.221986,-1.1060365,-0.054574748
1533,-19068.838,-19001.454,-67.383527,-1.0577262,1.1191619
1534,-19783.981,-19542.78,-241.20152,-3.8327036,0.98615226
1535,-20176.264,-20105.052,-71.211513,-1.1159714,-0.37872383
1536,-20189.515,-20130.487,-59.02786,-0.946665,0.25143292
1537,-20233.638,-20183.004,-50.633556,-0.79851036,0.12843246
1538,-20452.292,-20342.2,-110.09188,-1.707857,-0.014264882
1539,-20246.739,-20165.648,-81.090665,-1.1028726,0.2826849
1540,-20431.36,-20319.458,-111.90237,-1.713837,0.4352607
1541,-21015.341,-20971.951,-43.390271,-0.66549029,-0.82028592
1542,-21435.332,-21287.949,-147.3832,-2.3328364,0.56172145
1543,-21725.214,-21628.933,-96.28133,-1.5257428,-0.70601878
1544,-21680.64,-21551.13,-129.50967,-2.0000634,2.0299893
1545,-21771.144,-21745.038,-26.10554,-0.41975894,-0.11006673
1546,-21749.308,-21632.075,-117.23343,-1.7886025,-1.1385973
1547,-21748.856,-21720.051,-28.805039,-0.38684795,-0.011064951
1548,-21947.181,-21808.776,-138.40502,-2.1874642,0.4228698
1549,-22462.494,-22354.89,-107.60458,-1.6980998,-1.1432379
1550,-22675.125,-22589.643,-85.481223,-1.3333463,-0.0016026987
1551,-22838.965,-22823.051,-15.913858,-0.2520542,0.31263286
1552,-22837.911,-22723.105,-114.80597,-1.8224184,-0.48478842
1553,-22988.8,-22799.112,-189.68837,-3.0495279,-1.964621
1554,-22962.598,-22833.075,-129.52225,-1.902095,0.41180163
1555,-22597.271,-22523.362,-73.908811,-1.0208968,0.32532887
1556,-22870.438,-22888.884,18.446047,0.28592911,0.40339182
1557,-23460.292,-23354.053,-106.23916,-1.7276315,-0.25020691
1558,-23668.856,-23621.124,-47.731982,-0.73244893,0.11466396
1559,-23739.482,-23573.246,-166.2363,-2.5880873,0.93115647
1560,-23646.871,-23525.218,-121.65259,-1.9380425,0.14270784
1561,-23795.351,-23682.918,-112.433,-1.7960153,0.17969906
1562,-23562.089,-23599.13,37.040921,0.50165789,-0.26995467
1563,-23579.256,-23507.862,-71.394402,-1.058327,0.18526104
1564,-23660.725,-23562.473,-98.251299,-1.5324339,0.12422323
1565,-24167.906,-24041.108,-126.79776,-1.954232,-0.25906007
1566,-24323.614,-24298.754,-24.860173,-0.38315189,0.86389576
1567,-24331.746,-24236.811,-94.934661,-1.4889957,-0.49434525
1568,-24278.287,-24191.177,-87.109969,-1.3880503,0.31981916
1569,-24432.791,-24298.904,-133.88702,-2.0759402,0.2862502
1570,-23961.901,-23967.345,5.4442356,0.074647478,0.29809631
1571,-23994.278,-23891.338,-102.93925,-1.5751472,-0.36784166
1572,-24313.374,-24269.578,-43.796093,-0.68487755,0.58664055
1573,-24605.816,-24535.453,-70.363519,-1.0907503,-0.64340763
1574,-24812.875,-24692.853,-120.02199,-1.8667574,-1.8210763
1575,-24674.033,-24609.665,-64.368418,-1.0192663,0.087615756
1576,-24609.732,-24547.123,-62.608445,-0.99930585,0.49966003
1577,-24618.014,-24591.86,-26.154386,-0.40306413,0.87442757
1578,-24404.932,-24250.576,-154.35549,-2.0665274,-0.5732368
1579,-24376.019,-24297.108,-78.9107,-1.2447324,0.19319926
1580,-24746.466,-24618.193,-128.27301,-1.991667,1.543314
1581,-24864.828,-24879.878,15.050198,0.23595647,-0.17094616
1582,-25003.068,-24947.956,-55.112654,-0.87250811,-0.062419556
1583,-24820.706,-24784.122,-36.584316,-0.57671053,-0.12327165
1584,-24971.746,-24763.474,-208.27189,-3.3246961,-0.077416266
1585,-24851.125,-24775.444,-75.681106,-1.1351182,0.27408549
1586,-24606.871,-24526.027,-80.843703,-1.0927447,0.14629762
1587,-24437.76,-24453.012,15.252274,0.23572097,-0.13990091
1588,-24939.219,-24858.333,-80.885685,-1.2602186,0.24959811
1589,-25108.329,-25008.103,-100.22655,-1.5863233,0.13284376
1590,-25085.139,-24945.113,-140.02602,-2.1758734,-1.2852728
1591,-24953.073,-24906.96,-46.113268,-0.71377882,0.58781542
1592,-24887.115,-24841.426,-45.689227,-0.72293176,0.11567984
1593,-24683.219,-24648.715,-34.503452,-0.50621986,-0.84047703
1594,-24885.158,-24707.067,-178.09043,-2.4149156,0.49887993
1595,-24628.706,-24593.356,-35.34995,-0.55293736,-0.78072416
1596,-24967.68,-24896.187,-71.492975,-1.1313656,-0.2009788
1597,-25144.621,-25088,-56.621176,-0.88370053,0.49034653
1598,-25058.786,-24957.531,-101.25461,-1.5713132,-0.48139525
1599,-24932.141,-24876.886,-55.255145,-0.86652267,-1.5707434
1600,-24988.461,-24915.488,-72.973158,-1.1336874,0.91674204
1601,-25064.659,-24972.942,-91.716684,-1.3231007,-0.31068725
1602,-24220.913,-24209.73,-11.182959,-0.15986216,-0.276678
1603,-24791.492,-24654.251,-137.24045,-2.1000259,-2.295534
1604,-25061.647,-24909.054,-152.5927,-2.398579,0.29517018
1605,-25021.139,-24962.02,-59.118952,-0.92697584,-0.1800731
1606,-24913.769,-24939.128,25.358584,0.39422595,-0.19902148
1607,-24876.424,-24772.002,-104.42119,-1.6417279,-0.40480872
1608,-24752.64,-24684.475,-68.165424,-1.0741847,-0.15445718
1609,-24707.915,-24448.374,-259.54124,-3.4851931,-0.74527051
1610,-24473.6,-24358.004,-115.59649,-1.7928284,-0.76648912
1611,-24721.769,-24659.488,-62.281393,-0.9731356,1.1769821
1612,-24849.016,-24882.871,33.854365,0.52416929,-0.047395643
1613,-24996.744,-24899.928,-96.816002,-1.4829322,-0.7671418
1614,-24765.741,-24651.259,-114.48226,-1.7834185,-0.15014886
1615,-24770.56,-24622.532,-148.02815,-2.3136142,-0.30447714
1616,-24732.762,-24704.374,-28.388303,-0.42982294,0.80466114
1617,-24277.986,-24153.323,-124.66268,-1.6838311,-0.039024769
1618,-24406.136,-24305.936,-100.20076,-1.5388194,-0.76610154
1619,-24651.746,-24519.743,-132.00304,-2.0073667,1.3957462
1620,-24796.913,-24749.559,-47.353619,-0.75707774,-0.10238901
1621,-24782.456,-24673.702,-108.75454,-1.6842358,0.34554358
1622,-24584.734,-24550.714,-34.019915,-0.53901253,-1.2167069
1623,-24473.901,-24341.246,-132.65512,-2.0990137,-0.3081791
1624,-24483.84,-24341.096,-142.74357,-2.2474056,-0.032027106
1625,-24178.598,-24176.664,-1.9337078,-0.02560099,-1.6635435
1626,-24167.304,-24104.248,-63.055721,-0.99498242,0.57899702
1627,-24477.214,-24338.852,-138.36198,-2.1565995,-1.2081161
1628,-24622.231,-24431.018,-191.21247,-3.01397,-0.7418229
1629,-24578.409,-24501.788,-76.620984,-1.210922,0.26658325
1630,-24346.805,-24240.103,-106.70184,-1.6782467,-0.21325305
1631,-24224.828,-24222.298,-2.530164,-0.040753994,-1.0696876
1632,-24258.409,-24191.626,-66.783462,-1.0015807,0.96561587
1633,-23809.807,-23740.222,-69.584966,-0.93113694,0.075338349
1634,-23938.409,-23698.927,-239.48247,-3.708501,-0.077753065
1635,-24270.306,-24108.138,-162.16795,-2.5919763,0.019951337
1636,-24463.209,-24376.856,-86.353772,-1.3527061,0.72501413
1637,-24165.045,-24181.901,16.855937,0.25640617,-0.039007089
1638,-24062.042,-23961.959,-100.08326,-1.5418199,0.13568541
1639,-23958.739,-23834.333,-124.40569,-1.9609865,-0.038291777
1640,-23475.049,-23348.517,-126.53275,-1.8184531,0.4809469
1641,-23872.301,-23815.481,-56.820171,-0.78529064,-0.51506465
1642,-23681.205,-23581.326,-99.879165,-1.5589824,-0.67639895
1643,-23986.598,-23906.151,-80.446858,-1.2609233,0.11290054
1644,-24025.449,-23878.022,-147.4272,-2.2306067,1.1389844
1645,-23950.758,-23885.054,-65.703293,-1.0091999,0.97890365
1646,-23691.746,-23615.589,-76.157338,-1.2160074,-2.4707187
1647,-23735.718,-23655.088,-80.629395,-1.2501218,0.55765242
1648,-23444.631,-23322.932,-121.69897,-1.7104888,-0.52692709
1649,-23009.882,-22893.073,-116.8093,-1.7231198,-1.5102356
1650,-23467.972,-23373.354,-94.61817,-1.4974709,0.77861284
1651,-23705.6,-23607.659,-97.941321,-1.5365163,-0.97302067
1652,-23684.216,-23607.06,-77.156272,-1.2033211,-0.74151769
1653,-23546.428,-23350.761,-195.66728,-3.0842135,-0.17375908
1654,-23350.362,-23201.889,-148.4734,-2.3067333,-0.58649241
1655,-23308.951,-23189.62,-119.33048,-1.8375062,2.0447675
1656,-22977.355,-22938.258,-39.096966,-0.51749093,-0.74369129
1657,-22747.708,-22682.258,-65.449907,-1.0190914,-0.025449715
1658,-23060.028,-22973.569,-86.459562,-1.3705426,-0.86632437
1659,-23402.616,-23171.815,-230.80116,-3.6452801,-1.5333816
1660,-23317.534,-23213.859,-103.67556,-1.6552362,-0.12834319
1661,-23169.958,-23038.055,-131.90271,-2.0934493,-0.36651372
1662,-22945.732,-22941.7,-4.0321738,-0.064150035,0.1439681
1663,-23048.885,-22946.787,-102.09803,-1.5370322,0.81109211
1664,-22429.214,-22323.17,-106.04404,-1.4524602,0.02109632
1665,-22471.529,-22269.307,-202.22257,-3.0817692,0.55866576
1666,-22741.233,-22725.05,-16.183263,-0.24455032,0.57728729
1667,-23000.696,-22887.238,-113.4586,-1.7540546,-0.080131734
1668,-22924.8,-22822.452,-102.34763,-1.5835391,-0.53774879
1669,-22749.515,-22565.854,-183.66141,-2.8249776,1.0218107
1670,-22542.456,-22493.737,-48.719475,-0.76450402,-0.62290136
1671,-22325.76,-22192.851,-132.90904,-2.0120381,-1.1399549
1672,-22139.031,-22050.413,-88.617964,-1.1831649,-0.38390471
1673,-22171.708,-22029.615,-142.09281,-2.2328367,1.3672953
1674,-22442.918,-22318.382,-124.53541,-1.9357772,-0.97490388
1675,-22437.346,-22375.537,-61.80877,-0.9571596,0.020128194
1676,-22485.534,-22409.202,-76.332481,-1.2091978,-0.70304709
1677,-22310.4,-22157.541,-152.85938,-2.3981606,-0.41506271
1678,-22224.715,-22060.587,-164.1285,-2.5801628,-1.4983692
1679,-22054.4,-21920.991,-133.40877,-1.9652408,-1.3823348
1680,-21537.581,-21419.165,-118.41578,-1.6156017,0.050251305
1681,-21639.379,-21604.096,-35.282973,-0.55006383,-1.0240176
1682,-22029.402,-21937.898,-91.504048,-1.4594398,0.14700332
1683,-22104.094,-22038.443,-65.651102,-1.0153231,-0.78898644
1684,-22091.746,-21787.829,-303.91654,-4.7360255,0.28674641
1685,-21741.026,-21634.918,-106.10829,-1.6482274,-0.42698429
1686,-21735.906,-21701.05,-34.856204,-0.54172171,0.001078753
1687,-21460.329,-21406.298,-54.03134,-0.73095698,-1.6730414
1688,-21277.064,-21135.336,-141.72747,-2.0878104,-1.7653744
1689,-21286.099,-21160.173,-125.92583,-1.9633893,0.0072066667
1690,-21628.085,-21480.061,-148.02392,-2.2827776,0.065697147
1691,-21698.861,-21585.992,-112.86936,-1.7269475,0.6771678
1692,-21525.233,-21435.175,-90.05819,-1.4089649,-0.60190589
1693,-21357.026,-21265.954,-91.07147,-1.4324639,0.33727062
1694,-21396.48,-21171.993,-224.48701,-3.4605618,0.56796292
1695,-20813.402,-20734.803,-78.599314,-1.069986,1.025715
1696,-20759.191,-20704.58,-54.61081,-0.82963186,-0.89578439
1697,-20980.706,-20890.707,-89.998694,-1.3951525,1.2499864
1698,-21126.626,-20975.093,-151.53295,-2.397566,-0.57456711
1699,-21231.736,-21095.387,-136.34898,-2.1403837,-1.3168357
1700,-20990.795,-20881.73,-109.06531,-1.7101807,-0.37918481
1701,-20791.868,-20699.642,-92.225921,-1.4583354,0.16522491
1702,-20770.184,-20630.817,-139.36646,-2.1505792,-0.094305762
1703,-20420.969,-20235.072,-185.89752,-2.4921558,-0.78349501
1704,-20319.322,-20196.919,-122.40359,-1.9053358,0.19002324
1705,-20531.501,-20399.804,-131.69755,-2.0324129,0.52396953
1706,-20607.548,-20569.024,-38.524273,-0.60728402,-1.194774
1707,-20672,-20583.537,-88.462887,-1.4062504,0.48681247
1708,-20395.369,-20326.639,-68.73002,-1.075366,-1.290928
1709,-20456.659,-20225.047,-231.61148,-3.6470518,-0.83576632
1710,-20334.08,-20143.654,-190.426,-2.8797688,0.063187337
1711,-19924.48,-19801.323,-123.1568,-1.6677735,0.94500949
1712,-19682.184,-19660.381,-21.802466,-0.33647785,0.74401963
1713,-20094.795,-19993.435,-101.35988,-1.5715652,-1.1129278
1714,-20246.438,-20087.098,-159.34004,-2.5083681,-0.4691325
1715,-20147.351,-19993.884,-153.46631,-2.3825778,-0.59041481
1716,-19936.075,-19855.635,-80.439993,-1.2159284,0.029614695
1717,-19854.306,-19725.765,-128.54083,-1.988799,-0.49615709
1718,-19467.595,-19390.915,-76.68004,-1.1384667,-0.12747067
1719,-19670.739,-19489.365,-181.37354,-2.4214916,-0.4453363
1720,-19390.645,-19282.441,-108.20403,-1.7183236,-0.19181772
1721,-19653.873,-19519.738,-134.13478,-2.1288975,-0.13562543
1722,-19723.595,-19657.089,-66.505873,-1.0366932,0.46006273
1723,-19646.042,-19474.852,-171.19022,-2.6651792,0.42378381
1724,-19399.831,-19262.99,-136.84052,-2.1680386,-1.5851122
1725,-19410.522,-19288.276,-122.24649,-1.9086246,0.41548729
1726,-19416.847,-19341.241,-75.60568,-1.1126157,-0.80101188
1727,-18567.379,-18473.445,-93.934054,-1.3877083,-0.17895349
1728,-19046.099,-18849.59,-196.50911,-3.0643765,-1.308992
1729,-19226.202,-19088.383,-137.81895,-2.188541,-1.9191678
1730,-19234.635,-19088.084,-146.55113,-2.2850303,2.2598629
1731,-18996.856,-18975.869,-20.987388,-0.33129952,-1.5407374
1732,-18847.473,-18734.981,-112.49223,-1.790115,-0.32615302
1733,-18737.694,-18621.12,-116.5743,-1.8610398,-0.08320925
1734,-18702.607,-18366.766,-335.84142,-4.4733652,0.84397964
1735,-18327.341,-18210.712,-116.62931,-1.8007476,-0.70040257
1736,-18546.598,-18432.449,-114.14879,-1.7756879,0.37338672
1737,-18646.889,-18613.639,-33.250604,-0.5175186,-0.44930236
1738,-18770.221,-18610.497,-159.72439,-2.4501445,-0.69951134
1739,-18421.609,-18329.211,-92.398424,-1.4671204,0.045671222
1740,-18396.762,-18234.053,-162.70975,-2.5847697,-0.59304991
1741,-18378.842,-18246.77,-132.07204,-2.0043962,-0.086115848
1742,-17832.207,-17726.242,-105.9651,-1.426377,1.3081726
1743,-17883.859,-17767.238,-116.62095,-1.7331581,-0.57347908
1744,-18117.421,-17885.288,-232.13304,-3.5491103,1.912778
1745,-18231.868,-18154.904,-76.96467,-1.2286128,-1.2384216
1746,-18148.744,-18055.855,-92.888474,-1.4603185,-0.78438999
1747,-17965.929,-17848.182,-117.74706,-1.8236752,0.51263667
1748,-17761.732,-17592.93,-168.80131,-2.6999603,0.79181771
1749,-17709.929,-17586.497,-123.43263,-1.9111491,-1.2970402
1750,-17408.602,-17364.909,-43.692943,-0.57699142,-1.7427417
1751,-17362.522,-17215.289,-147.23305,-2.3000891,-0.17098488
1752,-17581.026,-17442.263,-138.76288,-2.1542293,-1.0260898
1753,-17703.304,-17532.933,-170.37074,-2.7181933,-0.15164441
1754,-17638.551,-17529.043,-109.50792,-1.7388616,-0.86942197
1755,-17343.096,-17217.384,-125.71248,-1.9614912,0.47470529
1756,-17201.393,-17156.489,-44.904338,-0.70909628,-0.44510769
1757,-17183.925,-17089.309,-94.61553,-1.4080185,-1.0730734
1758,-16720.113,-16602.296,-117.81721,-1.576938,-1.1608478
1759,-16786.522,-16543.794,-242.72808,-3.7712131,-0.79879215
1760,-17102.607,-16955.399,-147.20788,-2.3097395,-0.26541914
1761,-17292.047,-17146.763,-145.28376,-2.2226426,-0.60152792
1762,-16931.087,-16892.259,-38.827561,-0.59470973,-0.55412582
1763,-16746.918,-16633.417,-113.50093,-1.7401067,-1.9363637
1764,-16657.318,-16486.789,-170.52863,-2.6385753,-0.071514466
1765,-16177.544,-16011.745,-165.79835,-2.3545267,0.55792504
1766,-16519.228,-16407.79,-111.43864,-1.5289695,0.076636612
1767,-16263.68,-16141.765,-121.91495,-1.8860024,-0.19320896
1768,-16550.551,-16428.886,-121.66456,-1.9232187,0.012127231
1769,-16663.04,-16443.698,-219.34158,-3.3814559,2.3794945
1770,-16468.028,-16350.784,-117.2439,-1.8263216,-0.013414865
1771,-16180.254,-16065.309,-114.94494,-1.8077412,-0.64923748
1772,-16167.454,-16105.108,-62.345994,-0.95826815,0.7059718
1773,-15915.369,-15722.53,-192.8399,-2.6958491,0.12534324
1774,-15450.353,-15254.667,-195.6855,-2.8491101,-0.85241367
1775,-15837.666,-15689.912,-147.75355,-2.2842539,-0.27813304
1776,-16040.96,-15941.274,-99.685891,-1.5649847,-0.52314379
1777,-16087.191,-15924.666,-162.52431,-2.5532434,0.20167077
1778,-15832.395,-15659.39,-173.00546,-2.7024103,-1.400731
1779,-15639.341,-15465.632,-173.70938,-2.6782183,0.057575278
1780,-15544.772,-15351.771,-193.00087,-2.9652347,-1.427428
1781,-15141.195,-15105.795,-35.399853,-0.46139923,-1.3644464
1782,-14992.715,-14901.414,-91.300917,-1.4302326,-0.51787145
1783,-15241.035,-15094.125,-146.91022,-2.2630962,-0.1045731
1784,-15579.558,-15278.158,-301.39984,-4.6844265,-0.69576182
1785,-15427.915,-15321.996,-105.9188,-1.6670492,-0.50297157
1786,-15255.191,-15168.786,-86.405083,-1.3385857,-0.12155323
1787,-15015.002,-14946.001,-69.001184,-1.0721738,0.71112551
1788,-15088.941,-14887.051,-201.89033,-3.0312645,0.044238422
1789,-14431.322,-14311.013,-120.30891,-1.606998,-1.0112096
1790,-14477.704,-14275.553,-202.15005,-3.0065233,-0.38665449
1791,-14733.704,-14649.753,-83.950169,-1.2678482,0.27477268
1792,-14968.32,-14805.358,-162.96173,-2.4872707,0.66032105
1793,-14826.616,-14696.285,-130.33126,-1.9835106,-0.31433553
1794,-14612.781,-14414.401,-198.38024,-2.9820016,0.5806191
1795,-14437.045,-14351.411,-85.633835,-1.3587036,-0.11558877
1796,-14216.132,-14042.894,-173.23755,-2.5830316,-0.45197904
1797,-13993.713,-13885.643,-108.06946,-1.4219161,0.031008934
1798,-13922.033,-13786.146,-135.88683,-2.0871402,-0.24915814
1799,-14268.386,-14090.623,-177.76285,-2.7327094,-0.83968708
1800,-14248.358,-14087.631,-160.72702,-2.4938269,-0.3757881
1801,-14265.675,-14112.168,-153.50697,-2.358063,0.19090341
1802,-14017.807,-13878.611,-139.19572,-2.1629432,-1.463502
1803,-13989.346,-13747.544,-241.80176,-3.8076088,-1.8202196
1804,-13742.231,-13587.151,-155.07921,-2.2558523,-0.6780871
1805,-13145.901,-12994.357,-151.54466,-2.0384978,1.4219507
1806,-13298.899,-13243.923,-54.975971,-0.82261934,-1.4728697
1807,-13690.278,-13525.807,-164.47052,-2.5302737,-1.1123935
1808,-13713.619,-13582.214,-131.40491,-2.0327177,0.6408174
1809,-13633.807,-13359.579,-274.22787,-4.2427008,-0.29573967
1810,-13341.214,-13198.438,-142.77578,-2.1949521,-0.97411797
1811,-13263.059,-13131.558,-131.50067,-2.0291916,0.016789193
1812,-12937.638,-12856.407,-81.230867,-1.084947,-0.76730971
1813,-12747.746,-12592.028,-155.71783,-2.3082546,-0.38168867
1814,-12790.513,-12623.897,-166.6158,-2.5286741,0.15048847
1815,-13107.802,-12921.043,-186.75969,-2.8817934,-0.72853908
1816,-13140.631,-13019.942,-120.68903,-1.8150065,0.65200734
1817,-12936.132,-12796.708,-139.42341,-2.1480076,1.2910356
1818,-12773.195,-12648.285,-124.91008,-1.912889,-0.35306659
1819,-12769.882,-12574.373,-195.50947,-2.9922678,0.8407076
1820,-12152.772,-12066.263,-86.508761,-1.1667092,-0.27762295
1821,-12160,-11967.663,-192.33665,-2.8885219,-0.53050257
1822,-12355.162,-12228.9,-126.26229,-1.9085018,1.1881109
1823,-12484.819,-12362.81,-122.00877,-1.9416092,0.98013822
1824,-12503.492,-12326.303,-177.18902,-2.7179788,-1.1158987
1825,-12302.758,-12122.819,-179.93824,-2.760708,-0.5055613
1826,-12128.527,-11997.139,-131.38854,-2.0733827,1.1856142
1827,-12099.162,-11928.313,-170.84909,-2.6147736,1.0676682
1828,-11650.108,-11465.089,-185.01881,-2.4548888,-0.7486029
1829,-11532.499,-11390.429,-142.06983,-2.1583645,-0.65903402
1830,-11777.054,-11590.92,-186.13419,-2.8704795,-0.24748229
1831,-11866.805,-11764.479,-102.32545,-1.6101369,-0.67118577
1832,-11859.426,-11774.803,-84.622843,-1.3477364,-0.59252904
1833,-11616.678,-11494.265,-122.41231,-1.8719551,-2.4333068
1834,-11676.461,-11368.136,-308.32558,-4.7146051,0.19367111
1835,-11438.984,-11281.954,-157.02912,-2.3406501,-1.163772
1836,-11079.529,-10896.533,-182.99639,-2.4621946,0.44838311
1837,-10798.682,-10752.898,-45.784632,-0.68182914,0.87128832
1838,-11211.445,-11070.691,-140.75388,-2.1156593,-2.1378696
1839,-11306.014,-11173.48,-132.53428,-2.0055364,0.18221634
1840,-11289.299,-11092.835,-196.46422,-3.0571655,0.88630172
1841,-11024.866,-10893.541,-131.32526,-2.0000838,0.15252596
1842,-10890.089,-10746.763,-143.32612,-2.1863903,0.2268905
1843,-10445.553,-10356.404,-89.148499,-1.2837667,-0.98649912
1844,-10753.656,-10493.008,-260.64887,-3.505902,-0.34245099
1845,-10426.428,-10282.791,-143.63689,-2.2395884,0.32326106
1846,-10672.038,-10535.35,-136.68756,-2.1282198,-0.82582435
1847,-10705.769,-10606.42,-99.349774,-1.5259505,-0.11830509
1848,-10590.871,-10431.663,-159.20723,-2.4788431,0.4111655
1849,-10414.08,-10261.545,-152.5347,-2.4030019,-1.9089489
1850,-10363.181,-10186.286,-176.89479,-2.7091717,1.1424289
1851,-10349.779,-10236.11,-113.66895,-1.6426651,1.0517684
1852,-9453.0259,-9364.7224,-88.303498,-1.272506,0.15022556
1853,-10016.376,-9761.5149,-254.86157,-3.9007868,-1.4416081
1854,-10128.264,-9929.3887,-198.87487,-3.1500862,-0.087291204
1855,-10096.489,-9954.076,-142.41343,-2.2149108,1.2262412
1856,-9855.0965,-9818.969,-36.127447,-0.57066083,-1.7454949
1857,-9764.8941,-9596.9328,-167.96133,-2.6365663,-0.069310023
1858,-9554.3718,-9480.678,-73.693799,-1.1600321,0.8036577
1859,-9517.0259,-9211.0625,-305.96335,-4.1024545,0.087594037
1860,-9189.1953,-8995.7592,-193.43609,-2.9901107,0.71822752
1861,-9324.4235,-9191.9112,-132.51237,-2.0537101,0.27984286
1862,-9445.7976,-9426.8147,-18.982919,-0.29233783,-1.0228458
1863,-9551.6612,-9365.4705,-186.19069,-2.8531438,0.0060780091
1864,-9265.8447,-9093.91,-171.93471,-2.7149426,-0.23631297
1865,-9158.9271,-8978.8521,-180.07493,-2.759643,0.70490288
1866,-9129.2612,-9021.6435,-107.61769,-1.6149611,0.76914223
1867,-8591.0588,-8421.5172,-169.54158,-2.2314625,1.0725265
1868,-8626.8988,-8485.405,-141.4938,-2.1356246,-0.028913864
1869,-8830.1929,-8640.1122,-190.08073,-2.9135966,0.82130416
1870,-8990.72,-8842.249,-148.47102,-2.2848881,-0.85511747
1871,-8853.0824,-8688.4395,-164.64284,-2.5574258,-0.29671033
1872,-8666.8047,-8566.7984,-100.00634,-1.5148174,-0.10445645
1873,-8478.8706,-8295.3875,-183.4831,-2.8720306,-1.0076009
1874,-8366.2306,-8230.0035,-136.22708,-2.0756719,-1.471762
1875,-8083.8776,-7977.5944,-106.28326,-1.3961397,-0.21646864
1876,-8043.9718,-7906.3752,-137.59655,-2.1274608,-0.5067276
1877,-8300.8753,-8172.3998,-128.47553,-1.9779871,0.16707073
1878,-8316.6871,-8139.3337,-177.35334,-2.7663652,-0.8999626
1879,-8302.08,-8129.0099,-173.07006,-2.6827822,-0.61284142
1880,-8006.4753,-7845.1806,-161.2947,-2.5040145,0.98200741
1881,-7884.0471,-7831.5652,-52.481892,-0.79732078,-0.48937187
1882,-7796.7059,-7679.2519,-117.45398,-1.7511341,-0.67137838
1883,-7349.4588,-7162.0152,-187.44363,-2.4951555,0.06051694
1884,-7429.8729,-7158.5739,-271.29901,-4.1828085,0.17356227
1885,-7751.5294,-7601.8983,-149.63111,-2.3234031,-0.20375586
1886,-7828.3294,-7742.242,-86.087448,-1.3430492,-0.41980729
1887,-7524.8941,-7440.3086,-84.585526,-1.3220268,-0.44252746
1888,-7397.1953,-7208.6967,-188.49863,-2.9892159,-1.0051489
1889,-7239.8306,-7097.9778,-141.8528,-2.2667099,0.77311626
1890,-6762.3153,-6575.9532,-186.36205,-2.6659978,-0.059550048
1891,-7054.9082,-6942.3729,-112.53535,-1.5498374,0.46723202
1892,-6838.5129,-6695.6493,-142.86361,-2.2005776,0.77122968
1893,-7092.8565,-6954.0432,-138.81322,-2.1722965,0.50988699
1894,-7207.4541,-6982.9199,-224.53419,-3.3848263,1.0188935
1895,-7021.7788,-6902.5739,-119.20489,-1.8683663,1.2557481
1896,-6770.2965,-6625.1783,-145.11821,-2.3129992,-0.91073572
1897,-6678.2871,-6602.7352,-75.551816,-1.1644131,0.098411217
1898,-6421.8353,-6214.7703,-207.06498,-2.911279,1.1177835
1899,-5982.5694,-5814.8358,-167.73364,-2.4570729,-1.037207
1900,-6362.0518,-6222.5506,-139.50121,-2.1689964,-0.23876992
1901,-6562.7859,-6438.1531,-124.63276,-1.9783585,0.36244959
1902,-6567.6047,-6417.6552,-149.94953,-2.368484,-0.84277269
1903,-6370.1835,-6167.3407,-202.84279,-3.2091001,-0.88644684
1904,-6106.9553,-5950.9901,-155.96523,-2.4524773,-0.42232029
1905,-6017.2047,-5853.5874,-163.61733,-2.5150983,-0.27531933
1906,-5664.8282,-5545.9684,-118.8598,-1.5650751,-2.1397602
1907,-5545.8635,-5400.8369,-145.02659,-2.2884629,0.41277602
1908,-5743.5859,-5620.4793,-123.10663,-1.917962,0.4521677
1909,-6050.3341,-5754.3892,-295.94487,-4.6658378,-0.73253391
1910,-5929.2612,-5785.9591,-143.30209,-2.2651179,0.2965863
1911,-5767.9812,-5623.322,-144.65914,-2.2772254,0.031224557
1912,-5464.8471,-5420.1379,-44.709128,-0.69870634,0.003087844
1913,-5549.9294,-5390.8124,-159.11702,-2.3971145,0.24241425
1914,-4961.5812,-4795.3244,-166.2568,-2.2597414,-1.3854889
1915,-4966.7012,-4742.0596,-224.64156,-3.3593719,-0.34460281
1916,-5223.4541,-5103.2425,-120.21157,-1.8501019,-0.9476329
1917,-5399.3412,-5248.2244,-151.11675,-2.3174978,0.095060133
1918,-5304.32,-5184.4863,-119.83373,-1.8726241,-0.23952784
1919,-5097.7129,-4859.5114,-238.20154,-3.699805,0.577665
1920,-4917.0071,-4783.8036,-133.20344,-2.0738045,0.070183604
1921,-4661.1576,-4533.4892,-127.66846,-1.9033045,-0.9692238
1922,-4471.5671,-4359.7802,-111.78681,-1.4928822,0.93712775
1923,-4379.5576,-4167.5184,-212.03924,-3.3281719,0.46533329
1924,-4661.0071,-4527.2051,-133.80192,-2.0847592,-0.26707093
1925,-4731.4824,-4616.8276,-114.65477,-1.7994865,0.3244437
1926,-4744.8847,-4582.8638,-162.02088,-2.5390318,0.081251166
1927,-4461.1765,-4297.0894,-164.08705,-2.5717004,-0.16938521
1928,-4402.4471,-4199.3875,-203.05957,-3.1672992,-1.3722192
1929,-4257.7318,-4065.1783,-192.55351,-2.8172486,-0.75311641
1930,-3579.3318,-3411.0392,-168.29261,-2.3018075,0.70011911
1931,-3744.6776,-3686.9386,-57.739015,-0.90548643,-0.49846206
1932,-4140.5741,-3979.8948,-160.67932,-2.5133146,-0.81625113
1933,-4217.2235,-4067.5722,-149.65135,-2.3255079,-1.2129317
1934,-4084.5553,-3836.4091,-248.14618,-3.8409466,-0.37789697
1935,-3827.8024,-3656.1169,-171.68546,-2.7015763,-0.40210741
1936,-3733.6847,-3554.076,-179.60873,-2.7574589,-0.87915152
1937,-3405.4024,-3301.218,-104.18435,-1.3974021,-0.5695434
1938,-3179.6706,-3106.7119,-72.958724,-1.0801282,-1.0298784
1939,-3306.0141,-3133.3442,-172.66987,-2.6862859,0.86503738
1940,-3610.3529,-3359.4202,-250.93272,-3.8589931,-0.46258971
1941,-3545.6,-3483.9041,-61.69585,-0.94036091,2.1604929
1942,-3447.4165,-3306.6043,-140.81215,-2.1901734,0.56705343
1943,-3253.9106,-3097.7347,-156.17593,-2.4206839,-0.060140017
1944,-3268.8188,-3022.3261,-246.4927,-3.7403197,1.0159461
1945,-2597.7976,-2555.0625,-42.735111,-0.57729538,0.4451822
1946,-2666.4659,-2479.9532,-186.51264,-2.8421675,-0.056733578
1947,-2785.5812,-2675.806,-109.77522,-1.6923196,0.37820038
1948,-2959.0588,-2811.3618,-147.69705,-2.2833339,-0.46112774
1949,-2994.8988,-2870.9106,-123.98824,-1.9220479,-0.84674538
1950,-2829.8541,-2617.7534,-212.10076,-3.2999013,0.07159684
1951,-2562.4094,-2453.7697,-108.63969,-1.7322946,0.56570972
1952,-2515.7271,-2437.1619,-78.565165,-1.2225625,-0.054840652
1953,-2154.4659,-1948.0538,-206.41211,-2.7201109,-1.2235564
1954,-2039.7176,-1862.9199,-176.79772,-2.7015706,-0.60453045
1955,-2247.2282,-2088.2478,-158.98043,-2.4535618,0.61778713
1956,-2310.6259,-2259.8621,-50.763813,-0.77789926,-0.52282477
1957,-2404.1412,-2259.5628,-144.57835,-2.2648679,-1.1061006
1958,-2112.6024,-2003.5628,-109.03952,-1.6796988,0.24457487
1959,-2147.6894,-1906.7586,-240.93079,-3.6736969,0.36365224
1960,-1916.3859,-1755.0438,-161.34205,-2.4092112,0.30346293
1961,-1573.6471,-1380.6943,-192.95273,-2.6114056,0.70569047
1962,-1300.1788,-1294.2139,-5.9649135,-0.091574302,0.062514254
1963,-1725.2894,-1601.2344,-124.05505,-1.8873809,-0.81090501
1964,-1807.5106,-1667.3665,-140.14414,-2.1727388,-0.50347916
1965,-1826.9365,-1619.0392,-207.89731,-3.1630357,0.9690864
1966,-1525.4588,-1438.8966,-86.562272,-1.3076634,0.41803368
1967,-1384.8094,-1232.1216,-152.68785,-2.3508734,0.038379979
1968,-1008.9412,-879.31736,-129.62382,-1.8920861,0.39907991
1969,-1311.1718,-1043.1514,-268.02039,-3.6352258,1.7126009
1970,-953.52471,-838.47107,-115.05364,-1.7921004,1.3804077
1971,-1146.1271,-1035.0719,-111.05517,-1.7141141,-1.1781069
1972,-1268.8565,-1191.5745,-77.281953,-1.1984514,1.6429227
1973,-1133.6282,-936.62186,-197.00638,-3.138215,0.59646615
1974,-912.56471,-762.31444,-150.25027,-2.3458701,-2.0069856
1975,-874.91765,-779.52075,-95.396899,-1.4947379,-0.24424344
1976,-963.76471,-803.60959,-160.15512,-2.3426854,-0.24886413
1977,-21.082353,127.62595,-148.7083,-2.1430055,0.70867363
1978,-512.45176,-344.12624,-168.32552,-2.5868391,-0.68492565
1979,-682.91765,-564.66628,-118.25137,-1.8600406,-0.43255352
1980,-688.94118,-510.80304,-178.13814,-2.742658,0.29768091
1981,-443.48235,-350.41029,-93.072067,-1.480457,-1.0448023
1982,-290.63529,-196.30158,-94.333716,-1.4713488,0.47551523
1983,-191.54824,-106.23027,-85.317961,-1.3068364,-0.64299579
1984,-72.282353,214.25599,-286.53834,-3.8801446,-0.40446184
1985,282.95529,453.49854,-170.54324,-2.5975484,0.15968906
1986,99.388235,226.52484,-127.1366,-1.961005,-0.45749137
1987,-84.178824,-25.136178,-59.042646,-0.90237536,-0.96189669
1988,-161.12941,-9.4260666,-151.70335,-2.3268901,-0.18978601
1989,159.17176,324.67563,-165.50386,-2.5998409,0.60963719
1990,258.25882,402.47808,-144.21926,-2.2232633,-1.1569036
1991,259.46353,333.35359,-73.890065,-1.1146053,0.52647728
1992,800.37647,949.18995,-148.81348,-1.9560375,-0.96709593
1993,763.93412,914.17884,-150.24473,-2.2106567,-0.86602225
1994,533.23294,720.27119,-187.03825,-2.8347676,1.1814999
1995,402.22118,507.66102,-105.43984,-1.614097,-0.24437309
1996,483.84,636.48393,-152.64393,-2.3794161,0.65968639
1997,754.59765,829.7931,-75.195456,-1.1450598,-0.50632783
1998,875.36941,1005.5967,-130.22732,-2.0032972,-0.14293262
1999,964.21647,1126.789,-162.57254,-2.5177924,-0.93759283
2000,1209.8259,1381.7417,-171.91579,-2.2345179,-0.44262744
2001,1322.7671,1403.5862,-80.819148,-1.2380128,-0.62300872
2002,996.74353,1136.5143,-139.77079,-2.1413714,0.98844898
2003,971.59529,1207.2846,-235.68933,-3.6582648,-0.93047901
2004,1016.9224,1215.813,-198.89062,-3.1177406,-0.42299985
2005,1343.0965,1464.0327,-120.93626,-1.888131,0.22861239
2006,1394.4471,1484.9795,-90.532485,-1.4201928,-1.1279392
2007,1481.1859,1626.3705,-145.18466,-2.1597523,-0.68578894
2008,1968.3388,2084.5073,-116.16848,-1.5362655,-0.47187253
2009,1844.4047,2104.8556,-260.45093,-4.0330561,1.1722867
2010,1562.3529,1726.1672,-163.81421,-2.5884386,0.34578837
2011,1412.2165,1550.962,-138.74554,-2.1315665,-0.084101514
2012,1766.0988,1815.3407,-49.241913,-0.77366516,-0.23467241
2013,1837.1765,2008.6499,-171.47344,-2.6229655,0.87237415
2014,2000.2635,2148.5447,-148.28118,-2.3427844,1.1033022
2015,2475.52,2647.5278,-172.00776,-2.4389684,-0.05549749
2016,2216.8094,2319.1116,-102.30222,-1.3802568,0.58374311
2017,2368.4518,2546.0853,-177.63357,-2.7681626,-0.27033588
2018,2140.4612,2207.0462,-66.584995,-1.0213578,-1.0786589
2019,1975.4165,2185.5009,-210.08441,-3.1942372,0.6493488
2020,2175.6988,2315.2215,-139.52268,-2.197549,-0.81505867
2021,2468.8941,2578.4033,-109.50916,-1.7090494,-0.84264312
2022,2465.8824,2538.7539,-72.871592,-1.1329389,-0.064521025
2023,2759.68,2938.9877,-179.30773,-2.4868168,1.4900633
2024,3208.1318,3355.8293,-147.69757,-2.1670083,0.14065037
2025,2808.1694,2919.5371,-111.3677,-1.7593726,0.23192731
2026,2542.6824,2656.9538,-114.27148,-1.7730346,-0.57964625
2027,2587.7082,2723.0859,-135.37768,-2.1035039,-0.7479823
2028,2789.4965,2946.4687,-156.97226,-2.4790549,-0.62534614
2029,3000.7718,3153.543,-152.77119,-2.4021562,-0.12569448
2030,3064.0188,3212.3437,-148.32484,-2.2542947,0.97333254
