sample,mean0,mean1,diff_of_means,t_first,t_second
0,311.29981,174.92514,136.37467,1.1014689,0.73547649
1,1096.9385,1182.2188,-85.280262,-0.74519384,-0.38760487
2,2101.8696,2089.7658,12.103811,0.10814432,-0.54357663
3,3170.2048,3015.9846,154.2202,0.82243023,0.24771146
4,11484.723,11778.457,-293.73428,-1.6204934,-0.38351903
5,-9713.6983,-9817.428,103.7297,0.20692904,1.6043252
6,-8312.6108,-8420.4837,107.87288,0.2469203,1.0937309
7,5417.4749,5604.4837,-187.00882,-1.3828281,0.44028537
8,3472.4469,3555.501,-83.054032,-0.44202115,0.12304111
9,-9119.702,-9260.714,141.01196,0.58447275,3.0192581
10,-8434.175,-8289.7812,-144.39386,-0.75333534,3.5134437
11,-588.27561,-770.94818,182.67257,0.94767169,1.2985027
12,7342.9572,7520.7985,-177.8413,-1.18169,1.6067771
13,1287.6276,1278.5259,9.1016488,0.02952688,0.53715603
14,-6504.4022,-6700.714,196.31178,1.020196,-0.76343429
15,9022.9274,9195.3628,-172.43539,-0.56912898,2.0976421
16,5379.8138,5387.7927,-7.9789261,-0.022876058,2.0250292
17,-3377.5791,-3371.2399,-6.3392202,-0.04418932,0.21064164
18,-2438.9125,-2418.4875,-20.424953,-0.12317745,0.58380164
19,-5401.743,-5657.0595,255.31648,1.5564279,-0.23721842
20,3747.9926,4118.1113,-370.11877,-1.9218256,2.2319557
21,2912.7747,2905.428,7.3466511,0.036467617,2.0058706
22,-3627.8585,-3792.3378,164.47934,1.3120612,0.3247244
23,-3849.0577,-3716.6679,-132.38978,-1.1249575,1.0152878
24,-2534.257,-2521.1823,-13.074642,-0.10626966,-0.93660749
25,-2089.9516,-2104.5067,14.555135,0.11659009,-2.337176
26,-1493.5717,-1582.6795,89.107768,0.54363727,-0.94987083
27,4426.8454,4571.6392,-144.79372,-1.1602011,-0.2352246
28,670.7486,589.63532,81.113287,0.51851165,0.20783846
29,-2064.6853,-2104.0154,39.330066,0.32610025,-0.68895702
30,71.985102,152.81382,-80.828717,-0.60473979,0.44980949
31,2890.8454,2738.3647,152.48075,1.1653153,-1.3973495
32,3660.7523,3907.3167,-246.56437,-1.9969486,-1.6631446
33,203.56052,44.714012,158.84651,1.0778393,0.63594469
34,-3187.3669,-3216.952,29.585162,0.25729957,0.028171274
35,-3297.4898,-3147.1785,-150.31126,-1.2806777,2.1164351
36,-1483.5605,-1639.1862,155.62566,1.3369842,2.7253444
37,-1261.4078,-1111.4626,-149.94525,-1.2434078,0.69515048
38,1246.1527,1149.2975,96.855195,0.81198455,0.31304303
39,-1000.6406,-856.4453,-144.1953,-0.96359568,2.6047021
40,-3490.0857,-3579.0864,89.000711,0.75488198,2.4866933
41,-355.63501,-436.33013,80.695125,0.64524506,1.5015111
42,-278.88268,-129.71977,-149.16291,-1.2713899,1.323574
43,-832.83426,-1053.4818,220.6475,1.8388228,0.84362493
44,-31.463687,4.4222649,-35.885952,-0.30747854,0.52294886
45,735.58287,828.43762,-92.854752,-0.809231,1.4727452
46,145.87709,48.153551,97.723544,0.82903863,1.848699
47,372.79702,372.45298,0.34404544,0.0029198377,-0.274333
48,2371.6946,2373.7735,-2.0789128,-0.018473693,0.69079278
49,1578.905,1687.3397,-108.4347,-0.91737325,0.75822656
50,63.404097,-94.833013,158.23711,1.3883548,-0.72637562
51,-1242.8156,-1137.5048,-105.31084,-0.93789612,0.71922121
52,-1754.3389,-1688.8138,-65.5251,-0.6032008,0.44161566
53,-1925.0056,-2007.2169,82.211304,0.75859097,-0.38874973
54,-1467.352,-1344.3685,-122.98343,-1.0795296,-0.6680345
55,-268.39479,-260.42226,-7.972521,-0.068477694,-1.1838213
56,-429.05028,-487.92322,58.872945,0.49569533,0.2868464
57,-1291.9181,-1243.1478,-48.770271,-0.41305043,-2.0762463
58,-431.43389,-644.17658,212.74269,1.7882812,-2.1906849
59,246.46555,318.89443,-72.428884,-0.63317868,0.284392
60,516.2905,577.84261,-61.552108,-0.51137124,2.0280126
61,-999.68715,-1184.1843,184.49711,1.5253238,1.8800378
62,1063.568,1309.4818,-245.9138,-2.0979783,1.594496
63,-128.23836,-289.90403,161.66567,1.3827485,-0.26103441
64,221.67598,468.76008,-247.0841,-2.1278304,-0.34725397
65,53.869646,-74.195777,128.06542,1.0596234,1.8940101
66,2170.9944,2246.5106,-75.516143,-0.66595187,2.1604723
67,2583.3594,2653.8503,-70.490884,-0.62543803,1.0823171
68,668.36499,550.3263,118.0387,0.9309107,0.97508241
69,-1127.9255,-1100.1612,-27.764284,-0.24376923,0.60895696
70,-1606.5549,-1614.1267,7.5717446,0.066532674,0.39643464
71,-1042.5922,-1009.2591,-33.333062,-0.28371188,-0.045524554
72,-60.543762,-184.26104,123.71727,1.0795192,-0.50039038
73,-88.193669,-10.318618,-77.87505,-0.72232015,-1.6828936
74,-283.17318,-212.76008,-70.413108,-0.65372594,-1.3801415
75,-66.741155,-300.22265,233.48149,2.1110581,0.081015931
76,210.23464,365.08253,-154.8479,-1.3814,-0.8707115
77,738.4432,739.99232,-1.5491195,-0.014069082,-0.82187614
78,679.32961,608.3071,71.022507,0.65056599,-0.36912238
79,290.80074,437.31286,-146.51212,-1.312545,-1.0900203
80,204.99069,185.73512,19.255564,0.16303326,-1.1173298
81,-549.66108,-561.62764,11.966559,0.10226443,-0.25255581
82,123.94786,174.92514,-50.977285,-0.44183882,-0.45013901
83,873.35568,838.75624,34.599442,0.30181759,-0.92979254
84,163.03911,179.83877,-16.799665,-0.14540099,0.15157033
85,-84.856611,-118.41843,33.561815,0.29922802,0.56179588
86,-627.84358,-708.54511,80.70153,0.71491,2.3902701
87,-993.01304,-939.4856,-53.527431,-0.4594839,1.6814306
88,-1343.8808,-1415.6161,71.735303,0.6129355,-0.043827398
89,-1697.6089,-1585.1363,-112.47266,-1.0170593,0.16316162
90,-1069.2886,-1159.1248,89.836119,0.8060799,1.1285979
91,-1107.4264,-1081.9808,-25.445637,-0.23342196,1.6453339
92,-644.05214,-559.17083,-84.881316,-0.74757414,1.3742266
93,3.3370577,-113.01344,116.35049,1.0133792,1.0890758
94,107.26257,143.96929,-36.70672,-0.3161317,0.41162523
95,256.47672,259.9309,-3.4541796,-0.030327417,0.20630224
96,261.24395,340.5144,-79.270448,-0.67691941,0.43134145
97,172.57356,62.894434,109.67912,0.98469412,-0.31273518
98,-322.74115,-215.70825,-107.0329,-0.97549871,-1.2665152
99,-319.88082,-222.09597,-97.78485,-0.90562318,-0.58598564
100,-170.66667,-390.14203,219.47537,1.9655568,-1.9185621
101,-382.33147,-217.6737,-164.65777,-1.4709915,-1.1095385
102,-186.87523,-307.10173,120.22649,1.0751245,-1.1360893
103,-541.5568,-516.42226,-25.134532,-0.22560802,-0.78243214
104,-539.64991,-509.05182,-30.598083,-0.27291657,0.27811054
105,-749.88454,-761.61228,11.72774,0.10224635,0.069551734
106,-754.17505,-752.27639,-1.898655,-0.016614365,0.21004647
107,-839.50838,-733.60461,-105.90377,-0.94669775,-0.4340645
108,-634.51769,-765.54319,131.0255,1.1793395,-1.2155615
109,-867.15829,-751.29367,-115.86462,-1.0299967,-0.92543102
110,-126.33147,-109.08253,-17.248938,-0.15168075,0.040782168
111,322.26443,211.77735,110.48708,0.99959457,1.8684101
112,275.0689,394.07294,-119.00404,-1.0771499,0.92825969
113,590.65922,492.83685,97.822366,0.86667532,0.36929029
114,356.11173,496.76775,-140.65602,-1.2406104,1.7348296
115,393.77281,240.27639,153.49642,1.3907284,0.74273857
116,30.03352,52.084453,-22.050933,-0.19747854,0.7147583
117,-111.07635,-72.230326,-38.846024,-0.34638806,0.37768744
118,-50.532588,-130.21113,79.678544,0.67960928,0.66196257
119,-672.17877,-675.13244,2.9536667,0.025879999,0.51160985
120,-522.96462,-487.43186,-35.532756,-0.31173142,0.55621013
121,-418.56238,-424.53743,5.9750444,0.051258292,0.41433081
122,-703.64246,-754.24184,50.599385,0.43983197,0.24777163
123,-418.08566,-429.45106,11.365395,0.092044722,0.53834877
124,-192.5959,1.9654511,-194.56135,-1.6511302,0.26672925
125,208.32775,-13.266795,221.59454,1.7694914,-0.056133295
126,778.4879,903.61612,-125.12823,-1.0778322,-0.038940475
127,2095.6723,2120.7217,-25.049436,-0.22338701,-0.14578364
128,-420.46927,-561.62764,141.15837,1.1815713,-0.77142784
129,1021.1397,1238.2342,-217.0945,-1.7175969,0.018780453
130,1292.3948,1142.9098,149.485,1.259973,-0.36252498
131,2443.6797,2480.8906,-37.210893,-0.3135992,0.51398011
132,1642.3091,1663.7543,-21.445194,-0.19023821,-0.38830101
133,2015.5829,1904.5221,111.06079,0.99099792,-0.039743818
134,1022.5698,1149.7889,-127.21904,-1.1375527,1.2768181
135,1232.3277,1172.8829,59.444829,0.53730931,0.50170416
136,1057.3706,1084.4376,-27.067043,-0.24515415,-0.22111833
137,1030.1974,1100.6526,-70.455198,-0.63262709,1.0266192
138,1065.4749,930.14971,135.32515,1.2024372,-0.79787151
139,806.1378,1079.0326,-272.89483,-2.4711285,-0.18204061
140,1105.5196,878.06526,227.45429,2.0481333,1.609724
141,778.96462,850.54894,-71.584326,-0.63911372,0.46077949
142,858.10056,946.36468,-88.264125,-0.76793965,0.94853918
143,1003.5009,877.08253,126.4184,1.0729574,-0.29075736
144,548.70764,682.99424,-134.28661,-1.1953102,0.12589193
145,609.72812,500.20729,109.52083,0.94430219,-0.18823554
146,481.96648,600.93666,-118.97018,-1.0050469,-0.2219853
147,223.10615,72.721689,150.38446,1.3139478,-1.07348
148,4.7672253,52.084453,-47.317228,-0.43130697,-1.5773396
149,179.72439,341.98848,-162.26409,-1.488579,-1.9848305
150,352.77467,18.671785,334.10289,3.1165173,-0.056652198
151,44.335196,321.35125,-277.01605,-2.4993685,0.68645864
152,-252.66294,-353.28983,100.62688,0.91086038,0.57369078
153,-669.79516,-745.39731,75.602155,0.68831691,-0.39251853
154,-1106.473,-874.62572,-231.84728,-2.0794675,-0.98307583
155,-1021.6164,-1171.4088,149.79244,1.2947648,-0.57031132
156,-1122.6816,-1037.2668,-85.41477,-0.73659684,-0.96567917
157,-858.57728,-835.3167,-23.260583,-0.20818583,-0.40347873
158,-724.61825,-824.50672,99.888468,0.90175599,-0.49499608
159,-768.47672,-637.2975,-131.17922,-1.1310792,-0.10659828
160,-398.06331,-485.46641,87.403096,0.75601603,0.29894073
161,-172.09683,-227.99232,55.895488,0.51156522,0.98158697
162,-157.31844,-105.15163,-52.166804,-0.48166089,1.2139735
163,-240.74488,-335.1094,94.364526,0.83464143,0.46354843
164,-371.36685,-157.23608,-214.13077,-1.9102645,0.72169745
165,-29.080074,-255.50864,226.42856,2.054936,0.76951796
166,-235.97765,-100.72937,-135.24829,-1.2506232,0.69046512
167,-24.312849,-28.007678,3.6948284,0.033521848,0.034141958
168,247.41899,148.39155,99.02744,0.90767107,0.66065707
169,118.22719,241.25912,-123.03193,-1.0965496,0.61144826
170,-20.022346,-26.533589,6.5112429,0.058052091,-1.3253326
171,-48.625698,35.869482,-84.49518,-0.72683888,-0.02923739
172,-108.21601,-201.45873,93.242718,0.804764,0.33346973
173,-411.88827,-256.98273,-154.90554,-1.4118618,-0.47313542
174,-196.88641,-122.84069,-74.045715,-0.69655303,-0.12141899
175,21.929236,-204.40691,226.33615,2.085362,-0.57293638
176,179.24767,307.59309,-128.34542,-1.1487887,-0.01456389
177,641.66853,573.42035,68.248183,0.61362863,1.185249
178,513.43017,456.47601,56.95416,0.51832588,0.44686942
179,815.67225,918.35701,-102.68475,-0.9198522,-0.0076154576
180,632.13408,543.93858,88.195499,0.76356949,0.29262087
181,377.56425,430.43378,-52.869535,-0.46152409,-0.29299259
182,304.6257,333.14395,-28.518256,-0.25274181,-1.7183123
183,58.636872,10.809981,47.826891,0.4254438,-0.28437363
184,-306.53259,-232.41459,-74.118001,-0.63840372,0.60884601
185,757.03538,790.60269,-33.567305,-0.28625774,-0.075332056
186,-359.92551,-481.04415,121.11863,1.0364096,0.65326776
187,1149.378,1283.4395,-134.06151,-1.1559917,1.2014631
188,283.17318,216.69098,66.482205,0.59723463,1.4259671
189,391.3892,643.19386,-251.80466,-2.0928923,0.32465047
190,-1045.9292,-1269.19,223.26078,1.9957294,-0.23292018
191,726.04842,756.69866,-30.650239,-0.26783685,0.66605272
192,2113.7877,2205.2361,-91.448375,-0.78843721,0.10454186
193,1298.5922,1174.8484,123.74381,1.0303924,0.89762063
194,-69.60149,16.214971,-85.816461,-0.77720515,0.32275021
195,182.10801,62.403071,119.70494,1.0327341,0.6571956
196,1019.2328,1180.7447,-161.51195,-1.3518024,-0.27801872
197,1554.1155,1430.357,123.75845,1.0622808,-1.7547938
198,1225.1769,1360.0921,-134.91522,-1.2122457,-0.66339494
199,1070.7188,1222.5106,-151.79175,-1.4150973,-0.51867087
200,638.33147,404.39155,233.93992,2.1922139,0.21358106
201,-81.519553,110.06526,-191.58481,-1.7336702,1.1620217
202,399.49348,324.29942,75.194058,0.68002951,0.74856326
203,440.96834,417.16699,23.801356,0.21626097,0.23979993
204,339.90317,429.94242,-90.039253,-0.81704824,0.49667549
205,424.75978,348.3762,76.383577,0.6728041,0.18362089
206,38.614525,33.904031,4.7104944,0.041292763,-0.0032115478
207,122.04097,169.52015,-47.479185,-0.42017341,-0.65834415
208,319.88082,220.13052,99.750301,0.91305743,-0.63929706
209,-287.94041,-192.6142,-95.326206,-0.87557924,0.10309342
210,63.880819,-12.775432,76.656251,0.66775507,1.524812
211,116.79702,141.51248,-24.715456,-0.21713721,0.32166192
212,42.905028,99.746641,-56.841613,-0.50167967,0.24359446
213,69.60149,29.481766,40.119724,0.35682915,0.4336605
214,-182.58473,-2.9481766,-179.63655,-1.6032347,-0.92639162
215,229.78026,103.67754,126.10272,1.1312524,-0.024965596
216,153.98138,199.00192,-45.020541,-0.40203604,1.084714
217,-7.150838,53.558541,-60.709379,-0.52636699,1.1695081
218,-149.69088,-180.8215,31.130622,0.26312392,-0.43295436
219,-474.81564,-499.22457,24.408926,0.21912452,-0.88613964
220,-666.4581,-628.45298,-38.005126,-0.33549576,0.56311697
221,-325.12477,-316.43762,-8.6871473,-0.074290467,-0.1858541
222,-214.04842,-357.71209,143.66367,1.2525309,-1.0478355
223,-241.2216,-120.38388,-120.83772,-1.0879514,-0.0033763879
224,-110.12291,-49.136276,-60.986629,-0.55940245,-0.034856556
225,-79.13594,-290.88676,211.75082,1.9722756,0.52834441
226,-123.47114,96.798464,-220.2696,-1.9991911,0.68776031
227,35.75419,-27.516315,63.270505,0.57538157,0.63482817
228,-191.16574,-133.65067,-57.515064,-0.51720867,0.32865873
229,-38.137803,38.326296,-76.464098,-0.68043076,-0.36906546
230,-31.463687,-42.257198,10.793511,0.093103301,0.93623685
231,245.98883,204.40691,41.581917,0.3595248,0.98778329
232,127.76164,174.92514,-47.163505,-0.41198312,0.32624286
233,462.42086,444.19194,18.228918,0.16521523,0.2161192
234,199.27002,186.22649,13.043531,0.12099276,0.97087784
235,227.39665,287.44722,-60.050569,-0.54614944,0.34227417
236,283.17318,167.06334,116.10984,1.0338105,0.023979203
237,-126.33147,-56.506718,-69.824753,-0.62366393,0.096064575
238,-22.882682,-47.170825,24.288144,0.21584457,-0.39269667
239,-163.03911,-64.859885,-98.179221,-0.89571794,-0.54605884
240,118.22719,14.740883,103.48631,0.94363323,-0.32769794
241,70.078212,125.78887,-55.710655,-0.50517697,0.27369072
242,191.64246,195.56238,-3.9199219,-0.033983109,-0.55289156
243,392.34264,458.44146,-66.098814,-0.57743799,-0.79993
244,99.158287,71.247601,27.910686,0.24630662,-0.031403926
245,286.03352,355.74664,-69.713122,-0.61039395,-0.38570861
246,388.52886,469.7428,-81.213938,-0.71263114,0.20818297
247,-21.452514,-168.53743,147.08491,1.2431,1.0998204
248,91.530726,257.47409,-165.94336,-1.3495858,1.2385527
249,443.82868,412.74472,31.083956,0.26035782,1.2683712
250,998.25698,842.19578,156.06121,1.2344073,0.78847487
251,2010.3389,2071.094,-60.75513,-0.53737273,0.30360393
252,3422.8678,3422.3417,0.52613331,0.0045809059,0.79189591
253,1495.0019,1492.7601,2.2417854,0.018928738,0.81864603
254,3375.6723,3411.0403,-35.368054,-0.2685368,-0.36674501
255,3496.2831,3473.9347,22.348313,0.18773819,1.0995071
256,4609.4302,4649.7658,-40.335667,-0.34027843,1.7954043
257,3860.0223,3836.0691,23.953248,0.21209048,1.3083719
258,4239.4935,4328.906,-89.412468,-0.78565056,1.644572
259,3518.689,3424.7985,93.890549,0.82141215,2.6464338
260,4119.3594,4196.7294,-77.369963,-0.68771373,2.1142216
261,4788.2011,4697.428,90.773094,0.80072391,1.3221164
262,4859.2328,4959.3244,-100.0916,-0.87702641,-0.19378559
263,4884.0223,4872.8445,11.177817,0.10153721,-0.36467154
264,4594.6518,4647.309,-52.657252,-0.47275883,0.29997235
265,4383.9404,4306.3033,77.637147,0.71988233,-1.1087686
266,3834.7561,3799.7083,35.047799,0.3252672,-0.79512717
267,3423.8212,3473.9347,-50.113512,-0.44344401,-1.6617875
268,3368.9981,3367.309,1.6891167,0.014405943,-0.95203871
269,2652.0074,2556.5605,95.446988,0.83106681,-0.38837842
270,2278.257,2433.2284,-154.97142,-1.3674525,-0.37103766
271,2034.175,2027.8541,6.3209199,0.054046026,-0.23358752
272,1362.9497,1270.6641,92.285613,0.81977513,-0.2638515
273,646.43575,851.53167,-205.09592,-1.8472705,-0.32684885
274,472.43203,473.6737,-1.2416746,-0.010997408,0.20234494
275,359.44879,224.55278,134.89601,1.2159859,0.49628471
276,196.40968,303.17083,-106.76114,-0.95958506,1.3526656
277,-257.90689,-285.97313,28.066238,0.25260554,0.6839625
278,-221.19926,-205.38964,-15.80962,-0.14208243,-0.48221384
279,-307.96276,-334.61804,26.655286,0.22609266,0.64438281
280,-295.56797,-277.1286,-18.439371,-0.1523913,0.77675738
281,-314.63687,-400.95202,86.315144,0.72111548,-0.85962161
282,-513.43017,-431.90787,-81.522298,-0.70675962,-1.2097446
283,-560.6257,-561.13628,0.51057807,0.0044850401,0.88658096
284,-959.16574,-987.63916,28.47342,0.2545501,1.6685725
285,-824.72998,-723.77735,-100.95263,-0.86302385,2.521825
286,-594.473,-676.60653,82.133528,0.73393159,1.0783734
287,-593.51955,-516.42226,-77.097288,-0.69970352,0.80534967
288,-398.06331,-376.38388,-21.679438,-0.19490087,0.47675784
289,-406.1676,-284.9904,-121.17719,-1.0819211,1.4265215
290,45.288641,-99.255278,144.54392,1.3013824,2.4945816
291,25.266294,55.03263,-29.766335,-0.27309832,2.3661909
292,189.25885,237.32821,-48.06937,-0.43794031,0.81213481
293,613.5419,598.47985,15.062053,0.13337038,-0.099394378
294,650.72626,623.04798,27.678272,0.24606496,-0.042534714
295,896.23836,881.5048,14.733563,0.12962888,0.57662352
296,1264.2682,1298.1804,-33.912266,-0.29658454,1.1597404
297,1436.8417,1313.4127,123.42905,1.1200775,0.070854586
298,1443.0391,1654.9098,-211.87068,-1.9190561,0.36467099
299,1665.6685,1647.048,18.620544,0.16880083,-0.41924217
300,1762.9199,1646.0653,116.85467,1.0434331,-0.77792128
301,1599.8808,1737.4587,-137.57791,-1.2303724,-1.1254865
302,1785.3259,1703.5547,81.771182,0.74673812,1.035111
303,1509.7803,1575.8004,-66.020123,-0.597821,-0.44535017
304,1728.5959,1746.3033,-17.70736,-0.15435625,-1.5815136
305,1603.2179,1587.1017,16.11615,0.13758152,0.082939691
306,1644.6927,1658.3493,-13.656591,-0.11479499,0.63477946
307,1615.6127,1723.2092,-107.59655,-0.91683085,-0.20520889
308,1641.3557,1602.8253,38.530344,0.34169483,-0.88383878
309,1215.6425,1217.1056,-1.4631081,-0.012865712,1.5202521
310,2222.9572,2307.4395,-84.48237,-0.72212651,1.5282065
311,1085.0205,937.02879,147.99169,1.2348434,1.6029856
312,2512.3277,2656.3071,-143.97935,-1.2647621,1.3841721
313,1812.4991,1741.3896,71.109434,0.63399486,0.090224231
314,1927.8659,1998.3724,-70.506439,-0.61630749,1.455044
315,597.33333,516.91363,80.419706,0.70683488,1.3566339
316,2524.2458,2516.7601,7.4857333,0.066836608,1.0897953
317,3886.2421,4007.0633,-120.82125,-1.0559611,-0.17808775
318,3004.3054,2968.3225,35.982944,0.29793166,-0.16132703
319,1311.4637,1283.4395,28.024148,0.2465502,0.96392258
320,1387.7393,1405.7889,-18.049575,-0.15339242,0.2886097
321,2077.0801,2151.1862,-74.106106,-0.64114341,-0.42555775
322,2442.2495,2343.8004,98.449151,0.88070578,0.81733158
323,2342.6145,2450.4261,-107.81158,-0.98453108,-0.60885215
324,2229.6313,2297.6123,-67.980999,-0.62829595,-0.42822283
325,2195.784,1999.3551,196.4289,1.7852199,-1.8354033
326,1546.0112,1687.8311,-141.81992,-1.2883307,-1.1787141
327,2084.7076,1997.3896,87.318,0.79755621,0.74904914
328,2175.2849,2203.762,-28.47708,-0.25584658,-0.12983544
329,1893.0652,1901.5739,-8.5087194,-0.073869043,-1.0185937
330,1925.0056,1916.3148,8.6908073,0.074415001,-1.6674506
331,1345.7877,1282.9482,62.839533,0.54057353,-1.5341591
332,1429.6909,1507.501,-77.810084,-0.67732974,-1.5930324
333,1706.1899,1717.3129,-11.122916,-0.097506312,-0.41424492
334,1073.5791,1050.5336,23.045554,0.20283374,0.95811386
335,1419.203,1489.3205,-70.117558,-0.6286964,1.7237874
336,1375.8212,1310.4645,65.356738,0.56759385,1.9925804
337,1114.1006,1234.7946,-120.69407,-1.0475304,0.5126209
338,894.80819,867.25528,27.552915,0.24830475,0.017308236
339,410.93482,504.1382,-93.203373,-0.83345144,0.58132672
340,927.22533,782.24952,144.97581,1.3262928,-0.46850781
341,618.78585,647.61612,-28.830276,-0.25963822,1.3256987
342,681.2365,752.76775,-71.531255,-0.6358804,0.97365185
343,782.7784,713.9501,68.828303,0.5959064,0.59416017
344,509.61639,515.9309,-6.3145148,-0.055271425,0.63041586
345,503.89572,564.08445,-60.188736,-0.53969483,0.25003599
346,671.22533,646.6334,24.591929,0.21676775,-0.031400659
347,693.15456,663.33973,29.814831,0.26850898,0.23052812
348,567.29981,673.16699,-105.86717,-0.97874907,0.092359522
349,517.24395,575.87716,-58.633211,-0.52802311,0.45774699
350,658.83054,446.15739,212.67315,1.8766815,-0.46940483
351,512,659.40883,-147.40883,-1.3215162,-0.1439616
352,815.67225,854.97121,-39.298956,-0.35713959,-0.24037787
353,720.32775,642.7025,77.625252,0.69526005,-0.51072759
354,866.68156,969.45873,-102.77717,-0.88490312,0.33683367
355,974.89758,856.93666,117.96092,1.0142948,-0.15943025
356,872.87896,914.91747,-42.038509,-0.35354671,-0.90274293
357,931.51583,952.7524,-21.236571,-0.18201773,-1.7793095
358,1078.8231,1021.0518,57.771268,0.49763588,-0.14472763
359,900.05214,885.4357,14.616441,0.12987557,0.56787302
360,1088.8343,1147.8234,-58.989152,-0.52198958,1.2041641
361,1271.8957,1157.1593,114.73641,1.0442346,0.70312932
362,1156.5289,1315.8695,-159.34062,-1.3833485,-0.26033414
363,1266.175,1226.4415,39.733588,0.34654078,0.18535744
364,1148.9013,1283.9309,-135.0296,-1.1928349,0.66348882
365,1392.5065,1267.7159,124.79059,1.1621885,1.2697374
366,1155.5754,1184.6756,-29.100205,-0.26517059,0.74537352
367,1146.5177,1268.2073,-121.6896,-1.0928114,1.6800462
368,1294.3017,1202.856,91.44563,0.79982289,1.485123
369,936.28305,911.96929,24.313764,0.21742274,1.1951554
370,1300.0223,1303.094,-3.0717035,-0.027286378,0.51082313
371,1259.9777,1330.119,-70.141348,-0.60551003,0.9148619
372,1033.0577,927.6929,105.36483,0.92259067,0.8109031
373,1077.8696,1192.0461,-114.17642,-0.99253431,1.6150718
374,1417.7728,1490.7946,-73.021814,-0.63386747,0.77036969
375,2111.8808,1920.737,191.14378,1.5106332,0.091284527
376,3791.851,3903.3858,-111.53477,-0.99968556,-0.48746463
377,6552.5512,6601.9501,-49.398886,-0.41688834,1.3043449
378,4717.6462,4672.3685,45.27766,0.37469984,0.86038883
379,5812.6778,5855.0787,-42.400855,-0.33137136,0.027813272
380,5698.7412,5664.9213,33.819849,0.27827208,-0.48520405
381,6950.6145,6992.5835,-41.968968,-0.34430936,-0.45750725
382,6109.1993,6177.4127,-68.213413,-0.59255627,-0.91943981
383,6390.4655,6327.7697,62.695876,0.53317815,-2.2284423
384,5927.568,5889.9655,37.602519,0.32733171,0.55563457
385,6744.6704,6762.1344,-17.463966,-0.15486721,0.75589073
386,7092.2011,6975.8772,116.32396,1.0176988,0.40361434
387,7138.9199,7252.023,-113.10311,-0.97445153,1.2636616
388,6988.2756,6939.5163,48.75929,0.41717144,-0.3546375
389,6720.8343,6814.2188,-93.384546,-0.82394298,-0.5208134
390,6355.6648,6259.4702,96.194555,0.83475092,1.4573875
391,5631.5233,5614.8023,16.720974,0.1562911,1.0852604
392,5232.9832,5375.5086,-142.5254,-1.2852071,1.7039972
393,4880.6853,4816.3378,64.347477,0.55730632,0.36387444
394,3972.0521,3930.4107,41.641393,0.35921323,1.1353077
395,3485.3184,3568.2764,-82.957956,-0.74562066,-0.15425015
396,3153.0428,3151.6008,1.4420628,0.012312195,-0.62130928
397,2357.3929,2350.6795,6.7134611,0.059007291,-0.25383675
398,1575.0912,1606.2649,-31.173628,-0.28034057,-1.2287413
399,1350.0782,1408.737,-58.658832,-0.53772556,-0.39864089
400,1178.4581,967.49328,210.96482,1.9002663,-0.081614564
401,936.75978,1032.8445,-96.084753,-0.8518234,-0.97727401
402,579.21788,632.38388,-53.166,-0.48407532,-0.30529421
403,413.79516,316.43762,97.357538,0.91346171,-0.56007176
404,157.31844,258.94818,-101.62974,-0.91665835,-1.2534783
405,105.8324,96.798464,9.0339377,0.078287429,-0.82739891
406,86.763501,2.9481766,83.815324,0.72329446,-1.8320782
407,-126.33147,69.28215,-195.61362,-1.7540203,-2.4664806
408,-78.182495,-169.02879,90.846295,0.82971942,-3.2743697
409,-289.37058,-296.29175,6.9211694,0.060264502,-0.94183522
410,-103.92551,22.602687,-126.5282,-1.1226485,0.17628727
411,201.17691,55.03263,146.14428,1.3096933,2.4700995
412,160.65549,366.55662,-205.90113,-1.8335266,0.72834913
413,402.35382,266.31862,136.0352,1.2025902,-0.22715765
414,518.67412,617.64299,-98.968879,-0.87630974,-0.25450616
415,936.75978,848.09213,88.667646,0.80839509,0.14956192
416,1115.5307,1077.5585,37.972185,0.34715912,0.64356087
417,1307.1732,1483.4242,-176.251,-1.5904927,0.91690461
418,1903.0764,1751.7083,151.3681,1.3271804,-0.154742
419,2030.838,2076.499,-45.661051,-0.39759951,-0.28971496
420,2193.4004,2202.7793,-9.3788982,-0.082118176,-0.64774857
421,2610.0559,2624.8599,-14.804019,-0.12861958,-0.013133643
422,2666.7858,2718.2188,-51.432963,-0.46449119,0.2227384
423,2702.0633,2738.856,-36.792731,-0.34310222,-0.2988359
424,2903.7169,2955.547,-51.830079,-0.48478524,0.93563688
425,3044.8268,2921.643,123.18382,1.101255,-1.0527907
426,3005.2588,3111.309,-106.05018,-0.97022122,-0.10103488
427,3155.9032,3214.0038,-58.100673,-0.53494494,-0.40866574
428,3048.6406,2932.9443,115.69626,1.0697225,-1.3561661
429,3267.4562,3310.8023,-43.346065,-0.39907229,-2.0649581
430,3102.5102,3059.7159,42.794311,0.37886591,-0.38782671
431,3065.3259,2999.7697,65.556211,0.57419657,0.24381658
432,2937.5642,3107.8695,-170.30524,-1.47584,-0.67630299
433,2931.3669,2763.9155,167.45131,1.5001827,-0.9461139
434,2516.6182,2617.9808,-101.36256,-0.91700481,0.052383071
435,3530.1304,3588.4223,-58.291911,-0.50995751,-0.6415507
436,2374.0782,2237.666,136.41219,1.1786884,0.89052291
437,3787.5605,4024.7524,-237.19188,-2.0748624,1.0051308
438,3085.825,2933.4357,152.38925,1.3656102,0.32398848
439,3143.5084,3335.3704,-191.86206,-1.6163214,-0.75736096
440,1812.9758,1661.7889,151.18692,1.3184251,0.10443965
441,3637.3929,3647.3858,-9.9928729,-0.087862898,0.72978735
442,5048.4916,5194.6871,-146.19552,-1.2944169,0.42616867
443,4190.8678,4040.476,150.39178,1.2211286,0.49848329
444,2603.3818,2639.1094,-35.727655,-0.30581503,0.5074401
445,2732.0968,2717.7274,14.369387,0.12104969,-0.02644132
446,3494.8529,3514.2265,-19.373601,-0.16977514,-0.53231466
447,3866.2197,3873.904,-7.6842914,-0.068500238,0.25985274
448,3781.8399,3779.071,2.7688337,0.025557996,0.8911499
449,3580.6629,3771.7006,-191.03763,-1.7109068,-0.19638718
450,3484.8417,3192.3839,292.45784,2.5884946,-0.29981082
451,2748.7821,2934.9098,-186.12767,-1.6737981,-0.76632549
452,3202.622,3246.4338,-43.811807,-0.40750186,-0.70598121
453,3370.4283,3270.5106,99.917749,0.93859099,0.35834054
454,3021.9441,3148.1612,-126.21709,-1.1368236,-0.84250076
455,3143.5084,3078.3877,65.120664,0.55433484,-1.1401135
456,2503.27,2517.7428,-14.472784,-0.1277603,-0.80836969
457,2608.149,2677.4357,-69.286725,-0.64174589,-0.96166226
458,2856.9981,2730.5029,126.49526,1.1677598,-0.8941641
459,2191.0168,2191.9693,-0.95253005,-0.0085238947,0.12901981
460,2440.8194,2438.6334,2.1859695,0.019666608,0.33205985
461,2403.1583,2297.1209,106.03737,0.96892005,1.0467319
462,2108.067,2269.6046,-161.53757,-1.4589554,1.3689481
463,1938.3538,1778.7332,159.62061,1.3771382,0.19366929
464,1460.2011,1700.6065,-240.40541,-2.15914,-0.067604673
465,1939.3073,1737.4587,201.84853,1.7976917,0.6595865
466,1639.4488,1750.7255,-111.27674,-1.0193257,1.093855
467,1597.9739,1706.0115,-108.03759,-0.93416085,0.20451023
468,1617.5196,1494.2342,123.28539,1.0664341,0.42183196
469,1352.4618,1383.1862,-30.724355,-0.26953837,0.85980029
470,1229.4674,1247.5701,-18.102646,-0.154858,0.90096383
471,1422.0633,1495.2169,-73.153576,-0.61363434,0.35084662
472,1494.0484,1432.8138,61.234598,0.54158678,0.071568521
473,1457.3408,1504.0614,-46.720638,-0.43530061,-0.23560839
474,1522.175,1598.4031,-76.228024,-0.69687651,-1.0040518
475,1578.4283,1325.6967,252.73157,2.2147662,-0.61623614
476,1557.4525,1761.0441,-203.59163,-1.7933957,-0.60962987
477,1777.6983,1737.9501,39.748228,0.36589357,0.83217146
478,1667.0987,1562.5336,104.56511,0.99157926,0.33210035
479,1784.3724,1963.977,-179.60453,-1.618513,-0.7424132
480,1846.3464,1726.1574,120.18898,1.0469157,0.26425641
481,1845.3929,1993.4587,-148.06581,-1.282158,0.72488611
482,1853.9739,1927.6161,-73.642194,-0.64273475,-1.6157816
483,2160.9832,2070.6027,90.380553,0.80764779,-0.58635061
484,1938.8305,2017.0441,-78.213606,-0.71127341,-0.35185393
485,2126.6592,2117.7735,8.8857054,0.08040984,-0.52058822
486,2291.6052,2279.9232,11.68199,0.10548751,0.5551429
487,2107.5903,2130.5489,-22.958628,-0.21312007,0.61642159
488,2237.7356,2212.1152,25.620405,0.22846776,0.17297135
489,2141.4376,2234.2265,-92.788871,-0.83134927,-0.69067366
490,2311.6276,2127.1094,184.51816,1.6984561,-0.49378293
491,2127.6127,2269.6046,-141.99194,-1.2926546,1.2360111
492,2186.2495,2155.6084,30.641089,0.27122004,0.12133675
493,2338.8007,2280.906,57.894795,0.52492833,0.15671971
494,1967.4339,2005.7428,-38.30891,-0.34311351,-0.069065912
495,2293.5121,2216.0461,77.466039,0.69741875,-0.50593135
496,2166.7039,2375.2476,-208.54369,-1.8176456,-0.17750854
497,1910.7039,1711.4165,199.2874,1.6974516,0.75465303
498,1926.4358,2091.7313,-165.29553,-1.3679149,1.6951105
499,2287.3147,2388.5144,-101.19968,-0.90041706,1.8302006
500,3011.4562,2777.6737,233.78253,1.8595382,2.0148044
501,4547.4562,4829.1132,-281.65701,-2.5514571,1.4142956
502,6980.1713,6895.785,84.386293,0.72489811,2.4090144
503,4911.1955,4884.6372,26.558295,0.21862961,1.0911634
504,6479.1359,6530.2111,-51.075192,-0.39170191,0.032830861
505,6924.8715,6771.9616,152.9099,1.3054635,-0.54076027
506,7830.1676,8004.2994,-174.13183,-1.5001016,1.5766733
507,6759.4488,6645.19,114.25877,1.0149284,0.36929922
508,7294.8082,7350.2956,-55.487392,-0.48756138,0.72666701
509,6850.0261,6848.1228,1.9032301,0.01680272,1.2113074
510,7384.432,7342.9251,41.506886,0.35797642,-0.54696675
511,7669.9888,7822.9866,-152.99774,-1.3269473,-0.71948243
512,8099.5158,8064.737,34.778785,0.31066019,0.35782278
513,7882.1304,7922.7332,-40.602852,-0.35475826,-0.25525308
514,7509.3333,7631.8464,-122.51312,-1.086155,0.1402566
515,7248.0894,7101.666,146.42336,1.3200773,-0.1339588
516,6561.6089,6700.2226,-138.61371,-1.2727542,0.43055374
517,6164.9758,6122.8714,42.10439,0.37565205,0.74351454
518,5759.2849,5772.0384,-12.753472,-0.11066365,-0.44102607
519,4987.4711,4896.4299,91.041194,0.809128,-0.1108711
520,4522.6667,4543.1401,-20.473448,-0.18075966,-0.0086378042
521,4117.9292,4224.2457,-106.31644,-0.91363915,0.51312909
522,3385.6834,3155.0403,230.64312,2.0351882,-0.31862107
523,2554.7561,2752.6142,-197.85815,-1.7960201,0.48069477
524,2286.3613,2303.0173,-16.656008,-0.15010279,-0.1445343
525,2059.9181,1837.2054,222.71269,2.0812507,0.31850908
526,1679.4935,1963.4856,-283.99212,-2.6071234,1.2432475
527,1419.6797,1306.5336,113.14611,1.0351697,1.1689755
528,1107.9032,1140.9443,-33.041172,-0.2958326,1.1904685
529,1025.9069,1080.5067,-54.599828,-0.48137408,1.0409538
530,984.90875,963.07102,21.837735,0.18575487,0.61027562
531,862.39106,913.44338,-51.052317,-0.44366384,-0.13240089
532,768.47672,758.66411,9.812615,0.087402111,-0.078169604
533,761.32588,746.38004,14.945846,0.13475847,0.42419733
534,531.54562,440.26104,91.284587,0.81510914,1.0099483
535,624.50652,710.51056,-86.004039,-0.73556562,-0.3499948
536,876.21601,849.56622,26.649796,0.22962716,0.061391277
537,942.00372,940.46833,1.5353943,0.013826056,0.56525013
538,1063.568,1173.8656,-110.29767,-0.98899872,0.6667567
539,1272.8492,1285.405,-12.555828,-0.11402123,-0.14648778
540,1670.4358,1627.3935,43.04228,0.39060187,-0.21731613
541,1750.5251,1821.9731,-71.447989,-0.63596095,0.11958465
542,2040.8492,2104.5067,-63.657556,-0.55465985,1.012276
543,2457.0279,2438.6334,18.394536,0.15911641,0.12920863
544,2703.0168,2664.1689,38.847854,0.34001237,0.86255031
545,2808.8492,2905.428,-96.578861,-0.83503201,0.84010504
546,3219.3073,3301.9578,-82.650511,-0.71589816,0.48733043
547,3434.7858,3292.1305,142.65533,1.2602197,0.52370518
548,3421.9143,3529.4587,-107.54439,-0.97692954,-0.34246817
549,3717.4823,3703.4012,14.081157,0.12620549,-1.2178842
550,3802.3389,3626.2572,176.08172,1.6171037,0.17766304
551,3723.6797,3868.0077,-144.32798,-1.3131284,1.1648204
552,3932.9609,3817.3973,115.56358,1.0592713,1.6034513
553,3684.5885,3757.9424,-73.353964,-0.67896501,0.91490361
554,3952.0298,3930.9021,21.127684,0.18889321,-0.7080536
555,3756.5736,3763.8388,-7.2652148,-0.062871894,0.7517434
556,3678.3911,3748.6065,-70.215464,-0.61892535,1.0494035
557,3691.2626,3760.3992,-69.136662,-0.61885678,0.61719659
558,3606.8827,3559.4319,47.45082,0.43368584,0.80021686
559,3289.8622,3257.7351,32.127073,0.29511223,3.5568262
560,4176.0894,4275.3474,-99.258023,-0.88288318,1.9908036
561,3040.5363,2942.7716,97.76472,0.83773839,1.672621
562,4472.1341,4581.9578,-109.8237,-0.94619059,1.5292802
563,3732.2607,3641.4894,90.771264,0.8082901,0.73250051
564,3874.8007,3979.0557,-104.25492,-0.88189966,0.83615925
565,2467.0391,2305.4741,161.56502,1.4765794,0.5890566
566,4320.5363,4401.1363,-80.599964,-0.72717403,1.3612366
567,5765.0056,5807.9079,-42.902283,-0.37450601,0.42691987
568,4845.4078,4865.9655,-20.55763,-0.16978488,0.33886458
569,3361.3706,3217.9347,143.43584,1.2418063,0.2053008
570,3284.6182,3403.6699,-119.05162,-1.0215426,0.48559591
571,4091.7095,4197.7121,-106.00259,-0.91327826,-0.47163943
572,4464.0298,4366.7409,97.288912,0.85974111,0.021315607
573,4346.2793,4437.9885,-91.709154,-0.82501588,0.13971872
574,4256.6555,4326.9405,-70.285006,-0.63487664,-0.067142644
575,4024.9683,3888.6449,136.32343,1.2312125,0.62977971
576,3468.6331,3569.2591,-100.62597,-0.92585959,1.1317861
577,3886.2421,3850.81,35.432105,0.32426737,1.183603
578,4071.6872,4002.1497,69.537439,0.63606605,-0.45319504
579,3714.622,3758.4338,-43.811807,-0.38824958,-1.0662849
580,3744.6555,3732.3916,12.263939,0.10620272,-1.0916686
581,3165.9143,3182.0653,-16.15092,-0.14086323,-0.072034091
582,3199.7616,3274.9328,-75.171183,-0.67616639,-0.26275887
583,3493.8994,3492.1152,1.7842782,0.016046487,0.47287659
584,2832.2086,2804.6987,27.50991,0.24929101,1.5081917
585,3062.9423,3177.643,-114.70072,-1.0255448,3.0829893
586,3064.3724,2998.7869,65.585491,0.59127645,2.0343798
587,2695.8659,2816,-120.13408,-1.0549587,1.065583
588,2594.8007,2544.7678,50.032991,0.45523247,0.92085494
589,2099.0093,2171.8234,-72.814106,-0.65389893,0.9958621
590,2488.9683,2449.4434,39.524965,0.37856765,1.0634725
591,2277.7803,2294.6641,-16.883847,-0.16090672,0.55100391
592,2187.6797,2275.0096,-87.329895,-0.79548836,0.90114438
593,2308.7672,2182.142,126.62519,1.0896434,-0.064966194
594,1950.2719,1923.6852,26.58666,0.23460947,-0.82815499
595,1911.1806,1942.357,-31.176373,-0.28028995,1.4968837
596,2050.3836,2097.1363,-46.752664,-0.40639442,0.73667248
597,2141.4376,2020.975,120.46257,1.0839852,-0.19924965
598,2007.9553,2197.3743,-189.41897,-1.7184068,1.2525837
599,2052.2905,2068.1459,-15.855371,-0.14403047,-1.1049631
600,2080.4171,1983.1401,97.277017,0.88001447,0.51851009
601,2085.6611,2219.977,-134.31589,-1.2046796,0.43343807
602,2294.4655,2302.5259,-8.0603624,-0.071994847,1.0105954
603,2228.6778,2196.8829,31.794922,0.28970879,0.42234899
604,2376.4618,2419.9616,-43.499787,-0.37487711,-0.29816149
605,2384.5661,2393.9194,-9.3532778,-0.080262761,-0.40430069
606,2478.9572,2433.7198,45.2374,0.38903703,0.27881252
607,2404.1117,2531.0096,-126.89787,-1.0947013,-0.45184779
608,2777.3855,2620.4376,156.94785,1.3636691,-0.80806188
609,2458.4581,2504.476,-46.017907,-0.40567657,-0.076574468
610,2683.9479,2740.3301,-56.382276,-0.49734342,0.88794076
611,2803.1285,2723.1324,79.996054,0.72144962,0.40408224
612,2642.9497,2770.7946,-127.84491,-1.18308,1.4261317
613,2820.2905,2775.2169,45.073612,0.39771586,0.51868398
614,2673.46,2765.881,-92.421035,-0.82529664,0.16830632
615,2824.581,2785.0441,39.53686,0.35823362,1.1964407
616,2679.1806,2704.952,-25.771382,-0.2440906,0.74742333
617,2650.1006,2730.9942,-80.893683,-0.75516403,0.78489365
618,2868.4395,2811.5777,56.861743,0.51671172,-0.20505256
619,2448.4469,2447.4779,0.96900031,0.0086025989,0.51009094
620,2740.6778,2839.5854,-98.907573,-0.86913969,0.36979263
621,2774.0484,2774.7255,-0.6771107,-0.0059861676,0.12094784
622,2447.4935,2335.9386,111.5549,1.0198325,0.18722929
623,2591.4637,2660.238,-68.774317,-0.59316055,0.75010276
624,2823.1508,2848.4299,-25.279104,-0.21229093,0.20786467
625,3357.0801,3215.9693,141.11078,1.1393571,0.7413768
626,4370.1155,4453.7121,-83.596636,-0.75413694,-0.4223128
627,6500.5885,6547.9002,-47.311738,-0.40403488,1.0365762
628,4872.581,4825.6737,46.907301,0.39849742,0.6604429
629,6025.2961,6086.0192,-60.723104,-0.49698888,-1.5811777
630,5767.3892,5804.9597,-37.570494,-0.31318444,-1.6720575
631,6928.6853,6964.0845,-35.399164,-0.29348938,-0.52528048
632,6183.568,6256.0307,-72.46274,-0.62186369,-0.35630671
633,6540.1564,6487.4626,52.693853,0.4542039,-0.72692014
634,5771.6797,5783.8311,-12.151392,-0.1066622,0.8732767
635,6520.1341,6688.9213,-168.78723,-1.5115414,0.98303684
636,7012.5885,6841.2438,171.34469,1.4410841,0.84536079
637,7026.4134,7171.4395,-145.02613,-1.2360448,-0.2242286
638,6931.5456,6852.5451,79.000518,0.6961282,-0.86006143
639,6630.257,6745.9194,-115.6624,-1.0311017,0.83987608
640,6495.3445,6396.0691,99.275409,0.884028,2.4477042
641,5825.5493,5796.1152,29.434185,0.27230515,1.9116577
642,5494.2272,5632,-137.77281,-1.23205,0.18020431
643,5419.3818,5294.4338,124.94797,1.0882949,0.03172275
644,4599.8957,4599.6468,0.24888393,0.0022284473,-0.30619306
645,4153.2067,4285.666,-132.45932,-1.1977879,-0.13142076
646,3971.0987,4015.9079,-44.809173,-0.39204686,0.12296251
647,3361.8473,3271.0019,90.84538,0.81664656,0.5334831
648,2710.1676,2811.5777,-101.41014,-0.95227771,-0.9691374
649,2488.0149,2586.5336,-98.518692,-0.90696193,-1.1902509
650,2415.5531,2214.572,200.9811,1.7808037,-1.6403431
651,2128.5661,2250.4415,-121.87535,-1.0769221,-0.23636773
652,1904.9832,1859.3167,45.666542,0.41183628,-0.76460102
653,1780.5587,1687.8311,92.727565,0.85729098,-0.76140278
654,1525.5121,1625.9194,-100.40728,-0.90436681,-1.6563978
655,1550.7784,1498.1651,52.613331,0.45916761,-1.3324057
656,1469.2588,1441.6583,27.600496,0.24027109,-1.1669192
657,1349.1248,1457.382,-108.25719,-0.95895663,-1.2700902
658,1387.2626,1313.904,73.358539,0.65101633,-1.5504897
659,1096.9385,1067.2399,29.698624,0.27022931,0.40739766
660,1200.3873,1354.6871,-154.2998,-1.4116916,2.2536948
661,1485.4674,1405.2975,80.169907,0.71537665,2.125249
662,1423.4935,1521.2591,-97.765635,-0.82892702,0.66444223
663,1622.2868,1614.618,7.6687362,0.067766935,0.85038284
664,1651.8436,1741.3896,-89.54606,-0.784689,0.92793806
665,2039.8957,1994.9328,44.962895,0.40771212,0.5492698
666,2071.8361,2083.8695,-12.033355,-0.10783009,1.0061334
667,2319.7318,2337.904,-18.172187,-0.15770225,1.3851675
668,2716.8417,2697.5816,19.260139,0.16405112,0.81421708
669,2847.4637,2782.096,65.367718,0.5809623,-1.8052616
670,2904.1937,3027.286,-123.09232,-1.1029055,-0.083552298
671,3318.4655,3295.5701,22.895492,0.20134,1.1265769
672,3339.9181,3338.81,1.1080825,0.010106832,0.61341218
673,3372.3352,3466.0729,-93.737741,-0.86878883,0.16412996
674,3537.7579,3585.9655,-48.207537,-0.44610839,-1.2529779
675,3598.7784,3505.8733,92.905078,0.83000849,-1.0075182
676,3567.7914,3664.0921,-96.300697,-0.87126176,-1.3455383
677,3659.7989,3638.0499,21.748979,0.19856495,-0.62147014
678,3558.257,3534.3724,23.884622,0.21913379,-0.56717764
679,3659.7989,3757.4511,-97.652173,-0.86994127,-1.0754325
680,3562.5475,3612.499,-49.951554,-0.42829265,-2.0411836
681,3516.3054,3465.5816,50.723826,0.43054731,-0.8945878
682,3483.4115,3555.501,-72.089414,-0.61477493,-1.3976984
683,3447.1806,3381.5585,65.622092,0.57574046,-0.76637143
684,3041.9665,3034.6564,7.3100505,0.065634991,1.311416
685,4034.9795,4171.6699,-136.69035,-1.1978899,1.876774
686,2921.3557,2704.4607,216.89503,1.8522772,1.913738
687,4282.3985,4535.2783,-252.8798,-2.1650017,1.5021686
688,3643.5903,3476.3916,167.19876,1.4390897,-0.020537277
689,3618.8007,3808.5528,-189.75204,-1.6297567,0.082111961
690,2281.1173,2236.1919,44.92538,0.39559844,1.4506726
691,4103.1508,4143.6622,-40.51135,-0.35410443,1.6192199
692,5519.0168,5607.4319,-88.415102,-0.76738151,1.1248774
693,4640.4171,4620.7754,19.6417,0.16009782,0.93570824
694,3053.8845,3031.2169,22.667653,0.20276007,0.84377052
695,3121.5791,3177.643,-56.063851,-0.4956291,0.41754409
696,3848.1043,3890.6104,-42.506082,-0.37402939,-0.57592284
697,4317.1993,4162.334,154.86528,1.3917148,-0.7026949
698,4131.7542,4275.3474,-143.59322,-1.313723,0.05676277
699,4036.4097,4080.7678,-44.358071,-0.40930168,0.086761638
700,3825.2216,3721.0902,104.13139,0.93118359,0.23328119
701,3229.3184,3281.8119,-52.493464,-0.46369712,-0.92056596
702,3665.0428,3755.977,-90.934137,-0.83125222,-0.58763847
703,3834.7561,3725.0211,109.73494,1.0293186,-1.1282469
704,3482.9348,3594.81,-111.87516,-1.0039465,-1.0121636
705,3523.4562,3580.0691,-56.61286,-0.4758329,-0.33483231
706,2950.4358,2877.9117,72.524046,0.61323715,-0.59863671
707,3071.0466,3186.9789,-115.93233,-1.0117758,-1.7414355
708,3328.9534,3261.666,67.287418,0.58790931,-2.5840911
709,2645.8101,2675.9616,-30.151556,-0.26048831,0.3482805
710,2947.0987,3035.1478,-88.049096,-0.78772815,0.28813856
711,2950.9125,2804.2073,146.70518,1.2972929,1.8755784
712,2691.5754,2838.1113,-146.53591,-1.2714635,0.42978187
713,2495.1657,2404.238,90.927732,0.79021744,-0.12828672
714,2071.8361,2216.0461,-144.20994,-1.2912559,0.37952944
715,2497.0726,2478.4338,18.638845,0.16951505,1.2297429
716,2306.3836,2239.1401,67.243497,0.62167838,1.3111056
717,2254.8976,2445.0211,-190.12353,-1.7075347,1.6211507
718,2299.2328,2158.0653,141.16752,1.2304073,0.85346506
719,2006.0484,2053.8964,-47.847936,-0.42193127,1.1554412
720,1889.2514,1993.9501,-104.6987,-0.92888598,-0.2038429
721,2042.2793,2025.3973,16.882017,0.14625122,0.71223501
722,2179.5754,2187.547,-7.971606,-0.07198837,0.63757149
723,2020.8268,2072.0768,-51.24996,-0.46764491,-0.17787183
724,2110.9274,2241.1056,-130.17819,-1.1985056,-0.25003414
725,2126.1825,1953.167,173.01551,1.5289701,-0.58768167
726,2100.4395,2209.6583,-109.21887,-0.96532791,0.50182253
727,2381.2291,2401.2898,-20.060777,-0.18287404,0.48013288
728,2243.4562,2124.6526,118.80365,1.0930349,-0.26674108
729,2352.6257,2497.5969,-144.97123,-1.3153618,-0.047813933
730,2351.1955,2320.215,30.98056,0.27159857,0.6698577
731,2414.1229,2400.3071,13.815803,0.11872161,0.14128715
732,2398.3911,2562.4568,-164.06575,-1.4320282,-1.9184294
733,2682.9944,2443.0557,239.93875,2.1298471,-3.0393489
734,2374.0782,2554.1036,-180.02543,-1.5940329,-0.95055565
735,2580.4991,2614.5413,-34.042198,-0.29993144,-0.98885922
736,2689.1918,2613.5585,75.633265,0.68559973,1.0175031
737,2571.9181,2738.3647,-166.44662,-1.4939068,0.80482252
738,2632.4618,2524.1305,108.33131,0.95146163,0.65507384
739,2520.9088,2770.7946,-249.88587,-2.1868082,1.3089776
740,2695.8659,2526.096,169.76995,1.5124439,1.4088423
741,2575.7318,2626.334,-50.60213,-0.45366758,0.74535763
742,2605.2886,2680.8752,-75.586599,-0.67873243,0.99702141
743,2730.6667,2604.2226,126.44402,1.0999615,1.0963005
744,2404.1117,2494.6488,-90.537021,-0.79136729,0.76541056
745,2634.8454,2642.0576,-7.212144,-0.062290348,-0.68132824
746,2659.1583,2755.071,-95.91273,-0.82709945,0.55488945
747,2312.581,2262.7255,49.855478,0.43024982,0.5538066
748,2424.1341,2450.4261,-26.292025,-0.22197133,0.34720016
749,2675.3669,2907.3935,-232.02662,-2.0017502,0.47185505
750,3270.3166,3035.6392,234.67742,1.8284938,0.7972282
751,4491.6797,4668.929,-177.24928,-1.5642572,0.35319231
752,7052.6331,7196.0077,-143.37453,-1.2138338,1.5874828
753,5694.4507,5686.0499,8.4007477,0.071419737,0.47112918
754,7487.4041,7866.2265,-378.82239,-2.9379381,0.17235016
755,7857.3408,7868.1919,-10.851156,-0.091759635,-1.5062192
756,8942.3613,9247.4472,-305.08595,-2.5737514,-0.089492052
757,7974.1378,8161.0441,-186.90634,-1.6242296,-0.66303054
758,8238.7188,8328.1075,-89.388677,-0.79201777,-0.94332958
759,7663.3147,7904.5528,-241.23807,-2.1341892,0.63829119
760,8289.2514,8438.6641,-149.41271,-1.3066501,0.52215206
761,8852.7374,8994.8868,-142.14933,-1.2489772,-0.89499775
762,9144.9683,9447.4319,-302.46352,-2.6730333,0.1442299
763,9119.702,9189.9578,-70.255725,-0.61778134,-0.78154184
764,8686.838,9216.9827,-530.14474,-4.69627,-0.051421175
765,8483.2775,8452.9136,30.36384,0.26054988,1.1876603
766,7662.838,7965.4818,-302.64378,-2.6730303,0.16789274
767,7225.2067,7459.3781,-234.17142,-2.0400331,1.0896471
768,6879.5829,6947.3781,-67.795251,-0.57765491,0.43008494
769,5870.838,6085.5278,-214.68984,-1.8898798,-0.5525429
770,5348.3501,5418.7486,-70.398467,-0.61459114,-0.066772878
771,4970.3091,5131.7927,-161.48358,-1.3500687,-0.77399876
772,4134.1378,4067.501,66.636843,0.56957995,-0.17815836
773,3298.4432,3448.3839,-149.94067,-1.3401504,0.038641567
774,2935.1806,3093.62,-158.43933,-1.4700179,-0.34528139
775,2597.1844,2379.1785,218.00585,2.0268916,-0.21895723
776,2197.2142,2438.142,-240.92788,-2.1252616,-0.61991319
777,1806.7784,1763.9923,42.786076,0.3837876,0.74003108
778,1606.0782,1534.5259,71.552301,0.64700675,0.47007939
779,1318.6145,1523.7159,-205.10141,-1.8170175,0.17668891
780,1356.2756,1276.0691,80.206507,0.6863838,0.075606245
781,1173.6909,1236.2687,-62.577839,-0.5327607,0.12469423
782,1112.1937,1164.5298,-52.336082,-0.46029906,0.010983926
783,1054.5102,944.8906,109.61965,0.99346181,-0.2297122
784,709.36313,787.65451,-78.291382,-0.68498876,0.53352319
785,900.52886,818.61036,81.918499,0.72066707,0.8726571
786,1169.8771,1080.5067,89.370377,0.80556912,0.89744197
787,1174.1676,1239.7083,-65.540656,-0.59643458,-0.12512559
788,1434.9348,1335.0326,99.902194,0.87564553,-0.99122362
789,1478.3166,1680.952,-202.63544,-1.7891775,-0.22904545
790,2032.7449,1829.3436,203.40131,1.8256325,0.45451883
791,2066.1155,2240.1228,-174.00738,-1.5608959,0.29655153
792,2399.3445,2405.7121,-6.3675856,-0.05681389,0.20362488
793,2879.4041,2859.2399,20.164174,0.18443156,0.8856238
794,3021.9441,3168.3071,-146.36297,-1.3116537,-0.032166529
795,3279.3743,3282.7946,-3.420324,-0.030099214,-0.92740705
796,3662.6592,3822.3109,-159.65172,-1.3681458,-0.43541146
797,3928.1937,3870.9559,57.237814,0.50220441,0.85448021
798,3954.8901,4108.2841,-153.39394,-1.3871103,-0.19559964
799,4188.9609,4394.2572,-205.2963,-1.9486317,1.0868237
800,4405.8696,4191.3244,214.54527,1.9597182,-0.65966851
801,4303.3743,4537.2438,-233.86946,-2.0793708,-0.053262505
802,4528.3873,4548.5451,-20.157769,-0.18424348,0.20277031
803,4363.9181,4389.3436,-25.425507,-0.23179859,0.51633349
804,4495.4935,4710.2035,-214.70997,-1.9042892,0.72406606
805,4424.4618,4417.3512,7.1105774,0.06285146,1.1372039
806,4326.257,4495.9693,-169.71231,-1.5026704,0.56345303
807,4341.0354,4434.0576,-93.0222,-0.82223159,-0.16072475
808,4232.8194,4290.5797,-57.760288,-0.51920719,0.2029459
809,3792.8045,4010.9942,-218.18977,-1.9469743,0.9063113
810,4821.5717,4906.7486,-85.176866,-0.74790344,-0.12724025
811,3623.568,3567.2937,56.274304,0.49399546,0.59236387
812,5033.7132,5320.476,-286.76279,-2.5726106,0.44643851
813,4378.2197,4288.1228,90.096899,0.81951094,-0.41956962
814,4364.3948,4685.144,-320.74917,-2.694003,-0.5103729
815,3111.0912,2955.0557,156.03559,1.397236,-0.57130176
816,4904.0447,5021.7274,-117.68275,-1.0106787,0.57281744
817,6324.2011,6468.7908,-144.58967,-1.2535019,-0.24656017
818,5497.0875,5508.6679,-11.580423,-0.095735966,0.29285641
819,3843.3371,3942.2035,-98.866397,-0.88996068,1.1641878
820,3923.4264,3987.4088,-63.982386,-0.55091668,0.14188532
821,4679.9851,4876.7754,-196.79033,-1.6604379,-1.1118518
822,5081.8622,5025.6583,56.203848,0.49566641,-2.0041655
823,4942.6592,5140.1459,-197.48666,-1.8120301,-1.0107939
824,4814.8976,5012.3916,-197.49398,-1.8874015,0.47032123
825,4645.6611,4493.5125,152.1486,1.413748,1.3477692
826,4035.4562,4218.8407,-183.38445,-1.6525969,1.6176438
827,4475.9479,4573.1132,-97.165385,-0.87898964,1.0300091
828,4573.676,4659.5931,-85.917113,-0.79244976,0.98339099
829,4292.4097,4430.1267,-137.717,-1.2801207,1.296985
830,4281.9218,4352.9827,-71.060938,-0.62470562,0.81761118
831,3757.0503,3787.9155,-30.865268,-0.27071401,0.76085497
832,3809.9665,3960.8752,-150.90876,-1.3775175,0.41573378
833,4055.9553,4041.4587,14.496574,0.13525072,0.1835656
834,3351.3594,3460.1766,-108.81718,-0.98425158,0.50725271
835,3645.4972,3707.8234,-62.32621,-0.55109607,1.8158834
836,3574.9423,3590.8791,-15.936807,-0.14564725,0.24034874
837,3288.432,3398.7562,-110.32421,-0.99278053,0.22781222
838,2995.7244,3097.0595,-101.33511,-0.90911941,0.035239711
839,2559.5233,2785.5355,-226.01223,-2.021716,-1.366589
840,2946.1453,2877.4203,68.724906,0.62294583,-0.36255313
841,2739.2477,2808.1382,-68.890524,-0.62834272,-0.052348518
842,2659.1583,2783.5701,-124.41177,-1.0973458,0.40718457
843,2631.5084,2654.3417,-22.833271,-0.19751683,-0.54890496
844,2365.0205,2387.5317,-22.511186,-0.19749087,-0.38371946
845,2265.3855,2374.2649,-108.8794,-0.97251756,0.16412228
846,2459.8883,2486.2956,-26.407317,-0.2265371,-0.5486977
847,2505.1769,2469.5893,35.587657,0.31351462,-0.66194928
848,2391.7169,2544.2764,-152.55945,-1.3737666,0.58122246
849,2441.2961,2541.8196,-100.52349,-0.93513451,-0.77062414
850,2497.0726,2320.7063,176.36629,1.630038,0.04254307
851,2486.5847,2682.8407,-196.25596,-1.7895171,1.5319683
852,2723.9926,2685.2975,38.695046,0.34615045,0.65334441
853,2549.5121,2664.6603,-115.14816,-1.0331066,0.29294022
854,2749.7356,2877.4203,-127.68478,-1.1347255,-1.0164827
855,2728.7598,2769.8119,-41.052124,-0.35606702,0.087950876
856,2846.0335,2900.5144,-54.480876,-0.47424691,0.4804898
857,2814.0931,2914.2726,-100.17944,-0.87444084,-0.025095471
858,3098.2197,3127.0326,-28.81289,-0.26316592,-0.36287873
859,2879.4041,2889.2131,-9.808955,-0.090640173,0.5938242
860,3067.2328,3157.0058,-89.772983,-0.80147166,0.30913638
861,3305.594,3173.7121,131.88195,1.1871536,-0.068175882
862,3051.9777,3224.3225,-172.3448,-1.5887022,-0.065703978
863,3222.1676,3258.2265,-36.05889,-0.32783384,0.3631533
864,3061.5121,3208.1075,-146.59538,-1.3507991,0.65418608
865,3257.4451,3259.7006,-2.2555106,-0.021134384,0.80757403
866,3120.6257,3197.7889,-77.163169,-0.71485868,0.080893279
867,3084.3948,3199.263,-114.86817,-1.0179096,-0.93712025
868,3243.1434,3327.0173,-83.873885,-0.74013818,-0.41480053
869,2898.473,2915.2553,-16.78228,-0.15058465,0.30642718
870,3101.0801,3244.4683,-143.38826,-1.3044569,0.61995366
871,3218.8305,3295.5701,-76.739518,-0.67253674,1.2479835
872,2785.4898,2760.476,25.01375,0.21330255,0.85124637
873,2900.8566,3138.334,-237.47736,-1.9390557,0.92775148
874,3215.4935,3247.4165,-31.923024,-0.26750126,1.221731
875,3657.892,3615.4472,42.444776,0.33838633,0.80842102
876,4917.8696,4959.8157,-41.946093,-0.37533771,-0.81997665
877,6928.6853,7089.8733,-161.18803,-1.3705565,0.67965241
878,5270.1676,5338.1651,-67.997469,-0.57054273,1.1667017
879,6450.0559,6660.4223,-210.3664,-1.656324,-0.60365214
880,6520.6108,6695.309,-174.69822,-1.4732549,0.19158131
881,7758.6592,7846.572,-87.912759,-0.73253648,0.76728779
882,6783.2849,6977.8426,-194.55769,-1.6898455,-0.29109342
883,7086.4804,7260.3762,-173.89575,-1.5278073,1.0846971
884,6506.3091,6580.8215,-74.512372,-0.65529354,2.0604264
885,7109.3631,7352.261,-242.89791,-2.0790714,2.557322
886,7586.5624,7585.6583,0.90403428,0.0078165682,2.1600339
887,7662.838,7946.3186,-283.48063,-2.4248581,0.68963556
888,7608.4916,7769.428,-160.9364,-1.4333133,-0.42021068
889,7304.3426,7496.2303,-191.88768,-1.6706126,0.51074708
890,7126.0484,7167.0173,-40.968857,-0.36835955,0.60570679
891,6517.7505,6616.691,-98.940513,-0.88145589,1.2105353
892,6160.6853,6401.9655,-241.28016,-2.1394758,-0.00076497992
893,5984.298,6049.167,-64.869035,-0.56657855,0.42837051
894,5123.3371,5190.2649,-66.927818,-0.58728568,0.25348693
895,4766.7486,4989.2975,-222.5489,-1.9834402,0.0080690218
896,4550.7933,4619.3013,-68.508047,-0.59351354,0.41777407
897,3828.0819,3849.8273,-21.745319,-0.19906249,-0.37061811
898,3146.8454,3387.9463,-241.10082,-2.2308251,-0.59823718
899,2922.7858,3044.4837,-121.69784,-1.1080366,-0.62765192
900,2770.2346,2658.2726,111.96208,1.0070301,-1.6275606
901,2529.9665,2716.7447,-186.77824,-1.7118888,0.01775623
902,2177.6685,2226.3647,-48.696154,-0.439152,-0.26152979
903,2046.0931,2079.4472,-33.354107,-0.29847648,-0.68712942
904,1808.2086,1897.643,-89.434428,-0.76445972,-0.78724534
905,1910.7039,1866.6871,44.01677,0.37388929,-1.0738272
906,1769.1173,1785.1209,-16.003603,-0.13484216,-0.66670425
907,1651.8436,1765.4664,-113.62284,-0.99162912,-1.2977456
908,1695.2253,1647.048,48.177341,0.43546182,0.23337747
909,1321.9516,1364.5144,-42.562813,-0.39087149,0.96395986
910,1534.0931,1646.5566,-112.46351,-0.96958645,2.1184471
911,1734.7933,1631.8157,102.97756,0.92516642,1.4643468
912,1721.9218,1881.9194,-159.9976,-1.43536,0.078130474
913,1866.8454,1884.3762,-17.530762,-0.15933107,0.63106356
914,1904.5065,2077.4818,-172.97525,-1.5441735,1.3196795
915,2376.9385,2272.5528,104.38576,0.94232624,1.3473003
916,2358.8231,2428.8061,-69.983051,-0.63914942,0.44042455
917,2591.9404,2719.6929,-127.75249,-1.1361141,0.81225618
918,3010.0261,3044.975,-34.948977,-0.30297302,0.29741414
919,3124.9162,3123.1017,1.8144737,0.0158842,-0.15831706
920,3288.9088,3356.9904,-68.081651,-0.59504531,-0.79540119
921,3592.581,3705.858,-113.27696,-0.97756831,-0.43152906
922,3747.9926,3720.1075,27.885066,0.25132173,-0.12045004
923,3709.378,3904.8599,-195.48186,-1.7784281,0.69263296
924,3906.2644,4038.0192,-131.75476,-1.2100048,-0.19257322
925,4043.0838,3982.0038,61.07996,0.55423606,-0.12293537
926,3917.2291,4129.904,-212.67498,-1.9385771,0.069415798
927,4120.7896,4178.5489,-57.759373,-0.52760313,0.18588377
928,3878.6145,4014.4338,-135.81926,-1.2609025,0.12285167
929,4066.9199,4234.5643,-167.64437,-1.4918848,-0.93747839
930,4003.9926,3987.9002,16.092359,0.14061966,0.17374537
931,3909.1248,4026.2265,-117.10172,-1.0086166,0.27971952
932,3898.1601,4005.5893,-107.4291,-0.94330579,-0.11097737
933,3779.933,3873.4127,-93.479707,-0.84076957,-0.56320983
934,3466.2495,3501.4511,-35.201521,-0.31838713,1.0747415
935,4425.4153,4530.3647,-104.94941,-0.90528198,0.59986424
936,3284.1415,3241.5202,42.621373,0.35868657,0.73973321
937,4718.5996,4894.9559,-176.35623,-1.5657428,0.99007029
938,3928.1937,4001.6583,-73.464681,-0.67304012,0.90547762
939,4064.0596,4241.4434,-177.38379,-1.5566251,1.7028309
940,2684.9013,2687.263,-2.3616523,-0.021234947,1.6638405
941,4488.8194,4567.7083,-78.888887,-0.72548757,1.1238481
942,5937.5791,6095.8464,-158.26731,-1.3860734,0.047236977
943,5007.4935,5088.0614,-80.567938,-0.67524032,0.4569319
944,3468.1564,3456.2457,11.910743,0.10652261,1.7830792
945,3491.0391,3586.4568,-95.417708,-0.82672144,0.48482231
946,4242.8305,4398.1881,-155.35756,-1.3681067,-0.57589896
947,4616.1043,4638.4645,-22.360208,-0.2053465,0.89170211
948,4471.1806,4701.3589,-230.17829,-2.1402677,-0.67885498
949,4421.6015,4516.1152,-94.513673,-0.87112261,-0.23353754
950,4202.7858,4102.8791,99.906769,0.90439287,-0.79367774
951,3623.0912,3765.8042,-142.71297,-1.3137207,-0.7182417
952,4069.7803,4105.8273,-36.046995,-0.34349417,1.395109
953,4120.7896,4236.0384,-115.24882,-1.0543685,1.5833788
954,3895.2998,3979.547,-84.247211,-0.72714848,-1.1323042
955,3888.149,4023.2783,-135.12934,-1.1357798,-1.2195734
956,3368.5214,3366.8177,1.7037569,0.014546853,-1.9541106
957,3394.7412,3595.7927,-201.05155,-1.7852103,-1.9704054
958,3641.2067,3693.0825,-51.87583,-0.45812958,-0.096629015
959,3019.0838,3074.4568,-55.373015,-0.48861635,0.98861829
960,3271.27,3364.8522,-93.582189,-0.83182951,1.3406162
961,3295.1061,3261.1747,33.931481,0.30104346,1.671272
962,2939.4711,3176.6603,-237.18913,-2.0881295,0.28245623
963,2815.0466,2800.7678,14.278801,0.12788402,0.37194358
964,2381.7058,2564.9136,-183.20785,-1.6281029,1.595994
965,2800.2682,2730.9942,69.273915,0.62791739,1.07558
966,2612.4395,2662.6948,-50.255339,-0.45081379,0.9975788
967,2531.3966,2666.1344,-134.73771,-1.1971069,1.2277951
968,2544.7449,2535.4319,9.3130172,0.081078337,0.16514431
969,2314.4879,2304,10.487896,0.092793071,1.1766128
970,2164.3203,2332.9904,-168.67011,-1.5161441,1.2178325
971,2418.4134,2399.3244,19.089032,0.16772765,0.22389357
972,2391.2402,2482.856,-91.615823,-0.82818545,-0.32470702
973,2311.6276,2492.6833,-181.05574,-1.6709703,0.1779846
974,2360.2533,2430.2802,-70.026971,-0.64407381,0.14871365
975,2346.905,2306.9482,39.956851,0.35648988,-1.1166772
976,2430.8082,2523.6392,-92.830962,-0.84918367,-0.38016413
977,2506.1304,2664.1689,-158.03855,-1.4780117,0.44082905
978,2505.1769,2468.6065,36.570383,0.33871022,-0.77579892
979,2619.5903,2738.3647,-118.77437,-1.0553181,-0.35543625
980,2627.6946,2672.0307,-44.336111,-0.38131032,-0.43700561
981,2747.8287,2691.1939,56.63482,0.48005427,-1.197235
982,2585.2663,2799.785,-214.51873,-1.837295,-2.2806563
983,2939.9479,2902.4798,37.468012,0.32932078,0.09636424
984,2697.2961,2729.5202,-32.224064,-0.29443848,1.175505
985,2827.4413,3029.7428,-202.30146,-1.79733,1.4502016
986,3043.3966,2901.4971,141.89953,1.2891186,0.12268929
987,2768.8045,3075.9309,-307.12643,-2.7349831,-0.034000534
988,2969.0279,2910.833,58.19492,0.52119736,0.38914876
989,2769.7579,2958.0038,-188.24592,-1.6927815,1.2704497
990,2964.2607,2983.5547,-19.293995,-0.17771944,1.6077176
991,2862.7188,2871.0326,-8.3138214,-0.076983777,1.2157204
992,2775.4786,3054.3109,-278.83236,-2.5277371,1.7229495
993,3017.1769,2920.1689,97.008003,0.85292708,0.86659055
994,2625.7877,2699.547,-73.759315,-0.66908692,0.45874831
995,2923.7393,2996.8215,-73.082205,-0.65393332,-0.70427363
996,2950.9125,2987.4856,-36.573128,-0.32699364,-0.099559778
997,2510.8976,2619.9463,-109.04868,-0.99195954,1.0034557
998,2745.4451,2756.0537,-10.608678,-0.093908991,0.97922135
999,2922.7858,3125.0672,-202.28133,-1.7745553,0.28386211
1000,3452.9013,3337.8273,115.07405,0.92397748,-0.56010317
1001,4455.4488,4541.1747,-85.725875,-0.77263929,-1.2632374
1002,6258.4134,6538.5643,-280.15089,-2.4390247,0.74634835
1003,4577.9665,4435.0403,142.92617,1.2015343,0.45628195
1004,5850.3389,6137.1209,-286.782,-2.2007808,-0.2191439
1005,6185.9516,6128.2764,57.675191,0.48656535,0.26433912
1006,7126.0484,7200.4299,-74.381525,-0.62941012,-0.6466608
1007,6213.6015,6441.7658,-228.16435,-1.9993464,-1.2828361
1008,6747.5307,6599.9846,147.54608,1.2963046,-1.3547366
1009,5990.4953,6122.38,-131.88469,-1.1531308,0.83056566
1010,6583.5382,6593.1056,-9.5673912,-0.083870222,1.4133289
1011,7008.298,6978.334,29.963978,0.26351734,2.1161739
1012,7152.2682,7428.4223,-276.15411,-2.372912,2.2926905
1013,7127.0019,6992.5835,134.41837,1.1527809,0.75025391
1014,6717.4972,7017.643,-300.14579,-2.6549836,0.0084403768
1015,6692.2309,6547.9002,144.33072,1.2759765,2.0026332
1016,6055.8063,6138.595,-82.788678,-0.76971921,1.7712088
1017,5642.9646,5895.8618,-252.89719,-2.2273948,2.1791063
1018,5601.013,5459.0403,141.97273,1.2179175,0.69025605
1019,4713.3557,4873.8273,-160.47158,-1.369833,0.90415263
1020,4484.0521,4539.2092,-55.157072,-0.49014922,0.37589282
1021,4171.3222,4261.5893,-90.267091,-0.78883813,-0.49864683
1022,3509.6313,3591.3704,-81.739157,-0.7290816,0.30200471
1023,2933.7505,2977.167,-43.416521,-0.40099268,-0.40321057
1024,2731.1434,2899.0403,-167.89692,-1.5377269,-0.7678946
1025,2656.298,2435.1939,221.10409,1.965589,-1.4398124
1026,2323.0689,2528.5528,-205.48388,-1.8294607,-1.8858712
1027,2000.3277,2118.2649,-117.93713,-1.0744218,-0.8848905
1028,1930.2495,1833.2745,96.975062,0.89923292,-0.57774652
1029,1629.4376,1891.2553,-261.81766,-2.3151624,-1.9768677
1030,1744.3277,1682.9175,61.41028,0.52837048,-1.0948916
1031,1644.216,1669.1593,-24.943294,-0.21444007,-1.4232376
1032,1436.365,1685.3743,-249.00929,-2.1717389,-2.5065967
1033,1559.3594,1447.0633,112.29606,0.98293706,-1.8894999
1034,1140.797,1256.4146,-115.61757,-0.99660323,-1.0196325
1035,1398.2272,1469.1747,-70.947476,-0.62964583,0.26887269
1036,1547.9181,1525.19,22.728044,0.20620986,1.4704407
1037,1535.5233,1744.3378,-208.81453,-1.8514213,0.47666825
1038,1699.0391,1662.7716,36.267513,0.31848337,1.0434873
1039,1731.933,1910.9098,-178.97683,-1.5527338,1.5282519
1040,2222.9572,2097.1363,125.82089,1.125848,0.59111301
1041,2140.0074,2240.1228,-100.11539,-0.91876148,1.0062303
1042,2401.2514,2542.3109,-141.05954,-1.2883336,1.7227282
1043,2774.5251,2692.1766,82.348556,0.7458398,2.7832647
1044,2858.905,2960.952,-102.04699,-0.89950561,1.3765127
1045,3033.8622,3039.0787,-5.2164974,-0.045158814,0.43645973
1046,3264.1192,3380.5758,-116.45664,-1.0120907,0.73033205
1047,3396.648,3454.7716,-58.123548,-0.5301428,0.59895171
1048,3375.1955,3489.167,-113.97146,-1.0590984,0.08594874
1049,3518.2123,3683.2553,-165.04299,-1.5262732,1.2840237
1050,3736.5512,3597.7582,138.79305,1.2359487,-0.20839824
1051,3527.7467,3761.8733,-234.12658,-2.0960459,-0.72958183
1052,3813.3035,3842.4568,-29.153276,-0.27174999,-0.52156694
1053,3577.8026,3560.906,16.896657,0.15692693,-0.82434556
1054,3795.1881,3889.1363,-93.948194,-0.85396777,-1.6351155
1055,3699.3669,3635.5931,63.773763,0.57108563,-0.49320991
1056,3575.419,3644.929,-69.509988,-0.61296962,0.27561193
1057,3637.8696,3740.2534,-102.38371,-0.9022308,-0.63789803
1058,3477.2142,3439.5393,37.674805,0.33466287,-0.51008095
1059,3162.1006,3271.4933,-109.39272,-0.97749477,-0.97016691
1060,4122.6965,4178.0576,-55.36112,-0.47565617,-1.6472608
1061,2945.6685,2891.1785,54.490026,0.47728992,-0.44787287
1062,4382.0335,4591.785,-209.75151,-1.8662735,0.44461269
1063,3575.8957,3543.7083,32.187464,0.28245894,0.12236538
1064,3722.7263,3932.3762,-209.64994,-1.7662115,-0.13515889
1065,2370.2644,2290.2418,80.022589,0.693303,0.37398506
1066,4122.6965,4227.6852,-104.98876,-0.90141896,0.86845279
1067,5614.838,5756.3148,-141.47679,-1.2702881,-0.05683419
1068,4691.4264,4636.9904,54.43604,0.45052441,-0.54772191
1069,3196.4246,3197.2975,-0.87292379,-0.0077210381,0.1131006
1070,3174.4953,3209.5816,-35.086229,-0.29553437,0.21646039
1071,3955.3669,4035.5624,-80.195527,-0.6793466,-1.2636255
1072,4352.4767,4327.9232,24.553498,0.21760256,-0.9653983
1073,4179.4264,4276.3301,-96.903691,-0.88486722,0.0918002
1074,4118.406,4289.1056,-170.69961,-1.5688917,-0.20765481
1075,3908.648,3694.5566,214.09142,1.911357,0.089449133
1076,3235.5158,3485.7274,-250.21162,-2.2601076,-0.80543925
1077,3712.7151,3773.666,-60.950943,-0.57508295,-0.41698621
1078,3774.2123,3817.3973,-43.185022,-0.40569616,0.44296371
1079,3604.0223,3656.7217,-52.699343,-0.47488495,0.097490441
1080,3560.6406,3589.8964,-29.255757,-0.25465762,-0.41595527
1081,3009.0726,3080.3532,-71.280541,-0.62744241,-0.36840443
1082,3095.8361,3219.4088,-123.5727,-1.1384714,-0.79674299
1083,3355.1732,3337.8273,17.345929,0.16117049,-0.50510699
1084,2801.6983,2794.8714,6.8269229,0.062356347,0.29884802
1085,3004.3054,3066.1036,-61.798246,-0.55005133,0.13238669
1086,3027.1881,2994.856,32.332036,0.29240613,-0.062240666
1087,2757.3631,2871.0326,-113.6695,-1.0336947,1.1653097
1088,2531.8734,2527.5701,4.303313,0.038012682,0.096693629
1089,2161.9367,2353.1363,-191.19959,-1.7262727,-0.58775174
1090,2546.6518,2427.8234,118.82835,1.0626995,-0.066995281
1091,2323.0689,2491.2092,-168.14031,-1.4987546,-0.14143907
1092,2311.1508,2417.0134,-105.8626,-0.91421313,-0.058632499
1093,2237.7356,2263.7083,-25.972685,-0.22299385,0.030868808
1094,2083.7542,2120.7217,-36.967499,-0.32926725,0.73790968
1095,1945.9814,1995.4242,-49.442806,-0.4289382,0.22687066
1096,2098.5326,2240.6142,-142.08162,-1.2048444,-0.19260616
1097,2215.3296,2123.6699,91.659743,0.79873543,1.5390889
1098,2110.9274,2217.0288,-106.10142,-0.96068459,-0.39825732
1099,2162.4134,2233.2438,-70.830354,-0.63980174,-1.5406587
1100,2179.5754,2001.3205,178.25488,1.5760625,-0.33008488
1101,2148.1117,2372.2994,-224.18769,-2.0100611,0.96499119
1102,2388.8566,2369.3512,19.505363,0.18150905,1.1417533
1103,2212.946,2244.0537,-31.107747,-0.28706892,0.88880665
1104,2411.2626,2534.4491,-123.18657,-1.1086353,-0.24767636
1105,2366.9274,2339.8695,27.057893,0.23667529,0.86248964
1106,2416.5065,2537.3973,-120.8908,-1.0331655,1.0529241
1107,2365.4972,2473.5202,-108.02295,-0.95453097,-0.51202327
1108,2607.6723,2569.8273,37.844998,0.34474858,-0.22909052
1109,2465.1322,2528.0614,-62.929204,-0.56859272,1.2776052
1110,2520.432,2623.8772,-103.44513,-0.92273895,-0.74931042
1111,2750.689,2738.3647,12.32433,0.11178749,1.0157173
1112,2548.5587,2642.5489,-93.990285,-0.84058141,0.21429493
1113,2680.6108,2654.3417,26.26915,0.23331971,-0.083157821
1114,2618.1601,2725.0979,-106.93774,-0.95025196,-0.41302251
1115,2692.0521,2586.0422,106.00992,0.95961262,-0.58440116
1116,2600.9981,2737.8733,-136.87518,-1.2662198,0.82879741
1117,2585.743,2599.309,-13.566004,-0.12085362,0.76899541
1118,2687.7616,2770.7946,-83.032987,-0.73600852,0.96080826
1119,2466.0857,2446.9866,19.099097,0.16816911,0.89153415
1120,2636.7523,2639.1094,-2.3570772,-0.021042985,-0.47846579
1121,2626.2644,2885.2821,-259.01772,-2.2698815,-0.60341208
1122,2320.2086,2184.1075,136.10108,1.1675446,1.4073298
1123,2396.9609,2555.0864,-158.12548,-1.3204542,1.2260622
1124,2749.2588,2812.5605,-63.301615,-0.54539662,0.30990844
1125,3143.5084,2987.977,155.53141,1.2564772,0.39824878
1126,4199.9255,4417.3512,-217.42574,-1.9445108,0.081885764
1127,6174.0335,6172.499,1.5344792,0.012913016,1.4535635
1128,4520.2831,4521.5202,-1.2370995,-0.01028207,1.8737135
1129,5663.9404,5753.858,-89.917556,-0.71909246,-0.24495939
1130,5436.067,5411.3781,24.68892,0.20317274,-0.30813498
1131,6636.4544,6737.0749,-100.62048,-0.85801222,1.3897078
1132,5832.7002,5877.6814,-44.981196,-0.39640768,-0.027433363
1133,6148.2905,6161.1977,-12.907194,-0.11289562,0.28834682
1134,5493.2737,5499.8234,-6.5496735,-0.057499303,1.9122503
1135,6115.3966,6195.5931,-80.196442,-0.70450801,1.1358871
1136,6569.7132,6611.7774,-42.06413,-0.36983391,0.5141836
1137,6577.3408,6691.8695,-114.5287,-1.0254797,0.74668263
1138,6498.2048,6524.8061,-26.6013,-0.23437219,0.59789983
1139,6246.4953,6401.9655,-155.47011,-1.3564443,0.19117866
1140,6037.6909,5924.3608,113.33003,1.0111323,1.2234323
1141,5463.2402,5606.4491,-143.20891,-1.3142463,1.2084061
1142,5150.987,5178.4722,-27.485204,-0.24168777,0.4116668
1143,5054.2123,5032.0461,22.166225,0.19159719,-0.49008452
1144,4362.4879,4333.3282,29.159681,0.25915663,-0.42157938
1145,3941.5419,4010.0115,-68.469617,-0.60326301,0.1211443
1146,3814.7337,3930.4107,-115.67704,-0.99714575,-0.74970896
1147,3151.6127,3072.9827,78.629937,0.69791883,-0.70246831
1148,2555.7095,2716.7447,-161.03522,-1.49617,0.11444499
1149,2400.7747,2486.2956,-85.520911,-0.79284805,-0.84237738
1150,2250.1304,2107.9463,142.1841,1.3160744,0.45422156
1151,2051.8138,2281.8887,-230.0749,-2.0897811,-0.40986097
1152,1751.9553,1746.3033,5.6520443,0.052737042,0.71551325
1153,1633.7281,1639.6775,-5.949424,-0.056029637,0.96167758
1154,1460.6778,1566.9559,-106.27801,-0.97108195,0.48978523
1155,1414.4358,1444.6065,-30.170772,-0.26127666,0.18844918
1156,1410.1453,1490.7946,-80.649374,-0.69931733,0.82206148
1157,1230.8976,1365.4971,-134.59954,-1.1984842,0.43782805
1158,1381.5419,1249.0441,132.49775,1.1982993,0.061722974
1159,1029.7207,1074.119,-44.398332,-0.39949902,-0.19997826
1160,1178.9348,1259.8541,-80.919304,-0.70757884,0.47353752
1161,1462.108,1419.0557,43.052345,0.38597136,1.3868378
1162,1363.9032,1454.9251,-91.021978,-0.83088632,0.74744647
1163,1547.4413,1566.4645,-19.023151,-0.1666161,0.23333854
1164,1585.1024,1723.2092,-138.10679,-1.2720005,-0.70258368
1165,1967.4339,1865.7044,101.72948,0.96067085,-0.86603503
1166,1958.8529,2103.0326,-144.17974,-1.3429923,-0.20271247
1167,2120.4618,2212.1152,-91.653338,-0.82002916,1.234961
1168,2539.9777,2502.5106,37.467097,0.32631325,-0.2553883
1169,2612.4395,2689.2284,-76.788928,-0.69192539,-0.58945748
1170,2732.0968,2756.5451,-24.448271,-0.20895089,0.53145606
1171,2995.2477,3146.6871,-151.43947,-1.2816991,0.046127988
1172,3154.9497,3033.1823,121.76738,1.0902847,0.91314466
1173,3132.5438,3228.2534,-95.709597,-0.86663828,1.0414279
1174,3275.5605,3393.8426,-118.28209,-1.0913855,0.80246148
1175,3440.9832,3223.8311,217.15215,2.0106858,1.1507718
1176,3270.3166,3518.6488,-248.33218,-2.2588532,1.7980768
1177,3446.7039,3394.334,52.369937,0.48357914,1.6239716
1178,3303.6872,3323.0864,-19.399222,-0.18012253,1.155372
1179,3421.4376,3545.1823,-123.74473,-1.1161566,-0.86137607
1180,3327.0466,3299.0096,28.036958,0.24911627,0.35093012
1181,3225.5047,3363.8695,-138.36483,-1.2009999,0.89079621
1182,3198.8082,3244.9597,-46.151499,-0.41049069,0.83441048
1183,3190.2272,3163.8848,26.342351,0.24085017,0.17770715
1184,2784.5363,2864.1536,-79.617238,-0.73554701,1.4613493
1185,3765.6313,3826.7332,-61.10192,-0.54428682,0.59382376
1186,2603.8585,2593.4127,10.445805,0.089327284,1.4423791
1187,4045.9441,4139.2399,-93.295789,-0.83151213,1.2873271
1188,3349.9292,3289.6737,60.255532,0.5450987,-0.3998704
1189,3369.4749,3554.5182,-185.04337,-1.5444536,-0.50870056
1190,2140.9609,1903.5393,237.42155,2.1803488,-1.2250308
1191,3792.8045,3990.357,-197.55254,-1.7745691,-0.52459466
1192,5324.514,5323.4242,1.0897822,0.0097924728,-0.49397613
1193,4388.7076,4482.2111,-93.503497,-0.78112925,-0.2066449
1194,2846.5102,2798.3109,48.199302,0.42773394,-0.50852325
1195,2848.4171,2900.023,-51.6059,-0.44801187,0.48951671
1196,3534.8976,3766.2956,-231.39801,-2.0114915,-0.90001476
1197,4024.0149,3867.5163,156.49858,1.370708,-0.34643084
1198,3829.9888,3996.7447,-166.75589,-1.4840992,-0.92865559
1199,3733.6909,3830.6641,-96.973232,-0.88331358,-0.13847769
1200,3597.825,3398.7562,199.06872,1.8011291,0.0040421801
1201,2881.7877,3134.8944,-253.10672,-2.3178206,0.89493478
1202,3428.1117,3332.9136,95.198104,0.85632021,1.2096869
1203,3506.7709,3563.3628,-56.591814,-0.50139003,0.37744103
1204,3261.7356,3298.0269,-36.291303,-0.31541223,-0.90380315
1205,3286.5251,3276.4069,10.11823,0.087542364,-1.4268557
1206,2657.7281,2757.5278,-99.799712,-0.87634562,-0.21688033
1207,2819.8138,2822.8791,-3.0652984,-0.027544035,0.58963254
1208,3031.0019,3124.0845,-93.082591,-0.84072134,1.4707907
1209,2445.5866,2408.1689,37.417686,0.33711703,1.5042097
1210,2685.8547,2835.6545,-149.79976,-1.3257553,1.9310053
1211,2663.4488,2646.4798,16.968943,0.15146418,1.4921168
1212,2445.1099,2505.4587,-60.348864,-0.53974877,1.0274085
1213,2201.0279,2254.8637,-53.835791,-0.48644468,1.7222418
1214,1849.2067,1955.6238,-106.4171,-0.92903553,0.85797062
1215,2255.851,2201.3052,54.545842,0.50519286,0.21390998
1216,2021.3035,2117.7735,-96.469974,-0.89841497,0.62926531
1217,2062.7784,2115.3167,-52.5383,-0.47561282,0.75173603
1218,2055.6276,2004.7601,50.867484,0.43306772,-0.13859041
1219,1828.7076,1806.2495,22.458115,0.20085053,-0.14870341
1220,1705.2365,1808.215,-102.97847,-0.93076392,1.2079708
1221,1857.7877,1945.7965,-88.008836,-0.77143737,0.2472207
1222,1966.0037,1907.4702,58.533475,0.51902706,-1.4719351
1223,1824.4171,2006.7255,-182.3084,-1.643399,-0.84813086
1224,1945.9814,1930.0729,15.908441,0.14140405,-1.5209339
1225,1881.1471,1818.0422,63.104887,0.56493945,-0.20824583
1226,1912.6108,2043.5777,-130.96693,-1.1956026,-0.15875511
1227,2074.2197,2070.6027,3.6170522,0.033152184,0.30443568
1228,1984.1192,2007.7083,-23.589073,-0.21235679,0.30756923
1229,2120.4618,2184.1075,-63.645661,-0.55001404,-0.88422291
1230,2086.6145,2176.737,-90.122519,-0.76324656,-0.89458078
1231,2157.1695,2121.2131,35.956408,0.31234778,-0.53491079
1232,2105.6834,2244.0537,-138.37032,-1.2126744,-0.62122595
1233,2428.4246,2370.334,58.090608,0.51243353,0.16019512
1234,2146.6816,2187.0557,-40.374098,-0.35952632,1.3625939
1235,2305.9069,2429.2975,-123.39061,-1.0892959,1.3980213
1236,2462.2719,2374.7562,87.515643,0.75724609,1.1451063
1237,2273.4898,2441.0902,-167.60045,-1.5096934,1.5951883
1238,2428.9013,2413.5739,15.327407,0.13612587,1.1885001
1239,2296.3724,2369.3512,-72.978808,-0.65842227,0.63382724
1240,2401.2514,2448.952,-47.700619,-0.42610184,1.518534
1241,2318.3017,2333.4818,-15.18009,-0.13770705,1.2872253
1242,2267.2924,2345.2745,-77.982107,-0.69015209,2.1002819
1243,2457.5047,2456.3225,1.1821987,0.010324857,0.62979992
1244,2142.3911,2086.8177,55.573403,0.48702535,0.11985599
1245,2329.743,2464.1843,-134.44124,-1.1959649,0.34533089
1246,2382.6592,2416.0307,-33.371492,-0.29906068,0.13018963
1247,2041.8026,1981.666,60.13658,0.53889668,0.012444906
1248,2201.5047,2295.1555,-93.650815,-0.80696029,0.48131224
1249,2419.3669,2515.7774,-96.410498,-0.80698426,-0.11176956
1250,2966.6443,2842.5336,124.11073,0.99755363,1.2173312
1251,4000.6555,4078.3109,-77.655447,-0.703176,0.65571486
1252,5908.9758,5994.1344,-85.158566,-0.74657934,0.61862218
1253,4116.0223,4064.0614,51.960926,0.44638672,0.63391647
1254,5512.8194,5626.595,-113.77564,-0.893274,-1.313677
1255,5719.2402,5738.1344,-18.894134,-0.15851156,-1.4917454
1256,6722.2644,6758.6948,-36.430386,-0.30378706,-0.79187174
1257,5787.8883,5897.8273,-109.93899,-0.93071039,-0.20666015
1258,6310.8529,6279.1248,31.728126,0.27462809,-0.81426848
1259,5552.3873,5602.5182,-50.130897,-0.43789376,1.8197157
1260,6074.3985,6225.5662,-151.16771,-1.3877665,2.3176655
1261,6569.7132,6471.2476,98.465621,0.85199441,2.0182577
1262,6760.879,6894.3109,-133.43198,-1.1536826,0.75338239
1263,6679.8361,6645.19,34.646107,0.30592613,0.60396786
1264,6328.4916,6470.7562,-142.26462,-1.2929669,0.37756959
1265,6206.9274,6136.6296,70.297816,0.65182071,1.5716379
1266,5612.4544,5635.4395,-22.985163,-0.21315256,1.3631936
1267,5237.7505,5349.9578,-112.20731,-0.99134004,1.1908383
1268,5118.0931,5093.9578,24.135336,0.20529408,0.47174616
1269,4346.7561,4317.1132,29.642808,0.25646897,0.79591203
1270,3962.5177,4088.1382,-125.6205,-1.1203885,0.70497391
1271,3719.3892,3788.4069,-69.017711,-0.60834924,0.13344065
1272,3029.5717,2969.3052,60.266512,0.55086066,0.52922005
1273,2487.0615,2605.2054,-118.14392,-1.1031447,0.15439057
1274,2199.121,2266.6564,-67.535387,-0.6083224,0.21966342
1275,2085.6611,2020.975,64.686032,0.57125988,-0.95679803
1276,1866.8454,1970.856,-104.01061,-0.91370932,-0.62170645
1277,1495.9553,1507.9923,-12.037015,-0.10957796,-1.3398729
1278,1423.4935,1371.3935,52.100008,0.48531555,-0.82010481
1279,1193.7132,1253.4664,-59.753189,-0.54140321,-1.1711341
1280,1221.3631,1276.0691,-54.705969,-0.46983673,-1.2351296
1281,1147.9479,1086.4031,61.544787,0.51582097,-1.9571602
1282,991.58287,1174.357,-182.77414,-1.5636339,-2.4381291
1283,1127.4488,1009.2591,118.18967,1.034548,-2.5510208
1284,703.16574,754.73321,-51.56747,-0.46861023,-0.85343275
1285,874.30912,1063.309,-188.9999,-1.7142666,1.1851537
1286,1127.9255,990.09597,137.82954,1.2486225,2.1623724
1287,1029.7207,1180.7447,-151.02405,-1.315888,0.50478038
1288,1292.8715,1316.8522,-23.980699,-0.21155977,0.39888294
1289,1218.9795,1326.1881,-107.20858,-0.92064407,0.87205676
1290,1709.527,1694.2188,15.308192,0.14235186,0.84588468
1291,1682.3538,1671.1248,11.229057,0.10385289,0.23538811
1292,1906.8901,2023.9232,-117.03309,-1.0601842,0.28019807
1293,2380.7523,2322.6718,58.080543,0.51054749,0.020885062
1294,2407.4488,2388.023,19.425757,0.17416935,-0.59944017
1295,2578.1155,2729.0288,-150.91333,-1.3242043,-0.25910059
1296,2860.8119,2844.0077,16.804241,0.14683473,0.53044923
1297,3009.5493,3026.3033,-16.753915,-0.15122174,-0.31879695
1298,3023.851,3061.6814,-37.830358,-0.35108515,-0.54243551
1299,3124.4395,3219.9002,-95.460713,-0.87124924,-1.490605
1300,3296.5363,3270.5106,26.025756,0.23176225,-1.7478408
1301,3176.4022,3212.5298,-36.127516,-0.32169204,-0.25801492
1302,3319.8957,3399.2476,-79.351884,-0.72030643,-0.36904066
1303,3224.0745,3184.5221,39.552415,0.36551374,0.11509215
1304,3278.8976,3405.144,-126.24637,-1.1622422,-0.65527506
1305,3223.5978,3318.6641,-95.066342,-0.84357652,-1.3444666
1306,3145.4153,3056.2764,89.138878,0.76632135,-1.2130452
1307,3169.7281,3299.0096,-129.28148,-1.1236818,-1.2586101
1308,3118.2421,3000.261,117.98105,1.0170569,-1.2330864
1309,2724.4693,2749.666,-25.196753,-0.22113418,0.37067141
1310,3675.054,3835.0864,-160.03237,-1.3854773,0.81928246
1311,2599.568,2347.2399,252.32805,2.1874624,0.72820679
1312,3906.7412,4253.7274,-346.98629,-3.0437203,1.2230827
1313,3297.013,3091.6545,205.35852,1.7855252,-0.28711796
1314,3279.851,3483.762,-203.91097,-1.7074998,0.37660011
1315,1959.8063,1941.3743,18.432051,0.16144816,1.451876
1316,3723.6797,3687.6775,36.002159,0.31926633,0.77644741
1317,5171.0093,5374.5259,-203.5166,-1.7885531,0.47187182
1318,4355.3371,4246.8484,108.48869,0.89796645,0.3554517
1319,2702.54,2739.3474,-36.807372,-0.3345956,0.9781489
1320,2752.1192,2885.7735,-133.65433,-1.1565582,0.65984599
1321,3537.2812,3519.6315,17.649714,0.14972131,0.18138943
1322,3921.9963,3894.0499,27.946372,0.24443513,-0.46137798
1323,3809.9665,3845.405,-35.43851,-0.3228569,-1.8714116
1324,3666.473,3795.286,-128.81299,-1.1956944,-1.2465046
1325,3474.8305,3333.8964,140.93419,1.3037079,-0.58749223
1326,2901.8101,2968.8138,-67.003764,-0.60207006,-0.75671375
1327,3275.0838,3449.3666,-174.2828,-1.5867184,-1.6016182
1328,3516.7821,3335.8618,180.92032,1.6692555,-1.8183275
1329,3119.6723,3329.4741,-209.80184,-1.882424,-1.9113941
1330,3159.7169,3210.0729,-50.355991,-0.43581679,-0.75213007
1331,2595.2775,2552.6296,42.647909,0.37568197,-1.8788556
1332,2649.1471,2851.3781,-202.23101,-1.8083015,-1.7632278
1333,3022.8976,2889.2131,133.68453,1.1751075,-1.5511748
1334,2248.7002,2400.3071,-151.60692,-1.3039264,0.63944818
1335,2642.473,2666.6257,-24.152722,-0.21382703,0.85793562
1336,2596.2309,2500.0537,96.17717,0.86859967,1.0389882
1337,2344.9981,2453.8656,-108.86751,-0.94816491,0.1046092
1338,2185.2961,2082.8868,102.40933,0.8982263,-0.1308179
1339,1730.0261,1934.4952,-204.46913,-1.8193773,0.19765892
1340,2143.8212,2046.5259,97.295317,0.89385674,1.0615265
1341,1964.5736,1988.0537,-23.480186,-0.21450234,1.8026273
1342,1890.2048,2040.1382,-149.93335,-1.3414466,1.3475029
1343,1947.4115,1798.8791,148.53247,1.269353,-0.391201
1344,1624.6704,1755.6392,-130.96876,-1.1287916,-0.62569148
1345,1540.2905,1582.1881,-41.897597,-0.36594295,0.55519706
1346,1708.0968,1775.2937,-67.196832,-0.58536361,1.7100531
1347,1799.6276,1763.9923,35.635238,0.32013889,1.4345892
1348,1730.9795,1793.4741,-62.494572,-0.5768693,-0.29826518
1349,1675.203,1878.9712,-203.76823,-1.8954669,-0.11268188
1350,1783.419,1525.19,258.22898,2.3150982,-1.2031411
1351,1744.8045,1931.0557,-186.25119,-1.6759328,0.28083007
1352,1969.3408,1971.8388,-2.4979895,-0.023258801,0.21551485
1353,1908.797,1787.5777,121.21929,1.1335809,-0.3068012
1354,1966.0037,2133.9885,-167.98476,-1.5141436,-1.0510504
1355,1973.6313,1928.1075,45.523799,0.39835263,-0.53345523
1356,2057.5345,2088.2917,-30.757296,-0.26637954,-0.52530586
1357,1994.1304,2121.2131,-127.0827,-1.1230145,-1.8399759
1358,2282.0708,2182.142,99.928729,0.88955992,-2.2781078
1359,1996.9907,2178.7025,-181.71181,-1.6058014,-0.75219209
1360,2197.2142,2191.4779,5.7362256,0.050624837,-0.89639174
1361,2299.7095,2282.38,17.329459,0.15742822,0.60388348
1362,2187.203,2294.6641,-107.46113,-0.96691812,0.059683004
1363,2287.7914,2236.6833,51.108133,0.46342317,-0.87992183
1364,2126.6592,2365.9117,-239.25249,-2.1010119,0.64081187
1365,2362.6369,2176.2457,186.39119,1.6837311,0.66055808
1366,2158.1229,2313.8273,-155.70435,-1.4054301,0.22916229
1367,2232.4916,2212.6065,19.885094,0.17897409,0.024205961
1368,2345.9516,2352.1536,-6.201968,-0.053811948,1.1059472
1369,2025.594,2027.8541,-2.2600857,-0.019970193,-0.2441737
1370,2271.5829,2272.0614,-0.47855256,-0.0042412146,-0.8445407
1371,2276.3501,2417.5048,-141.15471,-1.2567423,-0.24233619
1372,1975.0615,1819.5163,155.54514,1.3749221,0.77117261
1373,2059.4413,2176.737,-117.2957,-1.0006617,1.6836172
1374,2294.4655,2449.9347,-155.46919,-1.3765199,0.92543236
1375,2810.2793,2640.5835,169.69584,1.3723195,-1.2087243
1376,3676.0074,3887.6622,-211.65474,-1.8644646,0.44420865
1377,5744.9832,5734.6948,10.288423,0.089327506,1.0294113
1378,3896.73,3909.7735,-13.043531,-0.10917679,0.30675194
1379,4976.0298,5162.7486,-186.71877,-1.5369436,0.68303077
1380,4921.6834,4797.666,124.0174,1.0474271,-0.80462174
1381,5992.879,6100.2687,-107.38976,-0.89704428,0.19796032
1382,5345.013,5315.5624,29.450655,0.2626629,-1.7890218
1383,5590.5251,5599.0787,-8.5535552,-0.076743647,-2.2309903
1384,4913.5791,4950.4798,-36.900703,-0.32627248,1.3125353
1385,5561.9218,5609.8887,-47.966888,-0.42389616,1.1200252
1386,5926.6145,5927.8004,-1.1858587,-0.010789448,-0.24408458
1387,6046.7486,6149.405,-102.65639,-0.91655821,0.16982427
1388,5902.3017,5877.6814,24.620294,0.21928582,0.049355403
1389,5616.7449,5835.9155,-219.17067,-1.9565335,-0.16041801
1390,5489.9367,5379.9309,110.00578,0.95470284,1.6368287
1391,4860.1862,4941.6353,-81.449097,-0.73974353,0.54010409
1392,4687.6127,4746.5643,-58.951636,-0.53088149,0.93279248
1393,4514.5624,4460.0998,54.462576,0.47516686,0.28006101
1394,3816.6406,3866.5336,-49.892993,-0.44193838,-0.081721082
1395,3451.9479,3470.9866,-19.038706,-0.16781165,-0.30063815
1396,3327.0466,3394.8253,-67.778781,-0.5832905,-1.0497694
1397,2785.9665,2646.4798,139.48663,1.2418728,-1.2932754
1398,2119.0317,2225.382,-106.3503,-0.98125784,-1.7050931
1399,1996.514,2139.3935,-142.87951,-1.3279794,-1.6550269
1400,1922.1453,1684.8829,237.26233,2.1884559,0.7376179
1401,1684.2607,1871.6008,-187.34006,-1.6725048,0.82491521
1402,1458.7709,1424.952,33.818934,0.30274572,-0.13944363
1403,1299.5456,1256.906,42.639674,0.39861866,-0.023575659
1404,1083.5903,1280.4914,-196.90105,-1.8377404,-0.068880416
1405,1095.9851,1033.3359,62.64921,0.54719782,0.491144
1406,1009.2216,1069.6967,-60.475136,-0.51550228,-0.49752077
1407,1008.2682,1107.5317,-99.263513,-0.88930137,-0.39755565
1408,962.50279,831.87716,130.62563,1.1879266,-1.3211974
1409,687.43389,790.11132,-102.67743,-0.90465533,-0.82477918
1410,834.26443,817.62764,16.636793,0.1470638,0.3073456
1411,1109.8101,1007.2937,102.51639,0.93947765,1.1341871
1412,1034.9646,1170.4261,-135.46149,-1.2598683,0.83105079
1413,1204.2011,1111.4626,92.738545,0.82261256,-0.27661642
1414,1198.4804,1414.6334,-216.15295,-1.9554887,0.051630192
1415,1614.1825,1430.357,183.82549,1.669301,1.2631241
1416,1544.581,1730.5797,-185.99865,-1.6906057,0.67201634
1417,1827.7542,1804.2841,23.470121,0.20852495,-0.21232873
1418,2124.2756,2119.2476,5.0280044,0.04627078,-0.072046947
1419,2214.3762,2316.2841,-101.90791,-0.90523403,0.6935993
1420,2318.7784,2307.9309,10.847496,0.095545446,-0.045333013
1421,2583.8361,2676.453,-92.616848,-0.77853854,0.42653053
1422,2719.702,2684.3148,35.387269,0.31153625,0.20759872
1423,2644.3799,2732.4683,-88.088442,-0.78739823,-1.075627
1424,2831.2551,2987.4856,-156.23048,-1.4411933,-0.6761165
1425,2953.2961,2731.4856,221.81048,2.004882,-0.91242123
1426,2846.987,2987.4856,-140.49864,-1.2331963,0.46002263
1427,3039.5829,2994.3647,45.218184,0.40546051,0.94194368
1428,2846.0335,2755.5624,90.47114,0.82368902,-0.68776692
1429,3000.0149,3146.1958,-146.18088,-1.3104526,-0.7161621
1430,2876.067,2811.0864,64.980667,0.58415037,0.55076993
1431,2824.581,2914.2726,-89.691547,-0.79692203,0.71889652
1432,2778.3389,2876.4376,-98.0987,-0.87573014,-0.20230618
1433,2723.5158,2672.0307,51.485119,0.46894826,0.10609986
1434,2337.8473,2486.2956,-148.44829,-1.3401157,0.47706725
1435,3315.6052,3329.9655,-14.360237,-0.12628076,-0.54896365
1436,2170.5177,2113.3512,57.166443,0.49511998,-1.1016917
1437,3619.7542,3760.8906,-141.13641,-1.2414517,0.51897069
1438,2856.0447,2789.9578,66.086919,0.60344946,0.52321671
1439,2932.3203,3167.8157,-235.49544,-2.0343796,-0.28216352
1440,1635.635,1453.4511,182.18395,1.6192582,-1.1579666
1441,3407.6127,3464.5988,-56.986185,-0.48755877,0.15291497
1442,4860.6629,4932.7908,-72.127845,-0.63677983,0.089925371
1443,3969.6685,3928.9367,40.731869,0.3438027,1.1533351
1444,2400.7747,2468.1152,-67.340489,-0.6048548,1.3778984
1445,2434.622,2372.7908,61.831187,0.53846868,1.0358524
1446,3148.7523,3328.4914,-179.73904,-1.5185363,0.029307113
1447,3586.8603,3456.737,130.12329,1.165681,-0.73470778
1448,3416.1937,3544.1996,-128.00595,-1.2082723,-0.38877788
1449,3292.7225,3467.0557,-174.33313,-1.6489948,0.77607218
1450,3094.8827,2901.0058,193.87692,1.8103793,-0.042101235
1451,2495.1657,2683.8234,-188.65768,-1.7100558,0.54779353
1452,2959.0168,2924.5912,34.425589,0.31814658,0.71545741
1453,3051.9777,3064.1382,-12.160542,-0.11399198,0.78822363
1454,2802.175,2907.3935,-105.21843,-0.96789253,0.18533156
1455,2847.9404,2756.5451,91.395304,0.80759658,-0.32874391
1456,2276.3501,2295.6468,-19.29674,-0.16960039,-0.44116696
1457,2403.1583,2435.6852,-32.526934,-0.29169794,-0.46244552
1458,2644.3799,2597.8349,46.544955,0.42156169,0.083078938
1459,2003.6648,2100.5758,-96.911011,-0.86211784,1.0769164
1460,2313.5345,2294.1727,19.361706,0.17002633,1.6647502
1461,2294.9423,2300.0691,-5.126826,-0.047465203,-0.18792257
1462,2049.4302,2104.9981,-55.567913,-0.49081101,0.14886917
1463,1848.2533,1821.4818,26.771493,0.23435324,0.57052815
1464,1422.54,1613.6353,-191.09528,-1.7275766,-0.51615955
1465,1842.0559,1692.2534,149.80251,1.3620666,0.11508652
1466,1667.0987,1761.5355,-94.436812,-0.85457426,-0.28592931
1467,1666.1453,1697.167,-31.021735,-0.27233123,-0.46947679
1468,1603.2179,1625.9194,-22.701509,-0.19381993,-1.6436966
1469,1447.3296,1437.2361,10.093524,0.090469253,-0.5891082
1470,1312.8939,1359.1094,-46.21555,-0.40853198,0.39425042
1471,1524.0819,1552.215,-28.133035,-0.2405434,-0.14167523
1472,1646.1229,1505.0441,141.07876,1.2141954,-0.89452923
1473,1464.9683,1594.9635,-129.99519,-1.1855568,0.036299671
1474,1520.7449,1597.9117,-77.166829,-0.72526966,-0.4224172
1475,1536.9534,1376.7985,160.15498,1.5069614,0.71218473
1476,1508.8268,1727.6315,-218.80466,-1.9836096,1.3673906
1477,1752.432,1691.762,60.670034,0.55823316,0.096683594
1478,1565.5568,1626.4107,-60.853952,-0.55666787,-0.39863811
1479,1733.3631,1855.8772,-122.51403,-1.1087284,-0.51985625
1480,1709.0503,1664.737,44.313235,0.38491026,1.3171001
1481,1796.7672,1811.1631,-14.395922,-0.1244501,1.4539882
1482,1740.9907,1806.2495,-65.258831,-0.5722527,0.66378922
1483,1958.3762,1977.2438,-18.867598,-0.17375798,0.81640207
1484,1816.7896,1794.9482,21.841395,0.19723404,1.8720124
1485,1901.6462,1984.1228,-82.476658,-0.72919418,1.4337518
1486,2119.5084,1997.881,121.62738,1.1122419,1.1589969
1487,1915.4711,2029.8196,-114.34844,-1.0594739,0.16378651
1488,1995.5605,1980.1919,15.368583,0.13856958,-0.31817386
1489,1924.5289,2014.096,-89.567105,-0.82295349,0.65165875
1490,2019.8734,1994.4415,25.431912,0.23779811,1.9105712
1491,1925.0056,1986.0883,-61.082705,-0.56853358,0.65407474
1492,1952.1788,1942.357,9.8217652,0.086401473,-0.85237932
1493,2024.1639,2093.2054,-69.041501,-0.60163069,-0.33291776
1494,1741.9441,1727.1401,14.804019,0.12948148,0.55367583
1495,1910.2272,2012.1305,-101.90333,-0.91039504,-1.707353
1496,2057.5345,2092.2226,-34.688198,-0.30528823,-0.23714628
1497,1640.879,1542.8791,97.999878,0.81922675,0.76313637
1498,1744.8045,1913.858,-169.0535,-1.3726055,0.64000954
1499,2074.6965,2072.5681,2.1283236,0.018116102,0.94596188
1500,2558.0931,2367.8772,190.21595,1.5724195,0.93027364
1501,3523.4562,3593.8273,-70.371017,-0.63662263,-0.017484273
1502,5243.9479,5293.9424,-49.99456,-0.43550951,1.2121809
1503,3277.4674,3254.2956,23.171826,0.19255287,1.4354755
1504,4657.5791,4741.6507,-84.071528,-0.66165734,-0.1721819
1505,4848.7449,4864,-15.255121,-0.12937195,1.3156348
1506,5897.5345,5955.8081,-58.273611,-0.49753005,1.5474586
1507,5043.7244,5063.9846,-20.26025,-0.18123965,-0.44189076
1508,5452.2756,5489.0134,-36.73783,-0.32793897,0.011044169
1509,4828.2458,4796.1919,32.053871,0.28627148,1.9764547
1510,5168.6257,5269.8656,-101.23994,-0.90253331,1.707158
1511,5742.1229,5632.4914,109.63154,0.95324612,1.6361013
1512,5828.8864,5963.6699,-134.78346,-1.1874623,0.42550588
1513,5728.7747,5745.0134,-16.238762,-0.14845525,-1.3438889
1514,5478.0186,5554.856,-76.837424,-0.69101792,-0.15036779
1515,5324.0372,5257.0902,66.947033,0.62375868,0.55646363
1516,4883.5456,4834.5182,49.02739,0.45250755,0.41225604
1517,4498.3538,4598.6641,-100.31029,-0.88497923,-0.33670845
1518,4385.8473,4369.6891,16.15824,0.13987248,0.057260817
1519,3700.797,3658.1958,42.601243,0.37340462,0.077090843
1520,3352.7896,3436.5912,-83.801599,-0.75226039,0.38700004
1521,3213.5866,3240.0461,-26.459473,-0.22869578,0.056343589
1522,2568.1043,2477.9424,90.161865,0.80134975,-0.71949253
1523,1951.2253,2148.238,-197.01268,-1.7700951,0.11731418
1524,1823.4637,1899.1171,-75.653395,-0.67456049,0.077643175
1525,1698.0857,1492.2687,205.81695,1.8583598,0.066394503
1526,1548.8715,1716.8215,-167.94999,-1.5199729,1.3611568
1527,1150.8082,1096.7217,54.086505,0.47841525,0.80987583
1528,1050.2197,1099.1785,-48.958764,-0.43072457,0.81502854
1529,876.69274,906.07294,-29.380199,-0.24742006,-0.59962309
1530,901.00559,861.85029,39.155299,0.32823949,-0.38977172
1531,867.15829,881.01344,-13.855149,-0.11703109,-1.0138383
1532,741.78026,809.76583,-67.985574,-0.5887866,-1.0957031
1533,768.95345,766.52591,2.4275334,0.021850282,0.4605353
1534,458.60708,432.8906,25.716481,0.2352207,0.34781068
1535,584.93855,698.71785,-113.7793,-0.98864069,2.2046496
1536,882.41341,779.79271,102.6207,0.93815561,1.6043859
1537,764.66294,843.1785,-78.515561,-0.70192368,0.56076513
1538,931.51583,986.16507,-54.649239,-0.48872704,0.49887941
1539,930.08566,1036.7754,-106.68977,-0.95737304,0.46408955
1540,1315.2775,1223.9846,91.292822,0.83816564,1.8331042
1541,1362.9497,1444.1152,-81.165442,-0.75363145,1.1689777
1542,1468.7821,1504.0614,-35.279297,-0.31642212,-0.098174948
1543,1886.8678,1940.3916,-53.523771,-0.468116,-0.13500071
1544,1988.8864,1887.8157,101.07067,0.90708011,0.22823022
1545,2086.1378,2133.4971,-47.359318,-0.42463169,0.2632
1546,2383.6127,2414.0653,-30.452596,-0.26938307,-0.70025299
1547,2511.3743,2352.1536,159.22075,1.4503345,-0.4772573
1548,2426.5177,2653.8503,-227.3326,-2.0456213,0.99615704
1549,2647.2402,2615.524,31.716231,0.28928402,0.17465067
1550,2730.6667,2675.9616,54.705054,0.49943013,-0.77909258
1551,2663.4488,2740.3301,-76.881345,-0.70708432,-1.0101607
1552,2801.6983,2767.3551,34.343238,0.3201663,-0.5232955
1553,2619.1136,2708.8829,-89.769323,-0.82314961,-0.64509582
1554,2795.5009,2798.3109,-2.8100094,-0.024445473,-1.9464795
1555,2674.4134,2687.263,-12.849548,-0.10810882,-0.42425767
1556,2649.6238,2625.3512,24.272589,0.20461035,-0.17177049
1557,2558.0931,2638.618,-80.524932,-0.69327591,-1.3290459
1558,2541.8845,2563.4395,-21.554996,-0.18757684,-0.03970352
1559,2194.3538,2103.0326,91.321188,0.79562163,1.2468836
1560,3114.905,3242.5029,-127.59785,-1.0648969,1.1047778
1561,2081.8473,1897.1516,184.69567,1.5265146,1.1735753
1562,3389.9739,3545.1823,-155.20841,-1.3502344,1.1181919
1563,2730.6667,2685.2975,45.369162,0.40418003,0.41673231
1564,2777.3855,2864.6449,-87.259439,-0.73802336,1.3021252
1565,1499.7691,1444.6065,55.162562,0.47680057,1.307915
1566,3224.5512,3185.0134,39.537775,0.35062601,1.457193
1567,4663.7765,4776.0461,-112.26953,-0.96759194,-0.067162018
1568,3771.8287,3816.906,-45.077272,-0.37180504,-0.63154938
1569,2213.8994,2118.7562,95.143203,0.84124891,1.5513015
1570,2216.2831,2307.4395,-91.156485,-0.78316949,1.521143
1571,2995.2477,3013.0365,-17.788796,-0.15608143,0.41548615
1572,3359.4637,3295.5701,63.89363,0.57566189,0.61799
1573,3246.0037,3374.1881,-128.18438,-1.1899382,-2.0217406
1574,3113.9516,3143.2476,-29.296018,-0.27292072,-0.41929954
1575,3027.6648,2801.2591,226.40569,2.0669312,-0.43917123
1576,2321.6387,2416.5221,-94.883339,-0.88932108,-0.66506747
1577,2823.6276,2809.1209,14.506639,0.13371573,0.17057399
1578,2904.1937,2925.5739,-21.380228,-0.19444543,1.266821
1579,2633.892,2645.4971,-11.605128,-0.10180777,-0.98509613
1580,2697.2961,2777.1823,-79.886252,-0.6898007,-1.061843
1581,2126.6592,2019.9923,106.6669,0.90073979,-1.4530664
1582,2188.6331,2344.7831,-156.14996,-1.369435,-1.4544164
1583,2435.0987,2418.4875,16.611172,0.14615141,-0.094239636
1584,1781.9888,1766.9405,15.048328,0.13278768,1.8985586
1585,2134.7635,2225.382,-90.618457,-0.79553616,2.805038
1586,2120.4618,1996.4069,124.05492,1.0917132,2.2943203
1587,1822.987,1990.5106,-167.52359,-1.4640701,0.037743871
1588,1689.5047,1643.6084,45.89621,0.41768656,0.53244761
1589,1283.3371,1345.8426,-62.505553,-0.56022659,0.96069128
1590,1738.1304,1637.2207,100.90962,0.90382117,0.48119173
1591,1514.5475,1480.9674,33.580116,0.30031307,1.957438
1592,1468.3054,1597.9117,-129.60631,-1.1471587,1.7219815
1593,1520.2682,1436.2534,84.014797,0.72472277,0.30965208
1594,1222.3166,1226.4415,-4.1248852,-0.03628301,0.51329435
1595,1161.2961,1277.5432,-116.2471,-1.0385032,1.0556331
1596,1316.7076,1289.3359,27.371742,0.2407973,0.7672727
1597,1374.8678,1438.2188,-63.351026,-0.5735836,0.73811244
1598,1285.2439,1342.4031,-57.159123,-0.51876232,0.12081773
1599,1253.7803,1359.1094,-105.32914,-0.93191892,0.063025599
1600,1408.7151,1193.0288,215.68629,1.8600452,-0.89219566
1601,1295.7318,1421.5125,-125.78063,-1.1327998,0.019611573
1602,1530.2793,1578.2572,-47.977868,-0.44351072,-0.06980411
1603,1435.8883,1350.2649,85.623393,0.78573656,-0.4933118
1604,1537.4302,1660.3148,-122.88461,-1.0888836,-1.0488636
1605,1598.9274,1542.3877,56.539658,0.49065514,-0.31247658
1606,1610.8454,1588.0845,22.760985,0.19556703,-0.72631968
1607,1547.9181,1692.2534,-144.3353,-1.2646428,-1.3391151
1608,1832.5214,1713.382,119.13946,1.0552251,0.18155693
1609,1571.7542,1628.8676,-57.113372,-0.53472058,0.80819119
1610,1753.3855,1820.0077,-66.622203,-0.60056621,2.2568207
1611,1920.7151,1759.0787,161.63639,1.4546335,1.4935941
1612,1691.4115,1910.4184,-219.00688,-1.9107715,0.17891881
1613,1842.0559,1741.3896,100.66623,0.8802282,0.62858825
1614,1670.9125,1853.4203,-182.50787,-1.631169,2.0437345
1615,1879.2402,1784.1382,95.102028,0.8835003,1.8269501
1616,1734.7933,1720.7524,14.040897,0.12903579,1.8235682
1617,1700.946,1868.1612,-167.21523,-1.5149504,2.5354493
1618,1902.1229,1778.2418,123.88106,1.0847348,1.6206397
1619,1581.7654,1588.0845,-6.3190898,-0.056953041,0.73983715
1620,1836.8119,1825.904,10.907887,0.095380225,0.4855023
1621,1871.6127,1903.048,-31.435322,-0.27044684,-0.13825711
1622,1471.6425,1435.2706,36.371825,0.32255411,0.77047666
1623,1622.7635,1673.5816,-50.818073,-0.43953992,1.6282963
1624,1869.7058,2000.3378,-130.63204,-1.1217137,0.97899291
1625,2397.9143,2184.1075,213.80685,1.7352096,0.28536322
1626,3331.8138,3418.9021,-87.088331,-0.77543504,-0.20543729
1627,5204.8566,5317.0365,-112.17986,-0.96156481,0.72544272
1628,3333.7207,3261.666,72.054644,0.57780868,0.53516359
1629,4346.7561,4458.6257,-111.86967,-0.86218749,-0.77737735
1630,4378.6965,4319.5701,59.126404,0.49078393,-0.39165922
1631,5427.486,5505.2284,-77.742373,-0.65093178,-1.2009109
1632,4692.3799,4815.3551,-122.9752,-1.0843034,-2.4068063
1633,5015.5978,4931.3167,84.281067,0.71536202,-1.2791669
1634,4348.1862,4423.2476,-75.061381,-0.65505416,0.35579352
1635,5012.7374,5005.5125,7.2249542,0.065143922,1.1446927
1636,5390.7784,5293.9424,96.83598,0.86358569,0.86124361
1637,5437.0205,5588.2687,-151.24823,-1.3239734,1.3630596
1638,5310.2123,5242.3493,67.862962,0.57830815,-0.083238459
1639,5067.0838,5222.2035,-155.11966,-1.3630812,0.31794566
1640,4950.7635,4817.8119,132.9516,1.1672379,1.8427522
1641,4328.1639,4389.8349,-61.671059,-0.57291994,1.2278052
1642,4084.5587,4230.6334,-146.07474,-1.3222929,1.9735923
1643,3973.4823,3929.428,44.054286,0.38944005,0.37972478
1644,3255.0615,3251.8388,3.2226809,0.028169985,1.248358
1645,3007.1657,3057.7505,-50.584744,-0.44598864,0.7362823
1646,2801.6983,2841.0595,-39.361177,-0.33832145,-0.72913899
1647,2258.2346,2245.5278,12.706806,0.11466059,0.035457848
1648,1653.2737,1676.5298,-23.256007,-0.21312762,-0.97248041
1649,1565.0801,1636.7294,-71.649292,-0.65507938,-0.68452351
1650,1518.3613,1298.6718,219.68948,1.9631017,-0.62098395
1651,1259.5009,1420.0384,-160.53746,-1.4373188,-0.73261201
1652,1042.5922,1047.094,-4.5018711,-0.041649522,-0.14310493
1653,887.18063,807.80038,79.380249,0.74169335,-0.88688917
1654,683.62011,844.65259,-161.03248,-1.4251891,-1.6302001
1655,767.52328,714.44146,53.081819,0.45921158,-1.1356933
1656,691.24767,634.34933,56.898344,0.49587261,-1.7316648
1657,552.04469,768.49136,-216.44667,-1.9290898,-2.6787357
1658,611.15829,472.69098,138.46731,1.2259899,-2.76789
1659,296.04469,345.91939,-49.874693,-0.42842914,-1.6917679
1660,497.69832,568.50672,-70.808394,-0.62657931,-0.4875074
1661,642.14525,553.27447,88.870779,0.80004974,1.4694496
1662,633.08752,833.84261,-200.75509,-1.74855,0.70570588
1663,817.10242,653.51248,163.58994,1.4097478,0.42387528
1664,818.05587,953.73512,-135.67926,-1.1856382,0.84472583
1665,1225.6536,1061.8349,163.8187,1.4821914,0.11609151
1666,1228.514,1224.476,4.0379588,0.036401871,1.8146629
1667,1341.9739,1502.096,-160.12204,-1.3824524,1.4393247
1668,1759.1061,1620.5144,138.59175,1.215377,1.0298089
1669,1799.1508,1870.1267,-70.975841,-0.61787597,1.2402904
1670,1901.1695,1931.0557,-29.886202,-0.26335736,0.14130282
1671,2171.9479,2214.0806,-42.132756,-0.37146544,0.69237219
1672,2246.7933,2307.4395,-60.646243,-0.54435335,0.89641434
1673,2198.6443,2226.3647,-27.720363,-0.25766971,-0.02335167
1674,2377.892,2459.2706,-81.378641,-0.74768514,0.22382983
1675,2505.1769,2361.4894,143.68747,1.2723699,-0.39956771
1676,2366.9274,2460.2534,-93.325985,-0.84667764,-0.12748042
1677,2508.9907,2613.0672,-104.07649,-0.98745206,0.4405165
1678,2346.905,2259.286,87.619039,0.80891328,-0.77861895
1679,2557.6164,2610.119,-52.502615,-0.46593549,-1.1566141
1680,2400.298,2367.8772,32.420792,0.2813038,-0.8235333
1681,2421.7505,2336.4299,85.320523,0.74533702,0.10496236
1682,2323.5456,2480.3992,-156.85361,-1.3563432,-1.1289537
1683,2293.9888,2147.7466,146.24219,1.2669542,-0.30427823
1684,1939.784,2040.6296,-100.84557,-0.90368959,0.11211006
1685,2861.7654,2898.0576,-36.292218,-0.31625904,-0.48378753
1686,1801.5345,1660.3148,141.21967,1.2221624,0.28580711
1687,3097.743,3356.9904,-259.24739,-2.2848021,0.63620862
1688,2448.4469,2306.4568,141.99011,1.2602783,0.39902808
1689,2459.4115,2671.5393,-212.1278,-1.757553,0.073553594
1690,1216.5959,1073.1363,143.45963,1.2304173,0.32179494
1691,2919.4488,2922.6257,-3.1769302,-0.02719947,0.6745865
1692,4373.4525,4538.2265,-164.77397,-1.4445521,-0.028276484
1693,3530.1304,3401.2131,128.9173,1.0375573,0.18168323
1694,1972.6778,1949.7274,22.950393,0.19556723,0.57089681
1695,1996.9907,1987.5624,9.428309,0.078857133,0.064354628
1696,2743.5382,2779.6392,-36.10098,-0.30816753,-0.62582225
1697,3089.6387,3097.5509,-7.91213,-0.070495425,0.1519669
1698,3000.0149,3020.8983,-20.883375,-0.19077585,0.46515359
1699,2905.6238,3055.785,-150.16119,-1.3370804,-0.73096487
1700,2682.9944,2450.9175,232.07695,2.021179,-0.32175064
1701,2084.2309,2228.8215,-144.59058,-1.2809455,-0.24807871
1702,2489.4451,2564.4223,-74.9772,-0.6971337,0.13436023
1703,2599.568,2554.595,44.972961,0.42697691,0.76839908
1704,2370.7412,2450.4261,-79.684949,-0.72444262,-0.40560308
1705,2378.3687,2385.5662,-7.1975037,-0.060898934,0.339419
1706,1832.5214,1794.9482,37.573239,0.3275452,0.67708793
1707,1877.3333,2030.8023,-153.46897,-1.4241406,-0.85555904
1708,2241.0726,2094.1881,146.88453,1.3580916,-0.5427835
1709,1577.4749,1613.6353,-36.160456,-0.31666672,0.24511285
1710,1843.0093,1871.1094,-28.100094,-0.24915201,0.41032979
1711,1922.1453,1806.7409,115.40437,1.0471956,0.56452568
1712,1575.0912,1770.8714,-195.78015,-1.7613666,0.88170721
1713,1482.1304,1360.5835,121.54686,1.0576788,-0.52970753
1714,1031.1508,1254.9405,-223.78966,-2.0014798,-0.95233229
1715,1466.3985,1311.9386,154.45993,1.384452,-0.55022205
1716,1292.8715,1359.1094,-66.237897,-0.612715,-0.17547672
1717,1170.8305,1335.524,-164.69345,-1.4558453,0.025553849
1718,1272.8492,1160.5988,112.25031,0.95207511,-0.26284565
1719,1028.2905,1029.405,-1.1144876,-0.0097172721,0.23437776
1720,909.58659,946.36468,-36.778091,-0.31430573,0.082800163
1721,1065.9516,1112.4453,-46.493715,-0.39164624,-0.40141798
1722,1182.2719,1137.5048,44.767082,0.38754549,-0.6234869
1723,1124.1117,1137.9962,-13.884429,-0.12389041,-0.04327186
1724,1104.5661,1181.7274,-77.161339,-0.70635027,-0.94856073
1725,1197.0503,980.76008,216.2902,1.9346665,-1.5084761
1726,1125.5419,1276.5605,-151.01856,-1.317997,-1.15113
1727,1336.2533,1350.7562,-14.502979,-0.13315215,-0.46834011
1728,1216.1192,1128.6603,87.458912,0.81988956,0.089383244
1729,1338.1601,1489.8119,-151.65175,-1.3820728,-0.2235072
1730,1375.8212,1259.3628,116.45847,1.0307042,0.78483084
1731,1318.1378,1450.0115,-131.87371,-1.1554259,0.60814586
1732,1312.8939,1413.6507,-100.75682,-0.90732272,-1.3227781
1733,1569.3706,1478.5106,90.860021,0.83269549,0.063541941
1734,1311.9404,1421.5125,-109.57207,-0.97935056,0.5914348
1735,1556.0223,1502.096,53.926377,0.48007303,-0.633128
1736,1628.4842,1606.7562,21.727933,0.19446243,1.4591582
1737,1479.27,1562.5336,-83.263571,-0.75601287,0.70122228
1738,1658.5177,1563.5163,95.001376,0.86608507,-0.59994993
1739,1497.3855,1590.0499,-92.664429,-0.82773024,-0.35050531
1740,1716.2011,1543.3704,172.83068,1.5718333,-0.39019148
1741,1479.27,1594.9635,-115.69351,-1.0485354,1.7000242
1742,1507.8734,1573.8349,-65.961562,-0.58066114,0.80651578
1743,1671.8659,1596.929,74.936939,0.66598911,-0.0024587829
1744,1300.4991,1353.7044,-53.205346,-0.47204899,0.010803894
1745,1611.3222,1571.8695,39.452678,0.33945918,-1.694157
1746,1565.5568,1730.0883,-164.53149,-1.416652,-1.594361
1747,1243.7691,1168.952,74.817072,0.64277521,0.57396012
1748,1362.9497,1421.0211,-58.071393,-0.48176014,0.98704263
1749,1656.1341,1764.4837,-108.34961,-0.95505864,1.6776916
1750,2212.4693,1962.0115,250.45776,2.0384107,0.72053224
1751,3102.987,3308.8369,-205.84989,-1.8527003,0.74179835
1752,4963.1583,4931.8081,31.350225,0.2681688,0.66128338
1753,2990.9572,2947.1939,43.763311,0.34981862,0.88098719
1754,4404.4395,4421.7735,-17.334034,-0.13240943,0.034541911
1755,4636.1266,4524.4683,111.6583,0.93755772,0.16093493
1756,5555.2477,5658.5336,-103.28592,-0.85753662,1.7949364
1757,4816.8045,4807.9846,8.8198244,0.076425546,-0.39582391
1758,5154.324,5160.2917,-5.9677243,-0.052752829,-0.53747268
1759,4599.419,4568.691,30.728016,0.27675706,0.38159943
1760,4990.8082,5007.4779,-16.669733,-0.1460663,0.15317134
1761,5383.6276,5424.6449,-41.017353,-0.35246409,0.55016796
1762,5633.9069,5696.8599,-62.952995,-0.55011052,0.79963449
1763,5420.8119,5406.4645,14.347427,0.12834715,0.095416014
1764,5248.7151,5368.1382,-119.42311,-1.0418963,-0.27796898
1765,5031.3296,4925.4203,105.90926,0.92496826,0.45813368
1766,4519.3296,4614.8791,-95.54947,-0.83946802,0.10915762
1767,4207.0764,4223.7543,-16.677969,-0.14493212,-0.32554439
1768,4057.3855,4003.6238,53.761674,0.46678529,0.19586626
1769,3439.5531,3384.9981,54.554992,0.47785158,-0.5138735
1770,3040.0596,3050.38,-10.320448,-0.089860166,-0.40415642
1771,2818.8603,2921.643,-102.78266,-0.88374256,-0.099788335
1772,2251.5605,2088.7831,162.77741,1.4159939,-0.012139231
1773,1573.1844,1702.572,-129.38762,-1.1847709,0.31491113
1774,1523.6052,1566.9559,-43.35064,-0.40157153,-0.3423436
1775,1351.0317,1131.1171,219.91457,2.0323628,1.2277731
1776,1097.4153,1348.7908,-251.37552,-2.2941118,1.3858974
1777,851.42644,731.63916,119.78729,1.0923801,0.41399967
1778,563.96276,616.66027,-52.697513,-0.46779356,-0.28679027
1779,550.61453,587.1785,-36.563978,-0.32103593,-0.35883788
1780,469.57169,436.33013,33.24156,0.28362599,0.7341459
1781,380.42458,485.95777,-105.53319,-0.89931911,0.41315152
1782,400.44693,346.41075,54.036179,0.46773773,0.1537388
1783,325.60149,323.80806,1.7934283,0.015835815,0.51023412
1784,140.63315,77.143954,63.489193,0.55480398,0.33757381
1785,206.42086,253.05182,-46.630967,-0.4058268,-1.0654329
1786,440.49162,421.58925,18.902369,0.1697672,-0.97283046
1787,454.7933,443.70058,11.09272,0.1000943,0.49357994
1788,500.08194,573.91171,-73.829772,-0.64380122,1.0381893
1789,651.20298,695.76967,-44.566694,-0.40126414,0.39199676
1790,942.48045,856.93666,85.543787,0.79415779,-0.167986
1791,986.81564,1089.8426,-103.02697,-0.95420718,-0.35140501
1792,1144.6108,1167.4779,-22.867126,-0.19708233,-0.030240461
1793,1506.9199,1482.4415,24.478467,0.20878629,-0.086078601
1794,1684.2607,1647.5393,36.72136,0.32521386,-0.11237538
1795,1674.7263,1738.4415,-63.715202,-0.55328485,0.038423273
1796,2036.0819,2137.428,-101.34609,-0.85922091,0.56052728
1797,2157.1695,2012.1305,145.03894,1.2666329,-0.11393371
1798,2101.3929,2211.1324,-109.73951,-0.97442014,1.0064112
1799,2355.0093,2370.8253,-15.816025,-0.14588556,-0.15811473
1800,2393.1471,2272.0614,121.08569,1.1111206,-0.084127133
1801,2366.9274,2499.071,-132.14364,-1.186284,1.2530264
1802,2501.3631,2407.6775,93.685585,0.86569256,2.426718
1803,2296.3724,2362.9635,-66.591092,-0.60251494,0.63433229
1804,2539.5009,2530.0269,9.4740597,0.08167658,-1.1332372
1805,2337.8473,2332.0077,5.8396223,0.049793236,-0.2120035
1806,2312.581,2400.7985,-88.217459,-0.77847755,0.99072798
1807,2252.0372,2285.8196,-33.782334,-0.30037595,0.61022381
1808,2234.8752,2190.0038,44.871394,0.39240632,0.88918833
1809,1926.4358,1907.4702,18.965505,0.16581418,2.1261504
1810,2713.9814,2816.9827,-103.00135,-0.89590895,1.4989595
1811,1782.4655,1689.7965,92.669004,0.78383258,1.6640381
1812,3039.5829,3144.7217,-105.13882,-0.90184819,0.23137398
1813,2429.8547,2343.309,86.545727,0.75232381,-1.5313878
1814,2472.2831,2603.2399,-130.95687,-1.088776,0.32225185
1815,1115.5307,1027.9309,87.599824,0.79046755,-0.68421446
1816,2941.8547,3015.9846,-74.129896,-0.65798004,0.7056302
1817,4306.7114,4357.405,-50.693631,-0.44708691,0.10626456
1818,3499.6201,3541.2514,-41.631328,-0.34713681,0.4104902
1819,1956.4693,1871.1094,85.359869,0.72927876,0.3474021
1820,1898.7858,1964.9597,-66.173846,-0.55765095,0.58912471
1821,2699.6797,2811.5777,-111.89803,-0.96882936,-0.68268626
1822,3011.933,2925.5739,86.359065,0.76826613,0.12489654
1823,2963.3073,3064.6296,-101.3223,-0.89416642,-0.65612401
1824,2832.2086,2948.1766,-115.96802,-1.0470832,-0.19625071
1825,2590.5102,2443.0557,147.45458,1.3157139,0.10409032
1826,2047.5233,2212.6065,-165.08325,-1.5006949,0.7149116
1827,2441.7728,2386.5489,55.223868,0.50735684,0.82684313
1828,2635.3222,2612.0845,23.237707,0.21025527,0.37991587
1829,2345.4749,2365.4203,-19.945485,-0.1741231,-1.0701965
1830,2351.1955,2338.3954,12.800137,0.10989977,-1.3216902
1831,1819.1732,1822.4645,-3.291307,-0.028594571,0.032058056
1832,1863.9851,1936.952,-72.966913,-0.65559651,-0.48897262
1833,2185.7728,2207.2015,-21.428724,-0.19364422,0.13342304
1834,1515.9777,1489.3205,26.657116,0.2398668,1.4693755
1835,1792,1864.2303,-72.230326,-0.62895459,2.4846556
1836,1792.4767,1788.0691,4.4076246,0.038614763,1.4405639
1837,1513.1173,1566.4645,-53.347173,-0.46368306,0.9609005
1838,1381.0652,1342.8944,38.170743,0.34266224,-0.089744796
1839,932.46927,1081.4894,-149.02017,-1.3113395,0.65019684
1840,1341.0205,1244.1305,96.889966,0.90960331,1.5022034
1841,1171.3073,1241.1823,-69.875079,-0.64447994,0.52045803
1842,1112.1937,1182.7102,-70.516504,-0.6366183,0.69826275
1843,1212.7821,1121.7812,91.000933,0.77650217,-0.20015191
1844,894.80819,910.98656,-16.178371,-0.14425583,-0.5451984
1845,833.31099,877.08253,-43.771547,-0.38893447,0.20926015
1846,1013.5121,1049.5509,-36.038759,-0.31202853,-0.27336648
1847,1077.3929,986.65643,90.736494,0.82341288,-0.73298872
1848,971.56052,1096.7217,-125.16117,-1.157631,0.74735621
1849,1020.6629,1024,-3.3370577,-0.030590269,-0.79534204
1850,1019.2328,895.26296,123.96982,1.1693983,0.67729135
1851,992.53631,1197.9424,-205.40611,-1.8665205,0.35952111
1852,1190.8529,1147.8234,43.02947,0.38277264,-0.21814581
1853,1095.0317,1084.929,10.102675,0.090653365,0.68125895
1854,1216.1192,1304.0768,-87.957595,-0.77310907,0.10611413
1855,1218.9795,1190.0806,28.898902,0.25179709,-0.22440498
1856,1255.2104,1311.9386,-56.728151,-0.48560335,-0.0065366874
1857,1233.2812,1271.6468,-38.365641,-0.33374053,-0.20415445
1858,1536.9534,1459.3474,77.606036,0.69031942,-0.94126738
1859,1290.4879,1308.499,-18.011145,-0.16572759,-0.87432194
1860,1469.7356,1479.0019,-9.2663514,-0.082483337,0.86727289
1861,1554.1155,1537.9655,16.150005,0.14407157,1.3442554
1862,1422.54,1480.476,-57.93597,-0.52022765,1.2644429
1863,1556.4991,1557.1286,-0.62952995,-0.0055191507,0.4073928
1864,1397.7505,1473.1056,-75.355101,-0.6692248,-0.50074698
1865,1563.6499,1537.9655,25.684456,0.23796936,1.3548482
1866,1402.9944,1471.6315,-68.637065,-0.63815902,0.3981743
1867,1382.9721,1414.142,-31.169968,-0.27896818,0.86461991
1868,1606.0782,1617.0749,-10.996644,-0.096036759,0.1066407
1869,1255.6872,1190.572,65.115174,0.58879217,0.91977195
1870,1470.689,1611.6699,-140.98085,-1.2740417,0.55602047
1871,1515.9777,1548.7754,-32.797778,-0.2916587,-0.94430552
1872,1169.4004,1070.1881,99.212273,0.87595017,-1.2764086
1873,1361.5196,1440.6756,-79.156071,-0.67492221,-0.35153845
1874,1553.6387,1592.0154,-38.376621,-0.32560452,0.077988669
1875,2087.0912,1916.3148,170.77647,1.4136582,1.1528372
1876,2999.0615,3111.8004,-112.73893,-1.0300113,0.63925412
1877,4864.9534,4882.6718,-17.71834,-0.15574465,1.3867445
1878,2949.959,2951.1248,-1.1657284,-0.0096470895,1.596289
1879,3947.7393,3982.0038,-34.264546,-0.27249837,-0.1204341
1880,3921.9963,3975.1248,-53.128484,-0.45777233,-0.42339133
1881,4987.9479,5079.7083,-91.760395,-0.77111765,-0.20550585
1882,4296.2235,4329.3973,-33.173849,-0.28331286,1.137558
1883,4604.1862,4648.7831,-44.59689,-0.3837658,0.69900365
1884,3958.2272,3899.4549,58.772294,0.51545204,1.9387366
1885,4525.0503,4692.023,-166.97275,-1.5405079,0.93621287
1886,4912.6257,4808.476,104.14969,0.93204159,1.1542247
1887,5012.7374,5067.9155,-55.178117,-0.48517536,1.5288524
1888,4891.1732,4901.8349,-10.661748,-0.094781424,0.61197288
1889,4663.2998,4712.6603,-49.360455,-0.43750077,1.0083446
1890,4460.216,4479.7543,-19.538304,-0.17415278,2.2816957
1891,3950.5996,3911.739,38.860664,0.36565061,0.91493366
1892,3695.5531,3807.5701,-112.01698,-1.0074188,0.73453325
1893,3629.7654,3587.4395,42.325824,0.36956509,-0.11561586
1894,2913.7281,2847.9386,65.78954,0.57300073,0.19654476
1895,2596.7076,2814.0345,-217.32691,-1.9473129,1.4269745
1896,2479.9106,2445.0211,34.889501,0.30288822,0.34727061
1897,1865.892,1874.0576,-8.165589,-0.074273551,-0.25883189
1898,1350.5549,1465.7351,-115.18019,-1.0485589,-1.2837876
1899,1204.6778,1218.0883,-13.410452,-0.11892803,-1.2097575
1900,1138.8901,1069.6967,69.193393,0.61270052,-1.0409226
1901,957.25885,984.69098,-27.432133,-0.24196434,-0.35988371
1902,708.40968,726.72553,-18.315844,-0.16915548,-0.24423713
1903,614.01862,514.45681,99.561808,0.91879674,-1.149476
1904,444.3054,469.25144,-24.946039,-0.21941365,-1.7800656
1905,397.58659,525.26679,-127.6802,-1.0966475,-1.8771734
1906,401.40037,250.59501,150.80536,1.2685936,-2.0705582
1907,273.16201,503.15547,-229.99346,-1.9732035,-2.6352051
1908,327.50838,229.46641,98.041969,0.86071163,-1.6287672
1909,2.3836127,2.4568138,-0.073201157,-0.00066969213,-0.16678195
1910,142.06331,370.48752,-228.42421,-2.0574869,1.2482179
1911,376.13408,220.13052,156.00356,1.3817137,0.93006864
1912,312.72998,494.8023,-182.07232,-1.5618997,-0.24544338
1913,541.08007,455.98464,85.09543,0.7464956,0.76586242
1914,474.33892,589.63532,-115.2964,-0.99875307,0.94376198
1915,878.59963,868.238,10.361624,0.093662564,0.80712277
1916,870.97207,813.69674,57.27533,0.50952914,0.390177
1917,1002.5475,1132.0998,-129.55232,-1.1177551,0.52983297
1918,1474.9795,1287.3704,187.60907,1.5982649,-0.3641719
1919,1499.7691,1473.1056,26.663521,0.23771459,-2.2183762
1920,1534.0931,1651.9616,-117.8685,-1.0506253,0.79956026
1921,1878.2868,1818.5336,59.753189,0.52828893,1.7926336
1922,1919.7616,1946.7793,-27.017632,-0.24438918,0.42832277
1923,1909.2737,1949.2361,-39.962341,-0.36524576,0.52323847
1924,2020.3501,2128.5835,-108.2334,-0.9906839,-1.3479729
1925,2119.5084,2083.8695,35.638898,0.3199655,-1.4828626
1926,2027.5009,2063.7236,-36.222677,-0.32961815,0.15139536
1927,2138.5773,2187.0557,-48.478381,-0.44270016,0.84657252
1928,2036.5587,1996.4069,40.151749,0.36290516,-0.2936478
1929,2139.054,2211.1324,-72.078434,-0.62520388,-0.96167868
1930,2028.4544,2079.4472,-50.992841,-0.44233791,-1.4852244
1931,2040.3724,1914.8407,125.53175,1.0650993,-1.9616197
1932,1975.5382,2076.9904,-101.45223,-0.85975995,-1.9292632
1933,1956.946,1841.6276,115.31836,0.99564836,-1.3303741
1934,1609.892,1581.6967,28.195256,0.24891924,0.23790152
1935,2460.365,2656.7985,-196.43347,-1.6913753,1.4883694
1936,1478.7933,1268.2073,210.586,1.780456,0.81574816
1937,2745.4451,3036.1305,-290.68545,-2.4952649,0.86941498
1938,2151.4488,1973.8042,177.64457,1.5298295,-0.68681674
1939,2112.8343,2329.0595,-216.22524,-1.7970951,-0.16657171
1940,847.61266,776.84453,70.768133,0.61473693,1.3318639
1941,2590.0335,2575.2322,14.801274,0.12990558,1.4722884
1942,3989.6909,4175.6008,-185.90989,-1.6331325,0.96137297
1943,3278.8976,3116.714,162.18357,1.3193038,0.98394822
1944,1534.5698,1591.524,-56.95416,-0.5010855,1.7357915
1945,1635.1583,1675.547,-40.388738,-0.35079009,1.2068657
1946,2390.7635,2371.8081,18.95544,0.16556296,0.30946643
1947,2760.2235,2722.6411,37.582389,0.33459766,0.8932634
1948,2719.702,2684.8061,34.895906,0.32100023,0.20881912
1949,2473.7132,2649.9194,-176.20616,-1.5930287,-1.0136018
1950,2362.1601,2186.0729,176.08721,1.5620978,-0.68219882
1951,1752.9088,1812.1459,-59.237121,-0.53391649,-1.4062423
1952,2149.0652,2287.785,-138.71985,-1.2611861,-0.70901849
1953,2346.905,2220.9597,125.94534,1.1723809,-0.4906296
1954,1989.3631,2146.7639,-157.40079,-1.3811202,-1.7969041
1955,2059.9181,2042.1036,17.814416,0.15144288,-0.52374745
1956,1483.0838,1475.071,8.0127816,0.068626536,-0.54842445
1957,1586.0559,1662.2802,-76.224364,-0.66863097,-1.1703334
1958,1904.0298,1778.7332,125.29659,1.0874559,-1.2287954
1959,1195.1434,1257.8887,-62.745286,-0.54029062,0.79815709
1960,1558.8827,1568.4299,-9.5472609,-0.085882678,0.97714305
1961,1523.1285,1468.6833,54.44519,0.4854663,1.4975551
1962,1300.9758,1370.4107,-69.434957,-0.60096867,0.54105447
1963,1151.2849,1050.0422,101.24269,0.89446038,-0.65968072
1964,687.43389,888.38388,-200.94999,-1.8007367,0.091351056
1965,1146.041,1010.7332,135.30776,1.2057646,1.5711424
1966,956.78212,991.07869,-34.296572,-0.31878208,1.4764086
1967,950.58473,1033.3359,-82.751163,-0.74078776,1.5674555
1968,978.71136,853.98848,124.72288,1.0800706,1.4279293
1969,707.93296,744.41459,-36.481626,-0.31361153,1.0684906
1970,608.29795,670.21881,-61.920858,-0.54046767,0.39162944
1971,742.25698,785.68906,-43.432076,-0.37023658,0.037600632
1972,919.12104,821.06718,98.053864,0.87492456,-0.37332726
1973,763.7095,824.50672,-60.797221,-0.56864577,-1.1626223
1974,779.44134,848.09213,-68.65079,-0.64385292,0.045586379
1975,836.64804,680.04607,156.60198,1.3945108,-1.1264797
1976,836.17132,907.54702,-71.375703,-0.6425236,-0.34631644
1977,1013.5121,997.46641,16.045694,0.14457629,-1.0847426
1978,935.80633,875.11708,60.689249,0.56180258,-1.1284883
1979,1024,1138.9789,-114.97889,-1.0364436,-1.2018375
1980,1025.4302,998.44914,26.981031,0.23585563,-0.14690897
1981,1085.4972,1053.9731,31.524078,0.27905576,0.28943713
1982,1024,1124.238,-100.238,-0.88810446,-0.45546403
1983,1331.9628,1179.762,152.20076,1.3471445,-1.7392545
1984,1036.3948,1096.2303,-59.83554,-0.53254505,-0.52547936
1985,1198.4804,1264.7678,-66.287307,-0.58721189,0.043275817
1986,1307.1732,1214.6488,92.524432,0.82789385,1.158147
1987,1204.6778,1303.094,-98.41621,-0.87010013,0.49782351
1988,1279.5233,1237.2514,42.271838,0.38034356,0.20511034
1989,1103.6127,1267.7159,-164.10327,-1.4483962,1.4902123
1990,1331.0093,1239.2169,91.79242,0.83863957,1.3335686
1991,1209.4451,1224.476,-15.030943,-0.13646039,1.1440587
1992,1163.6797,1208.261,-44.581334,-0.40251875,0.14662356
1993,1411.5754,1336.0154,75.560064,0.65539258,0.89355933
1994,1002.0708,1013.6814,-11.610618,-0.10087293,0.41335103
1995,1298.5922,1309.4818,-10.889587,-0.094105701,0.35511814
1996,1304.3128,1327.6622,-23.349339,-0.20123344,1.4952618
1997,937.71322,869.22073,68.492492,0.60648834,0.46437673
1998,1137.46,1135.5393,1.9206153,0.016401968,-0.63953935
1999,1228.0372,1446.572,-218.53473,-1.8933351,-0.78738823
2000,1876.8566,1668.1766,208.68003,1.6566499,-1.1264192
2001,2706.8305,2802.2418,-95.411303,-0.8250314,0.74345072
2002,4423.9851,4505.3052,-81.32008,-0.70518681,0.99189969
2003,2362.1601,2294.1727,67.987404,0.55889039,0.59905474
2004,3586.3836,3704.3839,-118.00026,-0.92751091,0.61572716
2005,3920.5661,3870.4645,50.101617,0.43331698,-0.62912323
2006,4911.1955,4927.3858,-16.190266,-0.13881335,-0.41802462
2007,4125.0801,4142.6795,-17.599388,-0.15500074,-1.2163105
2008,4535.5382,4473.858,61.68021,0.54631002,-0.6390228
2009,3850.9646,3898.9635,-47.998913,-0.43146981,1.5052224
2010,4306.7114,4327.9232,-21.211865,-0.1889041,1.2323641
2011,4666.6369,4611.9309,54.705969,0.48237969,-0.22374011
2012,4916.9162,4997.6507,-80.734471,-0.71549774,1.3308377
2013,4785.8175,4666.9635,118.85397,1.0368876,-0.50186147
2014,4419.2179,4696.4453,-277.22742,-2.4696526,-0.081673489
2015,4383.9404,4251.2706,132.66978,1.1934052,1.6754808
2016,3803.7691,3862.1113,-58.342237,-0.52167799,0.54825134
2017,3630.2421,3699.9616,-69.719527,-0.61717528,0.91546518
2018,3433.3557,3386.9635,46.392148,0.40515702,-0.42126729
2019,2796.9311,2840.5681,-43.637039,-0.38180939,0.64210235
2020,2531.3966,2489.7351,41.661523,0.35796837,1.0652471
2021,2322.5922,2377.7044,-55.112236,-0.46189333,0.87428486
2022,1814.406,1658.8407,155.56527,1.3671798,-0.64297731
2023,1214.689,1267.7159,-53.026918,-0.49213193,-1.9768913
2024,1077.3929,1229.3896,-151.99671,-1.4072548,-1.9946141
2025,1045.4525,808.78311,236.6694,2.1193474,-1.1981079
2026,786.11546,990.09597,-203.98051,-1.7806554,0.22758194
2027,541.08007,507.08637,33.993702,0.30852737,0.56797221
2028,384.71508,287.93858,96.776504,0.89332153,0.52195541
2029,177.34078,362.62572,-185.28494,-1.6736093,-0.49244126
2030,214.52514,170.01152,44.513623,0.38047736,-0.87266705
2031,148.73743,138.5643,10.173131,0.085032191,-1.8450754
2032,115.84358,198.51056,-82.666981,-0.73187541,-1.4439986
2033,94.867784,10.318618,84.549166,0.75333624,-1.6188781
2034,-209.75791,-113.5048,-96.253116,-0.84048488,-0.42431329
2035,-43.38175,-81.566219,38.184468,0.3372164,0.0010676944
2036,184.0149,111.53935,72.47555,0.66035319,0.26382102
2037,172.57356,198.01919,-25.445637,-0.22643232,0.19703545
2038,299.85847,223.07869,76.779778,0.66403734,-1.0790715
2039,295.56797,439.76967,-144.2017,-1.2599357,-0.40362351
2040,683.62011,523.79271,159.82741,1.4115356,0.78340869
2041,647.3892,737.53551,-90.146309,-0.80878425,0.81271078
2042,847.61266,879.04798,-31.435322,-0.27759707,-0.22169897
2043,1182.7486,1145.3666,37.382001,0.33579794,-0.85902895
2044,1222.7933,1336.0154,-113.22206,-1.0051554,-0.51056746
2045,1320.5214,1320.7831,-0.26169413,-0.0022574244,-1.3076673
2046,1594.1601,1645.5739,-51.413747,-0.43106057,0.83691222
2047,1733.3631,1682.4261,50.937025,0.43281986,1.5833986
2048,1655.1806,1700.6065,-45.425893,-0.40372446,0.32110685
2049,1815.8361,1956.6065,-140.7704,-1.3073204,-0.10985602
2050,1987.4562,1706.5029,280.95336,2.537565,-1.2097115
2051,1858.7412,1968.8906,-110.14944,-0.97436689,0.9775164
2052,2043.2328,2006.2342,36.99861,0.32503319,0.7889468
2053,1847.7765,1794.4568,53.319722,0.47666181,-0.28453117
2054,1980.7821,2114.334,-133.55185,-1.1829537,-0.69911329
2055,1914.5177,1830.3263,84.191395,0.73977155,0.37089056
2056,1814.406,1897.1516,-82.745672,-0.72129069,0.070465738
2057,1834.4283,1850.9635,-16.535226,-0.14711221,-0.90464455
2058,1759.1061,1713.8733,45.232825,0.40278796,-0.30103874
2059,1383.9255,1489.8119,-105.88639,-0.93685125,1.0235256
2060,2291.1285,2321.6891,-30.560568,-0.2602361,0.66833684
2061,1300.9758,1157.6507,143.32512,1.2434074,0.43014887
2062,2585.743,2757.5278,-171.78481,-1.5499329,1.2134895
2063,1927.3892,1825.904,101.48517,0.92859534,0.84224336
2064,1966.9572,2160.5221,-193.5649,-1.6040427,0.30175806
2065,702.21229,479.57006,222.64223,1.9821638,0.026284747
2066,2471.8063,2450.4261,21.380228,0.18553284,0.17888586
2067,3874.8007,3941.7121,-66.911347,-0.59814508,-0.2406361
2068,3068.6629,2989.4511,79.211887,0.65789863,0.56574726
2069,1438.7486,1462.2956,-23.546982,-0.20532498,1.0823452
2070,1491.1881,1460.8215,30.366585,0.2641554,-0.29606812
2071,2223.4339,2350.1881,-126.75421,-1.0830888,-0.80427897
2072,2612.9162,2499.5624,113.35382,0.98148389,-1.5771152
2073,2492.3054,2594.8868,-102.58136,-0.92465216,0.15212047
2074,2302.0931,2486.2956,-184.20248,-1.7309493,0.51345341
2075,2193.4004,1924.1766,269.22379,2.4403858,0.62683977
2076,1532.6629,1700.1152,-167.45222,-1.4862921,0.46312281
2077,2017.9665,1974.2956,43.670895,0.39090149,0.50933029
2078,2150.9721,2095.1708,55.801242,0.51434047,0.6139869
2079,1838.2421,1951.2015,-112.95945,-1.0100154,-0.1545419
2080,1891.1583,1844.0845,47.073834,0.39961454,-0.22665109
2081,1359.6127,1333.0672,26.545484,0.22652933,-0.38918295
2082,1438.7486,1497.1823,-58.433738,-0.5279804,-1.7906297
2083,1731.4562,1693.7274,37.728791,0.341728,-1.2483973
2084,1063.568,1108.023,-44.455062,-0.39662029,-0.41366669
2085,1410.622,1416.1075,-5.4855117,-0.047201335,1.435855
2086,1376.298,1344.3685,31.92943,0.28376884,0.82730915
2087,1171.3073,1177.3052,-5.9979198,-0.053522647,-0.18852689
2088,928.17877,970.44146,-42.262688,-0.37971184,0.18857655
2089,537.74302,678.08061,-140.3376,-1.2690527,-0.40179114
2090,983.47858,841.70441,141.77417,1.280903,0.82762756
2091,727.95531,801.41267,-73.457361,-0.66783302,1.406778
2092,791.3594,796.49904,-5.1396362,-0.045680098,0.96021978
2093,767.04655,725.7428,41.303753,0.36258765,-0.8594464
2094,519.15084,515.9309,3.2199359,0.028360641,-0.83929922
2095,472.90875,493.81958,-20.910825,-0.18288253,0.1677017
2096,574.45065,600.4453,-25.994646,-0.21940768,0.0097111802
2097,783.73184,678.57198,105.15987,0.93822104,-1.083917
2098,579.6946,695.27831,-115.58371,-1.0461608,-0.25965067
2099,589.70577,699.70058,-109.9948,-1.0171124,-0.55509324
2100,724.61825,484.48369,240.13456,2.1880255,0.9416092
2101,578.26443,781.75816,-203.49373,-1.8093061,1.4121355
2102,906.72626,820.08445,86.641804,0.77648076,0.0035699163
2103,694.58473,697.73512,-3.1503948,-0.028792175,-0.7081608
2104,839.9851,920.81382,-80.828717,-0.73065123,-0.71228813
2105,840.93855,793.0595,47.879047,0.41553221,1.3155225
2106,883.84358,881.5048,2.338777,0.019947803,1.9424365
2107,855.24022,903.61612,-48.375899,-0.4286139,1.2422815
2108,1068.3352,1063.309,5.0261744,0.04621303,0.18706919
2109,863.82123,888.87524,-25.054011,-0.22737886,-0.52610343
2110,1054.5102,1052.0077,2.5025645,0.02235189,-0.1001954
2111,1153.6685,1065.2745,88.394057,0.77956486,1.2928638
2112,1089.311,1125.7121,-36.401105,-0.3232775,0.55532543
2113,1118.3911,1076.5758,41.815246,0.36412267,-0.20371659
2114,1016.3724,1120.3071,-103.93466,-0.92848678,-0.056303175
2115,1165.5866,1028.9136,136.67296,1.2622928,-0.13630525
2116,1038.7784,1095.739,-56.960565,-0.52336691,0.020387976
2117,1062.1378,1049.5509,12.586939,0.10930898,-1.0058614
2118,1137.46,1168.952,-31.492053,-0.27293631,-0.2607986
2119,855.24022,830.40307,24.837152,0.21484528,0.34161438
2120,1049.2663,1088.8599,-39.593591,-0.34182491,-1.1915232
2121,1137.46,1216.1228,-78.662878,-0.66036752,-0.67618669
2122,802.80074,637.78887,165.01188,1.4070892,0.68877189
2123,867.15829,1026.9482,-159.78989,-1.3109501,1.1416022
2124,1154.622,1216.6142,-61.99223,-0.53671221,0.99671916
2125,1717.6313,1464.261,253.37025,2.092876,-0.37465439
2126,2630.0782,2749.666,-119.58781,-1.0762405,0.34619414
2127,4510.2719,4465.5048,44.767082,0.38628001,2.0138162
2128,2424.6108,2468.1152,-43.504362,-0.35981758,2.103449
2129,3588.7672,3594.81,-6.0427555,-0.049389587,0.18641359
2130,3526.3166,3499.4856,26.830969,0.23265536,0.80946138
2131,4630.8827,4685.144,-54.261272,-0.45323458,1.3450169
2132,3963.9479,3922.0576,41.890277,0.36495549,0.57377557
2133,4124.1266,4225.7198,-101.59314,-0.89063155,0.87617876
2134,3626.905,3564.3455,62.559538,0.54642189,2.3372611
2135,4048.8045,4162.334,-113.5295,-0.99197075,2.7697037
2136,4555.5605,4496.952,58.608506,0.51132731,1.7434048
2137,4565.5717,4625.1977,-59.626002,-0.52005734,0.51290162
2138,4425.892,4505.3052,-79.41319,-0.71181757,0.66270978
2139,4240.9236,4302.8637,-61.940074,-0.54680807,0.75491767
2140,4066.9199,3957.9271,108.99286,0.99284786,0.89932507
2141,3566.838,3599.2322,-32.394257,-0.29033918,0.49601018
2142,3336.1043,3343.2322,-7.1279626,-0.063028963,-1.0638013
2143,3161.1471,3204.6679,-43.520833,-0.37680507,-0.63514067
2144,2556.1862,2477.9424,78.243801,0.67997284,0.3563794
2145,2201.0279,2306.4568,-105.42888,-0.93831536,-0.39835054
2146,2092.3352,2149.7121,-57.376897,-0.49971453,-0.55638546
2147,1583.6723,1391.5393,192.13291,1.6945501,-1.2203745
2148,885.75047,1137.5048,-251.75433,-2.2631542,-1.3183304
2149,873.35568,879.04798,-5.6923049,-0.051494601,-1.1316257
2150,744.6406,576.36852,168.27207,1.5159717,-0.98172929
2151,624.98324,759.15547,-134.17223,-1.2122594,0.80587997
2152,343.24022,277.1286,66.111625,0.59189108,-0.50436232
2153,173.527,218.65643,-45.129428,-0.4003416,-0.34069784
2154,45.765363,52.084453,-6.3190898,-0.054224417,-1.5909606
2155,38.614525,33.412668,5.2018572,0.044310215,0.028385083
2156,85.333333,-23.09405,108.42738,0.93153424,-0.41353105
2157,-75.32216,5.4049904,-80.727151,-0.70959777,-0.70192419
2158,-42.905028,-86.971209,44.066181,0.39031702,0.68903274
2159,-331.79888,-362.13436,30.335474,0.27154822,1.0521144
2160,-182.58473,-87.462572,-95.122158,-0.82878585,2.2093895
2161,59.113594,-57.489443,116.60304,1.0640478,1.661023
2162,0.95344507,99.255278,-98.301833,-0.8898918,0.21251138
2163,129.19181,183.76967,-54.577867,-0.48826663,0.86640946
2164,141.10987,222.58733,-81.477462,-0.70088254,-0.043895133
2165,494.83799,384.73704,110.10094,0.97782471,1.0897795
2166,544.41713,569.48944,-25.072311,-0.23074339,0.67707124
2167,638.33147,686.92514,-48.593673,-0.43536234,0.37982308
2168,1034.9646,1029.8964,5.0682651,0.044186205,-0.69184891
2169,1112.1937,1014.6641,97.529561,0.87616502,-1.0084742
2170,1209.9218,1194.9942,14.927546,0.12870233,-0.82894967
2171,1477.3631,1523.7159,-46.352802,-0.39715122,-0.416898
2172,1611.3222,1447.0633,164.25882,1.4880631,-0.40392188
2173,1459.7244,1635.2553,-175.53088,-1.5782136,0.91583367
2174,1657.0875,1678.9866,-21.899041,-0.19279397,-0.76791162
2175,1806.3017,1640.1689,166.13277,1.4679296,-1.3106098
2176,1650.4134,1800.3532,-149.93976,-1.3342516,-0.63635304
2177,1814.406,1789.5432,24.862773,0.22929982,0.188293
2178,1623.7169,1669.1593,-45.442363,-0.41513852,-0.05426602
2179,1772.4544,1832.7831,-60.328733,-0.51754133,-1.5918263
2180,1702.8529,1642.6257,60.227167,0.50374697,-0.78040718
2181,1630.3911,1650.4875,-20.096463,-0.17103487,-0.98927443
2182,1570.8007,1587.5931,-16.792345,-0.14385669,-1.0574343
2183,1544.581,1560.5681,-15.987133,-0.14226268,-0.40040195
2184,1205.1546,1137.0134,68.141127,0.60968796,1.545785
2185,2136.6704,2178.7025,-42.032104,-0.36043553,1.4953361
2186,1092.1713,952.7524,139.41892,1.1586932,1.8052681
2187,2411.2626,2500.5451,-89.282536,-0.78444531,0.45619902
2188,1755.2924,1751.2169,4.0754744,0.03686402,0.38272582
2189,1785.8026,1838.6795,-52.876855,-0.45640344,1.1662638
2190,502.46555,463.35509,39.110463,0.34643373,0.67117578
2191,2238.2123,2233.7351,4.4771657,0.039723978,0.928887
2192,3696.5065,3768.261,-71.754519,-0.6190678,0.30414561
2193,2774.5251,2846.4645,-71.939352,-0.60207739,0.85984551
2194,1245.676,1133.5739,112.10208,0.99113233,1.5690758
2195,1286.6741,1302.6027,-15.928572,-0.13452676,-0.3609722
2196,1996.9907,2038.6641,-41.673418,-0.3598058,-1.1405228
2197,2408.879,2306.4568,102.42214,0.91578426,0.31753753
2198,2252.9907,2404.7294,-151.73868,-1.4012527,-0.59701004
2199,2160.9832,2186.5643,-25.581059,-0.23669464,1.38077
2200,1974.5847,1780.6987,193.88607,1.7229416,-1.1047174
2201,1369.1471,1479.0019,-109.85481,-0.98775504,-1.255509
2202,1843.0093,1799.8618,43.147507,0.39285045,-0.046642927
2203,1931.203,1909.4357,21.767279,0.19860249,0.58270643
2204,1674.2495,1661.7889,12.460667,0.10891016,-1.1659433
2205,1672.8194,1734.0192,-61.199827,-0.51751017,-0.63519575
2206,1179.8883,1065.2745,114.6138,0.97281529,-2.1891613
2207,1185.6089,1339.4549,-153.84596,-1.3458258,-2.3667529
2208,1505.9665,1463.7697,42.196807,0.36932048,-1.341193
2209,838.55493,838.75624,-0.20130318,-0.0017747393,0.70280929
2210,1146.5177,1197.9424,-51.424728,-0.45909225,2.3904723
2211,1198.4804,1090.334,108.14647,0.96410424,2.5553298
2212,890.99441,1021.0518,-130.05741,-1.1289488,-0.11727918
2213,758.94227,699.20921,59.733059,0.53159475,-0.7004584
2214,345.62384,439.27831,-93.654475,-0.82101066,1.434469
2215,799.94041,646.6334,153.30701,1.3887799,0.74049718
2216,640.23836,639.26296,0.97540541,0.0088597601,1.1398137
2217,580.64804,641.22841,-60.580362,-0.53493472,-0.022049424
2218,564.9162,555.73129,9.1849151,0.080334768,0.68098164
2219,362.30912,314.96353,47.345593,0.42321188,0.39787721
2220,239.79143,346.90211,-107.11068,-0.95902343,0.76818392
2221,458.13035,431.90787,26.222484,0.23137813,-0.59512929
2222,531.0689,488.41459,42.654314,0.3824386,-0.38621445
2223,378.51769,511.01727,-132.49958,-1.2095278,-0.34785811
2224,407.59777,464.33781,-56.740047,-0.52256971,0.13685725
2225,499.12849,303.66219,195.4663,1.7886561,-1.8551086
2226,437.63128,571.94626,-134.31497,-1.2508654,-0.62471107
2227,676.946,649.09021,27.855785,0.2608878,-0.18607045
2228,502.94227,488.41459,14.527685,0.13202319,-1.9210856
2229,691.72439,729.6737,-37.94931,-0.33335813,-2.3611632
2230,717.94413,626.97889,90.965247,0.78474895,-1.5580938
2231,760.84916,732.62188,28.227281,0.24379843,-1.3387369
2232,650.72626,717.881,-67.154741,-0.59367359,-2.065904
2233,935.32961,898.21113,37.118477,0.33048465,-1.1581293
2234,741.78026,680.04607,61.734195,0.5532048,-0.98127266
2235,810.90503,962.08829,-151.18326,-1.3293139,0.22057433
2236,1067.3818,852.02303,215.35872,1.924759,-0.3527325
2237,778.4879,968.47601,-189.98811,-1.6693627,-0.1408559
2238,925.79516,887.40115,38.394007,0.33830448,0.23990166
2239,803.27747,829.42035,-26.142878,-0.23001352,1.4486518
2240,945.34078,932.60653,12.734256,0.11373845,1.2342625
2241,866.68156,805.83493,60.846631,0.54597112,0.81667238
2242,820.9162,916.39155,-95.475354,-0.85540248,0.83385867
2243,954.87523,933.09789,21.777344,0.18993688,0.89245943
2244,693.15456,604.86756,88.287,0.78057882,0.67467048
2245,910.54004,985.6737,-75.133667,-0.65616945,0.019229663
2246,960.11918,960.6142,-0.49502282,-0.0043058207,-0.77605526
2247,567.77654,526.24952,41.527016,0.3695999,-0.57132157
2248,749.40782,805.34357,-55.935749,-0.48434031,0.33655169
2249,985.38547,1043.1631,-57.777673,-0.49620867,-0.030607565
2250,1567.9404,1400.8752,167.06517,1.360481,-0.40781558
2251,2658.2048,2668.0998,-9.8949663,-0.090995736,-1.4797174
2252,4404.9162,4539.7006,-134.78437,-1.2073635,-0.038928379
2253,2401.7281,2333.9731,67.754991,0.55599778,-0.088710079
2254,3676.0074,3740.7447,-64.737273,-0.48811367,-0.88732114
2255,4070.257,4075.8541,-5.5971434,-0.046660552,-1.4726762
2256,5079.0019,5053.666,25.335835,0.21440185,-0.87206181
2257,4171.7989,4321.5355,-149.73663,-1.3209593,-1.5903798
2258,4626.1155,4529.8733,96.242136,0.84489317,-2.1207832
2259,4056.432,4063.0787,-6.646665,-0.058919524,0.13091146
2260,4478.3315,4544.6142,-66.282732,-0.59591068,-0.18714604
2261,4939.3222,4740.6679,198.65421,1.7391445,0.23753085
2262,5027.5158,5215.8157,-188.29991,-1.6510357,1.7591422
2263,5002.7263,4884.6372,118.08902,1.0326342,-0.067059851
2264,4667.1136,4776.0461,-108.93247,-0.98622011,0.14470246
2265,4490.7263,4411.9463,78.78,0.710173,1.7619207
2266,4017.8175,3940.238,77.579501,0.73514432,1.7483224
2267,3605.4525,3834.595,-229.1425,-2.0492662,1.5072547
2268,3489.1322,3390.4031,98.729145,0.85641149,0.55057193
2269,2734.0037,2699.547,34.456699,0.30046341,1.6972907
2270,2455.121,2543.785,-88.663986,-0.78965106,1.715242
2271,2199.5978,2199.8311,-0.23332869,-0.0020028901,0.35783497
2272,1561.743,1571.8695,-10.126465,-0.090645645,0.16279002
2273,944.86406,1001.8887,-57.024616,-0.52034576,-1.0094773
2274,838.55493,881.99616,-43.441226,-0.39264932,-1.0143679
2275,725.09497,514.45681,210.63816,1.8398785,-0.82399431
2276,510.56983,586.68714,-76.117308,-0.67744305,-0.66745714
2277,176.86406,224.55278,-47.688724,-0.4388598,0.69212927
2278,4.7672253,-118.90979,123.67701,1.1715999,0.18636882
2279,-153.02793,-50.610365,-102.41757,-0.92321203,-0.51304376
2280,-113.45996,-165.58925,52.129289,0.45046533,-1.0432021
2281,-200.22346,-278.11132,77.887861,0.66710597,-1.6227218
2282,-355.15829,-114.48752,-240.67076,-2.1406468,-2.4659067
2283,-276.49907,-417.65835,141.15928,1.2550652,-1.7485866
2284,-602.57728,-569.98081,-32.596475,-0.28674171,-0.63899442
2285,-436.20112,-311.52399,-124.67712,-1.1186754,0.13226564
2286,-198.31657,-388.17658,189.86001,1.723963,1.8871849
2287,-267.91806,-28.007678,-239.91039,-2.090413,0.67736166
2288,-101.5419,-245.68138,144.13948,1.2591019,0.95399931
2289,-35.277467,59.946257,-95.223725,-0.83733404,0.91975714
2290,344.67039,252.56046,92.10993,0.85222284,0.36629895
2291,386.14525,352.3071,33.83815,0.31057869,1.343443
2292,522.4879,687.41651,-164.92861,-1.4697115,2.760101
2293,940.09683,806.3263,133.77054,1.1708153,2.6260544
2294,1053.5568,1095.2476,-41.690804,-0.36574023,1.2206561
2295,1170.3538,1155.1939,15.15996,0.13245721,-0.5057383
2296,1446.8529,1442.6411,4.2118115,0.03662207,0.38546652
2297,1557.9292,1621.4971,-63.567884,-0.57609382,0.64594297
2298,1521.6983,1503.0787,18.619629,0.17050903,0.48932476
2299,1703.3296,1812.6372,-109.30763,-0.99248627,0.66548532
2300,1878.2868,1676.0384,202.24839,1.773323,-1.2968792
2301,1702.3762,1829.3436,-126.96741,-1.1487861,-0.1722696
2302,1874.473,1961.5202,-87.047155,-0.81717152,0.63846118
2303,1738.6071,1566.9559,171.65122,1.6199215,-0.73922954
2304,1896.879,2006.7255,-109.84657,-0.98865686,-1.1619437
2305,1807.7318,1709.4511,98.280788,0.86847196,-0.20224623
2306,1770.5475,1718.2956,52.251901,0.45454041,0.51341865
2307,1672.3426,1833.2745,-160.93183,-1.3901215,-0.82849558
2308,1699.9926,1500.1305,199.86203,1.7380281,-0.97671627
2309,1304.7896,1455.4165,-150.62694,-1.357008,-0.40166573
2310,2232.9683,2204.7447,28.223621,0.24477767,-0.035985283
2311,1197.527,1060.8522,136.67479,1.1869828,0.45433704
2312,2452.2607,2723.1324,-270.87173,-2.3623394,0.84370966
2313,1873.0428,1649.9962,223.04667,1.9549671,0.00035164344
2314,1831.0912,2057.3359,-226.24464,-1.8348777,-0.27367322
2315,605.43762,425.52015,179.91746,1.5404916,0.66732207
2316,2352.6257,2348.714,3.9116868,0.033682475,0.89009383
2317,3729.4004,3908.2994,-178.89905,-1.598386,1.0712677
2318,2934.2272,2791.9232,142.30396,1.1601159,0.99233386
2319,1330.5326,1353.7044,-23.171826,-0.19701563,1.1360052
2320,1398.7039,1330.119,68.584909,0.57046105,-0.27379944
2321,2140.9609,2174.7716,-33.810699,-0.28950466,-0.82984326
2322,2481.3408,2449.9347,31.406041,0.28209193,-0.092920479
2323,2447.0168,2393.9194,53.097374,0.50344144,0.36666007
2324,2233.9218,2473.0288,-239.107,-2.2435194,-0.20713468
2325,2106.6369,1806.2495,300.38735,2.6512834,0.45265716
2326,1467.8287,1645.0825,-177.25386,-1.5701716,-0.055976512
2327,1870.1825,1943.3397,-73.157236,-0.66936131,-0.065329886
2328,2022.7337,1935.4779,87.255779,0.83043034,0.02459419
2329,1756.2458,1878.9712,-122.7254,-1.1162224,-1.1536408
2330,1768.1639,1678.4952,89.668672,0.77677168,-0.53607346
2331,1212.3054,1235.7774,-23.471951,-0.20448907,-0.39114802
2332,1265.2216,1392.0307,-126.80911,-1.1560814,-0.77138483
2333,1624.1937,1439.2015,184.99213,1.667759,-1.5604947
2334,942.48045,959.14012,-16.659668,-0.14850445,-0.39353325
2335,1235.1881,1238.7255,-3.5374459,-0.031679431,0.42820281
2336,1269.0354,1188.6065,80.428856,0.74266238,0.30249886
2337,926.7486,1055.9386,-129.18998,-1.1399376,1.5415919
2338,844.75233,693.31286,151.43947,1.3101213,0.24848076
2339,345.14711,559.66219,-214.51507,-1.9037943,-0.78746417
2340,824.72998,622.06526,202.66472,1.7780508,0.21856975
2341,602.10056,683.4856,-81.385046,-0.72024863,0.90034471
2342,510.09311,637.78887,-127.69576,-1.1135883,0.84069831
2343,542.98696,471.21689,71.770074,0.63167394,0.17440225
2344,334.1825,347.88484,-13.702342,-0.1200038,1.3285138
2345,249.80261,241.75048,8.0521272,0.070089129,0.84864546
2346,344.19367,424.04607,-79.852397,-0.67534515,0.054251106
2347,517.72067,404.88292,112.83775,0.99475091,0.59938338
2348,384.71508,424.53743,-39.822344,-0.36816482,0.19363255
2349,400.44693,451.07102,-50.62409,-0.46958923,-0.89425111
2350,522.01117,246.66411,275.34707,2.5225622,-1.1954713
2351,409.98138,577.84261,-167.86123,-1.5353671,0.52090519
2352,637.37803,622.55662,14.821404,0.13592289,0.19047207
2353,554.90503,461.38964,93.515393,0.87495016,0.29626147
2354,638.33147,805.83493,-167.50346,-1.5031835,-0.54980893
2355,728.90875,585.70441,143.20434,1.2904374,-0.57674059
2356,664.07449,766.52591,-102.45142,-0.90071832,-0.4190954
2357,668.84171,739.0096,-70.167884,-0.63275505,-1.8949856
2358,898.14525,819.10173,79.043524,0.71335109,-1.1505791
2359,712.70019,737.04415,-24.34396,-0.216209,-0.6959883
2360,874.78585,855.46257,19.323275,0.1731295,-1.2813918
2361,969.65363,922.28791,47.365723,0.42920975,1.0113594
2362,855.71695,920.32246,-64.605511,-0.58496422,0.72476174
2363,977.28119,897.71977,79.561422,0.70135467,-0.4304773
2364,842.36872,952.7524,-110.38368,-0.96691908,0.19243211
2365,1042.5922,915.90019,126.69199,1.1552256,-0.77054586
2366,849.51955,900.17658,-50.65703,-0.46394343,0.77124248
2367,892.42458,911.47793,-19.053346,-0.16856366,1.0674326
2368,1042.5922,988.62188,53.970298,0.48321988,1.0629864
2369,712.70019,698.22649,14.473699,0.13021532,0.52308056
2370,959.64246,942.92514,16.717314,0.14678176,-0.61935911
2371,940.57356,1066.2572,-125.68364,-1.074078,-0.077796847
2372,627.36685,514.45681,112.91004,0.96698747,0.86321137
2373,679.80633,795.02495,-115.21862,-0.93826935,1.7827412
2374,1017.3259,1087.8772,-70.551275,-0.61849269,1.0660211
2375,1467.8287,1228.4069,239.42177,1.9599054,-0.41198683
2376,2324.9758,2475.4856,-150.50981,-1.3575279,0.24094153
2377,4018.7709,4019.8388,-1.0678219,-0.0093164156,0.47705029
2378,1933.1099,1843.5931,89.516779,0.72646177,0.67864413
2379,2934.7039,3014.5106,-79.806646,-0.64035782,0.18562909
2380,2994.2942,2883.3167,110.97753,0.95119392,-0.51883207
2381,4082.175,4180.023,-97.847986,-0.85828029,0.51174497
2382,3390.4507,3441.0134,-50.562784,-0.46591144,-1.7562012
2383,3666.9497,3624.7831,42.166611,0.38602226,0.31280957
2384,3068.1862,3130.9635,-62.777312,-0.57177626,1.2994376
2385,3585.9069,3554.0269,31.880019,0.28411989,-0.4654227
2386,3880.5214,3926.4798,-45.958431,-0.41133183,-0.92501996
2387,3944.879,4050.7946,-105.91567,-0.97197907,0.17102562
2388,3837.1397,3786.4415,50.698206,0.46187464,0.022066267
2389,3654.0782,3797.7428,-143.66459,-1.3151004,-0.71433463
2390,3502.4804,3357.4818,144.99868,1.3385008,-0.58933552
2391,2988.0968,3112.7831,-124.68628,-1.1362228,-0.46744463
2392,2806.4655,2799.2937,7.1718833,0.062981017,-0.68365654
2393,2748.3054,2714.2879,34.017493,0.29055657,-1.2321666
2394,2140.4842,2090.7486,49.735611,0.43624369,-1.6639827
2395,1886.3911,1870.1267,16.264382,0.14124428,-1.2751715
2396,1760.5363,1863.739,-103.20265,-0.88065909,-1.2406438
2397,1239.0019,1075.5931,163.40877,1.4105981,-1.0117619
2398,674.08566,829.91171,-155.82605,-1.3935779,-0.34854735
2399,624.50652,677.58925,-53.082734,-0.47018768,-0.81453907
2400,642.62197,382.28023,260.34174,2.3429118,-0.58711815
2401,385.19181,658.4261,-273.2343,-2.4297432,0.09927263
2402,181.63128,60.43762,121.19366,1.0925112,0.31482451
2403,-20.499069,-12.284069,-8.2149998,-0.07403159,0.40726878
2404,-105.35568,-44.714012,-60.641668,-0.54216564,0.66143945
2405,-121.56425,-166.57198,45.007731,0.37743847,0.2069978
2406,-171.62011,-109.5739,-62.046215,-0.52516165,0.12163195
2407,-199.74674,-225.04415,25.297405,0.22148283,-1.0234793
2408,-200.70019,-246.17274,45.472559,0.4135615,-0.23444421
2409,-398.06331,-480.55278,82.489468,0.74157489,0.043559549
2410,-339.42644,-294.81766,-44.608785,-0.39335647,-0.1653458
2411,-95.821229,-148.88292,53.061688,0.47347336,0.16147606
2412,-159.70205,-123.82342,-35.878632,-0.32340591,-0.46088543
2413,-52.439479,-36.852207,-15.587271,-0.13668726,-0.40079004
2414,10.487896,47.170825,-36.68293,-0.3363316,-0.67697252
2415,279.83613,177.38196,102.45417,0.95933497,0.18122301
2416,269.34823,390.6334,-121.28517,-1.1247988,-0.46889723
2417,418.08566,412.25336,5.8323022,0.051006222,-0.071890375
2418,756.08194,723.77735,32.304585,0.27690677,-0.59397237
2419,854.28678,819.59309,34.693688,0.30474341,-0.43947623
2420,839.9851,874.13436,-34.149255,-0.29830977,-1.0106096
2421,1159.3892,1218.0883,-58.699092,-0.51142727,-1.9281289
2422,1201.8175,1087.8772,113.94035,1.0267745,-0.94682026
2423,1174.1676,1210.7179,-36.550253,-0.33713924,0.14590875
2424,1312.8939,1390.0653,-77.171404,-0.70174031,-0.39459371
2425,1441.6089,1192.5374,249.07151,2.3140143,-0.032763539
2426,1277.1397,1479.0019,-201.86225,-1.8448797,0.89249522
2427,1490.7114,1370.9021,119.80925,1.1024125,1.6128219
2428,1238.0484,1308.9904,-70.941986,-0.63416729,1.5084941
2429,1448.2831,1483.9155,-35.632493,-0.31161683,-0.77713148
2430,1288.581,1275.0864,13.494633,0.11543416,0.2750559
2431,1224.2235,1365.0058,-140.78229,-1.2193188,1.2413902
2432,1188.946,1222.5106,-33.56456,-0.28939276,1.3460352
2433,1177.5047,1135.5393,41.965308,0.37088729,0.7286763
2434,884.79702,844.16123,40.635792,0.35984132,1.9537355
2435,1700.946,1801.3359,-100.3899,-0.88276695,1.1835429
2436,738.4432,625.5048,112.9384,0.97252082,2.0665674
2437,2000.8045,2115.8081,-115.00359,-0.99872941,1.1784729
2438,1412.5289,1311.4472,101.08165,0.88043722,0.76020647
2439,1424.4469,1541.405,-116.95806,-0.96371971,0.22482699
2440,141.10987,5.8963532,135.21352,1.2131536,-0.35079099
2441,1891.635,1945.3052,-53.670173,-0.46604449,0.41598992
2442,3307.5009,3338.81,-31.30905,-0.27587889,0.70015498
2443,2474.6667,2468.1152,6.5515035,0.054309105,0.69784335
2444,934.37616,850.54894,83.82722,0.73055581,-0.15786764
2445,841.89199,957.66603,-115.77403,-1.001456,0.56218352
2446,1657.0875,1735.9846,-78.897122,-0.68134189,-0.58224689
2447,1970.7709,1919.7543,51.016631,0.45597871,-0.77955149
2448,1945.5047,1997.881,-52.376343,-0.48033913,-1.0004659
2449,1765.7803,1888.7985,-123.0182,-1.1216596,0.32249173
2450,1589.3929,1391.048,198.34494,1.804831,0.84475761
2451,983.95531,1136.0307,-152.0754,-1.3778252,0.51408428
2452,1413.4823,1396.9443,16.537971,0.14869178,1.3357868
2453,1602.7412,1506.5182,96.22292,0.85738234,0.62684018
2454,1284.2905,1379.2553,-94.964776,-0.83533185,-0.99396343
2455,1357.2291,1289.3359,67.893158,0.57296761,-1.1681462
2456,768,816.64491,-48.644914,-0.41717196,0.15014629
2457,872.87896,915.90019,-43.021235,-0.38408407,0.8474563
2458,1171.3073,1141.9271,29.380199,0.26138536,1.9246074
2459,546.32402,523.79271,22.531316,0.19952713,1.8260396
2460,852.37989,901.15931,-48.779421,-0.43354892,1.9673115
2461,827.11359,796.49904,30.614554,0.2741322,1.9664704
2462,560.6257,648.10749,-87.481787,-0.75504379,1.7828328
2463,487.68715,365.08253,122.60462,1.079422,2.0286088
2464,26.219739,177.38196,-151.16222,-1.3358192,1.7940799
2465,492.9311,354.27255,138.65855,1.2985231,0.88059727
2466,280.31285,341.98848,-61.675635,-0.56559422,0.13216876
2467,270.7784,304.64491,-33.866515,-0.30313413,1.2940493
2468,368.98324,230.44914,138.5341,1.1767742,0.50054442
2469,75.798883,72.721689,3.0771936,0.027020439,0.35240992
2470,37.184358,1.9654511,35.218906,0.30927674,1.4385752
2471,116.3203,173.45106,-57.130758,-0.49386219,1.1222195
2472,310.34637,162.14971,148.19666,1.3217156,0.15424718
2473,138.24953,260.91363,-122.66409,-1.1053302,0.16479763
2474,157.31844,208.82917,-51.510739,-0.46181767,-0.91394641
2475,230.73371,43.239923,187.49378,1.6991666,0.77995937
2476,130.62197,325.28215,-194.66018,-1.7651998,1.0859323
2477,369.45996,285.48177,83.978197,0.75851771,0.37669247
2478,274.11546,233.39731,40.718143,0.36443917,-0.95907756
2479,355.63501,435.83877,-80.203762,-0.70321159,-0.39405698
2480,394.72626,334.12668,60.599578,0.52385858,-0.92829495
2481,366.12291,416.18426,-50.061356,-0.43318169,-0.60948682
2482,412.36499,384.73704,27.627947,0.2430554,-1.1188645
2483,626.89013,540.00768,86.882453,0.78416983,-0.34412472
2484,384.71508,398.4952,-13.780118,-0.12552431,1.0831676
2485,559.67225,572.43762,-12.765367,-0.11217938,1.3477908
2486,651.6797,600.93666,50.743042,0.45052708,0.20027118
2487,541.5568,549.34357,-7.786773,-0.070321797,0.66623164
2488,623.07635,614.20345,8.8728952,0.078367433,0.57343617
2489,524.39479,568.50672,-44.111932,-0.39427753,0.42373114
2490,640.71508,581.28215,59.432934,0.53033025,1.5703621
2491,501.98883,568.50672,-66.517891,-0.60538767,0.93970369
2492,496.26816,527.72361,-31.455452,-0.28056657,0.89245599
2493,662.64432,643.19386,19.450462,0.1702839,-0.16552211
2494,345.14711,314.96353,30.183582,0.26370382,0.5001412
2495,599.71695,644.17658,-44.459637,-0.38379072,0.80060122
2496,630.22719,630.90979,-0.68260079,-0.0059748662,0.13559724
2497,274.11546,163.6238,110.49166,0.98386887,1.0292431
2498,457.17691,502.66411,-45.487199,-0.37811579,0.61939706
2499,687.91061,716.89827,-28.987658,-0.23936429,-0.72570252
2500,1194.6667,1004.3455,190.32118,1.5350452,0.54294808
2501,2017.9665,2167.8925,-149.92603,-1.3386272,1.1409603
2502,3680.298,3680.7985,-0.50051291,-0.004289506,1.4107927
2503,1441.6089,1423.4779,18.131011,0.14417991,0.60677496
2504,2586.2197,2594.8868,-8.6670169,-0.067497225,-1.0208908
2505,2793.594,2851.8695,-58.275441,-0.49402944,-1.4232039
2506,3881.4749,3887.1708,-5.695965,-0.048413556,-0.34003885
2507,3074.3836,3087.7236,-13.339996,-0.11588752,-1.0337277
2508,3506.2942,3491.1324,15.16179,0.13198068,-0.64825261
2509,2892.2756,2826.81,65.465624,0.57056498,1.6818013
2510,3245.527,3376.6449,-131.11791,-1.183826,1.2249107
2511,3646.4507,3499.4856,146.96505,1.3014685,0.55608871
2512,3779.933,3859.6545,-79.72155,-0.70530652,-0.081904139
2513,3681.7281,3595.7927,85.935413,0.74853277,-1.1583358
2514,3447.1806,3513.2438,-66.063129,-0.58317425,-0.10500162
2515,3293.1993,3228.2534,64.945896,0.58691418,1.8825336
2516,2845.0801,2799.2937,45.786408,0.43194602,1.5450882
2517,2580.4991,2691.6852,-111.18615,-0.98836434,0.65338723
2518,2532.8268,2491.2092,41.617603,0.36291079,0.51123285
2519,1935.4935,1802.81,132.6835,1.1567482,-0.57424431
2520,1591.2998,1796.4223,-205.12245,-1.8200626,-0.63977933
2521,1543.6276,1475.071,68.556543,0.59333822,-0.69736373
2522,917.21415,864.3071,52.907051,0.47123785,0.31699794
2523,477.67598,557.69674,-80.020759,-0.73292473,-0.078901951
2524,365.64618,358.69482,6.9513648,0.061635885,-0.84575353
2525,306.53259,208.82917,97.703414,0.86682983,-1.4831852
2526,194.97952,220.62188,-25.642365,-0.22754242,0.074836313
2527,-126.80819,-142.00384,15.195645,0.13888277,0.31833103
2528,-209.28119,-290.88676,81.605564,0.74076152,-0.60972264
2529,-369.93669,-348.3762,-21.560486,-0.18497471,-1.326626
2530,-409.50466,-328.72169,-80.782966,-0.67551172,-1.1165289
2531,-399.49348,-493.81958,94.326095,0.79754036,-2.0799095
2532,-505.80261,-379.82342,-125.97919,-1.0780773,-2.0532114
2533,-417.13222,-518.87908,101.74686,0.87687241,-1.7667664
2534,-737.96648,-817.62764,79.661159,0.69907531,-0.45440456
2535,-656.92365,-482.02687,-174.89678,-1.5469079,1.7816135
2536,-352.29795,-544.42994,192.13199,1.6986762,2.4072176
2537,-512.47672,-369.99616,-142.48056,-1.2343402,0.19337759
2538,-282.69646,-347.88484,65.188375,0.57678392,0.82806987
2539,-360.40223,-256.49136,-103.91087,-0.89773414,1.5520659
2540,-14.778399,-7.8618042,-6.9165943,-0.061567724,1.4900427
2541,37.66108,-50.119002,87.780082,0.79570125,2.0720488
2542,96.297952,226.51823,-130.22028,-1.1562789,0.89610157
2543,560.14898,390.14203,170.00694,1.4653301,0.54124093
2544,562.05587,541.97313,20.082737,0.18133204,-1.5167883
2545,588.27561,668.25336,-79.977754,-0.71452071,-0.10847738
2546,901.00559,854.97121,46.034377,0.40525305,0.30361166
2547,936.75978,942.43378,-5.6740047,-0.05086558,-0.66686496
2548,918.64432,944.8906,-26.246275,-0.24279851,-0.36935697
2549,1064.9981,1114.4107,-49.412611,-0.45230949,-1.2750563
2550,1148.4246,1044.6372,103.78734,0.93535703,-1.7737604
2551,1025.4302,1119.8157,-94.385571,-0.85419225,-0.92041199
2552,1171.3073,1173.8656,-2.5583804,-0.023168513,0.28395255
2553,1052.6034,960.6142,91.989149,0.8303167,-0.25157918
2554,1149.8547,1238.7255,-88.870779,-0.77846542,-1.6823498
2555,1055.9404,1066.2572,-10.316788,-0.086680814,-1.4945904
2556,1049.743,979.28599,70.457028,0.59228689,-0.1485563
2557,967.27002,1066.2572,-98.987179,-0.83787508,-1.1618341
2558,999.21043,851.04031,148.17012,1.2848964,-0.97934951
2559,646.91248,624.52207,22.390404,0.19851055,0.73655681
2560,1485.9441,1604.7908,-118.84665,-1.0323685,1.6639424
2561,567.77654,320.85988,246.91665,2.0742137,2.5335642
2562,1783.8957,2008.1996,-224.3039,-1.9097376,2.5397392
2563,1197.527,1012.6987,184.82835,1.5661796,0.23547458
2564,1161.2961,1368.4453,-207.14921,-1.7266728,-0.24963075
2565,-99.158287,-191.63148,92.473191,0.79196584,0.18033277
2566,1645.1695,1646.0653,-0.89579915,-0.007804513,0.96608863
2567,3049.594,3181.5739,-131.97986,-1.1344889,0.75552976
2568,2277.3035,2189.0211,88.282425,0.70454908,0.77819963
2569,635.47114,603.88484,31.586299,0.27602806,1.6594569
2570,671.22533,724.26871,-53.043388,-0.45719635,1.0766633
2571,1431.5978,1404.8061,26.791623,0.23116117,-0.87954847
2572,1814.406,1737.4587,76.947226,0.68417716,-1.6078996
2573,1764.3501,1732.5451,31.804988,0.28771796,-1.1574707
2574,1550.7784,1649.5048,-98.7264,-0.89112567,-0.58665865
2575,1391.5531,1208.7524,182.80067,1.6329066,-0.097230214
2576,801.8473,851.04031,-49.193007,-0.43691045,-1.3814693
2577,1167.0168,1262.3109,-95.294181,-0.87937491,0.14658967
2578,1413.959,1262.3109,151.64809,1.4265186,-0.33662681
2579,1045.4525,1159.6161,-114.16361,-1.0186426,-1.0204555
2580,1116.0074,1110.4798,5.5276023,0.046634561,-0.93279551
2581,514.38361,488.41459,25.969025,0.22208069,-1.1841832
2582,655.9702,733.11324,-77.143039,-0.68071588,-1.122256
2583,958.21229,869.22073,88.991561,0.77403466,-1.5007129
2584,244.55866,284.49904,-39.940381,-0.34601517,0.57737203
2585,643.57542,691.83877,-48.263353,-0.43482355,0.54545947
2586,628.3203,495.29367,133.02663,1.1878196,1.0193297
2587,393.77281,473.6737,-79.900892,-0.68290727,-0.0020478589
2588,273.63873,142.4952,131.14353,1.1353326,-1.0166448
2589,-203.56052,-80.583493,-122.97703,-1.1192844,0.37038481
2590,300.3352,198.51056,101.82464,0.92589612,1.0908305
2591,71.50838,64.859885,6.6484951,0.059516935,1.2876822
2592,47.195531,202.44146,-155.24593,-1.3312323,1.0721838
2593,125.85475,-35.378119,161.23287,1.3785581,0.041103497
2594,-247.41899,-114.97889,-132.44011,-1.1485449,1.1051498
2595,-177.8175,-171.4856,-6.3319,-0.054250006,1.8771181
2596,-215.47858,-144.95202,-70.526569,-0.59708673,2.3780031
2597,115.36685,12.284069,103.08278,0.90828469,1.0709967
2598,-120.6108,-76.652591,-43.95821,-0.40572715,-0.4554161
2599,-112.98324,-20.637236,-92.346004,-0.87236942,0.090693795
2600,38.614525,-185.73512,224.34965,2.0330267,0.24045098
2601,-106.78585,7.8618042,-114.64765,-1.0248926,0.53900831
2602,233.59404,171.4856,62.108436,0.55812852,0.1283992
2603,-16.208566,-44.714012,28.505445,0.26761659,-1.1058177
2604,184.49162,238.31094,-53.81932,-0.49029557,-0.85158341
2605,139.20298,152.32246,-13.119477,-0.11574672,-0.32015801
2606,164.46927,154.28791,10.181366,0.089154778,-1.0713938
2607,181.15456,250.59501,-69.440447,-0.6181196,-1.7722067
2608,366.59963,294.3263,72.273332,0.63976024,-1.8829974
2609,175.43389,232.41459,-56.980695,-0.50249706,-0.9684454
2610,275.0689,365.08253,-90.013632,-0.79399387,-0.36091291
2611,431.91061,281.55086,150.35975,1.3616843,1.3583773
2612,309.39292,431.90787,-122.51495,-1.0664092,-0.090941659
2613,387.57542,268.77543,118.79999,1.0284577,-1.3130837
2614,245.5121,407.83109,-162.31899,-1.3871286,-0.03094768
2615,423.32961,312.01536,111.31425,1.0095214,0.88723877
2616,278.88268,287.93858,-9.0558981,-0.08354737,2.0804582
2617,337.51955,335.1094,2.4101481,0.02124846,1.8635251
2618,448.5959,399.96929,48.626613,0.41537311,1.0298248
2619,162.08566,140.52975,21.555911,0.19046041,0.054145162
2620,336.56611,397.51248,-60.946368,-0.54748443,0.35909886
2621,432.38734,441.24376,-8.8564249,-0.078062631,1.6591575
2622,54.346369,38.326296,16.020073,0.14176049,1.5666784
2623,230.73371,223.57006,7.1636482,0.060535466,1.0309956
2624,435.24767,593.07486,-157.82718,-1.3521782,-0.49138802
2625,938.18994,732.62188,205.56806,1.634934,-0.58031886
2626,1795.8138,1864.2303,-68.416546,-0.60906923,0.37687768
2627,3417.6238,3449.858,-32.234129,-0.28114087,0.99851904
2628,1240.9088,1165.0211,75.887639,0.61880725,1.2672139
2629,2188.1564,2344.2917,-156.13532,-1.2672451,0.7691265
2630,2270.6294,2222.9251,47.704279,0.40843338,-0.74515268
2631,3424.298,3439.048,-14.750033,-0.12653752,-0.1726602
2632,2728.2831,2736.3992,-8.1161782,-0.071838789,-1.8675127
2633,3024.8045,2990.9251,33.879325,0.30133297,-1.0852691
2634,2391.7169,2423.8925,-32.175568,-0.28474632,1.1023903
2635,2880.8343,2912.7985,-31.9642,-0.2858133,0.76926831
2636,3215.4935,3173.7121,41.78139,0.37738156,-0.46265334
2637,3290.8156,3372.714,-81.898369,-0.74208705,0.99684953
2638,3201.1918,3126.0499,75.141902,0.66892898,-0.82950875
2639,2926.5996,3110.3263,-183.72667,-1.6474328,-0.4990885
2640,2805.9888,2673.5048,132.48403,1.1582531,0.9595373
2641,2304,2337.904,-33.904031,-0.30479171,1.2534983
2642,2181.4823,2261.2514,-79.76913,-0.70832765,2.1543317
2643,2094.7188,1999.8464,94.872359,0.82824689,1.1394116
2644,1491.6648,1507.9923,-16.327518,-0.14423632,0.85012682
2645,1227.5605,1204.8215,22.739024,0.19657864,0.12090782
2646,1177.0279,1219.5624,-42.534447,-0.36027201,-0.39226167
2647,659.78399,553.76583,106.01815,0.94911734,0.071218638
2648,155.88827,198.51056,-42.622288,-0.39257616,-1.2731558
2649,47.672253,201.45873,-153.78648,-1.4162218,-1.5069281
2650,84.379888,-172.46833,256.84822,2.3430634,-0.0092872739
2651,-81.519553,100.238,-181.75756,-1.6208388,-0.24848665
2652,-328.93855,-370.97889,42.040339,0.38016896,-0.11471338
2653,-416.65549,-524.77543,108.11994,1.0065359,-0.42287623
2654,-657.40037,-496.27639,-161.12398,-1.4647524,-0.35185274
2655,-579.6946,-658.4261,78.731504,0.68595538,0.12120903
2656,-638.33147,-632.38388,-5.947594,-0.05017882,-0.39392459
2657,-683.14339,-601.42802,-81.715366,-0.72528523,-0.54205651
2658,-634.51769,-722.79463,88.276935,0.79933506,-1.2304796
2659,-977.28119,-913.44338,-63.837814,-0.56612002,-0.14293922
2660,-758.94227,-783.72361,24.781337,0.21991344,0.96817326
2661,-563.96276,-673.16699,109.20423,0.98465547,0.75471184
2662,-614.97207,-561.13628,-53.835791,-0.48636168,0.21248127
2663,-450.97952,-557.69674,106.71722,0.93820531,-0.40087629
2664,-530.11546,-392.59885,-137.51661,-1.2056877,0.57903429
2665,-133.95903,-301.20537,167.24634,1.4918379,0.39252675
2666,-226.4432,-114.48752,-111.95568,-1.0117075,0.80218894
2667,-79.13594,-22.602687,-56.533253,-0.50659645,-0.001868005
2668,288.41713,221.11324,67.303888,0.60828813,0.12736412
2669,254.56983,351.32438,-96.754544,-0.8551982,0.24677483
2670,358.01862,342.47985,15.538776,0.13409695,-0.53638396
2671,555.85847,585.21305,-29.354579,-0.24755187,-0.2895145
2672,718.89758,670.21881,48.678769,0.4285581,0.29031344
2673,601.14711,651.54702,-50.399911,-0.46277264,-0.51774433
2674,702.68901,862.83301,-160.144,-1.4937635,-0.045149366
2675,899.57542,628.45298,271.12244,2.4097938,-1.0771403
2676,745.59404,839.2476,-93.65356,-0.82993955,0.94114872
2677,907.6797,892.80614,14.87356,0.13624265,1.0990793
2678,740.82682,654.98656,85.840251,0.77765584,-0.31088593
2679,876.69274,978.30326,-101.61053,-0.88460086,0.34938448
2680,757.03538,692.33013,64.705247,0.56980715,0.68477237
2681,685.05028,752.76775,-67.717475,-0.59639629,0.56476278
2682,700.3054,745.88868,-45.583275,-0.40106644,-0.09670873
2683,632.6108,564.08445,68.526348,0.60509247,-0.27216949
2684,304.6257,374.90979,-70.284091,-0.62740135,0.038834536
2685,1143.6574,1267.7159,-124.05858,-1.085587,-0.47357827
2686,208.32775,13.758157,194.56959,1.6878104,0.69190584
2687,1467.352,1690.2879,-222.93595,-1.9100926,0.46726852
2688,837.60149,689.87332,147.72817,1.3099369,-0.95847287
2689,837.60149,1058.3954,-220.7939,-1.8439037,-0.43524328
2690,-378.04097,-575.3858,197.34483,1.7504729,-0.13868025
2691,1380.1117,1317.8349,62.276799,0.5207508,0.093338199
2692,2780.2458,2894.1267,-113.88087,-0.98908318,-1.0451733
2693,1971.7244,1831.8004,139.92401,1.1645481,-0.68594543
2694,301.28864,385.22841,-83.939766,-0.73714649,1.2331821
2695,383.76164,337.07486,46.686783,0.39582425,0.5953064
2696,1092.648,1185.6583,-93.010305,-0.78114323,-0.52796751
2697,1522.6518,1440.6756,81.976145,0.72982314,-1.7537845
2698,1354.8454,1409.2284,-54.382969,-0.50787287,-0.4227307
2699,1236.6182,1425.4434,-188.82513,-1.7655151,0.72937892
2700,1061.6611,815.17083,246.49025,2.246898,0.44695516
2701,424.28305,546.39539,-122.11234,-1.1096757,1.0495731
2702,965.36313,973.38964,-8.0265068,-0.075003712,1.3281659
2703,997.78026,917.86564,79.914618,0.74338308,1.2597427
2704,734.1527,913.93474,-179.78204,-1.6419204,0.8303304
2705,803.27747,692.33013,110.94733,0.96706361,-0.39349414
2706,250.75605,204.40691,46.349142,0.41108165,-0.58495305
2707,379.94786,471.70825,-91.760395,-0.84307865,-0.94394905
2708,652.15642,489.39731,162.75911,1.5043088,-0.58397486
2709,-0.95344507,138.5643,-139.51774,-1.2257927,0.18494726
2710,384.71508,298.74856,85.966523,0.75370753,1.1928374
2711,320.35754,312.01536,8.3421868,0.075181716,0.055611418
2712,145.87709,238.31094,-92.433846,-0.83586435,0.072124532
2713,-103.92551,-159.6929,55.767386,0.49346453,0.075689961
2714,-474.81564,-208.33781,-266.47783,-2.3969932,-1.1060428
2715,-11.441341,-238.31094,226.8696,2.0618743,0.42262222
2716,-219.76909,-142.4952,-77.273886,-0.69296398,0.28370433
2717,-204.51397,-129.22841,-75.28556,-0.66015082,0.8727603
2718,-209.75791,-338.54894,128.79103,1.0951791,-0.24358577
2719,-428.57356,-332.16123,-96.412328,-0.85450998,-0.68863695
2720,-467.6648,-577.35125,109.68644,0.96488867,0.33537311
2721,-348.00745,-288.42994,-59.577506,-0.50790362,-0.017661664
2722,-185.92179,-285.48177,99.559978,0.87451049,-0.58877416
2723,-350.39106,-338.05758,-12.33348,-0.11150579,-0.47241195
2724,-337.51955,-151.83109,-185.68846,-1.7387596,-1.2161085
2725,-201.65363,-536.56814,334.91451,3.1629747,0.77383831
2726,-349.91434,-82.548944,-267.36539,-2.4175326,1.6266262
2727,-32.417132,-157.72745,125.31032,1.1281768,0.72640461
2728,-252.18622,-258.94818,6.7619568,0.06289336,0.23810058
2729,-97.728119,79.600768,-177.32889,-1.5922514,-0.67834457
2730,-115.36685,-257.47409,142.10724,1.2206775,0.86512525
2731,-52.439479,36.360845,-88.800323,-0.74779343,-0.28204258
2732,-156.36499,-108.59117,-47.77382,-0.41752674,-0.83450437
2733,140.63315,43.239923,97.393224,0.91659329,-0.22568414
2734,-118.22719,-22.602687,-95.624501,-0.86817674,1.3953309
2735,48.148976,-52.084453,100.23343,0.87852088,0.54824054
2736,212.61825,204.40691,8.2113397,0.072068734,-0.39484487
2737,41.47486,26.042226,15.432634,0.14035385,-0.45644411
2738,121.56425,140.52975,-18.965505,-0.17041022,-0.40190237
2739,3.8137803,133.65067,-129.83689,-1.1725224,-0.33804911
2740,164.946,5.4049904,159.54101,1.4782007,-0.1791843
2741,54.346369,172.95969,-118.61332,-1.0920735,0.61518265
2742,50.055866,-33.412668,83.468534,0.74337124,-0.37153425
2743,165.42272,225.53551,-60.11279,-0.5382415,0.013527009
2744,-114.41341,-124.80614,10.392734,0.093250725,0.053529581
2745,86.286778,14.740883,71.545895,0.62529975,-0.43977906
2746,153.50466,308.08445,-154.5798,-1.3438813,0.04045342
2747,-208.32775,-397.02111,188.69337,1.6195851,0.9811575
2748,-60.067039,99.255278,-159.32232,-1.3270892,0.37491345
2749,161.13222,228.48369,-67.351469,-0.58708088,0.48629262
2750,757.98883,516.91363,241.0752,1.9467309,0.044784986
2751,1725.2588,1879.9539,-154.69509,-1.3647107,0.56474197
2752,3339.4413,3249.8733,89.56802,0.76673143,0.96758878
2753,1059.7542,1087.8772,-28.122969,-0.22581668,1.864048
2754,2117.6015,2159.5393,-41.937858,-0.33086713,-0.414191
2755,2388.8566,2354.119,34.737609,0.29634103,0.23068096
2756,3428.5885,3523.5624,-94.973926,-0.80281552,1.4856486
2757,2672.0298,2569.3359,102.6939,0.89334018,0.31837899
2758,2990.0037,3160.9367,-170.93294,-1.4978666,-0.18656553
2759,2500.4097,2369.3512,131.05844,1.1743577,0.95705596
2760,2798.3613,2925.5739,-127.21263,-1.1363496,2.3453914
2761,3240.7598,3173.2207,67.539047,0.59547588,1.9321154
2762,3301.3035,3324.5605,-23.256922,-0.20194586,0.61459342
2763,3212.1564,3292.1305,-79.974094,-0.7219582,-0.023383198
2764,2937.0875,2943.263,-6.1754326,-0.055291059,0.75565811
2765,2825.0577,2762.9328,62.124907,0.5792812,0.42137882
2766,2392.1937,2388.023,4.1706359,0.038578252,0.35687179
2767,2104.2533,2131.5317,-27.278411,-0.24572121,-0.5003067
2768,2058.0112,2103.524,-45.512819,-0.40010081,0.5019929
2769,1402.5177,1241.1823,161.33535,1.4226057,0.31918188
2770,1176.0745,1296.215,-120.14048,-1.0713316,0.68890785
2771,1039.2551,1050.5336,-11.278468,-0.098081711,0.27393977
2772,487.68715,313.98081,173.70634,1.5652444,-0.24767248
2773,-51.486034,171.97697,-223.463,-2.0035813,-0.61459898
2774,-134.91248,-181.80422,46.891746,0.41915079,-1.4680437
2775,-167.80633,-235.85413,68.047795,0.60292437,-1.0077383
2776,-273.63873,-195.07102,-78.567716,-0.70173965,1.0118238
2777,-631.65736,-670.71017,39.052817,0.34439705,1.2114104
2778,-726.52514,-640.73704,-85.788096,-0.74957919,0.17107424
2779,-870.01862,-933.09789,63.079267,0.53996372,-0.52718607
2780,-812.81192,-757.68138,-55.130536,-0.47668419,-0.73198275
2781,-835.6946,-1004.8369,169.14225,1.432595,-0.57017552
2782,-952.0149,-868.238,-83.776894,-0.71998526,-0.46567659
2783,-857.62384,-894.28023,36.656394,0.32848724,0.1154669
2784,-1187.5158,-1336.5067,148.99089,1.3612351,-0.30568242
2785,-1049.2663,-853.98848,-195.27781,-1.7276038,2.4087737
2786,-778.4879,-1016.1382,237.6503,2.1548515,1.6705252
2787,-900.52886,-764.56046,-135.9684,-1.2164221,0.59991814
2788,-773.72067,-722.30326,-51.417407,-0.46737242,1.6907988
2789,-761.32588,-754.73321,-6.5926792,-0.05980329,1.2297041
2790,-450.02607,-429.45106,-20.575015,-0.18838238,2.3271226
2791,-361.35568,-441.24376,79.888082,0.74213435,0.9674351
2792,-333.22905,-210.79463,-122.43442,-1.1096425,0.81230328
2793,62.927374,61.420345,1.5070288,0.013378777,-0.078319112
2794,143.9702,28.990403,114.9798,1.0278649,0.2395685
2795,182.10801,297.27447,-115.16646,-1.0186251,-0.59547706
2796,491.50093,390.6334,100.86753,0.87192288,-0.55853196
2797,563.00931,524.28407,38.725242,0.34928591,-0.062571053
2798,486.25698,570.47217,-84.215186,-0.77235047,1.9917671
2799,651.6797,639.26296,12.416746,0.11273813,-0.45795224
2800,717.46741,667.27063,50.196778,0.45431851,-0.57493618
2801,662.1676,642.7025,19.465103,0.17959961,-0.22754514
2802,760.84916,851.53167,-90.682508,-0.8470573,0.14213778
2803,560.6257,573.91171,-13.28601,-0.12342073,-0.21802113
2804,755.12849,799.44722,-44.318725,-0.39392566,-0.75098651
2805,601.14711,645.65067,-44.503558,-0.38502318,-0.5901172
2806,655.01676,540.9904,114.02636,0.99712376,-0.8719594
2807,540.12663,678.08061,-137.95398,-1.2199057,-0.70425167
2808,526.30168,440.26104,86.04064,0.78053015,-0.77130082
2809,246.94227,169.52015,77.422118,0.68145949,1.5246724
2810,1062.1378,1167.9693,-105.83149,-0.8966559,0.72620084
2811,156.36499,-91.884837,248.24983,2.06412,0.50964692
2812,1398.7039,1579.7313,-181.02738,-1.5698637,0.020366479
2813,747.02421,655.96929,91.054919,0.8071664,-0.068757223
2814,786.11546,914.4261,-128.31065,-1.0949712,0.68302479
2815,-510.56983,-591.1094,80.539573,0.72125443,1.4434009
2816,1280.4767,1257.3973,23.07941,0.20699618,0.75307257
2817,2649.1471,2794.8714,-145.72429,-1.2371518,-0.31900622
2818,1816.7896,1772.8369,43.952719,0.35864185,-0.20444905
2819,242.17505,213.25144,28.923607,0.25075773,1.9742878
2820,206.42086,257.96545,-51.544594,-0.44425626,0.62505121
2821,1066.4283,1068.714,-2.2857061,-0.020157135,0.44785949
2822,1354.3687,1338.4722,15.896546,0.14444443,-0.2172315
2823,1263.3147,1325.6967,-62.382026,-0.56743987,-2.0426547
2824,1182.7486,1247.0787,-64.330091,-0.58251383,0.2878515
2825,973.46741,734.58733,238.88008,2.1137654,-0.47421809
2826,418.08566,495.78503,-77.699368,-0.70884657,-1.198141
2827,821.86965,789.61996,32.249685,0.29255827,-0.55688177
2828,908.15642,892.31478,15.841645,0.14476709,0.04065853
2829,727.95531,764.0691,-36.113791,-0.3155619,-0.93984871
2830,649.29609,691.34741,-42.051319,-0.3613695,-1.1716778
2831,215.00186,116.45298,98.548887,0.87472323,-2.7459452
2832,202.13035,364.09981,-161.96945,-1.4668046,-2.5256643
2833,497.2216,463.35509,33.866515,0.30343862,-1.1913008
2834,-92.484171,-83.53167,-8.9525015,-0.080726023,1.6273931
2835,165.89944,196.54511,-30.645664,-0.2765916,2.1777646
2836,264.58101,181.80422,82.776783,0.7367369,2.8720991
2837,-71.031657,40.291747,-111.3234,-0.97540535,0.42939824
2838,-208.80447,-257.47409,48.669619,0.4458967,0.22574639
2839,-551.56797,-453.03647,-98.531502,-0.88778945,0.63792868
2840,-146.83054,-320.85988,174.02934,1.6013363,0.51961033
2841,-298.90503,-257.96545,-40.939577,-0.37548758,0.030692797
2842,-354.20484,-308.08445,-46.120389,-0.41305734,-0.062712609
2843,-342.7635,-362.13436,19.370856,0.16723465,-0.31777898
2844,-499.12849,-546.88676,47.758265,0.42460896,-0.25184171
2845,-656.44693,-598.47985,-57.967081,-0.51836805,0.30238022
2846,-434.29423,-437.80422,3.5099955,0.030779847,0.2089553
2847,-399.49348,-430.43378,30.940299,0.28494809,0.17489256
2848,-484.82682,-369.5048,-115.32202,-1.0516776,-0.27504997
2849,-500.55866,-420.11516,-80.443496,-0.73475323,-0.53039393
2850,-436.67784,-605.85029,169.17245,1.506397,-1.5431551
2851,-424.28305,-307.59309,-116.68996,-1.0574298,0.5547252
2852,-273.16201,-291.86948,18.707471,0.16981306,0.97877514
2853,-360.87896,-375.40115,14.522194,0.13209127,-0.27379931
2854,-221.67598,-205.881,-15.79498,-0.13930331,-0.88335347
2855,-209.28119,-307.59309,98.311898,0.84046997,-0.880249
2856,-163.99255,-177.87332,13.880769,0.11939109,-1.0108433
2857,-264.58101,-184.7524,-79.828606,-0.69649284,-1.3348097
2858,1.4301676,-20.637236,22.067404,0.19365657,-0.21297099
2859,-217.38547,-230.44914,13.063661,0.118634,0.42779122
2860,-111.55307,18.180422,-129.73349,-1.1255656,1.080547
2861,130.14525,-11.301344,141.44659,1.261944,0.37988539
2862,-153.98138,-2.4568138,-151.52456,-1.3198029,-0.47923736
2863,21.452514,41.765835,-20.313321,-0.17608817,0.879588
2864,-162.56238,-106.62572,-55.936664,-0.48925189,1.904118
2865,48.625698,-23.09405,71.719748,0.66318443,1.6506248
2866,-57.206704,-70.264875,13.058171,0.12024816,1.1405573
2867,-147.30726,-63.385797,-83.921466,-0.75442389,1.3098341
2868,100.11173,50.119002,49.99273,0.43922589,1.5402414
2869,-279.83613,-328.23033,48.3942,0.43793169,1.1415404
2870,32.893855,33.412668,-0.5188132,-0.0046241212,0.063467106
2871,53.392924,68.299424,-14.906501,-0.13108919,0.17558239
2872,-354.68156,-420.11516,65.433599,0.587096,1.571778
2873,-140.15642,-79.600768,-60.555657,-0.52149444,1.0684408
2874,35.75419,131.68522,-95.931031,-0.84633093,0.28505164
2875,597.33333,419.13244,178.2009,1.4709151,-1.0581991
2876,1492.1415,1558.6027,-66.46116,-0.60181406,-0.81850626
2877,2931.8436,3076.9136,-145.07005,-1.2500732,0.52118122
2878,803.27747,715.91555,87.36192,0.69789631,0.74831721
2879,1541.7207,1691.2706,-149.54996,-1.1887439,0.54123628
2880,1780.5587,1734.0192,46.539465,0.39334181,0.014394576
2881,2845.0801,2831.7236,13.356466,0.11191793,-0.9975111
2882,2052.7672,2195.4088,-142.6416,-1.244019,-1.9249025
2883,2502.7933,2401.2898,101.50347,0.88091241,-2.4345626
2884,1842.0559,1855.3858,-13.329931,-0.11612778,0.58978766
2885,2402.6816,2410.1344,-7.4527928,-0.066617938,0.47650126
2886,2644.3799,2566.3877,77.992172,0.6946688,0.92997648
2887,2666.3091,2834.1804,-167.8713,-1.4698924,0.29311007
2888,2661.5419,2557.5432,103.99871,0.89172522,-0.5453215
2889,2302.5698,2491.7006,-189.13074,-1.6768323,0.43445579
2890,2288.2682,2153.1516,135.11652,1.1847407,1.8399787
2891,1778.6518,1797.8964,-19.244584,-0.17906945,1.7923532
2892,1591.7765,1719.2783,-127.50177,-1.1446599,1.413613
2893,1561.2663,1499.1478,62.118502,0.53555784,0.39392844
2894,900.52886,917.37428,-16.845416,-0.14396137,1.7277493
2895,825.2067,861.85029,-36.643584,-0.31913467,0.59654972
2896,616.40223,665.79655,-49.39431,-0.42873117,-0.69615768
2897,187.82868,145.93474,41.893937,0.38492592,0.70988862
2898,-293.66108,-270.74088,-22.920197,-0.21370252,-0.64040684
2899,-371.36685,-290.88676,-80.480097,-0.74068862,-0.78608239
2900,-225.96648,-494.31094,268.34446,2.3983515,-0.92591248
2901,-485.78026,-378.34933,-107.43093,-0.99413284,-0.82213432
2902,-663.59777,-608.3071,-55.290664,-0.51871879,0.079244938
2903,-802.32402,-913.44338,111.11936,1.0251619,0.44668432
2904,-1003.0242,-848.58349,-154.44072,-1.374059,-1.254587
2905,-873.8324,-911.96929,38.136888,0.3345286,-1.2984199
2906,-976.80447,-1032.8445,56.04006,0.48982859,-2.0697084
2907,-1058.8007,-845.63532,-213.16543,-1.9146465,-1.8943243
2908,-980.14153,-1137.9962,157.85463,1.4111646,-2.1741651
2909,-1312.8939,-1247.5701,-65.323797,-0.56276493,-0.52156414
2910,-1067.8585,-1024,-43.858473,-0.39205658,0.15596985
2911,-970.60708,-1093.2821,122.67507,1.0860526,1.1992338
2912,-954.39851,-747.85413,-206.54438,-1.8293479,-0.056425968
2913,-863.34451,-1003.3628,140.01826,1.2337689,-0.44400456
2914,-858.10056,-745.39731,-112.70325,-0.99385674,0.62699037
2915,-470.52514,-622.06526,151.54012,1.3574277,0.40275726
2916,-580.17132,-567.52399,-12.64733,-0.11453128,0.73344649
2917,-402.35382,-277.61996,-124.73386,-1.1251199,0.98051293
2918,-102.97207,-252.56046,149.58839,1.3453792,1.1884678
2919,-82.472998,9.8272553,-92.300253,-0.81462087,0.94123768
2920,-9.0577281,-29.481766,20.424038,0.18007049,-0.24435434
2921,158.7486,220.13052,-61.381915,-0.53312618,-0.37643842
2922,304.6257,319.87716,-15.251461,-0.13778376,0.064865912
2923,112.98324,149.86564,-36.882403,-0.34243074,0.031073076
2924,312.25326,447.14012,-134.88686,-1.231283,1.2006977
2925,486.73371,238.31094,248.42277,2.2297986,-0.91142537
2926,243.60521,398.98656,-155.38135,-1.4082093,-0.3447922
2927,484.35009,511.50864,-27.158544,-0.25304077,-0.15190692
2928,225.96648,136.59885,89.367632,0.82844669,-1.1031386
2929,470.52514,539.02495,-68.499812,-0.6122285,-1.9785911
2930,323.6946,278.11132,45.583275,0.40240823,-0.72759344
2931,301.28864,251.57774,49.710905,0.43909191,-0.29153742
2932,267.44134,386.7025,-119.26115,-1.0395593,-0.85155079
2933,144.44693,71.247601,73.199327,0.65206714,-0.50275394
2934,-78.182495,-6.8790787,-71.303417,-0.63311313,-0.64963881
2935,753.2216,796.49904,-43.277439,-0.37259851,-0.053702957
2936,-243.60521,-369.5048,125.89958,1.0585263,1.9187322
2937,1068.3352,1274.595,-206.25981,-1.7569744,1.4661696
2938,363.26257,266.31862,96.943952,0.84307579,0.4091044
2939,445.73557,602.41075,-156.67518,-1.311854,-0.085428934
2940,-819.96276,-971.42418,151.46143,1.350816,0.48402005
2941,866.20484,947.34741,-81.142567,-0.68501199,1.2467502
2942,2383.1359,2491.7006,-108.56464,-0.94187419,0.30785784
2943,1443.5158,1384.1689,59.346923,0.48585958,0.81226997
2944,-5.7206704,-80.583493,74.862823,0.65733447,0.81291861
2945,-64.357542,-63.385797,-0.97174535,-0.0083010015,0.47348317
2946,719.85102,753.75048,-33.899456,-0.29274466,-0.71094338
2947,1084.067,1023.5086,60.558402,0.53389834,-0.72863965
2948,913.40037,990.58733,-77.18696,-0.72499631,-0.66988802
2949,881.45996,991.57006,-110.11009,-1.0147403,-0.68460151
2950,604.00745,419.6238,184.38365,1.6546458,-0.017932729
2951,66.741155,185.73512,-118.99397,-1.0667597,-0.57305318
2952,440.0149,508.0691,-68.0542,-0.62770274,-0.65788603
2953,571.11359,531.16315,39.950446,0.36519948,-0.36454325
2954,360.40223,394.5643,-34.162065,-0.3034348,-1.0629638
2955,340.37989,368.03071,-27.650822,-0.23803759,-0.5952041
2956,-155.41155,-176.39923,20.987687,0.18697028,-0.76507875
2957,-116.3203,27.024952,-143.34525,-1.3092105,-1.2808316
2958,242.17505,99.255278,142.91977,1.2798824,-0.52133293
2959,-372.79702,-348.86756,-23.929458,-0.2096987,0.10068529
2960,-134.43575,-55.03263,-79.403125,-0.71025435,-0.34821592
2961,12.871508,-128.24568,141.11719,1.3100759,0.36883575
2962,-355.63501,-183.76967,-171.86534,-1.536011,2.1167075
2963,-417.60894,-549.34357,131.73463,1.1464607,1.0019674
2964,-826.16015,-672.18426,-153.97589,-1.4209554,-0.21040682
2965,-409.02793,-530.18042,121.15249,1.1178078,-0.49179441
2966,-558.71881,-494.31094,-64.407868,-0.59490619,0.70710798
2967,-635.47114,-489.39731,-146.07382,-1.2734005,0.26275631
2968,-570.16015,-670.71017,100.55002,0.85392921,-0.071246975
2969,-785.16201,-754.73321,-30.428806,-0.26582101,0.95384611
2970,-904.34264,-828.43762,-75.905024,-0.65403328,-0.14490002
2971,-676.946,-676.60653,-0.33947036,-0.0029440115,-0.46343542
2972,-615.92551,-648.10749,32.181974,0.29090487,-0.23027892
2973,-672.17877,-668.74472,-3.4340493,-0.031546861,-0.9071418
2974,-685.05028,-612.72937,-72.320913,-0.65422518,-1.990122
2975,-607.82123,-846.12668,238.30545,2.131901,-0.63512335
2976,-645.95903,-506.59501,-139.36402,-1.2761253,0.14588296
2977,-537.26629,-479.07869,-58.187599,-0.54077243,-1.0733368
2978,-499.60521,-644.66795,145.06273,1.3710962,-0.72216394
2979,-521.05773,-338.05758,-183.00015,-1.618263,-1.256889
2980,-437.63128,-527.23225,89.600961,0.77769317,-0.079142777
2981,-438.58473,-403.90019,-34.684538,-0.301927,0.35262951
2982,-556.81192,-414.71017,-142.10175,-1.2603955,-1.2419417
2983,-203.56052,-361.64299,158.08247,1.4285408,-0.50661473
2984,-512.95345,-433.87332,-79.080125,-0.7084818,0.14965032
2985,-352.77467,-325.28215,-27.492524,-0.23990957,-0.69701604
2986,-173.05028,-259.43954,86.38926,0.77326012,0.58979953
2987,-423.32961,-289.90403,-133.42558,-1.2157533,-0.16633868
2988,-198.7933,-325.77351,126.98022,1.1222608,-0.56790126
2989,-395.20298,-265.33589,-129.86709,-1.1186789,-0.38909419
2990,-175.91061,-353.78119,177.87058,1.605728,-0.21925766
2991,-329.41527,-272.70633,-56.708936,-0.5227725,0.87349283
2992,-394.72626,-335.1094,-59.616852,-0.53963271,-0.20877896
2993,-111.55307,-229.46641,117.91334,1.0447583,0.40915493
2994,-587.32216,-482.51823,-104.80393,-0.92556703,0.41912015
2995,-193.54935,-283.02495,89.475604,0.78492342,-0.83033001
2996,-296.52142,-96.307102,-200.21431,-1.7216416,-0.13240649
2997,-600.19367,-682.99424,82.800573,0.71333757,1.24018
2998,-427.62011,-369.01344,-58.606676,-0.49717724,1.7787743
2999,-263.15084,-75.669866,-187.48097,-1.6914733,1.8741394
3000,409.02793,129.71977,279.30816,2.2751137,1.3260503
3001,1129.8324,1297.1977,-167.36529,-1.4754615,1.6270756
3002,2663.4488,2673.5048,-10.056009,-0.08622554,2.014298
3003,396.15642,260.91363,135.2428,1.0912122,1.1491258
3004,1292.8715,1411.6852,-118.81371,-0.93994142,-0.45770199
3005,1673.2961,1508.975,164.32104,1.3947655,0.043550773
3006,2579.0689,2674.4875,-95.418623,-0.82488354,1.5431944
3007,1888.7747,1927.1248,-38.350086,-0.34767385,-1.1702064
3008,2323.5456,2236.1919,87.353685,0.79320214,-0.47220362
3009,1648.0298,1713.8733,-65.843525,-0.59625947,0.76325769
3010,2164.3203,2075.5163,88.803983,0.78693824,0.072417129
3011,2295.8957,2400.3071,-104.41138,-0.93014454,0.022762524
3012,2518.0484,2573.7582,-55.70974,-0.50108391,0.57202458
3013,2343.0912,2316.2841,26.807179,0.23963855,0.022475827
3014,2087.0912,2306.4568,-219.36557,-1.9261254,-0.82152234
3015,2059.9181,1887.3244,172.59369,1.5319601,-0.11538516
3016,1515.9777,1651.9616,-135.98396,-1.2380176,-0.67236086
3017,1414.9125,1396.9443,17.968139,0.16067629,-0.30606892
3018,1340.5438,1279.5086,61.035124,0.52907203,-0.28207267
3019,785.16201,729.18234,55.97967,0.49349906,-0.27550052
3020,648.81937,590.12668,58.692687,0.50258585,0.26540234
3021,397.58659,565.06718,-167.48059,-1.4163965,-0.35025991
3022,25.266294,-148.88292,174.14921,1.5217631,-0.73321996
3023,-541.5568,-401.44338,-140.11342,-1.2827878,0.49392488
3024,-566.34637,-455.98464,-110.36172,-1.0318483,-0.26544472
3025,-470.04842,-734.58733,264.53891,2.4529811,0.91762229
3026,-754.17505,-475.63916,-278.53589,-2.5134469,1.0850022
3027,-873.35568,-995.99232,122.63664,1.1149983,0.94979287
3028,-1088.8343,-1122.7639,33.929651,0.30771738,0.9846827
3029,-1191.8063,-1089.3512,-102.45508,-0.92048592,-0.16460168
3030,-1108.3799,-1230.3724,121.99247,1.052283,0.056768338
3031,-1260.4544,-1120.7985,-139.65591,-1.2169094,-0.58039611
3032,-1224.2235,-1253.9578,29.73431,0.26678496,-0.44519754
3033,-1238.0484,-1257.8887,19.840258,0.17984344,-0.1423116
3034,-1449.7132,-1513.8887,64.175454,0.58963393,-0.25345578
3035,-1306.6965,-1281.4741,-25.222374,-0.22546799,-0.030977887
3036,-1166.0633,-1216.6142,50.550889,0.46264031,0.50323869
3037,-1137.46,-1128.6603,-8.799694,-0.081718193,0.4960339
3038,-1113.1471,-1073.6276,-39.519474,-0.36010805,0.30876111
3039,-1076.9162,-992.55278,-84.363418,-0.78760489,-0.19805978
3040,-732.72253,-884.45298,151.73044,1.4134073,0.76426455
3041,-839.03166,-720.33781,-118.69385,-1.0941282,-0.49969773
3042,-647.3892,-638.77159,-8.6176062,-0.077467053,0.27543566
3043,-407.12104,-412.74472,5.6236789,0.049964093,-0.33196283
3044,-285.5568,-305.13628,19.579479,0.1755516,-0.080002954
3045,-286.03352,-283.51631,-2.5172048,-0.021873508,-0.52051231
3046,-125.85475,55.03263,-180.88738,-1.5489126,-1.3554817
3047,111.55307,-95.815739,207.36881,1.8247446,-0.073175987
3048,-110.12291,19.163148,-129.28605,-1.1609075,-0.011054817
3049,146.35382,200.96737,-54.613553,-0.50879315,-0.73079733
3050,250.27933,7.3704415,242.90889,2.2314037,-0.52358482
3051,37.184358,270.74088,-233.55653,-2.1041202,0.69181328
3052,301.28864,163.6238,137.66484,1.2641204,1.7121963
3053,-35.75419,82.057582,-117.81177,-1.0683165,0.76654779
3054,301.76536,268.77543,32.989931,0.2901691,-0.73038139
3055,77.705773,73.213052,4.492721,0.038905921,-0.54284249
3056,35.277467,115.47025,-80.192782,-0.68623641,-0.53005631
3057,33.370577,42.74856,-9.3779832,-0.080764839,-0.36194423
3058,-82.472998,-50.119002,-32.353996,-0.28730185,0.33407106
3059,-245.5121,-289.90403,44.391926,0.39976934,2.3554235
3060,430.48045,575.3858,-144.90535,-1.251562,0.39134599
3061,-412.84171,-499.22457,86.382855,0.75041765,0.62760815
3062,881.93669,945.87332,-63.936635,-0.55288058,-0.12682704
3063,191.64246,128.73704,62.905414,0.54736903,-1.1430632
3064,318.45065,392.10749,-73.656834,-0.60638781,-0.1224398
3065,-1054.0335,-1192.5374,138.50391,1.2875928,-0.2959647
3066,747.02421,832.85988,-85.835676,-0.76003222,0.88796664
3067,2185.2961,2168.3839,16.912212,0.14627705,-0.50072673
3068,1217.5493,1336.9981,-119.44873,-0.9947144,-0.0066931902
3069,-175.43389,-349.35893,173.92503,1.5139683,-0.21854833
3070,-369.45996,-233.39731,-136.06265,-1.1669645,-0.61173409
3071,474.81564,589.63532,-114.81967,-0.99729153,-0.95766683
3072,869.06518,718.86372,150.20145,1.3155407,-0.18206321
3073,666.93482,830.40307,-163.46825,-1.4541174,-1.5622655
3074,705.07263,726.23417,-21.161539,-0.19059085,-0.36208043
3075,325.12477,201.45873,123.66603,1.096124,-0.54272063
3076,-119.18063,5.4178884e-14,-119.18063,-1.0869467,-0.0059432528
3077,261.72067,222.58733,39.133338,0.35291983,0.4877349
3078,378.51769,393.58157,-15.063883,-0.13255229,-0.35039719
3079,231.21043,188.6833,42.527127,0.36449707,-0.96836357
3080,110.59963,146.4261,-35.826476,-0.30927465,-0.64913829
3081,-331.32216,-337.07486,5.7526959,0.050863372,0.18780717
3082,-268.39479,-253.05182,-15.342962,-0.13785712,-0.57909847
3083,-34.800745,48.644914,-83.445659,-0.73434827,-0.043218652
3084,-485.30354,-634.34933,149.04579,1.3258149,1.7914702
3085,-416.17877,-219.14779,-197.03098,-1.753367,2.5271304
3086,-228.82682,-295.30902,66.482205,0.58966282,0.90072139
3087,-557.28864,-469.25144,-88.037201,-0.76530692,0.76918973
3088,-677.42272,-674.64107,-2.781644,-0.024496028,1.9186771
3089,-983.95531,-946.85605,-37.099261,-0.32452385,1.3437286
3090,-702.68901,-709.03647,6.3474553,0.059150743,0.24813803
3091,-684.09683,-725.7428,41.645968,0.39273572,-0.37531479
3092,-830.45065,-775.8618,-54.588848,-0.49514217,0.50975777
3093,-727.47858,-802.88676,75.408172,0.64491235,0.36405619
3094,-947.24767,-1034.81,87.562309,0.77101021,-0.50456689
3095,-1110.7635,-1001.8887,-108.87483,-0.96361032,0.0082145319
3096,-867.15829,-837.77351,-29.384774,-0.25087341,-0.71034655
3097,-798.98696,-898.7025,99.715531,0.89017245,-0.81766799
3098,-934.37616,-763.08637,-171.28979,-1.5545492,0.24805138
3099,-850.94972,-880.03071,29.08099,0.26267199,-1.3863808
3100,-891.94786,-958.64875,66.700894,0.60340684,0.424215
3101,-847.13594,-754.73321,-92.402735,-0.82823532,1.0047801
3102,-737.48976,-729.18234,-8.3074163,-0.074570607,0.7772082
3103,-737.96648,-831.87716,93.910679,0.84413699,-0.94816022
3104,-681.2365,-588.16123,-93.075271,-0.80792829,-1.4971831
3105,-722.23464,-696.7524,-25.482238,-0.22144252,-0.48921191
3106,-580.64804,-654.4952,73.847157,0.64420419,0.11590152
3107,-768.47672,-636.80614,-131.67058,-1.150554,-1.0102949
3108,-357.06518,-530.67179,173.60661,1.5425496,-0.75019526
3109,-672.17877,-658.4261,-13.752667,-0.1212332,0.51219907
3110,-579.21788,-475.63916,-103.57872,-0.89872124,1.3196112
3111,-335.13594,-484.97505,149.83911,1.3221533,0.055340417
3112,-638.80819,-459.42418,-179.38401,-1.6461134,0.39032085
3113,-399.01676,-449.59693,50.580169,0.44183154,0.97590305
3114,-563.00931,-495.29367,-67.715645,-0.5969003,0.74512684
3115,-453.83985,-452.54511,-1.2947455,-0.011590529,1.64524
3116,-510.56983,-521.33589,10.76606,0.10025019,0.77572211
3117,-668.36499,-531.16315,-137.20184,-1.2199529,0.20273519
3118,-305.57914,-389.15931,83.580166,0.73255648,-0.73787742
3119,-730.33892,-770.94818,40.609257,0.36416578,-0.8068305
3120,-473.8622,-381.78887,-92.07333,-0.8172888,-0.6322522
3121,-423.32961,-455.49328,32.163673,0.28160637,-0.94509479
3122,-794.69646,-831.87716,37.180697,0.32759907,-0.70467034
3123,-544.41713,-551.30902,6.8918889,0.057659017,-0.0077504267
3124,-439.06145,-323.3167,-115.74475,-0.97546865,-1.1019453
3125,181.15456,13.266795,167.88777,1.3691389,-0.37606086
3126,1031.6276,1121.7812,-90.153629,-0.80491513,-0.37186297
3127,2649.6238,2740.8215,-91.197661,-0.79342066,0.56699966
3128,376.13408,312.50672,63.62736,0.50632361,0.87953545
3129,1085.0205,1154.7025,-69.682011,-0.54814139,-1.3040193
3130,1213.7356,1251.501,-37.765392,-0.30840376,-1.4344066
3131,2363.1136,2392.4453,-29.331703,-0.24454954,-0.3287368
3132,1586.0559,1680.952,-94.896149,-0.81640567,0.11718362
3133,2008.432,1942.357,66.075024,0.56747097,-0.37622558
3134,1363.4264,1369.428,-6.0015798,-0.051951539,1.4383486
3135,1880.1937,2005.7428,-125.54913,-1.1370922,0.96248354
3136,2153.3557,2012.6219,140.7338,1.2420055,0.91666604
3137,2197.6909,2298.1036,-100.41277,-0.88733414,0.60214654
3138,2141.9143,2074.5336,67.38075,0.59806801,0.35788091
3139,1833.9516,1967.4165,-133.46492,-1.1955047,1.4483244
3140,1757.1993,1699.1324,58.066818,0.52452369,1.5293923
3141,1210.8752,1260.8369,-49.961619,-0.45444506,0.59211227
3142,1150.8082,1235.7774,-84.969158,-0.73769334,0.080717932
3143,1036.3948,1046.1113,-9.7165385,-0.082974,-0.13627317
3144,466.23464,424.53743,41.697209,0.36392615,0.18927327
3145,294.1378,394.5643,-100.4265,-0.8785258,0.3988695
3146,143.9702,230.9405,-86.970294,-0.74920988,-0.89974986
3147,-267.44134,-365.5739,98.132556,0.87204635,0.11683883
3148,-784.20857,-684.95969,-99.248873,-0.89669139,-1.5293881
3149,-810.42831,-741.95777,-68.470532,-0.59961422,-1.1277239
3150,-742.73371,-914.91747,172.18376,1.5101652,-1.7087094
3151,-938.18994,-787.16315,-151.0268,-1.3608274,-0.64239178
3152,-1091.2179,-1091.8081,0.59018433,0.0054060446,0.11763719
3153,-1219.933,-1298.1804,78.247461,0.71184832,-0.15890733
3154,-1374.3911,-1302.6027,-71.788374,-0.62714746,-1.470761
3155,-1313.8473,-1308.0077,-5.8396223,-0.049679828,-1.4883665
3156,-1400.6108,-1423.4779,22.867126,0.19263664,-1.9802944
3157,-1407.2849,-1287.8618,-119.42311,-1.0451712,-2.2691023
3158,-1391.0764,-1480.9674,89.89102,0.79916161,-1.1630543
3159,-1658.9944,-1629.3589,-29.635488,-0.26492226,0.14426154
3160,-1536,-1421.5125,-114.48752,-1.0194669,1.2255056
3161,-1323.3818,-1415.1248,91.74301,0.81359883,1.3930176
3162,-1400.6108,-1277.0518,-123.55898,-1.0543309,-0.81382498
3163,-1229.4674,-1279.0173,49.549863,0.43685047,0.088305959
3164,-1284.2905,-1165.0211,-119.26939,-1.0338819,0.79692481
3165,-914.83054,-1005.8196,90.989038,0.83656572,0.75242614
3166,-983.00186,-967.98464,-15.017217,-0.13587726,1.1988979
3167,-829.02048,-796.00768,-33.012807,-0.29038392,0.25466076
3168,-508.66294,-537.55086,28.887921,0.24553434,-0.32876685
3169,-463.85102,-503.15547,39.304446,0.34203033,-2.160361
3170,-447.64246,-367.53935,-80.103111,-0.69699698,0.25799697
3171,-235.97765,-220.62188,-15.355773,-0.13310248,1.2072757
3172,-122.99441,-151.33973,28.345318,0.25470032,-0.24367708
3173,-233.11732,-170.99424,-62.123077,-0.5685006,-0.85491589
3174,-92.960894,-5.8963532,-87.064541,-0.78581864,-1.4644778
3175,-8.1042831,-135.12476,127.02048,1.1264803,-1.1866717
3176,-179.24767,-26.533589,-152.71408,-1.3673519,-0.57872661
3177,41.47486,-9.8272553,51.302116,0.46001729,-0.093661052
3178,-157.31844,-167.5547,10.236267,0.093209469,-0.3241964
3179,-25.266294,63.877159,-89.143454,-0.79880583,-0.77066247
3180,-140.15642,-82.548944,-57.60748,-0.49828898,-1.5760876
3181,-163.99255,-213.7428,49.750251,0.42742612,-1.7988902
3182,-191.64246,-113.01344,-78.629022,-0.67450496,-2.4665659
3183,-214.04842,-279.58541,65.536996,0.56565213,-1.717656
3184,-491.02421,-533.1286,42.10439,0.36702716,0.25266211
3185,298.42831,457.45873,-159.03043,-1.3497661,0.99840784
3186,-618.78585,-798.46449,179.67864,1.4656133,0.61737152
3187,630.22719,840.23033,-210.00314,-1.7513133,1.014353
3188,8.1042831,-99.746641,107.85092,0.91738865,-0.64189194
3189,31.94041,225.53551,-193.5951,-1.6038805,-0.56060249
3190,-1290.4879,-1367.9539,77.466039,0.67402708,0.41764721
3191,516.76723,548.85221,-32.084982,-0.28139546,0.5946939
3192,1928.8194,1991.9846,-63.165278,-0.54998703,1.2103059
3193,1070.7188,1067.2399,3.478885,0.02811112,1.3268173
3194,-501.5121,-514.94818,13.436072,0.11803029,1.2247817
3195,-509.61639,-457.9501,-51.666291,-0.44049909,0.66178156
3196,282.69646,310.0499,-27.353442,-0.23560078,-0.13198162
3197,680.28305,577.35125,102.93181,0.9166771,-0.68906
3198,530.59218,624.03071,-93.438531,-0.86548737,-1.7168216
3199,435.72439,512.49136,-76.766968,-0.71042982,-1.1007122
3200,167.32961,32.429942,134.89967,1.2087631,-0.63628161
3201,-305.10242,-236.34549,-68.756931,-0.62038385,-1.8953146
3202,40.044693,76.652591,-36.607898,-0.33281426,-1.1565483
3203,225.96648,169.02879,56.93769,0.52671102,-2.2426496
3204,-96.774674,9.3358925,-106.11057,-0.93497453,-1.4209876
3205,-84.856611,-10.809981,-74.04663,-0.62578854,-1.0921676
3206,-579.6946,-602.41075,22.716149,0.19561792,-1.6086534
3207,-527.25512,-437.80422,-89.450898,-0.78704911,-1.687805
3208,-141.58659,-203.42418,61.837592,0.53641311,-2.389762
3209,-839.9851,-817.62764,-22.357463,-0.18811418,0.38718007
3210,-532.49907,-440.26104,-92.238032,-0.80841513,0.18077086
3211,-418.08566,-597.49712,179.41146,1.5608787,0.41533885
3212,-729.8622,-644.66795,-85.194251,-0.72733423,-0.3029249
3213,-820.9162,-851.53167,30.615469,0.26424367,0.22531128
3214,-1222.7933,-1146.8407,-75.952605,-0.67774354,0.65921222
3215,-849.99628,-846.12668,-3.8695961,-0.034818682,0.58559851
3216,-898.14525,-987.14779,89.002541,0.79999118,0.71920169
3217,-1044.0223,-830.40307,-213.61928,-1.87159,0.83318888
3218,-932.46927,-1029.8964,97.427079,0.84215506,0.90737069
3219,-1154.622,-1167.9693,13.347316,0.11756629,0.92333202
3220,-1323.3818,-1143.8925,-179.48924,-1.5893745,0.6305923
3221,-1092.648,-1139.9616,47.313568,0.41403919,0.27914346
3222,-984.43203,-1018.1036,33.671617,0.30981353,-0.043576571
3223,-1080.73,-1028.9136,-51.816354,-0.48027017,-1.0618218
3224,-1109.8101,-1011.2246,-98.585488,-0.9175628,-0.710697
3225,-993.48976,-1168.952,175.46226,1.5573015,-1.81224
3226,-1045.9292,-980.26871,-65.660522,-0.58687119,-0.87515414
3227,-864.29795,-852.5144,-11.783556,-0.10680324,-0.25728004
3228,-937.71322,-1033.8273,96.114034,0.87959442,-0.48116125
3229,-850.94972,-777.82726,-73.122465,-0.6574551,0.10054962
3230,-890.51769,-855.95393,-34.563756,-0.30009714,0.48094231
3231,-791.3594,-868.72937,77.369963,0.66545319,0.10715674
3232,-927.22533,-727.70825,-199.51707,-1.7023793,-1.104024
3233,-560.6257,-713.45873,152.83303,1.3466614,-1.3193971
3234,-913.87709,-833.84261,-80.034485,-0.71053499,0.20179076
3235,-756.08194,-633.85797,-122.22397,-1.0931671,0.38731281
3236,-570.63687,-735.57006,164.93319,1.468602,1.0699831
3237,-774.67412,-635.82342,-138.8507,-1.2146523,-0.63715286
3238,-606.39106,-695.27831,88.887249,0.77950832,-0.64109128
3239,-811.85847,-686.43378,-125.42469,-1.0817651,1.2033641
3240,-612.58845,-696.7524,84.163945,0.75089646,2.5194625
3241,-707.45624,-746.8714,39.415163,0.35246936,0.81085362
3242,-772.2905,-647.61612,-124.67438,-1.1187623,-0.27795468
3243,-531.0689,-654.4952,123.4263,1.0757318,0.53003897
3244,-921.98138,-887.89251,-34.088864,-0.30275553,0.66893515
3245,-678.37616,-582.26488,-96.111289,-0.82747559,-0.3086063
3246,-599.71695,-597.00576,-2.7111878,-0.023791049,-0.31263923
3247,-990.1527,-991.07869,0.92599463,0.0082620313,0.25076653
3248,-717.46741,-772.91363,55.446216,0.46787224,0.58309951
3249,-655.49348,-419.13244,-236.36104,-2.0451126,0.038527135
3250,44.811918,-189.17466,233.98658,1.8438235,0.04102424
3251,928.17877,1058.8868,-130.70799,-1.1415794,0.69187605
3252,2559.0466,2643.0403,-83.993752,-0.73139251,0.53006575
3253,213.57169,68.790787,144.78091,1.1632899,0.19013985
3254,1054.0335,1303.5854,-249.55189,-2.0365399,0.77898227
3255,1474.0261,1343.8772,130.14891,1.1189771,-0.53652766
3256,2433.6685,2456.3225,-22.653928,-0.19354453,0.37594443
3257,1719.0615,1770.38,-51.318586,-0.45223032,-0.68615269
3258,2113.311,2030.3109,83.000046,0.73966938,-0.85795486
3259,1521.2216,1625.9194,-104.69778,-0.93441695,1.0354465
3260,1936.4469,1969.8733,-33.426393,-0.29779417,2.2122955
3261,2254.4209,2202.2879,52.132949,0.46579957,1.4172352
3262,2363.5903,2531.0096,-167.41928,-1.5166288,1.3971221
3263,2272.5363,2158.0653,114.47105,1.0130803,-1.4980211
3264,1914.041,2191.9693,-277.92832,-2.4903477,-1.4547453
3265,1818.2197,1698.1497,120.07003,1.0602702,1.3794821
3266,1355.7989,1354.1958,1.6031053,0.014105848,0.69558591
3267,1192.2831,1319.8004,-127.51733,-1.1169215,0.050746921
3268,1050.2197,993.04415,57.175593,0.48782397,0.057139922
3269,482.4432,543.93858,-61.495377,-0.54258446,0.69345771
3270,266.96462,237.81958,29.145041,0.24731846,0.37455093
3271,158.27188,191.63148,-33.359597,-0.2724548,0.24797041
3272,-331.32216,-417.65835,86.336189,0.75113477,-0.42237351
3273,-869.06518,-859.39347,-9.6717028,-0.088669682,-0.65421356
3274,-898.14525,-727.21689,-170.92836,-1.5671296,-0.069861694
3275,-890.04097,-1191.0633,301.02237,2.7571163,0.29333622
3276,-1048.3128,-846.61804,-201.69481,-1.818149,0.032887972
3277,-1290.9646,-1308.9904,18.025785,0.16332791,1.4094035
3278,-1424.9236,-1526.1727,101.24909,0.92123701,0.92547527
3279,-1580.3352,-1384.1689,-196.16629,-1.7581307,-0.30782851
3280,-1561.2663,-1618.5489,57.28265,0.5113353,-0.5986168
3281,-1623.2402,-1594.4722,-28.768055,-0.25056098,-1.0529009
3282,-1612.7523,-1528.1382,-84.614132,-0.76827318,-1.4322689
3283,-1635.635,-1703.5547,67.919693,0.61460251,-0.94565534
3284,-1848.2533,-1803.3013,-44.951915,-0.39200507,-0.3223204
3285,-1746.2346,-1802.3186,56.083981,0.49940775,-0.21909571
3286,-1489.7579,-1558.6027,68.844773,0.62623008,0.31572156
3287,-1540.7672,-1518.3109,-22.456285,-0.20374063,0.73806987
3288,-1410.1453,-1503.5701,93.424806,0.82178528,-0.87431896
3289,-1455.4339,-1208.7524,-246.68149,-2.1767208,-0.062641242
3290,-1094.5549,-1300.1459,205.59094,1.8536133,-0.24908212
3291,-1107.4264,-971.42418,-136.00226,-1.225899,0.50536238
3292,-983.00186,-982.72553,-0.27633437,-0.0024553034,0.24748822
3293,-681.71322,-686.92514,5.2119224,0.046458223,1.1059297
3294,-584.46182,-546.39539,-38.066431,-0.33490465,1.1912184
3295,-611.15829,-603.88484,-7.2734499,-0.062437804,0.34889424
3296,-309.86965,-229.95777,-79.911873,-0.66573541,0.97851282
3297,-206.42086,-310.54127,104.12041,0.90742705,0.81578161
3298,-355.15829,-243.71593,-111.44236,-1.0191178,0.0014278161
3299,-162.08566,-46.679463,-115.4062,-1.0839573,0.53854045
3300,-84.379888,-323.80806,239.42817,2.1480153,0.18595247
3301,-174.00372,-16.214971,-157.78875,-1.4146125,0.83367656
3302,3.3370577,-72.721689,76.058747,0.69716094,1.0535381
3303,-204.03724,-249.12092,45.083677,0.416541,0.22508303
3304,-54.346369,107.60845,-161.95481,-1.4189822,0.27513299
3305,-126.33147,-251.57774,125.24626,1.0962537,0.44630892
3306,-204.51397,-111.04798,-93.465982,-0.81138341,0.031080084
3307,-208.32775,-192.12284,-16.204906,-0.14392379,-1.4436376
3308,-260.2905,-336.58349,76.29299,0.69504553,-0.2397729
3309,-605.43762,-520.35317,-85.084449,-0.74946769,-0.36684831
3310,246.46555,302.67946,-56.213913,-0.46780993,-0.48630555
3311,-676.46927,-820.08445,143.61518,1.1939849,0.26959283
3312,605.91434,719.35509,-113.44075,-0.96946969,0.69139099
3313,-98.204842,-130.21113,32.006291,0.28810345,-0.5464887
3314,-34.324022,169.02879,-203.35281,-1.7000813,-0.55800707
3315,-1296.2086,-1488.8292,192.62061,1.7404205,-0.85752092
3316,501.03538,567.03263,-65.997248,-0.55966325,0.16688451
3317,1882.5773,1944.3225,-61.745176,-0.54226135,0.09433043
3318,1060.7076,980.26871,80.438921,0.66389639,0.39045182
3319,-513.90689,-488.41459,-25.492303,-0.22857991,1.895216
3320,-520.10428,-549.34357,29.239287,0.25120834,1.3501706
3321,241.2216,370.97889,-129.75729,-1.1139388,0.00021179338
3322,668.84171,493.32821,175.5135,1.552466,-1.6711508
3323,482.4432,618.62572,-136.18252,-1.2731379,-1.0025471
3324,359.44879,498.73321,-139.28442,-1.3373046,-0.74179771
3325,146.35382,-56.506718,202.86054,1.8207415,0.066312743
3326,-409.02793,-274.67179,-134.35615,-1.1821928,0.27565045
3327,34.800745,8.8445298,25.956215,0.23323428,0.7215465
3328,102.49534,132.66795,-30.172602,-0.2749812,-0.18723563
3329,-83.903166,-57.489443,-26.413722,-0.24021864,-0.19076173
3330,-109.64618,-108.59117,-1.0550117,-0.0089339968,0.1150632
3331,-610.20484,-645.15931,34.954467,0.29463968,-0.84556827
3332,-509.61639,-458.93282,-50.683566,-0.43939572,-1.350004
3333,-216.43203,-273.1977,56.765667,0.50859658,-1.4090007
3334,-855.24022,-870.20345,14.963231,0.13552394,-0.50172443
3335,-542.98696,-522.31862,-20.668347,-0.18394639,1.3390463
3336,-531.54562,-584.23033,52.684702,0.47835427,-0.26074151
3337,-744.6406,-697.24376,-47.396834,-0.41770685,-0.50000666
3338,-959.16574,-946.85605,-12.30969,-0.10803187,0.089131852
3339,-1329.5791,-1186.1497,-143.42943,-1.2809463,-0.18100347
3340,-922.4581,-972.40691,49.948809,0.4662785,1.2170725
3341,-1024.9534,-1047.094,22.140605,0.20315296,-0.15042867
3342,-1074.5326,-982.23417,-92.298423,-0.81361485,0.44239794
3343,-1089.311,-1107.5317,18.220683,0.15652187,-0.66455453
3344,-1242.8156,-1308.0077,65.192035,0.59008473,-0.52400172
3345,-1371.5307,-1308.499,-63.031686,-0.55220782,-0.11448929
3346,-1162.7263,-1219.5624,56.836123,0.48212396,-0.50666622
3347,-1033.0577,-1121.7812,88.723462,0.77678794,-0.30422629
3348,-1209.4451,-1131.6084,-77.83662,-0.71467132,-0.058669408
3349,-1179.8883,-1122.7639,-57.124353,-0.53380019,-1.2195262
3350,-1064.5214,-1279.5086,214.98722,1.9775673,0.29977665
3351,-1171.3073,-1026.4568,-144.85045,-1.3024304,1.5222555
3352,-895.28492,-937.02879,41.743875,0.37576026,-0.090398038
3353,-1105.5196,-1068.2226,-37.296904,-0.34128654,0.077934281
3354,-952.96834,-867.25528,-85.713064,-0.76757284,-1.1524523
3355,-992.53631,-966.51056,-26.025756,-0.22785185,1.0206764
3356,-901.48231,-956.19194,54.709629,0.47346579,0.52850891
3357,-967.27002,-855.46257,-111.80745,-0.97581583,-0.066363063
3358,-734.1527,-801.41267,67.259968,0.61705075,0.075203136
3359,-930.08566,-938.50288,8.417218,0.076058677,1.3201088
3360,-799.94041,-751.78503,-48.155381,-0.43878958,0.63061538
3361,-643.57542,-793.55086,149.97544,1.3814817,0.14672301
3362,-811.38175,-696.26104,-115.12071,-1.0583948,-0.47585719
3363,-704.5959,-773.40499,68.809087,0.60537388,0.10220265
3364,-837.12477,-728.19962,-108.92515,-0.98137531,0.36464939
3365,-683.14339,-732.13052,48.987129,0.44213468,0.58471245
3366,-782.30168,-784.21497,1.9132952,0.017384648,0.25905175
3367,-795.17318,-732.13052,-63.042666,-0.55789974,-0.88015394
3368,-690.77095,-669.72745,-21.043503,-0.18482871,-0.10106408
3369,-951.53818,-985.6737,34.135529,0.30274652,0.50387631
3370,-769.43017,-680.04607,-89.384102,-0.77249016,-1.0221954
3371,-669.31844,-650.5643,-18.754136,-0.15952952,-0.39847234
3372,-1035.4413,-1106.5489,71.107604,0.59670895,0.11267042
3373,-892.9013,-814.67946,-78.221841,-0.6352522,0.69713383
3374,-667.41155,-618.13436,-49.277189,-0.41503871,1.3559768
3375,-94.867784,-278.11132,183.24354,1.4970728,0.28711054
3376,811.38175,838.26488,-26.883125,-0.23633494,-0.79682825
3377,2420.3203,2487.2783,-66.958013,-0.56958998,-0.071181163
3378,16.208566,-2.4568138,18.66538,0.14890458,1.1517472
3379,773.24395,844.16123,-70.917281,-0.57657662,-0.60918067
3380,937.71322,947.34741,-9.6341872,-0.081582701,0.28288778
3381,2095.1955,2124.6526,-29.45706,-0.24806418,-0.039114553
3382,1361.9963,1426.9175,-64.921191,-0.57308897,-0.58858788
3383,1612.2756,1632.3071,-20.031497,-0.17997316,0.67189771
3384,1179.4115,1155.1939,24.217688,0.21417132,2.7052815
3385,1528.8492,1622.9712,-94.122047,-0.84506027,1.9056877
3386,1897.8324,1754.1651,143.66734,1.2759867,1.2248102
3387,1883.054,2031.2937,-148.23966,-1.3124638,-0.04120461
3388,1810.5922,1779.2246,31.367611,0.28599155,-0.10757674
3389,1556.0223,1680.4607,-124.43831,-1.1108406,0.56810536
3390,1393.9367,1326.1881,67.748585,0.61465245,0.5564847
3391,1062.6145,1013.19,49.424506,0.43998096,0.49588357
3392,784.20857,910.4952,-126.28664,-1.10206,-0.78215477
3393,819.48603,784.70633,34.7797,0.30429994,-0.4342557
3394,195.93296,177.87332,18.05964,0.1608391,0.61325347
3395,-6.6741155,84.023033,-90.697148,-0.80260482,0.9203344
3396,4.2905028,10.809981,-6.519478,-0.055491922,0.031568759
3397,-542.03352,-623.53935,81.505828,0.72764441,-0.7075829
3398,-1054.987,-923.762,-131.22497,-1.1790126,-1.3963677
3399,-1055.4637,-965.03647,-90.427219,-0.79920385,-0.82853195
3400,-1055.9404,-1275.5777,219.63733,1.9500736,-0.0090395348
3401,-1111.7169,-956.6833,-155.03364,-1.3960026,0.79268966
3402,-1410.622,-1427.9002,17.278218,0.15718091,0.80701886
3403,-1502.6294,-1516.3455,13.716067,0.12119606,-1.4462502
3404,-1656.6108,-1602.8253,-53.785465,-0.45974833,-1.3628764
3405,-1600.3575,-1645.5739,45.216354,0.38736211,-0.53295834
3406,-1584.149,-1610.6871,26.538164,0.23125753,-0.92204709
3407,-1699.0391,-1634.2726,-64.766553,-0.57820659,-1.9133067
3408,-1612.7523,-1662.7716,50.019265,0.45957175,-0.71055623
3409,-1937.8771,-1927.6161,-10.260972,-0.092121927,-0.21888881
3410,-1776.7449,-1724.6833,-52.061578,-0.45209785,1.1616771
3411,-1528.8492,-1615.1094,86.260243,0.77365325,-0.51350672
3412,-1612.7523,-1561.5509,-51.201464,-0.4565365,-0.27428687
3413,-1476.8864,-1487.3551,10.46868,0.094057728,0.5684854
3414,-1548.8715,-1441.6583,-107.21316,-0.98606151,0.53289113
3415,-1220.8864,-1319.309,98.422615,0.9133738,1.4685646
3416,-1177.0279,-1112.4453,-64.582635,-0.59178638,0.8996513
3417,-1155.5754,-1107.0403,-48.535112,-0.43520871,0.83605858
3418,-785.16201,-733.60461,-51.557405,-0.45059497,-0.53811815
3419,-809.47486,-853.00576,43.530898,0.38865664,-1.9007559
3420,-686.48045,-685.94242,-0.5380285,-0.0047025014,-0.97965299
3421,-455.74674,-424.53743,-31.209313,-0.26932955,0.24931813
3422,-403.78399,-528.70633,124.92235,1.1284966,0.41220727
3423,-477.67598,-335.60077,-142.07521,-1.2852542,0.2573299
3424,-387.0987,-374.90979,-12.188908,-0.10834449,-1.4929092
3425,-257.43017,-371.96161,114.53144,1.010424,-1.4272215
3426,-356.58845,-253.54319,-103.04527,-0.93152924,-0.058581333
3427,-287.46369,-315.94626,28.48257,0.26604235,1.1794489
3428,-409.50466,-347.88484,-61.619819,-0.5634235,-0.27231184
3429,-330.36872,-263.8618,-66.506911,-0.57922779,-1.522621
3430,-391.86592,-408.81382,16.947898,0.14526422,-0.97171752
3431,-394.24953,-402.91747,8.667932,0.074130196,-1.5281391
3432,-562.53259,-437.31286,-125.21973,-1.0614778,-1.0514063
3433,-409.50466,-446.15739,36.652734,0.32075694,-0.9105521
3434,-879.55307,-876.59117,-2.9619018,-0.025669613,1.1340417
3435,113.45996,168.04607,-54.586103,-0.44307063,1.2416699
3436,-885.75047,-1029.405,143.65452,1.156683,0.71719423
3437,353.2514,463.35509,-110.10369,-0.91949541,0.32666269
3438,-191.64246,-228.97505,37.33259,0.3214945,0.18356276
3439,-327.03166,-190.15739,-136.87427,-1.1576488,0.86355581
3440,-1437.7952,-1535.0173,97.222116,0.85750609,2.1416596
3441,269.82495,270.74088,-0.91592947,-0.0080374006,1.0402825
3442,1637.0652,1761.5355,-124.47033,-1.07466,-0.11408031
3443,793.26629,841.70441,-48.43812,-0.39846959,0.067336132
3444,-830.45065,-859.39347,28.942822,0.25579958,0.76790722
3445,-702.21229,-679.5547,-22.657588,-0.1918471,-0.25635981
3446,-43.858473,41.274472,-85.132945,-0.74255211,-0.38088866
3447,402.35382,317.42035,84.933472,0.75832275,0.99103433
3448,279.3594,398.00384,-118.64443,-1.0979878,-1.4315057
3449,104.87896,157.23608,-52.357127,-0.48771018,-0.51117491
3450,45.288641,-158.71017,203.99881,1.8337647,-2.1334531
3451,-708.40968,-567.52399,-140.88569,-1.2749755,-1.6698035
3452,-132.05214,-197.03647,64.984327,0.59342306,-0.12488591
3453,-109.16946,-4.9136276,-104.25583,-0.94934293,0.37100446
3454,-312.25326,-355.25528,43.002019,0.36793754,-1.9887371
3455,-286.03352,-224.55278,-61.480736,-0.5120962,-1.4790284
3456,-869.5419,-884.45298,14.911076,0.12664963,-2.1254882
3457,-696.96834,-632.87524,-64.093103,-0.56608944,-1.8739592
3458,-527.73184,-476.13052,-51.601325,-0.46015601,-1.1083246
3459,-1048.3128,-1148.8061,100.49329,0.87607817,0.73908208
3460,-748.9311,-631.40115,-117.52995,-1.0323771,2.0006339
3461,-747.97765,-881.99616,134.01851,1.1833796,2.1040265
3462,-926.27188,-796.49904,-129.77284,-1.1135133,0.31313462
3463,-1163.203,-1180.2534,17.050379,0.15084676,-0.23162767
3464,-1467.352,-1424.952,-42.39994,-0.37604752,1.4379997
3465,-1026.8603,-1077.5585,50.698206,0.45817506,0.69524366
3466,-1219.933,-1305.0595,85.12654,0.76192469,0.74596021
3467,-1192.7598,-1092.2994,-100.46035,-0.88683656,-0.085028731
3468,-1249.013,-1266.7332,17.72017,0.15120063,0.20215172
3469,-1350.5549,-1475.5624,125.00745,1.1182431,0.61509422
3470,-1517.8845,-1381.2207,-136.66381,-1.2211098,0.18988077
3471,-1343.4041,-1383.1862,39.782084,0.34527903,-0.22267619
3472,-1229.4674,-1184.1843,-45.283151,-0.40512068,-0.060508968
3473,-1351.0317,-1279.0173,-72.014383,-0.65225539,-0.79254717
3474,-1385.8324,-1288.8445,-96.987872,-0.87385137,-0.50880253
3475,-1258.5475,-1421.5125,162.96499,1.4628808,-1.7515852
3476,-1315.7542,-1265.2591,-50.495073,-0.45725163,-1.6234813
3477,-1118.3911,-1025.4741,-92.916973,-0.85782854,-1.037507
3478,-1227.5605,-1346.334,118.77345,1.0849403,-0.58371598
3479,-1105.0428,-1019.0864,-85.956458,-0.74940574,-1.4342872
3480,-1080.73,-1117.3589,36.628944,0.31145502,-0.97387779
3481,-1082.1601,-1144.8752,62.715091,0.52261258,-1.4827081
3482,-1117.4376,-990.58733,-126.85028,-1.101976,-2.1746042
3483,-922.4581,-1019.0864,96.628272,0.84963525,-0.69434198
3484,-1095.0317,-1086.4031,-8.6285863,-0.07900854,0.73336029
3485,-964.88641,-878.06526,-86.821147,-0.78001218,1.5723553
3486,-797.5568,-989.60461,192.04781,1.7459109,0.64204415
3487,-1033.0577,-817.62764,-215.43009,-1.8988866,0.37106766
3488,-893.37803,-960.6142,67.236177,0.59175351,0.49287746
3489,-1058.8007,-888.38388,-170.41687,-1.5227172,0.65352815
3490,-847.61266,-953.24376,105.6311,0.95419751,2.2942773
3491,-987.76909,-989.60461,1.835519,0.016427682,1.3177649
3492,-1044.4991,-853.98848,-190.51059,-1.6956829,0.43692901
3493,-796.60335,-981.25144,184.64809,1.6236674,0.92330754
3494,-1150.3315,-1138.9789,-11.352584,-0.10310353,1.6602482
3495,-858.10056,-867.74664,9.6460824,0.086272635,-0.086903806
3496,-808.52142,-870.69482,62.173402,0.53996656,-0.53834847
3497,-1239.4786,-1170.4261,-69.052481,-0.6201695,0.25744383
3498,-1029.7207,-1088.3685,58.647852,0.50139499,1.6756345
3499,-863.82123,-663.33973,-200.4815,-1.7273069,1.0299609
3500,-247.41899,-445.17466,197.75567,1.6091514,-0.096409233
3501,662.1676,703.63148,-41.46388,-0.36629934,-0.55161273
3502,1989.3631,2216.5374,-227.1743,-1.94331,0.88459458
3503,-405.21415,-573.91171,168.69756,1.3148476,1.0712548
3504,391.86592,577.84261,-185.97669,-1.4375941,0.41533277
3505,825.68343,701.17466,124.50876,1.0661252,-0.50743481
3506,1871.1359,1901.0825,-29.946593,-0.25014792,-0.48417084
3507,1015.419,1185.6583,-170.23935,-1.4734149,-0.10799686
3508,1534.5698,1335.524,199.04584,1.7325544,0.0077598151
3509,939.14339,1014.6641,-75.520718,-0.66702036,0.74198368
3510,1327.1955,1291.3013,35.894187,0.32328031,0.3176117
3511,1630.8678,1526.1727,104.69504,0.92729594,0.99285061
3512,1648.9832,1829.3436,-180.36033,-1.6139668,1.3660216
3513,1631.8212,1471.1401,160.68111,1.4005825,0.36423501
3514,1280.9534,1524.6987,-243.74521,-2.2238773,0.50936615
3515,1234.2346,1062.3263,171.90834,1.5639643,1.9391961
3516,831.88082,863.32438,-31.443557,-0.29215889,2.0499933
3517,553.95158,752.27639,-198.32481,-1.7393719,1.8511077
3518,639.28492,501.68138,137.60353,1.1693096,1.1122014
3519,-74.845438,25.059501,-99.904939,-0.85304414,1.7458563
3520,-66.741155,-147.40883,80.667675,0.71603192,0.93479781
3521,-277.45251,-161.16699,-116.28553,-1.0168308,-0.78281865
3522,-796.12663,-810.2572,14.130568,0.1248618,0.40033247
3523,-1145.5642,-1196.9597,51.395447,0.45658582,-0.38289103
3524,-1245.676,-1074.6104,-171.06561,-1.5217162,-0.61315905
3525,-1084.5438,-1415.6161,331.07236,2.9241341,-0.81965542
3526,-1235.6648,-1095.2476,-140.4172,-1.2571198,-1.6578563
3527,-1571.7542,-1506.5182,-65.235956,-0.59656841,0.053067959
3528,-1612.7523,-1724.6833,111.93097,1.0250537,-0.9250915
3529,-1841.5791,-1684.3916,-157.18759,-1.3871543,-1.3088336
3530,-1668.0521,-1806.2495,138.19738,1.2044534,-1.5179262
3531,-1799.6276,-1746.7946,-52.832935,-0.45859189,-2.3001593
3532,-1882.1006,-1775.785,-106.31553,-0.94898737,-2.6154147
3533,-1738.6071,-1864.7217,126.11461,1.1128476,-1.9664846
3534,-2197.6909,-2094.6795,-103.01141,-0.87785404,-0.78157743
3535,-1849.2067,-1856.8599,7.6531809,0.067800387,-0.016833632
3536,-1788.1862,-1804.2841,16.097849,0.14612993,0.67611119
3537,-1788.1862,-1706.0115,-82.174703,-0.72070527,-0.512404
3538,-1662.3315,-1727.1401,64.808644,0.56292355,-0.035723562
3539,-1744.8045,-1619.5317,-125.2728,-1.1048588,1.2249454
3540,-1256.6406,-1444.1152,187.47457,1.7056103,1.1630077
3541,-1441.1322,-1369.9194,-71.21283,-0.64172554,0.86289625
3542,-1260.9311,-1174.8484,-86.08273,-0.77184217,1.120726
3543,-962.50279,-1035.3013,72.79855,0.64174706,1.3965405
3544,-963.45624,-914.4261,-49.030135,-0.43050259,0.75957923
3545,-834.74115,-827.94626,-6.7948974,-0.06012639,-0.43224153
3546,-755.12849,-656.46065,-98.667839,-0.86803581,0.41105845
3547,-584.46182,-634.34933,49.887503,0.45046171,-0.18239948
3548,-726.04842,-638.77159,-87.276824,-0.80866181,0.1779298
3549,-640.71508,-549.83493,-90.880151,-0.8387751,-0.39686707
3550,-351.34451,-579.80806,228.46355,2.0322314,-0.57779921
3551,-697.44507,-532.63724,-164.80783,-1.4945978,0.026102285
3552,-389.00559,-421.09789,32.092302,0.29778821,0.51975701
3553,-661.69088,-687.90787,26.216994,0.23791586,-0.60018691
3554,-463.85102,-402.91747,-60.933558,-0.53039834,-1.3614474
3555,-514.38361,-574.40307,60.019458,0.5183995,-1.4608849
3556,-641.66853,-639.26296,-2.405573,-0.020971292,-0.59560388
3557,-586.36872,-545.41267,-40.956047,-0.35241494,-1.0799357
3558,-704.11918,-729.18234,25.063161,0.22169068,-1.0327413
3559,-957.25885,-966.51056,9.2517112,0.083237685,0.052259915
3560,-78.659218,-8.8445298,-69.814688,-0.5946017,0.056488082
3561,-1136.0298,-1235.7774,99.747556,0.85091794,0.63809926
3562,208.32775,381.2975,-172.96976,-1.4854142,0.43834422
3563,-487.68715,-530.67179,42.984634,0.37255262,-0.29349625
3564,-435.72439,-342.47985,-93.244548,-0.76791612,-0.32373792
3565,-1655.6574,-1737.4587,81.801378,0.70999203,1.5377207
3566,19.545624,28.007678,-8.4620537,-0.073638324,0.60794326
3567,1524.0819,1612.1612,-88.079292,-0.77098867,0.35718199
3568,571.11359,537.0595,34.054093,0.27512597,-0.22989497
3569,-895.76164,-972.89827,77.136634,0.66890157,-0.17196367
3570,-906.72626,-862.34165,-44.384606,-0.37955911,-0.17998128
3571,-151.59777,-167.06334,15.465574,0.13627777,-0.089295643
3572,241.2216,210.30326,30.918339,0.28202406,-0.70402845
3573,79.612663,133.15931,-53.546646,-0.49523374,-0.29689101
3574,10.487896,81.566219,-71.078323,-0.65480358,-0.44194551
3575,-224.05959,-399.47793,175.41834,1.596287,0.44425573
3576,-834.74115,-707.56238,-127.17877,-1.1427454,-0.49822479
3577,-356.11173,-318.40307,-37.708661,-0.34748897,0.41523328
3578,-315.11359,-339.53167,24.418076,0.23001665,1.2334277
3579,-442.87523,-456.96737,14.092138,0.12598974,0.45743439
3580,-514.38361,-482.51823,-31.865378,-0.27412827,0.44652764
3581,-1023.5233,-1056.4299,32.906665,0.29141883,0.19191167
3582,-897.19181,-807.30902,-89.882785,-0.82146331,-0.80880906
3583,-660.26071,-715.42418,55.163477,0.49769051,-0.61436122
3584,-1132.216,-1215.6315,83.415463,0.74258169,0.44001082
3585,-951.53818,-864.79846,-86.739711,-0.78769472,0.94057745
3586,-862.86778,-991.07869,128.21091,1.2021581,0.84782047
3587,-1110.2868,-993.53551,-116.75127,-1.0389285,0.8042016
3588,-1264.2682,-1366.4798,102.21169,0.87182774,0.36176286
3589,-1596.5438,-1458.856,-137.68772,-1.225265,-0.1915717
3590,-1231.851,-1357.6353,125.78429,1.1410427,0.76458679
3591,-1361.5196,-1329.1363,-32.383277,-0.29814959,1.0715791
3592,-1422.0633,-1275.0864,-146.97694,-1.304473,0.61294085
3593,-1422.54,-1481.9501,59.410059,0.52208493,-0.06298589
3594,-1544.581,-1590.5413,45.960261,0.40586613,0.5763583
3595,-1677.1099,-1629.3589,-47.750945,-0.40982351,0.69495757
3596,-1505.4898,-1489.3205,-16.16922,-0.13698428,-0.19513703
3597,-1402.9944,-1436.2534,33.258946,0.30066811,0.95665341
3598,-1488.3277,-1479.4933,-8.8344646,-0.081616818,0.27066704
3599,-1482.6071,-1374.833,-107.77406,-0.97874829,-1.3862362
3600,-1409.1918,-1633.7812,224.58938,2.0237847,-0.8554626
3601,-1442.0857,-1346.8253,-95.260325,-0.86010526,0.44883016
3602,-1293.3482,-1247.0787,-46.269536,-0.42793547,0.30283796
3603,-1326.2421,-1485.3896,159.14755,1.5027991,0.28085546
3604,-1316.7076,-1101.144,-215.56368,-1.9459212,-0.34981066
3605,-1233.7579,-1382.2035,148.44554,1.3200322,0.08487687
3606,-1245.676,-1212.1919,-33.484039,-0.29233554,1.0740374
3607,-1357.2291,-1183.6929,-173.53615,-1.5461968,-0.91400202
3608,-1071.6723,-1203.8388,132.16652,1.2049921,0.31638472
3609,-1259.9777,-1218.0883,-41.889362,-0.37946625,-0.16582193
3610,-1150.8082,-1125.7121,-25.096102,-0.22389475,-0.3197492
3611,-1002.5475,-1076.5758,74.02833,0.67646411,1.5235879
3612,-1190.8529,-1081.9808,-108.87208,-0.98974935,0.37931388
3613,-1009.2216,-1131.1171,121.89548,1.0797962,-0.98532473
3614,-1183.2253,-1028.4223,-154.80306,-1.3428723,-0.27512717
3615,-962.02607,-1176.3225,214.29639,1.9346203,-0.46386885
3616,-1139.3669,-1046.6027,-92.764166,-0.83892835,0.41817864
3617,-1182.7486,-1116.3762,-66.372404,-0.58499469,0.71060196
3618,-937.2365,-1072.6449,135.40841,1.2038996,1.2514152
3619,-1333.8696,-1223.9846,-109.885,-0.98386435,1.5131631
3620,-1024.4767,-1126.2035,101.72673,0.88234867,-0.69204314
3621,-1060.2309,-917.86564,-142.36527,-1.2144762,-1.1126017
3622,-1380.1117,-1448.0461,67.934333,0.58050449,1.0709981
3623,-1248.5363,-1203.8388,-44.697541,-0.37476886,2.0425856
3624,-998.73371,-844.16123,-154.57248,-1.3622634,1.4846644
3625,-437.15456,-672.67562,235.52106,1.9175306,0.12792987
3626,405.69088,601.42802,-195.73715,-1.7287108,0.20281633
3627,1858.2644,1860.2994,-2.0349922,-0.017259053,0.49819184
3628,-525.82495,-624.52207,98.697119,0.77705222,1.5735886
3629,215.95531,367.53935,-151.58404,-1.2150995,-0.070926035
3630,542.51024,367.53935,174.97089,1.4923138,-0.57219227
3631,1575.568,1704.0461,-128.4781,-1.1060467,0.75589666
3632,812.3352,837.28215,-24.946954,-0.22235122,-0.56787774
3633,1219.933,1132.5912,87.34179,0.79313557,0.54232954
3634,605.43762,719.35509,-113.91747,-1.0339281,1.0961017
3635,1100.7523,1030.8791,69.873249,0.61794186,-0.20907638
3636,1264.7449,1345.3512,-80.606369,-0.71843667,0.086547403
3637,1388.216,1428.3916,-40.17554,-0.36196128,0.13930759
3638,1239.4786,1251.9923,-12.513738,-0.11163844,0.60338208
3639,1051.1732,1219.5624,-168.3892,-1.4860248,-0.27624138
3640,920.55121,754.24184,166.30937,1.487079,0.51383772
3641,470.04842,603.88484,-133.83642,-1.2106719,-0.17340923
3642,378.99441,348.3762,30.618214,0.26045087,-0.16093072
3643,300.3352,284.9904,15.344792,0.12860282,-0.35375247
3644,-191.64246,-265.82726,74.184797,0.64864535,0.085898799
3645,-356.11173,-388.66795,32.556214,0.28433228,0.23706714
3646,-514.86034,-333.14395,-181.71638,-1.557402,-0.51025077
3647,-901.48231,-1070.6795,169.19715,1.4833205,-1.2295927
3648,-1411.5754,-1270.1727,-141.40267,-1.3123506,-0.89201742
3649,-1390.1229,-1286.8791,-103.24383,-0.95177947,-0.51363649
3650,-1316.7076,-1555.1631,238.45551,2.1448912,1.3801981
3651,-1492.6182,-1250.0269,-242.59138,-2.2226426,0.84963291
3652,-1653.7505,-1710.9251,57.174678,0.52682243,0.58216237
3653,-1879.7169,-1865.2131,-14.503894,-0.13126115,0.60093125
3654,-1901.1695,-1849.4894,-51.680017,-0.4530839,-0.092154154
3655,-1929.7728,-1959.0633,29.290528,0.24639777,0.71820855
3656,-1938.3538,-1872.5835,-65.770324,-0.56588909,0.70075965
3657,-1979.8287,-1977.2438,-2.5849158,-0.022510703,0.49320714
3658,-1954.0857,-2027.8541,73.768466,0.6582352,0.40181458
3659,-2131.9032,-2177.7198,45.816604,0.4099712,0.38223629
3660,-2082.324,-2069.62,-12.704061,-0.11043622,-0.16334949
3661,-1832.0447,-1840.6449,8.6002209,0.077197324,-0.12671233
3662,-1909.2737,-1904.5221,-4.7516701,-0.043240801,0.75396565
3663,-1831.568,-1765.4664,-66.101559,-0.58065412,0.49561022
3664,-1802.9646,-1690.7793,-112.18535,-1.0266252,-0.41806461
3665,-1511.2104,-1649.9962,138.78573,1.2773152,0.17276994
3666,-1556.9758,-1401.858,-155.11783,-1.4462616,-0.62500789
3667,-1448.7598,-1444.6065,-4.1532506,-0.037040468,0.228335
3668,-1172.7374,-1173.3743,0.63685006,0.0055376908,-0.49822814
3669,-1024.9534,-1103.6008,78.647323,0.70401006,-0.62383645
3670,-1162.2495,-1084.4376,-77.811914,-0.66306513,-0.12977339
3671,-820.43948,-760.1382,-60.301283,-0.52067708,-0.46276416
3672,-817.10242,-942.92514,125.82272,1.142905,-0.46829681
3673,-892.42458,-813.69674,-78.727844,-0.71675082,-0.52223405
3674,-722.71136,-668.74472,-53.966638,-0.49630394,-0.87968126
3675,-667.41155,-853.98848,186.57694,1.6846799,0.46032289
3676,-777.53445,-597.98848,-179.54597,-1.622172,2.3654787
3677,-655.01676,-718.37236,63.355601,0.58394868,2.0385203
3678,-819.96276,-769.47409,-50.488668,-0.46474042,0.71144062
3679,-634.51769,-592.58349,-41.934198,-0.3707755,-1.8245001
3680,-788.49907,-808.29175,19.792678,0.17442728,-0.44210012
3681,-798.51024,-730.65643,-67.853812,-0.59357187,0.14107023
3682,-894.80819,-815.17083,-79.637368,-0.69846125,0.83304041
3683,-877.16946,-934.08061,56.911154,0.50072552,1.3194528
3684,-1144.6108,-1151.263,6.6521551,0.059876166,2.131126
3685,-433.34078,-283.02495,-150.31583,-1.2938938,0.36374811
3686,-1203.2477,-1382.6948,179.44715,1.5055453,0.45846012
3687,-75.32216,72.230326,-147.55249,-1.2574002,1.2759381
3688,-596.37989,-736.06142,139.68153,1.2246453,0.95632096
3689,-621.16946,-490.8714,-130.29806,-1.0712227,0.92616307
3690,-1886.3911,-2020.975,134.58399,1.2115891,-0.46492846
3691,-71.985102,-28.990403,-42.994699,-0.37688522,-0.089786925
3692,1246.6294,1308.0077,-61.378255,-0.54674361,-0.4389802
3693,455.74674,465.8119,-10.065159,-0.085250615,-0.0009228381
3694,-1147.9479,-1177.3052,29.357324,0.26072278,0.14762722
3695,-1128.4022,-1085.9117,-42.490526,-0.36139826,0.25098336
3696,-383.76164,-286.95585,-96.805785,-0.83505329,-0.91974071
3697,-38.614525,-100.72937,62.114841,0.5587568,-0.058608625
3698,-99.158287,-41.274472,-57.883815,-0.5265983,-1.0737676
3699,-241.2216,-100.238,-140.9836,-1.3181931,0.3569125
3700,-472.90875,-655.47793,182.56917,1.6578372,0.2770777
3701,-1004.4544,-880.52207,-123.9323,-1.1281473,0.98577772
3702,-611.15829,-617.64299,6.4847075,0.058237292,1.1753407
3703,-409.50466,-522.80998,113.30533,1.0076019,0.06617491
3704,-726.04842,-634.84069,-91.207726,-0.78244228,-1.0511896
3705,-648.81937,-741.46641,92.647044,0.80149104,-1.0597937
3706,-1202.7709,-1164.5298,-38.241199,-0.33641242,-0.43883752
3707,-1116.0074,-1061.3436,-54.663879,-0.49856001,-0.17444796
3708,-783.25512,-810.2572,27.002077,0.24129647,0.71689723
3709,-1406.8082,-1429.3743,22.566087,0.20222123,1.2621103
3710,-1144.6108,-1023.0173,-121.59353,-1.0758701,1.6753138
3711,-1095.9851,-1117.8503,21.865185,0.19627357,0.77184091
3712,-1371.5307,-1265.7505,-105.78025,-0.93459255,0.5726582
3713,-1450.6667,-1538.9482,88.28151,0.78354156,0.69831953
3714,-1851.5903,-1690.7793,-160.81105,-1.4248337,0.91336477
3715,-1401.5642,-1555.1631,153.5989,1.4549976,0.72447495
3716,-1556.4991,-1517.8196,-38.679491,-0.35963718,0.0010090844
3717,-1589.3929,-1529.1209,-60.272002,-0.54000639,-0.063016575
3718,-1511.2104,-1609.2131,98.002624,0.8485984,-1.0824145
3719,-1744.8045,-1751.7083,6.9037841,0.062822158,-0.92451367
3720,-1814.8827,-1809.1977,-5.6849848,-0.05120946,1.2713601
3721,-1729.5493,-1607.2476,-122.30175,-1.0554462,1.5179699
3722,-1502.1527,-1648.5221,146.36937,1.3123658,0.85387397
3723,-1680.4469,-1560.5681,-119.87879,-1.1033322,1.0338136
3724,-1664.7151,-1582.6795,-82.035621,-0.74201516,-1.5021689
3725,-1596.067,-1775.2937,179.22663,1.6231648,-0.56382076
3726,-1659.9479,-1477.5278,-182.42003,-1.6645659,0.34084235
3727,-1502.1527,-1504.5528,2.4000829,0.021645557,1.3269628
3728,-1551.2551,-1629.3589,78.103804,0.70142428,0.17993805
3729,-1503.5829,-1361.5662,-142.01665,-1.2403422,-1.3423494
3730,-1444.4693,-1507.0096,62.540323,0.54131752,-0.97430011
3731,-1464.9683,-1424.4607,-40.50769,-0.35158751,-0.75844908
3732,-1469.7356,-1429.8656,-39.869925,-0.34732173,-0.56874698
3733,-1172.7374,-1294.7409,122.00345,1.0841351,-0.62293589
3734,-1450.1899,-1458.3647,8.1747392,0.07311821,0.32156429
3735,-1340.5438,-1228.4069,-112.13685,-0.99870137,1.2694476
3736,-1176.5512,-1242.6564,66.10522,0.58952418,0.24544171
3737,-1315.2775,-1282.9482,-32.329291,-0.29971455,0.031824538
3738,-1298.1155,-1215.1401,-82.975341,-0.74638838,0.094000634
3739,-1321.9516,-1280.4914,-41.46022,-0.37670465,-0.10882537
3740,-1253.3035,-1291.7927,38.489168,0.35274166,1.5861951
3741,-1347.2179,-1273.6123,-73.605593,-0.68428555,0.40061469
3742,-1375.3445,-1351.739,-23.605543,-0.21340153,0.91845875
3743,-1177.5047,-1206.2956,28.79093,0.25464518,0.10971851
3744,-1509.3035,-1532.5605,23.256922,0.206846,0.47315527
3745,-1270.9423,-1216.6142,-54.328068,-0.48604058,0.037415322
3746,-1237.5717,-1155.6852,-81.886474,-0.72552394,0.27383753
3747,-1543.6276,-1671.1248,127.4972,1.1051337,-0.14949832
3748,-1363.9032,-1285.405,-78.498175,-0.6480613,0.35640409
3749,-1124.1117,-1081.9808,-42.130926,-0.34610311,-0.020957456
3750,-595.42644,-724.26871,128.84227,1.0326404,1.0049881
3751,365.16946,457.45873,-92.289273,-0.81876081,0.79068932
3752,1832.9981,1851.9463,-18.948119,-0.16173724,0.4570457
3753,-771.81378,-750.31094,-21.50284,-0.17029877,0.92575365
3754,183.53818,211.28599,-27.747813,-0.21962095,-0.93888909
3755,446.21229,475.14779,-28.935502,-0.24039228,-0.31918519
3756,1507.3966,1567.4472,-60.050569,-0.50678624,-1.0392424
3757,660.26071,743.92322,-83.662517,-0.72282091,-0.85856081
3758,1177.5047,1154.7025,22.80216,0.20078574,-0.82842421
3759,670.7486,608.3071,62.441502,0.54118793,1.5708428
3760,898.62197,1051.025,-152.40298,-1.3835136,0.71773225
3761,1294.7784,1166.0038,128.77456,1.1241873,1.4082313
3762,1350.0782,1451.4856,-101.40739,-0.89606784,0.99284411
3763,1282.3836,1244.1305,38.253094,0.33945646,0.109461
3764,993.48976,1082.9635,-89.473774,-0.8050384,0.60516787
3765,822.82309,824.50672,-1.6836266,-0.015448452,1.3530916
3766,470.04842,481.53551,-11.487092,-0.10761811,2.1360698
3767,261.72067,331.1785,-69.457832,-0.62201532,0.97816987
3768,198.7933,210.30326,-11.509967,-0.098970293,-0.49683527
3769,-270.30168,-398.4952,128.19353,1.1232995,-0.74047771
3770,-583.50838,-395.05566,-188.45272,-1.6720039,0.28194705
3771,-562.53259,-546.39539,-16.137195,-0.14126795,0.010248678
3772,-1117.4376,-1195.977,78.539351,0.71151891,-0.30285945
3773,-1513.1173,-1425.4434,-87.67394,-0.80946814,-1.1347435
3774,-1561.743,-1472.6142,-89.128813,-0.81130929,-1.0780554
3775,-1524.0819,-1699.6238,175.54186,1.5856856,-1.8132194
3776,-1584.6257,-1505.5355,-79.09019,-0.70904296,-0.88465557
3777,-1885.4376,-1890.2726,4.8349364,0.044562949,-0.015280753
3778,-1929.2961,-2011.6392,82.343066,0.77054586,-0.99146848
3779,-2104.73,-2091.7313,-12.998695,-0.11385153,-2.608615
3780,-2075.1732,-1998.3724,-76.800824,-0.65705892,-2.3124568
3781,-2064.6853,-2156.0998,91.414519,0.78573306,-1.8048393
3782,-2213.4227,-2063.2322,-150.19047,-1.3094708,-3.077594
3783,-2037.9888,-2128.5835,90.594666,0.79624715,-1.7342162
3784,-2371.2179,-2439.6161,68.398246,0.61895589,-1.4067489
3785,-2295.419,-2078.9559,-216.46314,-1.9317437,0.33607329
3786,-1984.1192,-2186.0729,201.95376,1.7839284,0.77094719
3787,-2167.6574,-2046.0345,-121.62281,-1.0183367,-0.0099819216
3788,-1894.9721,-1947.762,52.789929,0.45614486,0.35670869
3789,-2043.7095,-1939.9002,-103.80931,-0.89348361,1.2151851
3790,-1676.1564,-1714.3647,38.208259,0.35290069,0.57066579
3791,-1658.5177,-1710.4338,51.91609,0.47641955,0.26716796
3792,-1619.9032,-1540.9136,-78.989538,-0.70755513,0.82978572
3793,-1213.7356,-1284.4223,70.686697,0.62142976,0.72924233
3794,-1254.7337,-1293.7582,39.024452,0.3457948,-0.78728085
3795,-1200.3873,-1058.8868,-141.50058,-1.2401683,0.46176094
3796,-939.62011,-1008.2764,68.65628,0.60181892,0.58613371
3797,-957.73557,-944.8906,-12.844973,-0.11818678,0.74978459
3798,-944.38734,-897.71977,-46.667567,-0.43163755,-0.3265363
3799,-893.85475,-837.28215,-56.572599,-0.51595318,-1.6616701
3800,-766.56983,-842.68714,76.117308,0.67293781,-1.25441
3801,-898.62197,-834.33397,-64.288001,-0.57279517,1.5270589
3802,-825.2067,-764.56046,-60.646243,-0.55078697,1.9738356
3803,-835.21788,-936.53743,101.31955,0.93348109,-0.34935764
3804,-848.56611,-737.04415,-111.52196,-0.99356368,-1.4700041
3805,-879.07635,-821.55854,-57.517809,-0.49841746,-1.9415685
3806,-896.23836,-987.14779,90.909431,0.78199481,-0.58893846
3807,-979.6648,-867.25528,-112.40953,-0.96743569,-1.4165273
3808,-913.40037,-989.60461,76.204234,0.6628015,-1.3135298
3809,-1299.5456,-1318.8177,19.272035,0.17322003,-0.40710132
3810,-434.77095,-227.0096,-207.76135,-1.7950813,0.76987345
3811,-1353.892,-1619.5317,265.63968,2.2580566,0.44862118
3812,-151.59777,143.47793,-295.07569,-2.5267081,1.0435673
3813,-697.44507,-843.66987,146.2248,1.2592943,-0.21014128
3814,-783.73184,-625.5048,-158.22705,-1.3330129,0.13402339
3815,-1970.7709,-2034.2418,63.470893,0.54432585,0.91106166
3816,-238.36127,-283.02495,44.663686,0.38843746,0.6447595
3817,1157.959,1295.7236,-137.76458,-1.1764761,-0.33943207
3818,362.30912,281.0595,81.249624,0.65578549,0.29105656
3819,-1287.6276,-1273.6123,-14.015276,-0.12669204,1.5854075
3820,-1217.5493,-1120.3071,-97.242247,-0.85224747,1.4633728
3821,-485.78026,-483.0096,-2.7706638,-0.024112921,0.53777335
3822,-76.752328,-102.69482,25.94249,0.23112129,-0.11895437
3823,-183.06145,-175.41651,-7.6449458,-0.070955978,-0.71796179
3824,-326.07821,-213.7428,-112.33541,-1.0433044,-0.89913519
3825,-503.89572,-671.6929,167.79718,1.5014591,0.013779811
3826,-1095.0317,-1094.7562,-0.27541935,-0.0024658511,0.08971401
3827,-675.51583,-555.73129,-119.78454,-1.086425,0.080966129
3828,-500.55866,-653.51248,152.95382,1.4144503,0.12109675
3829,-837.60149,-696.26104,-141.34045,-1.2591102,-0.92077033
3830,-791.3594,-743.92322,-47.43618,-0.41239381,-1.2866528
3831,-1342.9274,-1412.6679,69.740572,0.60953137,-2.6594301
3832,-1218.9795,-1076.5758,-142.4037,-1.2732615,-1.9136209
3833,-914.83054,-1031.8618,117.03126,1.0284442,-1.4885249
3834,-1546.0112,-1479.0019,-67.009254,-0.5834953,-0.17174457
3835,-1245.676,-1136.0307,-109.64527,-0.97969119,0.41306885
3836,-1182.2719,-1321.7658,139.49395,1.247437,0.63743432
3837,-1419.203,-1271.1555,-148.04751,-1.2952097,-0.15486608
3838,-1554.5922,-1665.7198,111.12759,0.981365,-0.85517767
3839,-1926.9125,-1799.3704,-127.54204,-1.1515926,1.2107675
3840,-1534.0931,-1608.2303,74.137216,0.67051533,1.9434816
3841,-1618.473,-1724.6833,106.2103,0.99244179,2.2305399
3842,-1696.1788,-1539.9309,-156.24787,-1.3932781,0.29022283
3843,-1606.5549,-1792.4914,185.93643,1.5779426,-0.060987523
3844,-1889.7281,-1811.6545,-78.073609,-0.67086939,0.18665132
3845,-1977.4451,-1919.7543,-57.690747,-0.50682736,-0.36819269
3846,-1830.6145,-1792,-38.614525,-0.33726675,0.97034376
3847,-1668.0521,-1670.142,2.089893,0.019065076,0.93340065
3848,-1792,-1787.0864,-4.9136276,-0.045007558,-0.59663185
3849,-1841.1024,-1621.0058,-220.09666,-2.0112018,-1.037155
3850,-1694.2719,-1952.6756,258.40374,2.3223428,-1.9031003
3851,-1771.0242,-1648.0307,-122.9935,-1.1122051,0.01347436
3852,-1512.1639,-1524.6987,12.534783,0.11584081,-0.32127684
3853,-1631.8212,-1816.0768,184.25555,1.7158067,-0.94369686
3854,-1556.9758,-1360.0921,-196.88366,-1.7357138,-1.4755102
3855,-1545.0577,-1680.4607,135.40292,1.1716433,-0.7040759
3856,-1501.1993,-1491.7774,-9.4219039,-0.081605723,-0.72166782
3857,-1591.7765,-1446.572,-145.20456,-1.2745271,-1.6150538
3858,-1274.2793,-1454.4338,180.15445,1.5887363,-1.5632966
3859,-1623.7169,-1415.6161,-208.10082,-1.8231276,-0.4481194
3860,-1413.4823,-1444.6065,31.124217,0.27277523,-0.10991509
3861,-1315.2775,-1350.7562,35.478771,0.32242089,1.1750172
3862,-1456.8641,-1344.8599,-112.00417,-1.0099884,-0.11445445
3863,-1331.486,-1423.9693,92.483256,0.82125118,-0.62176571
3864,-1533.1397,-1257.3973,-275.74235,-2.4527905,0.73535473
3865,-1281.9069,-1500.1305,218.22363,2.0128067,1.8119936
3866,-1429.6909,-1358.618,-71.072833,-0.64464774,1.7248673
3867,-1434.9348,-1401.3666,-33.56822,-0.30184314,0.74775696
3868,-1273.3259,-1337.4894,64.163559,0.56272271,1.2753429
3869,-1545.0577,-1535.0173,-10.040454,-0.089563007,0.5685205
3870,-1353.892,-1381.7121,27.8201,0.24474868,-0.75968079
3871,-1297.162,-1200.8906,-96.271416,-0.84341743,-1.0734553
3872,-1638.0186,-1744.8292,106.81055,0.95176384,-0.68423096
3873,-1458.2942,-1422.9866,-35.307663,-0.30211823,1.0887939
3874,-1320.5214,-1096.2303,-224.29109,-1.9458678,0.38263
3875,-732.24581,-990.58733,258.34152,2.069297,-1.2400077
3876,45.288641,245.19002,-199.90138,-1.7519471,-0.33436725
3877,1464.4916,1463.2783,1.2133092,0.010643055,1.1526435
3878,-1076.4395,-1179.762,103.32252,0.80969224,0.81523195
3879,-390.43575,-185.73512,-204.70063,-1.6583341,0.037074748
3880,-65.310987,-229.95777,164.64679,1.3942433,-0.2022
3881,995.87337,1141.4357,-145.56233,-1.214767,-0.65971368
3882,299.85847,258.94818,40.910296,0.35653209,-1.8216569
3883,660.26071,682.99424,-22.733534,-0.19906681,-1.177262
3884,127.76164,121.3666,6.395036,0.056564362,0.7468404
3885,462.42086,512,-49.579143,-0.43774721,0.99727828
3886,716.51397,726.72553,-10.211561,-0.091034769,0.05228132
3887,789.45251,839.2476,-49.795087,-0.43501516,1.2972667
3888,689.8175,695.76967,-5.952169,-0.051870008,-0.27012829
3889,416.17877,576.36852,-160.18975,-1.4352785,-0.46886907
3890,313.68343,217.18234,96.501085,0.84921651,1.5100639
3891,-92.960894,28.007678,-120.96857,-1.0724853,1.6670905
3892,-137.77281,-124.80614,-12.96667,-0.11424346,1.5200348
3893,-243.60521,-190.15739,-53.447825,-0.4510132,0.74573199
3894,-713.17691,-708.54511,-4.6318032,-0.040659527,1.0299546
3895,-802.32402,-826.96353,24.639509,0.20839066,1.5008513
3896,-903.3892,-791.58541,-111.80379,-0.95197346,0.088732435
3897,-1247.1061,-1426.9175,179.81132,1.5890345,-0.31777681
3898,-1742.8976,-1627.8848,-115.01274,-1.0403981,-1.8047764
3899,-1688.0745,-1619.5317,-68.542818,-0.6338387,-1.8024307
3900,-1617.9963,-1823.4472,205.45094,1.8916429,-0.32602862
3901,-1767.6872,-1576.2917,-191.3954,-1.7312262,0.013916654
3902,-1871.1359,-1945.7965,74.660605,0.6816049,-0.3866673
3903,-2088.9981,-2100.5758,11.577678,0.10581181,0.59122264
3904,-2210.5624,-2111.8772,-98.685224,-0.88876646,0.49022403
3905,-2156.216,-2165.9271,9.7110484,0.083962051,0.24435356
3906,-2222.0037,-2204.2534,-17.750365,-0.15376648,-1.1865659
3907,-2170.9944,-2108.929,-62.065431,-0.56594867,-0.3756424
3908,-2236.3054,-2223.9079,-12.397531,-0.11456782,-0.71278271
3909,-2402.6816,-2419.4702,16.788685,0.14985302,-0.17276668
3910,-2336.4171,-2268.1305,-68.286614,-0.61648648,0.10490691
3911,-2065.162,-2192.4607,127.29864,1.1658975,0.52121458
3912,-2096.149,-2038.1727,-57.976231,-0.5235287,-0.35257703
3913,-2073.2663,-2111.8772,38.610865,0.32530114,-1.0108376
3914,-2058.4879,-1952.1843,-106.30363,-0.91620444,-0.34995626
3915,-1768.1639,-1883.8848,115.72096,1.0277031,0.4977811
3916,-1834.4283,-1775.785,-58.643277,-0.53949215,0.15987499
3917,-1708.5736,-1686.8484,-21.725188,-0.20056251,-0.74582309
3918,-1472.1192,-1472.1228,0.0036600578,3.3361177e-05,-0.053349629
3919,-1397.2737,-1400.3839,3.1101341,0.027778027,0.55921944
3920,-1454.0037,-1367.4626,-86.541152,-0.74565007,-0.48025842
3921,-1236.6182,-1241.1823,4.5640921,0.038658183,0.087069031
3922,-1139.3669,-1148.8061,9.4392891,0.084094584,1.1465248
3923,-1310.987,-1227.4242,-83.56278,-0.76075596,-0.41557961
3924,-1125.5419,-1014.1727,-111.36915,-1.0244785,-0.57496527
3925,-1063.0912,-1269.6814,206.59013,1.8308698,-1.1634504
3926,-1130.3091,-1088.3685,-41.940603,-0.37107603,0.89404888
3927,-1006.3613,-1011.2246,4.8633018,0.044064783,0.94922131
3928,-1178.9348,-1262.8023,83.86748,0.76380101,-0.24501646
3929,-1032.1043,-938.99424,-93.110041,-0.81726745,-1.2727192
3930,-1186.5624,-1191.0633,4.5009561,0.03963623,1.0369586
3931,-1199.4339,-1189.0979,-10.336003,-0.089903326,0.73361348
3932,-1232.3277,-1110.9712,-121.35654,-1.0666271,-1.2195811
3933,-1252.8268,-1354.6871,101.86032,0.92328644,-0.64233004
3934,-1589.3929,-1530.595,-58.797914,-0.5253767,-0.086975098
3935,-764.18622,-620.09981,-144.08641,-1.243721,-0.09025284
3936,-1627.054,-1883.8848,256.83083,2.1745437,0.59077167
3937,-411.41155,-164.60653,-246.80502,-2.1433695,0.7911034
3938,-1019.2328,-1164.0384,144.80561,1.303738,0.14962803
3939,-1036.8715,-822.0499,-214.8216,-1.8056766,-0.049113909
3940,-2251.0838,-2413.5739,162.4901,1.4420713,-0.24688901
3941,-461.46741,-507.57774,46.110324,0.3914463,-0.49201568
3942,896.23836,1028.4223,-132.1839,-1.1776269,-0.32514922
3943,72.461825,-58.963532,131.42536,1.0959966,0.37146221
3944,-1525.5121,-1493.7428,-31.769302,-0.28106617,-0.27671921
3945,-1506.4432,-1487.3551,-19.088117,-0.16002947,-0.34762803
3946,-768,-679.5547,-88.445298,-0.7435958,-0.26146245
3947,-366.12291,-390.14203,24.01913,0.21421363,-1.1904302
3948,-521.05773,-448.6142,-72.443525,-0.67031114,-0.21690259
3949,-665.98138,-455.98464,-209.99673,-1.9481831,0.19839427
3950,-838.55493,-1042.6718,204.11685,1.8865691,0.50070666
3951,-1405.8547,-1321.2745,-84.580276,-0.7595931,1.032866
3952,-913.87709,-895.75432,-18.122776,-0.16288873,0.89485241
3953,-872.87896,-939.97697,67.09801,0.6118276,0.25058563
3954,-1105.9963,-954.71785,-151.27843,-1.3930953,-0.25963455
3955,-1063.568,-1130.6257,67.05775,0.59407518,0.029078529
3956,-1565.0801,-1604.2994,39.21935,0.34391233,-0.5223877
3957,-1484.9907,-1369.428,-115.56267,-1.0318692,-0.53788648
3958,-1160.3426,-1289.8273,129.48461,1.1780373,0.37543237
3959,-1790.0931,-1670.142,-119.95108,-1.0780263,-0.41294515
3960,-1462.5847,-1504.5528,41.968053,0.3738207,0.68358753
3961,-1443.5158,-1427.9002,-15.615637,-0.13901808,0.017082939
3962,-1616.0894,-1589.5585,-26.530844,-0.23324017,0.064958781
3963,-1817.743,-1837.2054,19.462358,0.17402271,0.35410402
3964,-2175.7616,-1986.0883,-189.67335,-1.7318744,-0.51188326
3965,-1737.1769,-1908.453,171.27607,1.6112282,-0.15723303
3966,-1866.3687,-1822.4645,-43.904224,-0.39805324,-0.092824577
3967,-1897.3557,-1869.144,-28.211726,-0.25023771,0.37602777
3968,-1878.7635,-1904.0307,25.267209,0.21748928,-0.49169334
3969,-2082.324,-2089.2745,6.9504498,0.062647857,-0.60553729
3970,-2144.298,-2184.5988,40.300897,0.35243687,-0.35288348
3971,-1998.4209,-1896.6603,-101.76059,-0.86566081,-1.4570342
3972,-1795.8138,-1961.5202,165.70637,1.4644936,-1.4499445
3973,-2023.2104,-1879.9539,-143.25649,-1.2815497,0.28512635
3974,-1974.5847,-1852.929,-121.65575,-1.1188392,0.22417523
3975,-1879.7169,-2108.929,229.21204,2.1297244,1.2045046
3976,-1970.2942,-1742.8637,-227.4305,-2.0537133,1.4920854
3977,-1686.1676,-1810.6718,124.50419,1.1146503,0.66374808
3978,-1887.8212,-1841.1363,-46.684953,-0.41582823,0.84555693
3979,-1771.0242,-1660.8061,-110.21807,-0.96286849,-0.5645943
3980,-1771.9777,-1869.144,97.1663,0.84901159,0.86660875
3981,-1742.8976,-1702.0806,-40.816965,-0.36044473,-0.31341881
3982,-1760.5363,-1740.8983,-19.63804,-0.17466023,-0.67832885
3983,-1587.9628,-1592.9981,5.0353246,0.045894126,0.71908297
3984,-1747.6648,-1813.62,65.955157,0.58424401,1.2534991
3985,-1673.2961,-1600.8599,-72.436205,-0.63363954,1.6593467
3986,-1494.5251,-1578.7486,84.223421,0.76607494,0.45074453
3987,-1622.2868,-1611.1785,-11.108276,-0.098575825,-0.23715611
3988,-1608.4618,-1553.6891,-54.772765,-0.48810408,-0.77700806
3989,-1653.7505,-1616.0921,-37.658335,-0.33835682,0.46045031
3990,-1540.7672,-1620.5144,79.74717,0.75358415,0.82711107
3991,-1658.5177,-1570.3954,-88.122297,-0.80904631,0.62158351
3992,-1601.311,-1641.1516,39.840645,0.34878532,-0.73178673
3993,-1601.311,-1495.2169,-106.0941,-0.93687402,-0.10732801
3994,-1751.9553,-1841.1363,89.180969,0.79735401,1.0528415
3995,-1656.6108,-1581.2054,-75.405426,-0.65361103,0.97893897
3996,-1513.1173,-1444.6065,-68.510793,-0.60129594,0.32681535
3997,-1856.8343,-2009.6737,152.83944,1.3121333,-0.11898233
3998,-1820.6034,-1573.8349,-246.76842,-2.0554495,0.74690442
3999,-1427.784,-1482.9328,55.148836,0.47428654,1.5464705
4000,-968.70019,-1118.3417,149.64146,1.2042107,1.0939595
4001,-32.893855,72.721689,-105.61554,-0.93710911,1.4563336
4002,1256.1639,1238.7255,17.438346,0.14910461,1.1469612
4003,-1482.1304,-1457.8733,-24.257033,-0.190803,1.5829909
4004,-573.97393,-538.53359,-35.44034,-0.27610933,-0.55851178
4005,-296.04469,-312.01536,15.970662,0.13441841,0.45486103
4006,836.64804,852.5144,-15.866351,-0.13296768,-0.62221118
4007,40.044693,64.368522,-24.323829,-0.21281356,-1.5533031
4008,395.6797,482.02687,-86.347169,-0.77255205,0.57346903
4009,-52.439479,-101.22073,48.781251,0.42982706,2.5720213
4010,121.56425,257.47409,-135.90984,-1.1838758,2.3039581
4011,555.85847,433.87332,121.98515,1.0738268,1.5274022
4012,520.10428,599.95393,-79.849652,-0.68649886,0.016968516
4013,416.65549,475.63916,-58.983662,-0.52908754,0.181662
4014,235.02421,254.03455,-19.01034,-0.1703875,0.52969685
4015,64.357542,-0.49136276,64.848905,0.59386764,0.90303869
4016,-157.31844,-203.42418,46.105749,0.42400986,1.1990492
4017,-364.21601,-349.35893,-14.85709,-0.13448503,-0.065179574
4018,-443.35196,-359.18618,-84.165775,-0.73921911,-0.58680454
4019,-867.63501,-1033.3359,165.70088,1.4633306,0.18624424
4020,-1049.2663,-889.3666,-159.89969,-1.4071602,-0.13126038
4021,-1054.5102,-1035.3013,-19.208899,-0.16255523,0.74060568
4022,-1512.1639,-1640.6603,128.4964,1.1347661,-0.47824947
4023,-1996.0372,-1821.9731,-174.06412,-1.5621959,-1.3960978
4024,-1890.6816,-1882.4107,-8.2708157,-0.074906596,-1.4650414
4025,-1899.7393,-2020.975,121.23576,1.1062516,-0.75120106
4026,-1836.8119,-1785.1209,-51.690997,-0.46806762,0.19060386
4027,-2188.1564,-2180.6679,-7.4884783,-0.066588562,0.31060535
4028,-2285.4078,-2262.2342,-23.173656,-0.20638691,-0.35727253
4029,-2383.6127,-2397.3589,13.746262,0.11977048,-0.78278274
4030,-2323.0689,-2346.2572,23.188296,0.19902124,0.45071315
4031,-2316.8715,-2386.0576,69.186073,0.60156747,-0.60955362
4032,-2381.2291,-2339.8695,-41.359569,-0.36263111,-1.7635448
4033,-2333.5568,-2351.1708,17.614028,0.15964267,-0.2020262
4034,-2609.1024,-2676.453,67.350554,0.61002938,0.81117104
4035,-2494.689,-2379.1785,-115.51051,-1.0357025,2.4339162
4036,-2203.8883,-2372.2994,168.41116,1.538657,0.48371195
4037,-2360.2533,-2272.5528,-87.700476,-0.79594142,0.31110374
4038,-2256.8045,-2243.5624,-13.242089,-0.11871065,1.1656175
4039,-2272.0596,-2218.9942,-53.065348,-0.46912226,1.1379705
4040,-1990.7933,-2064.215,73.421675,0.66649414,1.8709184
4041,-1987.933,-1969.8733,-18.05964,-0.16944263,1.2877383
4042,-1982.689,-1911.8925,-70.796499,-0.64422027,0.56739582
4043,-1607.0317,-1654.9098,47.878132,0.42609411,-0.52246405
4044,-1631.3445,-1705.5202,74.175647,0.67387708,-0.8321814
4045,-1597.9739,-1564.0077,-33.966252,-0.30063484,-1.4543163
4046,-1378.6816,-1359.6008,-19.080796,-0.16542387,-0.36009506
4047,-1349.6015,-1452.4683,102.86684,0.92705741,-0.25011691
4048,-1472.1192,-1314.8868,-157.23242,-1.4328754,0.97743076
4049,-1322.4283,-1312.9213,-9.5070002,-0.086852574,-0.072275441
4050,-1237.5717,-1361.0749,123.50316,1.118502,-0.49608887
4051,-1383.4488,-1255.4319,-128.01693,-1.1666427,-0.52655009
4052,-1211.352,-1249.5355,38.183553,0.35738742,-0.032641732
4053,-1397.2737,-1406.7716,9.4978501,0.085742694,-0.75209711
4054,-1287.1508,-1209.2438,-77.907076,-0.66089824,-1.4795591
4055,-1347.6946,-1406.7716,59.076993,0.49840795,0.88972612
4056,-1374.3911,-1365.9885,-8.4025778,-0.073385344,0.52295559
4057,-1457.8175,-1396.453,-61.36453,-0.53753042,-0.52842534
4058,-1456.3873,-1464.7524,8.3650622,0.075280158,-0.78238926
4059,-1781.5121,-1790.0345,8.5224447,0.074172314,1.0155556
4060,-858.57728,-849.56622,-9.0110624,-0.075918309,0.7022908
4061,-1849.2067,-1985.5969,136.39023,1.1229866,0.3340627
4062,-547.27747,-446.15739,-101.12008,-0.87004988,0.30927053
4063,-1199.9106,-1251.0096,51.098982,0.45271796,-0.12933331
4064,-1223.27,-1102.618,-120.65198,-1.0312746,1.7239232
4065,-2410.3091,-2510.8637,100.5546,0.87894728,0.72447378
4066,-672.65549,-633.85797,-38.797528,-0.33874025,-0.011498321
4067,690.29423,763.57774,-73.283508,-0.62535186,0.24080972
4068,-175.43389,-132.17658,-43.257308,-0.36117043,0.1192555
4069,-1739.5605,-1792,52.439479,0.46812343,1.9051428
4070,-1682.3538,-1672.5988,-9.7549691,-0.083562174,0.53358361
4071,-960.11918,-855.46257,-104.65661,-0.9208176,-0.49474662
4072,-537.74302,-670.71017,132.96716,1.2155376,0.47235873
4073,-711.27002,-575.87716,-135.39286,-1.2701226,-1.1718957
4074,-804.23091,-781.26679,-22.964118,-0.21188867,0.22944426
4075,-970.13035,-1183.2015,213.07118,1.9015989,-0.13865223
4076,-1553.162,-1475.5624,-77.599631,-0.71537929,0.92316226
4077,-1125.5419,-1157.1593,31.61741,0.29637631,0.28840309
4078,-1014.4655,-998.9405,-15.52505,-0.14212955,0.41133345
4079,-1255.6872,-1252.975,-2.7121029,-0.023218851,-1.1235618
4080,-1236.6182,-1206.2956,-30.322664,-0.25291566,-0.62715122
4081,-1732.4097,-1785.6123,53.202601,0.44825503,-1.7969546
4082,-1655.6574,-1580.714,-74.943344,-0.66862363,-1.8382359
4083,-1402.5177,-1363.5317,-38.986021,-0.350748,-1.6159269
4084,-1977.4451,-2021.4664,44.021346,0.38909135,0.81378226
4085,-1675.6797,-1587.1017,-88.577975,-0.78486419,2.2843741
4086,-1566.987,-1674.5643,107.57733,0.97119657,1.873997
4087,-1856.3575,-1764.975,-91.382494,-0.79875656,-0.23476186
4088,-1996.9907,-2017.0441,20.053457,0.186442,-1.0105817
4089,-2304.9534,-2246.0192,-58.934251,-0.53837185,1.7135965
4090,-1895.9255,-1986.0883,90.16278,0.85244795,0.9186237
4091,-2009.8622,-2062.7409,52.878686,0.48348074,1.7734975
4092,-2062.3017,-1981.1747,-81.127012,-0.72534256,0.62427193
4093,-2026.0708,-2061.2668,35.196031,0.30124796,0.3767541
4094,-2199.5978,-2278.4491,78.851371,0.70124722,0.70064053
4095,-2347.8585,-2195.4088,-152.44964,-1.3693314,1.1289002
4096,-2103.7765,-2190.9866,87.210028,0.76511249,0.63175941
4097,-2076.1266,-2043.5777,-32.548894,-0.29173123,0.34174367
4098,-2161.46,-2098.119,-63.340961,-0.58411522,-0.76828135
4099,-2181.0056,-2099.1017,-81.903859,-0.75066623,-0.99110884
4100,-2053.7207,-2258.3033,204.58259,1.7824906,-1.7602562
4101,-2098.0559,-2033.7505,-64.305386,-0.5817695,0.21835574
4102,-1949.3184,-1874.5489,-74.769491,-0.68180545,-0.067194017
4103,-2058.0112,-2134.9712,76.960036,0.68802753,-1.9884386
4104,-1913.0875,-1869.144,-43.943569,-0.38062833,-2.376749
4105,-1950.2719,-1932.0384,-18.233493,-0.15978619,-1.711829
4106,-1875.4264,-1962.5029,87.076436,0.7461305,-2.0134344
4107,-1986.5028,-1830.3263,-156.1765,-1.3562725,-2.2424047
4108,-1721.9218,-1828.3608,106.43906,0.94192921,-0.51261305
4109,-1933.5866,-1934.0038,0.41724659,0.0037681964,-0.19232224
4110,-1823.4637,-1727.1401,-96.323572,-0.86280653,0.79836136
4111,-1607.0317,-1823.9386,216.90692,1.9987737,0.51365572
4112,-1903.5531,-1647.048,-256.50509,-2.2731326,-0.48179144
4113,-1730.9795,-1845.5585,114.57903,0.9961259,-0.50390003
4114,-1925.0056,-1731.5624,-193.44321,-1.7055945,1.4916532
4115,-1689.9814,-1813.62,123.63858,1.1627975,2.2870777
4116,-1818.2197,-1841.6276,23.4079,0.21867592,1.5313098
4117,-1867.7989,-1711.9079,-155.89101,-1.4323803,1.8105751
4118,-1655.1806,-1815.5854,160.40478,1.4147848,1.3185934
4119,-1956.4693,-1942.357,-14.112268,-0.12529917,1.0953996
4120,-1716.6778,-1744.3378,27.659972,0.24409355,-0.19471973
4121,-1671.8659,-1678.4952,6.6292797,0.057859164,-0.14539131
4122,-2058.0112,-2056.8445,-1.1666434,-0.010402088,0.27026301
4123,-1859.6946,-1865.2131,5.5184522,0.047378751,1.1298827
4124,-1644.216,-1531.0864,-113.12964,-0.98504969,-0.62022817
4125,-1126.0186,-1282.4568,156.43819,1.2868311,-1.4062941
4126,-224.53631,-290.39539,65.859081,0.58571218,-0.11085277
4127,846.1825,1075.1017,-228.91923,-1.9897971,1.368098
4128,-1656.1341,-1823.4472,167.31314,1.2937816,1.531744
4129,-1015.419,-809.76583,-205.65316,-1.5911551,-0.20887851
4130,-642.62197,-732.62188,89.999907,0.75107156,-0.99095123
4131,447.64246,469.25144,-21.608981,-0.17992967,-0.93192621
4132,-389.95903,-222.09597,-167.86306,-1.4366498,-2.1500485
4133,126.33147,-14.24952,140.58099,1.2193148,-1.4519988
4134,-494.83799,-455.49328,-39.344707,-0.33825813,-0.43316223
4135,-61.020484,-93.850288,32.829804,0.28842528,-0.23821616
4136,154.4581,28.49904,125.95906,1.0971244,0.42249916
4137,155.88827,327.73896,-171.8507,-1.483928,1.6924153
4138,115.84358,-40.291747,156.13532,1.3392833,0.1467439
4139,-200.70019,46.1881,-246.88829,-2.1708666,0.92863345
4140,-213.09497,-373.4357,160.34073,1.4222662,1.7651271
4141,-569.68343,-572.43762,2.7541935,0.025556459,1.5272651
4142,-767.52328,-553.27447,-214.24881,-1.9092146,0.75886227
4143,-694.10801,-803.37812,109.27011,0.95112411,0.6764724
4144,-1261.8845,-1201.382,-60.502586,-0.52380122,2.1644298
4145,-1248.0596,-1279.5086,31.449047,0.26993471,1.0567429
4146,-1387.7393,-1277.5432,-110.19611,-0.94997208,-0.45432171
4147,-1774.3613,-1791.0173,16.656008,0.15336143,-0.75640307
4148,-2124.7523,-2171.3321,46.579726,0.43158193,-0.73742318
4149,-2111.4041,-1976.7524,-134.6517,-1.2265603,0.46122127
4150,-1949.7952,-2235.7006,285.90542,2.573449,-0.12211398
4151,-2070.406,-1950.7102,-119.69579,-1.0909747,-0.55968132
4152,-2290.175,-2259.286,-30.889058,-0.28815706,0.035292164
4153,-2394.1006,-2520.1996,126.09906,1.1789202,1.1193307
4154,-2568.1043,-2432.737,-135.36724,-1.2195589,0.027832282
4155,-2439.8659,-2505.9501,66.084174,0.58928498,-1.0266795
4156,-2493.7356,-2499.5624,5.8268121,0.052179798,-2.1158604
4157,-2572.8715,-2436.6679,-136.20356,-1.2238169,-2.5961922
4158,-2472.2831,-2551.6468,79.363779,0.71269937,-1.7367862
4159,-2842.6965,-2750.6488,-92.047709,-0.79700246,-0.84128667
4160,-2565.7207,-2568.3532,2.6324966,0.023590468,-0.077563516
4161,-2440.3426,-2504.476,64.133363,0.59067223,0.85970629
4162,-2498.5028,-2396.3762,-102.12659,-0.90078508,-0.58825623
4163,-2374.0782,-2496.6142,122.53599,1.0725717,-0.35856009
4164,-2386.473,-2298.1036,-88.369351,-0.77083124,0.92495507
4165,-2078.987,-2271.5701,192.58309,1.7601797,0.539252
4166,-2147.1583,-2136.9367,-10.221627,-0.092485642,1.5383877
4167,-2085.1844,-2011.6392,-73.545202,-0.6518446,1.3650886
4168,-1802.0112,-1907.9616,105.95044,0.94764093,1.2621281
4169,-1820.6034,-1785.6123,-34.991068,-0.31187582,1.1698897
4170,-1827.2775,-1779.2246,-48.052899,-0.4163109,-0.090320228
4171,-1578.905,-1584.1536,5.2485229,0.045885333,0.11609899
4172,-1605.6015,-1600.3685,-5.2329677,-0.047703025,0.34158053
4173,-1713.3408,-1649.9962,-63.344621,-0.58721205,0.49566722
4174,-1609.892,-1507.501,-102.39103,-0.93239048,0.67482206
4175,-1454.4804,-1625.428,170.94758,1.519656,-0.7886444
4176,-1625.1471,-1521.2591,-103.888,-0.93289486,0.55020285
4177,-1495.0019,-1448.5374,-46.464434,-0.44050378,0.18046837
4178,-1646.1229,-1727.1401,81.01721,0.7605222,-0.76638623
4179,-1470.2123,-1459.3474,-10.864882,-0.095093333,-1.5021928
4180,-1582.7188,-1608.2303,25.511518,0.22145991,-0.49700014
4181,-1584.149,-1669.1593,85.010333,0.746033,0.57728739
4182,-1690.9348,-1543.3704,-147.56438,-1.2888274,-1.2910725
4183,-1670.4358,-1768.906,98.470196,0.8865659,-0.76365435
4184,-1998.4209,-1969.382,-29.038899,-0.25735625,0.29089529
4185,-1143.6574,-1024,-119.65736,-1.0172563,0.60468716
4186,-2048,-2251.4242,203.42418,1.7867272,0.85698747
4187,-880.50652,-603.39347,-277.11304,-2.4210374,0.056838203
4188,-1408.7151,-1557.1286,148.41352,1.2903543,-0.84807251
4189,-1495.4786,-1325.2054,-170.27321,-1.4109047,-0.10270423
4190,-2608.6257,-2787.9923,179.36662,1.5754453,0.58560885
4191,-902.43575,-894.77159,-7.6641611,-0.065613524,1.248169
4192,475.76909,597.49712,-121.72803,-1.0510237,0.90491794
4193,-384.23836,-496.76775,112.52939,0.91625729,0.26234181
4194,-1909.7505,-1978.2265,68.476022,0.58470633,0.31611167
4195,-1866.3687,-1881.428,15.059308,0.12685662,-0.79333002
4196,-1156.0521,-1142.9098,-13.142353,-0.1127725,-1.135605
4197,-810.90503,-816.64491,5.7398857,0.050928327,-0.92442225
4198,-859.054,-905.58157,46.52757,0.43554498,-0.56265687
4199,-1085.9739,-871.18618,-214.78775,-1.9529463,-1.1190777
4200,-1202.7709,-1421.5125,218.74153,1.8866268,-1.3621863
4201,-1805.3482,-1743.3551,-61.993145,-0.5388619,-0.57036768
4202,-1396.797,-1278.0345,-118.76247,-1.070941,-0.84920971
4203,-1263.3147,-1362.5489,99.234233,0.9185064,-0.7123806
4204,-1504.5363,-1433.7965,-70.739768,-0.63227278,-1.5582649
4205,-1462.5847,-1464.7524,2.1676693,0.018430177,-1.0952352
4206,-1985.0726,-2047.5086,62.436012,0.5348985,0.070482285
4207,-1925.959,-1742.3724,-183.58667,-1.6470282,-0.88622193
4208,-1531.7095,-1711.9079,180.19837,1.6228313,-0.86634622
4209,-2166.7039,-2125.144,-41.559957,-0.35984174,-0.014473071
4210,-1846.8231,-1845.5585,-1.26455,-0.011115706,1.0727403
4211,-1770.5475,-1870.618,100.07056,0.9132653,0.71499505
4212,-2066.1155,-1892.7294,-173.38609,-1.563757,1.1231541
4213,-2130.9497,-2285.3282,154.37849,1.3377667,0.20483425
4214,-2582.8827,-2292.6987,-290.18403,-2.5725515,-0.16108359
4215,-2025.1173,-2253.881,228.76368,2.029582,-0.3096934
4216,-2288.2682,-2175.263,-113.0052,-1.0412826,-0.51953337
4217,-2273.4898,-2158.5566,-114.93314,-1.0147786,-0.30393148
4218,-2238.2123,-2339.3781,101.16583,0.87190629,-0.057362006
4219,-2407.4488,-2367.8772,-39.57163,-0.34727229,0.47580669
4220,-2464.1788,-2511.8464,47.667678,0.41408845,0.35736848
4221,-2381.7058,-2279.4319,-102.27391,-0.87834,-0.1342039
4222,-2152.4022,-2258.7946,106.39239,0.96833028,-0.48304387
4223,-2363.5903,-2286.8023,-76.788013,-0.70862827,-0.59445708
4224,-2280.6406,-2190.0038,-90.636757,-0.82081632,-1.8182713
4225,-2255.3743,-2504.476,249.10171,2.2224861,-1.576843
4226,-2273.9665,-2115.8081,-158.15842,-1.4120768,-0.096174578
4227,-2092.8119,-2107.9463,15.134339,0.14015379,-0.56298034
4228,-2215.3296,-2310.3877,95.058107,0.89953233,0.11228766
4229,-2100.4395,-1953.6583,-146.78113,-1.3346437,-0.48824649
4230,-2073.743,-2203.2706,129.52762,1.1458535,0.27226366
4231,-2160.0298,-2031.2937,-128.73613,-1.0862027,0.16470339
4232,-2111.8808,-2071.5854,-40.295407,-0.35122915,-1.495413
4233,-1986.5028,-2037.6814,51.178589,0.46225183,-0.28086732
4234,-2087.568,-2061.2668,-26.301176,-0.23510025,0.3077562
4235,-1989.3631,-2020.975,31.611919,0.28158934,0.30804448
4236,-1910.7039,-1896.1689,-14.535005,-0.12905348,1.6684547
4237,-1972.6778,-1984.1228,11.445001,0.10215915,0.031017112
4238,-1976.0149,-1976.261,0.24613889,0.0021922741,-1.3747196
4239,-2014.6294,-1909.9271,-104.70236,-0.91516222,0.017922862
4240,-1896.879,-2037.6814,140.80242,1.2585123,0.011133215
4241,-2048.9534,-1900.5912,-148.36227,-1.3337406,1.249861
4242,-2005.5717,-2043.5777,38.006041,0.33643347,0.17254681
4243,-1907.3669,-1899.6084,-7.7584076,-0.069986071,0.83956817
4244,-2150.9721,-2124.6526,-26.319476,-0.23530212,1.586549
4245,-1896.4022,-1993.9501,97.547861,0.83632873,0.24644487
4246,-1942.6443,-1715.3474,-227.29691,-1.9790971,-0.6749011
4247,-2186.7263,-2354.6104,167.88411,1.4871253,0.20522758
4248,-2150.9721,-2014.096,-136.8761,-1.1555466,1.6041308
4249,-1785.8026,-1717.3129,-68.489747,-0.61363084,2.3745226
4250,-1212.7821,-1450.9942,238.21212,1.9672054,1.7735808
4251,-280.78957,-52.084453,-228.70512,-2.0796426,1.3140019
4252,1139.8436,1120.7985,19.045111,0.16481345,1.3660703
4253,-1592.73,-1631.3244,38.594395,0.29510527,2.073726
4254,-762.27933,-686.92514,-75.354186,-0.59594826,0.94729403
4255,-441.92179,-534.60269,92.680899,0.79966129,1.140404
4256,648.34264,818.61036,-170.26772,-1.4302426,2.4019732
4257,-144.92365,-220.13052,75.206868,0.63606375,-0.048333206
4258,289.8473,380.31478,-90.467479,-0.77998725,0.15245336
4259,-120.6108,-171.4856,50.874804,0.44739515,0.57942442
4260,146.83054,170.50288,-23.672339,-0.20775933,0.70547954
4261,364.21601,403.90019,-39.684177,-0.35209154,0.47440926
4262,465.75791,489.88868,-24.130761,-0.21086281,0.69554809
4263,277.92924,316.43762,-38.508383,-0.33831838,-0.15777238
4264,107.26257,212.76008,-105.49751,-0.93838333,-0.48724368
4265,-90.100559,-183.76967,93.669115,0.84320158,-0.24082388
4266,-441.44507,-312.01536,-129.42971,-1.1638416,0.78376967
4267,-587.32216,-621.08253,33.760373,0.29496483,0.94560202
4268,-665.98138,-609.28983,-56.691551,-0.48525645,0.53060501
4269,-1081.2067,-1195.977,114.77026,1.0097476,-0.49234052
4270,-1307.6499,-1237.7428,-69.907105,-0.59085574,0.19539924
4271,-1317.1844,-1202.3647,-114.81967,-0.95809155,-0.12598756
4272,-1838.7188,-1993.9501,155.23129,1.3323084,-0.63338066
4273,-2242.9795,-2083.8695,-159.11003,-1.4830887,0.1193701
4274,-2203.4115,-2169.858,-33.55358,-0.3124378,-0.62204161
4275,-2160.5065,-2332.9904,172.48389,1.5709148,1.0996101
4276,-2236.7821,-2021.4664,-215.31571,-1.9283508,2.0007452
4277,-2501.3631,-2533.4664,32.103282,0.29510757,1.0255905
4278,-2631.5084,-2631.739,0.23058364,0.0021102475,0.39391754
4279,-2724.946,-2647.9539,-76.992062,-0.69003103,-0.42467707
4280,-2739.7244,-2715.2706,-24.453761,-0.21255238,-0.13514201
4281,-2693.959,-2685.7889,-8.1701641,-0.071295333,-0.31560846
4282,-2792.1639,-2764.4069,-27.756964,-0.24738496,-0.51981396
4283,-2671.0764,-2749.666,78.589677,0.72129236,0.16415706
4284,-2936.6108,-2955.547,18.936224,0.16947955,0.41730167
4285,-2829.3482,-2783.5701,-45.778173,-0.40681707,0.39051458
4286,-2553.8026,-2659.2553,105.45267,0.97101546,-0.33252222
4287,-2672.0298,-2611.1017,-60.928068,-0.56562324,0.42796932
4288,-2563.3371,-2559.0173,-4.3197833,-0.03809393,1.2226904
4289,-2572.8715,-2503.9846,-68.886863,-0.63050065,-0.36809677
4290,-2269.1993,-2344.2917,75.092492,0.70855765,-0.11493752
4291,-2302.0931,-2219.4856,-82.607505,-0.77954603,0.67659678
4292,-2236.7821,-2156.0998,-80.682315,-0.71517512,0.85090651
4293,-1937.8771,-1962.9942,25.117147,0.21948037,0.23985266
4294,-1832.0447,-1868.1612,36.116536,0.32492742,0.043236864
4295,-1911.1806,-1869.6353,-41.545316,-0.35543079,0.13282385
4296,-1682.3538,-1586.6104,-95.743453,-0.81343658,-0.070627806
4297,-1596.067,-1691.762,95.694957,0.82851015,-0.00040972907
4298,-1701.4227,-1644.0998,-57.322911,-0.52681154,0.10520137
4299,-1540.7672,-1461.8042,-78.963003,-0.73998298,0.096154886
4300,-1433.9814,-1655.4012,221.41977,2.0016753,0.9353681
4301,-1587.486,-1419.547,-167.93901,-1.4784295,1.6817319
4302,-1394.4134,-1461.3129,66.899452,0.61118125,1.7228761
4303,-1655.6574,-1624.4453,-31.212058,-0.2828782,0.67734728
4304,-1419.203,-1357.6353,-61.567663,-0.53350671,-1.6543438
4305,-1572.2309,-1609.2131,36.982139,0.323745,-0.86420639
4306,-1623.7169,-1576.2917,-47.425199,-0.41564607,-0.1503626
4307,-1685.6909,-1578.2572,-107.43368,-0.94892064,0.71584833
4308,-1704.7598,-1800.8445,96.084753,0.86982479,0.21486514
4309,-1920.7151,-1910.4184,-10.296658,-0.091775148,1.6065474
4310,-1191.3296,-1079.0326,-112.29698,-0.97448955,1.3486837
4311,-2066.1155,-2166.4184,100.30297,0.86965327,1.1511401
4312,-818.53259,-694.29559,-124.237,-1.0806315,0.07463024
4313,-1421.5866,-1551.7236,130.13702,1.1333636,-1.0740982
4314,-1407.2849,-1230.3724,-176.91256,-1.4570579,0.6382491
4315,-2641.5196,-2830.2495,188.72997,1.6584244,-0.22636234
4316,-852.85661,-790.60269,-62.253924,-0.53907955,0.059348411
4317,519.15084,567.52399,-48.373154,-0.41845623,0.26657734
4318,-384.23836,-377.85797,-6.3803958,-0.052427979,0.38599825
4319,-1843.486,-1923.6852,80.199187,0.70524502,0.32135239
4320,-1934.54,-1873.5662,-60.973818,-0.5242443,0.1227298
4321,-1154.622,-1032.3532,-122.26881,-1.0589444,-1.2095335
4322,-753.69832,-854.97121,101.27289,0.88693269,-1.0774146
4323,-934.37616,-879.04798,-55.328179,-0.49270852,-1.2944252
4324,-992.53631,-854.97121,-137.5651,-1.2597976,-0.76442129
4325,-1267.1285,-1448.5374,181.40894,1.6751096,0.28719277
4326,-1790.5698,-1605.2821,-185.28768,-1.6889385,1.1017882
4327,-1352.9385,-1376.7985,23.859917,0.21198342,1.1229356
4328,-1216.5959,-1298.6718,82.075882,0.72324424,-0.14081164
4329,-1440.6555,-1374.833,-65.82248,-0.56751761,-0.66127808
4330,-1454.4804,-1501.1132,46.632797,0.40101473,-0.81352235
4331,-1964.5736,-1939.9002,-24.673365,-0.21595308,-0.68773694
4332,-1846.8231,-1853.9117,7.088617,0.063341131,-0.82123573
4333,-1610.8454,-1555.1631,-55.68229,-0.50326445,0.28117145
4334,-2112.8343,-2185.5816,72.747309,0.65451119,0.55353835
4335,-1919.2849,-1804.2841,-115.00085,-1.0202015,1.9708958
4336,-1836.3352,-1851.4549,15.119699,0.13414789,0.38324296
4337,-2101.3929,-2022.9405,-78.452425,-0.69209481,1.26437
4338,-2225.3408,-2225.8733,0.53253841,0.0048361473,0.57909231
4339,-2549.9888,-2453.3743,-96.614547,-0.85496218,0.49313417
4340,-2201.0279,-2250.4415,49.413526,0.45520412,0.29829153
4341,-2252.514,-2210.1497,-42.364254,-0.39617357,-0.40629394
4342,-2331.6499,-2317.2668,-14.383112,-0.13074192,0.13866644
4343,-2220.0968,-2288.2764,68.179557,0.59478188,-0.18652656
4344,-2440.3426,-2504.476,64.133363,0.57183858,-0.61957422
4345,-2554.7561,-2513.3205,-41.435515,-0.36761673,1.3826784
4346,-2385.5196,-2316.7754,-68.744121,-0.60058953,0.52108872
4347,-2235.352,-2392.9367,157.5847,1.4352047,-0.098523989
4348,-2392.6704,-2213.5893,-179.08114,-1.6348262,-0.18426401
4349,-2350.7188,-2340.8522,-9.8666009,-0.089541881,-2.15535
4350,-2320.2086,-2400.3071,80.098536,0.73835704,-1.1291358
4351,-2351.1955,-2246.5106,-104.68497,-0.96144429,0.25870138
4352,-2173.378,-2185.5816,12.203548,0.11125917,1.0847328
4353,-2252.514,-2271.5701,19.056091,0.17034274,-0.077358326
4354,-2189.5866,-2147.2553,-42.331314,-0.36633633,-0.37547003
4355,-2170.9944,-2141.3589,-29.635488,-0.25983244,0.22140409
4356,-2114.7412,-2159.5393,44.798193,0.39340248,-0.7094649
4357,-2202.9348,-2148.7294,-54.205456,-0.46634239,-0.6293346
4358,-1880.1937,-1963.977,83.783299,0.74634393,-0.92579935
4359,-2151.4488,-2204.7447,53.295932,0.47487745,-0.86513257
4360,-2014.6294,-1926.142,-88.487388,-0.78381523,1.3552144
4361,-1869.7058,-1996.8983,127.1925,1.1225314,1.2918037
4362,-2037.9888,-1939.9002,-98.088635,-0.8680781,0.55134184
4363,-1938.3538,-1907.4702,-30.883568,-0.26724723,-0.33875441
4364,-2055.1508,-2060.2841,5.1332311,0.045572768,-0.59433327
4365,-1947.4115,-1872.5835,-74.828052,-0.68088986,0.62001967
4366,-2029.4078,-2046.0345,16.626728,0.15165792,0.35299034
4367,-2128.5661,-2030.3109,-98.255168,-0.88052375,1.6561674
4368,-1836.3352,-1853.4203,17.08515,0.15129874,0.97842836
4369,-2196.2607,-2315.7927,119.532,1.0723265,0.85486924
4370,-1963.1434,-1818.0422,-145.10116,-1.257688,-0.024038583
4371,-1913.5642,-1944.3225,30.758211,0.26753152,-0.75924315
4372,-2276.3501,-2328.0768,51.726682,0.44349186,0.22362442
4373,-1986.5028,-1979.7006,-6.8022175,-0.05815296,1.0912078
4374,-1882.5773,-1816.5681,-66.009143,-0.55732229,0.10431736
4375,-1261.4078,-1415.6161,154.2083,1.2663203,1.0627661
4376,-558.71881,-493.32821,-65.390593,-0.5886691,0.45975071
4377,641.66853,756.20729,-114.53876,-1.0111948,0.60086022
4378,-2052.2905,-2150.6948,98.404315,0.77476454,0.55926289
4379,-1369.1471,-1286.8791,-82.268035,-0.65679027,-1.3019385
4380,-1038.7784,-995.0096,-43.768802,-0.36998917,-0.55462474
4381,51.009311,60.43762,-9.428309,-0.080106197,-0.5925152
4382,-742.73371,-603.88484,-138.84887,-1.2041752,-0.50729039
4383,-207.3743,-282.04223,74.667925,0.64789946,-0.41829264
4384,-870.49534,-845.63532,-24.860028,-0.21698584,1.0653487
4385,-466.71136,-339.53167,-127.17969,-1.1561912,1.1374792
4386,-281.26629,-456.47601,175.20971,1.560877,0.8674491
4387,-217.38547,-77.635317,-139.75016,-1.217765,1.1206345
4388,-245.03538,-345.91939,100.884,0.89705777,0.2920991
4389,-555.38175,-442.22649,-113.15526,-1.0254875,1.450954
4390,-575.88082,-619.11708,43.236263,0.39795488,2.2702079
4391,-956.3054,-980.76008,24.454676,0.22384012,2.2268892
4392,-1051.1732,-891.33205,-159.84113,-1.4009961,1.5368336
4393,-994.91993,-1096.7217,101.80176,0.88266742,1.1731531
4394,-1517.8845,-1520.7678,2.8832106,0.025689917,1.4759004
4395,-1577.4749,-1472.1228,-105.35202,-0.93001477,0.80463364
4396,-1608.4618,-1593.4894,-14.972382,-0.13074411,0.084150675
4397,-2059.4413,-2072.5681,13.126797,0.11676766,-0.35898888
4398,-2349.7654,-2318.7409,-31.02448,-0.29310313,-0.74059194
4399,-2377.892,-2258.7946,-119.09737,-1.0868905,-0.94794398
4400,-2210.5624,-2337.904,127.34165,1.12246,-1.0458537
4401,-2263.4786,-2219.4856,-43.99298,-0.39098335,-0.30820282
4402,-2478.4804,-2457.7965,-20.683902,-0.19018612,-1.1519223
4403,-2562.8603,-2683.8234,120.96308,1.1305101,-1.1764572
4404,-2725.8994,-2670.5566,-55.342819,-0.47967408,-2.2582667
4405,-2629.6015,-2604.2226,-25.378841,-0.21941118,-1.9551755
4406,-2696.8194,-2768.8292,72.009808,0.62849504,-2.6506371
4407,-2702.54,-2551.6468,-150.8932,-1.3348709,-1.9337043
4408,-2645.3333,-2760.476,115.14267,1.0217502,-1.2944782
4409,-2907.5307,-2930.4875,22.956798,0.20648457,-0.30633982
4410,-2842.6965,-2657.2898,-185.40663,-1.6688143,1.7298756
4411,-2567.6276,-2766.8637,199.23616,1.774588,0.57218073
4412,-2731.1434,-2565.405,-165.7384,-1.4321728,0.27047093
4413,-2523.7691,-2619.4549,95.685807,0.85800043,1.2081142
4414,-2676.797,-2555.0864,-121.71065,-1.0781301,1.7046744
4415,-2346.4283,-2376.2303,29.802021,0.27471808,1.6134913
4416,-2377.4153,-2450.9175,73.502196,0.66600243,1.2784204
4417,-2333.0801,-2252.4069,-80.673165,-0.71589594,0.32568377
4418,-1992.7002,-2119.2476,126.54741,1.0805324,0.19511806
4419,-2048,-2071.094,23.09405,0.20660539,0.061102173
4420,-2027.0242,-1930.0729,-96.951272,-0.85878524,1.0737467
4421,-1883.5307,-1929.0902,45.559485,0.39978084,1.4294703
4422,-1828.2309,-1774.3109,-53.919972,-0.48383073,-0.5618002
4423,-1928.3426,-1972.8215,44.478853,0.40627323,-0.34458687
4424,-1831.568,-1706.9942,-124.57373,-1.1446823,-1.0229626
4425,-1780.5587,-1856.8599,76.301226,0.6864797,-0.72917086
4426,-1874.9497,-1831.8004,-43.149337,-0.38132105,0.83164414
4427,-1789.6164,-1747.7774,-41.839036,-0.37497862,0.16797681
4428,-1890.6816,-1941.8656,51.184079,0.46567247,-0.81286803
4429,-1792,-1712.8906,-79.109405,-0.68972495,-1.1484674
4430,-1862.0782,-1858.334,-3.7442392,-0.031770049,-1.4977591
4431,-1883.054,-1954.6411,71.587071,0.61791886,-1.8324468
4432,-1948.365,-1877.9885,-70.376507,-0.59406676,-1.9461779
4433,-1914.9944,-2013.6046,98.610193,0.85683148,-1.2939655
4434,-2224.3873,-2276.4837,52.096348,0.46619564,-0.25465302
4435,-1433.0279,-1255.9232,-177.10471,-1.5203858,1.3840671
4436,-2317.825,-2558.0345,240.2096,1.9687245,2.2746174
4437,-1116.4842,-861.35893,-255.12525,-2.1536203,2.2304343
4438,-1651.3669,-1781.19,129.82317,1.0985529,0.089315379
4439,-1749.095,-1566.4645,-182.63048,-1.518218,0.58289571
4440,-2936.6108,-3000.7524,64.141598,0.5578029,1.4299282
4441,-1146.041,-1173.3743,27.333312,0.23490421,1.3947017
4442,204.03724,318.40307,-114.36583,-0.96090241,0.48699005
4443,-619.73929,-717.881,98.141706,0.77824343,0.040862921
4444,-2239.1657,-2237.666,-1.4997087,-0.013228012,0.61665244
4445,-2182.4358,-2123.1785,-59.257251,-0.52360901,-0.076858915
4446,-1407.2849,-1406.7716,-0.51332311,-0.0045391795,0.26448801
4447,-1008.7449,-1109.9885,101.2436,0.89344964,-0.35550854
4448,-1160.8194,-1144.8752,-15.944127,-0.14242228,-1.3798067
4449,-1292.3948,-1176.3225,-116.07233,-1.0540535,-2.0865817
4450,-1510.257,-1667.6852,157.42824,1.3976819,-1.5043951
4451,-2021.7803,-2009.1823,-12.597919,-0.11157669,-1.3590524
4452,-1645.1695,-1544.8445,-100.32493,-0.91012055,0.094691146
4453,-1480.2235,-1591.0326,110.80917,1.0225443,-1.2283863
4454,-1761.013,-1677.0211,-83.991922,-0.73839679,-1.9216572
4455,-1772.9311,-1703.5547,-69.376396,-0.58129774,-1.674677
4456,-2240.1192,-2325.62,85.500781,0.72817511,-1.648122
4457,-2154.3091,-2030.8023,-123.50682,-1.077518,-1.2364488
4458,-1800.581,-1891.7466,91.165635,0.79149193,-1.7625871
4459,-2418.8901,-2421.9271,3.036933,0.025667308,-0.62677801
4460,-2133.8101,-2066.6718,-67.138271,-0.5951915,-0.24309998
4461,-2023.2104,-2164.453,141.24255,1.2395925,0.036378333
4462,-2305.4302,-2190.9866,-114.4436,-0.96912925,0.057344278
4463,-2369.7877,-2516.2687,146.481,1.2703894,-0.52140377
4464,-2752.5959,-2615.0326,-137.56327,-1.2316997,1.0360612
4465,-2359.7765,-2421.9271,62.150527,0.56828107,0.59995252
4466,-2386.9497,-2464.6756,77.725903,0.72104461,0.38652259
4467,-2530.4432,-2333.9731,-196.47007,-1.7423792,0.53055125
4468,-2361.6834,-2519.2169,157.53346,1.3352209,0.49432176
4469,-2671.0764,-2616.0154,-55.060995,-0.47484761,0.61295527
4470,-2707.3073,-2662.2035,-45.103808,-0.39979995,-0.70352934
4471,-2582.8827,-2541.3282,-41.554467,-0.36751959,0.50970924
4472,-2429.8547,-2499.5624,69.707631,0.63310015,0.24152569
4473,-2530.9199,-2468.6065,-62.3134,-0.57417892,-0.65092216
4474,-2570.4879,-2422.4184,-148.06947,-1.3624975,-0.5294972
4475,-2463.702,-2676.453,212.75093,1.9158244,-0.83478376
4476,-2498.0261,-2419.9616,-78.064458,-0.70922225,-0.67046028
4477,-2343.568,-2340.3608,-3.2071257,-0.029063561,-0.83892129
4478,-2400.7747,-2528.0614,127.28675,1.1855411,-0.83012791
4479,-2336.8939,-2214.572,-122.32188,-1.103378,-0.20815068
4480,-2349.7654,-2395.8848,46.119474,0.40288258,0.013652365
4481,-2301.6164,-2330.5336,28.917202,0.24872138,-0.57358269
4482,-2389.8101,-2265.1823,-124.62771,-1.0886606,-1.2372805
4483,-2052.7672,-2223.4165,170.64928,1.49721,-1.3041713
4484,-2404.1117,-2292.6987,-111.41308,-0.9794924,-1.5718993
4485,-2256.3277,-2208.6756,-47.652123,-0.42278666,-0.73126641
4486,-2089.9516,-2216.0461,126.09448,1.1557428,0.36158408
4487,-2276.8268,-2176.2457,-100.58113,-0.90090748,-0.93497846
4488,-2119.9851,-2212.1152,92.130061,0.814908,-1.0539182
4489,-2366.4507,-2174.7716,-191.67906,-1.6395188,0.29106713
4490,-2094.7188,-2266.6564,171.93762,1.5583495,0.811162
4491,-2250.1304,-2205.2361,-44.894269,-0.40547672,0.77961376
4492,-2276.3501,-2227.8388,-48.511322,-0.44248094,0.50479327
4493,-2037.5121,-2156.0998,118.5877,1.038182,0.49276546
4494,-2422.7039,-2374.2649,-48.439035,-0.43081655,0.31307562
4495,-2129.5196,-2162.4875,32.967971,0.2881265,-0.80758525
4496,-2097.5791,-2053.405,-44.174153,-0.38810036,0.09692072
4497,-2458.4581,-2493.1747,34.716564,0.3087364,-0.41351536
4498,-2210.0857,-2235.7006,25.614915,0.22030645,1.0384336
4499,-2137.6238,-1888.7985,-248.82537,-2.1556002,0.54759734
4500,-1400.1341,-1654.4184,254.28435,2.0220528,-0.078369106
4501,-513.90689,-396.03839,-117.8685,-1.0260863,0.53914691
4502,1162.2495,1201.8733,-39.623786,-0.34829588,0.6900769
4503,-881.45996,-991.57006,110.11009,0.9217826,0.2442703
4504,240.74488,457.45873,-216.71385,-1.7251676,0.62262407
4505,828.06704,645.65067,182.41637,1.5598014,-0.7055876
4506,2159.5531,2244.5451,-84.992033,-0.70003258,-0.69528334
4507,1536.4767,1576.2917,-39.815024,-0.35066508,-1.1601068
4508,1761.4898,1679.9693,81.520468,0.71506026,-0.043902052
4509,1108.8566,1226.9328,-118.07621,-1.0518351,0.92622197
4510,1667.5754,1675.0557,-7.4802432,-0.066524869,0.96518889
4511,1918.8082,1937.4434,-18.635184,-0.1661245,0.83069235
4512,2088.0447,2181.6507,-93.605979,-0.82359285,0.34983135
4513,2111.4041,2017.5355,93.868588,0.83003289,-1.0154437
4514,1817.2663,2108.929,-291.66269,-2.5979253,-0.43774905
4515,1765.3035,1590.0499,175.25363,1.5569657,0.77718847
4516,1106.473,1225.9501,-119.4771,-1.049031,0.85710229
4517,1001.1173,1065.7658,-64.648516,-0.56615352,1.1849016
4518,737.48976,705.10557,32.384192,0.27304325,0.77724796
4519,16.685289,71.247601,-54.562312,-0.47882583,1.099901
4520,-264.58101,-279.58541,15.004407,0.12873225,0.71708737
4521,-542.03352,-484.48369,-57.549834,-0.48170214,0.067239972
4522,-1037.825,-1120.3071,82.482148,0.73442164,-1.0684187
4523,-1768.1639,-1783.6468,15.48296,0.14288335,-1.7672305
4524,-1911.6574,-1708.9597,-202.69766,-1.8737941,-1.1427932
4525,-1959.3296,-2242.0883,282.75868,2.5936145,-0.2747077
4526,-2264.432,-2099.5931,-164.83894,-1.4797409,1.030563
4527,-2569.5345,-2566.8791,-2.655372,-0.024013062,1.0082628
4528,-2773.5717,-2900.023,126.45134,1.1782644,-0.047791479
4529,-3003.8287,-2822.3877,-181.44096,-1.6412745,-0.37712655
4530,-2923.2626,-3059.7159,136.45336,1.2083792,0.30155611
4531,-3090.5922,-3044.975,-45.617131,-0.3940992,-0.68862765
4532,-3025.2812,-3009.1056,-16.175626,-0.14619553,-1.2298604
4533,-3153.5196,-3246.9251,93.405591,0.84557047,-0.12914086
4534,-3372.8119,-3291.6392,-81.172763,-0.71939717,0.65166845
4535,-3283.1881,-3311.2937,28.105584,0.2473769,0.48753986
4536,-3038.6294,-3153.0749,114.44543,1.0474858,0.67508806
4537,-3042.9199,-2973.2361,-69.683841,-0.62591069,0.31061191
4538,-2938.041,-3046.4491,108.40817,0.95860516,-0.10906107
4539,-2889.892,-2700.0384,-189.8536,-1.695582,1.3716476
4540,-2536.1639,-2728.5374,192.37355,1.7805328,0.54336201
4541,-2478.9572,-2396.3762,-82.58097,-0.75929822,0.93609824
4542,-2279.6872,-2260.2687,-19.418437,-0.17394331,0.6581881
4543,-1965.0503,-2043.0864,78.036093,0.70328805,0.74998902
4544,-1806.3017,-1739.4242,-66.877492,-0.59140601,0.26912473
4545,-1768.1639,-1770.38,2.216165,0.018815645,-0.35791336
4546,-1449.2365,-1414.6334,-34.603102,-0.28865586,-0.34338251
4547,-1228.9907,-1311.4472,82.456528,0.72635071,-0.21208258
4548,-1360.0894,-1323.2399,-36.849462,-0.33505845,-0.21603785
4549,-1138.8901,-942.92514,-195.96499,-1.8367283,0.11914035
4550,-964.40968,-1223.4933,259.0836,2.2971233,-0.41703453
4551,-1047.8361,-922.77927,-125.05686,-1.0997935,1.4845439
4552,-821.86965,-871.67754,49.807897,0.44268442,0.31791472
4553,-1086.4507,-1097.2131,10.7624,0.0989966,-0.28368037
4554,-786.11546,-668.25336,-117.8621,-1.04508,0.070494141
4555,-972.99069,-1084.929,111.93829,0.98945644,0.77752805
4556,-991.58287,-899.19386,-92.38901,-0.81008848,0.13363919
4557,-974.89758,-967.49328,-7.404297,-0.065402968,-1.1915131
4558,-1105.5196,-1130.1344,24.614804,0.2194095,0.37169421
4559,-1291.4413,-1261.8196,-29.621763,-0.26437814,1.17031
4560,-623.07635,-574.40307,-48.673279,-0.42390359,0.70277045
4561,-1455.9106,-1610.1958,154.28516,1.3367415,1.2146883
4562,-166.85289,-36.360845,-130.49204,-1.1309488,1.2330941
4563,-920.07449,-954.22649,34.152,0.30457437,0.49106177
4564,-789.92924,-615.67754,-174.25169,-1.4385098,0.078470423
4565,-2110.9274,-2304.4914,193.56399,1.7272458,0.57315848
4566,-239.31471,-217.6737,-21.641007,-0.18472013,0.90346256
4567,1142.7039,1173.3743,-30.67037,-0.26552291,-0.54308534
4568,195.93296,193.59693,2.3360319,0.019018623,0.11961208
4569,-1227.0838,-1307.025,79.941153,0.70239915,0.9807301
4570,-1310.987,-1325.2054,14.21841,0.11968743,0.27920678
4571,-476.24581,-356.72937,-119.51644,-0.995367,-0.66158172
4572,-93.914339,-283.02495,189.11061,1.6576458,-1.8129918
4573,-300.3352,-137.58157,-162.75362,-1.4795919,-1.400142
4574,-329.89199,-234.38004,-95.511954,-0.90059408,-1.3021315
4575,-672.65549,-851.04031,178.38481,1.6272323,-0.18029504
4576,-1129.8324,-999.43186,-130.40054,-1.1885717,0.42219511
4577,-737.01304,-769.47409,32.461053,0.29829724,1.0885574
4578,-640.23836,-596.5144,-43.723966,-0.40010871,1.0026216
4579,-823.77654,-789.61996,-34.156575,-0.31023553,-0.31230935
4580,-940.09683,-918.84837,-21.248466,-0.18194418,0.37611255
4581,-1308.6034,-1356.1612,47.557876,0.41360684,0.090410496
4582,-1296.2086,-1281.9655,-14.243115,-0.12670126,-1.1617278
4583,-1042.5922,-1023.5086,-19.083542,-0.17103547,-0.090836515
4584,-1586.5326,-1656.3839,69.851289,0.61491721,-0.068193502
4585,-1435.8883,-1383.6775,-52.210725,-0.46072064,1.5890455
4586,-1271.8957,-1345.3512,73.455531,0.66708674,0.33846583
4587,-1667.5754,-1651.4702,-16.105169,-0.14273369,0.12967297
4588,-1787.7095,-1763.9923,-23.717175,-0.2083449,0.33294899
4589,-2192.9236,-2088.2917,-104.6319,-0.93628978,-0.72833911
4590,-1890.6816,-1964.9597,74.278129,0.66338986,0.016628235
4591,-1897.8324,-1911.8925,14.060112,0.12772977,-0.14593455
4592,-2083.2775,-1999.3551,-83.922381,-0.75402112,-0.51646315
4593,-2017.4898,-2068.1459,50.656115,0.4381936,-1.6074817
4594,-2226.7709,-2267.1478,40.376843,0.36090496,-1.7620301
4595,-2365.9739,-2318.7409,-47.233046,-0.40831082,-0.94443017
4596,-2125.2291,-2147.2553,22.026228,0.18648471,-1.0192612
4597,-2078.5102,-2206.2188,127.70857,1.1477858,-0.52187172
4598,-2152.879,-2078.4645,-74.414466,-0.68138442,0.036156093
4599,-2207.2253,-2157.5739,-49.65143,-0.45839631,-1.6831614
4600,-2096.6257,-2299.0864,202.46067,1.8833825,-0.13065319
4601,-2108.067,-1993.4587,-114.60831,-1.03867,0.1848641
4602,-1944.0745,-1990.0192,45.944706,0.41601717,-0.32207328
4603,-2013.1993,-2004.7601,-8.4391783,-0.07748473,-0.41257609
4604,-1967.4339,-1890.2726,-77.161339,-0.69902868,-0.34525109
4605,-1945.0279,-1931.0557,-13.972271,-0.12130763,1.1636487
4606,-1816.7896,-1886.3417,69.552079,0.59603835,-0.2369386
4607,-1965.527,-1822.4645,-143.06251,-1.2792568,-0.25949884
4608,-1598.9274,-1682.4261,83.498729,0.76434543,-0.16702508
4609,-1884.9609,-1882.4107,-2.5501453,-0.023111611,0.62772764
4610,-1684.2607,-1626.4107,-57.849959,-0.51700115,0.84173947
4611,-1470.689,-1661.2975,190.60849,1.6932481,0.24109208
4612,-1695.2253,-1598.4031,-96.822255,-0.87146969,-0.29124195
4613,-1525.9888,-1565.4818,39.492939,0.35538155,-0.57410868
4614,-1754.3389,-1649.9962,-104.34276,-0.94118104,0.32169844
4615,-1469.2588,-1551.2322,81.9734,0.74890977,1.037682
4616,-1643.7393,-1637.7121,-6.0272002,-0.055303324,1.4155086
4617,-1650.8901,-1605.2821,-45.607981,-0.40091436,-0.87100231
4618,-1517.4078,-1473.5969,-43.810892,-0.39449921,-1.2459208
4619,-1819.1732,-1856.3685,37.195338,0.33798249,-0.69059916
4620,-1569.3706,-1510.9405,-58.430078,-0.51091365,-0.76002864
4621,-1527.8957,-1528.6296,0.7338416,0.0063577778,-1.0605403
4622,-1907.8436,-1931.547,23.70345,0.20129196,-0.28360483
4623,-1688.0745,-1629.8503,-58.2242,-0.48263049,-0.036501659
4624,-1511.6872,-1440.1843,-71.50289,-0.62929083,0.47706444
4625,-667.88827,-878.55662,210.66835,1.6899346,0.38685515
4626,802.80074,846.61804,-43.817297,-0.3740373,-0.091801061
4627,3670.2868,3839.5086,-169.22186,-1.3653253,0.56098896
4628,2820.7672,2867.1017,-46.334502,-0.39778044,-0.1821428
4629,4101.7207,4435.0403,-333.31964,-2.6576969,-1.1077956
4630,4617.0577,4615.3704,1.6872867,0.01454072,-0.029089041
4631,5787.4115,5907.1631,-119.7516,-0.99598072,0.16791667
4632,4815.851,4995.1939,-179.34283,-1.5291155,-0.30290543
4633,4798.689,4952.4453,-153.75628,-1.3496606,0.80693467
4634,4476.4246,4573.6046,-97.180026,-0.85567462,1.2488999
4635,5246.8082,5461.0058,-214.19756,-1.8764907,1.9937857
4636,5756.9013,5825.1056,-68.204263,-0.5937852,2.1571598
4637,5970.473,6236.3762,-265.9032,-2.273587,1.3080639
4638,5956.1713,6073.2438,-117.07244,-1.0429955,-0.59701249
4639,5615.7914,5882.595,-266.80358,-2.4141584,0.17170432
4640,5251.5754,5222.2035,29.371964,0.26930692,-0.43752687
4641,4439.2402,4579.0096,-139.76937,-1.2575237,-0.047483524
4642,3984.4469,4081.2591,-96.81219,-0.83378308,-0.98546398
4643,3410.473,3501.9424,-91.46942,-0.77744628,0.67162923
4644,2353.1024,2393.428,-40.325602,-0.35599454,0.72981179
4645,1722.3985,1817.0595,-94.660991,-0.85076315,-0.44839804
4646,1162.7263,1325.2054,-162.47912,-1.3831779,-0.72554582
4647,366.12291,259.43954,106.68337,0.93304371,-0.69581338
4648,-746.07076,-520.84453,-225.22623,-1.9940543,-0.54559336
4649,-1079.7765,-979.77735,-99.999185,-0.88108315,-0.26991141
4650,-1518.838,-1756.1305,237.29253,2.1408705,-0.026914651
4651,-1927.3892,-1738.4415,-188.94774,-1.7132193,1.1786144
4652,-2244.4097,-2328.5681,84.158455,0.73811999,-0.17765929
4653,-2597.6611,-2566.8791,-30.782001,-0.26574139,-1.2088936
4654,-2716.365,-2730.9942,14.629251,0.12541045,-1.6420628
4655,-2781.1993,-2889.2131,108.0138,0.94544686,-1.3226751
4656,-2895.1359,-2877.9117,-17.224232,-0.15229456,-1.7107778
4657,-2986.6667,-3029.2514,42.584773,0.3751314,-1.9843671
4658,-3131.1136,-3128.0154,-3.098239,-0.027537421,-0.021887127
4659,-3311.3147,-3377.6276,66.312928,0.59111758,1.1680298
4660,-3239.8063,-3187.4702,-52.336082,-0.46160157,1.6984971
4661,-2921.8324,-2997.3129,75.480458,0.68089361,-0.24440715
4662,-2819.3371,-2827.3013,7.9642858,0.071061061,0.017268857
4663,-2717.7952,-2674.4875,-43.307634,-0.3765071,1.8885589
4664,-2409.8324,-2387.5317,-22.300732,-0.19524329,1.774013
4665,-2104.2533,-2208.6756,104.42236,0.93327805,1.3009744
4666,-1801.0577,-1686.357,-114.70072,-1.0588178,0.28198374
4667,-1495.0019,-1531.0864,36.08451,0.32027518,0.71557439
4668,-1077.3929,-942.92514,-134.46778,-1.1451967,-0.37798739
4669,-598.28678,-711.49328,113.2065,0.98124255,-0.21751944
4670,-517.24395,-482.02687,-35.217076,-0.30099595,-0.51599814
4671,65.310987,190.15739,-124.8464,-1.0802943,0.37898494
4672,337.99628,162.14971,175.84656,1.5875342,-0.30908252
4673,286.98696,584.72169,-297.73472,-2.651879,0.26620849
4674,702.21229,702.64875,-0.4364619,-0.0039076162,-0.52789627
4675,708.40968,664.81382,43.595864,0.39598254,-0.00083656421
4676,834.74115,1012.2073,-177.46614,-1.6079538,0.21711559
4677,935.32961,861.85029,73.479321,0.68847926,0.73020807
4678,731.29236,954.71785,-223.42549,-2.0506867,-0.067346375
4679,1013.9888,1010.2418,3.7469842,0.032388332,-1.5059984
4680,754.17505,832.85988,-78.684838,-0.66572283,-0.53465565
4681,875.73929,967.00192,-91.262627,-0.77742769,-1.1000834
4682,640.71508,721.32054,-80.605454,-0.70262028,-0.94485437
4683,653.10987,784.21497,-131.1051,-1.1843874,-0.90029107
4684,415.70205,299.23992,116.46213,1.0254763,1.5355848
4685,1057.3706,1311.4472,-254.07664,-2.1471643,0.47225636
4686,331.79888,175.41651,156.38238,1.2823925,1.3010976
4687,1471.1657,1565.9731,-94.807393,-0.80523918,0.92125732
4688,881.93669,1045.62,-163.68328,-1.416249,0.67682438
4689,958.68901,924.25336,34.435654,0.28848289,1.9734748
4690,-471.00186,-369.01344,-101.98843,-0.88381102,2.0130822
4691,1542.6741,1513.8887,28.78544,0.24947658,0.82783686
4692,2733.0503,2879.3858,-146.33552,-1.274338,-0.051502052
4693,1917.378,2088.2917,-170.91372,-1.4179988,0.31824291
4694,405.69088,288.92131,116.76957,1.0176012,1.3397301
4695,377.56425,571.45489,-193.89065,-1.6174341,0.26099817
4696,1313.8473,1369.428,-55.580723,-0.47761813,0.18218334
4697,1528.8492,1524.6987,4.1505056,0.037196255,0.90810815
4698,1542.1974,1725.1747,-182.97727,-1.6689597,-1.0228602
4699,1403.4711,1414.142,-10.670899,-0.096538939,-0.47139364
4700,1131.2626,1100.1612,31.101341,0.27598631,-2.0035642
4701,660.26071,754.24184,-93.981135,-0.8476265,-0.96453596
4702,980.14153,1010.7332,-30.591678,-0.28227543,0.99800649
4703,1165.5866,1255.9232,-90.336632,-0.82466267,1.3801487
4704,818.05587,812.71401,5.3418544,0.045485478,-1.0341643
4705,753.69832,983.21689,-229.51857,-1.9527729,-1.0571129
4706,342.7635,228.97505,113.78845,0.98053399,-2.9902647
4707,132.05214,397.02111,-264.96897,-2.3667632,-2.5131595
4708,546.32402,573.91171,-27.587686,-0.24605844,-0.73629336
4709,-229.78026,-237.81958,8.039317,0.0709849,1.1667792
4710,-10.487896,158.21881,-168.70671,-1.4972379,2.4827246
4711,85.810056,-69.773512,155.58357,1.3747339,2.3776146
4712,-480.05959,-228.97505,-251.08454,-2.1796494,0.4619063
4713,-484.82682,-530.67179,45.844969,0.40962652,-0.13064082
4714,-1080.73,-989.60461,-91.125375,-0.80033918,1.7219301
4715,-666.4581,-686.92514,20.467043,0.18473994,1.1301561
4716,-820.9162,-882.48752,61.571323,0.55206869,1.6779911
4717,-1068.3352,-894.28023,-174.05497,-1.5429876,0.40889483
4718,-936.28305,-977.8119,41.528846,0.36392213,0.1199
4719,-1322.4283,-1378.7639,56.33561,0.50189711,0.62822338
4720,-1373.9143,-1169.4434,-204.47096,-1.8204224,0.41920342
4721,-1191.3296,-1269.6814,78.351773,0.6707422,-0.56173916
4722,-1216.5959,-1137.0134,-79.582467,-0.70789117,0.01865597
4723,-1184.1788,-1115.3935,-68.785297,-0.62430244,-0.84495498
4724,-1334.8231,-1222.5106,-112.31253,-1.0286412,-0.62673455
4725,-1082.6369,-1211.7006,129.0637,1.1431643,-1.2707841
4726,-1131.7393,-1126.6948,-5.0444747,-0.045277723,-0.51362135
4727,-989.67598,-837.28215,-152.39383,-1.3977517,-0.11150876
4728,-913.87709,-1028.4223,114.54517,1.0341715,-0.95148008
4729,-907.6797,-794.04223,-113.63748,-0.97065822,-1.3900714
4730,-716.51397,-711.49328,-5.0206843,-0.04286339,-1.9184625
4731,-716.03724,-791.58541,75.548169,0.64603055,-2.1358707
4732,-765.61639,-538.04223,-227.57416,-1.9663971,-2.2650274
4733,-384.71508,-494.31094,109.59586,0.96341752,-1.155567
4734,-682.66667,-623.04798,-59.618682,-0.53456785,-0.96502876
4735,-421.89944,-256.49136,-165.40808,-1.4556921,1.017578
4736,-249.32588,-470.72553,221.39964,2.0054349,0.09992346
4737,-526.30168,-168.04607,-358.25561,-3.0435595,-0.31921063
4738,-257.90689,-382.28023,124.37334,1.0774158,-0.84832686
4739,-518.67412,-307.10173,-211.57239,-1.8807813,0.14711029
4740,-189.25885,-273.1977,83.938851,0.76053456,0.79986929
4741,-392.34264,-387.19386,-5.1487864,-0.045983923,1.2419786
4742,-435.24767,-214.23417,-221.01351,-1.9750237,0.95335079
4743,-161.60894,-346.90211,185.29317,1.6698423,1.3649531
4744,-623.55307,-521.82726,-101.72582,-0.92234101,1.1239468
4745,-258.86034,-255.01727,-3.8430607,-0.033692917,0.053063903
4746,-349.43762,-307.10173,-42.335889,-0.36714696,0.16109031
4747,-682.18994,-604.86756,-77.322382,-0.6867452,0.7854808
4748,-491.50093,-526.24952,34.748589,0.29660998,0.85983467
4749,-376.13408,-143.47793,-232.65615,-2.0202362,0.013392856
4750,349.43762,154.28791,195.14971,1.5994207,-0.73641091
4751,959.64246,1052.0077,-92.365219,-0.81273598,0.18974942
4752,2287.3147,2554.595,-267.2803,-2.2633196,-0.1993345
4753,537.26629,423.5547,113.71159,0.93850596,-0.16059166
4754,2439.3892,2904.9367,-465.54746,-3.2354715,0.58534939
4755,3957.7505,3901.9117,55.838757,0.46599373,-0.73958317
4756,5284.4693,5343.5701,-59.100784,-0.49863333,-1.7246308
4757,4565.095,4728.8752,-163.78027,-1.4113039,-2.3329728
4758,4720.9832,4637.4818,83.501474,0.72786435,-1.37086
4759,3907.2179,4059.1478,-151.92992,-1.3230269,-0.60191528
4760,4404.4395,4387.3781,17.06136,0.15326616,-0.077501165
4761,4645.1844,4629.1286,16.055759,0.14328245,0.40140797
4762,5029.8994,5263.9693,-234.06985,-2.0352991,0.93797038
4763,5201.0428,5088.0614,112.98141,0.97830293,0.1958554
4764,5008.4469,5286.0806,-277.63369,-2.5635733,-0.030118302
4765,4963.1583,4847.785,115.37326,1.05118,1.707762
4766,4416.3575,4465.5048,-49.147257,-0.44635539,1.3626757
4767,4107.4413,4245.3743,-137.93294,-1.2118435,1.4597835
4768,3707.9479,3666.0576,41.890277,0.35578389,0.40682893
4769,2888.4618,2960.4607,-71.998828,-0.62089791,0.8864408
4770,2554.2793,2534.9405,19.338831,0.16772648,0.33393841
4771,1980.3054,2083.3781,-103.07272,-0.88462391,0.087432713
4772,1312.8939,1270.6641,42.229747,0.38010133,-0.23753376
4773,442.87523,472.19962,-29.324383,-0.26492376,-0.98140774
4774,221.19926,360.16891,-138.96965,-1.2476936,-0.60793551
4775,20.975791,-266.31862,287.29441,2.5282924,0.10015818
4776,-586.36872,-395.05566,-191.31305,-1.6910696,0.25610236
4777,-1012.5587,-1038.2495,25.690861,0.23104807,0.63775951
4778,-1422.0633,-1480.9674,58.904056,0.53764911,-0.3044135
4779,-1621.8101,-1441.6583,-180.15171,-1.5645044,-1.2082425
4780,-1599.8808,-1656.8752,56.994421,0.48653748,-0.92246683
4781,-1729.0726,-1719.7697,-9.302952,-0.079775969,-2.0627023
4782,-1851.1136,-1708.9597,-142.1539,-1.2545629,-2.6086186
4783,-1952.6555,-2001.3205,48.665044,0.42297491,-1.6365723
4784,-2226.7709,-2173.2975,-53.473445,-0.45721164,-0.57320189
4785,-2157.1695,-2098.119,-59.050458,-0.53319138,-0.016137012
4786,-1984.5959,-2037.19,52.594116,0.47655975,0.86072435
4787,-1960.2831,-1828.8522,-131.43085,-1.1222221,-0.66095454
4788,-1881.6238,-1910.9098,29.285953,0.25172639,0.9176852
4789,-1709.0503,-1572.8522,-136.19807,-1.1752722,2.0031953
4790,-1335.2998,-1465.7351,130.43531,1.1919061,1.6057406
4791,-1239.0019,-1176.3225,-62.679405,-0.57279051,1.33287
4792,-990.1527,-870.69482,-119.45788,-1.0440046,1.336489
4793,-631.65736,-665.79655,34.139189,0.29106143,1.3961326
4794,-335.13594,-243.71593,-91.42001,-0.79387306,0.74853936
4795,-239.31471,-202.44146,-36.873253,-0.31699739,-0.67605618
4796,180.67784,279.09405,-98.41621,-0.84788977,-0.42063332
4797,380.42458,431.41651,-50.991926,-0.46149572,-0.038565063
4798,386.62197,475.14779,-88.525819,-0.81901593,0.3102049
4799,727.47858,877.08253,-149.60395,-1.3198286,0.22947393
4800,882.89013,732.13052,150.75961,1.3258076,-1.1212892
4801,852.85661,1009.7505,-156.89387,-1.4106429,0.22030561
4802,1010.6518,1116.8676,-106.21579,-0.98039831,0.27071403
4803,886.22719,822.54127,63.685921,0.59105811,-1.4914371
4804,1111.7169,1231.3551,-119.63814,-1.0470406,-1.5829083
4805,1011.1285,968.47601,42.652484,0.37103149,-0.89683578
4806,1006.3613,983.70825,22.653013,0.19490657,-0.50724622
4807,876.21601,1076.0845,-199.86844,-1.7361782,-0.95153367
4808,861.43762,792.07678,69.360841,0.61328303,-0.31327619
4809,517.72067,621.5739,-103.85323,-0.91273035,-0.042467673
4810,1304.3128,1385.643,-81.330145,-0.68688634,-0.50731657
4811,438.10801,325.77351,112.33449,0.97385327,0.025192399
4812,1557.9292,1778.2418,-220.31261,-1.8613751,0.081073007
4813,1060.2309,956.19194,104.03897,0.87787351,-0.55139936
4814,984.90875,1167.9693,-183.06054,-1.4552252,-1.1976955
4815,-251.7095,-370.97889,119.26939,1.005336,0.49308059
4816,1557.9292,1579.7313,-21.802049,-0.1841477,1.0051367
4817,2862.7188,3003.2092,-140.4904,-1.2329365,0.70369804
4818,2048.4767,1987.5624,60.914342,0.4872969,0.55913705
4819,470.04842,482.02687,-11.978454,-0.10231722,0.23893915
4820,551.56797,563.59309,-12.02512,-0.1001009,-0.31294997
4821,1311.9404,1407.263,-95.322546,-0.82122901,-1.3056512
4822,1670.9125,1636.238,34.674473,0.31340913,-1.4436217
4823,1600.3575,1665.7198,-65.362228,-0.6009726,-0.32021268
4824,1412.0521,1633.2898,-221.23769,-1.9578537,0.091940436
4825,1296.6853,1046.1113,250.57396,2.1572449,-0.31559474
4826,668.36499,877.08253,-208.71754,-1.8689974,-0.34966593
4827,1099.7989,1112.9367,-13.137778,-0.12084341,0.45060091
4828,1220.8864,1195.977,24.909439,0.22813449,1.4861789
4829,905.77281,995.50096,-89.728148,-0.78505209,0.50577299
4830,977.28119,988.62188,-11.340689,-0.095571876,0.010690959
4831,363.73929,403.90019,-40.1609,-0.34673867,-1.1183235
4832,454.7933,568.01536,-113.22206,-1.0270334,-1.5727801
4833,712.70019,685.94242,26.757768,0.24007895,-1.3701636
4834,43.38175,36.360845,7.0209059,0.061769947,-0.24492773
4835,359.44879,387.19386,-27.745068,-0.24551826,-0.97203862
4836,313.2067,230.44914,82.757568,0.74920574,-0.25079248
4837,-43.38175,95.324376,-138.70613,-1.2414437,0.22444842
4838,-165.42272,-227.99232,62.569604,0.54054009,-0.4753932
4839,-682.18994,-490.8714,-191.31854,-1.7196912,0.0034455763
4840,-228.82682,-400.46065,171.63384,1.5348381,-0.25044815
4841,-536.78957,-424.53743,-112.25214,-1.026204,0.57075161
4842,-607.82123,-529.1977,-78.623532,-0.70599347,0.99792148
4843,-634.51769,-646.14203,11.624344,0.10213554,0.65092011
4844,-879.07635,-878.55662,-0.51972821,-0.0045839157,1.5837246
4845,-961.54935,-938.99424,-22.555106,-0.19379709,1.4892463
4846,-922.4581,-807.80038,-114.65772,-0.99219553,-0.20994641
4847,-720.80447,-802.39539,81.590924,0.74078387,0.034725102
4848,-926.7486,-826.47217,-100.27643,-0.90883578,0.35011657
4849,-891.47114,-796.9904,-94.480733,-0.84923312,-0.30703752
4850,-736.53631,-975.84645,239.31014,2.1000595,-0.5163169
4851,-897.19181,-729.18234,-168.00946,-1.5322847,0.17902912
4852,-610.20484,-608.79846,-1.4063772,-0.013084415,-0.027805487
4853,-707.45624,-792.07678,84.620537,0.79615414,0.49074686
4854,-630.70391,-457.45873,-173.24518,-1.5335501,0.76653518
4855,-492.9311,-577.35125,84.420149,0.73647404,0.18731297
4856,-584.93855,-495.29367,-89.644881,-0.77721181,-0.56828394
4857,-558.24209,-395.05566,-163.18642,-1.4542891,-1.8686552
4858,-280.78957,-356.238,75.448432,0.68632115,0.045256111
4859,-469.09497,-428.46833,-40.626642,-0.37026076,0.40786797
4860,-286.98696,-231.43186,-55.555103,-0.4937245,-1.0914212
4861,-160.17877,-214.23417,54.055394,0.48763235,0.76294283
4862,-243.12849,-161.65835,-81.470142,-0.73974513,-0.44780978
4863,-176.38734,-217.18234,40.795005,0.35434126,-1.1958252
4864,-231.68715,-128.24568,-103.44147,-0.93179866,-0.35776449
4865,-79.612663,-205.38964,125.77697,1.1582459,-0.76911824
4866,-244.55866,-144.46065,-100.09801,-0.90924655,0.74719291
4867,-239.31471,-142.98656,-96.328147,-0.85875072,0.10064722
4868,-87.716946,-139.05566,51.338716,0.4633382,0.098525496
4869,-360.40223,-349.85029,-10.551947,-0.094682033,0.42423328
4870,-121.08752,-132.66795,11.580423,0.10141227,-0.20149098
4871,-192.5959,-59.946257,-132.64965,-1.104635,0.0209649
4872,-451.45624,-551.80038,100.34415,0.85185415,0.033086783
4873,-403.78399,-343.95393,-59.83005,-0.48995496,0.64702539
4874,-58.636872,90.410749,-149.04762,-1.320682,1.0497395
4875,1409.1918,1117.3589,291.83288,2.0091463,1.3982624
4876,5646.3017,5923.3781,-277.07644,-1.6996349,1.0573782
4877,13133.229,13387.67,-254.44082,-1.3957458,1.0768853
4878,15608.372,15811.071,-202.69858,-1.7099478,0.1744217
4879,19644.305,20257.413,-613.10727,-3.8802879,-0.45687754
4880,22374.972,22913.72,-538.7477,-4.2912466,0.2682546
4881,24022.525,24881.628,-859.1025,-7.0683868,2.1133575
4882,21778.115,22522.595,-744.47955,-5.9548501,-1.0085716
4883,21380.529,22037.129,-656.59973,-5.705135,0.86911437
4884,21815.3,22540.775,-725.47562,-6.321049,0.33081753
4885,23152.983,23861.559,-708.5753,-6.2152131,0.91184487
4886,24079.732,24825.612,-745.88044,-6.3841528,-0.72824447
4887,25323.024,26138.534,-815.50938,-7.0188596,0.50501859
4888,25623.836,26398.956,-775.11973,-6.7038994,0.21078442
4889,24942.123,25910.05,-967.927,-8.3703668,0.4141473
4890,23487.166,24140.161,-652.99549,-5.3315971,-0.31588532
4891,21633.192,22469.528,-836.33602,-7.1900134,0.017994707
4892,19768.73,20529.628,-760.89766,-6.0293235,0.27844923
4893,17513.832,18074.288,-560.45551,-4.2201874,-0.25805775
4894,14771.248,15318.726,-547.47786,-4.188708,0.13377684
4895,12533.035,13020.622,-487.5865,-3.8851899,-0.83640024
4896,10418.771,10939.701,-520.92963,-3.9068585,-0.10187005
4897,7765.3333,7968.9213,-203.58797,-1.5964014,-0.15778891
4898,5191.0317,5531.762,-340.73034,-2.9684103,-0.66406793
4899,3289.8622,3585.4741,-295.61189,-2.5231251,0.18425258
4900,1380.5885,1243.6392,136.9493,1.2101491,-0.62690748
4901,-117.27374,199.49328,-316.76703,-2.8155124,0.14743634
4902,-1190.3762,-1190.572,0.19581309,0.0017361038,0.021630988
4903,-2014.1527,-2073.0595,58.906801,0.53154266,0.55660417
4904,-2508.514,-2411.6084,-96.905521,-0.88031703,0.16685711
4905,-2792.1639,-2890.1958,98.031904,0.85988501,0.11716789
4906,-3259.352,-3249.8733,-9.4786348,-0.083124799,-0.61227193
4907,-3779.4562,-3798.2342,18.777927,0.16404514,-0.39182859
4908,-3958.7039,-4145.6276,186.92373,1.675053,0.68594999
4909,-4329.1173,-4395.7313,66.613968,0.59466929,1.9254248
4910,-4164.1713,-4239.9693,75.797968,0.66195505,0.99336169
4911,-3646.9274,-3789.881,142.95362,1.2864321,0.10248175
4912,-3341.825,-3339.3013,-2.5236099,-0.022821419,0.83555305
4913,-2600.5214,-2689.2284,88.706992,0.76500876,0.9223114
4914,-1955.0391,-1848.0154,-107.02375,-0.94934993,0.042209959
4915,-831.88082,-1011.7159,179.83511,1.5916653,0.88477885
4916,29.556797,179.34741,-149.79061,-1.3511731,0.72207636
4917,1052.1266,1134.0653,-81.93863,-0.70337899,0.37446439
4918,2451.3073,2447.4779,3.8293355,0.032448215,0.29687797
4919,3540.6182,3663.6008,-122.98252,-1.0604282,-0.52581992
4920,4532.2011,4693.4971,-161.296,-1.342634,0.21841927
4921,5791.2253,6116.975,-325.74972,-2.6901789,-0.4091059
4922,6773.7505,6858.9328,-85.182356,-0.74873749,-0.10866539
4923,7485.0205,7735.524,-250.50351,-2.1978526,0.097467456
4924,8130.0261,8519.739,-389.71289,-3.5226388,-0.41681915
4925,8776.9385,8799.3244,-22.385829,-0.20466932,0.7150543
4926,8933.7803,9424.8292,-491.04891,-4.4416806,2.0184951
4927,9282.7412,9506.3954,-223.65424,-2.0069692,2.1621493
4928,9249.3706,9620.3916,-371.02098,-3.3042614,0.51630481
4929,9491.0689,9855.7543,-364.68542,-3.1069956,-1.1062333
4930,9421.9441,9703.4319,-281.48773,-2.4686475,0.74676112
4931,9207.419,9650.856,-443.43705,-3.8986582,1.4126512
4932,9125.8994,9488.215,-362.31553,-3.1636221,0.96676288
4933,8973.825,9274.9635,-301.13858,-2.6796196,1.0066851
4934,8519.5084,8846.9866,-327.47818,-2.9258087,2.1578136
4935,9275.1136,9683.7774,-408.66376,-3.4790083,1.8314236
4936,8246.8231,8448.9827,-202.15963,-1.6691799,1.6816953
4937,9509.6611,9892.6065,-382.94545,-3.2072702,1.8099606
4938,8923.7691,9167.3551,-243.586,-2.0903684,0.069396016
4939,8891.352,9258.7486,-367.39661,-2.9582213,1.4644871
4940,7606.5847,7776.7985,-170.21373,-1.503384,0.49555119
4941,9371.8883,9710.3109,-338.42267,-2.843849,-0.080211134
4942,10895.493,11225.182,-329.68886,-2.7885605,0.089551271
4943,9950.1527,10343.678,-393.52484,-3.2260379,0.59873008
4944,8483.2775,8658.7946,-175.51716,-1.5396226,0.26977735
4945,8516.1713,8940.3455,-424.17417,-3.5726988,-0.71992302
4946,9311.3445,9725.0518,-413.70732,-3.5099853,-2.1230085
4947,9844.3203,10040.015,-195.69506,-1.6848972,-0.92844698
4948,9682.2346,10161.382,-479.14732,-4.2199189,-0.90065869
4949,9672.2235,10027.24,-355.01646,-3.1959651,-0.34795342
4950,9441.9665,9636.1152,-194.14868,-1.685692,0.070288061
4951,8808.4022,9209.6123,-401.21005,-3.5557431,1.8154748
4952,9225.5345,9527.524,-301.98954,-2.6583078,1.0778816
4953,9247.4637,9529.4894,-282.02576,-2.4373981,-0.23750819
4954,8902.7933,9203.7159,-300.92263,-2.5276328,-1.1900168
4955,8702.0931,9071.5393,-369.44624,-3.1028354,-0.58277293
4956,7996.067,8261.2821,-265.21511,-2.2831495,0.24757258
4957,7877.3631,8188.5605,-311.19733,-2.7307196,-1.4280281
4958,7769.1471,8125.666,-356.51891,-3.0930501,-0.028265098
4959,6947.7542,7125.2514,-177.49725,-1.5390955,0.63005989
4960,6786.622,7208.7831,-422.16114,-3.7416503,1.6617545
4961,6472.4618,6599.0019,-126.54009,-1.1153447,0.042227773
4962,5869.4078,6211.3167,-341.90888,-2.9225682,0.052451869
4963,5275.4115,5460.023,-184.61149,-1.5995382,0.72769723
4964,4645.6611,4896.9213,-251.26023,-2.2174866,1.1958921
4965,4578.9199,4772.6065,-193.6866,-1.8117182,0.96565582
4966,4168.9385,4338.2418,-169.3033,-1.5782055,-0.20823078
4967,3870.0335,4113.6891,-243.65554,-2.167946,0.22321703
4968,3594.0112,3719.1248,-125.11359,-1.0564253,-0.31141913
4969,3275.0838,3340.7754,-65.691633,-0.58568173,-0.49078508
4970,2911.8212,3182.0653,-270.24403,-2.3771753,0.77453837
4971,3015.27,3128.5067,-113.2367,-0.9743134,0.78993932
4972,3138.2644,3193.858,-55.593533,-0.49964056,0.04492399
4973,2871.7765,3169.2898,-297.51329,-2.73426,-0.029913092
4974,3102.5102,3202.7025,-100.19225,-0.90284396,-1.3970091
4975,3052.9311,3160.9367,-108.00556,-0.9741289,0.67443183
4976,3229.3184,3437.5739,-208.25546,-1.8641967,0.99865295
4977,3553.013,3708.3148,-155.30174,-1.4248692,1.5330701
4978,3547.2924,3669.4971,-122.20476,-1.1082438,-0.2100869
4979,3941.5419,4114.6718,-173.12989,-1.5165474,-1.4356147
4980,3983.9702,4225.7198,-241.74956,-2.0731338,-1.6820704
4981,4321.9665,4384.9213,-62.954825,-0.55250827,-0.73230336
4982,4426.3687,4724.9443,-298.57562,-2.6102271,-0.69178541
4983,4850.175,4943.6008,-93.425721,-0.82607033,-0.81769345
4984,4875.4413,5003.547,-128.10568,-1.1351563,-0.56073147
4985,4973.6462,5344.0614,-370.41524,-3.278185,0.50544207
4986,5426.5326,5422.1881,4.3444886,0.039168453,-0.51962958
4987,5253.959,5568.6142,-314.65517,-2.8852566,-0.012755724
4988,5419.8585,5670.3263,-250.46782,-2.1592801,-1.0780101
4989,5488.5065,5675.2399,-186.73341,-1.6345495,-0.63734035
4990,5437.0205,5747.9616,-310.94113,-2.7666407,0.88998578
4991,5524.7374,5692.4376,-167.70019,-1.5608112,0.6632383
4992,5327.851,5663.9386,-336.08756,-3.0189242,0.54521007
4993,5546.6667,5726.833,-180.16635,-1.555892,0.12468255
4994,5218.2048,5368.1382,-149.93335,-1.3067642,0.04840733
4995,5248.2384,5643.7927,-395.55435,-3.4472179,0.61106553
4996,5383.1508,5538.6411,-155.49024,-1.3817037,-0.0033229947
4997,4832.0596,5013.3743,-181.31469,-1.5976298,0.04508718
4998,5033.2365,5246.7716,-213.53509,-1.8387525,1.0850745
4999,5241.5642,5481.643,-240.07875,-2.0615222,-0.24221246
5000,6539.6797,6567.0633,-27.383638,-0.19153398,0.3787628
5001,10871.181,10906.288,-35.107275,-0.21860543,0.038416996
5002,17397.512,17954.887,-557.37465,-3.2946321,0.28101364
5003,18732.335,19418.165,-685.82987,-5.9522449,0.40282215
5004,21831.508,22327.033,-495.52425,-3.2539368,1.0801218
5005,24536.432,24747.486,-211.05357,-1.6122818,-1.1672624
5006,26668.335,26962.058,-293.72239,-2.3495252,-0.026975665
5007,24190.331,24876.223,-685.89118,-5.4327444,-0.30403479
5008,24117.87,24485.098,-367.22824,-3.1240594,0.67965457
5009,24600.313,24895.386,-295.07295,-2.4603003,2.0250884
5010,25689.624,26427.455,-737.83106,-6.3447356,2.4076217
5011,26542.957,26934.05,-391.09273,-3.255846,1.8257595
5012,27419.173,27951.171,-531.99764,-4.4843826,1.387621
5013,28046.54,28369.812,-323.27186,-2.8377554,0.22399809
5014,27167.464,27738.902,-571.43842,-4.8587866,1.1264157
5015,25900.812,26368,-467.18808,-3.8138072,2.2539726
5016,24347.173,24689.013,-341.84025,-2.873821,1.5178533
5017,22558.034,23114.196,-556.16226,-4.4517691,0.28247378
5018,20691.665,21102.065,-410.40045,-3.1150821,0.38495261
5019,17979.114,18284.591,-305.47758,-2.3901881,-0.023442382
5020,16030.749,16534.848,-504.09977,-4.1320738,-0.083213698
5021,14197.75,14547.777,-350.02689,-2.6590231,0.13188946
5022,11528.104,11829.067,-300.9629,-2.3283262,0.50404225
5023,9287.0317,9631.6929,-344.66124,-2.8873675,-1.7669509
5024,7358.689,7663.2937,-304.60465,-2.5787236,-0.71336683
5025,5775.4935,5818.2265,-42.733005,-0.3663028,-1.87033
5026,4430.6592,4693.0058,-262.34654,-2.3109532,-0.88263196
5027,3338.0112,3479.8311,-141.81992,-1.2590859,-1.2766457
5028,2580.9758,2739.8388,-158.86298,-1.4405085,-1.0207873
5029,1875.4264,2034.2418,-158.8154,-1.3871689,-1.991028
5030,1634.2048,1865.2131,-231.00821,-1.9763562,-1.2777566
5031,1170.3538,1229.881,-59.527181,-0.49790888,-1.4473417
5032,569.68343,840.23033,-270.5469,-2.3244765,-2.4988044
5033,455.74674,501.19002,-45.443278,-0.39805607,-1.650881
5034,0.47672253,104.66027,-104.18355,-0.93781265,0.26760519
5035,99.635009,416.18426,-316.54925,-2.8351967,2.1416588
5036,593.99628,580.29942,13.696851,0.1192,2.5112719
5037,869.06518,1075.1017,-206.03655,-1.7027166,0.30979184
5038,1557.4525,1731.071,-173.6185,-1.4940267,0.32417148
5039,2053.7207,2251.4242,-197.70351,-1.6898766,0.58560858
5040,3153.0428,3312.7678,-159.72492,-1.4479262,1.0590825
5041,3918.6592,4059.6392,-140.97994,-1.2669743,0.75584826
5042,4884.9758,5067.4242,-182.44839,-1.5703009,0.64852111
5043,6142.0931,6332.1919,-190.09883,-1.606061,0.76537743
5044,7097.9218,7157.19,-59.268231,-0.52259553,-0.87332669
5045,8043.7393,8408.1996,-364.46032,-3.1379091,0.18772275
5046,9185.013,9383.0633,-198.0503,-1.6975074,0.32516776
5047,10075.531,10317.144,-241.61323,-2.1054394,-0.78097667
5048,10653.318,10986.871,-333.55297,-2.963422,-1.4500252
5049,11298.801,11560.783,-261.98236,-2.3231686,-2.0623115
5050,11811.277,12037.896,-226.61889,-1.9653175,-1.6445846
5051,11984.804,12278.664,-293.85964,-2.5773647,-0.56619552
5052,12257.013,12550.879,-293.86604,-2.5859652,-0.33676065
5053,12288.477,12533.681,-245.20466,-2.1592206,-0.82809695
5054,12411.471,12716.468,-304.99719,-2.5952374,-1.3682344
5055,12328.521,12677.651,-349.12926,-2.9265094,-1.9059686
5056,12182.644,12335.662,-153.01787,-1.305891,-1.602229
5057,12031.047,12382.342,-351.2951,-3.0018274,-1.9729425
5058,11911.389,12110.127,-198.73748,-1.7004422,-1.6894746
5059,11434.19,11621.712,-187.52215,-1.6414986,-0.54227422
5060,12110.182,12616.23,-506.04783,-4.3262759,1.201017
5061,11130.041,11060.576,69.465153,0.57397019,1.4985738
5062,12259.397,12839.8,-580.40374,-4.8538968,1.1646117
5063,11701.631,11807.939,-106.30729,-0.89954918,-1.0402563
5064,11606.287,12037.405,-431.11821,-3.5872597,-0.15513889
5065,10241.43,10476.345,-234.91532,-2.0401089,0.66292902
5066,12044.395,12239.355,-194.9603,-1.6866628,-0.37022751
5067,13487.434,13881.489,-394.05555,-3.3434633,0.5462805
5068,12679.866,12876.161,-196.29531,-1.5680258,0.9444943
5069,11106.205,11304.292,-198.0869,-1.7390803,2.545823
5070,11097.624,11477.743,-380.11897,-3.236227,1.3350148
5071,11987.665,12192.184,-204.51946,-1.7628298,-0.52492199
5072,12385.251,12605.42,-220.16895,-1.9443187,-0.77074744
5073,12412.425,12629.988,-217.5639,-1.9636708,-0.74323067
5074,12188.842,12586.749,-397.90685,-3.5689963,-1.4551408
5075,12017.698,12151.893,-134.19419,-1.1716464,-1.0682091
5076,11437.527,11697.873,-260.34632,-2.2946012,-0.41619305
5077,11711.166,12146.979,-435.81315,-3.9613646,0.65980884
5078,11892.797,11992.691,-99.893958,-0.90840846,-0.086550744
5079,11404.156,11796.637,-392.48081,-3.3872092,-1.7966592
5080,11297.847,11603.532,-305.68437,-2.518791,-1.7500355
5081,10561.311,10732.837,-171.52587,-1.4666349,-2.8193965
5082,10367.285,10775.585,-408.3005,-3.6172874,-2.908607
5083,10464.536,10582.971,-118.4349,-1.0272185,-2.293577
5084,9447.6872,9728.9827,-281.29557,-2.4035722,-0.24581049
5085,9454.838,9743.7236,-288.88562,-2.5527775,-0.68810557
5086,9133.0503,9221.405,-88.354711,-0.76959926,0.023262584
5087,8542.8678,8869.0979,-326.2301,-2.7966995,-0.30663422
5088,8046.5996,8136.476,-89.87638,-0.76590666,-0.8028248
5089,7217.1024,7609.2438,-392.14134,-3.473838,0.84856833
5090,7367.27,7439.7236,-72.45359,-0.65671792,0.7356946
5091,6895.3147,7082.0115,-186.6968,-1.7195098,1.0478731
5092,6511.5531,6883.501,-371.94789,-3.3350292,0.34933872
5093,6412.8715,6380.3455,32.526019,0.28355005,0.033710106
5094,5872.2682,6147.9309,-275.66275,-2.4059711,0.68164947
5095,5715.9032,5896.3532,-180.45,-1.5792838,1.5035586
5096,5624.3724,5856.5528,-232.18034,-2.0242476,1.2287733
5097,5822.689,5906.1804,-83.491409,-0.76945655,0.53922074
5098,5627.2328,5815.7697,-188.5369,-1.7767477,-0.29408779
5099,5601.9665,5977.428,-375.46154,-3.5233819,-0.58108009
5100,5810.7709,5757.7889,52.982082,0.47813815,-1.6934281
5101,5788.8417,6073.7351,-284.89341,-2.5784524,0.49538175
5102,6190.2421,6332.6833,-142.44122,-1.3142308,0.47176527
5103,6144.9534,6238.833,-93.879568,-0.87191188,-0.44285371
5104,6382.838,6704.1536,-321.31556,-2.9034329,-0.015318931
5105,6590.2123,6716.929,-126.71669,-1.1030714,-0.12377682
5106,6745.1471,6924.7754,-179.62832,-1.5555584,-0.32196391
5107,6876.7225,7201.904,-325.1815,-2.8276906,-1.1559998
5108,7314.3538,7334.0806,-19.726797,-0.17483711,-1.2862357
5109,7135.5829,7468.2226,-332.63978,-2.9948621,-0.93938332
5110,7465.4749,7666.7332,-201.25835,-1.805849,0.21355885
5111,7648.0596,7779.7466,-131.68705,-1.1657487,1.5695147
5112,7659.0242,7937.4741,-278.44988,-2.4504711,0.13200003
5113,7779.1583,7903.0787,-123.92041,-1.0851796,-1.4640045
5114,7624.2235,8047.048,-422.82452,-3.6806878,0.9117418
5115,7899.2924,7931.0864,-31.794007,-0.29112383,2.7759056
5116,7704.3128,7931.5777,-227.26489,-2.0295763,2.0456602
5117,7709.5568,7942.8791,-233.32228,-2.0517688,1.2383576
5118,7830.1676,7924.6987,-94.531059,-0.82260507,0.525517
5119,7391.1061,7643.1478,-252.04165,-2.261445,0.32630909
5120,7655.2104,7760.0921,-104.8817,-0.92095741,-0.41936933
5121,7502.6592,7824.4607,-321.80143,-2.8631321,-0.015877251
5122,7139.3966,7228.929,-89.532335,-0.78931633,0.03184558
5123,7253.3333,7423.0173,-169.68394,-1.4690034,0.70927689
5124,7316.7374,7733.0672,-416.32975,-3.7428824,0.23331231
5125,8820.797,8665.1823,155.61468,1.0810997,-0.25133623
5126,12967.33,13214.71,-247.38056,-1.4878603,1.1186673
5127,20843.739,20724.207,119.532,0.6182669,1.8681643
5128,23951.493,23687.125,264.36872,2.1487487,0.24441508
5129,28186.22,27938.395,247.82435,1.5902037,2.0719118
5130,30557.914,29896.476,661.43833,6.3366728,-1.6178542
5131,31211.501,30847.754,363.74661,3.7676451,-1.7690576
5132,29413.304,28663.647,749.65671,6.2505728,-1.2359683
5133,29090.086,28504.445,585.64036,5.2014587,-0.70900329
5134,29419.978,28871.493,548.48437,4.82268,0.36452771
5135,30559.345,30047.324,512.02013,5.0771527,-0.62528702
5136,31498.488,31106.702,391.7854,4.5805624,-1.7047221
5137,32139.68,31905.167,234.51272,4.2494223,-1.8383293
5138,32193.549,31890.917,302.63188,5.2178389,-4.0321024
5139,31853.169,31589.712,263.45737,3.8187604,-2.5562729
5140,30955.501,30345.09,610.41072,5.979083,-1.179359
5141,29184.477,28649.397,535.07941,4.5624107,1.2361844
5142,27310.48,26710.48,600.0006,4.8567094,1.5329771
5143,24905.892,24412.868,493.02443,3.671861,1.9012087
5144,22023.628,21580.161,443.46633,3.3429418,0.71044497
5145,19769.207,19365.589,403.61745,3.204666,0.36830784
5146,17383.21,17212.438,170.77281,1.2821886,0.47730354
5147,14830.361,14449.505,380.85647,2.9973663,-0.078317792
5148,12021.989,12022.173,-0.18391791,-0.0015386361,-0.92677859
5149,9876.2607,9966.8023,-90.541596,-0.74777852,0.38620531
5150,7828.2607,7629.881,198.37971,1.6615664,0.46331263
5151,6230.2868,6500.238,-269.95123,-2.3432357,1.2675458
5152,5167.6723,5254.142,-86.469781,-0.76212261,0.49109422
5153,4297.1769,4435.5317,-138.35476,-1.2811602,0.2179731
5154,3726.54,4013.9424,-287.40238,-2.5240684,-0.10847369
5155,3357.0801,3555.0096,-197.92952,-1.6849091,0.39116937
5156,2797.4078,2965.8656,-168.45782,-1.4247869,-0.71936644
5157,2270.6294,2553.1209,-282.4915,-2.5366786,-0.95967347
5158,1901.6462,2126.1267,-224.4805,-2.0001305,-0.11654487
5159,1525.9888,1797.8964,-271.90753,-2.3548,-0.34695375
5160,1622.7635,1912.3839,-289.62038,-2.5820295,-0.034093447
5161,2205.7952,2303.5086,-97.713479,-0.88127022,-0.65149747
5162,2638.6592,2934.4184,-295.75921,-2.5862092,-0.096648793
5163,3253.6313,3414.9712,-161.33992,-1.4099405,-0.70322845
5164,3982.54,4304.8292,-322.28914,-2.8385584,-0.14523469
5165,5095.2104,5127.8618,-32.651376,-0.29377603,-0.21259308
5166,6009.0875,6208.8599,-199.77236,-1.8133153,-0.17967031
5167,7097.9218,7244.1612,-146.23944,-1.2676949,-0.63501646
5168,8504.73,8454.8791,49.850903,0.44232456,0.11150903
5169,9566.8678,9659.7006,-92.832792,-0.79216003,1.4654614
5170,10733.408,10696.967,36.440451,0.29975314,0.27144361
5171,11976.223,11940.607,35.616938,0.28493827,0.64988074
5172,13054.093,12887.463,166.63054,1.4152764,0.36768132
5173,13681.46,13599.447,82.012746,0.72594133,0.60916062
5174,14383.672,14399.877,-16.204906,-0.14930806,1.2971776
5175,14992.924,14550.234,442.68948,3.9978643,0.64264197
5176,15123.546,15015.063,108.48228,0.96456569,1.2521495
5177,15506.831,15285.313,221.51768,1.9835199,0.9824584
5178,15467.263,15150.188,317.07447,2.8783565,-0.50819264
5179,15623.151,15578.165,44.985771,0.39114057,-0.42570313
5180,15562.13,15159.033,403.09772,3.5368151,0.96363673
5181,15322.339,15160.507,161.8322,1.396661,0.13872388
5182,15214.6,15015.063,199.53629,1.717034,-0.46401735
5183,14972.425,14672.583,299.84109,2.7053229,-0.2933654
5184,14511.434,14297.182,214.25155,1.8445366,0.39628542
5185,15175.508,15006.71,168.79821,1.4030058,-0.16459749
5186,14102.883,13777.321,325.56214,2.7170737,0.6984697
5187,15345.222,15265.658,79.563252,0.66546436,1.2663892
5188,14700.693,14391.524,309.16875,2.6681999,1.8270096
5189,14634.905,14635.24,-0.33489529,-0.0026726711,1.0292917
5190,13312.953,12934.142,378.81141,3.3025768,0.68938987
5191,15024.387,14818.518,205.8691,1.7505047,0.92598752
5192,16574.689,16387.44,187.24947,1.6022873,-0.36474798
5193,15691.799,15424.369,267.43036,2.1989196,-0.077105366
5194,14173.438,13956.668,216.76967,1.8902715,0.84323977
5195,14194.89,13869.205,325.68476,2.7358881,0.31117928
5196,14965.274,14883.869,81.404261,0.6837518,0.74682718
5197,15475.844,15093.681,382.16219,3.325815,-1.5328601
5198,15328.06,15187.532,140.52792,1.2908586,-0.83465576
5199,15208.402,15132.008,76.394557,0.71376513,-1.4024491
5200,15032.968,14565.466,467.50193,4.1783412,-0.28712875
5201,14396.544,14221.021,175.52265,1.5507827,0.74622853
5202,14751.225,14544.338,206.88751,1.8982886,1.664393
5203,14758.853,14468.668,290.18494,2.641223,0.68210521
5204,14359.359,14249.029,110.33061,0.97425285,0.73032621
5205,14172.961,13891.317,281.6442,2.3333482,0.49725494
5206,13437.855,13192.107,245.74726,2.1322533,-0.75868322
5207,13251.456,13065.827,185.62898,1.6511218,-0.49020197
5208,13205.214,12933.651,271.56348,2.4658729,-0.04587075
5209,12216.492,12042.81,173.68164,1.5302967,1.6522822
5210,12106.369,11907.194,199.17486,1.7249929,2.40539
5211,11706.875,11505.259,201.61612,1.7678335,0.28999589
5212,11077.601,10930.365,147.23681,1.2770055,0.012553779
5213,10412.574,10278.818,133.7559,1.1598978,0.75714378
5214,9579.2626,9642.0115,-62.748946,-0.55239642,-0.55293718
5215,9613.1099,9358.9866,254.12331,2.3042808,0.832686
5216,9128.7598,9049.428,79.331754,0.70959407,-0.51565441
5217,8735.9404,8704.9827,30.957684,0.27349687,0.19382279
5218,8425.594,8341.3743,84.219761,0.72519248,-1.0839905
5219,8050.4134,7965.4818,84.931642,0.75658334,-1.0341059
5220,7773.4376,7678.5259,94.911705,0.82095686,-0.64053389
5221,7771.5307,7758.618,12.912684,0.10941074,-0.5580278
5222,7899.2924,7689.3359,209.95647,1.853106,-0.18420717
5223,7667.6052,7675.0864,-7.4811582,-0.066716362,1.2961275
5224,7731.9628,7781.7121,-49.749336,-0.44756658,-0.28978789
5225,7859.7244,7521.2898,338.43457,3.036417,0.14243429
5226,7898.3389,8029.3589,-131.02001,-1.1568421,0.5893654
5227,8300.216,8112.8906,187.32542,1.6530611,-0.16634424
5228,8220.1266,8146.3033,73.823366,0.64267546,-0.32184446
5229,8548.5885,8581.6507,-33.062217,-0.29499633,-0.30306524
5230,8691.1285,8524.1612,166.96726,1.457027,1.2169765
5231,8954.2793,8863.6929,90.586431,0.77280216,-0.33125168
5232,9042.473,9008.6449,33.828085,0.29226305,0.11442365
5233,9470.0931,9316.238,153.85511,1.4227865,-0.78716706
5234,9460.0819,9308.3762,151.70574,1.3782647,1.3928763
5235,9640.7598,9559.9539,80.805842,0.71733135,1.0587565
5236,10041.683,9785.9808,255.70262,2.264098,0.35872854
5237,9939.1881,9770.7486,168.43952,1.5345999,-0.78787664
5238,10025.952,9913.2438,112.70782,1.0095885,-0.014923418
5239,9999.2551,9940.7601,58.495044,0.52167318,0.71020056
5240,10137.981,9815.9539,322.02744,2.8771504,1.8978997
5241,9982.5698,9980.0691,2.5007345,0.022565621,0.88675943
5242,9967.7914,9745.1977,222.59374,1.9731299,-0.54306364
5243,9961.594,9932.4069,29.187131,0.25779461,-0.11083467
5244,9672.7002,9464.1382,208.56199,1.8203574,0.081198981
5245,9725.1397,9605.1593,119.98036,1.0349174,-1.1657591
5246,9749.4525,9696.5528,52.899731,0.45616897,-0.048465358
5247,9266.5326,9013.0672,253.46541,2.1562718,0.56556379
5248,9324.216,9329.9962,-5.7801463,-0.047364488,1.1267181
5249,9542.5549,9407.1401,135.41482,1.1611726,1.0239388
5250,10762.488,10413.451,349.03684,2.4367104,0.33267877
5251,14652.544,14630.326,22.217466,0.14540952,0.87442553
5252,21236.082,21233.259,2.8228196,0.016531547,1.5874663
5253,22844.544,22817.413,27.131094,0.23569571,0.7505998
5254,25590.942,25714.979,-124.03661,-0.82655015,-1.3165887
5255,27872.536,28629.251,-756.71513,-6.0014918,0.28919682
5256,30045.438,30919.493,-874.05567,-8.4182314,3.4715451
5257,28465.579,28907.854,-442.27498,-3.6917818,-0.82419217
5258,27876.827,28451.378,-574.5513,-5.1268884,0.7106174
5259,28218.16,28903.923,-685.76308,-5.8930946,1.3223342
5260,29424.268,30108.253,-683.9852,-6.2153367,2.7746338
5261,30211.337,30531.317,-319.97964,-3.0365266,1.1158193
5262,30815.821,31307.67,-491.84864,-5.3860978,3.0385732
5263,31165.259,31703.708,-538.44941,-6.7525784,2.4146101
5264,30690.92,31270.326,-579.40637,-6.4247412,1.9951536
5265,29607.33,30142.649,-535.31914,-4.9337295,1.4574305
5266,28045.587,28694.603,-649.01609,-5.5993648,0.87616004
5267,26457.147,27096.691,-639.54387,-5.1781441,-1.0068961
5268,24536.432,25140.576,-604.14379,-4.7435043,-0.019439229
5269,21925.423,22210.088,-284.66557,-2.1798374,1.0906143
5270,19891.724,20481.965,-590.24106,-4.8949974,-0.55283349
5271,18144.536,18543.539,-399.00303,-3.0443502,-0.63046292
5272,15700.38,15728.522,-28.142185,-0.22214481,-0.34239699
5273,13152.298,13564.069,-411.77115,-3.4885988,-1.6608615
5274,11407.97,11577.981,-170.0106,-1.410853,1.0784383
5275,9672.2235,9571.7466,100.47682,0.84461995,-0.22772159
5276,8387.933,8440.1382,-52.205235,-0.45280172,1.4943319
5277,7249.0428,7112.476,136.56682,1.2031722,1.6643226
5278,6381.4078,6258.9789,122.42893,1.0869811,-0.70631769
5279,5742.5996,5554.856,187.74358,1.6012666,-0.63450581
5280,5436.067,5333.2514,102.8156,0.86516253,-0.47159502
5281,5004.1564,4741.6507,262.50575,2.263181,-0.53293956
5282,4458.7858,4347.5777,111.20811,0.96103878,-0.76209574
5283,4173.7058,4031.6315,142.07429,1.297228,-0.23124133
5284,3858.5922,3513.2438,345.34842,3.1180492,0.39975781
5285,3833.3259,3863.094,-29.768165,-0.25999182,2.2146264
5286,4329.594,3959.8925,369.70153,3.3229759,1.1881913
5287,4597.5121,4467.9616,129.55049,1.1261972,0.27124024
5288,5066.6071,5011.9002,54.706884,0.48343025,1.4180567
5289,5745.9367,5573.5278,172.40885,1.5238736,1.3450987
5290,6601.6536,6507.6084,94.045186,0.83292808,2.5155561
5291,7506.9497,7303.1248,203.82496,1.8466678,1.0931641
5292,8301.1695,8337.4434,-36.273918,-0.30768341,1.1466716
5293,9519.1955,9471.0173,48.178256,0.40255896,1.2958416
5294,10564.171,10418.856,145.31528,1.2846802,0.39232427
5295,11376.507,11532.775,-156.26891,-1.3367951,0.48331149
5296,12615.032,12591.171,23.860832,0.20165755,0.40095113
5297,13415.449,13549.82,-134.37079,-1.1618883,0.015728944
5298,13914.577,14182.695,-268.11754,-2.3673329,0.39563353
5299,14641.102,14799.846,-158.74403,-1.4577631,-0.85030708
5300,15019.143,15221.927,-202.78367,-1.847551,-0.64039345
5301,15307.561,15490.211,-182.65061,-1.6424203,0.25388371
5302,15538.294,15835.639,-297.34493,-2.7341129,0.49713026
5303,15437.706,15645.973,-208.26736,-1.8914468,-1.0214039
5304,15732.32,15961.428,-229.10773,-1.9617449,-0.98560525
5305,15438.659,15776.184,-337.52504,-2.8421209,-0.76708429
5306,15470.6,15568.338,-97.738184,-0.82782753,-1.0651351
5307,15188.857,15600.276,-411.41978,-3.5032231,-0.78792473
5308,15036.782,15235.685,-198.9031,-1.7454197,-0.48781553
5309,14653.02,14801.812,-148.79142,-1.2817716,0.87263841
5310,15223.657,15620.914,-397.25627,-3.3159965,0.92450858
5311,14323.128,14274.088,49.0402,0.40792801,1.1948773
5312,15384.313,15850.871,-466.55855,-3.9044816,0.80583372
5313,14833.698,14927.109,-93.411081,-0.78380487,0.83550858
5314,14774.108,15107.931,-333.82289,-2.7646187,2.0723027
5315,13320.104,13564.069,-243.96481,-2.1665086,3.1388626
5316,15130.22,15228.806,-98.586403,-0.86244725,0.83809969
5317,16524.156,16953.489,-429.33302,-3.5919462,0.0033124041
5318,15691.322,15890.18,-198.85826,-1.5763898,0.40637051
5319,14166.764,14361.06,-194.296,-1.6821642,1.5166044
5320,14080.477,14392.998,-312.52136,-2.6378396,-0.84494508
5321,15019.143,15181.635,-162.49193,-1.4053225,-0.6476429
5322,15283.724,15582.587,-298.86294,-2.6627593,0.039062011
5323,15316.618,15545.735,-229.11688,-2.0905976,-2.0940698
5324,15122.592,15505.935,-383.34256,-3.503376,-1.0375508
5325,14940.961,14999.831,-58.8702,-0.52902133,-1.2407749
5326,14379.858,14616.077,-236.2183,-2.1674532,-1.2038795
5327,14602.488,14972.315,-369.82688,-3.4550189,-0.13904876
5328,14810.339,14885.835,-75.496013,-0.70594289,0.32280944
5329,14275.933,14619.516,-343.58335,-2.9875161,-1.0736951
5330,14197.274,14435.255,-237.98154,-1.9963434,-0.6693609
5331,13494.108,13587.163,-93.05514,-0.79466505,-2.6971142
5332,13206.644,13625.981,-419.33649,-3.7429517,-3.0217007
5333,13301.989,13389.635,-87.64649,-0.76805491,-1.0163263
5334,12277.035,12570.534,-293.49821,-2.5239012,0.85705121
5335,12283.233,12494.372,-211.13959,-1.8343992,1.2917484
5336,11986.235,12060.99,-74.755766,-0.64711143,0.8551269
5337,11303.568,11629.083,-325.51456,-2.7684795,0.23891541
5338,10852.588,10894.004,-41.415384,-0.3653015,-0.034328676
5339,10023.568,10348.1,-324.53184,-2.7916337,1.4138176
5340,10130.354,10076.868,53.486255,0.47729672,1.1972438
5341,9692.7225,9809.0749,-116.35232,-1.0490045,0.56306325
5342,9290.3687,9463.6468,-173.27812,-1.5486491,-0.11320832
5343,9120.1788,9114.7793,5.3995003,0.047171951,0.46855762
5344,8649.1769,8753.6276,-104.45073,-0.92081683,0.27183485
5345,8384.1192,8516.7908,-132.67161,-1.1654313,-0.55053826
5346,8428.4544,8506.9635,-78.509156,-0.68134356,-0.21109769
5347,8427.0242,8494.6795,-67.655254,-0.62676191,-0.76806774
5348,8276.3799,8403.286,-126.9061,-1.1820101,-0.75514173
5349,8205.3482,8464.215,-258.86674,-2.3444121,-0.18803431
5350,8426.5475,8211.1631,215.38434,1.9518339,-1.3474937
5351,8392.2235,8625.8733,-233.64986,-2.129627,-0.62214598
5352,8709.2439,8799.8157,-90.571791,-0.81904666,0.074172627
5353,8724.9758,8709.405,15.570801,0.14098396,-0.57259253
5354,8932.3501,9118.2188,-185.86872,-1.6089351,-0.63003081
5355,9153.5493,9102.0038,51.545509,0.43812589,-0.46849632
5356,9258.905,9411.5624,-152.65735,-1.2845651,-1.3841717
5357,9355.6797,9497.0595,-141.3798,-1.2205952,-1.2845882
5358,9744.2086,9820.3762,-76.167634,-0.67972324,-0.11275933
5359,9659.352,9809.5662,-150.21426,-1.3641409,0.53713055
5360,9898.6667,10095.048,-196.38132,-1.7326294,1.9509674
5361,10152.76,10157.942,-5.1826419,-0.045747815,0.54240846
5362,10011.173,10304.369,-293.19534,-2.5293671,0.01676137
5363,10171.829,10322.058,-150.2289,-1.2991426,-0.13540524
5364,10052.171,10295.033,-242.86131,-2.1253583,1.0933401
5365,10260.022,10309.282,-49.259803,-0.4501419,2.1387643
5366,10098.413,10251.301,-152.88794,-1.3913811,1.9587528
5367,10034.533,10223.785,-189.25244,-1.6621371,0.88377783
5368,10152.76,10268.499,-115.73926,-1.0035824,1.3131161
5369,9765.1844,9845.4357,-80.251343,-0.71056368,1.9802391
5370,9964.9311,10117.651,-152.71957,-1.3233958,0.3597962
5371,9843.8436,10055.248,-211.40403,-1.8234516,-0.39163182
5372,9455.3147,9520.1536,-64.83884,-0.56936624,0.60754471
5373,9497.743,9672.9674,-175.22435,-1.4989757,0.46245907
5374,9659.352,9914.2265,-254.87453,-2.1760845,0.11244895
5375,10989.885,10852.729,137.15518,0.96745572,0.44079407
5376,15218.413,15156.576,61.837592,0.3902617,0.8683006
5377,22643.844,22640.031,3.8128652,0.020062458,0.71484363
5378,25610.965,25580.837,30.127766,0.25313053,-0.89193319
5379,29457.162,29641.459,-184.29672,-1.2706873,-0.030089607
5380,31632.924,31770.534,-137.60994,-1.8582915,0.84415038
5381,32189.259,32283.025,-93.766107,-2.108609,1.9412538
5382,30988.395,31571.04,-582.64552,-6.7461843,2.8438324
5383,30776.73,31254.111,-477.38134,-5.2892806,2.3289913
5384,31115.68,31415.77,-300.08997,-3.3737799,2.3497943
5385,31847.926,32135.125,-287.19925,-4.8945509,2.8449294
5386,32211.188,32349.85,-138.66221,-3.5860421,2.0365658
5387,32396.156,32470.234,-74.07774,-3.3037681,2.8902289
5388,32463.851,32483.501,-19.649935,-1.4069074,0.6697443
5389,32386.622,32458.441,-71.819485,-3.1623052,2.565264
5390,31978.547,32264.353,-285.80568,-5.3749179,2.8538741
5391,30987.441,31513.06,-525.61816,-6.0905212,3.7087679
5392,29045.75,30097.443,-1051.6929,-9.1638527,2.8326848
5393,26952.939,27705.489,-752.5509,-5.767301,1.2728354
5394,23996.305,24700.806,-704.50074,-5.3250125,1.2964836
5395,21745.698,22525.052,-779.3535,-6.3622274,-0.5676393
5396,19541.333,20169.95,-628.61676,-4.8473591,0.14499964
5397,16724.857,17322.994,-598.13763,-4.8267092,0.0064208772
5398,14118.615,14668.161,-549.5467,-4.6756224,-1.2090777
5399,12012.931,12480.614,-467.6831,-3.8575635,0.011956555
5400,9974.9423,10245.405,-270.46272,-2.2361487,-1.4591033
5401,8419.8734,8698.1036,-278.23028,-2.4036497,-0.50944454
5402,7154.6518,7490.334,-335.6822,-2.9968906,0.060791756
5403,6364.2458,6409.3359,-45.090082,-0.41301361,-0.023496027
5404,5709.7058,5902.7409,-193.03511,-1.6770359,-1.4979888
5405,5392.2086,5517.0211,-124.81255,-1.0808407,-1.5804071
5406,4939.3222,4824.691,114.63118,0.99178989,-2.254955
5407,4115.5456,4512.6756,-397.13,-3.5089656,-2.1321339
5408,4007.8063,3898.4722,109.33416,0.97848422,-1.9560833
5409,3455.2849,3513.2438,-57.958846,-0.49768008,-1.0891344
5410,3597.3482,3766.7869,-169.43872,-1.5151453,0.10588632
5411,4131.7542,3919.1094,212.64478,1.9305438,1.1438835
5412,4362.0112,4627.1631,-265.15197,-2.2608171,-0.44777435
5413,5197.2291,5016.3225,180.90659,1.5563519,0.3338785
5414,5764.5289,5868.3455,-103.81663,-0.89929581,0.59679734
5415,6916.2905,6857.4587,58.83177,0.52496597,1.3123469
5416,7834.4581,7755.1785,79.279598,0.71038756,0.17703398
5417,8782.6592,9044.023,-261.36381,-2.2365582,-0.13255454
5418,10282.905,10139.762,143.14303,1.2169958,1.7098787
5419,11265.43,11412.392,-146.96139,-1.2565949,1.0857688
5420,12404.797,12586.749,-181.95154,-1.5259347,-0.69281298
5421,13686.704,13761.106,-74.401656,-0.62524084,-0.74573817
5422,14579.128,14891.24,-312.11143,-2.7717964,0.42855858
5423,15322.339,15490.211,-167.87221,-1.5220859,0.80858154
5424,15924.439,16356.975,-432.53557,-3.8322122,1.3402104
5425,16571.829,16705.351,-133.52257,-1.1583107,-0.14288582
5426,16683.382,17053.727,-370.3457,-3.2680266,1.0197837
5427,16947.963,17463.524,-515.56124,-4.806802,0.085885985
5428,17067.143,17189.344,-122.20018,-1.1241785,-0.4465427
5429,17106.711,17631.57,-524.8587,-4.5480799,-1.4093655
5430,17157.721,17402.595,-244.87434,-2.0969446,0.34781843
5431,16886.942,17219.808,-332.86579,-2.9073179,-0.088149654
5432,16679.091,17237.497,-558.40587,-4.88626,-1.3232916
5433,16623.315,16738.273,-114.95784,-1.0425167,-0.22656114
5434,15960.67,16495.048,-534.37759,-4.7853868,-0.1467962
5435,16761.564,17126.94,-365.37625,-3.1034027,-0.3701365
5436,15659.382,15875.931,-216.54915,-1.8495432,0.54560082
5437,16772.052,17408.983,-636.93058,-5.4258374,-0.086319652
5438,16256.238,16445.912,-189.67335,-1.6277657,-1.4963581
5439,16123.233,16689.628,-566.39486,-4.6742858,-0.73059538
5440,14885.661,15068.131,-182.46944,-1.6013519,0.81607757
5441,16382.57,16744.66,-362.09044,-3.0905498,1.2000771
5442,17994.845,18501.282,-506.43671,-4.2485371,0.37250935
5443,17209.207,17424.215,-215.00827,-1.7326877,0.35961084
5444,15585.013,15937.351,-352.33821,-3.0475695,0.19900548
5445,15659.382,15921.628,-262.24589,-2.1960402,0.070527264
5446,16382.093,16775.616,-393.52301,-3.3594708,-1.2086889
5447,16839.747,17128.415,-288.66785,-2.588161,-1.0958922
5448,16780.156,17101.881,-321.72457,-2.9412524,0.40272924
5449,16586.13,17164.284,-578.15372,-5.18638,0.014299648
5450,16516.529,16558.925,-42.39628,-0.3716084,-0.49851704
5451,15690.369,16226.273,-535.90384,-4.7597359,-0.64342807
5452,16107.501,16505.367,-397.86567,-3.6987251,-0.54919645
5453,16119.419,16393.336,-273.9169,-2.5297681,-0.047670025
5454,15679.404,16161.413,-482.00857,-4.3287255,-0.83322268
5455,15586.443,15876.914,-290.47042,-2.4221586,-0.63809058
5456,14736.924,15104,-367.07635,-3.2287522,-1.2392598
5457,14559.583,15003.762,-444.17913,-3.9934861,-1.9246271
5458,14551.479,14795.424,-243.9456,-2.131026,-1.0112366
5459,13544.164,13894.265,-350.101,-3.1268252,-0.56110266
5460,13465.028,13783.217,-318.18896,-2.8627666,0.36691791
5461,13018.339,13324.284,-305.94515,-2.7494996,1.4381718
5462,12438.644,12829.973,-391.32881,-3.4319611,1.9255329
5463,11775.523,11999.079,-223.55542,-1.886934,0.41020716
5464,10933.631,11504.768,-571.13647,-5.0664171,-0.51099857
5465,11035.65,11098.902,-63.252204,-0.57168026,-0.012821479
5466,10424.968,10852.238,-427.26966,-3.8547819,1.353854
5467,10120.343,10398.219,-277.87617,-2.4288384,0.49622767
5468,9732.7672,10003.655,-270.88729,-2.3035888,0.048066365
5469,9403.352,9591.4012,-188.0492,-1.6311037,1.0802154
5470,9065.3557,9287.2476,-221.89192,-1.8512794,0.29974137
5471,8990.0335,9344.2457,-354.21216,-2.9737695,-0.26889885
5472,9158.7933,9225.3359,-66.542596,-0.58023545,0.19237387
5473,8880.3873,9197.3282,-316.94088,-2.7907508,-1.2709807
5474,8998.1378,9260.714,-262.57621,-2.3058443,-2.0549692
5475,9101.5866,9051.3935,50.193118,0.43067559,-1.386496
5476,9114.9348,9472,-357.06518,-3.1049128,0.11217281
5477,9480.581,9621.3743,-140.79327,-1.2615681,-0.51331676
5478,9491.0689,9598.7716,-107.70269,-0.99870572,-0.47309142
5479,9733.7207,10101.436,-367.71503,-3.2509699,-0.67782044
5480,9984,10023.309,-39.309021,-0.33390441,-0.53074131
5481,10019.277,10400.676,-381.39816,-3.2372734,-0.80686703
5482,10260.976,10488.138,-227.1624,-1.9671054,-2.1549448
5483,10532.708,10737.259,-204.55148,-1.7996774,-0.64435183
5484,10585.624,10825.704,-240.08058,-2.0982413,0.42608539
5485,10774.406,11043.378,-268.97216,-2.3630621,-0.49774942
5486,11035.173,11251.225,-216.05138,-1.9545929,0.86639231
5487,11017.058,11287.094,-270.03632,-2.4115835,0.69122116
5488,11077.601,11327.386,-249.78431,-2.1373289,0.26268403
5489,11129.088,11414.848,-285.76085,-2.4763043,0.31102902
5490,11180.574,11356.376,-175.80264,-1.5778208,-0.45720056
5491,11091.426,11375.048,-283.62154,-2.5616126,0.82770301
5492,11024.209,11291.516,-267.30775,-2.4029955,1.193473
5493,11074.264,11334.756,-260.49181,-2.3061761,1.7147532
5494,10755.337,11021.758,-266.4211,-2.3073762,0.53414608
5495,10871.181,11060.576,-189.39518,-1.5832828,-1.0456093
5496,10764.395,11167.693,-403.29811,-3.3726154,-0.065416546
5497,10303.404,10511.724,-208.31951,-1.7593604,0.98775482
5498,10305.311,10608.522,-303.21109,-2.5560198,0.42283094
5499,10577.996,10944.123,-366.12657,-3.1893624,0.58138598
5500,11807.464,11818.257,-10.793511,-0.075652839,1.4080927
5501,15851.024,16081.321,-230.29633,-1.4530742,1.7160449
5502,22640.507,22770.733,-130.22669,-0.7554578,0.90859182
5503,24127.404,24343.094,-215.68995,-1.8556972,0.48741417
5504,26590.629,27410.18,-819.551,-5.6383561,0.13296659
5505,29042.413,29601.658,-559.24494,-4.6940697,0.4929955
5506,31014.138,31510.111,-495.97352,-5.534817,3.3528221
5507,29156.35,29922.027,-765.67678,-6.4928695,0.50485709
5508,28747.799,29402.165,-654.36618,-5.8273143,1.5914742
5509,29311.762,30017.351,-705.58961,-6.5158045,1.4775691
5510,30413.467,30926.372,-512.90495,-5.1917719,1.2944718
5511,30909.736,31413.804,-504.06865,-5.6476799,1.773542
5512,31507.546,31946.441,-438.89583,-6.0309913,3.8239776
5513,31734.466,32059.455,-324.98935,-5.2291659,4.2416879
5514,31334.495,31864.384,-529.88853,-7.0100397,3.8001637
5515,30312.879,30808.937,-496.0577,-4.7887772,2.5949095
5516,28774.019,29627.209,-853.19059,-7.6377456,-1.0259136
5517,27171.754,27926.603,-754.8485,-6.1738751,-0.34922511
5518,25238.644,25886.464,-647.82017,-5.0932867,-0.22577891
5519,22638.6,23333.835,-695.23531,-5.5381447,-0.34690023
5520,20700.723,21240.63,-539.90703,-4.3930542,-1.3576787
5521,18877.736,19524.791,-647.05522,-5.0265276,-1.0185184
5522,16352.536,16719.109,-366.57309,-2.8487383,-0.02274832
5523,13936.983,14475.056,-538.07242,-4.6930536,-0.82830266
5524,12117.81,12727.278,-609.46826,-5.1731863,-0.39394617
5525,10522.696,10524.008,-1.3112157,-0.011283446,0.040965495
5526,9082.5177,9606.6334,-524.11571,-4.5596583,1.0916142
5527,8053.7505,8236.2226,-182.47218,-1.6024338,1.3367953
5528,7163.2328,7340.9597,-177.72692,-1.5671051,1.3504085
5529,6528.2384,6877.1132,-348.87488,-3.1116072,0.27781888
5530,6247.4488,6312.5374,-65.088638,-0.56504103,0.80397464
5531,5722.5773,6021.6507,-299.07339,-2.5554616,-0.0088518718
5532,5238.2272,5399.5854,-161.35822,-1.4032713,0.41489761
5533,4998.4358,5060.5451,-62.109351,-0.56352827,0.90319309
5534,4626.5922,4765.7274,-139.13527,-1.2653943,1.5823637
5535,4716.216,4796.6833,-80.467286,-0.71682748,0.40769839
5536,5085.1993,5226.6257,-141.42646,-1.2786341,-0.56893163
5537,5438.4507,5533.7274,-95.276795,-0.86157424,-0.36801443
5538,5936.149,6094.3724,-158.22339,-1.3627303,0.31356159
5539,6499.1583,6768.5221,-269.36379,-2.4057507,-0.43353467
5540,7523.635,7485.9117,37.723301,0.34442338,0.2001496
5541,8212.9758,8508.4376,-295.46183,-2.6976073,-1.0554859
5542,9167.851,9345.2284,-177.37738,-1.5309661,-1.1783603
5543,10303.881,10503.862,-199.98098,-1.6892212,-0.54195414
5544,11327.881,11555.869,-227.98866,-2.0176044,-2.5142109e-05
5545,12171.203,12441.797,-270.59357,-2.2656618,0.24133117
5546,13262.421,13689.367,-426.94575,-3.5702036,-0.77305784
5547,14219.203,14364.008,-144.8047,-1.2779158,-0.55654803
5548,14632.998,15035.701,-402.70244,-3.5690974,0.11103739
5549,15344.745,15745.228,-400.48353,-3.658351,-0.024911895
5550,15812.886,15898.042,-85.155821,-0.75057088,0.10446304
5551,15867.233,16497.996,-630.76339,-5.5766819,2.1288786
5552,16257.669,16515.685,-258.01669,-2.3819686,1.5511785
5553,16068.41,16526.004,-457.59416,-4.1333721,0.43492308
5554,16341.095,16795.271,-454.17566,-3.9144642,-1.2841976
5555,16179.486,16521.582,-342.09554,-2.9965928,0.3184819
5556,15964.961,16519.616,-554.65523,-4.9235835,-0.55918531
5557,15855.315,16256.737,-401.42233,-3.5262764,0.17348424
5558,15612.663,16045.451,-432.78811,-3.7412701,0.67513629
5559,15286.108,15649.413,-363.30466,-3.1576296,2.5465611
5560,15831.002,16329.95,-498.94823,-4.3100889,1.3836407
5561,14854.197,15184.092,-329.89474,-2.9125611,1.6088746
5562,16056.492,16473.919,-417.42777,-3.6147593,1.1608479
5563,15399.091,15758.004,-358.91259,-3.0760809,-0.94326901
5564,15458.205,15895.094,-436.88921,-3.52305,0.28404498
5565,13976.551,14245.098,-268.54668,-2.4334171,-0.026542935
5566,15594.071,16041.52,-447.44939,-3.8992449,0.66667595
5567,17200.626,17543.616,-342.99042,-2.9310585,0.22272727
5568,16261.006,16780.038,-519.0328,-4.3107841,0.34005423
5569,14855.628,15089.259,-233.63156,-2.0172999,0.047213601
5570,14654.927,15088.768,-433.84038,-3.5993108,0.13546654
5571,15472.983,16013.021,-540.03787,-4.6394453,-1.0033348
5572,15891.069,16116.699,-225.62976,-1.9925045,-0.69439843
5573,15807.642,16331.424,-523.78173,-4.7060701,-1.6608863
5574,15720.879,16164.852,-443.97325,-4.0840716,0.072808511
5575,15469.646,15737.858,-268.21178,-2.3642948,0.83146568
5576,14826.071,15354.104,-528.03288,-4.6478902,0.8974135
5577,15176.462,15475.962,-299.49979,-2.6259174,0.60655216
5578,15213.646,15617.474,-403.82791,-3.5609487,-0.13818696
5579,14904.253,15228.315,-324.06152,-2.8179623,-2.2248934
5580,14653.974,15093.19,-439.21609,-3.7676408,-1.9337942
5581,13967.97,14327.647,-359.67663,-3.1718487,-0.30495652
5582,13749.631,14140.438,-390.80634,-3.4738824,-1.0868141
5583,13737.713,14227.9,-490.18697,-4.274491,0.36592824
5584,12902.972,13098.749,-195.77649,-1.680502,0.67196789
5585,12635.531,13235.839,-600.30805,-5.2281577,1.327654
5586,12476.782,12688.952,-212.16989,-1.8594431,0.67033389
5587,11766.942,12232.967,-466.0251,-4.0147658,1.3282082
5588,11276.395,11589.282,-312.88736,-2.6846402,2.1718585
5589,10559.404,10913.167,-353.76289,-3.0264761,1.4693571
5590,10484.082,10855.186,-371.10424,-3.4004015,0.88968491
5591,10176.596,10407.063,-230.46744,-2.1322411,-0.41126605
5592,9707.0242,10074.902,-367.8779,-3.2457027,0.92818578
5593,9556.3799,9814.9712,-258.59132,-2.1566759,0.31725635
5594,9182.6294,9271.524,-88.89457,-0.76879389,-0.094302014
5595,8793.6238,9248.9213,-455.29747,-3.870848,0.94238448
5596,8866.0857,9060.238,-194.15234,-1.6081466,1.0824306
5597,8906.1304,9126.0806,-219.95026,-1.8968126,-0.0082749067
5598,8722.1155,9084.8061,-362.69069,-3.2918113,-0.23599346
5599,8800.298,9024.8599,-224.56193,-2.0167109,-2.4859511
5600,8738.8007,8987.5163,-248.71557,-2.2528821,-0.13313438
5601,8898.0261,9147.2092,-249.18314,-2.2512287,0.49196994
5602,9072.5065,9423.3551,-350.84857,-3.1294148,0.96753975
5603,9169.7579,9340.8061,-171.04823,-1.4988806,-0.52868834
5604,9372.8417,9662.1574,-289.31568,-2.4653475,-1.5552417
5605,9462.4655,9798.7562,-336.29069,-2.8098666,-1.4292656
5606,9729.9069,9867.0557,-137.14877,-1.1867528,-0.99484103
5607,9736.581,10133.866,-397.28464,-3.4485516,-1.9370513
5608,10171.829,10340.729,-168.90069,-1.4676469,-0.087066871
5609,10067.903,10307.808,-239.9049,-2.0605815,0.4348884
5610,10212.827,10647.34,-434.51292,-3.7259184,1.4632003
5611,10581.81,10654.219,-72.408754,-0.62264518,0.63310983
5612,10367.285,10806.05,-438.76499,-3.9589376,0.86784357
5613,10569.892,10807.033,-237.14064,-2.0638782,0.9040726
5614,10510.302,10833.075,-322.77318,-2.8322148,1.1618518
5615,10517.929,10865.013,-347.0842,-3.0747832,2.0551944
5616,10503.628,10736.276,-232.64883,-2.1361349,0.91515916
5617,10270.987,10735.785,-464.79806,-4.0732849,0.93078891
5618,10562.741,10732.345,-169.60433,-1.4704518,0.21516737
5619,10075.531,10343.186,-267.65545,-2.3575895,0.032030971
5620,10209.49,10593.29,-383.80007,-3.3287718,0.33854732
5621,10219.024,10462.587,-243.56312,-2.121237,-0.22250952
5622,9695.5829,9979.0864,-283.5035,-2.4726088,-0.12940972
5623,9888.1788,10138.288,-250.10914,-2.1274425,0.74180502
5624,9936.8045,10331.393,-394.589,-3.3815852,-0.49450071
5625,11252.559,11360.798,-108.23981,-0.77711311,1.0596007
5626,15361.43,15574.726,-213.29536,-1.3424206,0.049884687
5627,22780.663,22994.795,-214.13168,-1.1258554,1.856164
5628,25799.27,25645.697,153.57328,1.3041913,0.69406779
5629,29539.158,29411.01,128.14869,0.88307135,-0.55850215
5630,31632.447,31515.025,117.42198,1.4991486,-0.91541187
5631,32074.369,32049.136,25.232439,0.4490448,-0.74513728
5632,30625.132,30775.524,-150.39178,-1.4345562,0.14327151
5633,30593.192,30505.766,87.425971,0.87548872,-0.50998637
5634,30814.391,30889.029,-74.637729,-0.76375469,0.92536377
5635,31566.659,31710.587,-143.92811,-1.9189128,0.51619875
5636,32089.147,32074.196,14.951336,0.27094268,0.17076821
5637,32359.926,32389.159,-29.233797,-0.90622988,0.32424484
5638,32445.259,32417.658,27.600496,1.2313574,-0.73841054
5639,32296.521,32322.825,-26.303921,-0.7342345,1.0640978
5640,31811.218,31871.263,-60.045079,-0.89380856,1.3847128
5641,30668.514,30697.397,-28.883346,-0.28624731,1.7080242
5642,28762.577,28951.585,-189.00813,-1.5624083,1.1402842
5643,26648.79,26738.488,-89.697952,-0.68395215,0.57116459
5644,23803.709,23824.706,-20.996837,-0.16020521,0.52566413
5645,21469.676,21804.714,-335.03803,-2.7459178,-0.47661786
5646,19358.272,19561.643,-203.37111,-1.580358,0.11148396
5647,16607.106,16794.288,-187.18176,-1.4791878,0.53880915
5648,14176.775,14390.05,-213.27523,-1.7731222,-0.27143058
5649,11925.214,12344.507,-419.29257,-3.3886411,0.14024471
5650,10006.406,10086.203,-79.797496,-0.65374209,-2.0778413
5651,8493.2886,8849.9347,-356.6461,-3.1429995,-0.073925426
5652,7325.7952,7624.9674,-299.17221,-2.6757617,0.49141926
5653,6618.8156,6737.0749,-118.25921,-1.0838502,0.73988613
5654,5931.8585,6287.4779,-355.61945,-3.0149956,-0.72583136
5655,5652.0223,5889.9655,-237.9431,-2.0213838,-1.0261985
5656,5085.1993,5306.7179,-221.5186,-1.8894638,-1.3238895
5657,4441.1471,4863.0173,-421.87016,-3.7024197,-2.2930328
5658,4278.5847,4459.6084,-181.02372,-1.5975695,-0.7555396
5659,3771.8287,4041.4587,-269.63006,-2.384953,-0.39870969
5660,3876.2309,4223.263,-347.03204,-3.0686209,1.1162735
5661,4380.1266,4516.6065,-136.4799,-1.2059517,0.28133197
5662,4696.6704,4999.6161,-302.94573,-2.5334728,-0.49060297
5663,5430.3464,5580.8983,-150.5519,-1.3111755,0.39981452
5664,5970.473,6313.0288,-342.55579,-2.9202388,1.2968881
5665,7093.1546,7221.5585,-128.40398,-1.1319792,1.8986046
5666,7948.8715,8153.1823,-204.31083,-1.8172755,1.3047899
5667,8999.568,9159.0019,-159.43395,-1.3720296,1.2457271
5668,10369.192,10455.217,-86.025084,-0.72276327,1.6389465
5669,11371.263,11514.104,-142.84108,-1.2217906,-0.20181885
5670,12479.642,12606.403,-126.76061,-1.0486629,-0.082709439
5671,13642.369,13805.82,-163.45086,-1.3786096,0.44914012
5672,14642.056,14671.601,-29.544902,-0.26239105,0.19451687
5673,15243.68,15402.257,-158.5775,-1.4302861,0.49977813
5674,15899.65,16078.372,-178.72245,-1.5858706,-0.5826417
5675,16426.905,16344.2,82.705412,0.71322565,0.10548142
5676,16546.086,16785.935,-239.84908,-2.0848054,0.84656043
5677,16856.432,16896.983,-40.550696,-0.35564653,0.93259444
5678,16867.873,16935.309,-67.435651,-0.59999951,0.37269742
5679,16973.229,17120.061,-146.83237,-1.29495,-0.41837405
5680,16864.06,16966.265,-102.20528,-0.89145446,-1.1551912
5681,16711.508,16798.219,-86.71043,-0.76116614,-1.6072339
5682,16551.33,16639.017,-87.687666,-0.75007081,-2.4305467
5683,16362.547,16452.299,-89.751938,-0.78233545,-0.48209553
5684,15860.082,15903.939,-43.856643,-0.39315682,0.90505791
5685,16537.505,16798.71,-261.20552,-2.2640709,1.2680542
5686,15523.993,15424.369,99.624029,0.83385789,0.37555464
5687,16641.43,16917.62,-276.18979,-2.3389881,0.64692498
5688,16087.002,16123.086,-36.08451,-0.30487529,-0.10136504
5689,16034.562,16262.633,-228.07101,-1.8639184,0.65185904
5690,14627.754,14647.033,-19.27844,-0.16480229,1.2356103
5691,16223.345,16318.649,-95.304246,-0.81494922,0.75279354
5692,17810.354,17941.62,-131.26614,-1.1107071,0.031350357
5693,17011.367,17123.501,-112.13411,-0.91079689,0.65421185
5694,15481.088,15495.616,-14.5286,-0.12537555,1.5419458
5695,15352.372,15484.806,-132.4337,-1.130598,0.75586187
5696,16166.615,16328.967,-162.35285,-1.4126117,-0.38732896
5697,16662.406,16576.123,86.283118,0.76433042,-1.7391711
5698,16564.678,16756.944,-192.2665,-1.748433,-1.9591923
5699,16424.998,16595.286,-170.28785,-1.5484729,-1.1803984
5700,16245.75,16170.749,75.001905,0.66894855,-0.77346677
5701,15551.642,15720.169,-168.52645,-1.5147559,-1.1607074
5702,15858.175,15988.944,-130.76929,-1.2017055,-0.096764495
5703,15925.393,15966.833,-41.44009,-0.378851,-0.76392267
5704,15494.436,15653.344,-158.90782,-1.3901438,-2.3724524
5705,15280.864,15418.472,-137.60811,-1.1602603,-2.5145278
5706,14550.048,14580.207,-30.158877,-0.26354807,-2.0427106
5707,14354.115,14440.169,-86.05345,-0.7705436,-2.0845648
5708,14306.443,14405.282,-98.838947,-0.86943164,-1.759458
5709,13351.568,13365.067,-13.499208,-0.11481712,1.0078995
5710,13205.214,13384.722,-179.50754,-1.592808,0.88666703
5711,12845.765,12848.645,-2.8795505,-0.024905185,1.2692004
5712,12252.246,12379.885,-127.63903,-1.0848608,-0.14668393
5713,11587.218,11691.486,-104.26773,-0.88471686,-0.76617534
5714,10855.449,11000.138,-144.68941,-1.2457414,1.5450991
5715,10793.475,10896.952,-103.47716,-0.92447856,1.7239818
5716,10379.68,10421.313,-41.633158,-0.36591564,2.5704443
5717,9927.27,10156.468,-229.19831,-1.9536853,1.0432052
5718,9695.5829,9761.904,-66.321163,-0.55498247,0.94744521
5719,9244.6034,9307.3935,-62.790122,-0.54178529,1.2796315
5720,8887.0615,9144.261,-257.19958,-2.2180301,0.88211606
5721,8904.2235,9014.0499,-109.82644,-0.94260013,1.4243872
5722,9025.7877,9077.9271,-52.139354,-0.47154401,1.4406811
5723,8807.4488,8994.3954,-186.9466,-1.7196449,-0.63380874
5724,8834.1453,9040.5835,-206.43824,-1.8941411,-0.90283127
5725,8937.594,8908.8983,28.695768,0.2535401,-0.68714704
5726,9008.149,9149.666,-141.51705,-1.2775356,0.95743277
5727,9320.879,9450.38,-129.50108,-1.1963626,0.71252056
5728,9328.9832,9355.547,-26.563785,-0.24568146,-0.34544809
5729,9576.879,9752.0768,-175.19782,-1.5349098,-0.97266801
5730,9717.9888,9849.858,-131.86914,-1.119729,-0.80580846
5731,9994.9646,9943.2169,51.747728,0.44161761,-0.82537567
5732,9999.2551,10285.205,-285.95025,-2.5003754,-1.6362238
5733,10490.756,10385.443,105.31267,0.92218645,-1.8438992
5734,10351.076,10479.294,-128.21732,-1.1145269,-0.86171293
5735,10550.346,10733.82,-183.47321,-1.610441,-0.3257421
5736,10820.648,10735.294,85.354379,0.77052787,1.3976736
5737,10743.896,10954.441,-210.54574,-1.867251,0.12084688
5738,10881.192,10895.969,-14.777483,-0.12675878,-1.2809331
5739,10789.661,11013.896,-224.23527,-1.9073703,0.23485551
5740,10936.015,10948.545,-12.530208,-0.11394232,0.26057477
5741,10843.531,10847.816,-4.2850127,-0.03794234,0.68455856
5742,10719.583,10917.589,-198.00638,-1.7627727,1.2048783
5743,10876.425,10805.559,70.86604,0.6029129,0.2788637
5744,10449.758,10556.438,-106.67971,-0.92217804,-1.0760633
5745,10586.101,10674.365,-88.264125,-0.74905319,-1.6823561
5746,10543.196,10589.359,-46.163394,-0.40133239,-0.36110548
5747,10016.417,10151.555,-135.13757,-1.175865,0.50664861
5748,10217.117,10127.478,89.639391,0.76024366,1.1334368
5749,10185.654,10537.766,-352.1122,-3.0728574,0.430264
5750,11474.235,11379.962,94.273025,0.67385505,-0.8285526
5751,15064.909,15348.207,-283.29854,-1.8497377,-0.077770636
5752,21483.024,22145.228,-662.2042,-3.8476416,0.57064802
5753,23124.857,23557.405,-432.54838,-3.8409508,0.24183483
5754,25636.231,26584.2,-947.9687,-6.3917067,1.0438457
5755,28216.73,29024.798,-808.06848,-6.6593206,-0.57482012
5756,30269.497,31061.497,-791.99991,-7.6140055,2.2534301
5757,28592.864,29610.994,-1018.1302,-8.6260591,-1.5746455
5758,28113.281,28785.013,-671.73224,-5.9822117,-0.34572701
5759,28347.829,29404.131,-1056.3018,-9.2359955,1.2276961
5760,29587.307,30446.802,-859.49504,-8.1931086,1.7881978
5761,30183.21,30860.53,-677.31932,-6.7919219,1.3612752
5762,30864.924,31646.71,-781.78652,-9.3579077,4.1897916
5763,31314.95,31760.706,-445.75661,-5.9107306,1.9903311
5764,30648.492,31619.685,-971.1936,-11.3404,4.0786371
5765,29718.406,30453.681,-735.27542,-6.7352569,1.9006909
5766,28025.564,29025.29,-999.72558,-8.8384503,0.38389766
5767,26532.946,27552.184,-1019.2383,-8.652186,0.51126779
5768,24700.901,25384.783,-683.88181,-5.3668566,0.26653295
5769,22061.289,22873.428,-812.13938,-6.4530005,0.010584536
5770,20218.279,20756.637,-538.35791,-4.3854112,-0.23524837
5771,18377.654,18994.119,-616.46537,-4.778636,-0.29929743
5772,16069.363,16393.336,-323.97276,-2.5506732,-0.96409404
5773,13698.622,13949.298,-250.67553,-2.1334644,-1.4473153
5774,11827.009,12343.033,-516.02332,-4.4731019,0.53768523
5775,10322.473,10145.167,177.30601,1.5091888,-0.024905742
5776,8816.5065,9156.5451,-340.03859,-2.9176823,0.58912486
5777,7828.2607,7912.906,-84.645242,-0.74248151,0.52309924
5778,7012.5885,6879.5701,133.0184,1.2332473,0.99100923
5779,6206.9274,6506.6257,-299.69835,-2.6490896,0.27953189
5780,6048.6555,5915.025,133.63054,1.1434685,0.61838776
5781,5490.4134,5553.382,-62.96855,-0.54155858,-1.1300767
5782,5054.2123,5102.3109,-48.09865,-0.4289317,-1.6279821
5783,4793.4451,4648.7831,144.66196,1.3138808,-1.4541806
5784,4307.1881,4391.8004,-84.612302,-0.74885758,-0.85886499
5785,4489.7728,4385.4127,104.36014,0.93855226,0.1287783
5786,4795.352,4682.6871,112.66482,1.0228319,0.087207787
5787,5141.4525,5190.7562,-49.303724,-0.44020771,-0.90221193
5788,5691.1136,5567.6315,123.48212,1.0703455,-1.3484642
5789,6099.6648,6387.7159,-288.05113,-2.5339901,-0.4715051
5790,7176.581,7010.7639,165.81709,1.4893555,0.20106369
5791,7780.5885,7985.6276,-205.03918,-1.828674,0.56517385
5792,8755.486,8895.1401,-139.65408,-1.1924125,-0.011748712
5793,9844.797,9984,-139.20298,-1.2121169,0.19086024
5794,10714.339,11043.869,-329.53056,-2.8630172,0.40635667
5795,11686.853,11907.194,-220.34097,-1.8045357,-0.53521704
5796,12635.531,13050.595,-415.06428,-3.3715643,-0.34938723
5797,13642.369,13879.033,-236.66391,-2.0668515,-0.18163831
5798,14001.818,14431.324,-429.50687,-3.8856063,-0.1750451
5799,14650.637,15208.169,-557.53203,-5.0799136,0.73178935
5800,15236.052,15324.622,-88.569739,-0.78690223,-0.015176958
5801,15266.562,15825.321,-558.75815,-4.9391932,1.3611805
5802,15628.395,16000.737,-372.34226,-3.3283266,0.62840583
5803,15492.052,15907.378,-415.32598,-3.6883664,0.70811402
5804,15640.79,16269.021,-628.23154,-5.5034542,0.39092205
5805,15582.629,15931.946,-349.31683,-3.0674875,1.5645921
5806,15358.57,15915.24,-556.67009,-4.9402121,0.89207935
5807,15253.691,15739.823,-486.13254,-4.2792153,-0.47115553
5808,15061.572,15517.727,-456.15575,-4.0684316,0.81099267
5809,14575.315,15053.39,-478.07492,-4.3371785,0.44086113
5810,15298.026,15786.994,-488.96817,-4.3406807,0.93050386
5811,14213.959,14542.864,-328.90469,-2.863837,1.3780797
5812,15446.287,15990.91,-544.62301,-4.7944453,1.315172
5813,14773.631,15176.23,-402.59904,-3.6047285,0.058444401
5814,14786.026,15354.595,-568.56894,-4.6532536,-0.52444397
5815,13378.264,13662.833,-284.56858,-2.5206197,0.50022075
5816,14928.566,15361.965,-433.39934,-3.6856476,0.62747463
5817,16594.711,17014.418,-419.70707,-3.5974697,0.73270761
5818,15708.961,16153.551,-444.58997,-3.6103314,1.2368485
5819,14197.274,14610.672,-413.39804,-3.5627767,1.300117
5820,14058.071,14471.616,-413.54536,-3.412252,0.56865412
5821,14851.814,15434.196,-582.382,-4.9901043,-0.091517462
5822,15318.048,15596.837,-278.78844,-2.5124639,-1.6523238
5823,15184.566,15737.858,-553.29186,-5.2221936,-0.74537671
5824,15051.561,15632.706,-581.14581,-5.4712022,-0.2405253
5825,14851.337,15125.62,-274.2829,-2.4756698,1.0549686
5826,14183.926,14705.505,-521.57929,-4.655473,1.4175543
5827,14559.583,14967.893,-408.30965,-3.7906834,0.55826545
5828,14575.315,14985.582,-410.26686,-3.7724169,-0.22373378
5829,14175.345,14667.179,-491.834,-4.4981574,-0.26363834
5830,14054.734,14478.987,-424.25286,-3.6070497,0.84285693
5831,13291.024,13641.213,-350.18884,-3.0161571,-0.11658379
5832,13129.892,13632.86,-502.96789,-4.560343,-0.65068025
5833,13158.495,13508.054,-349.5584,-3.1812649,-0.52017322
5834,12226.503,12594.119,-367.61621,-3.2701845,-0.37098267
5835,12171.203,12558.25,-387.04654,-3.4065511,1.8915991
5836,11830.346,12174.004,-343.65747,-3.1082477,0.36879861
5837,11329.788,11671.34,-341.55202,-2.9872065,0.057225963
5838,10679.061,11010.457,-331.39536,-2.8965102,0.052157853
5839,9943.9553,10382.987,-439.03126,-3.840989,-0.87151697
5840,9981.6164,10198.726,-217.10914,-1.9552477,0.66674492
5841,9561.6238,9852.8061,-291.18231,-2.5867345,-0.27416614
5842,9261.2886,9544.7217,-283.43305,-2.5073407,0.59728397
5843,8929.9665,9219.4395,-289.47306,-2.4726251,0.030735258
5844,8600.5512,8758.0499,-157.49869,-1.4085888,0.04543695
5845,8302.1229,8578.7025,-276.57959,-2.3719485,-0.42008949
5846,8274.9497,8505.9808,-231.03109,-1.9364608,-0.71456001
5847,8458.4879,8580.1766,-121.68869,-1.0625638,-0.42152428
5848,8133.3631,8442.1036,-308.74052,-2.828106,0.40521024
5849,8232.5214,8527.1094,-294.58799,-2.7056406,0.10403959
5850,8304.5065,8332.0384,-27.53187,-0.2505481,1.1198557
5851,8279.7169,8661.2514,-381.53449,-3.4692014,1.7558506
5852,8663.0019,8838.142,-175.14017,-1.5752791,0.11125827
5853,8477.5568,8744.2917,-266.73495,-2.4043342,0.019556838
5854,8821.2737,9149.1747,-327.90092,-2.935262,-1.5552292
5855,8860.8417,9126.0806,-265.2389,-2.2903767,0.32485059
5856,9106.8305,9283.3167,-176.48616,-1.5251146,0.43177703
5857,9170.2346,9518.6795,-348.44483,-3.0466234,-0.12109439
5858,9425.2812,9704.4146,-279.1334,-2.566774,0.00023053273
5859,9483.9181,9683.286,-199.36793,-1.7792982,0.72390703
5860,9579.2626,9965.8196,-386.55701,-3.4551719,0.46955188
5861,9915.352,10048.86,-133.50793,-1.2224124,0.081991148
5862,9791.4041,10156.96,-365.5556,-3.2944333,-0.29665481
5863,9847.6574,10130.917,-283.26011,-2.4759756,-0.2829767
5864,9868.1564,10218.38,-350.22361,-3.1361375,0.52044968
5865,9920.1192,10138.288,-218.16873,-2.0179365,0.998338
5866,9857.6685,10190.372,-332.70383,-3.0362744,0.24902518
5867,9770.4283,10053.774,-283.34521,-2.4917331,-1.0781418
5868,9722.2793,10155.486,-433.20627,-3.8326861,-0.29510008
5869,9551.6127,9758.9559,-207.34319,-1.8324015,0.36059742
5870,9473.9069,9868.5298,-394.62286,-3.4369178,-0.71757378
5871,9627.8883,9917.666,-289.77776,-2.485619,-0.76690244
5872,9061.5419,9244.499,-182.95714,-1.5484399,0.4053352
5873,9164.9907,9578.6257,-413.63503,-3.4052932,0.71884231
5874,9354.7263,9692.1305,-337.40426,-2.9336239,0.42854783
5875,10502.197,10605.574,-103.3765,-0.73091475,0.20272582
5876,14486.644,14866.672,-380.02746,-2.4606389,0.40728701
5877,21489.222,21843.04,-353.81871,-1.9324558,1.5077695
5878,24240.387,24378.964,-138.57619,-1.1841608,0.087308583
5879,28182.883,28119.217,63.665791,0.40740813,0.26220015
5880,30940.246,30693.958,246.28804,2.5102205,-1.2691244
5881,32025.266,31880.107,145.15881,2.3267372,-1.3018397
5882,30804.857,30350.004,454.85277,4.3388049,-2.532684
5883,30334.331,29953.965,380.36602,3.6851308,0.054366248
5884,30627.039,30273.351,353.68786,3.4329042,0.64765408
5885,31319.717,31277.697,42.020209,0.49927255,0.20249533
5886,31964.246,31784.783,179.4627,2.6840707,-1.7036569
5887,32256,32239.294,16.706334,0.40702419,0.38883052
5888,32403.307,32335.601,67.706495,2.3005178,-1.9085961
5889,32276.499,32136.599,139.90022,3.0716765,-1.6316213
5890,31741.616,31467.363,274.25362,3.6735998,-2.1917215
5891,30668.991,30234.534,434.4571,4.2508801,-0.84485565
5892,28774.495,28325.098,449.39746,3.7615975,-1.785163
5893,26635.918,26232.875,403.04282,3.1004052,0.15740994
5894,23789.408,23338.749,450.65926,3.5060357,0.88993378
5895,21360.03,21207.217,152.8129,1.2474468,0.093375825
5896,19376.387,19214.741,161.64645,1.2537422,-0.78752838
5897,16563.724,16265.09,298.63418,2.3870113,-0.2936392
5898,13871.196,13954.211,-83.015602,-0.68815701,-1.5197168
5899,11791.255,11865.919,-74.664265,-0.62108031,0.72019024
5900,9710.3613,9613.5125,96.84879,0.81214112,-0.48185112
5901,8276.8566,8449.9655,-173.10884,-1.4809275,0.92659773
5902,6781.378,7062.357,-280.97898,-2.4493439,0.88342223
5903,6067.7244,6211.8081,-144.08367,-1.2775764,-0.57223429
5904,5329.2812,5641.8273,-312.54606,-2.6432437,-0.54125425
5905,5015.121,5220.238,-205.11696,-1.7468177,-0.47624364
5906,4576.5363,4741.1593,-164.623,-1.4169866,-0.89551427
5907,3837.1397,4214.4184,-377.27876,-3.3001944,-2.2372792
5908,3696.5065,3867.025,-170.51843,-1.521142,-0.68681345
5909,3102.987,3403.6699,-300.6829,-2.6934592,0.17133689
5910,3210.7263,3547.1478,-336.42154,-2.8839877,3.0067397
5911,3702.7039,3945.1516,-242.44772,-2.1694251,0.37317474
5912,3947.2626,4306.7946,-359.53206,-3.1656462,-0.24966353
5913,4634.2197,4928.3685,-294.14878,-2.5051588,0.66670586
5914,5155.7542,5587.286,-431.5318,-3.72766,0.79922307
5915,6296.5512,6414.2495,-117.69831,-1.0368736,2.4781772
5916,7212.8119,7469.2054,-256.39346,-2.3298848,1.02368
5917,8074.2495,8352.6756,-278.42609,-2.366886,0.80463327
5918,9557.3333,9711.2937,-153.96033,-1.2714962,0.32421479
5919,10529.847,10638.495,-108.6479,-0.94245096,-0.83214518
5920,11686.376,11772.069,-85.692934,-0.70581668,-0.66833547
5921,12894.391,13019.639,-125.24809,-1.0298598,0.33121971
5922,13852.603,13773.881,78.722354,0.70175227,-0.69258808
5923,14564.35,14654.894,-90.544341,-0.80652836,-0.35365094
5924,15161.683,15232.737,-71.053618,-0.63830668,-1.3909448
5925,15807.166,15571.777,235.38838,2.077576,-0.16061215
5926,15939.218,16011.547,-72.329148,-0.65262646,-0.14685954
5927,16291.039,16153.551,137.48824,1.2754341,0.17562606
5928,16247.657,16185.981,61.67655,0.56937503,-1.6502277
5929,16376.372,16369.75,6.6219596,0.05810882,-1.9764985
5930,16398.302,16188.929,209.37269,1.7767756,-0.86168929
5931,16148.976,16076.898,72.077519,0.6204113,-1.4125452
5932,15974.972,15916.714,58.258056,0.5145074,-0.85104486
5933,15805.736,15703.463,102.273,0.92371614,-1.0997073
5934,15308.991,15164.438,144.55307,1.2782597,0.61922212
5935,16070.793,15985.996,84.797135,0.71450394,0.22580884
5936,14929.043,14722.702,206.34034,1.686129,0.86947815
5937,16165.661,16098.518,67.142846,0.5681502,0.45522713
5938,15526.853,15457.781,69.071696,0.60093753,1.1153969
5939,15522.562,15502.987,19.575819,0.16366949,1.8174882
5940,14153.415,13975.34,178.07554,1.5190018,1.8716687
5941,15609.326,15544.261,65.064848,0.55409132,0.067126157
5942,17295.493,17251.747,43.746841,0.36508131,0.3014156
5943,16445.497,16404.146,41.351333,0.34843507,0.17417118
5944,14942.391,14780.192,162.19912,1.4277849,1.1778737
5945,14825.117,14708.453,116.66434,0.98413998,0.09736234
5946,15641.743,15624.353,17.38985,0.15014784,0.23246649
5947,16076.037,15811.071,264.96623,2.3371325,-0.012618666
5948,15982.123,15985.013,-2.8905307,-0.02644866,-1.9099011
5949,15876.291,15818.933,57.357681,0.51643481,-0.56432231
5950,15733.75,15358.035,375.71592,3.3265425,-1.4921727
5951,14976.715,14982.633,-5.9183135,-0.052729147,-0.49132756
5952,15390.987,15189.006,201.98121,1.8429806,0.7697571
5953,15310.421,15227.823,82.59744,0.73445897,-0.35869777
5954,14995.784,14889.766,106.01815,0.89045013,-2.3974706
5955,14798.898,14701.574,97.323683,0.79451997,-1.9242118
5956,14011.352,13861.835,149.51702,1.2583166,-2.6227953
5957,13801.594,13749.804,51.789818,0.45746765,-2.1900354
5958,13739.62,13686.418,53.201686,0.47309887,-1.233269
5959,12825.266,12642.273,182.99374,1.5735432,1.6771294
5960,12625.043,12618.196,6.8470532,0.059861321,1.8701725
5961,12314.22,12141.574,172.64584,1.5040649,1.836418
5962,11639.181,11686.572,-47.391344,-0.39555163,-0.12976951
5963,11015.628,10930.365,85.262877,0.73284211,0.41039235
5964,10296.73,10284.714,12.01597,0.10277406,2.331681
5965,10209.49,10116.177,93.313174,0.82529482,0.9313606
5966,9831.4488,9699.0096,132.43919,1.151362,0.49562051
5967,9336.6108,9435.6392,-99.028355,-0.84233163,-0.48600056
5968,9049.6238,9041.5662,8.0576173,0.066802074,0.81931948
5969,8730.2197,8561.5048,168.71494,1.4630893,0.79547166
5970,8240.6257,8468.6372,-228.01154,-2.0285432,0.13864918
5971,8372.2011,8289.7812,82.419927,0.70165448,-0.7074729
5972,8314.5177,8349.2361,-34.718394,-0.30296397,-0.51867486
5973,8155.2924,8207.2322,-51.939881,-0.46144977,-0.97110924
5974,8185.8026,8273.5662,-87.763612,-0.7697859,0.16008271
5975,8261.6015,8120.7524,140.84909,1.2228274,-1.0256837
5976,8350.2719,8400.8292,-50.557294,-0.44586936,-1.1419509
5977,8589.1099,8671.5701,-82.460188,-0.76478592,-0.022761053
5978,8633.4451,8530.0576,103.38748,0.95114129,-1.153442
5979,8889.9218,8997.8349,-107.91315,-0.91796539,-0.86875871
5980,9029.6015,8987.5163,42.085175,0.3508918,-1.1550454
5981,9298.473,9185.5355,112.93749,0.94570123,-1.4866139
5982,9302.7635,9468.0691,-165.3056,-1.418768,-2.5881479
5983,9730.8603,9593.3666,137.49373,1.2000498,-0.42850966
5984,9719.8957,9627.762,92.133721,0.82310353,-0.027705601
5985,9836.6927,9975.1555,-138.46273,-1.2150631,1.7722235
5986,10266.696,9950.5873,316.10913,2.8601244,0.55115667
5987,9989.2439,10151.063,-161.81939,-1.4322724,-0.70520667
5988,10246.197,10079.324,166.87302,1.4428165,0.031678646
5989,10088.402,10165.313,-76.910625,-0.67277934,1.6900812
5990,10250.488,10126.987,123.50133,1.1308684,2.4519504
5991,10207.106,10047.386,159.72035,1.4547617,1.3855153
5992,9968.7449,10118.142,-149.39716,-1.3416094,0.61652747
5993,10220.931,10012.99,207.9407,1.8425272,1.1373477
5994,9797.1248,9719.1555,77.969297,0.68523918,1.2079769
5995,9940.1415,9896.0461,44.095462,0.38249113,-0.37879662
5996,9904.8641,9818.4107,86.453311,0.7503408,-1.1628849
5997,9355.6797,9342.7716,12.908109,0.1144294,0.41749738
5998,9535.4041,9403.7006,131.70352,1.1298133,0.45162578
5999,9578.7858,9635.6238,-56.837953,-0.49428187,0.15008957
6000,10858.786,10590.342,268.4442,1.9130336,-0.10943519
6001,14736.924,14419.532,317.39198,2.0734349,-0.021666957
6002,21313.788,21175.278,138.5094,0.79285501,0.64271371
6003,23090.056,22725.036,365.0194,3.1562084,-0.0084140776
6004,25521.341,25348.914,172.42715,1.1464475,1.2305616
6005,28518.495,27770.349,748.14602,5.9443237,0.13110043
6006,30738.115,30316.591,421.52429,3.8979206,-1.1137138
6007,29102.957,28923.578,179.37943,1.4792683,-1.4749132
6008,28630.048,27818.994,811.05418,7.1584832,-1.0134972
6009,28960.894,28427.793,533.10115,4.5605631,0.56951262
6010,30138.399,29778.058,360.34093,3.4232922,-0.75863714
6011,30669.467,30076.315,593.15263,5.7774463,-0.37104399
6012,31254.406,30985.827,268.5787,2.9605193,-0.091352293
6013,31700.142,31209.889,490.25285,6.2010192,-3.9759693
6014,31211.024,30966.664,244.3601,2.7429855,-1.5693026
6015,30271.881,29651.777,620.10347,5.6231475,-0.30570045
6016,28778.309,28124.622,653.68724,5.8497703,1.0055979
6017,26954.369,26701.144,253.22476,2.0590947,0.91686406
6018,25185.251,24599.094,586.15735,4.5088039,1.1837964
6019,22310.615,21945.735,364.8794,2.8079585,1.5170639
6020,20428.037,19990.111,437.92592,3.5762956,0.59042148
6021,18472.998,18224.645,248.35322,1.998248,-0.24413386
6022,15875.337,15663.171,212.16623,1.7229787,-0.2775324
6023,13477.899,13177.858,300.04148,2.5892666,-1.4394122
6024,11462.793,11508.207,-45.413998,-0.38325909,0.86475161
6025,9908.2011,9477.405,430.79613,3.6102374,-0.75428544
6026,8367.9106,8366.4338,1.4768333,0.013262791,-0.98989409
6027,7209.4749,7226.4722,-16.997309,-0.15089597,-0.19518593
6028,6369.4898,6137.6123,231.87747,2.1172817,0.5965486
6029,5524.2607,5699.8081,-175.54735,-1.5442831,-0.93414248
6030,5331.1881,5193.2131,137.97503,1.2238869,-1.4190586
6031,4830.1527,4807.9846,22.168055,0.19603279,-2.2568968
6032,4193.7281,4359.8618,-166.13369,-1.4535001,-3.0474029
6033,4032.5959,3888.1536,144.44235,1.2892352,-1.4210764
6034,3464.3426,3574.6641,-110.32146,-0.97831004,-1.3196611
6035,3691.2626,3655.739,35.523606,0.31874574,0.45147142
6036,3932.4842,3947.6084,-15.124274,-0.1349011,1.7312097
6037,4278.108,4355.9309,-77.822895,-0.65904533,-0.23668247
6038,4848.2682,4765.7274,82.540709,0.71291104,-0.95103657
6039,5364.0819,5475.2553,-111.17334,-0.95887218,0.22065717
6040,6466.7412,6225.0749,241.6663,2.1462748,0.93129918
6041,7149.4078,7139.0096,10.398224,0.094757064,2.0954946
6042,8082.8305,8043.1171,39.713458,0.34705326,1.3463702
6043,9276.5438,9098.0729,178.47082,1.5422627,1.2426243
6044,10215.21,10126.495,88.715227,0.75847134,1.3703274
6045,11216.804,11030.603,186.20178,1.5741719,1.2878814
6046,12278.466,12166.633,111.83215,0.95607632,1.2204526
6047,13191.389,12922.349,269.03987,2.4533648,0.53709003
6048,13718.644,13577.827,140.81707,1.2833874,0.13653014
6049,14335.523,14220.53,114.99353,1.0335567,0.20837844
6050,14961.937,14494.219,467.71788,4.1095507,-0.63440492
6051,14973.855,14921.704,52.150334,0.47700647,0.23916787
6052,15406.719,15101.052,305.66698,2.8775274,0.19474868
6053,15267.993,14984.107,283.88507,2.6376507,-0.35907706
6054,15524.469,15280.399,244.07004,2.1737905,-1.2309596
6055,15446.764,15061.743,385.0207,3.3615626,-1.8055862
6056,15213.169,14985.582,227.58789,1.992308,-1.5901847
6057,15130.696,14873.551,257.1456,2.2359326,-1.2366942
6058,14896.149,14557.113,339.03573,2.9986649,0.43280057
6059,14493.318,14212.668,280.65049,2.5669401,-0.17243503
6060,15123.546,14886.818,236.72797,2.0748219,-0.56903497
6061,14072.372,13736.046,336.32637,2.9015678,0.27187255
6062,15221.274,15077.466,143.80733,1.2307492,-0.13882776
6063,14578.652,14326.664,251.98766,2.1795104,-0.098096999
6064,14617.266,14467.194,150.07244,1.2687544,0.12584394
6065,13202.831,12849.136,353.69426,3.1772261,0.95626255
6066,14661.601,14446.557,215.04487,1.8589199,0.92105585
6067,16367.315,16136.353,230.96154,1.936636,0.10318711
6068,15517.318,15295.631,221.68696,1.8017465,1.1305017
6069,14086.197,13681.996,404.20123,3.4783414,0.11997747
6070,13848.79,13606.326,242.46328,2.024352,0.42629477
6071,14712.134,14505.029,207.10529,1.7903076,-0.34928791
6072,15119.255,14745.305,373.94994,3.3870788,-0.81521445
6073,15039.166,14848.491,190.67437,1.7535916,0.088988202
6074,14883.277,14729.582,153.69589,1.4094435,0.36085255
6075,14735.493,14274.58,460.91383,4.0620719,0.14461801
6076,14008.015,13864.783,143.23179,1.2671536,-0.95856934
6077,14325.512,14073.121,252.39118,2.3444904,-0.76971344
6078,14347.918,14108.008,239.91039,2.2372244,-0.15390491
6079,14024.7,13746.856,277.84414,2.4495215,0.13680358
6080,13834.488,13593.551,240.93703,2.01832,-0.22617566
6081,13083.65,12797.052,286.59808,2.4693754,-0.78053919
6082,12888.67,12700.253,188.41703,1.6734621,-1.5269371
6083,12868.648,12598.05,270.59814,2.3354733,-0.13615184
6084,12036.291,11695.417,340.874,2.8949781,0.26633496
6085,11841.311,11699.839,141.47222,1.2397284,0.49867456
6086,11594.369,11231.57,362.79866,3.3198666,0.51387305
6087,10955.084,10844.376,110.7076,0.97837213,0.62716202
6088,10339.635,10092.1,247.5352,2.0513264,0.00044186081
6089,9640.2831,9577.1516,63.131423,0.55388039,-0.031696118
6090,9625.9814,9337.858,288.12341,2.6155424,0.32542584
6091,9167.851,9020.929,146.92204,1.3587748,0.78318579
6092,8765.4972,8701.0518,64.445383,0.56986768,-0.40235913
6093,8532.8566,8358.0806,174.776,1.5248661,0.09885838
6094,8176.7449,7906.5182,270.22664,2.3993097,0.0309535
6095,7796.3203,7749.2821,47.038148,0.40356197,-0.61087962
6096,7837.7952,7675.0864,162.70879,1.3843025,-0.15608476
6097,7878.7933,7689.8273,188.96604,1.6820593,0.36688647
6098,7672.8492,7561.0902,111.75895,1.0061059,-0.19370735
6099,7766.7635,7662.3109,104.45256,0.94391687,-1.1004955
6100,7771.054,7466.2572,304.79681,2.6723799,0.18357314
6101,7825.8771,7743.8772,81.999936,0.73756475,0.42059485
6102,8100.946,7964.499,136.44696,1.2775299,0.4885195
6103,8069.959,7849.0288,220.93024,2.0669895,0.75841406
6104,8336.9236,8298.6257,38.29793,0.33764957,-0.06811809
6105,8474.6965,8200.8445,273.85193,2.3689724,0.29413092
6106,8632.4916,8497.6276,134.86398,1.1714916,1.5636618
6107,8667.7691,8574.7716,92.997494,0.83375904,-0.32446227
6108,9011.486,8808.6603,202.82576,1.8214442,-0.015383661
6109,9053.4376,8803.2553,250.18234,2.2202573,0.44333904
6110,9121.6089,9056.7985,64.810474,0.56303165,-0.492353
6111,9483.4413,9168.3378,315.10353,2.8285774,0.63028475
6112,9347.0987,9215.0173,132.08142,1.1957054,-0.73184239
6113,9451.9777,9251.8695,200.10817,1.751644,-1.5866603
6114,9462.9423,9280.8599,182.08239,1.5852405,-0.77288606
6115,9524.4395,9240.5681,283.87134,2.5540139,-0.17388348
6116,9436.2458,9252.3608,183.88497,1.681448,0.69850344
6117,9307.5307,9167.3551,140.17564,1.2536205,0.48750507
6118,9452.4544,9216.9827,235.47165,2.1101427,1.0406785
6119,9053.4376,8857.3052,196.13243,1.739076,1.4925365
6120,9220.2905,9016.5067,203.78378,1.7179825,-1.2225713
6121,9133.527,9031.739,101.78804,0.87190516,-1.0604979
6122,8652.9907,8405.7428,247.24789,2.1118174,0.64660735
6123,8744.0447,8614.0806,129.96408,1.080495,1.978103
6124,8949.5121,8817.9962,131.51594,1.1559262,1.6896178
6125,10002.592,9614.4952,388.09698,2.8251455,1.2339543
6126,13991.33,13755.701,235.62903,1.4924433,1.3764974
6127,21328.089,20857.367,470.72278,2.5088333,1.5194247
6128,24470.168,23765.743,704.4248,5.9034452,-0.1056809
6129,28180.499,27497.152,683.34744,4.4771033,-0.31837781
6130,30289.043,29799.678,489.36529,4.4996586,0.06439891
6131,31109.006,31101.298,7.7080818,0.084592989,0.22075975
6132,29269.333,29082.288,187.04543,1.5628286,-1.6754147
6133,28960.894,28569.797,391.09731,3.5517372,-0.20807977
6134,29210.22,29001.213,209.00669,1.9339953,1.0772572
6135,30322.89,30114.641,208.24906,2.0112766,-0.015157261
6136,31273.952,30989.758,284.19343,3.0882569,-1.0401809
6137,31957.095,31791.662,165.43278,2.5552323,-0.49739362
6138,32023.359,31925.804,97.555181,1.6554723,-1.0993826
6139,31694.898,31547.946,146.95132,1.9176026,-1.6465365
6140,30682.339,30385.873,296.4656,2.8486589,0.2444903
6141,29013.81,28823.831,189.97896,1.6315766,0.097242339
6142,27042.562,26906.534,136.02879,1.0847811,0.74557043
6143,24970.25,24778.933,191.31671,1.4750472,0.35685605
6144,22251.501,21963.916,287.58538,2.2403372,0.62059801
6145,19918.898,19820.591,98.306408,0.77848341,0.3453396
6146,17902.838,17885.605,17.233382,0.13294309,-0.73140527
6147,15308.514,15077.466,231.04756,1.7930303,0.081465054
6148,12765.199,12736.614,28.585052,0.2459377,0.37659615
6149,10716.723,10751.017,-34.294742,-0.28393514,1.5100694
6150,8801.2514,8494.1881,307.0633,2.6485394,0.19329069
6151,7293.8547,7383.7083,-89.853505,-0.780584,0.54219536
6152,6224.5661,6087.4933,137.07283,1.1966234,0.85763803
6153,5393.162,5217.7812,175.38082,1.5851452,0.12284539
6154,4908.8119,4831.0787,77.733223,0.69301167,-0.68515428
6155,4483.5754,4331.8541,151.72129,1.2961349,0.99704771
6156,3973.0056,3912.2303,60.77526,0.52666015,-0.65569673
6157,3410.473,3296.5528,113.92022,1.0008248,-1.1800572
6158,3152.0894,2959.9693,192.1201,1.703019,-1.0689364
6159,2792.1639,2594.8868,197.27712,1.7748963,-0.68409008
6160,2738.2942,2683.8234,54.470811,0.48219264,0.16719143
6161,3349.4525,3117.2054,232.24714,2.0938502,0.60007982
6162,3649.7877,3497.5202,152.26756,1.3329975,0.61299572
6163,4253.7952,4081.7505,172.04468,1.468619,0.60920061
6164,4905.9516,4819.7774,86.174232,0.78405048,-0.74489799
6165,5908.9758,5564.6833,344.29249,3.1730468,-0.21997997
6166,6711.7765,6632.4146,79.361949,0.7152931,-0.45889902
6167,7731.9628,7514.4107,217.55201,1.8001378,-0.25200579
6168,8929.9665,8698.595,231.37147,1.8777368,-0.32878146
6169,10099.367,9807.1094,292.25745,2.5479541,0.040364484
6170,10964.618,10749.543,215.07506,1.754782,0.73753507
6171,12185.981,12052.637,133.34414,1.0921275,-0.29284378
6172,13190.436,12760.2,430.23614,3.7379937,-1.694835
6173,13721.505,13525.251,196.25322,1.7393761,-0.75675173
6174,14415.613,14247.555,168.05796,1.5312881,-0.041225459
6175,14874.696,14410.687,464.00932,4.0941197,0.861868
6176,15004.365,14967.401,36.963839,0.32943988,1.6316558
6177,15336.164,14997.866,338.29823,3.051617,1.217601
6178,15240.819,15071.57,169.24931,1.5018699,0.31068393
6179,15470.123,15269.098,201.02502,1.7353164,-1.3478366
6180,15308.991,15070.587,238.40336,2.0863377,-0.27303541
6181,15115.441,14963.47,151.97109,1.327934,0.69334173
6182,14924.276,14783.631,140.64413,1.2188589,1.271747
6183,14744.551,14483.9,260.65102,2.2569665,0.76643665
6184,14340.291,14116.852,223.4383,1.9119121,1.5124517
6185,14931.903,14850.457,81.446352,0.69043946,-0.18514698
6186,13919.821,13607.309,312.51221,2.7184739,0.68951268
6187,15104.953,14991.969,112.98416,0.96177302,1.1222547
6188,14526.212,14222.987,303.22573,2.5650377,0.52667715
6189,14557.676,14484.392,73.284423,0.60097019,0.53945331
6190,13121.788,12773.958,347.82994,3.1295011,-0.14893326
6191,14576.268,14441.152,135.11652,1.1805511,-0.13549651
6192,16288.179,16088.2,199.97915,1.7187393,-0.46631645
6193,15456.298,15305.459,150.83922,1.2635841,0.089500762
6194,14002.294,13717.866,284.42858,2.4689663,-0.67815947
6195,13745.341,13598.956,146.38493,1.2513951,-0.91726815
6196,14606.302,14489.797,116.50513,1.0059439,-1.3831203
6197,15006.272,14705.505,300.76708,2.6754228,-1.3471945
6198,14988.156,14856.845,131.31189,1.1828598,-2.1022068
6199,14851.814,14710.418,141.39535,1.3015172,-1.1959129
6200,14600.581,14263.278,337.30269,3.0501133,0.5135903
6201,13946.994,13857.413,89.581745,0.80442126,0.6780494
6202,14238.272,13990.081,248.19127,2.2020435,1.259436
6203,14302.629,14096.706,205.92309,1.7714333,-0.18961861
6204,13935.553,13736.046,199.50701,1.6923109,-1.9800098
6205,13717.691,13492.821,224.86938,1.909148,-1.9576723
6206,12989.736,12805.405,184.33058,1.5957899,-0.63842668
6207,12727.061,12539.578,187.48372,1.6602149,-0.38000355
6208,12702.749,12582.326,120.42231,1.044478,1.6356724
6209,11824.149,11511.647,312.50214,2.685667,2.0255962
6210,11537.639,11511.647,25.991901,0.22616185,1.9738327
6211,11301.184,11082.687,218.49722,1.9544981,0.78406553
6212,10583.24,10502.879,80.361145,0.70149701,1.2242214
6213,10034.056,9883.762,150.29387,1.3202804,1.8520318
6214,9321.3557,9179.1478,142.20789,1.2334061,1.8175522
6215,9178.8156,9026.334,152.48167,1.4068189,2.1598075
6216,8884.6778,8703.0173,181.66057,1.6952376,1.0639778
6217,8354.0857,8278.9712,75.114452,0.6778638,0.37100086
6218,8218.6965,8005.7735,212.92295,1.8270246,-0.84086686
6219,7814.9125,7523.7466,291.16584,2.6072079,-1.0697197
6220,7411.6052,7366.5106,45.094658,0.3963398,-0.17142877
6221,7482.1601,7344.3992,137.76092,1.1895077,0.58633636
6222,7517.9143,7243.6699,274.24447,2.458223,0.96974005
6223,7336.7598,7336.5374,0.22234851,0.0020168283,0.32193845
6224,7384.432,7217.1363,167.29575,1.5138784,-1.4880907
6225,7407.3147,7190.6027,216.71202,1.9565272,-0.2008109
6226,7512.1937,7389.1132,123.08042,1.1142749,0.13404806
6227,7704.3128,7599.9079,104.40498,0.94958784,1.8443532
6228,7855.4339,7562.5643,292.86959,2.661247,0.55109213
6229,8020.3799,7919.785,100.59486,0.87601078,-0.62368789
6230,8136.2235,8023.4626,112.76089,0.96551199,-0.34803295
6231,8434.6518,8148.2687,286.38306,2.5068901,-0.4333166
6232,8389.8399,8325.1593,64.680542,0.5697079,-1.0333916
6233,8893.2588,8612.6065,280.65232,2.5640478,-0.042538555
6234,8793.6238,8544.7985,248.82537,2.2685692,0.98404507
6235,8904.7002,8901.5278,3.1723551,0.027444379,1.1787067
6236,9279.8808,8929.0441,350.83667,3.0582119,-0.005978053
6237,9079.6574,9024.3685,55.288834,0.50332468,-0.096481509
6238,9265.1024,9076.9443,188.15808,1.6843175,0.41060557
6239,9217.9069,9053.3589,164.54796,1.4857506,0.3024292
6240,9219.8138,9084.3148,135.499,1.2346382,2.145709
6241,9226.0112,8988.0077,238.0035,2.2309542,1.5536859
6242,8987.6499,8970.3186,17.331289,0.15538913,1.7255671
6243,9265.1024,8971.3013,293.80108,2.6360902,1.176019
6244,8788.3799,8595.4088,192.97106,1.7283294,0.50757899
6245,8905.1769,8867.1324,38.044471,0.33573102,-0.085036092
6246,8905.6536,8704,201.65363,1.793553,-0.28835901
6247,8385.5493,8223.9386,161.61077,1.4262489,1.0294584
6248,8566.7039,8368.3992,198.30468,1.6862168,1.9734947
6249,8601.9814,8538.9021,63.079267,0.54301147,1.1623776
6250,9773.7654,9447.9232,325.84214,2.388625,1.6415982
6251,13504.596,13146.902,357.69379,2.4063954,0.31898288
6252,19998.51,19690.871,307.63884,1.8065391,0.98918967
6253,21540.231,21160.537,379.69348,3.3471865,0.21016755
6254,23771.292,23793.75,-22.458115,-0.15322054,-1.1707999
6255,26117.244,26596.975,-479.7311,-3.7896939,-0.42311287
6256,28365.944,29196.284,-830.33994,-6.9659917,-0.4279468
6257,26511.017,27610.656,-1099.6397,-8.8043751,-1.9424256
6258,26156.335,26685.912,-529.57651,-4.6384444,-0.34487904
6259,26384.685,27107.992,-723.30703,-6.1283028,0.5538863
6260,27648.477,28445.973,-797.49641,-7.0174706,1.0793801
6261,28319.225,28731.946,-412.72093,-3.65286,0.60271322
6262,28979.963,29712.215,-732.25222,-6.5151255,1.1450097
6263,29536.298,30198.664,-662.36616,-6.2014923,1.46479
6264,28793.564,29838.987,-1045.4223,-9.5111384,0.057849158
6265,27639.896,28491.179,-851.28279,-7.3274055,1.3770402
6266,26022.376,26931.593,-909.21693,-8.1126294,1.0087382
6267,24425.832,25439.816,-1013.9833,-8.5935448,1.1937221
6268,22708.201,23511.217,-803.01577,-6.3627006,0.75610871
6269,20138.667,20789.559,-650.89187,-5.1911393,1.1073584
6270,18164.559,18944,-779.44134,-6.6111112,-0.55918262
6271,16553.236,17121.536,-568.29901,-4.6657216,-0.38090253
6272,14066.175,14533.528,-467.35278,-3.8109345,0.15098897
6273,11881.356,12221.666,-340.31035,-2.9516118,-1.0829132
6274,9956.3501,10408.046,-451.69597,-3.8051407,0.30095089
6275,8494.2421,8534.4798,-40.237761,-0.34953011,-1.9544275
6276,7198.5102,7324.7447,-126.23448,-1.1221985,0.011466172
6277,6123.5009,6132.2073,-8.7063626,-0.079100974,-0.59759638
6278,5454.1825,5193.2131,260.96944,2.4080656,-0.44992307
6279,4670.9274,4558.8637,112.06365,0.96677475,-1.9860302
6280,4432.0894,4309.7428,122.34658,1.0475264,-1.9610773
6281,3994.9348,3758.4338,236.50104,2.0285352,-1.511259
6282,3441.46,3335.8618,105.59816,0.91807383,-2.3284178
6283,3244.0968,2964.3916,279.70528,2.4649371,-1.8490143
6284,2844.1266,2561.4741,282.65254,2.4906044,-0.15796796
6285,2800.2682,2719.2015,81.066621,0.71536444,1.3011545
6286,3317.9888,2881.8426,436.14622,3.8187315,1.1919297
6287,3476.7374,3288.1996,188.53781,1.5725096,-0.057354984
6288,4108.8715,3794.7946,314.07688,2.7487713,2.1553658
6289,4550.7933,4376.0768,174.71652,1.5347556,2.2012288
6290,5471.8212,5200.0921,271.7291,2.4396115,1.0413905
6291,6261.2737,5991.6775,269.5962,2.4302858,0.79805361
6292,6988.2756,6861.881,126.39461,1.0876712,0.67806291
6293,8243.0093,8019.0403,223.969,1.9010658,1.1734633
6294,9041.0428,8888.261,152.78179,1.3468707,-0.069955362
6295,9906.7709,9950.096,-43.32502,-0.37262264,0.37618024
6296,10964.618,10901.866,62.752607,0.53755667,1.1353666
6297,11735.955,11775.509,-39.55333,-0.35009519,-0.47589278
6298,12277.989,12409.858,-131.86914,-1.2075232,-0.67903963
6299,12787.128,13007.846,-220.71796,-2.0014464,-2.0379463
6300,13265.281,13372.438,-107.15643,-0.9652926,-1.6968046
6301,13410.205,13655.463,-245.25773,-2.1690362,0.33343473
6302,13643.322,13872.154,-228.83139,-2.08944,-0.064766579
6303,13619.009,13851.025,-232.01564,-2.0886235,-1.1754192
6304,13751.538,14068.207,-316.66912,-2.7547625,-2.1580313
6305,13631.404,13932.1,-300.69571,-2.5718866,-2.9757685
6306,13527.955,13723.762,-195.80669,-1.668737,-2.7183398
6307,13286.734,13683.47,-396.73654,-3.3588072,-2.4428526
6308,13252.886,13410.273,-157.38615,-1.3734893,-0.7651802
6309,12740.41,12976.399,-235.98955,-2.0603296,0.48300618
6310,13378.741,13845.129,-466.38744,-4.0154254,1.565903
6311,12437.214,12443.271,-6.0564807,-0.051089583,1.1496692
6312,13496.968,13995.486,-498.51726,-4.2150542,1.5067929
6313,12989.259,13103.171,-113.91198,-0.95554216,0.0071183999
6314,12951.121,13333.62,-382.49892,-3.1336083,2.2393271
6315,11465.177,11703.278,-238.1014,-2.0930417,2.3440357
6316,13004.514,13198.495,-193.98124,-1.6839484,1.6326566
6317,14635.382,14984.107,-348.72574,-2.8967235,0.3686207
6318,13937.937,14127.171,-189.23414,-1.4783043,0.18530031
6319,12308.022,12602.472,-294.44982,-2.4912907,0.5470852
6320,12105.892,12429.512,-323.62048,-2.7230768,0.061752866
6321,13031.687,13245.666,-213.97888,-1.8386601,-0.70372601
6322,13322.488,13567.017,-244.52938,-2.0999825,-0.75114271
6323,13409.728,13649.566,-239.8381,-2.1253134,-1.7063651
6324,13152.298,13567.017,-414.71932,-3.6921323,-2.012145
6325,13016.909,13087.939,-71.029827,-0.6355684,-0.99135909
6326,12369.52,12630.971,-261.45166,-2.3219537,-0.077990046
6327,12521.594,12947.409,-425.81479,-3.8285175,0.45248312
6328,12806.674,12882.549,-75.874829,-0.69389654,-0.062374097
6329,12196.469,12640.798,-444.32919,-3.857751,-1.5364549
6330,12131.158,12436.883,-305.72463,-2.5369693,-1.8140351
6331,11382.227,11617.29,-235.06264,-1.9848121,-1.7653158
6332,11090.95,11517.543,-426.59347,-3.8028131,-2.2689627
6333,11332.171,11461.036,-128.86515,-1.1196051,-1.4745244
6334,10213.78,10588.376,-374.59594,-3.1967272,-0.0024573271
6335,10231.419,10490.104,-258.68465,-2.3183178,0.2536334
6336,9968.2682,10109.789,-141.52071,-1.2705195,-0.17450912
6337,9372.8417,9665.5969,-292.75522,-2.5595272,0.24963211
6338,8904.7002,8969.3359,-64.635706,-0.55466228,-1.0693037
6339,8031.8212,8414.5873,-382.7661,-3.346913,1.2480033
6340,8168.6406,8190.5259,-21.885316,-0.19853133,1.5864794
6341,7772.0074,7890.7946,-118.78718,-1.0871158,1.1255952
6342,7309.1099,7614.1574,-305.04752,-2.7138456,0.81204531
6343,7260.0074,7211.7313,48.276163,0.40813818,0.2192884
6344,6699.3818,6896.2764,-196.89464,-1.6973578,0.39272874
6345,6527.7616,6590.1574,-62.395751,-0.53169914,0.019788737
6346,6415.2551,6585.2438,-169.98864,-1.4672736,-0.0052537958
6347,6557.7952,6607.8464,-50.051291,-0.45260425,1.0601109
6348,6423.3594,6469.7735,-46.414108,-0.42831709,0.39621153
6349,6280.8194,6582.7869,-301.96758,-2.8005439,-0.22524657
6350,6525.8547,6309.0979,216.75686,1.9550752,-0.65456613
6351,6434.8007,6639.2937,-204.49292,-1.8302278,0.23722793
6352,6782.3315,6814.2188,-31.887339,-0.28896701,-0.20016651
6353,6819.5158,6726.7562,92.759591,0.85827524,-0.45537905
6354,6913.9069,7120.3378,-206.43092,-1.8808411,-0.052280201
6355,7127.4786,7109.0365,18.442116,0.16366962,0.039380392
6356,7253.8101,7288.3839,-34.573821,-0.3020361,-0.71443182
6357,7241.892,7503.1094,-261.21741,-2.307197,-2.1248747
6358,7722.4283,7623.4933,98.935023,0.87573689,-1.4433166
6359,7455.4637,7734.5413,-279.07758,-2.5039196,-0.2029327
6360,7727.6723,7879.4933,-151.82103,-1.3673516,0.028008111
6361,7922.175,7998.4031,-76.228024,-0.69790628,0.74306909
6362,7835.4115,8078.4952,-243.08366,-2.162869,-0.55435145
6363,8019.9032,8067.1939,-47.290692,-0.41378235,-1.1013658
6364,7808.2384,8183.6468,-375.40847,-3.2883004,0.98851925
6365,8075.6797,8011.1785,64.501199,0.58897476,2.2126046
6366,7853.0503,8087.8311,-234.78081,-2.1290069,1.722983
6367,7852.5736,7983.6622,-131.08863,-1.1825302,0.22341011
6368,7963.6499,8015.6008,-51.950861,-0.45722501,0.48302001
6369,7534.5996,7695.7236,-161.12398,-1.4561127,0.25414256
6370,7723.3818,7849.0288,-125.64704,-1.1033328,0.19095765
6371,7630.8976,7855.9079,-225.01029,-2.0141733,0.44553893
6372,7208.0447,7323.2706,-115.22594,-1.025597,-0.076302534
6373,7320.0745,7438.7409,-118.6664,-1.0362733,0.6614291
6374,7332.946,7720.2917,-387.34575,-3.460661,0.36349404
6375,8622.9572,8428.8369,194.12032,1.4288069,0.1527404
6376,12201.713,12349.42,-147.70712,-0.96013188,0.81484586
6377,19478.883,19266.334,212.54871,1.1558049,1.4247549
6378,22318.242,21890.702,427.53959,3.7053025,0.26713385
6379,26083.397,25684.023,399.37362,2.479543,2.0827296
6380,29433.803,28374.726,1059.0771,8.9229137,-1.3334296
6381,30880.179,30363.762,516.41677,5.0084682,-2.1035234
6382,29308.901,28470.05,838.8514,6.9053629,-2.7835875
6383,28708.708,27686.326,1022.3813,9.1233881,-1.8391134
6384,28876.991,28093.175,783.81602,6.8423083,-0.47260204
6385,29988.708,29233.136,755.57136,7.0865602,-1.6766862
6386,30806.764,29999.662,807.10131,7.863773,-2.3823834
6387,31669.155,31081.643,587.51157,7.3170609,-2.5050507
6388,31917.05,31352.384,564.6664,7.5385528,-4.6326814
6389,31517.557,31019.731,497.82551,5.9607252,-3.5440797
6390,30650.399,29682.733,967.6653,8.8952691,-1.9252657
6391,28819.307,28042.564,776.74296,6.6341996,1.3106355
6392,27096.432,26274.641,821.79095,6.8575755,1.3678069
6393,24779.561,24103.309,676.2515,5.2391004,1.4914518
6394,21940.201,21282.887,657.31436,5.2150585,-0.15214461
6395,19646.212,19061.927,584.28523,4.7316929,0.3901986
6396,17414.197,17146.104,268.09375,2.0917022,1.176332
6397,14838.466,14330.104,508.3619,4.0123743,0.61728534
6398,12060.603,11855.109,205.49395,1.7419744,-1.3055147
6399,9933.9441,9950.096,-16.151835,-0.13626002,0.15058988
6400,7983.6723,7701.62,282.05229,2.3901086,-0.035122946
6401,6276.0521,6462.8944,-186.84229,-1.6169587,0.62682822
6402,5113.8026,5181.4203,-67.617738,-0.59398673,0.73402625
6403,4177.5196,4176.0921,1.4274226,0.013132999,0.52955976
6404,3446.7039,3749.0979,-302.39398,-2.6535347,0.18052548
6405,3175.4488,3266.0883,-90.639502,-0.76995599,0.28377948
6406,2550.9423,2735.4165,-184.47423,-1.5485948,-1.3690525
6407,2109.4972,2293.6814,-184.18418,-1.6240252,-1.8334243
6408,1622.2868,1842.119,-219.83222,-1.9643553,-1.0750155
6409,1265.6983,1473.5969,-207.8986,-1.8187204,-0.74342941
6410,1300.9758,1534.0345,-233.05876,-2.0706025,-0.27439326
6411,1759.5829,1853.4203,-93.837478,-0.83520079,0.057231218
6412,2133.3333,2343.309,-209.97569,-1.8111469,0.48371034
6413,2686.8082,2815.5086,-128.70044,-1.1018346,-1.2331747
6414,3409.0428,3620.3608,-211.31801,-1.8520044,-0.36169787
6415,4366.3017,4350.0345,16.267127,0.14764074,-0.22011231
6416,5258.2495,5337.6737,-79.42417,-0.73765868,0.2864704
6417,6266.9944,6323.3474,-56.352995,-0.49948903,0.1979526
6418,7542.7039,7455.4472,87.256694,0.75678125,0.15384214
6419,8646.7933,8563.9616,82.831684,0.71555747,0.35572633
6420,9612.1564,9530.4722,81.684256,0.67772745,-0.54591829
6421,10853.065,10713.674,139.39147,1.1633032,0.61830981
6422,11955.724,11651.685,304.03917,2.7002198,0.70145217
6423,12436.261,12304.215,132.04574,1.1789456,0.58067611
6424,13282.92,13112.507,170.41321,1.5412948,-0.06364035
6425,13800.164,13268.269,531.89516,4.669747,1.0657876
6426,14018.98,13769.459,249.52078,2.2217277,1.7038207
6427,14394.16,14001.873,392.28683,3.5456654,1.3667477
6428,14298.816,13860.361,438.4548,4.0038553,0.44850887
6429,14546.235,14319.785,226.44961,2.0246477,0.34319169
6430,14397.497,13963.056,434.44154,3.8437605,1.6328494
6431,14280.7,13937.505,343.19539,3.0286715,0.95187106
6432,14051.397,13788.131,263.26613,2.3014018,-0.077481487
6433,13899.322,13457.443,441.87878,3.8889195,0.12537335
6434,13445.006,13126.756,318.24935,2.8126795,0.36927334
6435,14003.248,13779.777,223.47032,1.9461129,-0.17135675
6436,13063.151,12516.484,546.66715,4.7630274,0.19673745
6437,14209.192,14000.891,208.30121,1.806259,0.48493427
6438,13538.92,13164.591,374.32875,3.2924241,0.25843779
6439,13698.145,13472.676,225.46963,1.8088506,-0.65103938
6440,12121.624,11710.157,411.46645,3.6034651,0.26658201
6441,13714.831,13280.061,434.76912,3.772946,0.33512233
6442,15360.953,15120.706,240.24711,2.1237576,-0.77949452
6443,14644.439,14211.194,433.24562,3.6467336,0.51319515
6444,13122.741,12738.58,384.1615,3.242596,0.91171527
6445,12815.255,12448.184,367.07086,3.0063255,-0.20772055
6446,13798.257,13499.209,299.04777,2.5611127,-0.37349569
6447,14077.14,13696.737,380.40262,3.4471025,-0.62144119
6448,14121.475,13770.441,351.0334,3.2535325,0.69966801
6449,13956.529,13743.908,212.62099,1.9645041,0.52080484
6450,13714.831,13169.505,545.32574,4.9294303,1.8317984
6451,13143.717,12768.061,375.65553,3.401984,2.1580384
6452,13310.093,13015.217,294.87622,2.6763927,2.0401146
6453,13477.423,13017.182,460.24038,4.1637061,1.6552549
6454,13013.572,12723.839,289.73292,2.5968527,0.64065789
6455,12842.905,12455.063,387.84169,3.3052922,0.87631894
6456,12164.529,11710.157,454.37147,3.9650445,-0.99783002
6457,11796.976,11559.309,237.66677,2.1314653,-0.91280718
6458,11932.365,11489.536,442.82948,3.9896632,0.1131834
6459,10824.462,10554.472,269.98966,2.4104111,0.66130312
6460,10705.758,10429.666,276.09189,2.4635688,1.2598471
6461,10416.864,10045.912,370.95235,3.3184853,-0.075775305
6462,9686.5251,9537.8426,148.68253,1.3248683,0.24434274
6463,9139.7244,8823.8925,315.83188,2.7869943,0.87183362
6464,8310.2272,8234.2572,75.96999,0.68263747,-0.3006648
6465,8251.5903,7939.4395,312.15078,2.8267312,0.33639216
6466,7907.3966,7646.096,261.30068,2.3312186,0.22577889
6467,7333.4227,7285.9271,47.495655,0.425772,0.062087374
6468,7212.3352,6942.9559,269.37934,2.4042867,-0.28409951
6469,6681.743,6518.9098,162.83323,1.4980998,-0.20389895
6470,6398.5698,6260.9443,137.62549,1.1855365,-1.004181
6471,6391.419,6261.4357,129.98329,1.1095155,-0.92468992
6472,6450.0559,6214.2649,235.79099,2.1387003,-0.91168808
6473,6294.1676,6156.7754,137.39217,1.3177774,0.92506156
6474,6229.3333,6227.0403,2.2930262,0.021419304,-0.018415461
6475,6399.0466,5989.7121,409.33446,3.891699,0.04357127
6476,6399.5233,6406.8791,-7.3558012,-0.068102584,1.2657917
6477,6693.1844,6462.4031,230.78129,2.1214004,0.042480682
6478,6711.2998,6507.1171,204.18273,1.8671531,0.12964622
6479,6871.9553,6858.9328,13.022486,0.11924985,-0.77305531
6480,7069.3184,6863.3551,205.96335,1.8069368,0.86948834
6481,7295.7616,7063.8311,231.93054,2.0614972,-0.77578166
6482,7338.6667,7232.8599,105.80678,0.96122989,-0.70333169
6483,7759.1359,7505.5662,253.56972,2.3629782,0.26938754
6484,7673.8026,7451.025,222.77766,2.0423479,1.6291892
6485,7915.9777,7723.2399,192.73773,1.7501758,0.79769345
6486,8194.8603,7852.9597,341.90064,3.1634407,-0.27550152
6487,8121.4451,7921.7505,199.69459,1.8258834,-0.4107618
6488,8239.1955,8000.3685,238.82701,2.156278,0.17754113
6489,8147.1881,8006.2649,140.92321,1.2828446,1.7891055
6490,8332.1564,7947.3013,384.85508,3.6006748,0.96709363
6491,8144.8045,7977.2745,167.53,1.5197111,0.32689043
6492,8151.4786,7872.6142,278.86438,2.4356912,-1.2888704
6493,8153.8622,7966.9559,186.90634,1.7044305,0.59817804
6494,7825.4004,7514.4107,310.98962,2.9328202,1.1868586
6495,7925.5121,7725.6967,199.81537,1.7962191,0.23634055
6496,7876.4097,7706.0422,170.36746,1.5122774,-0.19957775
6497,7437.825,7107.071,330.75394,2.8246781,0.43194392
6498,7471.6723,7348.8215,122.85076,1.0341093,1.1135089
6499,7625.1769,7454.4645,170.71242,1.5043231,2.3265909
6500,8801.2514,8419.501,381.75044,2.8072089,0.95760125
6501,12465.341,12477.175,-11.833882,-0.077396214,0.82521707
6502,19453.616,19354.288,99.328479,0.56831444,1.3461395
6503,21631.285,21142.357,488.92791,4.3754971,-0.14159255
6504,24383.881,24004.545,379.33571,2.5834282,-1.6645711
6505,26953.415,26957.144,-3.7286839,-0.030184769,0.20094585
6506,29383.747,29341.236,42.510657,0.36254583,0.52152711
6507,28078.957,27416.568,662.38903,5.3704899,-0.54271836
6508,27111.21,26737.013,374.19699,3.3826459,0.24213304
6509,27489.251,27196.929,292.32241,2.5112233,1.4511793
6510,28767.821,28452.852,314.96902,2.7337088,1.7016126
6511,29578.726,28913.75,664.97578,6.0120058,0.67418304
6512,30250.905,30004.576,246.32921,2.3260586,0.73077491
6513,30679.002,30431.57,247.4318,2.5340961,-0.71997405
6514,30256.149,29878.787,377.36203,3.6296323,-0.93690548
6515,29051.948,28520.169,531.77895,4.7262255,0.67669791
6516,27367.21,26906.534,460.67684,4.0113465,0.5504242
6517,25663.881,25212.806,451.07468,3.5840053,-1.2491272
6518,23647.821,23198.219,449.60242,3.4431652,0.25468587
6519,20995.337,20369.443,625.89368,4.8850691,0.97010479
6520,18696.581,18378.933,317.64818,2.740722,-0.68278878
6521,16869.304,16553.029,316.27475,2.54469,0.72120553
6522,14366.987,13718.848,648.1386,4.9550986,-0.7204992
6523,11583.881,11458.58,125.30116,1.0655001,-1.7288031
6524,9748.9758,9456.2764,292.6994,2.4619596,0.20882889
6525,7843.5158,7394.0269,449.48896,3.8930717,0.22518375
6526,6511.5531,6303.6929,207.86017,1.8648232,1.8840683
6527,5216.7747,4989.7889,226.98581,1.9998799,1.0192882
6528,4341.0354,4069.9578,271.07761,2.3966234,-0.36215325
6529,3664.5661,3435.6084,228.95766,1.9349587,-1.3727421
6530,3246.9572,3085.2668,161.69037,1.3404687,-0.97688146
6531,2912.298,2629.2821,283.0158,2.3993375,-1.169998
6532,2238.689,2102.5413,136.14775,1.1746006,-1.2855994
6533,1917.8547,1788.0691,129.78565,1.1505456,0.4407797
6534,1598.4507,1328.6449,269.80574,2.3382239,0.73568021
6535,1510.7337,1479.9846,30.749061,0.26391211,2.0075616
6536,2037.9888,1762.0269,275.96196,2.4946259,-0.14757346
6537,2295.8957,2148.238,147.65771,1.3098148,0.01137217
6538,2793.594,2739.3474,54.246632,0.4707981,1.8317195
6539,3443.8436,3301.4664,142.37716,1.2298435,2.2260147
6540,4292.8864,4147.1017,145.78468,1.2676429,2.7935203
6541,5283.0391,5070.8637,212.17538,1.9226536,1.1637264
6542,6008.1341,5947.9463,60.187821,0.52735444,0.68462524
6543,7304.3426,7191.5854,112.75723,0.95778067,-0.28347509
6544,8336.4469,8010.1958,326.25115,2.7888905,-1.1189047
6545,9213.1397,9115.2706,97.869031,0.81364167,-1.0043102
6546,10511.255,10259.163,252.09197,2.1259353,-0.032813477
6547,11305.475,11017.336,288.13897,2.5689717,-0.70158648
6548,11950.957,11810.395,140.56178,1.2462625,0.5194363
6549,12614.078,12372.023,242.05518,2.1675158,-1.5749729
6550,13072.685,12751.846,320.83884,2.8776501,-0.18765689
6551,13350.138,13119.877,230.26064,2.0497031,0.13084639
6552,13559.896,13302.173,257.72297,2.3892357,1.0722375
6553,13531.769,13295.785,235.98406,2.1241717,-0.20246678
6554,13719.598,13476.115,243.4826,2.1075171,-1.3711898
6555,13579.918,13324.284,255.63399,2.1633727,-0.72036019
6556,13578.965,13205.866,373.09898,3.1948634,-1.5518199
6557,13194.726,13055.509,139.21762,1.1765459,-0.4971542
6558,13203.307,12880.092,323.21513,2.8617332,-0.28927005
6559,12666.518,12307.655,358.86318,3.122041,1.6467332
6560,13345.371,13176.875,168.49534,1.4178489,0.81813223
6561,12390.019,11861.006,529.01286,4.3784345,0.83402937
6562,13398.287,13333.129,65.15818,0.56064417,1.3664962
6563,12933.482,12578.395,355.08692,3.1353569,0.79800113
6564,12866.264,12673.72,192.54466,1.5981972,1.4549013
6565,11432.76,11175.555,257.20507,2.2528711,1.9662677
6566,12968.283,12577.413,390.87039,3.3846037,1.4660757
6567,14519.538,14409.704,109.83376,0.92366417,-0.13019179
6568,13900.752,13620.084,280.66787,2.3187308,-0.36529197
6569,12253.676,11918.495,335.18078,2.8565852,1.1574145
6570,12050.592,11859.04,191.55187,1.5824081,-0.41516806
6571,12971.62,12687.478,284.14218,2.4493035,-0.45181144
6572,13194.25,12972.96,221.28984,1.9900808,-0.11823327
6573,13377.788,13100.223,277.56506,2.5318301,-1.4557059
6574,13055.523,12908.591,146.93211,1.3515418,-0.36470022
6575,13023.106,12569.06,454.04664,4.1083545,-0.68337908
6576,12320.894,12034.948,285.94568,2.6051849,-0.43552525
6577,12483.456,12310.603,172.85355,1.5610677,0.25219858
6578,12724.201,12396.591,327.60995,2.9411101,-0.43493548
6579,12177.4,11927.831,249.56928,2.1517651,-1.8961869
6580,12107.322,11908.177,199.14558,1.7116227,-1.4602328
6581,11335.508,10943.14,392.36826,3.4242118,-2.3900886
6582,10993.222,10939.701,53.521026,0.48105496,-1.3905
6583,11171.516,10803.102,368.4141,3.3051648,-1.2306606
6584,10048.358,9802.6871,245.6704,2.1473927,1.041306
6585,10088.402,9853.2975,235.10473,2.0740138,2.0001796
6586,9702.257,9315.7466,386.51034,3.4473537,1.4246478
6587,9073.46,8989.9731,83.486834,0.71671164,0.40336637
6588,8560.0298,8193.4741,366.55571,3.221982,0.79440996
6589,7688.581,7616.1228,72.458165,0.62380572,2.5711443
6590,7818.2495,7455.9386,362.31095,3.2937654,-0.57922092
6591,7326.2719,7068.7447,257.52716,2.2893201,-0.033227247
6592,6917.2439,6787.1939,130.05009,1.1573532,0.64072724
6593,6745.6238,6445.6967,299.9271,2.6520683,1.0497313
6594,6244.5885,5982.833,261.75544,2.3910482,1.6680144
6595,5983.8212,5856.5528,127.26845,1.1532883,0.38252812
6596,5935.6723,5681.6276,254.04461,2.2287133,0.30307613
6597,6017.6685,5824.6142,193.05433,1.7916756,0.58427772
6598,5802.6667,5626.1036,176.56302,1.6451416,-0.55436556
6599,5724.9609,5703.2476,21.713293,0.19746577,0.14194241
6600,5966.6592,5520.4607,446.19857,3.9798409,-0.64985852
6601,5855.5829,5780.8829,74.69995,0.68494619,0.90821527
6602,6208.8343,6061.9424,146.89185,1.3870219,0.58028927
6603,6229.8101,5892.4223,337.38779,3.1297747,-0.79664674
6604,6360.432,6287.9693,72.46274,0.6278167,-1.1493528
6605,6671.7318,6356.2687,315.46313,2.6974603,-1.5312615
6606,6677.4525,6471.2476,206.20491,1.7863763,-1.1479754
6607,6864.8045,6737.5662,127.23825,1.1467461,-1.7731019
6608,7145.1173,6886.9405,258.17682,2.3446252,0.2357509
6609,7143.2104,6914.4568,228.75361,2.0688391,0.73346801
6610,7300.0521,7160.1382,139.91395,1.240661,2.1448155
6611,7560.3426,7209.7658,350.57681,3.1333013,0.72904228
6612,7502.1825,7420.5605,81.622035,0.70406838,0.015294767
6613,7543.1806,7323.2706,219.91,1.9371494,0.52855497
6614,7490.7412,7383.7083,107.0329,0.95629897,1.7761035
6615,7683.3371,7338.5029,344.83418,3.0887432,1.3223838
6616,7463.568,7325.2361,138.33189,1.2181042,1.1212274
6617,7497.892,7345.8733,152.01867,1.3594461,1.6301998
6618,7475.9628,7229.4203,246.54241,2.1852554,2.0903213
6619,7242.8454,6965.0672,277.77826,2.5145195,1.7145914
6620,7340.0968,7111.9846,228.11219,2.0424565,0.021250737
6621,7257.1471,7068.2534,188.89375,1.6624001,0.30143493
6622,6857.1769,6551.8311,305.34581,2.7685497,-0.40830852
6623,6851.933,6693.8349,158.09803,1.3824133,0.58077762
6624,7059.3073,6930.6718,128.63548,1.1308332,0.77636225
6625,8120.0149,7741.4203,378.59455,2.7684433,0.40859327
6626,11775.523,11692.96,82.563585,0.53938478,-0.093914306
6627,19058.413,18999.033,59.380778,0.31487844,1.5198716
6628,22076.544,21993.889,82.655086,0.7015003,-1.2082024
6629,25458.89,26258.426,-799.53597,-5.0319577,-0.41998889
6630,27901.14,28832.676,-931.53596,-7.7519847,0.27400108
6631,29132.514,30031.601,-899.0868,-7.8069591,-0.56948182
6632,27395.337,28071.063,-675.72628,-5.4291952,-2.6260007
6633,26687.881,27453.42,-765.53953,-6.7036026,-0.046105215
6634,27052.574,27798.848,-746.27481,-6.4297037,0.078683879
6635,28296.343,28892.622,-596.27924,-5.3229328,1.1498443
6636,29344.655,29992.292,-647.63625,-5.8371605,1.4509766
6637,30392.492,31146.994,-754.50262,-7.532829,4.4344632
6638,30580.32,31287.033,-706.71233,-7.4769871,2.4718238
6639,29979.173,30876.253,-897.08017,-9.1317577,3.7548713
6640,28723.009,29494.05,-771.04059,-6.6436536,2.6636751
6641,26888.104,27787.547,-899.44274,-7.8919955,1.2141886
6642,24955.948,25805.39,-849.44178,-6.9807256,0.70292679
6643,22876.484,23548.56,-672.07629,-5.1449334,0.30023171
6644,20194.92,20737.965,-543.04553,-4.1124416,0.74041628
6645,17902.838,18466.395,-563.5574,-4.5862363,-0.38922766
6646,15915.858,16368.768,-452.90928,-3.5541099,-1.2735405
6647,13405.914,13582.25,-176.33518,-1.4382054,-0.61211799
6648,10823.508,11084.653,-261.14421,-2.2337104,-1.061409
6649,8871.3296,9000.2917,-128.96214,-1.0925417,-1.0031038
6650,6976.3575,6729.2131,247.14449,2.112464,-1.185031
6651,5558.5847,5503.7543,54.830411,0.48164998,-0.59797034
6652,4392.5214,4246.357,146.16441,1.2985342,0.19110447
6653,3627.3818,3315.2246,312.15718,2.8991654,0.31427814
6654,3017.6536,2907.8848,109.76879,0.9773805,-1.3171259
6655,2623.8808,2440.1075,183.77333,1.595759,-1.4773793
6656,2224.8641,1884.8676,339.9965,2.8726695,-1.4713725
6657,1480.7002,1424.952,55.748171,0.47971939,-1.8802908
6658,1330.5326,934.57198,395.96061,3.4174598,-0.69054612
6659,804.23091,507.08637,297.14454,2.5537465,-0.78528409
6660,927.70205,683.97697,243.72508,2.1721574,0.47759187
6661,1437.7952,985.6737,452.12145,4.1093636,2.0234324
6662,1647.0764,1550.7409,96.335467,0.81799458,0.2659706
6663,2375.5084,1960.0461,415.46231,3.5475019,0.49407763
6664,2920.879,2773.2514,147.62752,1.272952,1.3917372
6665,3948.216,3642.9635,305.25248,2.790796,1.4983402
6666,4792.0149,4593.7505,198.26442,1.820125,1.7277064
6667,5638.6741,5679.6622,-40.988073,-0.35197382,0.93082454
6668,6999.7169,6787.6852,212.03173,1.8232198,1.7785401
6669,7882.6071,7918.3109,-35.703864,-0.30661497,0.57479146
6670,8910.8976,8967.3704,-56.472862,-0.47287457,-0.45035555
6671,10087.449,10150.572,-63.123187,-0.53149278,-0.19111333
6672,10934.108,11117.574,-183.46589,-1.6227775,0.88313227
6673,11614.391,11719.493,-105.10222,-0.92671833,1.5040168
6674,12105.415,12509.113,-403.69797,-3.5996479,0.87766296
6675,12762.339,12743.493,18.845638,0.16284628,-0.87994324
6676,12820.976,13166.557,-345.58083,-3.0645958,1.2962481
6677,13136.566,13432.384,-295.81777,-2.6993057,1.2552786
6678,13173.274,13288.415,-115.14084,-1.0526737,0.47962841
6679,13192.819,13618.61,-425.791,-3.7952026,-0.085099822
6680,13240.492,13401.428,-160.9364,-1.4211993,-0.24904352
6681,12998.793,13254.019,-255.2259,-2.2297292,-0.00049145141
6682,12791.896,13212.253,-420.35764,-3.6560964,-0.93108896
6683,12675.099,12812.775,-137.67674,-1.2128085,0.64563537
6684,12140.216,12474.718,-334.50184,-2.9672075,0.18711065
6685,12924.425,13198.495,-274.07062,-2.3661226,-0.2991271
6686,11771.709,11901.789,-130.07937,-1.1473569,-1.0917631
6687,12972.097,13421.083,-448.9857,-3.9458089,-0.81883519
6688,12408.611,12540.56,-131.94966,-1.1385661,0.033268808
6689,12379.054,12785.259,-406.20511,-3.3514629,0.19439492
6690,11021.825,11144.599,-122.77389,-1.058395,0.80096377
6691,12341.393,12633.428,-292.0351,-2.4622789,1.12005
6692,14120.998,14490.288,-369.28977,-3.1518226,-0.10662119
6693,13424.507,13589.129,-164.62208,-1.3668204,-0.4878693
6694,11827.486,12065.413,-237.92663,-2.0197509,1.145391
6695,11668.261,11883.608,-215.34774,-1.7829001,-0.0074981893
6696,12465.341,12794.595,-329.25423,-2.8154154,-0.69782927
6697,12881.043,13099.24,-218.19709,-1.9785088,-0.28992076
6698,12911.553,13135.109,-223.55633,-2.0539577,0.90198327
6699,12613.601,13127.739,-514.13747,-4.6417743,0.8614959
6700,12606.451,12615.739,-9.2883118,-0.081360473,0.5323895
6701,11722.13,12177.443,-455.31302,-4.0605969,1.3674793
6702,12068.231,12404.453,-336.22206,-3.0911583,0.81147584
6703,12174.063,12371.04,-196.97699,-1.7868656,1.2095384
6704,11642.041,12057.551,-415.5099,-3.6061797,0.080635147
6705,11657.296,11843.808,-186.51197,-1.6073624,-0.2500562
6706,10702.898,11020.284,-317.38649,-2.8269114,-0.50895549
6707,10563.218,10889.09,-325.87233,-2.9669757,-2.2475818
6708,10613.75,10747.086,-133.33591,-1.2006247,-1.1970238
6709,9566.8678,9786.9635,-220.09575,-1.9050559,-0.70473587
6710,9574.9721,9715.7159,-140.74386,-1.2360373,0.61715004
6711,9078.2272,9262.1881,-183.96091,-1.6328082,0.44075174
6712,8579.5754,8846.4952,-266.91978,-2.367754,0.77956858
6713,7968.8939,7996.4376,-27.543765,-0.23963317,-0.54645044
6714,7147.5009,7494.2649,-346.76394,-3.1024587,-0.88486096
6715,7263.8212,7194.5336,69.28764,0.6220968,-0.17217577
6716,6660.7672,6885.4664,-224.69919,-2.0865319,1.1176279
6717,6363.7691,6534.6334,-170.86431,-1.5251592,0.63416771
6718,6084.8864,6122.8714,-37.984995,-0.33233794,0.12698044
6719,5675.8585,5723.3935,-47.535001,-0.42027306,0.81726998
6720,5405.0801,5512.1075,-107.02741,-0.91850896,0.4757008
6721,5285.4227,5438.8944,-153.47171,-1.3132709,-0.92651915
6722,5517.5866,5450.6871,66.899452,0.60591585,-0.29736785
6723,5236.797,5325.3896,-88.592615,-0.81645926,-0.11334723
6724,5294.4804,5443.8081,-149.32761,-1.3540359,-0.97160472
6725,5447.0317,5228.0998,218.93185,1.9675161,-0.96109005
6726,5355.5009,5549.9424,-194.44149,-1.775249,-0.30118494
6727,5748.3203,5781.8656,-33.545345,-0.31570341,-0.085390548
6728,5662.0335,5659.025,3.0085675,0.028336528,0.53799211
6729,5893.7207,6164.6372,-270.91657,-2.3707325,-0.060594173
6730,6143.5233,6074.2265,69.29679,0.58780939,0.21612215
6731,6137.8026,6338.0883,-200.28568,-1.7664343,-0.17956338
6732,6363.7691,6502.6948,-138.92573,-1.2728096,-1.5796399
6733,6563.0391,6684.499,-121.45993,-1.1231928,0.29978222
6734,6683.1732,6758.2035,-75.030271,-0.67185215,0.40445937
6735,6786.1453,6947.8695,-161.72423,-1.4217757,0.19157804
6736,6985.892,7118.8637,-132.97173,-1.1923637,0.40597059
6737,7051.6797,7169.4741,-117.79439,-1.0464792,0.31486034
6738,6979.6946,7162.1036,-182.40905,-1.6182405,-1.0024331
6739,7092.2011,7263.3244,-171.12326,-1.5150818,-0.16784505
6740,7137.4898,7157.19,-19.700261,-0.18198395,-0.56293095
6741,6993.0428,7188.6372,-195.59441,-1.7926105,0.74476095
6742,6979.6946,7146.38,-166.68544,-1.4637842,0.52382937
6743,6987.3222,7127.7083,-140.38609,-1.2714255,0.66459059
6744,6697.9516,6809.7965,-111.84496,-0.99799033,0.70449424
6745,6801.4004,6940.9904,-139.59003,-1.2204889,-0.36335183
6746,6647.8957,6967.0326,-319.13691,-2.7838609,-1.437115
6747,6319.9106,6318.4338,1.4768333,0.012944254,-0.76781858
6748,6204.5438,6529.7198,-325.17601,-2.7931126,0.33942105
6749,6533.4823,6688.9213,-155.439,-1.3966292,0.57641945
6750,7558.4358,7535.5393,22.896407,0.16778726,0.74983452
6751,11225.385,11381.436,-156.05023,-1.0427029,0.88186929
6752,17935.732,18072.322,-136.59061,-0.78757532,0.55154364
6753,19517.497,19785.213,-267.71585,-2.3830215,-1.1168502
6754,22079.404,22221.39,-141.98554,-0.98025619,0.60115721
6755,24839.628,24732.745,106.88284,0.83980598,-0.52997759
6756,27302.853,27385.121,-82.268035,-0.65828207,0.080182567
6757,25735.389,25888.921,-153.53211,-1.2086575,-1.4088768
6758,24936.879,24873.766,63.113122,0.55110029,0.87125743
6759,25465.088,25367.585,97.502111,0.83289854,0.52194247
6760,26550.108,26707.04,-156.9323,-1.3447691,0.80830541
6761,27145.058,27188.576,-43.518088,-0.38313716,0.17610864
6762,28017.937,28089.735,-71.798439,-0.62550922,-0.20050408
6763,28462.242,28464.154,-1.9114652,-0.016845215,0.85986889
6764,28022.227,28135.923,-113.69604,-1.0145977,-0.24360513
6765,26685.02,26633.827,51.193229,0.43042057,0.033436077
6766,25125.661,25112.568,13.092942,0.11425748,-0.29202691
6767,23461.423,23484.192,-22.76922,-0.19190077,0.78312991
6768,21571.695,21568.86,2.8347148,0.022464554,0.056698009
6769,19040.298,18933.19,107.10793,0.83881611,-0.87447135
6770,16849.281,16912.215,-62.933779,-0.52211447,-0.39685708
6771,15167.404,15279.908,-112.50377,-0.89411511,0.448173
6772,12638.868,12593.136,45.731508,0.36316218,0.052125678
6773,10131.784,10249.336,-117.55191,-1.0270303,-1.7942269
6774,8335.0168,8526.618,-191.60128,-1.6381216,-1.0682907
6775,6603.0838,6442.2572,160.8266,1.4079192,0.41423787
6776,5270.6443,5526.8484,-256.20405,-2.2868787,1.3499074
6777,4096,4173.6353,-77.635317,-0.70028004,0.43435598
6778,3176.4022,3271.9846,-95.58241,-0.86794252,0.45131859
6779,2606.2421,2710.8484,-104.60628,-0.91242967,-0.35821382
6780,2143.8212,2240.1228,-96.301612,-0.81206706,0.57373724
6781,1822.0335,1947.2706,-125.23711,-1.0474791,-0.50389737
6782,1169.4004,1275.0864,-105.686,-0.9211418,-0.37769957
6783,969.65363,986.16507,-16.511436,-0.14729374,0.97859367
6784,621.64618,610.76392,10.882267,0.094777261,0.35640223
6785,507.7095,696.26104,-188.55154,-1.6218183,0.12378719
6786,1029.2439,1069.6967,-40.452789,-0.35931329,-0.75097336
6787,1227.5605,1333.0672,-105.50666,-0.95926235,0.091653345
6788,1807.2551,1913.3666,-106.11148,-0.93525546,0.7641868
6789,2362.1601,2521.6737,-159.51356,-1.4247598,-0.18250496
6790,3272.7002,3267.5624,5.1378062,0.046004801,-0.3611503
6791,4050.7114,4203.6084,-152.89709,-1.3731785,-0.22146567
6792,4831.5829,4941.144,-109.56109,-0.95170443,0.29251405
6793,6044.365,6122.38,-78.015048,-0.67868861,0.99084395
6794,7016.879,7013.2207,3.6582278,0.032607136,1.0717838
6795,7780.1117,7941.8964,-161.78462,-1.3801092,0.35895998
6796,8978.1155,9102.4952,-124.37975,-1.0352667,-0.25719419
6797,9781.3929,9730.4568,50.93611,0.4395947,0.43933471
6798,10377.296,10476.345,-99.0494,-0.88992416,0.75908476
6799,11009.43,11102.342,-92.911483,-0.85516382,0.49223488
6800,11469.467,11340.161,129.30618,1.1659168,0.61746299
6801,11652.529,11836.438,-183.90876,-1.6093405,2.399773
6802,11924.261,11897.858,26.402742,0.23549224,1.7341649
6803,11857.996,11969.597,-111.60065,-1.000047,1.7736092
6804,12056.79,12122.411,-65.621177,-0.56930662,0.36393812
6805,11947.143,11985.321,-38.177148,-0.33323465,1.2376009
6806,11786.965,11848.722,-61.757071,-0.53559412,0.48652009
6807,11592.462,11678.71,-86.248348,-0.72991577,0.1634229
6808,11521.907,11461.036,60.870422,0.52475034,0.14304026
6809,11041.847,11031.585,10.261887,0.089126015,1.7566738
6810,11630.123,11823.662,-193.53928,-1.6574571,0.64679529
6811,10676.678,10550.541,126.13657,1.0821204,0.0455906
6812,11739.769,11913.582,-173.81249,-1.5050721,-0.26167667
6813,11233.966,11210.441,23.525022,0.20579723,-1.0428606
6814,11263.523,11379.962,-116.43833,-0.95473887,0.73149223
6815,9793.7877,9758.4645,35.323218,0.31913234,0.30956041
6816,11226.339,11267.44,-41.100619,-0.34968901,1.07141
6817,12942.54,13023.079,-80.538658,-0.66863663,-0.10558578
6818,12254.153,12288.491,-34.338663,-0.28498425,0.24355038
6819,10721.966,10620.315,101.6517,0.87551426,1.0947346
6820,10355.844,10496,-140.15642,-1.1768544,-0.03377555
6821,11300.708,11354.902,-54.194476,-0.46483926,-1.8899932
6822,11596.276,11575.524,20.751613,0.18110819,-0.4154859
6823,11637.274,11729.812,-92.538157,-0.82194265,-0.89978363
6824,11459.456,11582.403,-122.94683,-1.1107535,-0.10311165
6825,11249.222,11167.693,81.528703,0.72543904,1.002019
6826,10634.726,10674.856,-40.129789,-0.3595895,0.88626601
6827,10816.358,10901.374,-85.016738,-0.76694808,1.1246083
6828,10988.454,10959.355,29.09929,0.25805822,-1.2651029
6829,10589.914,10605.083,-15.168195,-0.130344,-1.5006528
6830,10400.179,10446.372,-46.19359,-0.39666305,-0.30097752
6831,9691.2924,9673.9501,17.342269,0.15304388,0.70441861
6832,9413.8399,9484.2841,-70.444218,-0.63460167,-0.25970358
6833,9502.0335,9532.929,-30.895463,-0.27259218,0.79957289
6834,8591.9702,8512.8599,79.11032,0.70457161,0.83589689
6835,8377.4451,8554.6257,-177.18065,-1.5505845,1.7851198
6836,8210.5922,8075.547,135.04515,1.1901587,0.85525818
6837,7490.2644,7683.4395,-193.17511,-1.6459475,1.0577725
6838,7044.5289,6952.7831,91.745755,0.8170072,1.6674747
6839,6228.8566,6420.6372,-191.78063,-1.7339466,1.2100975
6840,6196.9162,6248.6603,-51.744068,-0.49274245,0.4473609
6841,5909.9292,5905.1977,4.7315398,0.043859077,-0.44579137
6842,5417.4749,5568.1228,-150.64798,-1.3651779,0.8767998
6843,5377.9069,5254.6334,123.27349,1.0530596,-0.64958334
6844,4851.1285,4839.9232,11.205267,0.10026014,-0.43985736
6845,4567.0019,4636.499,-69.497178,-0.62196462,0.3729805
6846,4559.851,4600.6296,-40.778534,-0.35587837,0.13465282
6847,4643.7542,4580.975,62.779142,0.56435896,-1.5682701
6848,4445.9143,4561.3205,-115.4062,-1.0642978,-0.66476721
6849,4429.2291,4521.5202,-92.291103,-0.84209698,-1.6688373
6850,4500.7374,4401.6276,99.109791,0.9053029,0.32394675
6851,4482.1453,4645.8349,-163.68968,-1.5049414,0.42672142
6852,4737.6685,4800.6142,-62.945675,-0.57099732,1.1395378
6853,4810.1304,4751.4779,58.652427,0.52792871,-0.99444683
6854,4949.3333,5075.7774,-126.44402,-1.1242731,-2.6522527
6855,5119.5233,5125.8964,-6.3730757,-0.056198487,-1.9096688
6856,5285.8994,5283.6238,2.275641,0.020184896,-0.89258576
6857,5335.4786,5416.7831,-81.304525,-0.72895155,-0.23251918
6858,5745.46,5655.094,90.365913,0.83005827,-0.45443624
6859,5634.8603,5645.7582,-10.897822,-0.098259476,-0.060668864
6860,5797.8994,5877.19,-79.290578,-0.70754886,0.74660623
6861,6074.8752,5988.7294,86.145866,0.77977587,0.16080298
6862,5973.3333,6034.4261,-61.09277,-0.55777895,0.13018703
6863,6070.5847,6115.9923,-45.407592,-0.39183173,1.3745219
6864,6017.1918,6081.5969,-64.405123,-0.58125038,1.2204464
6865,6077.2588,6111.5701,-34.311212,-0.31627345,1.9384763
6866,6004.797,6041.3052,-36.508162,-0.33805348,0.27945385
6867,5843.6648,5942.0499,-98.3851,-0.86773865,0.83132852
6868,6043.4115,6048.1843,-4.7727154,-0.042002735,-0.1216359
6869,5661.0801,5596.6219,64.458193,0.56988184,0.6850565
6870,5753.5642,5874.7332,-121.16896,-1.0708878,-0.40000803
6871,5780.7374,5741.0825,39.654897,0.35517843,-0.87199262
6872,5282.5624,5239.4012,43.161232,0.37724946,-0.1772645
6873,5457.5196,5462.9712,-5.4516561,-0.046909267,0.96543304
6874,5508.0521,5575.0019,-66.949778,-0.58014112,-0.55893478
6875,6604.0372,6488.4453,115.59195,0.85715181,-0.18195331
6876,10328.67,10328.445,0.22509356,0.0014646518,-0.6136158
6877,17517.646,17690.534,-172.88741,-0.9242716,0.65130397
6878,20490.488,20883.409,-392.92093,-3.370901,-0.80999295
6879,24104.045,24449.228,-345.18371,-2.1962901,0.6826984
6880,27101.199,27161.06,-59.860246,-0.47880875,-1.0908621
6881,29095.806,29025.781,70.025141,0.591432,-1.3274153
6882,27165.557,27381.681,-216.12458,-1.6899456,-1.1226291
6883,26478.123,26471.186,6.9367246,0.060653618,-0.67558327
6884,26740.797,26635.301,105.49568,0.91366879,1.4065514
6885,27969.788,28206.679,-236.89175,-2.1072345,0.94713106
6886,28963.277,28933.896,29.381114,0.25826999,1.0858087
6887,29947.709,30091.056,-143.34616,-1.3312977,1.550397
6888,30536.462,30516.084,20.377372,0.2075754,-0.050361822
6889,29832.343,29972.146,-139.80323,-1.3313263,1.0519439
6890,28577.132,28662.173,-85.040529,-0.73682969,2.9119138
6891,26787.993,26697.213,90.779499,0.78786002,1.9137951
6892,24791.002,24889.981,-98.978944,-0.81794705,0.97624883
6893,22702.957,22718.157,-15.20022,-0.11809522,0.70600044
6894,19823.553,19702.173,121.38033,0.91559198,0.4036562
6895,17378.443,17535.754,-157.31112,-1.3006557,0.15531474
6896,15398.138,15358.526,39.611891,0.31317,0.22719044
6897,12603.114,12600.507,2.6068762,0.020486468,0.93543464
6898,10039.3,10041.489,-2.1896296,-0.018558412,-0.57834235
6899,7804.4246,7870.1574,-65.732809,-0.53192881,-0.51261663
6900,5941.8696,5757.7889,184.08078,1.5777717,-1.5833933
6901,4355.3371,4301.3896,53.947422,0.46704998,-0.72247624
6902,3063.8957,3089.6891,-25.793343,-0.23004993,0.033605092
6903,2263.4786,2149.2207,114.25786,1.0555405,-0.1389156
6904,1516.4544,1564.0077,-47.553301,-0.4082516,-2.074923
6905,1175.5978,1248.5528,-72.955018,-0.62732856,-1.5237467
6906,686.00372,543.44722,142.55651,1.2067957,-2.1815148
6907,20.975791,175.41651,-154.44072,-1.3742208,-2.3077543
6908,-211.18808,-305.13628,93.948194,0.82311395,-0.29537352
6909,-680.28305,-774.87908,94.596025,0.85618096,-0.37712023
6910,-702.21229,-494.8023,-207.40999,-1.8397023,1.0669046
6911,-173.527,-382.28023,208.75323,1.8364689,0.78109311
6912,33.370577,222.58733,-189.21675,-1.6110971,0.27008294
6913,818.05587,710.51056,107.54531,0.94115246,0.97123145
6914,1300.4991,1413.6507,-113.1516,-0.96728176,1.4423376
6915,2402.6816,2410.6257,-7.9441555,-0.070981716,1.9861922
6916,3282.2346,3190.9098,91.324848,0.81742267,1.8550444
6917,4215.6574,4373.1286,-157.47124,-1.3614819,0.79009848
6918,5598.1527,5482.1344,116.01834,0.98262704,1.1596985
6919,6579.2477,6545.9347,33.312931,0.30126473,0.27459854
6920,7590.3762,7777.7812,-187.40503,-1.6158371,1.0943466
6921,8847.4935,8766.8944,80.599049,0.69240498,0.83019382
6922,9764.2309,9914.7179,-150.48694,-1.3455296,0.13544007
6923,10456.432,10438.511,17.921473,0.16172314,0.8380181
6924,11089.043,11267.44,-178.39671,-1.5892584,-0.63876038
6925,11672.074,11576.015,96.059133,0.84616256,-0.92430794
6926,11837.497,11908.177,-70.679377,-0.63171883,-0.1592655
6927,12165.006,12268.837,-103.83127,-0.9368752,0.2460848
6928,12213.631,12073.274,140.35681,1.2592784,-0.43483632
6929,12287.047,12447.693,-160.64634,-1.4000686,-1.2711561
6930,12274.652,12247.708,26.943516,0.23034328,-1.6086753
6931,12076.335,12020.699,55.636539,0.48281022,-2.071504
6932,11897.564,12014.311,-116.74669,-1.0106503,-1.9097105
6933,11791.732,11643.823,147.90843,1.2967694,-0.31656306
6934,11246.361,11292.99,-46.629137,-0.41607846,0.97949986
6935,11953.341,12082.119,-128.77822,-1.1119492,1.5262131
6936,10898.354,10681.735,216.61869,1.8090259,0.75520242
6937,12029.14,12248.2,-219.05995,-1.8654017,0.5975391
6938,11552.417,11392.737,159.68009,1.3549297,0.54524477
6939,11457.073,11687.063,-229.99071,-1.9155074,1.5908412
6940,10106.994,9959.9232,147.07119,1.2943558,2.255929
6941,11441.341,11427.132,14.208345,0.12482149,1.5165538
6942,13193.296,13341.973,-148.67704,-1.2623917,1.4022044
6943,12545.43,12428.53,116.90042,0.96129844,1.3748069
6944,10890.726,10996.699,-105.9724,-0.92576016,2.6397798
6945,10736.268,10686.649,49.619404,0.43211036,0.85861942
6946,11518.093,11633.996,-115.90305,-1.013474,0.81569526
6947,11969.549,11898.841,70.708657,0.62698596,-0.24192301
6948,12043.441,11966.157,77.283951,0.69614126,-1.1149845
6949,11702.585,11981.39,-278.80491,-2.5153465,-1.5673368
6950,11691.62,11442.365,249.25543,2.2088026,-0.48244223
6951,10896.924,10998.664,-101.74046,-0.90553247,-0.2799507
6952,11173.899,11242.38,-68.480597,-0.63073043,-0.20825246
6953,11325.02,11187.839,137.18171,1.2575795,-0.72315427
6954,10785.371,10985.889,-200.5181,-1.7563598,-1.4696826
6955,10706.711,10617.858,88.853394,0.75026322,-1.5763606
6956,9874.3538,9872.4607,1.8931649,0.016312567,-2.1343084
6957,9642.1899,9686.2342,-44.044221,-0.39051611,-1.4442389
6958,9641.2365,9605.1593,36.07719,0.31315076,-0.96129968
6959,8663.9553,8684.3455,-20.390182,-0.1772321,0.60064606
6960,8522.8454,8546.2726,-23.427115,-0.21344218,0.8579999
6961,8151.9553,8103.5547,48.400605,0.42377515,1.0561904
6962,7613.7356,7631.8464,-18.110881,-0.15305405,0.31638591
6963,6959.6723,6868.2687,91.403539,0.79507628,-0.77121594
6964,6175.4637,6315.977,-140.51328,-1.263887,1.010224
6965,6151.1508,6025.5816,125.56926,1.1515679,1.3957194
6966,5734.0186,5696.3685,37.6501,0.34687768,2.0151054
6967,5245.378,5373.0518,-127.6738,-1.1438145,1.7402544
6968,5081.3855,4963.7466,117.63883,1.0223253,0.40713721
6969,4577.4898,4602.1036,-24.613889,-0.21566284,1.2250793
6970,4251.4115,4274.3647,-22.953138,-0.20308283,0.064736615
6971,4196.5885,4266.5029,-69.914425,-0.61859559,0.20819566
6972,4355.3371,4242.9175,112.41959,1.0316356,0.8219174
6973,4098.3836,4169.2131,-70.829439,-0.65465432,0.18705753
6974,4140.3352,4269.4511,-129.11586,-1.1989058,-0.1408555
6975,4213.2737,3990.357,222.91674,2.0324117,-1.6564295
6976,4263.3296,4348.5605,-85.230852,-0.76950594,-0.71358347
6977,4582.7337,4521.5202,61.213552,0.56048452,-0.32924954
6978,4561.7579,4481.7198,80.038145,0.74383454,-0.22761645
6979,4781.0503,4883.1631,-102.11287,-0.92319541,-0.51641775
6980,4927.4041,4882.1804,45.223675,0.39671471,-0.53773313
6981,5141.4525,5118.5259,22.926602,0.20132763,-1.083414
6982,5201.9963,5318.0192,-116.02292,-1.0350503,-1.9301506
6983,5636.2905,5489.0134,147.27707,1.3343117,-1.699377
6984,5497.0875,5568.1228,-71.035317,-0.65712179,-0.91076407
6985,5748.797,5781.3743,-32.57726,-0.29965059,-0.67729819
6986,5959.0317,5891.9309,67.100755,0.61417225,0.33872703
6987,5918.5102,5958.7562,-40.245996,-0.35742393,-0.79383851
6988,6019.5754,6019.1939,0.38156103,0.0033184862,-0.89213457
6989,5910.406,6029.5125,-119.10652,-1.0312414,1.3775226
6990,6091.0838,5987.2553,103.82852,0.96581246,1.7818214
6991,5984.7747,5951.3858,33.388878,0.3082477,1.0610863
6992,5909.9292,5911.5854,-1.6561762,-0.014782299,0.38695839
6993,6031.4935,5967.6008,63.892715,0.55362753,0.22090578
6994,5626.7561,5588.7601,37.995975,0.33541313,-0.21913947
6995,5776.4469,5790.2188,-13.771883,-0.12152371,-1.4723691
6996,5694.9274,5710.1267,-15.199305,-0.1376782,-1.1819934
6997,5231.0764,5225.1516,5.9247186,0.053973304,-0.67236566
6998,5380.7672,5299.3474,81.419816,0.72290386,0.6077892
6999,5339.2924,5530.2879,-190.99554,-1.7090246,0.56334968
7000,6581.1546,6404.4223,176.7323,1.2822886,-0.12256724
7001,10106.041,10143.202,-37.160567,-0.24514241,0.89471316
7002,16955.59,16818.365,137.22563,0.7886099,1.5048042
7003,18818.145,18263.463,554.68268,4.9301669,0.65002366
7004,21273.266,20752.706,520.55996,3.5456262,1.7035852
7005,24494.48,23328.921,1165.5591,9.1337175,0.89206512
7006,27171.754,25995.547,1176.2072,9.4641186,-1.0397071
7007,25588.559,24623.662,964.89647,7.6530852,-0.58599255
7008,24660.38,23548.069,1112.3108,9.6956885,-1.1737882
7009,25058.443,24017.321,1041.1227,8.8441309,-0.66365714
7010,26350.838,25393.136,957.70171,8.3213783,-0.7027091
7011,26874.279,25702.695,1171.5845,10.229954,-0.86944667
7012,27712.834,26729.152,983.68263,8.5666488,-0.81693636
7013,28459.382,27129.612,1329.7695,11.571617,-1.0644453
7014,27737.147,26759.125,978.02235,8.3869183,-1.9466968
7015,26582.048,25323.363,1258.6857,10.330456,0.8775495
7016,24844.395,23698.426,1145.9687,9.8200557,0.048643141
7017,23217.818,22253.82,963.99793,8.0130234,0.4116633
7018,21258.488,20274.119,984.36889,7.7019738,0.18904199
7019,18485.393,17651.716,833.67699,6.4746128,-0.17663701
7020,16411.65,15689.704,721.94549,5.7480697,-0.1375389
7021,14585.803,13920.307,665.49551,5.1423053,0.5248941
7022,12019.128,11464.967,554.16112,4.4382644,0.11285472
7023,9413.8399,8944.7678,469.0721,4.1179734,-1.815312
7024,7443.5456,7315.9002,127.64543,1.1092705,-0.427534
7025,5825.0726,5346.5182,478.55439,4.200717,-0.029767656
7026,4276.2011,4252.2534,23.947758,0.20870351,0.9422841
7027,3071.5233,3122.119,-50.595724,-0.44407784,0.82143542
7028,2227.7244,2012.1305,215.59388,1.997127,0.90822856
7029,1328.149,1606.2649,-278.1159,-2.4349261,0.4850608
7030,1117.4376,1059.3781,58.059497,0.4934634,0.97344679
7031,603.53073,616.16891,-12.63818,-0.10699393,0.18597147
7032,66.741155,273.68906,-206.9479,-1.838438,-0.98379432
7033,-226.91993,-291.37812,64.458193,0.57658534,-0.45898047
7034,-709.83985,-488.90595,-220.9339,-1.8990373,0.061838253
7035,-595.90317,-517.40499,-78.498175,-0.69664131,0.016165753
7036,-257.90689,-227.50096,-30.40593,-0.27241449,-0.26728514
7037,78.659218,234.38004,-155.72082,-1.3670626,-0.58372513
7038,643.57542,582.75624,60.819181,0.52691905,-1.0249068
7039,1105.9963,1416.1075,-310.11121,-2.7376629,0.20020452
7040,2211.9926,1979.7006,232.29198,2.0436686,0.17476927
7041,2872.73,2954.5643,-81.834318,-0.75059854,1.3510999
7042,3848.581,3836.0691,12.511908,0.11072546,0.484738
7043,5056.1192,4807.4933,248.6259,2.2045763,0.75874648
7044,5855.5829,5858.5182,-2.9353664,-0.025951069,0.89784099
7045,6962.0559,6679.094,282.96182,2.3734909,0.1769901
7046,7926.9423,7771.3935,155.5488,1.277284,0.55025948
7047,8963.3371,8548.7294,414.60769,3.6122074,0.35860372
7048,9467.2328,9086.7716,380.46118,3.3467243,0.41310486
7049,10048.834,9902.4338,146.40048,1.3452015,0.45591357
7050,10763.918,9954.0269,809.89119,7.1071915,1.0945177
7051,10753.43,10492.069,261.36107,2.2816176,2.3751249
7052,11252.559,10661.589,590.96941,5.2818611,0.71933954
7053,11096.67,10543.171,553.49957,4.8894249,-0.28070792
7054,11228.246,10930.856,297.38976,2.6150754,0.0038296945
7055,11278.778,10601.152,677.62677,5.8492794,1.0665121
7056,10979.873,10585.919,393.95398,3.4649631,0.90719261
7057,10952.7,10400.184,552.51593,4.967428,-0.080472156
7058,10685.259,10180.054,505.2051,4.4900983,-0.045887081
7059,10244.291,9796.2994,447.99108,3.8703058,0.83649938
7060,10942.689,10475.854,466.83489,3.9839013,-0.37671749
7061,9820.9609,9265.6276,555.33325,4.8329,1.0907225
7062,11111.449,10694.019,417.4296,3.5511479,0.51376815
7063,10357.75,9876.3916,481.35891,4.2316192,0.22451266
7064,10485.989,10162.365,323.62414,2.6645053,0.36982058
7065,9016.2533,8389.5278,626.72543,5.7531878,0.82695601
7066,10398.272,9978.595,419.67687,3.6573758,0.070414167
7067,12243.665,11755.854,487.81068,4.1805036,-0.60997023
7068,11421.318,10923.977,497.34147,4.1167119,0.97402021
7069,9977.3259,9459.2246,518.10132,4.4725781,1.5433141
7070,9606.9125,9070.0653,536.84722,4.4893105,-0.21118898
7071,10488.372,10185.459,302.91371,2.5643094,-0.83329297
7072,10926.48,10261.62,664.86049,5.8642243,-1.46978
7073,10813.497,10446.864,366.63348,3.2605195,-0.3641747
7074,10713.385,10367.754,345.63116,3.1680899,-0.36985335
7075,10504.581,9787.4549,717.12611,6.4589787,0.11373782
7076,9832.879,9431.7083,401.1707,3.5406985,1.4013607
7077,10123.68,9577.643,546.03671,4.8662336,1.716609
7078,10131.784,9659.2092,472.57477,4.2451705,-0.51563489
7079,9822.3911,9408.1228,414.26822,3.7823007,-0.70252045
7080,9600.2384,9034.6871,565.55122,4.925936,0.072608575
7081,8924.2458,8415.0787,509.16712,4.4909177,-0.79519876
7082,8667.7691,8233.7658,434.00325,3.9148103,-1.5119198
7083,8642.9795,8197.405,445.57453,4.1127111,-0.9803495
7084,7805.378,7316.3916,488.98647,4.5176454,0.3172154
7085,7576.0745,7187.6545,388.41998,3.4806665,0.54520394
7086,7369.6536,6943.4472,426.20641,3.8643737,0.60143971
7087,6773.2737,6377.8887,395.38507,3.444846,-0.28810163
7088,6112.5363,5769.0902,343.4461,2.9995918,0.39986324
7089,5456.0894,5196.6526,259.43679,2.3464345,-0.15629921
7090,5296.8641,4927.3858,369.47826,3.5077083,1.1446027
7091,5041.3408,4728.3839,312.9569,2.9241518,-0.01191713
7092,4533.6313,4285.1747,248.45662,2.2674308,-0.1198353
7093,4335.3147,4069.9578,265.35694,2.3122732,-0.20865067
7094,3974.9125,3587.4395,387.47294,3.5031851,-0.40740083
7095,3545.3855,3377.6276,167.75784,1.4579369,0.011772575
7096,3656.9385,3384.5067,272.43183,2.3898331,-1.453388
7097,3684.5885,3316.6987,367.8898,3.3320164,-1.7000492
7098,3456.7151,3323.0864,133.62871,1.2266266,0.23357008
7099,3518.2123,3326.5259,191.68638,1.7602484,0.25123026
7100,3511.5382,3083.7927,427.74547,3.9221605,1.0410293
7101,3607.3594,3466.0729,141.28647,1.2818568,1.2830045
7102,3851.4413,3557.4664,293.97493,2.6615282,0.46787333
7103,3804.7225,3566.3109,238.41159,2.1514974,0.11018189
7104,4072.6406,3817.3973,255.24328,2.3403277,-1.262336
7105,4101.2439,3876.8522,224.39174,1.9796028,0.60078666
7106,4446.3911,4044.8983,401.49279,3.5100999,-0.38360279
7107,4335.7914,4212.453,123.33846,1.0972611,0.12114422
7108,4761.0279,4415.8772,345.15077,3.2393433,-0.18116305
7109,4751.4935,4381.4818,370.01172,3.3950504,0.47964322
7110,4785.3408,4607.0173,178.32351,1.6351519,0.62392921
7111,5268.2607,4719.5393,548.72136,5.0532357,-0.18672557
7112,5012.7374,4772.1152,240.62227,2.1681043,0.045917247
7113,5155.7542,4830.096,325.65822,2.9163281,0.52035149
7114,5130.9646,4818.3033,312.66136,2.8508308,0.23999247
7115,5181.0205,4783.4165,397.60398,3.6996236,0.56955693
7116,5204.8566,4811.4242,393.43243,3.6238792,0.53561547
7117,4988.9013,4681.7044,307.19689,2.8019072,-2.0355882
7118,5124.7672,4805.0365,319.73076,2.8864646,-0.76267955
7119,4775.8063,4340.2073,435.59904,3.9558405,-0.62743148
7120,4821.5717,4589.3282,232.24348,2.0592133,-0.69954809
7121,4925.4972,4526.4338,399.06343,3.521286,-0.79340176
7122,4279.0615,3971.1939,307.86759,2.6457785,0.072933398
7123,4545.0726,4243.9002,301.17243,2.5650905,0.35841437
7124,4564.6182,4300.8983,263.71998,2.3726123,0.45069441
7125,5644.8715,5130.81,514.06153,3.8298569,1.0895186
7126,9392.8641,8738.3954,654.46867,4.4063119,1.1269699
7127,16438.823,15662.188,776.63499,4.1569372,2.1781371
7128,20044.752,18659.501,1385.2514,11.946009,-0.26478269
7129,23658.309,22611.04,1047.2688,6.766573,-0.47887268
7130,26238.331,25149.912,1088.4198,9.1133588,0.30471994
7131,27508.32,26309.036,1199.2838,9.900798,-0.59528547
7132,25466.518,24169.643,1296.8747,10.364983,0.26292642
7133,24918.287,23698.917,1219.3693,10.504164,-0.036624058
7134,25091.814,23878.756,1213.0575,10.478184,1.8233738
7135,26275.993,25011.839,1264.1538,10.671505,1.3646563
7136,27586.503,26056.967,1529.5354,12.747961,-0.18740081
7137,28598.585,27459.317,1139.268,9.6819757,0.18920032
7138,29099.143,27725.144,1373.9994,12.374487,-0.51523114
7139,28206.242,26924.223,1282.0194,11.206202,0.1818291
7140,26979.635,25570.027,1409.6081,12.116212,0.35711856
7141,25144.253,23852.714,1291.5392,10.876388,0.0029852807
7142,23045.244,21950.157,1095.0866,8.9181797,-0.57928111
7143,21057.311,19899.701,1157.6104,9.1755563,0.36489566
7144,18176.477,17167.232,1009.2445,7.9123702,0.37522513
7145,15897.743,15105.474,792.26893,6.6328147,-1.0440586
7146,13832.581,13105.628,726.95337,5.6637485,-0.24010657
7147,11221.572,10415.908,805.66383,6.3657111,-0.12825566
7148,8644.8864,8167.9232,476.96318,4.0495869,-1.5383587
7149,6501.0652,6190.6795,310.38571,2.6156168,0.37414995
7150,4652.8119,4026.7179,626.09407,5.5355044,0.4793081
7151,3123.0093,2894.618,228.39127,2.0407417,1.7046086
7152,1925.4823,1631.8157,293.66657,2.5453779,1.4515429
7153,1198.9572,837.28215,361.67502,3.1842184,-1.0715253
7154,546.32402,353.28983,193.0342,1.6291143,-0.42789474
7155,224.05959,-48.644914,272.7045,2.325029,1.0938587
7156,-269.82495,-541.97313,272.14818,2.3458043,-0.51458385
7157,-911.01676,-1020.0691,109.05234,0.96702401,-0.73151598
7158,-1169.8771,-1364.5144,194.6373,1.7030584,0.69026881
7159,-1656.1341,-1871.1094,214.97533,1.8763851,1.1955031
7160,-1568.8939,-1689.7965,120.90269,1.0390112,2.4291743
7161,-1105.9963,-1328.1536,222.15728,1.9597367,0.57166832
7162,-749.40782,-941.94242,192.5346,1.6787081,0.40981484
7163,-193.54935,-337.56622,144.01687,1.2524029,1.5318937
7164,434.29423,265.82726,168.46697,1.434575,0.89793954
7165,1471.1657,1075.5931,395.57265,3.4524369,1.4644392
7166,2372.648,2047.0173,325.63077,2.9649894,0.39251337
7167,3239.8063,2929.5048,310.30153,2.7378622,1.1470117
7168,4586.5475,4161.3512,425.19624,3.6876084,0.89451288
7169,5584.3277,5045.8042,538.52352,4.8124204,-0.35368255
7170,6588.7821,6087.0019,501.7802,4.2950167,-0.26096223
7171,7781.0652,7219.1017,561.96345,4.7940246,-0.49208991
7172,8711.6276,8004.7908,706.83677,6.3533091,-0.92186549
7173,9285.1248,8764.929,520.19578,4.5551723,0.87208541
7174,9923.933,9339.3321,584.60091,5.2187052,0.37095752
7175,10464.536,9655.7697,808.76664,7.3089008,0.45348273
7176,10617.088,10000.215,616.87255,5.6962652,0.22127217
7177,10940.305,10198.726,741.57987,6.9011826,0.69724859
7178,10857.832,10170.226,687.60591,6.2955652,-1.4643225
7179,11001.803,10351.539,650.26326,5.6408123,-1.7539572
7180,10954.13,10170.226,783.90387,6.7254776,-1.2127274
7181,10792.521,10098.979,693.54253,6.0169457,-1.2861242
7182,10566.078,9890.1497,675.9285,6.0030515,-0.27397644
7183,10404.469,9701.9578,702.5115,6.4292442,-1.1362741
7184,9967.3147,9189.4664,777.8483,6.7311574,2.2645489
7185,10629.959,10005.62,624.33907,5.1828157,1.3875776
7186,9621.6909,8753.1363,868.5546,7.241618,1.5855715
7187,10751.523,10163.839,587.68451,5.0163377,0.75695322
7188,10162.294,9501.4818,660.81246,5.7271819,1.6894024
7189,10305.311,9597.2975,708.01348,6.0285538,1.796655
7190,8735.9404,8075.0557,660.88475,6.0295817,2.3969668
7191,10168.968,9455.2937,713.67468,6.2576096,0.86288301
7192,11923.307,11334.756,588.55102,4.9579202,-0.65820571
7193,11158.644,10525.482,633.16255,5.3242707,0.49633914
7194,9691.7691,8916.2687,775.50037,6.7826008,2.4524963
7195,9332.797,8695.1555,637.64155,5.5616235,0.27388953
7196,10332.007,9650.3647,681.64277,6.0237179,-0.63348907
7197,10577.996,9842.9789,735.01739,6.7169188,-0.26268549
7198,10653.318,10041.489,611.82899,5.6389197,-1.1902824
7199,10453.572,9820.8676,632.70413,5.6996914,-0.0094409737
7200,10321.52,9443.501,878.01859,7.7239954,-0.91276298
7201,9614.54,8960,654.54004,5.9950937,-0.35337753
7202,9780.9162,9158.0192,622.89701,5.7028288,0.71613063
7203,9934.8976,9274.4722,660.42541,5.9470898,-0.061925427
7204,9543.9851,8842.0729,701.91217,6.0318737,-2.3940731
7205,9290.3687,8754.119,536.24971,4.608324,-1.715959
7206,8649.1769,7877.5278,771.64908,6.8313798,-2.8081273
7207,8234.4283,7728.1536,506.27475,4.6247269,-2.2689625
7208,8335.0168,7719.8004,615.21638,5.5691145,-2.0645744
7209,7354.3985,6660.4223,693.97625,6.1907791,0.91782987
7210,7150.3613,6665.8273,484.53401,4.4364613,1.8938674
7211,6945.3706,6219.1785,726.19207,6.4955436,2.3132886
7212,6196.4395,5773.5125,422.927,3.6694934,0.40371645
7213,5703.9851,5092.975,611.01005,5.5572305,0.98396609
7214,4871.6276,4452.238,419.38956,3.7162168,2.5610627
7215,4871.1508,4296.476,574.67483,5.2898014,0.87626244
7216,4534.5847,3959.8925,574.69222,5.191517,1.1331917
7217,3949.6462,3624.7831,324.86307,2.8669216,-0.86652497
7218,3885.7654,3397.7735,487.99185,4.1968383,0.22817775
7219,3379.0093,2823.3704,555.63887,4.8976314,-0.21677544
7220,3057.6983,2742.7869,314.91138,2.7837358,0.5230492
7221,3101.5568,2598.3263,503.2305,4.4127697,-1.0487591
7222,3072.4767,2668.0998,404.37691,3.6913384,-0.40368828
7223,2988.5736,2578.1804,410.39313,3.7409481,-1.3177653
7224,2879.8808,2568.3532,311.52765,2.7619522,-0.82820603
7225,3072.4767,2401.7812,670.69553,6.0489085,-1.7302454
7226,3092.9758,2700.0384,392.9374,3.591682,-0.59494052
7227,3286.0484,2935.4012,350.64727,3.2674542,-0.010814242
7228,3450.9944,2851.3781,599.61629,5.4834789,-1.1383648
7229,3527.7467,3146.1958,381.55096,3.2511541,-1.5877678
7230,3810.9199,3281.3205,529.59939,4.4790461,-2.859441
7231,3934.3911,3393.8426,540.54845,4.6386762,-3.552124
7232,3956.3203,3630.6795,325.64084,2.8691005,-1.602639
7233,4426.3687,3841.9655,584.40326,5.313914,-1.0014782
7234,4287.6425,3733.8656,553.77682,5.0554051,-1.4886822
7235,4493.1099,4161.3512,331.75862,2.9793572,-0.14885429
7236,4816.8045,4079.2937,737.5108,6.8819084,-1.1319038
7237,4598.9423,4269.4511,329.49122,2.9542456,-1.3036552
7238,4800.1192,4245.8656,554.25354,4.8167242,0.22906476
7239,4635.1732,4216.3839,418.78931,3.7109637,0.56764388
7240,4843.5009,4270.4338,573.06715,5.3515141,2.1759165
7241,4698.1006,4148.5758,549.52474,5.0115692,2.2611775
7242,4576.5363,4200.6603,375.87604,3.3534564,0.70671281
7243,4750.0633,4170.6871,579.37617,5.0476908,0.26786653
7244,4341.0354,3741.7274,599.30793,5.2224343,0.1749203
7245,4530.2942,4087.6468,442.64739,3.8594596,-0.66410927
7246,4446.3911,3875.3781,571.01294,5.0432822,-0.55150024
7247,3962.041,3459.1939,502.84711,4.5223411,0.12235544
7248,4082.6518,3622.3263,460.32547,4.0490221,1.3003872
7249,4129.8473,3669.4971,460.35018,4.0027128,0.084660145
7250,5241.5642,4679.739,561.82528,4.1512975,-0.76167624
7251,8560.9832,8053.9271,507.05618,3.5300289,-0.75751738
7252,14966.227,14635.731,330.4959,1.9072447,1.1890677
7253,17009.46,16226.273,783.18741,6.94756,-0.31845388
7254,19166.629,18994.61,172.01906,1.164642,0.32618664
7255,22276.767,21986.518,290.24899,2.1909774,-0.44121482
7256,24827.233,24596.637,230.59554,1.8383081,-2.0096015
7257,23187.784,23168.246,19.538304,0.15293874,-2.1772211
7258,22260.082,21979.148,280.93414,2.4336709,-0.43340573
7259,22626.682,22444.96,181.72187,1.5477367,0.72237548
7260,23972.946,23747.071,225.87498,1.9452647,0.25670705
7261,24427.263,24032.553,394.70979,3.4024809,0.50658541
7262,25246.272,25217.72,28.552111,0.24172019,0.73536899
7263,25985.192,25642.749,342.44325,2.8942421,0.043338065
7264,25322.547,25279.14,43.407371,0.37715702,0.056172836
7265,24207.017,23952.952,254.06474,2.1295038,1.2648672
7266,22561.847,22301.482,260.36553,2.2816095,1.2922554
7267,20850.89,20894.71,-43.820042,-0.36924671,1.1044845
7268,19169.013,18844.745,324.26831,2.5366989,-0.13328268
7269,16385.43,16185.489,199.94072,1.5391117,0.3293468
7270,14508.097,14281.459,226.6381,1.881848,-0.25289947
7271,12677.006,12430.004,247.00175,1.9625015,-0.12537344
7272,10212.35,9938.7946,273.55547,2.2361002,-0.26129392
7273,7813.959,7421.0518,392.90721,3.4756595,-1.5149527
7274,5936.6257,5750.4184,186.20727,1.6073464,-0.77847004
7275,4470.2272,3824.2764,645.9508,5.5528166,-0.99340407
7276,2897.9963,2592.4299,305.56633,2.6619159,-0.92201188
7277,1810.5922,1466.2265,344.36569,3.0947896,-0.19277282
7278,937.2365,329.21305,608.02345,5.5685343,-0.31296733
7279,151.59777,-122.34933,273.94709,2.390693,-0.086927885
7280,-33.370577,-519.37044,485.99986,4.120278,-0.33367437
7281,-487.21043,-1037.2668,550.05637,4.6296107,-1.8665851
7282,-1186.0857,-1372.3762,186.29054,1.6189092,-1.3507891
7283,-1323.3818,-1910.9098,587.52804,5.117716,-1.1245273
7284,-1817.743,-2250.4415,432.69844,3.7863856,-0.45689696
7285,-1751.4786,-2105.4894,354.01086,3.105931,0.81740295
7286,-1391.5531,-1973.3129,581.75979,5.0271725,1.9249623
7287,-1136.9832,-1430.357,293.37377,2.435461,0.3432819
7288,-563.00931,-1134.5566,571.54731,4.8977052,0.5536649
7289,-44.335196,-405.37428,361.03908,3.0596564,0.46060221
7290,930.08566,383.75432,546.33134,4.8539744,0.14919871
7291,1666.622,1197.4511,469.17092,4.2167713,2.3891848
7292,2460.8417,2206.7102,254.13154,2.2207267,1.1863808
7293,3658.8454,3102.4645,556.38095,4.8848861,1.9417377
7294,4487.3892,4182.9712,304.41799,2.7017979,-0.21308511
7295,5407.9404,5077.2514,330.68897,2.8863425,-0.87249289
7296,6435.2775,6097.8119,337.46557,2.8760149,-0.45836124
7297,7293.8547,6992.5835,301.27126,2.706239,-0.41610208
7298,7822.54,7464.7831,357.75693,3.237681,0.11077961
7299,8373.1546,8200.8445,172.31003,1.5472593,-0.035589658
7300,9010.5326,8461.2668,549.26579,4.8105094,-0.42748704
7301,9063.4488,8834.2111,229.23766,2.0221919,0.3081473
7302,9367.121,9139.8388,227.28227,2.0937799,0.68968171
7303,9355.203,8873.0288,482.17419,4.4890914,-0.57275891
7304,9482.9646,9309.3589,173.60569,1.5611778,-1.2531541
7305,9461.9888,9082.3493,379.6395,3.2919798,-1.4218298
7306,9236.9758,8946.2418,290.73395,2.5281193,-0.72449178
7307,9108.2607,8967.3704,140.89027,1.2267182,-1.7605585
7308,8967.6276,8531.0403,436.58725,3.8200148,0.01001099
7309,8463.7318,8286.833,176.89883,1.6020469,0.0068457772
7310,9198.3613,8967.3704,230.99082,1.99234,-0.38448103
7311,8119.0615,7686.8791,432.18237,3.8488492,0.24279352
7312,9274.1601,9205.6814,68.478767,0.59325759,-0.22549779
7313,8697.8026,8289.7812,408.02142,3.4911845,0.32933773
7314,8728.3128,8602.7793,125.53358,1.0399051,0.28966074
7315,7360.1192,6901.6814,458.4378,4.1987186,0.98050625
7316,8575.7616,8360.5374,215.22421,1.858026,0.7154112
7317,10472.641,10287.171,185.46977,1.5701184,-0.62659625
7318,9689.8622,9306.9021,382.96009,3.1147064,0.57680416
7319,8192,7933.0518,258.94818,2.1840035,0.73468953
7320,7915.5009,7568.4607,347.04028,2.9379425,-0.4096205
7321,8716.3948,8550.2035,166.19133,1.4483981,-1.3716168
7322,9131.1434,8812.0998,319.04358,2.932577,-0.6040405
7323,9118.7486,8825.3666,293.382,2.697122,0.30285335
7324,8885.6313,8870.0806,15.550671,0.1403538,0.57862688
7325,8848.9236,8262.2649,586.65877,5.1493301,0.094154667
7326,8037.0652,7936.9827,100.08245,0.89373916,0.70061162
7327,8318.8082,8095.6929,223.1153,2.0661453,0.94711342
7328,8423.2104,8056.3839,366.82655,3.3666072,-0.22195263
7329,8035.635,7865.2438,170.39125,1.5134765,-0.35052879
7330,7929.8026,7587.6238,342.17881,2.9108322,-0.93607743
7331,7097.9218,6907.5777,190.34405,1.7105797,-0.83076134
7332,6915.3371,6718.4031,196.93399,1.8333915,-2.2063998
7333,6967.2998,6665.3359,301.96392,2.7973729,-1.9474126
7334,6083.4562,5809.8733,273.58292,2.4735717,-1.0332352
7335,5960.4618,5717.4971,242.9647,2.1742885,-0.29550637
7336,5678.7188,5347.501,331.21785,3.0881736,0.070933346
7337,5128.581,4935.739,192.84204,1.7529513,0.13784847
7338,4562.7114,4220.3148,342.39658,3.0508145,-0.52522917
7339,3847.6276,3731.9002,115.72737,1.0530235,0.44037613
7340,3856.2086,3423.3244,432.88419,3.8915466,0.62390259
7341,3416.1937,3214.4952,201.69847,1.855387,1.1718906
7342,3063.419,2840.5681,222.85086,1.9955373,0.047140208
7343,2784.5363,2505.9501,278.58622,2.4597421,0.49344295
7344,2466.0857,2081.904,384.18163,3.3621494,1.0603947
7345,2120.9385,1826.3954,294.54315,2.4881115,0.59318692
7346,2023.6872,1848.9981,174.68907,1.4660091,0.2850541
7347,2218.6667,1814.6027,404.06398,3.6112142,0.76882391
7348,1925.0056,1706.5029,218.50271,1.9893717,0.42572035
7349,2001.2812,1820.0077,181.27351,1.6466986,0.35965906
7350,2076.1266,1530.1036,546.02298,4.7660665,0.24198097
7351,2030.838,1907.4702,123.36774,1.0981957,1.0601444
7352,2356.9162,2061.2668,295.64941,2.705038,1.4646096
7353,2324.4991,1946.7793,377.7198,3.5322924,0.2879809
7354,2536.1639,2388.023,148.14084,1.3450204,-1.0376818
7355,2706.8305,2304.9827,401.84781,3.5341391,-0.91780051
7356,2776.9088,2571.3013,205.60741,1.8007758,-0.12899933
7357,2881.311,2648.9367,232.37433,2.1028057,-1.2463542
7358,3144.9385,2898.5489,246.3896,2.275722,-0.69339189
7359,3184.5065,2887.739,296.76755,2.7004849,-0.37888714
7360,3246.9572,3072.4914,174.46581,1.5620877,-1.0237445
7361,3557.3035,3253.8042,303.49932,2.8267181,0.51278023
7362,3458.1453,3246.9251,211.22011,1.9388098,-0.4703075
7363,3559.6872,3292.6219,267.06527,2.4004698,-1.0766625
7364,3571.1285,3359.9386,211.18991,1.9138506,-0.24575552
7365,3608.3128,3245.9424,362.37043,3.3266231,-0.9001346
7366,3558.7337,3334.8791,223.85463,2.0540841,1.106331
7367,3426.2048,3195.3321,230.87279,2.0782882,0.036709263
7368,3548.2458,3273.9501,274.29571,2.5238125,-0.096377885
7369,3204.0521,2912.7985,291.25368,2.6227132,0.097309586
7370,3284.1415,3036.6219,247.51965,2.1650227,-0.81327187
7371,3241.2365,3128.5067,112.72978,0.96638067,-0.74012738
7372,2788.8268,2453.8656,334.96117,2.8576757,1.1922478
7373,2847.9404,2691.1939,156.74655,1.3314382,1.2506694
7374,3015.7467,2825.8273,189.91949,1.6982588,2.0328331
7375,4055.4786,3683.2553,372.22331,2.7203951,1.6465974
7376,7620.4097,7479.0326,141.37705,0.94818238,1.1308618
7377,14482.831,14530.088,-47.257752,-0.25725252,0.14872361
7378,17274.041,17551.969,-277.92832,-2.4200584,0.80436682
7379,20823.717,21473.536,-649.81856,-4.105752,0.83385372
7380,23984.387,24193.72,-209.33243,-1.7094279,0.52363528
7381,25771.62,25824.553,-52.932671,-0.45017605,0.7217089
7382,23832.79,24129.843,-297.05304,-2.3866653,-0.83911307
7383,23303.151,23355.455,-52.304056,-0.45341579,1.2029902
7384,23482.399,23568.215,-85.816461,-0.73866102,0.88036594
7385,24625.102,24827.086,-201.98395,-1.7347297,0.31871955
7386,25541.84,25838.311,-296.47109,-2.5239987,0.18396657
7387,26655.94,27092.269,-436.3283,-3.7675666,0.62054812
7388,27196.067,27407.724,-211.65657,-1.8279092,1.0158414
7389,26508.633,26851.01,-342.37645,-2.9723955,0.02859227
7390,25257.236,25400.015,-142.77886,-1.2012433,0.38333416
7391,23476.201,23653.221,-177.01961,-1.5342177,-0.88407371
7392,21578.369,21671.555,-93.185987,-0.75590986,0.51521974
7393,19555.158,19541.988,13.169803,0.10348617,-0.36468685
7394,16800.179,16770.211,29.967639,0.2359763,-0.13941388
7395,14546.711,14472.599,74.112511,0.60099646,-1.5589314
7396,12460.574,12450.15,10.423845,0.08151325,-1.0360071
7397,9889.1322,9676.4069,212.72531,1.670716,-0.14716879
7398,7258.5773,7137.0441,121.53314,1.042819,-2.045154
7399,5191.5084,5189.2821,2.2262302,0.018990476,0.46537952
7400,3456.7151,2871.524,585.19109,5.0051935,-0.63573509
7401,1763.8734,1674.5643,89.309071,0.78036366,0.57406175
7402,602.10056,327.73896,274.3616,2.4079062,1.1558023
7403,-334.1825,-686.92514,352.74265,3.1384733,0.13024332
7404,-922.4581,-1044.6372,122.17914,1.0454925,0.64618872
7405,-1267.6052,-1607.2476,339.64239,2.8522363,0.69407197
7406,-1849.2067,-2066.6718,217.46508,1.8637061,-0.46117919
7407,-2362.1601,-2620.4376,258.27747,2.2714304,0.35275802
7408,-2663.9255,-3028.7601,364.83456,3.2100973,0.74607706
7409,-3076.7672,-3414.4798,337.71262,2.9444835,1.0008623
7410,-3076.7672,-3356.9904,280.22318,2.4459499,0.61841455
7411,-2650.1006,-2932.453,282.35242,2.5312208,-0.36681545
7412,-2320.6853,-2538.38,217.69475,1.9279221,-0.55495012
7413,-1761.4898,-1985.1056,223.61581,1.8861212,1.1164674
7414,-1123.635,-1232.3378,108.7028,0.95405168,0.50810415
7415,-127.76164,-465.8119,338.05026,2.9558778,0.12717085
7416,649.29609,595.04031,54.255782,0.48393106,-1.3818665
7417,1643.7393,1499.1478,144.5915,1.2382379,-0.28442449
7418,2844.6034,2703.9693,140.63406,1.2044112,1.0249593
7419,3948.216,3803.1478,145.06822,1.2859272,0.084235343
7420,4843.9777,4778.9942,64.983412,0.54726276,0.28002195
7421,6001.9367,6037.8656,-35.928958,-0.30007664,-0.33820397
7422,6988.2756,6795.547,192.72858,1.7362166,-0.41230026
7423,7533.1695,7607.2783,-74.108851,-0.67758972,0.24470793
7424,8273.9963,8317.7889,-43.792592,-0.40893873,-0.70784477
7425,8791.7169,8532.023,259.69391,2.3345652,1.1579936
7426,8895.6425,9101.0211,-205.37866,-1.8133845,1.7777314
7427,9301.8101,9176.1996,125.61044,1.1294313,1.6311312
7428,9213.1397,9226.81,-13.670316,-0.12165767,-0.099176596
7429,9422.4209,9473.4741,-51.053232,-0.44555616,-1.1891129
7430,9334.7039,9229.2668,105.43712,0.91524201,-0.38307933
7431,9106.8305,9236.1459,-129.31533,-1.1430897,-0.12250432
7432,9008.149,8970.81,37.338995,0.3254945,-0.36509848
7433,8761.6834,8751.6622,10.021238,0.088241561,1.5583208
7434,8420.8268,8348.7447,72.082094,0.63685537,2.8025932
7435,8926.6294,9074.9789,-148.34946,-1.2883633,0.40364376
7436,7997.9739,7874.0883,123.88564,1.0791492,0.75309833
7437,9179.7691,9175.7083,4.0608342,0.035571988,0.68294782
7438,8559.0764,8546.7639,12.312435,0.10619988,-0.17058913
7439,8716.8715,8713.8273,3.0442531,0.024329133,1.4526993
7440,7155.6052,7067.762,87.843218,0.76986977,0.46660011
7441,8593.4004,8611.1324,-17.732065,-0.15410464,0.43325809
7442,10344.879,10313.213,31.665905,0.26447561,0.012071122
7443,9585.46,9630.7102,-45.25021,-0.38084415,0.53026342
7444,8144.8045,8030.833,113.97146,0.97150812,0.53749102
7445,7739.5903,7757.144,-17.553637,-0.14783646,0.52563536
7446,8664.9088,8795.3935,-130.48472,-1.1250576,-1.0782054
7447,9026.2644,8883.8388,142.42566,1.2554723,-0.45185233
7448,9033.4153,9084.3148,-50.899509,-0.45823314,-0.064029345
7449,8913.7579,8985.0595,-71.301587,-0.65455572,0.93034535
7450,8645.3631,8492.714,152.64912,1.396521,0.68960481
7451,8041.3557,8111.9079,-70.55219,-0.64468174,0.57083606
7452,8216.7896,8175.785,41.004543,0.36769307,1.4372861
7453,8396.0372,8331.0557,64.981582,0.57286566,-0.40385473
7454,7950.3017,7978.7486,-28.446884,-0.24795492,-2.5740835
7455,7740.067,7730.119,9.9480372,0.086249358,-2.0868551
7456,7082.1899,7058.4261,23.76384,0.21265817,-0.80174111
7457,6737.9963,6699.7313,38.26499,0.35072417,-1.32764
7458,6849.0726,6843.2092,5.8634126,0.053199004,0.096515904
7459,5873.6983,5732.238,141.46032,1.2738656,0.70261601
7460,5649.6387,5715.0403,-65.401573,-0.59630463,1.6651322
7461,5450.3687,5321.4587,128.90998,1.1587109,0.56504054
7462,4696.1937,4691.5317,4.6619987,0.041417755,0.9509813
7463,4234.7263,4122.0422,112.68403,1.0299525,1.6691068
7464,3439.0764,3444.9443,-5.8679877,-0.052266969,0.73186288
7465,3326.0931,3225.3052,100.78793,0.94042686,0.57325014
7466,3051.9777,2943.7543,108.22334,0.98407227,-0.53794114
7467,2478.4804,2441.5816,36.898873,0.33033578,0.01689045
7468,2412.6927,2305.9655,106.72729,0.92604553,-0.051675766
7469,1902.5996,1652.9443,249.65529,2.2155557,0.21197878
7470,1543.1508,1584.1536,-41.002713,-0.35005019,0.47027431
7471,1573.1844,1481.4587,91.725624,0.78473287,-0.25017134
7472,1591.7765,1387.6084,204.16809,1.8076751,-0.35338286
7473,1482.1304,1499.6392,-17.508802,-0.15839549,0.43954116
7474,1483.0838,1344.3685,138.71528,1.2529178,-0.97476704
7475,1483.5605,1327.1708,156.3897,1.4337024,0.16871353
7476,1560.3128,1527.6468,32.666016,0.29744289,0.25528382
7477,1763.3966,1710.4338,52.962867,0.47851325,1.9561938
7478,1909.7505,1725.666,184.08444,1.6533509,-0.53848441
7479,1993.6536,2023.4319,-29.778231,-0.25959206,-1.633719
7480,2198.6443,2170.8407,27.803629,0.24062673,-1.2163821
7481,2426.041,2245.5278,180.51314,1.5704648,-1.0632713
7482,2379.7989,2473.5202,-93.721271,-0.82426243,-1.5154071
7483,2906.1006,2734.4338,171.66678,1.5461539,-1.0738581
7484,2765.4674,2644.023,121.44438,1.1060281,-0.59623961
7485,2934.2272,3036.6219,-102.39469,-0.92257076,0.9982605
7486,3259.352,3032.1996,227.15234,2.0457263,0.20184191
7487,3092.0223,3132.4376,-40.415274,-0.37295349,0.054750289
7488,3307.0242,3269.5278,37.496377,0.33089037,0.99978466
7489,3215.4935,3123.5931,91.900392,0.84470432,0.46901667
7490,3234.5624,3284.2687,-49.70633,-0.4673396,1.7622997
7491,3256.0149,3114.7486,141.26634,1.3111403,0.67176326
7492,2972.365,3106.3954,-134.0304,-1.2076805,1.2075898
7493,3309.8845,3144.2303,165.65422,1.4819902,0.58929945
7494,2780.2458,2704.952,75.293795,0.67639621,0.69052445
7495,2967.5978,3036.6219,-69.024116,-0.60549558,0.065139241
7496,2925.1695,2835.1631,90.006312,0.80421312,-0.27754527
7497,2387.4264,2380.1612,7.2652148,0.063784818,0.14570436
7498,2674.4134,2557.5432,116.87022,0.98148215,0.7869305
7499,2586.2197,2643.5317,-57.311931,-0.48672983,-0.36025714
7500,3840.9534,3589.8964,251.05709,1.844713,1.2755
7501,7540.797,7125.7428,415.05422,2.8312103,1.305008
7502,14373.661,13876.576,497.08526,2.8246568,0.80824843
7503,16537.028,15683.808,853.21987,7.6194579,-0.37867773
7504,18895.851,18268.868,626.98346,4.3306565,-1.1515013
7505,21838.182,20981.19,856.99248,6.7083184,-0.89298082
7506,24332.872,23302.388,1030.4838,8.357557,-1.2483373
7507,22849.788,21811.102,1038.686,8.2741562,-0.19971545
7508,22177.609,20862.28,1315.3287,11.371423,0.060489707
7509,22348.752,21248.983,1099.7696,9.2584568,1.906619
7510,23768.909,22623.816,1145.093,9.9361104,0.25368842
7511,24368.626,22997.251,1371.3743,11.758419,0.14977238
7512,25166.659,24111.171,1055.4884,9.0365696,-0.8691803
7513,25862.197,24487.555,1374.6427,11.863482,0.037423819
7514,25160.939,24076.284,1084.6545,9.291922,1.0478944
7515,23956.737,22713.735,1243.0023,10.455828,0.78070402
7516,22228.142,21052.929,1175.2125,10.258241,1.4709044
7517,20479.523,19518.403,961.12021,7.9255418,0.53530662
7518,18585.981,17597.666,988.31535,7.9144064,0.98593775
7519,15853.408,14898.119,955.28882,7.5926387,2.049447
7520,13610.428,13008.829,601.59913,5.0857826,-0.18796941
7521,11811.754,11157.374,654.37991,5.1300568,0.56659872
7522,9167.851,8577.2284,590.62262,4.6802567,-0.60621901
7523,6669.3482,6255.048,414.30025,3.5600581,-1.2741209
7524,4655.1955,4498.9175,156.27806,1.3277801,-0.038490913
7525,2976.1788,2575.2322,400.94653,3.4582025,-1.5968115
7526,1499.7691,1405.2975,94.471583,0.82956994,-0.44799563
7527,327.03166,216.69098,110.34068,0.97873637,-0.31227822
7528,-530.59218,-730.16507,199.57289,1.8399621,-0.76588122
7529,-1371.5307,-1292.2841,-79.246657,-0.67558007,-1.4501846
7530,-1631.3445,-1632.3071,0.96259521,0.0080855841,-1.4734422
7531,-2152.879,-2161.9962,9.1172041,0.076043705,-1.2909018
7532,-2705.8771,-2586.0422,-119.83487,-1.0513942,-2.1120989
7533,-2938.5177,-2988.9597,50.442002,0.44691142,-0.79330616
7534,-3440.5065,-3378.6104,-61.896153,-0.55514745,0.036267068
7535,-3358.0335,-3214.9866,-143.04696,-1.2353787,2.0651463
7536,-3010.5028,-3022.8637,12.36093,0.10528589,0.9953971
7537,-2721.6089,-2628.7908,-92.818152,-0.77691488,-0.44915308
7538,-2090.4283,-2102.0499,11.621599,0.10177158,0.31026059
7539,-1638.9721,-1512.906,-126.06612,-1.0687844,1.3844254
7540,-561.10242,-706.08829,144.98587,1.2925114,1.9840108
7541,188.78212,64.368522,124.4136,1.1053219,0.91232673
7542,1131.7393,991.07869,140.6606,1.2013114,-0.12856397
7543,2411.2626,2134.9712,276.29136,2.337058,1.3973256
7544,3276.0372,2985.0288,291.00845,2.6167484,-0.020444855
7545,4287.6425,4017.382,270.2605,2.3798805,1.1430511
7546,5319.27,4981.9271,337.34296,2.9317834,0.81389128
7547,6261.2737,5829.5278,431.74591,3.8819621,-0.12620809
7548,6828.0968,6452.5758,375.52102,3.4558858,0.17477635
7549,7417.8026,7023.048,394.75462,3.6784624,-0.93593305
7550,7958.8827,7367.4933,591.3894,5.3231646,-0.86192946
7551,8122.3985,7707.025,415.37356,3.7615889,0.028104658
7552,8452.2905,7888.8292,563.46133,5.1406605,0.45809898
7553,8434.6518,7856.8906,577.76117,5.2570779,-0.92363459
7554,8514.2644,8049.9962,464.26827,4.0819147,-1.2750049
7555,8543.8212,7966.9559,576.86537,5.0292672,-2.358432
7556,8313.0875,7735.524,577.56353,5.0639572,-1.7979972
7557,8174.838,7641.6737,533.16428,4.6813956,-1.5954533
7558,8081.4004,7454.9559,626.44452,5.5987034,-1.4225306
7559,7567.4935,6988.6526,578.84089,5.2452566,0.44841758
7560,8253.0205,7833.7965,419.22394,3.6078787,1.1365608
7561,7223.2998,6505.643,717.65682,6.1194537,0.80892635
7562,8360.2831,7967.9386,392.34447,3.4265268,0.45720608
7563,7796.3203,7235.8081,560.51224,4.8316651,0.45359195
7564,7854.4804,7336.5374,517.94302,4.3217708,1.044412
7565,6353.2812,5848.691,504.59021,4.5155409,1.6711765
7566,7691.9181,7188.6372,503.28083,4.3520229,1.0742008
7567,9524.4395,8991.4472,532.99226,4.4160208,-0.19139321
7568,8775.0317,8269.6353,505.39634,4.0950445,-0.25056742
7569,7289.0875,6634.8714,654.21612,5.5715219,0.82612759
7570,6927.7318,6503.6775,424.0543,3.6224485,0.80147106
7571,7829.6909,7289.3666,540.32427,4.7642662,-0.34153967
7572,8244.4395,7603.3474,641.09207,5.7661052,-1.6638315
7573,8206.7784,7713.4127,493.36573,4.4634729,-1.539051
7574,8049.46,7564.5298,484.93021,4.4103005,-1.7403858
7575,7863.5382,7237.7735,625.76466,5.5959106,-0.96181984
7576,7191.3594,6665.8273,525.53215,4.8516418,-1.3424448
7577,7454.5102,6913.9655,540.54479,5.0778785,-0.1297165
7578,7520.298,6962.6104,557.68759,5.2159585,-1.8239921
7579,7142.7337,6623.0787,519.65501,4.6414752,-1.5141293
7580,6932.4991,6475.6699,456.8292,3.9132405,-1.8647731
7581,6215.5084,5608.906,606.60243,5.2991425,-2.5849141
7582,5970.473,5512.5988,457.87415,4.213523,-1.8967096
7583,5991.4488,5530.2879,461.16088,4.1509506,-2.7255356
7584,5061.3631,4537.2438,524.11937,4.6796556,0.020128232
7585,4931.6946,4565.7428,365.9518,3.3926364,0.43609709
7586,4646.1378,4087.1555,558.98233,5.0019985,1.5386109
7587,4115.0689,3745.6583,369.41055,3.1943536,0.06141262
7588,3481.5047,3005.1747,476.32999,4.1026305,-0.35629615
7589,2784.5363,2453.3743,331.16203,2.9678705,0.74737248
7590,2678.2272,2331.025,347.20224,3.1394739,1.6963286
7591,2394.5773,1889.2898,505.28745,4.5204463,1.7487688
7592,1851.1136,1720.261,130.85256,1.1551375,1.1005594
7593,1722.3985,1289.8273,432.57125,3.7275725,-0.21455251
7594,1227.5605,887.40115,340.15937,2.9502315,0.66783058
7595,906.24953,703.14012,203.10942,1.7398616,1.2836773
7596,878.59963,523.30134,355.29828,3.0698671,1.2684293
7597,1012.0819,670.71017,341.37176,3.1734977,-0.49150241
7598,758.94227,473.6737,285.26857,2.6692524,-1.4609732
7599,767.04655,610.27255,156.774,1.4416369,-0.76079123
7600,866.68156,372.45298,494.22859,4.3491902,-1.6525248
7601,888.6108,609.78119,278.82961,2.469465,-0.56679633
7602,1198.0037,909.02111,288.98261,2.6729349,0.78602866
7603,1159.3892,729.6737,429.71549,3.9099566,0.20997037
7604,1372.4842,1167.4779,205.00624,1.7992968,-0.32519842
7605,1520.2682,1200.3992,319.86892,2.8135024,-1.2318878
7606,1713.3408,1244.1305,469.21026,4.12396,-1.6318073
7607,1732.8864,1574.8177,158.06875,1.4027464,-0.74063961
7608,2163.8436,1610.6871,553.15644,4.9336863,-0.69537078
7609,2033.6983,1759.5701,274.12827,2.3967238,0.29932131
7610,2201.9814,1895.1862,306.7952,2.7973023,-0.34743159
7611,2482.7709,1943.3397,539.43122,4.8964884,1.5842319
7612,2382.1825,2123.1785,259.00399,2.2867501,-0.34738464
7613,2513.7579,2018.5182,495.23968,4.3080769,0.47240108
7614,2406.9721,2206.7102,200.26189,1.7419669,1.9200821
7615,2563.3371,2057.8273,505.5098,4.6512997,1.7121367
7616,2450.3538,2025.8887,424.46514,3.7237449,2.1951746
7617,2405.5419,2052.4223,353.11963,3.1050857,0.94652287
7618,2513.7579,1990.0192,523.73872,4.5147513,1.1777625
7619,2079.4637,1721.2438,358.21993,3.2111862,-0.17825694
7620,2226.2942,1861.7735,364.52071,3.1587766,-0.57796129
7621,2177.1918,1787.0864,390.10543,3.3062268,-0.03894986
7622,1720.4916,1331.5931,388.89853,3.3651997,-0.10946531
7623,1890.6816,1435.762,454.91957,3.8912712,0.38991391
7624,1850.1601,1705.5202,144.64,1.2741935,0.059814906
7625,3052.4544,2482.856,569.59833,4.1265788,-0.33510746
7626,6490.5773,6512.0307,-21.453429,-0.13896065,0.119599
7627,13679.553,14004.33,-324.77706,-1.7120112,0.48045948
7628,16598.525,16968.722,-370.19655,-3.2422624,0.64899926
7629,20054.287,20932.054,-877.76696,-5.6683846,0.91600949
7630,22956.574,23608.507,-651.93316,-5.3918181,-0.21560761
7631,24307.605,25339.578,-1031.9725,-8.7034703,-0.52270522
7632,22434.086,23258.656,-824.57077,-6.5832135,-1.9272541
7633,21834.845,22373.712,-538.86665,-4.7146842,-0.2309496
7634,22046.034,22949.098,-903.06437,-7.795213,0.88754855
7635,23241.654,24147.532,-905.87804,-7.8627556,1.3154715
7636,24276.142,25044.76,-768.61855,-6.5424326,-0.69477098
7637,25462.704,26488.384,-1025.68,-8.9171656,0.48441545
7638,25911.3,26791.063,-879.76353,-7.4886188,-1.3841252
7639,24979.307,26192.583,-1213.2762,-10.491626,-0.15418908
7640,23850.428,24518.019,-667.59089,-5.611351,1.538053
7641,21934.957,22761.889,-826.93151,-7.0477447,0.5901651
7642,20049.996,20789.067,-739.0709,-5.9973296,2.1349734
7643,18010.101,18549.436,-539.33514,-4.1626846,0.71506769
7644,15239.866,15689.213,-449.34713,-3.4865681,0.015383419
7645,13045.512,13314.948,-269.43607,-2.1967119,-0.64720006
7646,10995.128,11298.887,-303.75826,-2.3476921,0.095884126
7647,8468.9758,8436.2073,32.768498,0.25565928,0.1195607
7648,5904.2086,5896.8445,7.3640364,0.062144862,-1.4163082
7649,3855.2551,3901.9117,-46.656587,-0.39938113,0.10564488
7650,2066.1155,1570.3954,495.72006,4.231201,0.00086410394
7651,489.59404,313.98081,175.61323,1.5432187,0.87521876
7652,-641.66853,-974.86372,333.19519,2.8959133,0.58499248
7653,-1457.3408,-1936.4607,479.11987,4.3909978,0.18544554
7654,-2129.5196,-2368.3685,238.84897,2.0739642,1.3298972
7655,-2410.7858,-2863.1708,452.38498,3.8888645,0.65472995
7656,-2984.2831,-3385.4894,401.20639,3.4872306,-0.75489239
7657,-3490.5624,-3889.1363,398.57389,3.6629742,0.17075605
7658,-3837.1397,-4329.8887,492.74901,4.4050554,-0.46305231
7659,-4279.5382,-4664.9981,385.45991,3.3783527,-0.44471706
7660,-4192.7747,-4670.8944,478.11976,4.293943,-0.0010850055
7661,-3747.5158,-4228.1766,480.66075,4.4080492,0.55127712
7662,-3331.8138,-3796.7601,464.9463,4.0917361,-0.36289142
7663,-2827.4413,-3201.2284,373.78707,3.189294,-0.17501903
7664,-2214.8529,-2449.4434,234.59049,2.0141238,-0.74559998
7665,-1191.3296,-1615.6008,424.27116,3.7017607,0.0096568325
7666,-413.79516,-586.68714,172.89198,1.5763024,0.49937398
7667,542.51024,410.77927,131.73097,1.1437109,0.54039968
7668,1802.0112,1651.9616,150.04956,1.307534,1.2589779
7669,2799.7914,2713.7965,85.994889,0.7465234,-0.18848477
7670,3763.7244,3821.3282,-57.60382,-0.48376152,-1.0600896
7671,4845.8845,4907.7313,-61.846742,-0.51370061,-0.30004256
7672,5902.3017,5882.595,19.706666,0.17778721,-0.043866988
7673,6327.0615,6561.6583,-234.5969,-2.1546646,0.80736698
7674,7061.6909,7338.0115,-276.32064,-2.6221735,0.43107748
7675,7534.1229,7531.6084,2.5144597,0.022466351,0.22657779
7676,7708.6034,7964.9904,-256.38705,-2.2882401,1.339181
7677,8057.0875,8268.1612,-211.07371,-1.9123162,0.59810195
7678,7952.6853,8137.9501,-185.26481,-1.7016559,0.1831877
7679,8120.0149,8476.0077,-355.99278,-3.1611439,-0.0075902708
7680,8039.9255,8219.5163,-179.5908,-1.5672454,0.51584452
7681,7884.0372,8119.2783,-235.24107,-2.0542068,0.12521808
7682,7725.2886,8005.2821,-279.99351,-2.4867928,-1.2886264
7683,7521.2514,7698.6718,-177.42039,-1.6191696,-0.20225425
7684,7089.8175,7301.6507,-211.83317,-1.9031719,1.0104824
7685,7684.7672,8052.453,-367.68575,-3.1774965,-0.016362326
7686,6692.7076,6733.144,-40.436319,-0.34094775,0.70803189
7687,7905.4898,8238.6795,-333.1897,-2.8328774,0.72263798
7688,7244.7523,7445.62,-200.86763,-1.7532221,0.74220634
7689,7364.4097,7719.309,-354.89934,-2.9117361,0.27589448
7690,5902.7784,6006.9098,-104.13139,-0.92881028,-0.48793099
7691,7261.4376,7449.0595,-187.62188,-1.6228813,-0.14550787
7692,9049.6238,9381.5893,-331.96542,-2.8374355,-0.77572414
7693,8341.6909,8486.8177,-145.12678,-1.2135713,0.43671105
7694,6821.8994,7079.5547,-257.65526,-2.223688,2.0568065
7695,6494.3911,6706.119,-211.72794,-1.7962332,0.52996934
7696,7394.9199,7728.1536,-333.23363,-2.8406553,-0.93693365
7697,7772.4842,7939.9309,-167.44673,-1.5149115,-1.7899644
7698,7755.7989,8071.6161,-315.81724,-2.9540697,-0.75113058
7699,7558.4358,7985.6276,-427.19188,-4.0225665,0.85022956
7700,7398.7337,7476.5758,-77.84211,-0.70795182,1.5408442
7701,6733.2291,7031.4012,-298.1721,-2.6726225,1.8923587
7702,6964.9162,7241.2131,-276.29685,-2.4941223,0.66103831
7703,7049.2961,7248.5835,-199.2874,-1.8112564,0.33556158
7704,6624.0596,6945.4127,-321.35308,-2.9626613,-0.34455852
7705,6469.1248,6679.094,-209.96928,-1.8222878,-0.11138952
7706,5782.6443,5902.2495,-119.6052,-1.0548972,-0.80893324
7707,5446.5549,5705.2131,-258.65812,-2.339322,-1.6465834
7708,5526.6443,5634.4568,-107.81249,-0.96780389,-0.71806683
7709,4567.4786,4742.142,-174.66345,-1.5634376,0.68880246
7710,4380.1266,4564.7601,-184.63345,-1.6785905,1.5484036
7711,4134.1378,4213.9271,-79.789261,-0.73129506,0.41818472
7712,3523.4562,3670.9712,-147.51497,-1.2942298,-0.067546874
7713,2867.486,2992.3992,-124.9132,-1.0841056,0.67481062
7714,2143.3445,2370.8253,-227.48083,-2.0390283,0.42513133
7715,2067.0689,2030.3109,36.757961,0.33978445,1.7404535
7716,1735.7467,1761.0441,-25.297405,-0.22901086,0.19749217
7717,1230.8976,1365.9885,-135.0909,-1.1903746,-0.58145664
7718,1093.1248,1058.3954,34.729374,0.30091963,-1.3609623
7719,587.32216,570.47217,16.849991,0.15304388,-0.45197812
7720,323.21788,344.93666,-21.718783,-0.18559378,0.926894
7721,343.24022,319.3858,23.854427,0.20152038,-0.52005636
7722,378.99441,283.02495,95.969461,0.86200265,-1.163222
7723,197.36313,239.29367,-41.930538,-0.383309,0.1463777
7724,169.71322,331.1785,-161.46528,-1.4689728,-0.12011217
7725,276.02235,62.894434,213.12791,1.8972948,1.8346316
7726,322.74115,485.95777,-163.21662,-1.4601095,1.755599
7727,617.8324,580.29942,37.532978,0.33832068,-0.26613783
7728,577.31099,608.3071,-30.996115,-0.27892326,-0.6237832
7729,807.09125,938.01152,-130.92027,-1.1528885,-0.56744409
7730,955.35196,952.26104,3.0909188,0.026793097,1.217947
7731,1155.0987,1159.1248,-4.0260636,-0.035550573,0.30109229
7732,1186.5624,1364.023,-177.46065,-1.5847422,-0.056178729
7733,1552.6853,1605.2821,-52.596861,-0.47991442,0.42475606
7734,1542.6741,1594.4722,-51.798053,-0.45645226,1.5337096
7735,1658.041,1825.4127,-167.3717,-1.4884696,1.1653481
7736,2010.3389,1990.0192,20.319726,0.18493412,-0.034952549
7737,1878.2868,1996.8983,-118.61149,-1.0493876,-0.76882781
7738,2002.2346,2099.5931,-97.358453,-0.85245685,0.10050406
7739,1917.8547,2146.2726,-228.4178,-2.0913672,1.1592549
7740,2059.9181,2007.7083,52.20981,0.4843139,0.98730587
7741,1908.797,2129.5662,-220.7692,-2.008364,0.20228925
7742,1866.8454,1951.6929,-84.847461,-0.7501351,-1.42725
7743,1895.4488,2058.81,-163.36119,-1.4626704,-0.79775612
7744,1563.1732,1653.9271,-90.753879,-0.82289163,-0.19772399
7745,1657.5642,1795.9309,-138.36666,-1.2229037,-0.9263332
7746,1670.9125,1790.0345,-119.12207,-1.0298485,-0.44234988
7747,1150.8082,1192.0461,-41.237872,-0.34791925,0.085296411
7748,1263.3147,1440.6756,-177.36091,-1.4629521,-0.1157677
7749,1382.9721,1542.3877,-159.41565,-1.4005775,-0.061148583
7750,2420.3203,2388.023,32.297265,0.2380623,0.65545379
7751,5891.8138,6094.3724,-202.55858,-1.4000248,0.24140951
7752,12046.778,12686.987,-640.20817,-3.7919647,0.70458149
7753,13699.099,14259.347,-560.24871,-5.0210649,0.26087836
7754,15868.186,16410.534,-542.34737,-3.8356825,-0.50815618
7755,18615.061,18893.881,-278.81955,-2.2033231,0.02693635
7756,21051.59,21377.72,-326.12945,-2.6811191,0.48855609
7757,19731.546,19818.626,-87.080096,-0.71009217,-0.84527614
7758,18862.957,19090.917,-227.9603,-2.0035446,0.64958104
7759,19216.209,19484.008,-267.79911,-2.2731504,1.721427
7760,20286.451,20697.674,-411.22305,-3.481378,2.2011631
7761,20993.907,21191.002,-197.09503,-1.6974651,0.96898926
7762,21673.713,22113.29,-439.57661,-3.8174754,0.84333372
7763,22170.458,22511.785,-341.32693,-3.0462515,-0.027584585
7764,21743.791,21994.871,-251.07997,-2.1757073,0.86934412
7765,20527.672,20653.942,-126.27017,-1.0978998,0.64157567
7766,19079.866,19144.476,-64.610086,-0.57805022,0.49041243
7767,17414.674,17590.296,-175.62147,-1.4819025,-0.3287032
7768,15699.903,15827.777,-127.87419,-1.0490838,0.42421402
7769,13206.644,13177.367,29.277718,0.23023621,0.40771577
7770,11163.888,11307.24,-143.35166,-1.1992171,-0.82309772
7771,9540.648,9662.1574,-121.50934,-0.96536227,0.053762853
7772,7187.0689,7062.8484,124.22053,1.0024467,-0.28762404
7773,4756.2607,4908.2226,-151.96194,-1.3286645,-0.94950286
7774,3054.3613,3144.2303,-89.86906,-0.77548833,-0.34008416
7775,1443.0391,1231.8464,211.19266,1.8648332,-0.93634202
7776,217.8622,272.70633,-54.844137,-0.48248094,0.83554577
7777,-1039.2551,-954.22649,-85.028634,-0.74108576,0.98166946
7778,-1840.6257,-1836.714,-3.9116868,-0.035485063,-0.058611568
7779,-2530.9199,-2446.9866,-83.933361,-0.72209409,-0.84620045
7780,-2865.1024,-2839.5854,-25.517008,-0.21180218,-0.2195678
7781,-3146.3687,-3218.4261,72.057389,0.6093335,-1.3400695
7782,-3840.9534,-3734.357,-106.59644,-0.93942934,-1.4877432
7783,-4004.946,-3992.8138,-12.132177,-0.10960863,-0.41921471
7784,-4399.1955,-4489.0902,89.89468,0.79033027,-0.041947751
7785,-4472.1341,-4291.5624,-180.5717,-1.5434964,1.7480642
7786,-3966.3315,-4027.7006,61.369105,0.53895387,0.35600337
7787,-3801.3855,-3741.2361,-60.14939,-0.53360745,0.55771212
7788,-3311.3147,-3172.7294,-138.58534,-1.2190253,1.1282714
7789,-2814.5698,-2610.6104,-203.95947,-1.7645031,0.86808116
7790,-1950.2719,-1920.2457,-30.026199,-0.26548802,1.4318735
7791,-1091.6946,-1030.3877,-61.306884,-0.55027709,0.12528398
7792,-470.52514,-254.03455,-216.49059,-1.8749045,0.016129452
7793,819.96276,907.05566,-87.092906,-0.74375459,1.0474632
7794,1609.892,1712.8906,-102.9986,-0.90846822,-0.49864859
7795,2503.7467,2647.9539,-144.20719,-1.2324209,-1.1377344
7796,3551.5829,3686.2035,-134.62059,-1.1433757,-0.71513632
7797,4284.3054,4385.4127,-101.10727,-0.91220958,-0.82274361
7798,4805.3631,5063.0019,-257.63879,-2.3462839,0.60749226
7799,5363.1285,5580.4069,-217.27842,-2.0399227,-0.34114625
7800,5883.2328,5848.691,34.541796,0.31837577,0.36201819
7801,6031.4935,6262.9098,-231.41631,-2.1260357,0.25308956
7802,6255.0764,6388.6987,-133.62231,-1.2305038,-0.32249552
7803,6249.3557,6359.7083,-110.35257,-1.0121942,-0.93159387
7804,6345.1769,6553.3052,-208.12827,-1.8523487,-1.5286754
7805,6264.1341,6368.5528,-104.4187,-0.92282996,-0.43868752
7806,6195.9628,6288.952,-92.989259,-0.8105526,-1.6289949
7807,5922.324,6125.8196,-203.49556,-1.8115479,-1.6928762
7808,5857.9665,5973.0058,-115.03928,-1.0719783,-1.2571127
7809,5401.743,5467.3935,-65.650457,-0.59424594,0.52524757
7810,6080.1192,6280.5988,-200.47967,-1.7378961,0.6436633
7811,5133.3482,5038.4338,94.91445,0.80798843,0.49158193
7812,6197.3929,6408.8445,-211.45161,-1.8903375,0.28585522
7813,5661.5568,5773.0211,-111.46432,-0.99313012,0.81939376
7814,5653.4525,5840.3378,-186.8853,-1.6116162,1.7825901
7815,4290.0261,4287.6315,2.3945928,0.02204178,1.5226818
7816,5581.9441,5717.4971,-135.55299,-1.2068365,0.3915628
7817,7287.1806,7483.9463,-196.76562,-1.6529504,-0.36926151
7818,6630.7337,6775.4012,-144.66745,-1.2171021,0.44749296
7819,5076.1415,5153.904,-77.762504,-0.67347109,2.5452374
7820,4830.6294,4903.8004,-73.170961,-0.63497876,0.22805201
7821,5674.4283,5881.6123,-207.18398,-1.877937,-1.0061148
7822,5989.5419,6021.6507,-32.108772,-0.29961216,0.24191446
7823,6079.6425,6253.5739,-173.93144,-1.5998862,-1.3609504
7824,5793.6089,5973.4971,-179.88818,-1.6353469,-0.08481111
7825,5780.7374,5650.6718,130.06565,1.196189,-0.48408497
7826,4976.0298,5164.714,-188.68422,-1.7714912,0.54010604
7827,5246.8082,5333.2514,-86.443246,-0.79158418,0.11300811
7828,5389.3482,5515.0557,-125.70743,-1.1460291,-1.107556
7829,4920.2533,5011.4088,-91.15557,-0.79174503,-2.5444894
7830,4867.8138,5015.3397,-147.52595,-1.283213,-2.0132864
7831,4101.7207,4126.4645,-24.743821,-0.22006675,-2.6601531
7832,3862.8827,4051.286,-188.40331,-1.7191134,-1.9945627
7833,3940.1117,4065.5355,-125.42378,-1.134704,-1.1496225
7834,2973.7952,3009.1056,-35.310408,-0.3118624,1.459005
7835,2919.4488,3091.1631,-171.71436,-1.5405979,1.4403399
7836,2663.4488,2648.9367,14.512129,0.12692445,1.0008061
7837,2114.7412,2260.7601,-146.01892,-1.2172927,0.046915102
7838,1521.6983,1616.0921,-94.393806,-0.8251854,-0.079642919
7839,849.04283,954.71785,-105.67502,-0.92968353,1.594319
7840,911.9702,873.64299,38.327211,0.35160722,0.49604176
7841,464.32775,478.58733,-14.259585,-0.12803644,0.93995397
7842,108.69274,209.8119,-101.11916,-0.89429888,0.19123723
7843,-102.97207,-45.205374,-57.766693,-0.49890359,0.46687225
7844,-539.64991,-564.57582,24.925909,0.2192544,1.4764063
7845,-784.20857,-636.80614,-147.40242,-1.30546,0.99322174
7846,-869.06518,-805.34357,-63.721607,-0.5501378,-0.27632005
7847,-714.13035,-694.29559,-19.834768,-0.18051566,-0.74639642
7848,-1006.3613,-816.64491,-189.71635,-1.7324235,-1.0314411
7849,-973.46741,-853.00576,-120.46165,-1.0586873,-0.27731849
7850,-864.29795,-934.57198,70.274025,0.61813108,-1.2965433
7851,-880.98324,-771.43954,-109.5437,-1.004663,0.064055847
7852,-618.30912,-463.35509,-154.95404,-1.4351508,-0.14063913
7853,-639.76164,-645.15931,5.3976703,0.048454794,-2.2268841
7854,-450.02607,-303.66219,-146.36388,-1.2623992,-2.4690261
7855,-244.08194,-216.69098,-27.390958,-0.23666692,-1.999099
7856,-164.46927,-146.4261,-18.04317,-0.15575496,-2.1594381
7857,-79.13594,107.11708,-186.25302,-1.6327539,-1.7748926
7858,204.51397,264.84453,-60.330563,-0.5330146,0.40180041
7859,230.73371,235.36276,-4.6290581,-0.041959924,0.014833971
7860,274.11546,552.78311,-278.66765,-2.4895441,1.769307
7861,621.64618,513.96545,107.68073,0.96721569,0.43999869
7862,432.86406,693.31286,-260.4488,-2.2144242,-0.90809361
7863,544.41713,618.62572,-74.208588,-0.63302721,-0.56935019
7864,465.75791,674.64107,-208.88316,-1.7954238,0.93647464
7865,637.85475,639.75432,-1.89957,-0.017843941,2.112685
7866,523.91806,561.13628,-37.218213,-0.34947878,1.2578618
7867,372.3203,609.28983,-236.96953,-2.148534,1.3325356
7868,573.02048,525.26679,47.75369,0.42191372,2.1180485
7869,156.36499,205.881,-49.516007,-0.44093048,1.2937478
7870,368.0298,424.04607,-56.01627,-0.4938459,-0.27138856
7871,220.24581,322.82534,-102.57953,-0.89023706,-0.76780214
7872,-194.97952,-130.21113,-64.768383,-0.5791942,0.7810576
7873,-96.774674,6.8790787,-103.65375,-0.91187133,0.69860709
7874,-20.022346,189.66603,-209.68837,-1.86137,-0.062682451
7875,1111.7169,1067.7313,43.98566,0.32176442,-0.63046369
7876,4575.5829,4723.4702,-147.88738,-1.0183382,-0.22898698
7877,11516.663,12009.397,-492.73437,-2.5886897,1.2834517
7878,14848,14978.211,-130.21113,-1.1000773,-1.2397732
7879,18604.097,19115.977,-511.88013,-3.141136,0.23093702
7880,22089.415,21848.937,240.47861,1.9076327,-0.78483183
7881,24059.233,23423.263,635.96982,5.134949,-1.665722
7882,22303.94,21722.656,581.28398,4.5868332,-1.6963627
7883,21469.676,20762.534,707.14239,6.1497097,-1.5942504
7884,21648.447,21045.559,602.88839,5.2043624,0.041804543
7885,22864.089,22345.213,518.87633,4.3995316,-0.16581994
7886,23843.754,23267.992,575.76187,4.8566228,0.64203851
7887,25008.864,24745.029,263.83527,2.2625292,0.64340216
7888,25675.799,24958.772,717.02729,6.0658977,-0.44249981
7889,24983.598,24492.468,491.12944,4.2285555,-0.35125139
7890,23757.467,22985.459,772.00868,6.2921931,0.12353175
7891,21894.912,21141.866,753.04683,6.4974165,0.69755291
7892,19848.819,19308.1,540.71956,4.467456,0.059976599
7893,17812.737,16978.549,834.18849,6.489135,0.7186673
7894,14780.305,14211.685,568.62018,4.3190352,1.1430965
7895,12512.06,11859.532,652.52792,5.3874517,-0.19734313
7896,10260.022,9808.0921,451.93022,3.5697854,-0.84700252
7897,7530.3091,7130.1651,400.14406,3.1594861,-0.38531851
7898,4907.3818,4465.5048,441.87695,3.7845113,-1.0017784
7899,2633.4153,2555.0864,78.328898,0.65516167,0.67539921
7900,797.5568,227.99232,569.56447,4.8924284,0.16490043
7901,-993.96648,-1085.9117,91.945228,0.80388684,-0.52898404
7902,-2310.6741,-2301.5432,-9.1309293,-0.080262332,0.33753839
7903,-3181.1695,-3327.0173,145.84781,1.3361878,0.84527342
7904,-3946.7858,-3733.8656,-212.9202,-1.8682142,0.24922894
7905,-4195.1583,-4217.858,22.699679,0.19448706,-0.95784148
7906,-4779.6201,-4769.167,-10.453125,-0.088900064,-2.5274806
7907,-5431.7765,-5157.3436,-274.43297,-2.4376474,-2.7906098
7908,-5676.8119,-5713.0749,36.262938,0.3271466,-1.3789765
7909,-6210.7412,-6071.2783,-139.46284,-1.2368084,0.0091893391
7910,-6144.4767,-5974.4798,-169.99688,-1.5149636,-0.20514269
7911,-5747.3669,-5661.4818,-85.885087,-0.76153439,0.29198373
7912,-5423.1955,-5095.9232,-327.27231,-2.8135656,-0.21625217
7913,-4770.5624,-4747.0557,-23.506721,-0.20797982,-0.17601991
7914,-4162.7412,-3867.5163,-295.22484,-2.5756351,0.64460151
7915,-3070.0931,-3074.9482,4.8550667,0.042914446,1.2384735
7916,-2234.3985,-2104.5067,-129.89179,-1.1697593,1.7569003
7917,-1242.3389,-1054.4645,-187.87443,-1.6305161,-0.12117527
7918,83.903166,70.264875,13.63829,0.11853378,0.7207749
7919,1131.7393,1227.9155,-96.176255,-0.82377898,0.22236672
7920,2246.3166,2239.6315,6.6850956,0.057150813,0.3762536
7921,3381.8696,3432.6603,-50.790623,-0.44238541,0.13597185
7922,4418.7412,4372.1459,46.595281,0.42312956,-0.73466269
7923,5057.0726,4966.6948,90.377808,0.81055463,0.18412096
7924,5727.3445,5765.6507,-38.306165,-0.33980503,0.78660627
7925,6402.8603,6017.2284,385.63193,3.395103,0.73904356
7926,6469.1248,6449.1363,19.988491,0.1831294,0.67057065
7927,6871.4786,6727.2476,144.23098,1.3768458,0.54669632
7928,6841.4451,6513.0134,328.43163,3.0211932,-0.1168441
7929,7037.378,6942.9559,94.422172,0.83154883,-0.82676498
7930,7018.3091,6700.2226,318.08648,2.76721,-0.7893885
7931,6822.8529,6571.4856,251.36728,2.2128596,-0.86224696
7932,6678.8827,6536.1075,142.7752,1.263714,-1.045801
7933,6485.3333,6147.4395,337.89379,3.1066578,-0.64469624
7934,6067.7244,5816.261,251.46336,2.3753322,-0.066446747
7935,6684.6034,6532.1766,152.42677,1.3257249,-0.077781674
7936,5666.324,5287.5547,378.76932,3.2928496,0.92044323
7937,6783.7616,6718.8944,64.867205,0.56471262,0.13455281
7938,6172.6034,5930.2572,242.34615,2.1320291,0.25479913
7939,6328.9683,6160.215,168.75337,1.4347217,-0.14979062
7940,4811.5605,4561.3205,250.23998,2.2596369,0.40534795
7941,6173.0801,5924.8522,248.22787,2.1475123,1.7124871
7942,7947.9181,7883.4242,64.493879,0.55120863,1.1612083
7943,7247.1359,6936.0768,311.05916,2.5625237,1.3444954
7944,5843.6648,5512.1075,331.55732,2.855708,1.0293925
7945,5424.149,5219.7466,204.40233,1.7378244,-0.33596472
7946,6335.1657,6159.2322,175.93349,1.5392617,-0.87831653
7947,6715.1136,6485.0058,230.10784,2.1515578,0.012423068
7948,6728.9385,6463.8772,265.06139,2.4615639,0.035302778
7949,6567.8063,6512.0307,55.775621,0.50383111,-0.6176354
7950,6407.6276,5946.4722,461.15539,4.1354652,0.3291573
7951,5699.6946,5549.4511,150.24354,1.3612799,0.59360739
7952,5939.9628,5774.9866,164.97619,1.5298797,-0.091618356
7953,6013.8547,5706.1958,307.65897,2.8637027,-1.1728101
7954,5632,5420.714,211.28599,1.9025845,-1.2440579
7955,5414.6145,5219.7466,194.86788,1.6750392,-0.30896852
7956,4694.7635,4405.0672,289.69632,2.5730003,-1.1096428
7957,4368.6853,4281.7351,86.950164,0.79576695,-1.1159634
7958,4436.3799,4124.499,311.88085,2.7453684,-0.68884307
7959,3563.5009,3254.2956,309.20535,2.7916669,-0.70776182
7960,3260.7821,3114.7486,146.03356,1.3602797,-0.56796453
7961,3053.4078,2684.8061,368.60168,3.4345382,0.12705694
7962,2353.5791,2263.7083,89.87089,0.78973185,0.6978307
7963,1749.5717,1456.8906,292.6811,2.4264931,0.61015331
7964,983.47858,937.52015,45.958431,0.4024699,-0.037069124
7965,856.19367,603.39347,252.80019,2.2763245,-0.2301831
7966,484.82682,314.47217,170.35465,1.5814857,0.74553181
7967,-51.009311,-58.472169,7.4628579,0.066679929,0.12212362
7968,-244.55866,-422.57198,178.01332,1.5621473,0.15487447
7969,-652.63315,-886.90979,234.27664,2.1008057,0.52959729
7970,-1066.4283,-1117.3589,50.93062,0.43079869,-0.43390216
7971,-1063.0912,-1145.858,82.766718,0.7037984,-0.77051255
7972,-970.13035,-1144.8752,174.74489,1.5805077,-0.3978842
7973,-1199.9106,-1258.8714,58.960787,0.53888486,-0.88337926
7974,-1150.3315,-1167.9693,17.637819,0.15905365,-0.78876838
7975,-1122.6816,-1375.3244,252.64281,2.2122477,-0.51066663
7976,-1023.0466,-1042.1804,19.133867,0.1694478,-0.099394161
7977,-815.67225,-826.47217,10.799916,0.098955299,-1.0010104
7978,-728.90875,-957.17466,228.26591,2.127151,-0.56303163
7979,-529.16201,-483.50096,-45.661051,-0.39952423,-0.72340586
7980,-357.5419,-483.99232,126.45042,1.1001976,-0.76125855
7981,-159.70205,-297.76583,138.06379,1.2193502,-0.13729791
7982,-154.93482,-102.69482,-52.240005,-0.47215188,-0.57599412
7983,279.83613,97.289827,182.5463,1.6384149,0.16649261
7984,252.66294,98.763916,153.89903,1.3572318,-0.11388188
7985,335.13594,383.26296,-48.127015,-0.42769269,-0.86463174
7986,781.34823,467.28599,314.06224,2.8864588,1.0270309
7987,576.83426,547.37812,29.456145,0.26138797,-0.74401867
7988,760.84916,577.35125,183.49791,1.5932139,-0.80974278
7989,732.24581,620.09981,112.146,0.97928462,-0.51357637
7990,792.78957,576.36852,216.42105,1.942849,0.097974813
7991,780.39479,604.3762,176.01859,1.611419,1.4050063
7992,566.82309,483.50096,83.322132,0.75554717,-0.10834684
7993,761.32588,561.62764,199.69825,1.8013081,0.25691231
7994,343.24022,177.38196,165.85827,1.4628575,-0.20303457
7995,522.96462,386.7025,136.26212,1.1875828,-1.5200192
7996,402.83054,328.23033,74.600214,0.63908313,-1.1997814
7997,-55.776536,-241.25912,185.48258,1.5684038,0.58303554
7998,50.532588,-57.489443,108.02203,0.90807109,0.71512668
7999,146.83054,59.946257,86.884283,0.7706265,1.13581
8000,1253.3035,957.17466,296.12887,2.1882923,1.7312996
8001,4752.9236,4564.2687,188.65494,1.2780113,1.5744778
8002,11287.836,11040.921,246.91482,1.4326265,1.2317587
8003,13172.32,12757.251,415.06886,3.6183479,0.48992673
8004,15378.115,15112.353,265.76229,1.8967102,0.54415194
8005,18007.24,17468.929,538.31124,4.2491536,1.0487651
8006,20599.657,20129.658,469.99901,3.7258759,0.77026708
8007,18994.056,18986.257,7.7986682,0.061677539,-0.15964092
8008,18129.758,18005.006,124.75216,1.0844758,1.1138043
8009,18593.132,18290.979,302.15333,2.5602659,1.170076
8010,19814.495,19674.656,139.83891,1.1675953,0.39578617
8011,20293.601,20166.511,127.09093,1.0776191,0.014949885
8012,21112.611,20977.75,134.86032,1.1883193,0.010950745
8013,21677.527,21331.532,345.99533,3.0350917,0.66556017
8014,21138.354,21054.894,83.459384,0.72126064,0.13826273
8015,19848.819,19669.251,179.56793,1.5119918,0.43306069
8016,18298.518,18135.217,163.3008,1.4236336,-0.93600837
8017,16655.255,16587.424,67.830937,0.56442455,-0.45447136
8018,14860.395,14778.226,82.168298,0.65899912,-0.5030671
8019,12320.417,12169.09,151.32692,1.1916336,-0.82613217
8020,10192.804,10142.71,50.094297,0.40856701,-1.4593603
8021,8506.6369,8506.9635,-0.32666016,-0.0025904156,-0.75027417
8022,6108.7225,5987.2553,121.46725,0.95054496,-0.52062357
8023,3627.8585,3624.7831,3.0753636,0.026567926,-0.64499201
8024,1864.9385,1933.0211,-68.082566,-0.57635029,-0.051001438
8025,265.53445,-32.429942,297.96439,2.5841183,0.60062751
8026,-1156.5289,-1060.3608,-96.16802,-0.8536375,0.69549418
8027,-2263.0019,-2319.7236,56.721746,0.50100486,1.3427335
8028,-3136.8343,-3305.8887,169.05441,1.5093075,0.078452173
8029,-3829.5121,-3807.0787,-22.433409,-0.19225531,0.24635606
8030,-4157.4972,-4323.501,166.00375,1.3856483,0.43329969
8031,-4560.8045,-4667.4549,106.65043,0.90894017,-0.50654469
8032,-5160.5214,-5186.334,25.812558,0.23072297,-0.93132254
8033,-5375.0466,-5552.8906,177.84404,1.5978706,-0.22997084
8034,-5703.5084,-5911.094,207.58567,1.8352716,-0.019733444
8035,-5798.3762,-5809.382,11.005794,0.096743935,0.097929849
8036,-5318.7933,-5505.7198,186.92647,1.672192,-0.0077858455
8037,-5083.7691,-5209.428,125.65894,1.1354102,0.4337553
8038,-4597.5121,-4748.0384,150.52628,1.3267242,0.75056604
8039,-4016.8641,-4067.9923,51.128263,0.46966954,-0.31737213
8040,-3154.9497,-3414.4798,259.53013,2.389994,-0.32348326
8041,-2391.7169,-2447.4779,55.760981,0.51012363,-0.42709081
8042,-1572.7076,-1693.2361,120.52845,1.0408212,0.25971964
8043,-430.00372,-629.4357,199.43198,1.718726,1.4805102
8044,576.35754,318.40307,257.95447,2.3252969,0.62228515
8045,1327.6723,1211.7006,115.97168,0.98143265,0.42966996
8046,2429.8547,2355.1017,74.753021,0.64422783,-0.85814054
8047,3280.3277,2955.0557,325.27208,3.0217573,-0.22213057
8048,3734.6443,3633.1363,101.50804,0.94181418,0.52053552
8049,4436.8566,4302.8637,133.99289,1.257654,-0.36368157
8050,4841.1173,4493.0211,348.09621,3.0967236,1.020279
8051,5027.5158,4996.1766,31.339245,0.28658649,1.3142923
8052,5320.2235,5110.6641,209.55936,1.9379448,0.74448028
8053,5224.4022,5059.071,165.33122,1.5049017,-0.65292458
8054,5472.7747,5363.7159,109.05874,0.94091698,-2.1245182
8055,5286.3762,5133.7582,152.61801,1.3250446,-0.91319393
8056,5163.8585,5091.0096,72.848876,0.63931458,-0.28148471
8057,4978.8901,4892.0077,86.882453,0.76645095,0.47010153
8058,4792.9683,4668.929,124.03936,1.1167734,0.3669819
8059,4489.7728,4295.0019,194.77089,1.7559178,1.512745
8060,4942.1825,5006.0038,-63.821343,-0.56227783,0.56314621
8061,4125.5568,3860.1459,265.41092,2.3513021,0.800929
8062,5174.3464,5082.6564,91.689939,0.801923,-0.075054816
8063,4625.162,4436.023,189.13898,1.6661351,-0.050265826
8064,4769.1322,4609.4741,159.65813,1.3512878,0.4378367
8065,3181.6462,3035.6392,146.00703,1.3632671,-0.60241425
8066,4646.6145,4498.9175,147.69706,1.3571108,1.0159003
8067,6316.5736,6199.524,117.04956,1.0190679,-0.37641961
8068,5606.257,5522.4261,83.83088,0.71636703,-0.19699021
8069,4184.6704,3965.2975,219.37289,1.9050734,0.3826793
8070,3737.5047,3670.9712,66.533446,0.5772218,-0.20061256
8071,4705.2514,4639.4472,65.80418,0.58578656,-1.467916
8072,4973.1695,4777.0288,196.14067,1.7549326,-0.31683812
8073,5063.27,4931.8081,131.46196,1.1887916,-1.4269437
8074,4881.6387,4826.6564,54.982304,0.50833414,-1.2460349
8075,4645.1844,4346.1036,299.08071,2.6809604,0.22859119
8076,4031.6425,3979.0557,52.586796,0.47408918,0.57210655
8077,4168.4618,4031.6315,136.83035,1.2410978,1.8270761
8078,4416.3575,4222.2802,194.07731,1.7645421,-0.4449673
8079,3941.5419,3839.5086,102.03326,0.90052214,-1.6769902
8080,3790.4209,3681.2898,109.13103,0.95285833,-1.8758013
8081,3137.7877,2957.0211,180.7666,1.5951839,-0.073277694
8082,2811.2328,2727.5547,83.678072,0.74842251,-0.395052
8083,2958.0633,2840.5681,117.49518,1.0481497,0.98408635
8084,2006.0484,1813.62,192.42846,1.7324681,1.2147316
8085,1811.5456,1841.6276,-30.082015,-0.27121491,0.61961902
8086,1632.298,1430.8484,201.44958,1.8176588,0.79290948
8087,943.43389,934.08061,9.3532778,0.081863614,0.39595175
8088,487.21043,310.0499,177.16052,1.5304929,1.6913738
8089,-269.82495,-319.87716,50.052206,0.43390533,1.3941858
8090,-332.75233,-476.13052,143.37819,1.3215937,0.50538034
8091,-589.22905,-749.81958,160.59053,1.4889679,0.54456998
8092,-1132.216,-1168.952,36.736,0.33134022,1.3425923
8093,-1155.0987,-1336.0154,180.91666,1.5756987,0.25451387
8094,-1687.121,-1858.8253,171.70429,1.514556,-0.6495948
8095,-2013.676,-2013.6046,-0.071371128,-0.00062412365,0.49731806
8096,-1968.8641,-2042.595,73.73095,0.64158385,0.45563179
8097,-1911.1806,-2112.3685,201.18789,1.8436026,0.3479265
8098,-2099.486,-2099.5931,0.10705669,0.00098271195,-0.092219016
8099,-2091.3818,-2168.3839,77.002127,0.69511146,-1.6044749
8100,-2045.6164,-2263.7083,218.09187,1.9811431,0.42148371
8101,-1986.9795,-2063.2322,76.25273,0.7022344,1.1955148
8102,-1817.743,-1865.7044,47.961398,0.43753809,1.5948933
8103,-1685.2142,-1996.8983,311.68412,2.8412279,-0.44654207
8104,-1614.6592,-1606.7562,-7.9029799,-0.070122936,-0.94173447
8105,-1457.3408,-1550.7409,93.400101,0.8175295,-1.3960046
8106,-1233.7579,-1485.881,252.12308,2.1961571,-1.874645
8107,-1285.2439,-1248.5528,-36.691165,-0.32016606,-1.3491196
8108,-786.11546,-1056.4299,270.31449,2.3567164,0.097302239
8109,-958.68901,-1080.0154,121.32634,1.0604622,0.24387511
8110,-800.89385,-829.42035,28.526491,0.24970802,0.84467391
8111,-449.07263,-739.0096,289.93697,2.5617017,-0.011235873
8112,-651.6797,-681.02879,29.349089,0.2700635,-0.15710683
8113,-490.54749,-625.01344,134.46595,1.1702353,0.38358731
8114,-568.72998,-644.66795,75.937965,0.6677036,1.1199212
8115,-528.68529,-631.40115,102.71586,0.92675202,1.6164579
8116,-546.80074,-691.83877,145.03803,1.321598,0.6706366
8117,-749.88454,-744.41459,-5.4699564,-0.049006821,0.51910962
8118,-511.52328,-724.76008,213.2368,1.9086639,0.75898662
8119,-974.42086,-1075.1017,100.68087,0.89487358,0.57895836
8120,-807.56797,-837.77351,30.205542,0.26438362,-0.93157452
8121,-820.9162,-972.89827,151.98207,1.3636681,-0.54802039
8122,-1358.6592,-1482.9328,124.2736,1.1101731,0.50732864
8123,-1095.0317,-1257.8887,162.85702,1.3727988,0.73129976
8124,-1153.6685,-1131.1171,-22.551446,-0.19436231,0.51047374
8125,51.962756,-284.49904,336.4618,2.4746799,1.397875
8126,3651.2179,3339.3013,311.91653,2.1313799,0.28990809
8127,10631.389,10309.774,321.61569,1.7559062,0.67200352
8128,13515.561,13305.612,209.94824,1.8031816,-1.0922406
8129,16880.745,17061.098,-180.35301,-1.1871559,-0.21422685
8130,19754.905,19625.029,129.87624,1.0528637,0.043145055
8131,21200.804,21048.998,151.80639,1.2481093,-0.41905686
8132,18950.197,19071.754,-121.55693,-0.94803479,-1.439832
8133,18515.903,18320.952,194.95115,1.7088118,-0.26829695
8134,18837.214,18628.545,208.66905,1.8087312,2.2058466
8135,19902.212,19908.054,-5.8414523,-0.049739439,1.4507172
8136,20930.026,20729.612,200.41379,1.6267944,0.2413161
8137,22155.203,22132.944,22.258642,0.18752961,1.0354194
8138,22665.296,22447.908,217.38822,1.8861695,0.031357099
8139,21746.175,21760.983,-14.807679,-0.12905098,1.1624466
8140,20462.838,20396.96,65.878296,0.55799356,1.964428
8141,18724.708,18583.34,141.3679,1.2164528,1.820661
8142,16722.95,16771.685,-48.7355,-0.40367272,0.64850968
8143,14783.642,14738.426,45.216354,0.36117014,1.3057853
8144,12026.756,11914.073,112.68312,0.88648597,1.7289559
8145,9786.1601,9819.3935,-33.233325,-0.28200256,-0.12766561
8146,7833.0279,7801.858,31.169968,0.25101499,0.39082046
8147,5242.9944,5145.5509,97.44355,0.79617896,0.4952507
8148,2891.7989,2821.8964,69.90253,0.6166593,-0.87627259
8149,757.5121,856.93666,-99.424556,-0.82519673,-0.20835782
8150,-1004.9311,-1260.8369,255.90575,2.1889631,-1.5694512
8151,-2518.5251,-2576.215,57.689832,0.50818134,0.45873995
8152,-3632.6257,-3705.858,73.232267,0.65481581,0.98504286
8153,-4352,-4598.6641,246.66411,2.2447583,-0.54897893
8154,-5085.676,-5053.666,-32.009951,-0.27469962,-2.1734034
8155,-5271.121,-5380.4223,109.30122,0.92558381,-1.7867909
8156,-5839.851,-6030.0038,190.15281,1.6092345,-1.590358
8157,-6448.6257,-6363.6392,-84.986543,-0.74652077,-1.2000376
8158,-6619.7691,-6826.5029,206.73379,1.8369976,-0.27297104
8159,-7114.1304,-7281.5048,167.37444,1.4970434,-0.7670202
8160,-7136.0596,-7050.5643,-85.495291,-0.76774979,0.85148075
8161,-6580.2011,-6873.6737,293.47259,2.5484041,0.96837286
8162,-6334.689,-6319.9079,-14.781144,-0.12338122,0.44002418
8163,-5669.1844,-5849.1823,179.99798,1.5748301,1.5204908
8164,-5151.9404,-5167.1708,15.230416,0.13325619,1.4535699
8165,-4124.6034,-4279.2783,154.67496,1.4099334,0.94520137
8166,-3299.8734,-3485.2361,185.36271,1.6617361,1.2882535
8167,-2380.7523,-2442.5643,61.811972,0.53412149,0.88789249
8168,-1083.5903,-1326.1881,242.59778,2.0684354,1.2165479
8169,-165.89944,-315.45489,149.55545,1.3265937,-0.56185079
8170,817.57914,810.74856,6.8305829,0.057822015,0.2804239
8171,1920.7151,1781.19,139.52506,1.2064668,0.88390544
8172,2864.149,2738.856,125.29293,1.1373394,-0.34098247
8173,3444.797,3356.499,88.29798,0.81858042,-0.090729165
8174,4033.0726,4028.6833,4.3893244,0.03988325,-1.1241807
8175,4573.676,4321.0441,252.63183,2.2530951,-0.14116592
8176,4628.4991,4610.9482,17.550892,0.15709479,-0.24893347
8177,4988.4246,4865.9655,122.45913,1.1268402,0.90527244
8178,4953.1471,4777.0288,176.11832,1.6577483,-0.072043793
8179,5007.4935,5065.4587,-57.965251,-0.53039414,-1.0113328
8180,5015.121,4924.4376,90.683423,0.80676822,-2.5649728
8181,4815.3743,4677.2821,138.09215,1.2055643,-2.3358387
8182,4664.73,4636.0077,28.722304,0.2478595,-1.7789963
8183,4534.5847,4369.6891,164.89567,1.4771062,0.19454184
8184,4079.3147,3934.3417,144.97306,1.3262604,1.1280703
8185,4740.5289,4790.2956,-49.766721,-0.44204546,1.5064185
8186,3697.9367,3407.1094,290.82728,2.5114041,0.96526908
8187,4885.4525,4923.9463,-38.493743,-0.33764097,1.2375226
8188,4279.0615,4163.3167,115.74475,1.0021035,0.71369517
8189,4347.2328,4348.5605,-1.327686,-0.011168133,1.0353369
8190,2920.4022,2809.1209,111.28131,1.022863,2.5598417
8191,4216.6108,4094.0345,122.57625,1.1037264,2.4245373
8192,6034.8305,6039.3397,-4.5091912,-0.038637793,1.3776902
8193,5289.7132,5184.3685,105.3447,0.88039684,0.26968269
8194,3834.7561,3645.4203,189.33571,1.6600166,0.91458967
8195,3485.3184,3494.0806,-8.7621784,-0.07466811,-0.059739298
8196,4358.1974,4261.0979,97.099504,0.86335883,-0.78041363
8197,4776.2831,4605.0518,171.23123,1.5700159,-1.0055606
8198,4783.9106,4690.5489,93.36167,0.86623489,-1.2173979
8199,4565.095,4568.691,-3.5960068,-0.033091839,-1.7212326
8200,4449.7281,4231.6161,218.112,1.9706304,-0.26580755
8201,3704.1341,3646.4031,57.731007,0.5177929,-0.24526993
8202,3992.5512,3952.5221,40.029137,0.36424838,0.59889984
8203,4104.581,3898.4722,206.10884,1.9463948,-1.0907285
8204,3609.2663,3621.8349,-12.568639,-0.11349843,-0.91097381
8205,3500.0968,3425.2898,74.807007,0.65362077,-2.1523628
8206,2662.4953,2565.8964,96.598991,0.85093885,-2.6014257
8207,2472.7598,2439.1248,33.635016,0.29972244,-2.1726932
8208,2475.1434,2397.3589,77.784464,0.68414829,-1.4607738
8209,1533.1397,1436.2534,96.886306,0.84325482,0.38009811
8210,1396.797,1422.4952,-25.698181,-0.2347524,0.85980831
8211,1087.8808,857.91939,229.96143,2.0611285,0.33901845
8212,566.82309,543.44722,23.375874,0.20108582,-0.88705824
8213,-87.716946,-251.57774,163.86079,1.377781,-1.1058339
8214,-813.28864,-817.62764,4.3389986,0.038407925,1.4271148
8215,-865.2514,-998.9405,133.6891,1.2177809,1.3638613
8216,-1283.8138,-1415.1248,131.31098,1.1943254,1.1256397
8217,-1708.0968,-1628.3762,-79.720635,-0.70820978,1.4370892
8218,-1866.8454,-2062.2495,195.40408,1.7035353,0.8804413
8219,-2353.1024,-2447.9693,94.866869,0.83240969,1.3748785
8220,-2652.0074,-2652.3762,0.36875083,0.003238556,0.43354374
8221,-2709.2142,-2775.2169,66.002738,0.57391499,1.0463815
8222,-2539.0242,-2685.2975,146.2733,1.3393053,0.89383449
8223,-2760.7002,-2849.904,89.203844,0.82670166,0.25703283
8224,-2795.9777,-2710.357,-85.620648,-0.81537715,-1.2642317
8225,-2670.5996,-2954.0729,283.47331,2.5938401,-0.50062898
8226,-2688.7151,-2696.1075,7.3924018,0.067576678,0.59301761
8227,-2276.8268,-2391.9539,115.12712,1.0659165,-0.4554743
8228,-2350.7188,-2568.3532,217.63436,1.9870138,-1.4377888
8229,-2143.3445,-2098.119,-45.225505,-0.40071275,0.20262139
8230,-1947.4115,-2086.8177,139.40611,1.2364069,0.021038498
8231,-1805.3482,-1950.2188,144.87058,1.2871273,-0.69141241
8232,-1762.9199,-1666.7025,-96.21743,-0.87400299,-1.7838946
8233,-1366.7635,-1582.6795,215.91596,1.9497405,-0.97803581
8234,-1441.1322,-1459.3474,18.215193,0.16310482,-0.69227157
8235,-1359.6127,-1316.8522,-42.760456,-0.3901978,-0.13826874
8236,-1025.9069,-1224.9674,199.06048,1.8082119,1.3413969
8237,-1095.5084,-1085.4203,-10.088034,-0.089791616,-0.58113824
8238,-1053.5568,-1132.0998,78.543011,0.69494401,-1.1036877
8239,-1053.0801,-1046.1113,-6.9687501,-0.061299245,0.57943268
8240,-965.36313,-1114.9021,149.53898,1.3498505,1.0884337
8241,-1041.6387,-1153.7198,112.08104,1.0161921,-0.11277982
8242,-1095.0317,-1157.6507,62.619014,0.55748011,0.099675962
8243,-1060.2309,-1217.5969,157.36602,1.3553157,0.46701958
8244,-1392.5065,-1466.2265,73.71997,0.65459058,0.65565667
8245,-1288.581,-1311.4472,22.866211,0.20367713,-0.10652393
8246,-1290.0112,-1411.6852,121.67405,1.053004,0.51951236
8247,-1840.6257,-1850.9635,10.337833,0.089141473,-0.043084756
8248,-1618.473,-1778.2418,159.76884,1.3650537,1.3798802
8249,-1652.797,-1529.6123,-123.18474,-1.0678248,1.1671385
8250,-450.02607,-779.79271,329.76664,2.3924349,0.993168
8251,2908.0074,2837.1286,70.87885,0.47868705,0.37720048
8252,9386.6667,9359.4779,27.18874,0.15781407,1.130152
8253,11234.443,10913.658,320.78485,2.8239393,0.07081267
8254,13913.624,13765.528,148.09601,1.0187133,0.34014538
8255,16924.603,16513.72,410.88358,3.2176168,0.25587325
8256,19292.484,19093.866,198.61853,1.656263,-0.58089673
8257,17717.393,17610.441,106.95146,0.86767412,-2.0312194
8258,16853.572,16610.027,243.54482,2.1617907,-0.51903732
8259,17234.473,17130.871,103.6016,0.90742753,0.38017271
8260,18302.808,18237.42,65.387848,0.57630832,1.1939726
8261,19048.879,18711.585,337.29354,2.9058522,0.73588044
8262,19845.006,19791.109,53.896182,0.47468396,0.37412744
8263,20521.952,20202.38,319.57154,2.8107314,-0.078448681
8264,19840.238,19908.545,-68.306744,-0.59786007,-0.59351994
8265,18642.711,18422.664,220.04725,1.800288,1.8374799
8266,17060.946,16924.008,136.93832,1.151251,0.55215355
8267,15428.171,15415.524,12.64733,0.10540073,0.91743528
8268,13532.246,13417.643,114.60282,0.88406295,0.47022179
8269,10906.458,10862.557,43.901479,0.34020524,0.16002323
8270,8869.4227,8745.7658,123.65688,1.0089449,-0.39754204
8271,7094.108,7065.3052,28.802825,0.22741454,0.84684412
8272,4629.4525,4500.8829,128.5696,1.0335957,0.30912745
8273,2208.6555,2134.4798,74.175647,0.62059803,-1.7516103
8274,319.88082,463.35509,-143.47427,-1.1904835,0.55492849
8275,-1295.2551,-1624.4453,329.19018,2.839487,0.36875969
8276,-2740.6778,-2682.8407,-57.837149,-0.50565926,1.3605839
8277,-3935.8212,-3943.6775,7.8563141,0.069222859,1.4325904
8278,-4732.9013,-4929.8426,196.94131,1.7831013,0.48296643
8279,-5559.0615,-5409.904,-149.15742,-1.2967113,-0.10597552
8280,-5752.6108,-5927.8004,175.18958,1.4799447,-0.20799984
8281,-6251.2626,-6309.0979,57.835319,0.48319018,-1.1562083
8282,-6814.2719,-6762.1344,-52.137524,-0.46112844,-0.63044903
8283,-7014.4953,-7198.9559,184.46051,1.6334423,-0.55371415
8284,-7510.2868,-7492.7908,-17.495991,-0.15444452,0.16570933
8285,-7426.3836,-7530.1344,103.75074,0.94406833,-0.90326581
8286,-7020.6927,-7188.1459,167.45314,1.5020072,-0.4787732
8287,-6778.041,-6809.3052,31.264214,0.26750875,0.022586944
8288,-6151.6276,-6376.906,225.27839,1.9285825,-0.024513528
8289,-5784.5512,-5657.5509,-127.00035,-1.1259484,0.91431672
8290,-4722.4134,-5025.167,302.75358,2.7196651,0.68090286
8291,-4019.2477,-4064.0614,44.813748,0.39229292,0.2991944
8292,-3198.3315,-3245.4511,47.119585,0.40699033,-0.67370365
8293,-1931.6797,-2138.9021,207.22241,1.8365316,1.0147749
8294,-1176.0745,-1193.0288,16.954303,0.14734503,-0.41729905
8295,-136.34264,-280.07678,143.73413,1.1804215,-0.58167994
8296,829.97393,767.01727,62.956655,0.52358179,-0.23077461
8297,1782.4655,1597.4203,185.0452,1.659632,-0.44012934
8298,2285.4078,2168.3839,117.02394,1.0714014,0.67711096
8299,2816.4767,2930.9789,-114.50216,-1.0674142,0.44947044
8300,3476.2607,3023.8464,452.41426,3.9674487,-0.022776349
8301,3527.27,3540.7601,-13.490058,-0.11946559,1.2967003
8302,3917.2291,3751.0633,166.16571,1.4761195,0.82620763
8303,3832.3724,3622.8177,209.55478,1.8702792,0.45695881
8304,3970.622,4012.9597,-42.337719,-0.37123606,0.30353299
8305,3953.46,3678.3417,275.11831,2.4735632,0.6065885
8306,3745.1322,3722.5643,22.567917,0.20361326,0.36828438
8307,3609.743,3502.4338,107.30924,0.94923394,-0.39801956
8308,3440.0298,3274.4415,165.58834,1.4636198,-0.69095774
8309,2963.784,2924.0998,39.684177,0.35192382,0.050692303
8310,3642.1601,3599.2322,42.927903,0.37919404,-0.35536448
8311,2606.7188,2361.4894,245.22936,2.1312053,-0.3245457
8312,3796.6182,3822.3109,-25.692691,-0.22105023,-0.33843935
8313,3184.9832,2986.9942,197.989,1.7239953,-0.35351671
8314,3243.1434,3291.6392,-48.495766,-0.40942311,-0.47620646
8315,1835.8585,1544.3532,291.50531,2.608097,0.78540227
8316,3170.6816,3065.6123,105.06928,0.90876835,1.5191642
8317,4980.797,4878.2495,102.5475,0.88569726,-0.14132702
8318,4198.0186,4012.4683,185.55029,1.5776427,0.80203473
8319,2713.9814,2643.0403,70.941071,0.61621534,1.3786348
8320,2404.5885,2233.2438,171.34469,1.4268701,-0.51499067
8321,3277.4674,3270.5106,6.9568549,0.059185355,-1.2444438
8322,3669.8101,3455.263,214.5471,1.9506589,-1.565736
8323,3609.743,3546.1651,63.57795,0.60631275,-0.34431936
8324,3446.7039,3539.7774,-93.073441,-0.87367482,-0.74849164
8325,3304.6406,2923.1171,381.52351,3.4025476,0.15924196
8326,2569.0577,2589.4818,-20.424038,-0.18118656,1.369744
8327,2853.6611,2759.4933,94.167798,0.8549424,1.5993549
8328,2917.5419,2781.6046,135.93729,1.2174892,1.0976109
8329,2548.0819,2561.4741,-13.392152,-0.11900126,0.555544
8330,2395.054,2214.572,180.48203,1.5658581,1.281393
8331,1697.1322,1595.9463,101.18596,0.89777257,-0.25436498
8332,1458.2942,1366.4798,91.814381,0.83871316,-1.2422985
8333,1510.257,1360.5835,149.67349,1.3559395,-0.77881814
8334,603.53073,489.39731,114.13341,1.0026485,0.98985837
8335,437.63128,325.77351,111.85777,0.98893076,1.9074069
8336,170.18994,64.368522,105.82142,0.95287511,0.53459907
8337,-407.59777,-470.72553,63.127762,0.55447161,0.16690711
8338,-1027.8138,-1086.8944,59.080654,0.51739296,0.34916904
8339,-1701.4227,-1634.2726,-67.150166,-0.60613371,-0.66364117
8340,-1816.7896,-1975.7697,158.9801,1.4579343,0.2869288
8341,-2052.2905,-2163.9616,111.67111,0.99779175,0.52952488
8342,-2533.7803,-2536.4146,2.6343266,0.023139654,1.1754851
8343,-2744.4916,-2850.8868,106.39514,0.93294546,-0.61368125
8344,-3115.8585,-3226.7793,110.9208,1.0208193,-1.0141238
8345,-3502.0037,-3581.0518,79.048099,0.68065856,0.0067957045
8346,-3408.0894,-3487.6929,79.603513,0.6656925,-0.42346699
8347,-3380.4395,-3538.3033,157.86378,1.3843789,-0.61770182
8348,-3601.162,-3620.8522,19.690196,0.18179976,0.57421664
8349,-3561.594,-3522.0883,-39.505749,-0.37142229,0.27328254
8350,-3486.2719,-3835.5777,349.30585,3.1914687,1.1915434
8351,-3491.5158,-3408.0921,-83.423698,-0.74591492,1.3489735
8352,-3170.2048,-3360.9213,190.71646,1.7495423,0.55731649
8353,-3232.1788,-3332.4223,100.24349,0.91370662,-0.17540384
8354,-3029.095,-3013.0365,-16.058504,-0.14395508,-0.46893661
8355,-2938.041,-3072.9827,134.94176,1.1797961,0.9290087
8356,-2713.5047,-2813.0518,99.547168,0.88457445,-0.24557046
8357,-2688.7151,-2739.8388,51.123688,0.46174858,0.4578303
8358,-2335.4637,-2439.1248,103.66107,0.95284093,0.017356834
8359,-2340.7076,-2504.476,163.76837,1.4961986,0.82533296
8360,-2293.9888,-2342.8177,48.828832,0.4449684,0.82700843
8361,-1861.1248,-2088.7831,227.65834,2.091786,0.90604906
8362,-2043.7095,-2138.4107,94.701251,0.85736698,0.0053110915
8363,-1945.5047,-2043.5777,98.07308,0.86160635,0.030354827
8364,-2000.8045,-2003.286,2.4815192,0.022815557,0.56004414
8365,-1940.2607,-2132.5144,192.25369,1.806705,0.3087212
8366,-1936.4469,-1991.9846,55.537718,0.51036487,0.2597399
8367,-2115.2179,-2210.1497,94.931835,0.83893925,-0.23405655
8368,-2012.2458,-2051.9309,39.685092,0.35386112,0.32429033
8369,-2337.8473,-2480.3992,142.55193,1.282627,-0.45586783
8370,-2282.0708,-2305.9655,23.894688,0.20805994,-1.9082822
8371,-2196.7374,-2281.3973,84.659883,0.72861939,-0.90179249
8372,-2779.7691,-2958.4952,178.72611,1.5079684,-0.19906233
8373,-2579.5456,-2570.81,-8.735643,-0.071393444,0.15894388
8374,-2535.2104,-2595.3781,60.167691,0.52102086,0.23909498
8375,-1443.0391,-1695.2015,252.16243,1.8497738,0.81525088
8376,2184.3426,2142.833,41.509631,0.27584033,0.31634648
8377,9026.2644,9133.4511,-107.18662,-0.57866121,0.36345324
8378,12069.184,12106.196,-37.01142,-0.3125907,-0.58535949
8379,15651.754,16004.177,-352.42239,-2.2173139,-1.6512855
8380,18707.546,19253.559,-546.01292,-4.3136871,-1.0596415
8381,20582.495,21505.474,-922.97874,-7.4742287,0.11043324
8382,18763.322,19550.833,-787.51085,-6.2530424,-1.9454642
8383,18022.495,18752.86,-730.36454,-6.427169,-0.52754413
8384,18249.892,18956.775,-706.88344,-6.0488183,1.1962255
8385,19355.888,20177.812,-821.92363,-6.9464848,0.86064523
8386,20510.034,21047.033,-536.99911,-4.4883912,0.32211067
8387,21472.06,22300.499,-828.43945,-6.9520492,-0.07156645
8388,22108.484,22934.848,-826.3642,-7.3904032,-0.037709913
8389,21382.912,22318.188,-935.27562,-8.2705023,0.95559736
8390,20114.354,20893.727,-779.37363,-6.5696926,0.51170773
8391,18452.976,19171.501,-718.52517,-6.2090646,-0.5190161
8392,16320.596,17188.361,-867.76494,-7.1613269,-0.70172765
8393,14375.091,15064.2,-689.10837,-5.4697044,0.36043335
8394,11550.51,12084.084,-533.57421,-4.0847191,0.94740049
8395,9187.3966,9785.4894,-598.0928,-4.912536,-1.2671418
8396,7222.8231,7669.19,-446.36693,-3.5271855,-0.47205404
8397,4563.1881,4810.4415,-247.25338,-1.9786155,-0.72530469
8398,1943.5978,2282.38,-338.78227,-2.8967348,-1.7675133
8399,-140.63315,143.96929,-284.60244,-2.3615476,-0.44496489
8400,-2099.486,-2174.2802,74.794197,0.63441338,-0.3645762
8401,-3565.8845,-3509.8042,-56.080321,-0.490574,0.55847957
8402,-4993.6685,-4940.6526,-53.015938,-0.46270224,0.79443497
8403,-5764.0521,-5902.2495,138.19738,1.212432,-0.67583559
8404,-6464.8343,-6514.4875,49.65326,0.42212239,-1.5880009
8405,-6789.959,-6912,122.04097,1.0396094,-1.6229779
8406,-7177.5345,-7428.4223,250.88781,2.1768115,-1.8744541
8407,-7909.3035,-7930.595,21.291471,0.1857135,-1.7246098
8408,-8108.5736,-8326.6334,218.05984,1.9158153,-0.15109548
8409,-8587.203,-8842.5643,255.36132,2.24473,0.7937864
8410,-8609.1322,-8684.3455,75.213273,0.66190554,0.95495193
8411,-8088.5512,-8415.5701,327.01885,2.8953801,-0.19971448
8412,-7843.0391,-7951.7236,108.6845,0.94366682,-0.54935081
8413,-7254.2868,-7372.4069,118.12013,1.02833,1.3001288
8414,-6595.933,-6698.7486,102.8156,0.90147579,1.5850541
8415,-5722.1006,-5816.7524,94.651841,0.84029092,2.468537
8416,-4679.9851,-4843.3628,163.37766,1.4555138,0.94831406
8417,-3925.8101,-3847.3704,-78.439614,-0.67570471,-0.22649201
8418,-2545.2216,-2570.3186,25.097017,0.21377644,-0.064438124
8419,-1518.3613,-1586.6104,68.249098,0.6112923,-0.5928934
8420,-567.77654,-390.6334,-177.14314,-1.5042454,-0.056807104
8421,725.09497,736.06142,-10.966448,-0.091556162,-0.14287701
8422,1611.3222,1782.6641,-171.34195,-1.5433,-0.56842685
8423,2252.9907,2487.2783,-234.28762,-2.1357368,0.14142843
8424,2978.0857,3216.952,-238.86635,-2.1751414,-0.34337215
8425,3474.8305,3614.4645,-139.63395,-1.2620303,-0.85205905
8426,3708.9013,3965.2975,-256.3962,-2.3574232,-0.26074398
8427,3925.8101,4264.5374,-338.72737,-3.2158265,-0.23188568
8428,3960.6108,4190.3417,-229.73085,-2.1380546,-0.63807119
8429,4094.5698,4478.7716,-384.20176,-3.436032,-1.3186172
8430,3953.9367,4275.3474,-321.41072,-2.7727964,-1.2440814
8431,3938.2048,4187.3935,-249.18863,-2.1758506,-2.0572912
8432,3604.0223,4070.9405,-466.91815,-4.0496832,-1.6820466
8433,3561.594,3769.2438,-207.64972,-1.8651588,0.06913355
8434,3101.5568,3356.499,-254.94224,-2.2255515,0.87648695
8435,3713.1918,4085.19,-371.99821,-3.1408607,0.044966088
8436,2842.2197,2868.5758,-26.356076,-0.21882604,0.40524261
8437,3831.419,4284.6833,-453.26431,-3.9243826,0.30882757
8438,3399.5084,3537.8119,-138.30352,-1.1871843,-0.115265
8439,3342.7784,3732.3916,-389.61316,-3.2522616,1.2028218
8440,1887.3445,2153.643,-266.29849,-2.4097389,1.8307769
8441,3368.5214,3512.261,-143.73962,-1.2423412,0.74605635
8442,4973.1695,5474.2726,-501.10309,-4.2590328,-0.40474672
8443,4359.1508,4531.8388,-172.68793,-1.4662161,0.10961401
8444,2775.0019,3091.6545,-316.65265,-2.8362319,2.1312555
8445,2505.6536,2777.1823,-271.52871,-2.3454453,0.41152867
8446,3466.7263,3762.856,-296.12979,-2.672379,-0.83665043
8447,3684.1117,4017.8733,-333.76159,-3.1286858,0.14535114
8448,3812.3501,4087.1555,-274.80538,-2.5883794,-1.4989389
8449,3585.4302,4027.2092,-441.77905,-4.1109897,0.081504566
8450,3462.9125,3548.6219,-85.709404,-0.77120218,-1.1656092
8451,2812.6629,3144.2303,-331.56738,-3.0454746,-0.029979582
8452,2977.6089,3294.096,-316.48703,-2.904851,0.33273634
8453,3166.3911,3367.309,-200.91796,-1.8150945,0.01304004
8454,2658.2048,3033.1823,-374.9775,-3.2149353,-1.4194309
8455,2536.1639,2836.1459,-299.982,-2.5762984,-0.69621323
8456,1796.2905,1985.1056,-188.81506,-1.6407773,-1.6895778
8457,1412.0521,1865.7044,-453.65227,-4.1492437,-3.2362591
8458,1552.2086,1774.3109,-222.10237,-1.9664736,-0.87538646
8459,491.50093,799.44722,-307.94629,-2.7089647,1.1849063
8460,376.6108,654.98656,-278.37576,-2.456763,1.472435
8461,108.69274,261.40499,-152.71225,-1.3428026,1.4114662
8462,-589.70577,-256.49136,-333.21441,-2.8058722,-0.0096733983
8463,-1104.5661,-962.57965,-141.98645,-1.2372986,-0.44677259
8464,-1902.5996,-1627.8848,-274.71479,-2.3889002,0.57462927
8465,-1934.0633,-1888.3071,-45.756213,-0.41975404,1.3278743
8466,-2305.4302,-2173.7889,-131.6413,-1.1680044,0.78828256
8467,-2872.73,-2634.6871,-238.04284,-2.086349,0.27564262
8468,-2966.1676,-2876.929,-89.238615,-0.77939318,0.56239745
8469,-3502.0037,-3433.643,-68.36073,-0.6045168,0.58264462
8470,-3784.7002,-3587.4395,-197.26065,-1.7667053,0.73922182
8471,-3800.9088,-3707.3321,-93.576699,-0.81495345,-0.30411296
8472,-3789.9441,-3676.3762,-113.56793,-1.0303016,-0.2603962
8473,-3921.0428,-3760.8906,-160.15224,-1.4637038,-0.89739056
8474,-3989.2142,-3759.4165,-229.79765,-2.0980137,-0.26246323
8475,-3849.0577,-3954.4875,105.4298,0.94793699,-0.66043333
8476,-3840.9534,-3648.8599,-192.09356,-1.774445,0.56911411
8477,-3603.0689,-3402.6871,-200.38176,-1.8517789,0.44530566
8478,-3509.1546,-3478.357,-30.797557,-0.27618427,-0.85421486
8479,-3365.1844,-3140.7908,-224.39357,-1.8981142,-1.5715737
8480,-3084.3948,-3058.2418,-26.152943,-0.2223886,-1.1089725
8481,-2963.3073,-2873.4894,-89.817819,-0.77078914,-0.66706068
8482,-2908.9609,-2647.9539,-261.00696,-2.316252,-0.6861947
8483,-2478.0037,-2411.1171,-66.886642,-0.60193794,0.93646335
8484,-2580.9758,-2440.5988,-140.37694,-1.282376,-0.19494088
8485,-2439.3892,-2117.2821,-322.10705,-2.884385,1.0527531
8486,-2070.8827,-2054.3877,-16.494966,-0.14911675,0.61939403
8487,-2279.6872,-1932.0384,-347.64876,-3.024976,-0.50435046
8488,-2062.3017,-1914.3493,-147.95235,-1.2813184,-0.025505734
8489,-2240.1192,-1921.2284,-318.89077,-2.7683083,0.73942253
8490,-1972.2011,-1889.2898,-82.91129,-0.75451532,2.2644684
8491,-2154.3091,-1970.3647,-183.94444,-1.670554,1.9003764
8492,-2269.1993,-1995.4242,-273.77507,-2.451692,0.96499396
8493,-2088.0447,-1976.7524,-111.29229,-0.99395426,1.5141487
8494,-2529.013,-2374.7562,-154.2568,-1.3645173,1.48119
8495,-2293.5121,-2125.6353,-167.87679,-1.4704172,-0.047409574
8496,-2452.7374,-2216.5374,-236.2,-2.0081296,-0.86372715
8497,-2879.8808,-2704.952,-174.9288,-1.5430489,-0.082274365
8498,-2744.9683,-2523.1478,-221.82055,-1.9016139,0.53320982
8499,-2728.7598,-2447.9693,-280.79049,-2.418027,0.46427225
8500,-1471.1657,-1426.4261,-44.739632,-0.31480106,-0.65730543
8501,2134.2868,2216.0461,-81.759287,-0.55049037,0.67710508
8502,8629.6313,8916.7601,-287.12879,-1.6477756,0.58073068
8503,10473.117,10493.052,-19.934505,-0.17465825,0.51240658
8504,13156.112,13225.029,-68.917059,-0.45545193,2.3639229
8505,16751.553,15884.775,866.77764,6.5991573,0.15275707
8506,19131.352,18107.209,1024.1427,8.5088483,-0.70442097
8507,17352.223,16669.482,682.7417,5.4839688,-0.49564164
8508,16355.397,15716.238,639.15864,5.6059106,-1.0852349
8509,16953.683,16146.672,807.01164,6.932553,0.53867485
8510,18147.397,17450.749,696.64809,5.9433968,0.3801457
8511,18533.542,17891.992,641.54958,5.5152113,1.5345881
8512,19626.667,19034.411,592.25592,5.0172863,0.47936887
8513,20273.579,19337.09,936.48893,7.8511666,0.1873006
8514,19652.41,18892.898,759.51141,6.5918672,0.30910886
8515,18347.62,17521.996,825.62395,6.886238,2.1526944
8516,16759.657,15877.405,882.25237,7.8922613,1.2338281
8517,15024.387,14407.739,616.64837,5.1772466,2.0244164
8518,13045.512,12361.213,684.29905,5.319407,1.0372728
8519,10312.939,9714.7332,598.20534,4.5989255,1.2154877
8520,8242.0559,7782.2035,459.85241,3.8135175,1.1033872
8521,6329.9218,5955.8081,374.11373,2.9948672,-0.076542841
8522,3817.1173,3535.8464,281.27087,2.333357,1.1172239
8523,1237.095,1026.4568,210.63816,1.8059958,-1.3780618
8524,-640.71508,-621.5739,-19.141187,-0.16237203,0.50256257
8525,-2248.7002,-2590.9559,342.25567,2.9475925,0.12923325
8526,-3878.6145,-3739.762,-138.85253,-1.229061,-0.53056396
8527,-5025.1322,-4849.2591,-175.8731,-1.5553174,0.5087072
8528,-5988.5885,-5914.0422,-74.546228,-0.68665316,0.024311876
8529,-6655.0466,-6349.881,-305.16556,-2.6475467,-0.25672806
8530,-6942.5102,-6793.5816,-148.92867,-1.2857456,-1.6477397
8531,-7404.9311,-7265.2898,-139.64127,-1.196137,-2.7213812
8532,-8042.3091,-7680.9827,-361.3264,-3.2219094,-2.2807078
8533,-8311.1806,-8151.2169,-159.96374,-1.4171875,0.13891739
8534,-8697.8026,-8489.7658,-208.03677,-1.8102211,-0.13071655
8535,-8678.257,-8377.7351,-300.52186,-2.6388339,0.0013893375
8536,-8330.2495,-8153.6737,-176.57583,-1.5675653,1.1125854
8537,-7991.7765,-7692.2841,-299.49247,-2.5489764,0.40913498
8538,-7457.8473,-7304.1075,-153.73981,-1.3046773,-0.071009022
8539,-6871.9553,-6600.476,-271.4793,-2.3493278,0.5921465
8540,-5905.6387,-5864.906,-40.732784,-0.36753754,0.44476347
8541,-5157.6611,-5034.0115,-123.64956,-1.1241824,0.94104137
8542,-4248.5512,-4052.2687,-196.2825,-1.7010541,0.12153081
8543,-3092.0223,-3077.405,-14.617356,-0.12852089,1.237558
8544,-2050.3836,-2078.4645,28.080879,0.24371884,0.44213238
8545,-1169.8771,-1157.1593,-12.717786,-0.10911473,0.315153
8546,-44.811918,-89.919386,45.107468,0.39174394,0.44222534
8547,842.84544,716.89827,125.94717,1.169895,0.38333151
8548,1341.4972,1262.3109,79.186266,0.73320062,0.5325224
8549,2067.5456,1936.952,130.59361,1.1866087,0.75531203
8550,2570.0112,2194.9175,375.09371,3.2882318,-0.4550026
8551,2748.7821,2591.9386,156.84354,1.4014124,0.86211793
8552,3021.4674,2852.8522,168.6152,1.6040481,0.68031225
8553,3003.8287,2638.618,365.21064,3.3780209,-0.99810785
8554,3205.0056,3003.7006,201.30501,1.7626721,-0.73243405
8555,3107.2775,2771.286,335.99148,2.9446205,-0.96435336
8556,2990.4804,2675.9616,314.51883,2.7834941,-1.0690042
8557,2774.5251,2596.8522,177.67293,1.5803162,-2.1358154
8558,2652.0074,2292.6987,359.30879,3.2245055,-0.36968027
8559,2239.6425,1941.3743,298.26818,2.6886629,0.52105705
8560,2798.838,2666.1344,132.70363,1.1517393,-0.65297393
8561,1865.4153,1413.6507,451.7646,3.8582062,-0.30344391
8562,2911.8212,2846.4645,65.356738,0.56393278,-1.3299968
8563,2383.1359,2059.3013,323.8346,2.8050204,-1.1963694
8564,2444.1564,2223.4165,220.73992,1.8379503,-0.36030789
8565,967.27002,650.5643,316.70572,2.7968439,0.63892231
8566,2409.3557,2051.9309,357.42478,3.0589307,0.73124024
8567,4055.4786,3959.4012,96.077433,0.81339526,-0.56204825
8568,3386.6369,3054.8023,331.83457,2.7378981,0.26793012
8569,1897.8324,1529.6123,368.22012,3.1574792,0.6417612
8570,1548.3948,1324.714,223.68077,1.8756736,-0.4323776
8571,2520.9088,2214.572,306.33678,2.6429014,-1.2631721
8572,2767.851,2534.4491,233.40189,2.1472542,-0.71436886
8573,2882.2644,2534.9405,347.32393,3.2989165,0.84683832
8574,2631.0317,2514.3033,116.72839,1.0868124,0.4372421
8575,2498.5028,2024.906,473.59684,4.2539918,-0.74319584
8576,1832.5214,1560.5681,271.95328,2.4512254,0.32316008
8577,1950.7486,1804.2841,146.46453,1.3497868,-0.06392342
8578,2176.7151,1752.1996,424.51547,3.89119,-0.87846534
8579,1692.8417,1466.7179,226.12386,2.0193206,-1.5089827
8580,1575.568,1299.6545,275.91346,2.3665868,-0.9558783
8581,859.054,486.44914,372.60487,3.2763188,-1.1358569
8582,504.84916,434.85605,69.993116,0.63703778,-2.8408918
8583,679.32961,286.46449,392.86512,3.50305,-1.9004083
8584,-309.39292,-594.05758,284.66466,2.5136546,-0.025174046
8585,-448.5959,-608.79846,160.20256,1.4573345,0.2824823
8586,-715.0838,-1035.3013,320.21754,2.960214,-0.29671972
8587,-1365.8101,-1402.8407,37.030635,0.32709864,0.0096981493
8588,-1853.0205,-2200.3225,347.30197,2.9610972,-0.41898815
8589,-2701.1099,-2659.7466,-41.363229,-0.37334669,-0.25010265
8590,-2656.298,-2953.5816,297.28362,2.722926,0.49681747
8591,-3041.013,-3218.4261,177.41307,1.6313465,0.32423633
8592,-3558.7337,-3547.6392,-11.09455,-0.095842479,-0.5259979
8593,-3675.5307,-3888.6449,213.11419,1.8166594,-0.077370868
8594,-4142.2421,-4333.3282,191.08613,1.7017998,0.40598028
8595,-4451.635,-4501.8656,50.230634,0.42798438,0.12828151
8596,-4464.0298,-4611.4395,147.40974,1.2433175,-1.1010557
8597,-4451.635,-4475.3321,23.697044,0.2108993,-0.39479465
8598,-4582.257,-4701.3589,119.10194,1.0699176,0.011521618
8599,-4615.6276,-4579.0096,-36.617964,-0.34012199,0.57896891
8600,-4492.6331,-4771.1324,278.49929,2.4870334,0.25647784
8601,-4443.054,-4548.5451,105.4911,0.94854727,0.86859898
8602,-4276.2011,-4234.0729,-42.128181,-0.38977634,0.43573534
8603,-4127.4637,-4483.1939,355.73017,3.3910181,0.36709821
8604,-4079.3147,-3962.3493,-116.96538,-1.0629394,-0.12381455
8605,-3782.7933,-4046.3724,263.57906,2.3733361,-0.36410844
8606,-3739.8883,-3878.8177,138.92939,1.2486536,0.12234205
8607,-3706.9944,-3617.904,-89.090383,-0.82372084,-1.6426063
8608,-3283.1881,-3596.2841,313.09599,2.8460312,-0.65017841
8609,-3349.9292,-3506.856,156.92681,1.4144131,-0.57995094
8610,-3225.5047,-3264.1228,38.618185,0.3505285,-0.7098822
8611,-2877.9739,-3178.6257,300.65179,2.7820528,0.57381954
8612,-3028.6182,-3095.5854,66.967163,0.60601328,-1.215607
8613,-2874.6369,-3156.023,281.38616,2.5254843,-0.83499924
8614,-2931.8436,-2984.0461,52.20249,0.47900606,0.26558895
8615,-2821.2439,-3138.334,317.09003,2.9678506,-0.70348801
8616,-2937.5642,-3125.5585,187.9943,1.7188116,0.23649131
8617,-3085.3482,-3120.1536,34.80532,0.30666713,-0.32679743
8618,-2862.7188,-3245.9424,383.22361,3.4244073,-0.030143593
8619,-3320.8492,-3422.3417,101.49249,0.893053,-0.033277689
8620,-3079.6276,-3362.3954,282.76783,2.4413623,-1.086079
8621,-3250.2942,-3329.9655,79.671224,0.69703187,-1.4532469
8622,-3652.1713,-3860.1459,207.97455,1.7887243,-0.10084666
8623,-3557.7803,-3751.5547,193.77444,1.6066266,0.72923953
8624,-3500.5736,-3521.5969,21.023372,0.18503154,1.5314589
8625,-2355.0093,-2741.8042,386.79491,2.8337711,1.3464473
8626,1234.2346,1199.4165,34.81813,0.22799568,1.6911943
8627,8370.7709,8324.1766,46.594366,0.25165116,0.46063177
8628,11602.95,11113.152,489.79809,4.1355269,-0.36597936
8629,15488.715,15208.169,280.54618,1.7939737,1.152701
8630,18529.728,17442.395,1087.3327,9.0491027,0.55907405
8631,19819.263,18654.096,1165.1666,9.8472337,0.0032452146
8632,17744.566,16795.762,948.80411,7.6776251,0.4502686
8633,17102.898,16145.198,957.69988,8.5614641,-0.14086255
8634,17425.639,16533.866,891.77309,7.9406683,0.72839102
8635,18553.564,17549.512,1004.0518,8.7286215,0.80859062
8636,19552.298,18801.505,750.79315,6.2719405,0.51107114
8637,20936.223,20064.307,871.91636,7.5518491,-0.69131195
8638,21324.752,20125.727,1199.0249,10.353233,0.48965245
8639,20540.544,19639.278,901.26545,7.8621597,-0.31557801
8640,19253.393,18017.29,1236.1031,10.076187,0.80717987
8641,17348.886,16391.862,957.0246,8.1842192,-0.71548318
8642,15405.765,14348.775,1056.9899,8.858568,-0.89830856
8643,13249.549,12252.622,996.92747,7.8433445,-1.0951691
8644,10472.164,9619.9002,852.26368,6.58804,-0.48578191
8645,8122.3985,7292.8061,829.59237,6.6596322,-0.9579884
8646,5980.0074,5445.2821,534.7253,4.3157218,0.28385925
8647,3412.3799,2719.6929,692.68699,5.5126931,0.13448308
8648,783.73184,295.80038,487.93146,4.2591446,-1.1830559
8649,-1300.0223,-1556.6372,256.61489,2.1200358,0.48644075
8650,-3197.8547,-3906.8253,708.97059,6.0828473,-0.13343361
8651,-4905.9516,-4900.3608,-5.5907383,-0.04968006,1.5070466
8652,-5998.1229,-6255.048,256.92508,2.2760782,1.6271029
8653,-6927.2551,-7133.6046,206.34949,1.8514444,-0.052318529
8654,-7457.8473,-7419.0864,-38.760927,-0.34116759,-0.21456317
8655,-7791.5531,-8049.0134,257.46036,2.1886492,0.5194666
8656,-8391.7467,-8370.856,-20.890695,-0.17920842,-0.60797303
8657,-8919.0019,-9032.7217,113.71983,1.0015889,-0.24952405
8658,-9252.7076,-9335.8925,83.184879,0.73944804,1.5243727
8659,-9616.4469,-9733.405,116.95806,1.0396968,0.80662671
8660,-9633.6089,-9682.7946,49.185687,0.42851944,0.22997572
8661,-9186.4432,-9179.1478,-7.2954103,-0.063814004,-0.5177784
8662,-8793.1471,-8875.977,82.829854,0.72652012,0.55105926
8663,-8292.1117,-8248.5067,-43.605014,-0.37725906,0.90449602
8664,-7575.121,-7540.453,-34.668068,-0.31062083,-0.98842461
8665,-6551.5978,-6773.9271,222.3293,1.9715607,-0.31581718
8666,-5765.959,-5719.9539,-46.005097,-0.41215106,-0.59520899
8667,-4718.1229,-4915.5931,197.47019,1.7214844,-0.60611151
8668,-3564.9311,-3657.7044,92.773316,0.80856022,0.36326207
8669,-2350.7188,-2687.7543,337.03551,3.0152448,-0.68585941
8670,-1462.5847,-1667.1939,204.60913,1.6912712,0.60374655
8671,-269.82495,-454.51056,184.6856,1.5446436,-0.86005198
8672,745.11732,244.20729,500.91002,4.4552493,-0.67243938
8673,1306.6965,1048.0768,258.61969,2.3050163,-0.13211676
8674,2074.2197,1697.167,377.05275,3.4155878,-0.1861371
8675,2549.5121,1930.0729,619.43917,5.5246448,0.901265
8676,2714.9348,2383.1094,331.82542,2.9154184,1.3450329
8677,3062.4655,2509.881,552.58455,5.0426148,1.257449
8678,2991.4339,2485.3129,506.12103,4.579676,0.47414406
8679,3200.2384,2734.4338,465.80458,4.0552821,-0.81991843
8680,3051.5009,2551.6468,499.8541,4.3876243,-0.24548743
8681,2915.635,2436.6679,478.96706,4.1895885,-0.8285427
8682,2707.784,2275.0096,432.77439,3.8067037,0.12562011
8683,2529.9665,1979.7006,550.2659,4.8214089,0.93512882
8684,2153.3557,1654.9098,498.44589,4.4049414,2.250163
8685,2671.5531,2316.2841,355.269,3.0638254,0.80534154
8686,1746.7114,1161.0902,585.62115,5.0325349,0.29119839
8687,2901.3333,2467.6238,433.70953,3.6499525,-0.50545877
8688,2294.4655,1781.19,513.27553,4.320894,-0.027748762
8689,2442.2495,1994.4415,447.80808,3.67099,0.38556825
8690,877.64618,327.73896,549.90722,5.0236293,0.7840474
8691,2303.5233,1881.428,422.09525,3.6641656,0.59427516
8692,4086.4655,3674.4107,412.0548,3.5277521,-0.23606525
8693,3324.1862,2862.1881,461.99812,3.9190728,0.16218084
8694,1932.6331,1311.9386,620.69457,5.3802651,-0.60806457
8695,1484.514,1109.9885,374.52548,3.1337175,-1.0883529
8696,2449.8771,2043.0864,406.79072,3.5762402,-1.6579954
8697,2756.4097,2267.6392,488.77053,4.3547399,-0.2392759
8698,2799.3147,2304,495.31471,4.5311625,-0.61422125
8699,2625.7877,2262.7255,363.06218,3.2909794,-0.048487648
8700,2370.7412,1784.6296,586.1116,5.2710354,1.5551174
8701,1782.4655,1350.2649,432.20067,3.8799427,0.52728232
8702,1966.4804,1491.286,475.19446,4.3027197,2.0345381
8703,2099.486,1539.4395,560.04649,4.9208919,-0.78385753
8704,1726.2123,1231.8464,494.36584,4.2066539,-1.5070946
8705,1460.2011,1000.4146,459.78653,3.9687409,-1.1488939
8706,801.8473,246.17274,555.67456,4.8999658,-0.067743849
8707,421.42272,67.316699,354.10602,3.153404,-0.55179585
8708,497.69832,10.318618,487.37971,4.2432737,-0.004059269
8709,-453.36313,-981.7428,528.37967,4.6198548,0.75273358
8710,-747.02421,-988.13052,241.10631,2.1105592,1.9471349
8711,-901.00559,-1455.9079,554.90228,4.9138018,1.242141
8712,-1667.0987,-1947.762,280.6633,2.3940495,0.56165919
8713,-2216.7598,-2685.2975,468.53773,3.9909585,2.0261001
8714,-2948.5289,-3221.8656,273.33678,2.3753022,1.4965456
8715,-3105.3706,-3505.8733,400.50274,3.7204655,1.6201876
8716,-3359.4637,-3769.2438,409.78007,3.7670714,0.84706416
8717,-3949.6462,-4156.4376,206.79144,1.8012808,1.5880746
8718,-4044.9907,-4466.4875,421.49683,3.5622108,0.17367421
8719,-4523.1434,-4880.7063,357.56294,3.137168,0.077424362
8720,-4879.2551,-5129.3359,250.08077,2.1644016,-0.46747053
8721,-4873.5345,-5122.4568,248.92236,2.1562625,-0.7835909
8722,-4799.1657,-5155.3781,356.21238,3.2396782,-1.6512865
8723,-4971.7393,-5194.6871,222.94785,2.0868709,-0.02201296
8724,-4955.5307,-5149.4818,193.95104,1.7674883,-1.4196768
8725,-4927.8808,-5347.501,419.62014,3.8596449,0.45045441
8726,-4816.8045,-5039.9079,223.1034,2.049179,0.21755147
8727,-4714.7858,-4905.7658,190.97999,1.7379074,1.1864177
8728,-4507.8883,-4919.524,411.63572,3.76623,-0.38377037
8729,-4386.324,-4558.3724,172.04834,1.537902,-1.5696488
8730,-4236.1564,-4530.856,294.69962,2.556333,-1.8017709
8731,-3952.5065,-4318.096,365.58945,3.1921975,-1.7553367
8732,-3992.5512,-4214.9098,222.35858,1.9532335,-1.0711842
8733,-3471.0168,-3921.0749,450.0581,4.0181255,-0.26506556
8734,-3579.7095,-3945.643,365.9335,3.1938035,0.5834809
8735,-3481.0279,-3712.737,231.70911,2.0593336,0.84065748
8736,-3107.2775,-3527.4933,420.21581,3.7813487,0.53347256
8737,-3303.2104,-3589.8964,286.68592,2.611834,-0.40696114
8738,-3108.7076,-3388.4376,279.72998,2.4279766,0.97356009
8739,-3172.5885,-3507.8388,335.25032,3.0096208,1.1634508
8740,-3126.8231,-3480.3225,353.49937,3.2222818,2.4669084
8741,-3120.6257,-3500.4683,379.84263,3.558685,0.78514602
8742,-3375.6723,-3655.2476,279.57535,2.525581,0.90514312
8743,-3075.8138,-3528.9674,453.15359,3.9664659,0.84444206
8744,-3584.9534,-3989.3743,404.42084,3.5680142,0.92701815
8745,-3428.1117,-3699.9616,271.84988,2.4062097,0.025545061
8746,-3446.2272,-3798.7255,352.49834,3.1395788,-0.69184732
8747,-4022.108,-4391.8004,369.69238,3.2466527,-0.68528733
8748,-3709.378,-4070.9405,361.56247,3.0323239,-0.10907279
8749,-3797.5717,-4065.0441,267.47245,2.2621145,-0.83635719
8750,-2589.0801,-3118.6795,529.59939,3.9130348,0.35971561
8751,958.68901,440.7524,517.93661,3.5343774,0.96425492
8752,7374.8976,6653.5432,721.35439,4.3020718,0.75776591
8753,9261.7654,7986.6104,1275.155,11.387585,-0.76799214
8754,11601.996,10307.808,1294.1882,8.8999479,-1.3354479
8755,14262.585,13164.1,1098.4849,8.6586403,-1.8347049
8756,16174.242,15638.111,536.13076,4.4177151,-2.1976008
8757,14421.81,14108.008,313.80238,2.532325,-1.5763658
8758,14096.685,13321.336,775.3494,6.8065282,-1.3080028
8759,14265.445,13691.823,573.62165,5.0011801,1.3191091
8760,15414.346,14920.23,494.11604,4.3697487,1.3328508
8761,16215.717,15193.919,1021.7976,8.708042,1.7978482
8762,17009.46,16198.265,811.19509,7.0341019,0.24018372
8763,17519.553,16717.144,802.40912,6.9682147,-0.41312302
8764,16710.555,16176.645,533.91002,4.6375814,0.41927318
8765,15636.976,14990.987,645.98923,5.5632867,1.5217157
8766,13994.19,13428.944,565.24561,5.0101302,1.9924896
8767,12313.266,11948.96,364.3066,3.1021351,0.85438102
8768,10603.263,10203.639,399.62341,3.2164951,0.29156857
8769,7976.0447,7515.8848,460.15986,3.7200564,1.0073121
8770,6051.9926,5843.286,208.70656,1.7522112,0.21777398
8771,4290.5028,4114.6718,175.83101,1.454266,0.27085403
8772,1873.0428,1582.6795,290.36337,2.3270283,0.12117901
8773,-330.84544,-561.13628,230.29084,1.9693038,-1.6504602
8774,-2363.5903,-2356.0845,-7.5058636,-0.062827361,-0.86978694
8775,-3786.6071,-4074.8714,288.26432,2.4630847,-1.7527568
8776,-5156.2309,-5277.2361,121.00517,1.0844295,-0.57137913
8777,-6268.4246,-6361.6737,93.249123,0.84619223,-0.17021389
8778,-6878.1527,-7317.8656,439.71294,4.0511581,-1.0035789
8779,-7747.2179,-7933.0518,185.83395,1.601871,-1.8383927
8780,-7898.8156,-8157.6046,258.78896,2.2540301,-1.5218061
8781,-8423.2104,-8746.7486,323.53813,2.7128691,-1.8571143
8782,-8996.7076,-9082.3493,85.641693,0.74734527,-2.036052
8783,-9158.3166,-9466.595,308.27844,2.6915855,-0.94457934
8784,-9648.8641,-9886.2188,237.35475,2.1199417,-0.54881281
8785,-9616.9236,-9668.0537,51.130093,0.44834265,0.37016017
8786,-9188.8268,-9568.3071,379.48029,3.2492987,0.47213917
8787,-8949.9888,-9158.0192,208.03037,1.7338055,-0.40109719
8788,-8331.6797,-8659.286,327.60629,2.8235964,1.0700631
8789,-7897.3855,-8162.0269,264.6414,2.2534752,1.8432643
8790,-6944.4171,-7284.453,340.03584,3.0407432,1.6822254
8791,-6213.6015,-6667.3013,453.69985,4.0797807,0.72070731
8792,-5414.1378,-5717.4971,303.35932,2.6498225,0.70660145
8793,-4216.1341,-4709.2207,493.08665,4.2655243,1.0950526
8794,-3379.9628,-3875.3781,495.41536,4.4657457,-0.49976857
8795,-2467.9926,-2865.1363,397.14373,3.4644167,0.85064687
8796,-1478.7933,-2017.0441,538.25085,4.6985572,0.76138342
8797,-651.20298,-1075.1017,423.89875,3.9267244,0.53402626
8798,-126.80819,-648.59885,521.79065,4.8265957,0.88041011
8799,438.10801,53.558541,384.54947,3.460521,-0.19314328
8800,884.79702,348.86756,535.92946,4.7040367,0.24153495
8801,1007.7914,611.74664,396.04479,3.4656035,0.29314979
8802,1263.3147,876.59117,386.72354,3.4420037,0.6516451
8803,1272.8492,753.75048,519.09868,4.6344452,-0.68109607
8804,1351.5084,1039.2322,312.27613,2.672649,-1.1890211
8805,1319.0912,893.78887,425.30238,3.6101863,-1.7685457
8806,1155.5754,657.93474,497.64068,4.2568095,-2.328854
8807,1015.419,640.24568,375.17331,3.1935061,-1.636955
8808,848.08939,361.15163,486.93775,4.2366239,-0.072664511
8809,451.93296,-28.990403,480.92336,4.2292215,1.8229452
8810,1039.7318,785.68906,254.04278,2.1794058,1.5392332
8811,71.031657,-541.48177,612.51342,5.0846648,0.57112421
8812,1201.8175,983.70825,218.10925,1.8725635,0.63544828
8813,624.50652,147.90019,476.60633,3.9948361,0.69839508
8814,705.07263,358.69482,346.37781,2.8253176,1.2226289
8815,-846.1825,-1245.1132,398.93075,3.4952663,2.2866021
8816,606.86778,165.58925,441.27853,3.8099628,1.6275734
8817,2361.2067,2024.906,336.30075,2.8390568,-0.1591831
8818,1565.5568,1157.1593,408.39749,3.3824256,0.1998741
8819,124.9013,-349.85029,474.75159,4.0237599,0.89169553
8820,-271.73184,-608.79846,337.06662,2.8253455,0.63859146
8821,681.2365,298.74856,382.48794,3.2401857,-1.2267632
8822,1047.8361,522.80998,525.02615,4.6644607,-1.3743685
8823,1053.0801,658.91747,394.16261,3.5850445,-1.7054495
8824,860.48417,527.72361,332.76056,3.0585612,-0.8321544
8825,656.44693,136.59885,519.84808,4.6488905,0.3304865
8826,32.893855,-371.96161,404.85547,3.6460731,-0.15479588
8827,206.42086,-124.31478,330.73564,2.9838474,0.90882603
8828,392.34264,-105.64299,497.98564,4.517706,-0.21291743
8829,-115.36685,-402.4261,287.05925,2.5272727,-1.2363047
8830,-223.58287,-552.78311,329.20024,2.7632523,-0.87850197
8831,-969.17691,-1400.8752,431.69833,3.6684365,-1.6638664
8832,-1221.8399,-1497.6737,275.83385,2.4241165,-1.5070232
8833,-1130.3091,-1481.9501,351.64097,2.995595,-1.6197762
8834,-2039.419,-2462.7102,423.29118,3.6865843,0.91214693
8835,-2204.365,-2416.0307,211.66572,1.9358349,1.5852496
8836,-2392.1937,-2850.3954,458.20172,4.0564222,1.1650725
8837,-2960.4469,-3271.4933,311.04635,2.6774063,0.14559252
8838,-3548.2458,-3889.6276,341.38183,2.9546601,-1.1654191
8839,-4241.4004,-4492.5298,251.12938,2.1876981,0.87823537
8840,-4293.3631,-4573.6046,280.24148,2.5445284,1.1895192
8841,-4576.0596,-4968.6603,392.60068,3.5551199,1.4430579
8842,-5045.6313,-5194.1958,148.56449,1.326025,0.8635552
8843,-5134.3017,-5557.3129,423.01118,3.6791938,0.30630032
8844,-5662.987,-5937.6276,274.64067,2.4372959,0.0046092866
8845,-5904.2086,-6134.1727,229.96418,1.9805555,0.38760058
8846,-6002.4134,-6241.2898,238.87642,2.0887173,0.10234331
8847,-5810.7709,-6176.9213,366.15036,3.3513263,1.0938386
8848,-6041.5047,-6289.9347,248.43009,2.2737931,-0.50107447
8849,-6128.7449,-6267.8234,139.07854,1.2733882,-0.67348278
8850,-5895.6276,-6427.025,531.39739,4.7236236,-0.94239945
8851,-5983.3445,-6191.1708,207.82632,1.8621306,-0.0036436116
8852,-5651.5456,-5997.5739,346.02827,3.1904587,0.68012782
8853,-5648.2086,-6080.6142,432.40564,4.0031781,-0.66842223
8854,-5495.6574,-5769.5816,273.92422,2.4185683,-0.10029418
8855,-5330.7114,-5653.62,322.9086,2.835657,-0.45382271
8856,-5213.4376,-5630.0345,416.59693,3.6951455,-1.3054233
8857,-5154.324,-5343.5701,189.24604,1.6926546,-1.4656979
8858,-4797.7356,-5216.3071,418.57153,3.7368727,-1.2772134
8859,-4940.7523,-5206.4798,265.72752,2.3762839,-0.7891393
8860,-4738.622,-4973.5739,234.95192,2.1214027,-0.68896588
8861,-4538.8752,-4956.3762,417.50097,3.9286632,1.1939091
8862,-4548.8864,-4824.1996,275.31321,2.4867144,-0.15262673
8863,-4523.1434,-4841.3973,318.25392,2.8121523,-0.42090968
8864,-4589.8845,-4827.6392,237.75461,2.0785138,1.0874999
8865,-4413.0205,-4815.8464,402.82596,3.6290341,0.923074
8866,-4576.0596,-4898.8868,322.82717,2.8646705,0.78464644
8867,-4577.9665,-4915.5931,337.62661,3.0410114,0.37018247
8868,-4550.7933,-4871.8618,321.06851,2.8309311,0.74623495
8869,-4890.2197,-5257.0902,366.87047,3.2789958,-0.52405613
8870,-4725.2737,-5005.5125,280.23873,2.4169329,-1.0837541
8871,-4811.0838,-5129.8273,318.74346,2.7592558,-0.051751057
8872,-5242.5177,-5601.0441,358.52645,3.1337362,0.37809791
8873,-5117.1397,-5400.5681,283.42847,2.4798432,0.64897488
8874,-5144.3128,-5243.3321,99.019205,0.86925436,0.60720813
8875,-3903.4041,-4334.3109,430.90684,3.0984003,-0.24812526
8876,-504.37244,-403.90019,-100.47225,-0.65789131,0.079309666
8877,6554.9348,7066.7793,-511.84445,-2.7505243,-0.20768439
8878,9514.4283,9938.3033,-423.87496,-3.677944,0.32584323
8879,13165.169,13790.096,-624.92651,-4.0119709,1.1117644
8880,16380.663,16678.818,-298.15472,-2.4142119,-0.037715736
8881,18393.385,18480.154,-86.768076,-0.73110725,0.33531855
8882,16679.568,16585.459,94.109237,0.76182543,-1.5001999
8883,15747.099,15741.298,5.8011917,0.05200212,-0.74903569
8884,16032.179,16126.526,-94.347141,-0.82804705,0.29165699
8885,17221.125,17471.386,-250.26103,-2.2045483,-0.017748696
8886,18166.466,18271.324,-104.85883,-0.89504161,-0.30393472
8887,19282.473,19673.674,-391.20071,-3.4262971,0.58494581
8888,19869.795,20009.766,-139.97068,-1.2304808,-1.2185916
8889,19231.464,19451.578,-220.11405,-1.9657255,-0.70630781
8890,17900.931,17912.138,-11.207097,-0.090971675,0.84980529
8891,16087.002,15959.954,127.04793,1.072746,-0.30804889
8892,14259.724,14233.305,26.419212,0.21839827,1.0279064
8893,12053.929,11833.489,220.43979,1.7065821,0.83100392
8894,9238.8827,8973.2668,265.61589,2.0578179,0.19643438
8895,6847.1657,6657.4741,189.69165,1.5285258,-1.3573659
8896,4861.1397,4572.1305,289.00915,2.24594,0.16958216
8897,2228.6778,1823.4472,405.23062,3.2082797,0.21640762
8898,-498.17505,-836.79079,338.61574,2.8870383,-1.1047844
8899,-2543.7914,-2818.4568,274.66538,2.2953662,-0.33505972
8900,-4511.702,-5118.5259,606.82386,5.0877937,-0.12232561
8901,-6123.5009,-6460.929,337.42805,2.93463,0.65685515
8902,-7414.9423,-7646.096,231.1537,2.0238082,1.1873663
8903,-8256.3575,-8770.334,513.97643,4.6991531,0.33050372
8904,-9024.8343,-9108.8829,84.048653,0.73741654,-0.43637475
8905,-9337.5642,-9643.4856,305.92136,2.6173414,0.20638655
8906,-9841.9367,-10227.225,385.28788,3.2849791,-0.66222879
8907,-10409.713,-10615.893,206.17929,1.8287357,-0.41603034
8908,-10777.266,-11200.123,422.85655,3.7685786,-0.17823208
8909,-11160.074,-11447.278,287.20382,2.4850812,-0.14189093
8910,-11223.479,-11474.795,251.31604,2.2036325,-0.165067
8911,-10649.981,-11121.505,471.52342,4.2171668,-0.46848893
8912,-10364.901,-10532.361,167.45954,1.4787261,-0.74936293
8913,-9812.8566,-10120.599,307.74224,2.6358363,-0.91460359
8914,-9133.527,-9195.8541,62.327125,0.53841027,0.53559729
8915,-8172.9311,-8444.0691,271.138,2.4116087,0.28681464
8916,-7239.5084,-7413.19,173.68164,1.5372635,0.12542475
8917,-6334.689,-6347.9155,13.226534,0.11555038,-0.67452914
8918,-5043.7244,-5246.2802,202.55584,1.76216,0.094703503
8919,-3970.1453,-4048.8292,78.683923,0.69041957,0.067180242
8920,-3012.8864,-3033.6737,20.787298,0.17453109,0.2010846
8921,-1820.6034,-1856.3685,35.76517,0.29561356,0.072020834
8922,-780.39479,-851.53167,71.136884,0.62269937,0.082561661
8923,-254.09311,-281.0595,26.966391,0.24027693,0.79904933
8924,523.44134,637.2975,-113.85616,-1.0450209,0.36846474
8925,1025.4302,767.50864,257.92153,2.2514037,0.39924621
8926,1299.5456,1285.405,14.140633,0.12239878,1.4479836
8927,1617.0428,1521.7505,95.292351,0.8475102,0.80895551
8928,1576.0447,1414.142,161.90266,1.4668384,0.14384615
8929,1765.7803,1839.6622,-73.881927,-0.64926373,0.05596095
8930,1652.797,1509.9578,142.83925,1.2339289,0.52613865
8931,1545.5345,1487.8464,57.688002,0.50797518,-0.19739212
8932,1316.7076,1324.2226,-7.5150137,-0.066905852,-0.43890327
8933,1157.4823,1060.3608,97.121465,0.86195031,-0.30654979
8934,717.94413,659.40883,58.535305,0.51460816,0.2563528
8935,1300.9758,1339.9463,-38.970466,-0.33671874,0.31149813
8936,343.24022,120.38388,222.85635,1.9257299,0.63325658
8937,1497.3855,1563.025,-65.639477,-0.56475842,0.50454955
8938,897.19181,771.43954,125.75227,1.0869641,-0.28963768
8939,967.74674,1035.7927,-68.045965,-0.56313921,0.39812289
8940,-534.88268,-698.71785,163.83517,1.4694112,0.15644111
8941,972.03724,856.4453,115.59195,0.99075474,-0.46888613
8942,2648.1937,2690.2111,-42.017464,-0.36451705,-0.80474739
8943,1907.3669,1828.8522,78.514646,0.65099363,0.95975401
8944,457.65363,382.77159,74.882038,0.64082657,1.5660282
8945,117.75047,38.817658,78.932807,0.67038235,-0.28251241
8946,1045.9292,1116.3762,-70.446963,-0.61507869,-0.37472868
8947,1429.6909,1270.6641,159.02677,1.4210774,-0.61384858
8948,1418.2495,1402.3493,15.900206,0.14697158,-0.48320762
8949,1167.0168,1370.9021,-203.88535,-1.9275474,0.10882891
8950,1045.4525,772.42226,273.03025,2.4540602,1.0128337
8951,348.96089,382.28023,-33.319336,-0.29745068,1.2694672
8952,586.84544,568.99808,17.847357,0.15996938,0.85875993
8953,729.8622,572.92898,156.93321,1.3815592,0.1187356
8954,254.56983,316.43762,-61.867788,-0.54374293,-0.24570332
8955,138.24953,-28.007678,166.25721,1.4144556,0.51293452
8956,-597.81006,-711.49328,113.68323,0.99162906,-0.77507915
8957,-911.9702,-973.881,61.910793,0.54637401,-1.5443415
8958,-829.49721,-986.16507,156.66786,1.4020824,-1.2203507
8959,-1854.4507,-1940.8829,86.432266,0.76501033,0.21606644
8960,-2023.2104,-2111.3858,88.175368,0.79044625,1.4315234
8961,-2297.8026,-2441.5816,143.77897,1.3345651,0.88279116
8962,-2928.0298,-3046.4491,118.41934,1.0452702,0.38908531
8963,-3588.2905,-3697.9962,109.70566,0.9583387,1.1480458
8964,-4335.7914,-4339.2246,3.4331342,0.030594898,0.20493948
8965,-4407.2998,-4657.1363,249.83646,2.2900478,1.3772774
8966,-4758.6443,-4926.4031,167.75875,1.5323163,-0.29217404
8967,-5277.3184,-5330.7946,53.47619,0.48135464,-0.71317264
8968,-5474.6816,-5626.595,151.91345,1.3412177,-0.3277826
8969,-5912.7896,-6108.1305,195.34095,1.7651308,-0.16172907
8970,-6251.2626,-6349.3896,98.127065,0.84579344,-0.80561732
8971,-6246.9721,-6322.3647,75.392616,0.64194629,-1.4081262
8972,-6163.5456,-6427.025,263.47933,2.3538632,-1.4387809
8973,-6349.9441,-6416.215,66.270837,0.60910736,0.30543004
8974,-6380.9311,-6373.9578,-6.9733252,-0.064536419,0.36356098
8975,-6284.1564,-6638.8023,354.64588,3.34877,1.3692003
8976,-6240.298,-6193.1363,-47.161675,-0.43489934,1.8559877
8977,-5979.054,-6142.5259,163.47191,1.4661567,-0.19936512
8978,-5972.3799,-6056.0461,83.666177,0.75732292,-0.094229292
8979,-5782.6443,-5767.1248,-15.51956,-0.13934347,-1.0484488
8980,-5624.3724,-5698.8253,74.452896,0.64072127,0.97654877
8981,-5342.6294,-5532.7447,190.1153,1.6626249,0.24515409
8982,-5382.6741,-5347.501,-35.173156,-0.31709412,0.4847216
8983,-4955.5307,-5039.9079,84.377143,0.79597133,1.0500993
8984,-4987.4711,-5150.9559,163.48472,1.4956,1.3500525
8985,-4851.6052,-4795.7006,-55.904638,-0.49987545,0.77294433
8986,-4481.1918,-4733.2975,252.1057,2.3212925,1.0755233
8987,-4646.1378,-4665.9808,19.843004,0.18366174,0.077012972
8988,-4509.3184,-4538.2265,28.908052,0.26526231,0.27253883
8989,-4564.6182,-4601.6123,36.994035,0.33936615,1.415706
8990,-4458.3091,-4563.7774,105.46823,0.99757965,1.6065926
8991,-4495.4935,-4584.4146,88.921105,0.81531889,1.0964022
8992,-4638.987,-4715.1171,76.130118,0.68332751,-0.91753281
8993,-4547.4562,-4558.3724,10.916122,0.098153524,0.44426513
8994,-4885.4525,-5055.6315,170.17896,1.532668,0.71826131
8995,-4825.3855,-4807.4933,-17.892193,-0.15552284,-1.0634184
8996,-4791.0615,-4897.4127,106.35122,0.92228254,-0.52872216
8997,-5341.1993,-5433.4894,92.290188,0.76642874,-0.75381704
8998,-5171.486,-5133.2668,-38.219239,-0.31358894,0.38859171
8999,-5144.7896,-5182.4031,37.613499,0.33231226,0.47304368
9000,-3907.2179,-4113.6891,206.47118,1.5310965,0.60078897
9001,-306.05587,-264.35317,-41.702699,-0.27659205,0.63003095
9002,6355.1881,6564.1152,-208.92708,-1.2218237,0.72025276
9003,8309.2737,8103.5547,205.71904,1.812484,0.1618294
9004,10915.516,10486.173,429.34308,2.9912716,-0.34212839
9005,13906.473,13122.334,784.13903,6.2563214,-0.71259878
9006,16164.231,15395.869,768.36143,6.3893004,0.3593697
9007,14585.803,13689.858,895.94464,7.1297261,0.55196006
9008,13785.385,12918.91,866.47569,7.6677845,1.1804437
9009,14223.017,13435.332,787.68471,6.8840121,1.8125058
9010,15328.536,14734.987,593.54975,5.124395,1.8673061
9011,16076.037,15145.274,930.76277,8.0036844,1.7058319
9012,16942.719,16169.766,772.95297,6.5531662,0.17493536
9013,17428.499,16585.459,843.04034,7.6270361,0.46378407
9014,16863.106,15963.393,899.71267,8.1045572,-0.083343742
9015,15599.791,14586.595,1013.1964,8.8345337,0.51305683
9016,14032.804,12994.58,1038.2248,8.971186,-0.07580063
9017,12305.639,11456.123,849.51589,6.844204,-0.29817182
9018,10319.613,9511.309,808.30364,6.2671093,1.0202288
9019,7732.9162,6762.6257,970.29048,7.5481803,1.0464419
9020,5581.9441,5000.5988,581.34529,4.89024,-0.89121389
9021,3757.527,3178.6257,578.90128,4.5670449,-0.23017509
9022,1318.1378,649.58157,668.55623,5.2743973,-0.23945957
9023,-1340.5438,-1709.9424,369.39866,3.0900172,-1.1162657
9024,-3115.3818,-3443.9616,328.57986,2.7411163,0.17172491
9025,-4938.3687,-5377.9655,439.59674,3.791673,-0.69911065
9026,-6271.7616,-6438.3263,166.56466,1.4904816,1.2105148
9027,-7464.5214,-7611.7006,147.17916,1.2766117,1.388842
9028,-8428.4544,-8497.6276,69.173263,0.60734362,-0.13964345
9029,-9034.8454,-9126.0806,91.235177,0.76704224,-0.91392838
9030,-9370.4581,-9444.4837,74.025585,0.62650863,-1.0471722
9031,-9828.5885,-9954.5182,125.92978,1.0602654,-1.390121
9032,-10389.214,-10358.91,-30.304364,-0.26441088,-1.8890264
9033,-10720.06,-10771.655,51.59492,0.44750001,0.38950032
9034,-11069.02,-11114.626,45.605236,0.39556517,1.5858796
9035,-11138.622,-11003.086,-135.5356,-1.1695694,2.6771555
9036,-10631.389,-10738.242,106.85264,0.9349373,0.87207351
9037,-10350.6,-10288.645,-61.954714,-0.52993829,0.46228976
9038,-9948.7225,-9859.1939,-89.528675,-0.76022093,2.2030352
9039,-9244.6034,-9154.5797,-90.023697,-0.78424452,1.7293717
9040,-8386.5028,-8489.2745,102.77168,0.91922429,2.1526517
9041,-7498.8454,-7556.1766,57.331146,0.51440938,0.045262657
9042,-6702.7188,-6670.7409,-31.977925,-0.27613867,-0.17970638
9043,-5549.527,-5609.3973,59.870311,0.51960777,0.27023946
9044,-4492.6331,-4678.2649,185.63173,1.6674613,-1.306989
9045,-3652.1713,-3785.4587,133.28741,1.1422044,-0.1354608
9046,-2491.352,-2685.2975,193.94555,1.6308182,-0.023730339
9047,-1599.4041,-1895.1862,295.78208,2.673985,-1.3491878
9048,-1106.9497,-1336.0154,229.06563,2.047293,0.67852979
9049,-389.48231,-655.47793,265.99562,2.354155,-0.17099667
9050,15.731844,-453.52783,469.25967,4.1127417,1.2084621
9051,294.61453,-21.128599,315.74312,2.8120171,1.3138464
9052,548.70764,137.58157,411.12606,3.8144945,0.6118166
9053,410.4581,47.662188,362.79591,3.2475631,-0.44129376
9054,661.21415,388.17658,273.03757,2.3313943,-1.04922
9055,526.7784,28.990403,497.788,4.2088516,0.064624461
9056,467.18808,40.291747,426.89634,3.6676842,-1.4786987
9057,174.48045,-155.27063,329.75108,2.8693551,-1.1048826
9058,63.880819,-391.12476,455.00558,4.032,-0.47621678
9059,-300.81192,-728.19962,427.3877,3.6699934,0.26152909
9060,243.12849,-122.34933,365.47782,3.0565459,0.53739704
9061,-635.47114,-1184.1843,548.71313,4.5604315,1.176909
9062,400.92365,129.71977,271.20388,2.3215464,0.68749107
9063,-172.57356,-575.3858,402.81224,3.43614,0.41814895
9064,-60.067039,-396.52975,336.46271,2.7678542,1.1508352
9065,-1616.0894,-2047.5086,431.41925,3.86383,1.434572
9066,-26.219739,-506.10365,479.88391,4.2027748,1.6960793
9067,1533.1397,1296.215,236.92469,2.0165865,-0.093588362
9068,818.53259,388.17658,430.356,3.5683902,0.32633937
9069,-682.66667,-1100.1612,417.49456,3.620451,1.5034993
9070,-1019.2328,-1403.8234,384.59064,3.2623156,-0.062736779
9071,-43.38175,-365.5739,322.19215,2.832032,-1.3000648
9072,181.63128,-216.19962,397.8309,3.6136009,0.63581613
9073,313.2067,-89.428023,402.63473,3.7118781,-0.23091453
9074,51.962756,-150.84837,202.81112,1.8711148,-0.68126236
9075,-75.32216,-764.0691,688.74694,6.1283372,-1.4580769
9076,-680.75978,-1019.0864,338.3266,3.0781116,0.30695595
9077,-533.92924,-945.38196,411.45272,3.7641063,0.82767323
9078,-330.84544,-800.92131,470.07587,4.2580122,0.7654656
9079,-840.46182,-1149.2975,308.83568,2.6198594,-1.4632271
9080,-962.97952,-1395.9616,432.9821,3.6070277,-1.9924282
9081,-1698.5624,-2066.6718,368.1094,3.1735401,-2.7814237
9082,-2016.0596,-2306.4568,290.39722,2.6122854,-1.8762197
9083,-1896.4022,-2295.1555,398.75324,3.5293075,-0.63010172
9084,-2899.4264,-3244.9597,345.53325,3.0374953,0.75560904
9085,-3002.3985,-3352.5681,350.16963,3.1074,1.4718486
9086,-3236.4693,-3614.4645,377.99522,3.4084344,1.5540706
9087,-3892.4395,-4175.6008,283.16129,2.4469865,0.0081485286
9088,-4397.7654,-4739.6852,341.91986,3.0007458,1.2638652
9089,-5197.2291,-5376,178.77095,1.5267524,2.3257551
9090,-5151.9404,-5571.071,419.13061,3.7694029,0.52886421
9091,-5521.4004,-5779.9002,258.49982,2.3171941,0.60113028
9092,-6008.6108,-6237.3589,228.74812,2.028314,0.93113061
9093,-6149.2439,-6401.9655,252.7215,2.1886547,1.4196293
9094,-6609.7579,-6946.3954,336.63748,3.0139912,1.1632831
9095,-6900.0819,-7096.261,196.1791,1.7187484,0.47620343
9096,-6924.3948,-7120.3378,195.94303,1.6964721,-0.18610078
9097,-6889.594,-7150.3109,260.7169,2.3441518,0.077836913
9098,-7049.2961,-7207.8004,158.50429,1.4376305,-0.46097698
9099,-7137.4898,-7194.5336,57.043831,0.51890007,-0.59007611
9100,-6954.905,-7420.0691,465.16407,4.2070978,-1.3816137
9101,-6984.4618,-7054.0038,69.542014,0.63430594,-0.27887375
9102,-6704.6257,-6917.405,212.77929,1.9902091,0.73750584
9103,-6641.2216,-6935.094,293.87245,2.7604604,-0.6215375
9104,-6539.6797,-6670.7409,131.06118,1.1639066,-0.65030768
9105,-6236.9609,-6567.5547,330.59381,2.8803893,-1.92495
9106,-6189.2886,-6422.6027,233.31405,1.9842171,-2.3200037
9107,-6128.7449,-6296.3225,167.57758,1.4812206,-1.7891301
9108,-5697.7877,-6028.5298,330.74204,2.9953639,0.10555207
9109,-5858.4432,-6096.3378,237.89461,2.1726175,0.018015682
9110,-5644.8715,-5809.8733,165.00181,1.4447145,0.90276452
9111,-5356.4544,-5765.6507,409.1963,3.7137908,0.13723489
9112,-5552.8641,-5660.0077,107.14362,0.95579434,-0.81066984
9113,-5356.4544,-5628.0691,271.61472,2.4102026,-0.14071801
9114,-5539.9926,-5667.3781,127.38557,1.1292192,1.3487512
9115,-5253.959,-5665.904,411.945,3.7923966,2.1570759
9116,-5479.4488,-5693.4203,213.97156,1.9242425,2.158503
9117,-5550.0037,-5754.8407,204.83697,1.8105188,2.3850901
9118,-5405.0801,-5684.0845,279.00438,2.4760672,1.8865449
9119,-5832.2235,-6181.3436,349.12011,3.1388578,1.2773903
9120,-5525.2142,-5827.5624,302.34823,2.6611864,-0.11405976
9121,-5698.7412,-5982.833,284.09186,2.4773968,-0.26907244
9122,-6145.9069,-6510.5566,364.64973,3.3079181,0.37368756
9123,-5980.9609,-6197.5585,216.59765,1.8883049,0.38499957
9124,-6002.8901,-6214.2649,211.37474,1.8767538,-0.71465586
9125,-4724.797,-5122.9482,398.15116,2.9469251,-0.5472538
9126,-1102.6592,-1305.5509,202.89165,1.3383435,0.25728699
9127,5892.7672,6125.8196,-233.05235,-1.2612061,0.4776093
9128,8669.676,8793.9194,-124.24341,-1.0685255,-1.6572731
9129,11918.063,12457.52,-539.45684,-3.4745113,-0.36504406
9130,14705.937,15037.175,-331.23798,-2.7817821,-2.1691816
9131,15640.79,16018.426,-377.63653,-3.1582926,-2.4669896
9132,13702.912,13965.512,-262.6,-2.0878434,-3.1810285
9133,13348.231,13382.265,-34.033963,-0.2889504,-1.3155759
9134,13603.277,13802.38,-199.10257,-1.7140471,0.58013343
9135,14807.479,15060.76,-253.28149,-2.2135804,0.89044506
9136,15773.318,15964.868,-191.54913,-1.6007629,-0.054856054
9137,17036.156,17437.482,-401.32534,-3.3870131,0.52435793
9138,17195.858,17546.564,-350.70583,-2.9568021,0.21947003
9139,16396.395,16812.468,-416.07354,-3.6587688,1.7420327
9140,15165.02,15366.388,-201.36723,-1.6585949,2.7583135
9141,13345.847,13493.804,-147.95692,-1.2857902,1.3918215
9142,11431.806,11771.086,-339.28004,-2.784808,1.82663
9143,9415.27,9465.1209,-49.850903,-0.39473229,0.96185384
9144,6755.635,6705.1363,50.498733,0.39187912,1.1491912
9145,4659.486,4737.2284,-77.742373,-0.64406743,0.2949688
9146,2613.3929,2570.81,42.582943,0.33485645,-0.32295444
9147,188.3054,84.514395,103.791,0.86096121,0.75650909
9148,-2309.7207,-2479.9079,170.1872,1.4742646,-0.85571176
9149,-4272.3873,-4340.6987,68.311319,0.563335,-0.36949048
9150,-5962.3687,-6476.1612,513.79251,4.379569,-0.72012756
9151,-7474.5326,-7686.8791,212.34649,1.891729,-0.40663566
9152,-8507.1136,-8699.5777,192.46414,1.7216913,0.37991269
9153,-9336.1341,-9757.9731,421.83905,3.7869333,-0.33632226
9154,-9904.3873,-10066.549,162.16161,1.3635758,-1.0990281
9155,-10224.745,-10479.785,255.04015,2.1523987,-1.960078
9156,-10771.069,-11095.463,324.39367,2.7779242,-2.7560194
9157,-11351.717,-11447.77,96.052728,0.85261016,-2.2078418
9158,-11617.728,-11961.735,344.00701,3.0217388,-1.0157872
9159,-12037.721,-12326.818,289.09699,2.5232927,-0.5875319
9160,-11918.54,-12170.564,252.02426,2.2506214,0.51799318
9161,-11477.572,-11872.307,394.73541,3.5050152,0.12968018
9162,-11129.564,-11264,134.43575,1.123008,-0.65446363
9163,-10605.169,-10924.468,319.29887,2.7123556,-0.42029874
9164,-9984.9534,-10064.092,79.138685,0.68435582,-0.018957123
9165,-8949.9888,-9258.2572,308.26837,2.7768431,0.40265604
9166,-8161.013,-8348.2534,187.24032,1.7181423,1.2830112
9167,-7267.635,-7239.2476,-28.387409,-0.24473096,-0.33678076
9168,-6021.959,-6253.5739,231.61486,2.0230816,1.1931541
9169,-5053.7356,-5106.2418,52.506275,0.46198799,-0.23162362
9170,-4096.9534,-4146.6104,49.65692,0.41773195,-0.1958629
9171,-3019.5605,-3055.785,36.224507,0.30747331,-0.025668351
9172,-2130.9497,-2102.5413,-28.408454,-0.25262432,0.84678085
9173,-1590.3464,-1607.739,17.392595,0.15671508,1.5761697
9174,-1029.2439,-818.119,-211.12495,-1.8973364,0.86526657
9175,-435.72439,-641.71977,205.99537,1.7754808,-0.075266355
9176,-387.0987,-275.65451,-111.44419,-0.97477221,0.39644057
9177,-31.94041,28.007678,-59.948087,-0.54956643,0.61124609
9178,-82.472998,-231.92322,149.45023,1.381306,-0.1206199
9179,53.869646,207.84645,-153.9768,-1.3425871,-0.27017491
9180,37.66108,-83.53167,121.19275,1.0518414,-0.12894822
9181,-205.94413,-173.94242,-32.001716,-0.28142625,-1.3155443
9182,-397.58659,-246.66411,-150.92248,-1.3442249,-2.8178574
9183,-573.49721,-638.28023,64.783024,0.58923135,0.75074985
9184,-983.00186,-877.5739,-105.42797,-0.9494775,-0.6664276
9185,-333.22905,-292.85221,-40.376843,-0.34948079,0.096707382
9186,-1359.6127,-1423.9693,64.356627,0.56998829,0.29706892
9187,-193.54935,-39.309021,-154.24033,-1.3237864,-0.91281541
9188,-761.32588,-832.85988,71.534,0.59721218,-0.47325136
9189,-742.73371,-629.4357,-113.29801,-0.92718645,-1.1437723
9190,-2136.6704,-2243.5624,106.89199,0.9501486,-0.25018212
9191,-746.07076,-710.51056,-35.560207,-0.30769251,0.053013896
9192,1015.8957,1112.9367,-97.040943,-0.83210521,-0.34639029
9193,180.67784,174.43378,6.2440587,0.050701212,-0.38069729
9194,-1250.4432,-1294.2495,43.806317,0.36689349,-0.16957747
9195,-1517.8845,-1525.19,7.3054754,0.061253706,-0.93700682
9196,-653.10987,-564.57582,-88.534054,-0.77895698,-1.640721
9197,-292.70764,-268.28407,-24.423566,-0.22426376,-0.6102883
9198,-269.82495,-280.56814,10.743185,0.09906777,-0.27451499
9199,-489.59404,-252.56046,-237.03358,-2.1295899,0.18192664
9200,-631.18063,-832.36852,201.18789,1.7183539,-0.52077366
9201,-1371.5307,-1237.2514,-134.27929,-1.1786397,-0.085508717
9202,-1138.4134,-1016.1382,-122.27521,-1.1063968,-0.26452191
9203,-994.91993,-1055.4472,60.527291,0.55367165,0.68627565
9204,-1474.0261,-1339.9463,-134.07981,-1.1762917,0.49859421
9205,-1549.825,-1591.524,41.699039,0.35218217,0.58389286
9206,-2375.0317,-2338.3954,-36.636264,-0.32382736,-1.0738316
9207,-2589.0801,-2527.0787,-62.00138,-0.56851327,-2.369841
9208,-2544.7449,-2622.8944,78.149555,0.71214517,-1.1791435
9209,-3473.8771,-3527.9846,54.10755,0.48216153,-0.39420194
9210,-3644.5438,-3634.6104,-9.933397,-0.089970559,0.13565342
9211,-3951.5531,-4009.5202,57.967081,0.52643335,-0.39381501
9212,-4515.0391,-4507.762,-7.27711,-0.063650431,0.076561642
9213,-5135.2551,-5234.4875,99.232403,0.8530309,-0.60494628
9214,-5847.9553,-5731.2553,-116.70003,-1.0351643,-0.63435544
9215,-5873.6983,-6067.8388,194.14045,1.707488,-0.18400697
9216,-6261.7505,-6268.8061,7.0556765,0.064613734,-0.47023791
9217,-6712.73,-6702.1881,-10.541882,-0.093556531,-0.91306449
9218,-6921.0577,-6997.9885,76.930756,0.67580594,-0.28093034
9219,-7293.8547,-7462.8177,168.96291,1.4846716,0.83775329
9220,-7647.1061,-7652.975,5.8689027,0.049191895,0.94293228
9221,-7660.9311,-7665.2591,4.3280184,0.036389149,-0.51493051
9222,-7515.5307,-7666.2418,150.71112,1.376981,-0.13155705
9223,-7735.2998,-7749.7735,14.473699,0.13141282,-0.23249
9224,-7677.1397,-7695.2322,18.092581,0.16293863,-0.091556958
9225,-7613.2588,-7871.1401,257.88127,2.284833,-0.091475727
9226,-7576.0745,-7548.8061,-27.268346,-0.24239552,1.085309
9227,-7320.5512,-7362.5797,42.028444,0.38406317,0.24173291
9228,-7321.9814,-7440.7063,118.72496,1.1148245,-0.14280729
9229,-7095.0615,-7009.7812,-85.280262,-0.7673456,-0.74306531
9230,-6946.8007,-7040.737,93.936299,0.8300037,0.77320608
9231,-6806.1676,-6785.7198,-20.447828,-0.18047507,0.40834887
9232,-6726.5549,-6690.8868,-35.668179,-0.31894553,-1.7199479
9233,-6408.581,-6448.1536,39.572545,0.35100704,-0.12184429
9234,-6337.5493,-6440.7831,103.23376,0.91408945,0.38168249
9235,-6331.8287,-6242.2726,-89.556125,-0.80226279,-0.2453585
9236,-5937.1024,-6061.9424,124.84,1.150568,0.68656057
9237,-6102.0484,-6086.0192,-16.029223,-0.14745726,-0.52177819
9238,-6009.0875,-5991.6775,-17.40998,-0.15707413,-1.1209356
9239,-5980.9609,-5976.4453,-4.5155963,-0.041172008,-0.092153403
9240,-5961.4153,-6038.8484,77.433099,0.71455595,0.21108936
9241,-6008.6108,-6017.2284,8.6176062,0.077670094,1.1264204
9242,-6186.905,-6083.5624,-103.34265,-0.92809501,0.55661388
9243,-6026.7263,-6082.5797,55.853398,0.51131534,1.1467821
9244,-6364.2458,-6401.9655,37.719641,0.33890762,0.69095694
9245,-6259.8436,-6270.2802,10.436655,0.089746606,-0.7807973
9246,-6302.2719,-6260.9443,-41.327543,-0.35323504,-0.53093969
9247,-6840.0149,-6874.1651,34.15017,0.29035114,0.20416212
9248,-6662.6741,-6639.2937,-23.380449,-0.19508907,0.59530083
9249,-6591.6425,-6520.3839,-71.258581,-0.64004946,0.44180074
9250,-5423.1955,-5572.0537,148.85821,1.0889157,0.53229971
9251,-1712.8641,-1756.1305,43.266459,0.29332779,1.6226532
9252,4803.933,4547.5624,256.37058,1.5123912,2.2346534
9253,6715.1136,5649.1977,1065.9159,9.2905862,-0.29284948
9254,9314.2048,8141.881,1172.3238,8.0994945,-0.67256842
9255,11917.587,10743.647,1173.9398,9.241454,-1.0373523
9256,14017.073,13234.365,782.70794,6.5559598,0.092017647
9257,12175.493,11444.33,731.16335,5.8886932,0.04529811
9258,11661.587,10797.697,863.88986,7.4347518,0.45405846
9259,12043.441,11381.436,662.00564,5.7200415,1.5431238
9260,13204.737,12389.712,815.02534,7.0597842,0.57308442
9261,13892.648,12905.643,987.00505,8.6280327,0.44167077
9262,14792.223,13815.647,976.57663,8.3267127,-0.4301414
9263,15229.378,14183.678,1045.7005,8.959141,0.95243677
9264,14560.536,13741.451,819.08526,7.2825814,0.33504592
9265,13284.827,12270.802,1014.0245,8.7588807,0.7499501
9266,11691.143,10941.175,749.96873,6.4235119,-0.92972712
9267,9925.8399,9289.2131,636.6268,5.2839784,0.096279641
9268,8120.9683,7482.4722,638.49617,5.1104315,0.43067896
9269,5584.8045,4983.8925,600.91195,4.903931,0.74416286
9270,3547.2924,3164.8676,382.4248,3.1531514,-1.2001598
9271,1814.406,1536,278.40596,2.1852857,-0.38533601
9272,-665.98138,-1046.6027,380.62131,2.9683988,0.27681616
9273,-3041.4898,-3248.8906,207.40084,1.7927571,-0.26416321
9274,-4895.9404,-4843.3628,-52.577646,-0.45230733,-0.3702073
9275,-6515.3669,-6783.7543,268.38747,2.3918077,-0.74114787
9276,-7948.3948,-7680,-268.39479,-2.3814039,0.82670293
9277,-9002.4283,-8967.3704,-35.057864,-0.31010639,0.544332
9278,-9873.8771,-9865.0902,-8.7868838,-0.077494124,0.34008851
9279,-10477.885,-10390.848,-87.036175,-0.75547474,0.10181605
9280,-10833.043,-10791.8,-41.242447,-0.35116976,0.38075848
9281,-11233.013,-11202.088,-30.924744,-0.26521632,-0.7400957
9282,-11836.067,-11727.355,-108.71195,-0.97785464,-0.23945989
9283,-12042.965,-12016.276,-26.688227,-0.23795323,0.44628754
9284,-12355.218,-12376.937,21.718783,0.18875599,0.49111201
9285,-12459.62,-12278.173,-181.44737,-1.5767213,0.23954641
9286,-11933.795,-11937.658,3.863191,0.03408589,-0.25117457
9287,-11683.516,-11635.962,-47.554216,-0.41567742,-0.029893126
9288,-11147.68,-11119.539,-28.140355,-0.23730662,1.2552572
9289,-10575.136,-10549.559,-25.577399,-0.22284889,0.42322218
9290,-9695.5829,-9763.3781,67.795251,0.605567,0.057654065
9291,-8872.2831,-8936.4146,64.131533,0.57090448,0.21271406
9292,-8099.0391,-8157.1132,58.074138,0.48996011,-0.54266212
9293,-6922.0112,-7095.7697,173.7585,1.4722262,0.10511989
9294,-5936.6257,-6191.1708,254.54513,2.2586196,0.23512224
9295,-5140.9758,-5357.8196,216.84379,1.8652543,0.44946371
9296,-4019.2477,-4276.3301,257.08246,2.1663784,-1.1063864
9297,-3227.4115,-3603.1631,375.7516,3.2859719,-1.2257568
9298,-2652.0074,-3049.3973,397.38986,3.5777345,0.86755173
9299,-2053.2439,-2361.4894,308.2455,2.788801,0.56667348
9300,-1597.0205,-2136.9367,539.91618,4.8865917,0.14989056
9301,-1421.5866,-1732.5451,310.95851,2.7776159,1.4552911
9302,-1181.7952,-1598.4031,416.60791,3.7228968,1.6131538
9303,-1207.0615,-1601.8426,394.78116,3.5519799,0.57315382
9304,-1064.9981,-1408.737,343.73891,3.0128729,-0.57921058
9305,-1174.6443,-1574.8177,400.17334,3.5655528,-0.11260561
9306,-1316.2309,-1680.4607,364.22974,3.245614,-0.11125563
9307,-1532.6629,-1841.1363,308.47333,2.735499,0.25854749
9308,-1655.6574,-2100.5758,444.91846,3.9560266,0.84851504
9309,-2015.1061,-2431.7543,416.64817,3.7204418,1.6255375
9310,-1490.7114,-1749.7428,259.03144,2.2694426,0.40165937
9311,-2418.4134,-2902.4798,484.06644,4.2358762,1.2984386
9312,-1283.3371,-1567.9386,284.60152,2.457701,0.0062323034
9313,-1848.73,-2282.8714,434.14142,3.7472505,-0.95654893
9314,-1808.6853,-2119.2476,310.56231,2.5016368,1.0653153
9315,-3282.2346,-3741.2361,459.00145,4.1707151,-0.13706288
9316,-1780.0819,-2128.5835,348.50156,3.0344052,0.03878205
9317,-125.85475,-453.52783,327.67308,2.8546642,-1.1668945
9318,-881.93669,-1262.8023,380.86562,3.2359712,-0.16068471
9319,-2383.6127,-2869.5585,485.94588,4.1966685,0.61374747
9320,-2670.1229,-2992.8906,322.76769,2.7385484,0.045509118
9321,-1786.2793,-2083.8695,297.59015,2.6338613,-2.6211778
9322,-1472.1192,-1904.5221,432.40289,3.8116071,-0.67029046
9323,-1413.4823,-1820.0077,406.52537,3.6542786,-0.26523103
9324,-1640.4022,-1849.4894,209.08721,1.9002637,-0.07646732
9325,-1782.9423,-2375.739,592.79669,5.3692319,0.43351848
9326,-2457.5047,-2774.2342,316.72951,2.8805105,1.3060675
9327,-2231.5382,-2604.714,373.17584,3.3523504,1.007226
9328,-2065.6387,-2530.0269,464.38814,4.1105092,-1.3280971
9329,-2533.3035,-2875.9463,342.64272,2.9340972,-1.5349469
9330,-2616.2533,-3047.9232,431.66997,3.7514662,-1.5910171
9331,-3449.0875,-3743.6929,294.60537,2.6203706,-0.57355492
9332,-3630.7188,-3948.5912,317.87236,2.902172,-1.0661173
9333,-3599.7318,-3905.3512,305.6194,2.7188097,-0.13248925
9334,-4459.7393,-4860.0691,400.32981,3.5493579,0.45289082
9335,-4654.7188,-4889.0595,234.34069,2.0863767,0.71760849
9336,-4894.987,-5180.929,285.94202,2.5342872,0.39169433
9337,-5485.6462,-5764.1766,278.5304,2.3945473,0.48341058
9338,-6046.2719,-6335.6315,289.3596,2.5316268,1.0097609
9339,-6760.879,-6888.4146,127.53563,1.1399242,1.0351882
9340,-6778.9944,-7079.5547,300.56029,2.8103145,0.60796401
9341,-7135.5829,-7321.3052,185.72231,1.6933984,0.043476049
9342,-7549.378,-7754.6871,205.30911,1.838122,0.14911376
9343,-7695.7318,-7924.2073,228.47545,2.0019486,-0.68312379
9344,-8139.0838,-8412.1305,273.04672,2.4269287,-1.267117
9345,-8410.8156,-8586.0729,175.25729,1.5254911,0.04424881
9346,-8461.3482,-8617.5202,156.17192,1.3392611,-0.61625056
9347,-8330.7263,-8618.9942,288.26798,2.605089,-1.2928046
9348,-8559.5531,-8665.1823,105.62927,0.95505972,-0.13608007
9349,-8544.7747,-8675.501,130.72629,1.1582197,-1.3234429
9350,-8473.2663,-8807.1862,333.91989,2.9824056,0.050648894
9351,-8490.4283,-8547.2553,56.826973,0.51854341,0.093231919
9352,-8208.2086,-8396.4069,188.19834,1.7150771,1.6205063
9353,-8163.8734,-8438.1727,274.29937,2.4134517,-0.93729706
9354,-7996.067,-8146.3033,150.23622,1.306067,-2.1760483
9355,-7836.8417,-8094.2188,257.3771,2.2220205,-1.709523
9356,-7694.7784,-7946.81,252.03158,2.1862357,-2.1247594
9357,-7605.1546,-7826.4261,221.27154,1.9565878,-1.325846
9358,-7279.0764,-7559.6161,280.53977,2.5038677,0.33263845
9359,-7294.8082,-7633.3205,338.51234,2.9832943,0.033574458
9360,-7224.73,-7353.7351,129.00514,1.1311301,0.84714803
9361,-6909.1397,-7271.1862,362.04652,3.2225892,-0.17391221
9362,-6992.0894,-7256.9367,264.84727,2.3896362,0.12626762
9363,-6962.0559,-7111.0019,148.94605,1.2824663,1.3846966
9364,-6890.0708,-7202.3954,312.32463,2.8783823,0.70547379
9365,-6962.0559,-7154.2418,192.18598,1.7961277,1.3063025
9366,-6899.1285,-7232.8599,333.73139,3.0964173,0.14060412
9367,-7132.7225,-7337.5202,204.79762,1.8047711,0.95113758
9368,-6964.4395,-7205.3436,240.90409,2.1448541,0.85065078
9369,-7312.4469,-7704.5681,392.12121,3.4934319,0.95888125
9370,-7238.5549,-7372.4069,133.85197,1.2007014,0.52634061
9371,-7249.9963,-7499.6699,249.67359,2.2594997,-0.83211653
9372,-7720.0447,-8036.7294,316.68467,2.8498265,-0.39581306
9373,-7508.8566,-7713.4127,204.55606,1.7728202,0.50899435
9374,-7510.7635,-7720.2917,209.52825,1.8373759,-0.40009786
9375,-6329.4451,-6625.5355,296.09044,2.185746,1.040885
9376,-2594.324,-2863.1708,268.8468,1.7664122,0.65829327
9377,4462.5996,4350.0345,112.56508,0.62041172,0.26445366
9378,7302.4358,7319.3397,-16.903977,-0.14421318,-1.2131846
9379,11064.253,11231.57,-167.3168,-1.0544815,-0.58892906
9380,14099.546,14411.67,-312.12424,-2.4203735,-1.2596632
9381,16280.551,16357.466,-76.9152,-0.62872871,-1.1107629
9382,14079.047,14457.858,-378.81141,-2.8934694,-0.9018704
9383,13353.475,13653.988,-300.51362,-2.580011,0.48556918
9384,13761.073,13766.019,-4.9465682,-0.042406482,1.7161195
9385,14868.022,15338.871,-470.84905,-4.1152503,2.0703008
9386,15863.896,15970.764,-106.8682,-0.88900576,1.3312031
9387,16980.38,17311.693,-331.31301,-2.7616254,1.2498747
9388,17608.7,17889.044,-280.34396,-2.3954845,0.43055358
9389,16925.557,17235.04,-309.48351,-2.6786129,0.78643361
9390,15438.182,15838.096,-399.91347,-3.4166738,2.3716256
9391,13798.257,13904.092,-105.83515,-0.9283814,1.3540223
9392,11747.873,12080.154,-332.28018,-2.6752527,0.5642441
9393,9620.2607,9851.8234,-231.56271,-1.821703,0.76142752
9394,6802.3538,6749.8503,52.50353,0.41458104,0.49997271
9395,4363.4413,4685.144,-321.70261,-2.7202456,-0.32713896
9396,2443.203,2418.9789,24.224093,0.19193258,-0.4669673
9397,-474.81564,-386.7025,-88.113147,-0.68956531,0.064835324
9398,-2916.5885,-2969.7965,53.208091,0.45749809,-0.67398021
9399,-5133.3482,-5090.5182,-42.829997,-0.34859033,-1.1133062
9400,-7039.2849,-7234.334,195.04906,1.6291322,-1.5375405
9401,-8591.9702,-8815.5393,223.56914,1.9501871,-0.23241944
9402,-9932.0372,-10045.42,113.3831,0.9825511,0.76015467
9403,-10641.877,-11013.405,371.5279,3.3430302,-0.43144422
9404,-11526.197,-11691.486,165.28821,1.3796937,-1.6444445
9405,-11795.069,-11915.056,119.98676,0.99499828,-1.221499
9406,-12229.363,-12628.514,399.15127,3.3628819,-1.1189352
9407,-13014.048,-13048.138,34.089779,0.29288524,-1.352485
9408,-13155.158,-13504.614,349.45592,2.9935262,-0.30343971
9409,-13677.169,-14016.123,338.95338,3.0132219,-0.82358685
9410,-13682.89,-13752.752,69.862269,0.60933125,1.1199959
9411,-13118.451,-13571.931,453.48025,3.9118957,0.39730355
9412,-12941.587,-13062.879,121.29249,1.0038715,-0.20678355
9413,-12134.495,-12428.53,294.03441,2.5038103,1.4158853
9414,-11648.715,-11804.99,156.27532,1.3060316,2.1007111
9415,-10579.903,-10751.017,171.11411,1.5244763,0.98469022
9416,-9614.0633,-9964.3455,350.28217,3.0871333,0.46648824
9417,-8775.5084,-8781.144,5.635574,0.047978884,0.6585027
9418,-7267.635,-7582.2188,314.5838,2.6546279,2.1125902
9419,-6375.2104,-6539.547,164.3366,1.4759,0.19958344
9420,-5270.6443,-5303.7697,33.125353,0.28208579,-0.42988579
9421,-4101.7207,-4272.8906,171.16992,1.4717055,-0.49374005
9422,-3167.3445,-3167.3244,-0.020130318,-0.00018039314,-1.0271897
9423,-2438.4358,-2554.595,116.15926,1.0305615,0.94422017
9424,-1904.9832,-1744.3378,-160.64543,-1.4274889,-0.37186762
9425,-1269.5121,-1366.4798,96.967742,0.84770909,-0.35349394
9426,-1082.6369,-1057.904,-24.732841,-0.22131325,0.28702081
9427,-853.33333,-788.63724,-64.696097,-0.58285256,1.322878
9428,-695.53818,-772.42226,76.88409,0.68421692,-0.12889709
9429,-711.27002,-574.40307,-136.86695,-1.1859604,-0.84776567
9430,-648.81937,-632.87524,-15.944127,-0.13706674,-2.006426
9431,-829.97393,-906.07294,76.099007,0.65211678,-2.8987357
9432,-1118.3911,-953.24376,-165.1473,-1.4346582,-2.6099512
9433,-1094.5549,-1206.7869,112.23201,0.99625465,-0.60847509
9434,-1679.9702,-1680.952,0.98181051,0.0087625302,0.58700727
9435,-985.38547,-810.74856,-174.63691,-1.4733613,1.1175362
9436,-1984.1192,-2200.8138,216.69464,1.806115,0.19877452
9437,-898.14525,-688.8906,-209.25466,-1.8021565,-0.055388131
9438,-1362.473,-1463.7697,101.29668,0.86203082,-0.5852285
9439,-1487.851,-1346.8253,-141.02569,-1.1715708,0.75428074
9440,-2833.162,-2850.3954,17.233382,0.15106022,2.4618418
9441,-1413.0056,-1409.7198,-3.2858169,-0.028444784,1.3796064
9442,282.21974,417.16699,-134.94725,-1.1499069,0.73650762
9443,-452.88641,-450.57965,-2.3067514,-0.019097049,-0.17813705
9444,-2014.1527,-2058.3186,44.165918,0.37870903,1.3610393
9445,-2188.1564,-2081.904,-106.25239,-0.91225306,1.3577124
9446,-1330.0559,-1311.9386,-18.117286,-0.15979667,-0.30857093
9447,-915.78399,-965.52783,49.743846,0.44289216,-1.5424897
9448,-893.85475,-910.4952,16.640453,0.14816196,-1.5475497
9449,-1160.3426,-976.82917,-183.51347,-1.6804814,-0.67531933
9450,-1237.5717,-1400.8752,163.30355,1.4544073,0.22973312
9451,-2030.3613,-1934.0038,-96.357428,-0.86647692,-0.072716791
9452,-1748.6182,-1581.2054,-167.41288,-1.5291562,0.37442687
9453,-1595.5903,-1669.1593,73.568992,0.67046336,-0.43626855
9454,-2163.8436,-1947.2706,-216.57294,-1.9083211,-1.7365852
9455,-2203.4115,-2155.6084,-47.8031,-0.4093506,-1.9435549
9456,-3055.3147,-3048.4146,-6.900124,-0.060295577,-3.1799368
9457,-3247.9106,-3177.1516,-70.758983,-0.63645571,-2.3365727
9458,-3236.4693,-3227.2706,-9.1986403,-0.081369644,-1.9325145
9459,-4229.959,-4232.5988,2.6398167,0.023330406,0.23603159
9460,-4368.6853,-4315.6392,-53.046133,-0.47964865,0.48665775
9461,-4729.0875,-4785.382,56.294434,0.48446324,1.2130213
9462,-5255.3892,-5287.0633,31.67414,0.26339444,-0.38669378
9463,-5938.0559,-5980.3762,42.320334,0.35769901,-1.2225026
9464,-6683.1732,-6601.9501,-81.223088,-0.72295284,0.46746038
9465,-6764.216,-6816.6756,52.459609,0.47717483,2.4977596
9466,-7122.7114,-7226.4722,103.76081,0.93138586,1.5153923
9467,-7631.851,-7514.4107,-117.44028,-0.99577576,1.1561364
9468,-7802.5177,-7962.5336,160.0159,1.3360101,0.24023063
9469,-8325.0056,-8324.6679,-0.33764033,-0.0029608676,0.29500411
9470,-8602.9348,-8603.2706,0.33581031,0.0028440335,0.96390772
9471,-8713.0577,-8696.6296,-16.42817,-0.1423148,1.4575315
9472,-8515.6946,-8665.1823,149.48774,1.397186,0.38910882
9473,-8761.6834,-8786.5489,24.865518,0.22771444,-0.82792884
9474,-8764.5438,-8686.8023,-77.741458,-0.7018211,-0.30027388
9475,-8619.6201,-8908.8983,289.27816,2.5591784,-1.1229485
9476,-8630.5847,-8616.0461,-14.538665,-0.13209434,-0.68895827
9477,-8267.3222,-8350.2188,82.89665,0.77773736,-1.1462644
9478,-8288.7747,-8447.0173,158.2426,1.4410515,-1.0728142
9479,-8104.2831,-8021.4971,-82.785933,-0.71794823,-0.92201105
9480,-7900.7225,-7947.3013,46.578811,0.40573786,-0.10860439
9481,-7710.5102,-7821.0211,110.51087,0.9784837,-1.3703836
9482,-7658.0708,-7515.8848,-142.18593,-1.240905,-1.5361039
9483,-7248.5661,-7384.691,136.12487,1.1965321,-1.2497559
9484,-7295.7616,-7313.4434,17.681739,0.15734826,-0.19312839
9485,-7177.5345,-7078.0806,-99.453836,-0.89664459,-0.29060799
9486,-6846.2123,-6994.5489,148.33665,1.3473505,0.48099107
9487,-6942.0335,-6881.5355,-60.498011,-0.52511499,-1.284918
9488,-6826.6667,-6880.5528,53.886116,0.46512214,-1.5707893
9489,-6892.9311,-6779.3321,-113.59904,-0.96549638,-0.16448154
9490,-6784.7151,-6852.0537,67.338659,0.60931515,0.78692346
9491,-6840.0149,-6877.1132,37.098346,0.33849558,0.69532612
9492,-6940.6034,-6863.8464,-76.756903,-0.677379,0.34784597
9493,-6808.0745,-6903.6468,95.572345,0.81184729,0.027925663
9494,-7217.5791,-7217.1363,-0.442867,-0.0038766221,-1.1177077
9495,-7045.4823,-7051.547,6.0647158,0.05244079,-1.1622216
9496,-7124.1415,-7113.9501,-10.191431,-0.089682512,-0.50166335
9497,-7639.9553,-7601.8733,-38.081987,-0.33278883,0.24513945
9498,-7422.0931,-7469.2054,47.112264,0.40280779,0.31991763
9499,-7500.2756,-7255.9539,-244.32167,-2.121265,-0.2378428
9500,-6180.7076,-6397.5432,216.83555,1.5432614,-0.49594234
9501,-2547.1285,-2604.714,57.58552,0.37522705,0.99880035
9502,4201.8324,3979.0557,222.77674,1.314457,0.98027032
9503,5671.568,5453.6353,217.93265,1.9679886,-0.31279586
9504,7989.3929,8368.8906,-379.49767,-2.5866839,0.10770463
9505,10893.587,10929.382,-35.795366,-0.28051721,-0.02382865
9506,13157.542,12962.15,195.39219,1.6300722,-0.98834437
9507,11286.883,11141.651,145.23201,1.169411,-0.84078158
9508,10577.043,10524.99,52.052427,0.45244409,-0.90134128
9509,11111.449,11035.025,76.423838,0.64490816,0.84879659
9510,12307.546,12081.628,225.91798,1.9640948,0.6789568
9511,12856.253,12755.777,100.47591,0.86326896,-1.2038535
9512,13727.702,13852.499,-124.79699,-1.0593761,-1.4186986
9513,14319.791,14103.094,216.69738,1.8341979,-1.4300092
9514,13552.745,13603.378,-50.63324,-0.44578252,-0.49105212
9515,12305.639,12144.031,161.60802,1.3389724,0.15573356
9516,10623.285,10663.063,-39.778424,-0.33601917,-1.5497623
9517,9069.1695,8982.6027,86.566773,0.7062943,1.1452157
9518,7135.1061,7068.2534,66.852786,0.52639962,0.27432533
9519,4526.4804,4515.6238,10.856647,0.086963242,0.220875
9520,2645.8101,2615.0326,30.777426,0.25153015,-0.68502185
9521,849.04283,822.54127,26.501564,0.20759416,-0.40686567
9522,-1545.5345,-1722.2265,176.69204,1.3952547,0.20171138
9523,-3989.6909,-3951.5393,-38.151528,-0.33228629,-1.3438832
9524,-5791.2253,-5646.2495,-144.97581,-1.2672594,0.35794302
9525,-7370.6071,-7656.906,286.29887,2.4256379,-0.1281632
9526,-8781.7058,-8709.8964,-71.80942,-0.62190082,0.056083552
9527,-9856.2384,-9838.5566,-17.681739,-0.15519794,0.45220917
9528,-10676.201,-10835.04,158.83919,1.4471225,-0.22718692
9529,-11499.024,-11290.534,-208.49062,-1.8174046,0.31843912
9530,-11647.285,-11682.641,35.356159,0.29789573,-0.27374408
9531,-12203.62,-12251.148,47.527681,0.39690214,-1.9680432
9532,-12677.482,-12592.645,-84.837395,-0.74605795,-1.1110901
9533,-13026.92,-13037.328,10.408289,0.092164152,-0.95210163
9534,-13353.475,-13386.687,33.21228,0.28086574,-0.1438059
9535,-13378.741,-13272.2,-106.54154,-0.93834494,0.14635661
9536,-12917.274,-13040.276,123.00265,1.1208268,-1.3204032
9537,-12562.592,-12562.672,0.079606258,0.00070279605,-0.59431833
9538,-12103.508,-12143.048,39.539605,0.34024098,-0.70051962
9539,-11507.605,-11431.555,-76.050512,-0.66087418,1.4910795
9540,-10606.123,-10704.829,98.70627,0.88486917,0.6578981
9541,-9790.4507,-9862.142,71.691383,0.64750609,-0.0082468976
9542,-8959.5233,-8925.1132,-34.410034,-0.30520882,-0.61140168
9543,-7849.2365,-7896.691,47.45448,0.42224374,0.7635908
9544,-6897.6983,-6941.4818,43.783442,0.39302915,0.035739076
9545,-6064.8641,-6000.0307,-64.833349,-0.54926761,-0.034166766
9546,-5020.365,-5050.7179,30.35286,0.25133973,0.20392017
9547,-4089.8026,-4133.3436,43.540963,0.38786613,0.14207491
9548,-3674.5773,-3691.6084,17.031164,0.15472692,0.72282147
9549,-3039.1061,-2936.3839,-102.72227,-0.94621773,1.4741856
9550,-2556.1862,-2749.1747,192.98844,1.7033376,0.16362065
9551,-2384.5661,-2439.1248,54.558652,0.47797663,1.256725
9552,-2054.6741,-2127.1094,72.43529,0.6443377,1.0110464
9553,-2190.54,-2304,113.45996,1.0314562,-0.025035669
9554,-1993.1769,-1958.572,-34.604932,-0.31120048,-0.09139043
9555,-2105.2067,-2165.9271,60.720359,0.54482334,1.1427007
9556,-2262.0484,-2346.7486,84.700143,0.75194835,1.1069759
9557,-2431.2849,-2347.2399,-84.044993,-0.74759676,-0.79641591
9558,-2600.0447,-2736.3992,136.35454,1.2323372,0.076802177
9559,-3016.7002,-3020.4069,3.7067236,0.032837003,1.1418791
9560,-2421.2737,-2332.0077,-89.266065,-0.77311853,0.92618929
9561,-3340.8715,-3660.1612,319.28972,2.7397476,0.96494259
9562,-2230.108,-2048,-182.10801,-1.5729077,1.3837054
9563,-2869.3929,-3003.2092,133.81629,1.1791197,0.26748161
9564,-2799.3147,-2730.5029,-68.811832,-0.56351055,0.95213039
9565,-4279.0615,-4378.0422,98.980774,0.90337088,1.4442642
9566,-2677.2737,-2852.3608,175.0871,1.4955158,1.3531458
9567,-1102.1825,-984.19962,-117.98288,-1.0385367,0.32845362
9568,-1836.8119,-2044.0691,207.25718,1.7836798,1.0710656
9569,-3369.4749,-3424.3071,54.832241,0.48151888,1.8816491
9570,-3585.4302,-3643.9463,58.51609,0.49246998,-0.37807309
9571,-2734.4804,-2741.3129,6.832413,0.059798045,-0.69438819
9572,-2375.5084,-2429.7889,54.280488,0.49552756,-1.5613968
9573,-2423.6574,-2454.8484,31.191013,0.28553071,-1.2460505
9574,-2658.6816,-2434.7025,-223.97907,-2.0736396,-0.15253574
9575,-2789.7803,-3032.1996,242.41936,2.1829243,1.3290527
9576,-3407.1359,-3441.0134,33.877495,0.30591174,1.5681386
9577,-3220.2607,-3116.714,-103.5467,-0.92667341,1.249303
9578,-3004.7821,-3250.856,246.07392,2.1938423,-0.15798561
9579,-3543.4786,-3416.4453,-127.03329,-1.1053931,-0.032661474
9580,-3634.0559,-3707.8234,73.767551,0.63045474,0.77059614
9581,-4328.6406,-4494.0038,165.36324,1.4585242,-0.067291772
9582,-4621.825,-4519.5547,-102.27025,-0.93848052,-0.011075729
9583,-4515.5158,-4646.8177,131.30183,1.1880507,-0.064383064
9584,-5477.0652,-5474.7639,-2.3012614,-0.020616147,0.16657021
9585,-5577.1769,-5613.3282,36.151306,0.32145929,1.3542999
9586,-5795.9926,-5906.1804,110.18787,0.9911078,0.68828535
9587,-6437.6611,-6380.8369,-56.824228,-0.49372013,0.24630897
9588,-6978.7412,-7080.0461,101.30491,0.90443391,0.30248055
9589,-7727.1955,-7603.8388,-123.35676,-1.1076067,-0.13815233
9590,-7747.2179,-7857.382,110.16408,0.9988086,1.1535518
9591,-8066.1453,-8121.2438,55.098511,0.48071338,0.38942818
9592,-8530.9497,-8426.38,-104.56968,-0.91224506,0.90180106
9593,-8680.1639,-8791.4626,111.2987,0.97598294,0.85569076
9594,-9146.8752,-9148.1919,1.3167058,0.01170669,0.50745832
9595,-9398.5847,-9411.5624,12.97765,0.11030882,-0.3634542
9596,-9388.5736,-9424.8292,36.255618,0.30641887,-1.0463035
9597,-9311.8212,-9397.8042,85.982994,0.7695894,-0.59135189
9598,-9461.0354,-9542.2649,81.229493,0.75268091,1.3101632
9599,-9566.3911,-9383.0633,-183.32772,-1.6935434,0.087670283
9600,-9388.0968,-9706.8714,318.77457,2.8570956,1.4052813
9601,-9432.9088,-9271.0326,-161.87612,-1.4632225,2.3923409
9602,-9136.8641,-9178.6564,41.79237,0.37867111,0.76704789
9603,-9129.7132,-9212.5605,82.847239,0.76486932,-0.31223858
9604,-9003.3818,-8864.1843,-139.19749,-1.2400713,-0.83770955
9605,-8780.2756,-8915.7774,135.50175,1.1762679,0.74015
9606,-8647.7467,-8685.3282,37.581474,0.32512753,-0.1542128
9607,-8593.8771,-8557.0825,-36.794561,-0.33166317,0.76280854
9608,-8235.3818,-8324.6679,89.286196,0.81333864,0.65347781
9609,-8316.9013,-8327.6161,10.714819,0.094085283,1.4466388
9610,-8167.2104,-8163.501,-3.7094686,-0.032790996,0.98130209
9611,-7819.203,-7929.1209,109.91794,0.99693012,-0.49318178
9612,-7985.1024,-8002.334,17.231552,0.15023595,-0.98159838
9613,-7861.1546,-7873.5969,12.442367,0.10787237,0.28416185
9614,-7948.3948,-7891.7774,-56.617435,-0.50841187,0.89864896
9615,-7806.8082,-7993.9808,187.17261,1.7446668,0.92567699
9616,-7909.7803,-7839.6929,-70.087362,-0.64099769,0.1915202
9617,-8025.1471,-8104.0461,78.898952,0.69434754,-1.0732713
9618,-7913.1173,-7867.2092,-45.908105,-0.40933958,0.013447415
9619,-8307.8436,-8349.7274,41.883872,0.37395018,0.52071382
9620,-8195.8138,-8192.9827,-2.8310547,-0.024750471,0.0035254759
9621,-8183.419,-8102.0806,-81.33838,-0.71593824,0.36525118
9622,-8722.5922,-8884.3301,161.73796,1.4071533,0.56752426
9623,-8514.2644,-8387.5624,-126.70205,-1.0885806,0.59332423
9624,-8516.648,-8462.7409,-53.907162,-0.49186981,0.41887266
9625,-7121.2812,-7405.8196,284.53839,2.0878504,1.012673
9626,-3218.8305,-3363.8695,145.03894,0.95365851,1.7242018
9627,4049.2812,3689.643,359.6382,2.0016537,1.4267923
9628,6933.4525,6448.1536,485.29896,4.229629,-0.82068321
9629,10810.637,10419.347,391.28946,2.4835476,-0.32843195
9630,13686.227,13011.777,674.44984,5.5613075,-0.21428124
9631,14641.102,14142.894,498.20799,4.2071316,-0.11573102
9632,12407.181,11820.223,586.95798,4.7651971,-0.31581737
9633,12111.136,11689.52,421.61579,3.6205518,0.51875046
9634,12503.955,11740.131,763.82479,6.4967487,0.98005812
9635,13426.413,12948.392,478.02185,4.0269643,1.7625834
9636,14765.527,14104.077,661.45023,5.4918383,2.4661164
9637,15995.948,15314.303,681.6446,5.8191913,1.0483946
9638,16210.95,15703.463,507.48715,4.4671577,-0.052843638
9639,15391.464,14747.762,643.70169,5.7062545,0.85459147
9640,14007.061,13408.307,598.75435,5.1045784,1.6075994
9641,12282.756,11602.549,680.20711,5.7969155,0.10912841
9642,10128.924,9602.7025,526.22115,4.2846605,-0.75192832
9643,7970.324,7621.5278,348.79619,2.766511,-0.1754534
9644,5242.5177,4642.8868,599.63093,4.7438364,0.02304923
9645,2950.9125,2755.071,195.84146,1.6201639,-0.74061014
9646,832.35754,568.50672,263.85082,2.0395318,0.53573716
9647,-1805.825,-2142.833,337.00806,2.6634019,-0.10612931
9648,-4411.1136,-4373.62,-37.493632,-0.31928159,-0.68775936
9649,-6455.7765,-6579.8388,124.06224,1.0644834,-0.45268569
9650,-8451.3371,-8585.5816,134.24452,1.1705352,-1.0301327
9651,-9837.1695,-9862.6334,25.463937,0.22315393,0.88726233
9652,-11112.402,-11131.332,18.929819,0.16352939,1.2675444
9653,-11898.518,-11860.514,-38.003295,-0.3307261,-0.3595752
9654,-12468.201,-12543.509,75.30752,0.63598686,-1.3937714
9655,-12808.104,-12680.599,-127.50543,-1.0629557,-1.5915086
9656,-13311.047,-13470.71,159.66362,1.3509439,-2.5843828
9657,-13968.924,-13790.587,-178.33632,-1.5380717,-1.6032984
9658,-14220.156,-14134.541,-85.615158,-0.75014596,0.55715748
9659,-14637.289,-14740.392,103.10291,0.91033671,0.036922507
9660,-14635.858,-14360.077,-275.7817,-2.4087368,1.9886918
9661,-14017.549,-14180.729,163.18002,1.4601328,1.1245788
9662,-13719.598,-13621.067,-98.530587,-0.858201,0.76046288
9663,-13150.391,-13065.336,-85.055169,-0.72767951,2.3206298
9664,-12431.97,-12421.159,-10.810896,-0.092446172,1.4449808
9665,-11499.978,-11497.397,-2.5803408,-0.022878685,2.1771372
9666,-10473.594,-10590.342,116.74761,1.0550066,0.98885254
9667,-9618.3538,-9575.6775,-42.676274,-0.37475048,0.075935574
9668,-8272.0894,-8336.4607,64.371267,0.55036062,0.82747207
9669,-7157.5121,-7464.7831,307.27101,2.7244367,-0.49278205
9670,-6233.1471,-6291.4088,58.261716,0.50673677,-0.43549731
9671,-4970.3091,-5221.7121,251.40297,2.1330146,-0.30723511
9672,-4052.6182,-4313.1823,260.56409,2.3122164,-0.88003761
9673,-3481.5047,-3652.2994,170.79477,1.4785334,0.63761999
9674,-2831.7318,-3003.2092,171.47737,1.5342061,-0.076526351
9675,-2332.1266,-2644.5144,312.38777,2.8422669,0.26175783
9676,-2129.9963,-2380.1612,250.16495,2.252069,0.37415737
9677,-1861.1248,-2069.1286,208.00383,1.8902886,-0.55991671
9678,-1902.5996,-2187.0557,284.45603,2.5787528,-1.4858522
9679,-1757.1993,-1947.762,190.56274,1.6373707,-0.73962202
9680,-1836.8119,-2139.3935,302.58156,2.5616258,-1.3399257
9681,-1956.946,-2294.1727,337.22675,2.9031778,-2.650088
9682,-2246.3166,-2385.0749,138.75828,1.1978144,-1.8064917
9683,-2374.5549,-2632.2303,257.67539,2.3611834,-0.55666094
9684,-2788.3501,-3131.4549,343.1048,3.045418,1.516578
9685,-2208.1788,-2341.8349,133.65616,1.1190962,0.60792857
9686,-3131.1136,-3583.5086,452.39504,3.7638222,1.0049718
9687,-1982.2123,-2151.1862,168.97389,1.4511059,0.62044962
9688,-2621.4972,-2875.9463,254.44905,2.2242953,1.5874455
9689,-2509.4674,-2754.5797,245.11224,2.0477865,2.4920017
9690,-4014.4804,-4286.1574,271.67694,2.4718804,2.3488305
9691,-2448.4469,-2763.9155,315.46862,2.7305831,1.4228809
9692,-803.27747,-953.73512,150.45766,1.2949319,0.35646737
9693,-1681.8771,-1938.9175,257.04037,2.1744012,0.81532813
9694,-3128.73,-3438.0653,309.33528,2.6548283,1.6462156
9695,-3310.838,-3596.2841,285.44608,2.4461276,-0.081598845
9696,-2493.7356,-2665.643,171.90743,1.5281377,-0.68154759
9697,-2080.8939,-2407.1862,326.29233,3.0163148,-0.1224406
9698,-2117.6015,-2360.0154,242.41387,2.1595864,-1.085531
9699,-2266.8156,-2423.4012,156.58551,1.3941671,-0.23356099
9700,-2433.1918,-2950.6334,517.44159,4.6143435,-0.43738057
9701,-3093.9292,-3322.1036,228.17441,2.0799552,0.076647892
9702,-2860.8119,-3118.6795,257.86754,2.3792528,-0.12009828
9703,-2780.2458,-3081.3359,301.09008,2.7098932,0.0029296795
9704,-3228.8417,-3421.8503,193.00857,1.6508919,-1.157051
9705,-3373.2886,-3609.5509,236.26222,2.0006391,-1.3233922
9706,-4163.6946,-4430.618,266.92344,2.3175627,-2.8385855
9707,-4396.3352,-4573.6046,177.26941,1.612339,-2.0841616
9708,-4458.3091,-4661.0672,202.75805,1.8083485,-1.3707835
9709,-5364.0819,-5604.975,240.89311,2.1151616,1.2893965
9710,-5563.8287,-5760.737,196.90837,1.7633194,1.2852809
9711,-5859.8734,-6096.3378,236.46444,2.0612266,1.1162711
9712,-6430.987,-6618.1651,187.1781,1.5685474,-0.40723376
9713,-7150.838,-7301.6507,150.81268,1.3248803,0.64937786
9714,-7792.9832,-7887.3551,94.371846,0.81168411,1.8394432
9715,-7903.5829,-8181.19,277.60715,2.4890685,1.6235998
9716,-8241.5791,-8430.3109,188.7318,1.6777917,1.2995582
9717,-8681.1173,-8826.3493,145.23201,1.3068145,0.3022897
9718,-8983.8361,-9070.5566,86.720495,0.77264747,0.76174999
9719,-9320.879,-9572.7294,251.85041,2.2235396,1.1854188
9720,-9724.1862,-9738.3186,14.132398,0.12423416,0.95719759
9721,-9688.9088,-9785.9808,97.072054,0.85302443,-0.0026966372
9722,-9615.4935,-9799.2476,183.75412,1.7108148,1.2477962
9723,-9870.0633,-9874.4261,4.3627889,0.039688127,0.020402526
9724,-9800.4618,-9838.0653,37.603434,0.33266081,0.0089940585
9725,-9685.095,-10056.23,371.13535,3.2392745,-0.98596602
9726,-9634.0857,-9685.7428,51.657141,0.4641449,0.50400852
9727,-9351.3892,-9508.8522,157.46301,1.4523364,0.77771035
9728,-9376.6555,-9536.8599,160.20439,1.4364206,-0.50970807
9729,-9091.0987,-9181.1132,90.014547,0.7864591,-0.96212971
9730,-8929.9665,-9151.1401,221.17363,1.8945731,-1.4956309
9731,-8747.8585,-8928.0614,180.20295,1.5488491,-1.5451893
9732,-8688.7449,-8745.7658,57.020956,0.49370012,0.075041074
9733,-8355.9926,-8525.144,169.1514,1.510689,1.0601389
9734,-8279.2402,-8546.2726,267.03233,2.4652767,0.064985541
9735,-8242.0559,-8248.0154,5.9594892,0.052961983,1.5070226
9736,-7817.2961,-8168.906,351.60986,3.1213097,0.40604226
9737,-8015.6127,-8085.3743,69.761617,0.60167341,-0.50718136
9738,-7925.9888,-8066.2111,140.22231,1.2056114,-0.12324839
9739,-7931.2328,-8062.7716,131.53882,1.1552091,0.97718154
9740,-7866.8752,-8083.9002,217.02496,1.9866918,1.7799779
9741,-7893.095,-8080.952,187.85704,1.7135853,0.87243892
9742,-8054.7039,-8169.8887,115.18477,1.0336646,0.8483575
9743,-7947.4413,-8142.8637,195.42238,1.7451544,1.3547936
9744,-8239.1955,-8527.6008,288.40524,2.5703904,0.42522381
9745,-8133.8399,-8317.2975,183.45765,1.6091863,-0.69337981
9746,-8182.9423,-8361.5202,178.57788,1.5665013,-0.44643176
9747,-8720.6853,-8915.7774,195.09206,1.7672576,0.16271047
9748,-8547.635,-8682.38,134.74503,1.1679938,0.99406115
9749,-8522.8454,-8594.4261,71.580666,0.61235272,0.7068694
9750,-7316.2607,-7511.9539,195.69323,1.4031962,-0.56532921
9751,-3677.4376,-3655.739,-21.698653,-0.1467299,-0.49512303
9752,2711.5978,2995.3474,-283.74964,-1.6723351,1.1813984
9753,4406.8231,4263.0633,143.75975,1.2583717,-0.26952897
9754,6986.3687,6828.9597,157.40902,1.0478831,1.3149787
9755,10211.397,9551.6008,659.79588,4.996303,0.29209475
9756,12710.853,12253.113,457.73964,3.7760992,-1.2788664
9757,10852.112,10725.466,126.64532,1.0134163,-0.49109229
9758,10280.045,9760.4299,519.61475,4.4503596,0.18787384
9759,10619.948,10216.415,403.53327,3.382247,0.37388168
9760,11783.151,11633.996,149.15468,1.2706442,0.40092379
9761,12406.227,11981.39,424.83755,3.6519356,0.24574529
9762,13251.456,12903.186,348.27006,2.9412527,0.78603196
9763,13890.264,13380.791,509.47365,4.2627914,0.063315092
9764,13261.944,12975.908,286.03626,2.5119169,0.80891317
9765,12018.652,11508.699,509.95311,4.2055254,1.1175791
9766,10501.244,9913.2438,588.00019,5.1814124,1.5998532
9767,8692.5587,8454.8791,237.67958,1.9835039,0.46390533
9768,6881.9665,6439.8004,442.1661,3.5461388,1.0747096
9769,4155.1136,3711.263,443.85064,3.5221024,1.6899782
9770,2240.1192,1869.144,370.97523,3.0458889,0.73538517
9771,322.74115,30.955854,291.7853,2.3214577,0.92414021
9772,-2212.946,-2541.3282,328.38222,2.6897713,0.040606471
9773,-4637.5568,-4982.9098,345.35299,3.0123374,-1.5192578
9774,-6550.6443,-6702.1881,151.54378,1.3218615,-0.085483185
9775,-8137.6536,-8577.2284,439.57478,3.7907735,0.10494249
9776,-9602.622,-9778.119,175.49703,1.5586347,0.48695865
9777,-10856.402,-10928.891,72.48836,0.65017742,0.88545918
9778,-11710.212,-11975.002,264.78963,2.4603823,0.53715781
9779,-12524.454,-12540.56,16.106084,0.14103874,-0.096275044
9780,-12699.412,-12885.497,186.08558,1.5860796,-0.84087774
9781,-13216.655,-13484.96,268.3042,2.2927616,-2.2807685
9782,-13858.324,-13772.407,-85.917113,-0.75953463,-2.344062
9783,-14049.49,-14339.44,289.94978,2.5700283,-0.078613059
9784,-14543.851,-14621.482,77.630742,0.66590081,0.538642
9785,-14469.482,-14493.727,24.245138,0.21383028,0.19806077
9786,-14097.162,-14315.854,218.69212,1.9254278,0.94610113
9787,-13826.384,-13769.95,-56.433517,-0.47423928,0.081853377
9788,-13266.235,-13460.392,194.15692,1.6471338,0.28673917
9789,-12707.516,-12664.875,-42.640589,-0.3669421,1.3758942
9790,-11683.516,-11903.754,220.23849,2.0085184,0.26357946
9791,-10919.33,-11085.635,166.30571,1.5051088,1.3677939
9792,-10073.624,-10052.791,-20.833049,-0.17812193,0.9836995
9793,-8861.3184,-9079.8925,218.57408,1.861969,1.7091507
9794,-7933.1397,-8051.4702,118.33058,1.0208964,0.32554207
9795,-6977.311,-7106.0883,128.7773,1.1185218,0.69251426
9796,-5968.0894,-6101.7428,133.65342,1.1571783,1.1906051
9797,-5068.514,-5176.9981,108.48411,1.0045539,1.5270954
9798,-4515.9926,-4730.8407,214.84814,1.9629676,0.96755746
9799,-3964.4246,-3984.952,20.527434,0.18055879,0.82908465
9800,-3296.5363,-3678.833,382.2967,3.3112009,0.53026597
9801,-3212.6331,-3366.8177,154.18451,1.38619,1.1730114
9802,-2920.4022,-3022.3724,101.97013,0.96157682,1.3337464
9803,-2908.4842,-3294.096,385.6118,3.5957542,-0.76641294
9804,-2807.419,-2888.2303,80.811332,0.72166536,-1.5109804
9805,-2779.2924,-3118.6795,339.3871,2.9909372,-1.159048
9806,-3031.9553,-3247.9079,215.95256,1.9560027,-1.6785736
9807,-3174.9721,-3267.5624,92.590313,0.84075732,-1.942833
9808,-3307.9777,-3684.238,376.26035,3.4025912,0.46380143
9809,-3747.0391,-3918.1267,171.08757,1.5488071,0.51832679
9810,-3096.7896,-3278.3724,181.58279,1.5749186,0.3415152
9811,-4119.8361,-4492.0384,372.20226,3.2565471,0.25053415
9812,-2998.5847,-3009.1056,10.520836,0.091754871,-0.70049298
9813,-3597.825,-3941.7121,343.88714,2.9919184,-0.40485534
9814,-3657.892,-3696.5221,38.63008,0.30944642,-0.083767913
9815,-4975.0764,-5304.261,329.18469,2.9105636,1.749654
9816,-3522.0261,-3715.6852,193.65915,1.6608395,2.3988971
9817,-1847.2998,-1920.2457,72.945868,0.63310906,0.8720957
9818,-2674.8901,-2995.3474,320.45728,2.6604329,1.4810323
9819,-4136.0447,-4401.6276,265.58295,2.2564815,0.34947843
9820,-4336.2682,-4580.4837,244.21553,2.0569187,-0.79292011
9821,-3482.9348,-3687.6775,204.74272,1.7977713,-1.2787432
9822,-3131.5903,-3333.8964,202.30604,1.8660884,-0.51972167
9823,-3152.5661,-3418.9021,266.336,2.4948555,1.4466262
9824,-3367.568,-3314.2418,-53.326128,-0.48133368,0.72931342
9825,-3498.1899,-3983.9693,485.77935,4.2819266,0.23571761
9826,-4181.8101,-4293.0365,111.22641,0.99484142,-0.85710926
9827,-3930.5773,-4051.7774,121.20007,1.1084271,0.75416771
9828,-3803.7691,-4133.3436,329.57448,3.0529619,-0.11518698
9829,-4217.5642,-4328.906,111.3417,0.98030913,-0.53970375
9830,-4374.8827,-4622.7409,247.8582,2.108185,0.29051449
9831,-5116.6629,-5356.3455,239.68255,2.1228357,-0.81693782
9832,-5352.1639,-5453.6353,101.47144,0.93220344,-1.2264787
9833,-5326.8976,-5580.4069,253.50933,2.2866152,-1.8009897
9834,-6157.3482,-6420.6372,263.28901,2.3903545,-0.13593588
9835,-6356.1415,-6519.4012,163.25962,1.5204281,0.55735454
9836,-6573.527,-6818.1497,244.62271,2.2683829,0.36045475
9837,-7187.0689,-7355.2092,168.14031,1.4853223,0.46053533
9838,-7774.3911,-8057.858,283.4669,2.4546737,-0.40987521
9839,-8467.5456,-8491.2399,23.694299,0.21749592,0.23797506
9840,-8515.2179,-8835.6852,320.46734,2.8945976,0.29619273
9841,-8925.1993,-9021.9117,96.712453,0.87108538,0.52414713
9842,-9326.1229,-9422.8637,96.740819,0.85268543,0.41996761
9843,-9619.784,-9775.6622,155.8782,1.3734057,0.10571336
9844,-9931.5605,-10151.063,219.50282,1.9240641,0.37708519
9845,-10297.683,-10426.718,129.03442,1.0735702,-0.5389514
9846,-10316.752,-10398.219,81.466482,0.68478571,-1.1961862
9847,-10219.978,-10387.9,167.92254,1.4919261,0.40261206
9848,-10419.724,-10580.023,160.29864,1.4342747,0.26821865
9849,-10379.203,-10422.296,43.092606,0.38479901,-1.2851848
9850,-10331.054,-10724.484,393.42968,3.3608782,-0.45480842
9851,-10304.358,-10296.015,-8.3421868,-0.072853345,0.5613814
9852,-10047.881,-10177.106,129.22475,1.171825,0.81169675
9853,-10011.65,-10274.887,263.23685,2.4221592,0.37716354
9854,-9832.879,-9811.0403,-21.83865,-0.19206201,1.0369276
9855,-9657.9218,-9920.6142,262.69242,2.2724042,0.53273912
9856,-9523.0093,-9602.7025,79.693184,0.680985,0.10677072
9857,-9466.7561,-9554.0576,87.301529,0.77429569,-0.64933681
9858,-9154.5028,-9296.5835,142.0807,1.2672098,0.65198937
9859,-9113.0279,-9292.6526,179.62466,1.5754202,0.98918431
9860,-9062.9721,-9127.0633,64.091273,0.56825575,-0.74223175
9861,-8687.7914,-8909.881,222.08956,2.0167241,0.37044364
9862,-8833.1918,-8965.405,132.21318,1.1773155,-0.10804159
9863,-8715.9181,-8851.4088,135.49077,1.1985093,-0.41064124
9864,-8704,-8857.3052,153.30518,1.376447,-0.47944893
9865,-8655.3743,-8916.2687,260.89441,2.382969,-1.461714
9866,-8697.3259,-8850.4261,153.10022,1.3640053,0.13351566
9867,-8869.4227,-9014.0499,144.62719,1.2530504,0.35864016
9868,-8730.2197,-8873.0288,142.80905,1.2743289,0.91803094
9869,-9061.5419,-9276.929,215.38708,1.9079343,-0.50846548
9870,-8974.7784,-9130.5029,155.72448,1.3301619,-1.7231738
9871,-9041.5196,-9058.7639,17.244362,0.14731953,-2.2423132
9872,-9510.1378,-9749.1286,238.9908,2.0515692,-0.63969243
9873,-9354.2495,-9431.7083,77.458719,0.67048549,1.0113699
9874,-9255.0912,-9371.2706,116.17939,1.0378717,1.5366534
9875,-8087.121,-8346.2879,259.16687,1.8858837,1.6262463
9876,-4358.6741,-4237.0211,-121.653,-0.78887722,0.25981201
9877,2626.7412,2811.0864,-184.34522,-1.0195207,1.4883976
9878,5568.1192,5392.215,175.90421,1.5120325,0.5765049
9879,9493.4525,9355.547,137.90549,0.87041167,0.15709598
9880,12382.391,12346.472,35.918893,0.28135103,-0.15863659
9881,14331.709,14444.1,-112.39031,-0.95020281,0.054221119
9882,12325.661,12326.326,-0.66521551,-0.00539065,-1.1171285
9883,11695.434,11672.322,23.111435,0.20205823,1.1609308
9884,11925.214,12023.647,-98.43268,-0.84463834,1.4874493
9885,13120.358,13199.478,-79.120385,-0.68547123,1.130944
9886,14169.147,14149.774,19.373601,0.16318567,0.5982084
9887,15261.795,15324.622,-62.826723,-0.54291918,0.43459065
9888,15730.89,15810.58,-79.689524,-0.70284284,0.59633079
9889,15191.717,15216.031,-24.313764,-0.21876148,0.39739608
9890,13663.345,13666.764,-3.419409,-0.028564699,0.11063581
9891,12018.652,11986.795,31.857143,0.27369128,-1.1249357
9892,9903.9106,9977.1209,-73.210307,-0.59559815,-0.79166161
9893,7864.0149,7769.428,94.586875,0.74564422,-0.20564315
9894,5075.6648,4877.2668,198.39801,1.5593252,0.78002073
9895,2660.1117,2659.2553,0.85645353,0.0068799626,-1.3218455
9896,605.43762,595.04031,10.397309,0.080433273,0.066427339
9897,-2156.216,-2344.7831,188.56709,1.4691879,0.46927334
9898,-4714.3091,-4824.691,110.38185,0.95404204,0.83919751
9899,-6913.9069,-6874.6564,-39.25046,-0.33913074,0.30863436
9900,-8787.9032,-9147.7006,359.79741,3.1093882,0.28066789
9901,-10435.456,-10417.873,-17.582918,-0.15346098,1.9545613
9902,-11749.78,-11850.196,100.41552,0.87406132,1.6406323
9903,-12624.089,-12833.904,209.81465,1.8708127,-1.0014601
9904,-13291.024,-13373.912,82.8875,0.74026305,0.089505313
9905,-13649.996,-13831.37,181.37417,1.5648519,0.64570404
9906,-14197.75,-14320.276,122.52593,1.0476543,-0.46200649
9907,-14837.989,-14893.205,55.216547,0.49184108,-0.42383875
9908,-15097.326,-15296.614,199.28832,1.7767804,0.44495742
9909,-15498.25,-15721.643,223.39346,1.9762833,0.29739238
9910,-15547.352,-15615.017,67.665319,0.5969709,0.45077131
9911,-14991.017,-15223.893,232.87575,2.120281,0.18604824
9912,-14727.866,-14843.086,115.22045,1.0382866,0.17062929
9913,-14049.966,-14208.246,158.2792,1.3225133,1.5053756
9914,-13434.041,-13471.202,37.160567,0.32038559,1.108346
9915,-12410.994,-12618.196,207.20136,1.8655771,1.1212058
9916,-11511.419,-11566.679,55.260468,0.49052861,0.2950527
9917,-10603.263,-10602.134,-1.1282128,-0.0095814809,0.71709442
9918,-9260.8119,-9345.2284,84.416489,0.71409287,0.98152739
9919,-8132.4097,-8266.6871,134.27746,1.1600176,0.74211873
9920,-7153.6983,-7166.0345,12.336225,0.10344776,0.26037127
9921,-5928.0447,-5949.4203,21.375653,0.18009529,-0.75972099
9922,-4950.2868,-5072.8292,122.5424,1.0904317,-0.3912881
9923,-4267.6201,-4368.7063,101.08622,0.90352455,0.48941219
9924,-3603.0689,-3580.5605,-22.508441,-0.20744284,-0.57616279
9925,-3060.5587,-3276.4069,215.84825,1.9561938,0.55360761
9926,-2840.3128,-2812.0691,-28.243751,-0.25566975,2.5001278
9927,-2565.7207,-2612.0845,46.363783,0.41491579,2.23038
9928,-2534.257,-2639.1094,104.85242,0.93728103,-0.33588009
9929,-2436.5289,-2382.1267,-54.402185,-0.47748133,-1.3080377
9930,-2436.0521,-2547.2246,111.17243,0.98359569,-0.72781941
9931,-2681.0875,-2667.6084,-13.479078,-0.11875311,0.2377263
9932,-2896.0894,-2823.3704,-72.718944,-0.64243229,0.31182954
9933,-3007.6425,-3136.3685,128.72606,1.1480747,0.83637498
9934,-3427.1583,-3493.0979,65.939602,0.58406174,1.2544058
9935,-2861.2886,-2788.975,-72.313593,-0.62992964,-0.64364537
9936,-3826.175,-3977.0902,150.91516,1.3258922,0.62648273
9937,-2702.0633,-2634.6871,-67.376175,-0.58963737,0.13141698
9938,-3229.3184,-3352.5681,123.2497,1.070546,0.37730119
9939,-3245.527,-3221.3743,-24.152722,-0.1950218,1.7206561
9940,-4648.9981,-4806.5106,157.51242,1.410627,1.1359935
9941,-3138.7412,-3117.6967,-21.044418,-0.1805014,1.4134392
9942,-1457.3408,-1477.0365,19.695686,0.17106739,0.80609395
9943,-2385.0428,-2368.3685,-16.674308,-0.14343585,0.75459964
9944,-3817.1173,-3932.3762,115.25888,1.0163791,1.3965756
9945,-3972.5289,-3956.9443,-15.584526,-0.1321716,-0.18482157
9946,-3229.7952,-3132.4376,-97.357538,-0.84796383,-1.4002042
9947,-2762.6071,-2840.0768,77.469699,0.68648823,-0.067814442
9948,-2771.6648,-2842.5336,70.868785,0.62978377,-0.58562908
9949,-2998.108,-2831.7236,-166.3844,-1.5145196,0.32362077
9950,-3109.6611,-3378.119,268.45792,2.4335042,1.2816098
9951,-3868.6034,-3765.3129,-103.29049,-0.95760908,1.240318
9952,-3499.6201,-3537.3205,37.700426,0.34431329,1.6031076
9953,-3437.6462,-3534.8637,97.217541,0.86553084,0.41580369
9954,-3885.2886,-3855.2322,-30.056395,-0.25863662,-1.1382421
9955,-3984.4469,-4097.9655,113.51852,0.97070485,-1.5248809
9956,-4856.3724,-4840.4146,-15.957852,-0.14346537,0.45546933
9957,-4984.1341,-5045.3129,61.178782,0.56087009,0.19564939
9958,-5044.6778,-5067.9155,23.237707,0.20746365,1.9286301
9959,-5969.5196,-6086.5106,116.991,1.0506042,1.9417545
9960,-6190.7188,-6129.7505,-60.968328,-0.5508984,1.1106787
9961,-6522.5177,-6603.9155,81.397856,0.72659716,0.63135955
9962,-7144.1639,-7125.7428,-18.421071,-0.16218619,1.5797836
9963,-7780.1117,-7831.3397,51.227999,0.45800221,1.7662292
9964,-8517.1248,-8439.6468,-77.477934,-0.69069616,1.7319192
9965,-8562.8901,-8694.6641,131.77398,1.2418722,2.191907
9966,-9007.6723,-9062.2035,54.531202,0.49644918,1.0261662
9967,-9420.514,-9428.7601,8.2461103,0.072484146,0.94057512
9968,-9643.1434,-9778.119,134.97561,1.1751701,0.74977654
9969,-10093.646,-10214.94,121.29432,1.0924192,0.920029
9970,-10442.13,-10455.708,13.5779,0.1194633,0.98145768
9971,-10508.872,-10471.923,-36.948284,-0.32476881,0.030140673
9972,-10317.229,-10505.336,188.10684,1.7063349,-0.3879984
9973,-10630.436,-10568.722,-61.714065,-0.57031818,0.99460116
9974,-10579.426,-10528.43,-50.996501,-0.46416872,-1.1751416
9975,-10478.361,-10695.002,216.64065,1.9727528,-0.16603161
9976,-10468.35,-10385.935,-82.415352,-0.75346546,0.86095569
9977,-10188.991,-10200.2,11.208927,0.10225532,1.3628118
9978,-10116.052,-10285.205,169.15323,1.4975002,-0.28119997
9979,-9958.7337,-9845.4357,-113.29801,-0.98302185,-1.6302763
9980,-9714.175,-9810.5489,96.373898,0.82925718,-0.78782633
9981,-9629.7952,-9635.6238,5.8286421,0.050620739,-1.0772301
9982,-9452.9311,-9447.9232,-5.0078741,-0.043436115,-0.80446099
9983,-9066.3091,-9207.6468,141.33771,1.2445108,0.42761608
9984,-9094.4358,-9159.9846,65.548891,0.58470892,0.68946775
9985,-8955.2328,-8937.8887,-17.344099,-0.15426117,1.4190341
9986,-8667.2924,-8772.7908,105.49842,0.94460787,0.10919107
9987,-8695.419,-8749.6967,54.277743,0.48806709,0.10781437
9988,-8663.4786,-8604.2534,-59.225226,-0.50735395,0.94073766
9989,-8627.7244,-8652.4069,24.682515,0.22052101,0.61404332
9990,-8614.8529,-8628.3301,13.477248,0.12415087,1.4824058
9991,-8667.2924,-8663.7083,-3.5841116,-0.032795425,0.78688495
9992,-8796.9609,-8753.6276,-43.333255,-0.37692111,0.96717558
9993,-8659.6648,-8715.7927,56.127902,0.49316141,0.72219389
9994,-9025.311,-9118.7102,93.399186,0.82929009,0.76823206
9995,-8877.0503,-8863.2015,-13.848744,-0.12378241,0.28465818
9996,-8999.0912,-8985.0595,-14.031747,-0.12825086,-0.74688511
9997,-9433.8622,-9549.144,115.28176,1.0184686,-0.35088449
9998,-9235.0689,-9255.8004,20.731483,0.17595575,0.50019778
9999,-9275.5903,-9192.4146,-83.175729,-0.71692215,0.10366113
10000,-7949.825,-8042.1344,92.309404,0.67526468,0.4335643
10001,-4392.0447,-3960.3839,-431.66082,-2.9037998,-0.16935995
10002,2288.2682,2817.4741,-529.20593,-3.1673327,1.090932
10003,3746.0857,4144.1536,-398.06789,-3.5441201,-0.42120583
10004,6003.3669,6793.0902,-789.72336,-5.5137319,-1.7040801
10005,8577.6685,9324.5912,-746.92264,-5.8582385,-0.65777571
10006,10824.939,11710.157,-885.21884,-7.2087411,-1.2914485
10007,8879.9106,9834.1344,-954.22374,-7.4683398,-1.4559028
10008,8202.4879,9244.499,-1042.0111,-9.0186512,0.19719337
10009,8763.1136,9614.9866,-851.87297,-7.1311438,1.4130101
10010,9968.7449,11040.921,-1072.1764,-9.2202208,0.65726186
10011,10528.894,11470.372,-941.47851,-8.0362895,-0.2457278
10012,11406.063,12399.539,-993.47603,-8.3685219,1.1673349
10013,11925.691,12851.593,-925.90221,-7.9269527,-0.11897965
10014,11251.128,12317.482,-1066.3533,-9.1560558,0.20339829
10015,9850.5177,10817.351,-966.83356,-8.2364931,1.523646
10016,8348.8417,9257.7658,-908.92412,-8.003732,0.27167217
10017,6735.1359,7592.5374,-857.40149,-7.2328113,0.31822511
10018,4903.0912,5740.5912,-837.49992,-6.7226818,-0.43789623
10019,2402.2048,2902.4798,-500.275,-3.8966975,1.0190422
10020,375.18063,1153.7198,-778.53914,-6.4815953,0.57925067
10021,-1239.4786,-770.45681,-469.02177,-3.7447316,-0.56388244
10022,-3716.5289,-3407.1094,-309.41946,-2.4718127,-0.35892105
10023,-5986.2048,-5665.904,-320.30081,-2.6909176,-0.95122846
10024,-7801.0875,-7555.1939,-245.89367,-2.0660454,-0.50373581
10025,-9359.9702,-9379.6238,19.653596,0.1663733,-0.50147826
10026,-10616.134,-10548.576,-67.558262,-0.59000632,-0.066098398
10027,-11795.069,-11741.113,-53.955658,-0.47917615,0.45038479
10028,-12474.875,-12616.23,141.35509,1.2743329,-0.26604413
10029,-13281.966,-13298.733,16.766725,0.13963927,-2.0203576
10030,-13483.62,-13508.545,24.924994,0.20718544,-1.2139687
10031,-13934.123,-14165.988,231.86558,1.970902,-1.867395
10032,-14578.175,-14584.63,6.454512,0.056482235,-1.7240647
10033,-14730.726,-14886.818,156.0914,1.3458784,-1.4381197
10034,-15154.533,-15439.601,285.06818,2.4827692,0.025607405
10035,-15209.832,-15063.217,-146.61551,-1.2870139,1.4395596
10036,-14673.996,-14978.702,304.70622,2.6596115,1.5546806
10037,-14504.283,-14497.658,-6.6247047,-0.055376876,-0.43602811
10038,-13839.732,-13930.626,90.893876,0.77262197,1.3980257
10039,-13408.775,-13439.754,30.979645,0.26053215,1.3889091
10040,-12450.562,-12423.616,-26.946261,-0.24054726,1.8507746
10041,-11613.914,-11756.837,142.92251,1.2894769,1.0629193
10042,-10856.402,-10706.303,-150.09897,-1.3228386,0.54558182
10043,-9611.6797,-9599.263,-12.416746,-0.10522988,0.89935429
10044,-8763.5903,-8729.0595,-34.530816,-0.30359676,-0.7336066
10045,-7929.8026,-7548.8061,-380.99647,-3.29879,0.84552356
10046,-6861.9441,-6714.9635,-146.9806,-1.2842817,1.1599446
10047,-6074.3985,-5764.6679,-309.73056,-2.8139847,0.089797058
10048,-5535.702,-5233.9962,-301.70589,-2.6930174,-0.52173641
10049,-5007.0168,-4588.3455,-418.67127,-3.7619227,-0.80252601
10050,-4564.6182,-4248.8138,-315.80443,-2.802296,-0.68227029
10051,-4375.8361,-4024.261,-351.57509,-3.0822973,1.1551618
10052,-4184.1937,-3706.3493,-477.84434,-4.3582597,0.73965374
10053,-4139.8585,-3811.501,-328.35751,-2.9840785,-0.30030582
10054,-4099.8138,-3586.9482,-512.8656,-4.5704587,-2.338938
10055,-4162.2644,-3658.6871,-503.57729,-4.3670456,-2.6686384
10056,-4291.4562,-3975.6161,-315.84012,-2.7548678,-2.7009046
10057,-4524.5736,-3981.0211,-543.55244,-4.6978663,-3.1488384
10058,-4567.4786,-4268.4683,-299.01025,-2.6584672,-1.4474617
10059,-4997.4823,-4694.9712,-302.5111,-2.7807907,-0.39356415
10060,-4450.2048,-3829.6814,-620.52346,-5.4212874,0.38226079
10061,-5311.6425,-5279.2015,-32.440923,-0.2746824,0.70131934
10062,-4292.8864,-3628.714,-664.17239,-5.8228948,0.11577771
10063,-4801.0726,-4516.6065,-284.4661,-2.4875358,-0.46888818
10064,-4925.4972,-4399.6622,-525.83502,-4.4286612,0.79353785
10065,-6299.8883,-5863.4319,-436.45641,-3.8449678,1.9407648
10066,-4690.9497,-4395.7313,-295.21843,-2.5051493,1.3286186
10067,-3171.1583,-2602.2572,-568.90109,-4.897662,1.2951244
10068,-3929.1471,-3632.6449,-296.5022,-2.4640416,1.1632225
10069,-5477.0652,-5126.3877,-350.67746,-3.085378,0.86531506
10070,-5615.3147,-5114.1036,-501.21106,-4.2800337,0.46842824
10071,-4802.5028,-4471.4012,-331.10164,-2.8858069,-0.51793011
10072,-4421.6015,-3962.3493,-459.25216,-4.1385135,-1.128101
10073,-4388.7076,-4066.5182,-322.1894,-2.9379616,-0.58633393
10074,-4680.4618,-4081.7505,-598.71135,-5.4677328,-1.0355719
10075,-4800.1192,-4536.261,-263.85814,-2.370131,-1.214349
10076,-5453.7058,-5093.9578,-359.748,-3.2450077,-0.54440458
10077,-5212.9609,-4617.3359,-595.625,-5.3418839,-0.22233357
10078,-5044.2011,-4832.0614,-212.1397,-1.9196147,-0.20078711
10079,-5578.1304,-5001.0902,-577.04014,-5.1682741,-0.90041296
10080,-5668.7076,-5222.2035,-446.50418,-3.8582098,-1.6014209
10081,-6411.9181,-6102.7255,-309.19254,-2.7233512,-2.3407668
10082,-6644.0819,-6110.096,-533.98597,-4.7576082,-2.1477513
10083,-6541.5866,-6236.3762,-305.21039,-2.6578597,-2.1863066
10084,-7516.4842,-7134.096,-382.3882,-3.3455785,0.35332356
10085,-7582.2719,-7167.5086,-414.76324,-3.772496,0.71559368
10086,-7799.6574,-7624.9674,-174.68999,-1.5241874,-0.17738235
10087,-8409.8622,-8016.5835,-393.2787,-3.2420416,-0.67698021
10088,-8932.8268,-8783.6008,-149.22605,-1.2709016,-0.50936228
10089,-9644.0968,-9273.9808,-370.11603,-3.2698504,1.5805984
10090,-9695.5829,-9472.4914,-223.09151,-2.0506638,2.025563
10091,-10001.639,-9849.3666,-152.27213,-1.3647119,0.74930241
10092,-10476.454,-10046.894,-429.55994,-3.7610467,0.99473993
10093,-10599.926,-10516.637,-83.288276,-0.72024024,1.0311727
10094,-11078.555,-10822.265,-256.29006,-2.259857,0.88351184
10095,-11381.75,-11100.868,-280.8829,-2.4343642,0.11714794
10096,-11351.717,-11185.873,-165.84363,-1.471204,0.41655224
10097,-11238.257,-11102.342,-135.91533,-1.2502729,0.1342155
10098,-11453.736,-11263.509,-190.22693,-1.7370081,0.86083416
10099,-11457.549,-11108.238,-349.31134,-3.2171694,0.48405554
10100,-11398.436,-11396.177,-2.2591707,-0.02018877,0.19750901
10101,-11313.579,-11076.299,-237.27972,-2.1562877,0.79668665
10102,-11096.67,-10812.438,-284.23277,-2.5668363,0.51203354
10103,-11023.255,-10959.846,-63.408672,-0.56471619,-0.23427221
10104,-10900.737,-10551.524,-349.21344,-3.0555901,0.72447803
10105,-10734.838,-10504.353,-230.48482,-2.0165657,0.33599545
10106,-10534.138,-10394.779,-139.35853,-1.2188485,-0.1547707
10107,-10544.626,-10111.754,-432.87138,-3.8393748,-0.67950545
10108,-10140.365,-10050.334,-90.031018,-0.78764693,0.030212311
10109,-10242.86,-9898.5029,-344.35746,-2.9779767,-0.33517732
10110,-10149.899,-9753.0595,-396.83994,-3.5236169,-0.21844404
10111,-9836.216,-9659.2092,-177.0068,-1.6087739,0.67141836
10112,-9925.8399,-9546.1958,-379.64407,-3.308644,-0.68384258
10113,-9857.6685,-9580.0998,-277.56872,-2.3737721,-1.1140493
10114,-9891.0391,-9502.9559,-388.08325,-3.3095511,0.79966648
10115,-9807.1359,-9590.4184,-216.71751,-1.9806018,1.5792679
10116,-9861.4823,-9626.7793,-234.70304,-2.0861407,0.47389
10117,-9978.2793,-9629.7274,-348.55188,-3.0357643,-0.64989661
10118,-9866.7263,-9635.6238,-231.10246,-1.9963683,0.032398374
10119,-10217.594,-9947.6392,-269.95489,-2.3865546,-0.36257326
10120,-10133.214,-9739.3013,-393.91281,-3.4203773,-0.038973753
10121,-10157.527,-9880.3225,-277.20455,-2.4611144,0.70376314
10122,-10633.773,-10320.583,-313.18932,-2.7779148,-0.21902636
10123,-10410.19,-10183.493,-226.69666,-1.9786944,-0.27882256
10124,-10474.547,-9983.5086,-491.03885,-4.353596,0.30808482
10125,-9121.6089,-8958.0345,-163.57439,-1.1602853,0.48368405
10126,-5288.2831,-4807.4933,-480.78977,-3.0422399,0.75982978
10127,1989.3631,2713.3052,-723.94205,-3.9720891,1.8615178
10128,4544.1192,5452.1612,-908.04205,-7.844114,-0.33783127
10129,8207.2551,9849.858,-1642.6028,-10.557189,0.038641073
10130,10846.868,12223.14,-1376.2723,-11.417122,-0.26137659
10131,12158.331,13558.664,-1400.3326,-12.031196,0.58125895
10132,9922.5028,11300.852,-1378.3494,-11.356427,-2.1898236
10133,9494.8827,10851.747,-1356.864,-11.838862,-0.24160811
10134,9981.6164,11255.647,-1274.0304,-11.09333,0.68001763
10135,10978.92,12448.676,-1469.7557,-13.029848,1.5751845
10136,12173.587,13564.069,-1390.4825,-11.7744,-0.36046799
10137,13302.942,14991.969,-1689.027,-14.786698,1.9446915
10138,13637.125,15085.328,-1448.2034,-12.409378,-0.87476106
10139,12755.665,14490.288,-1734.6231,-14.885866,-0.67113419
10140,11351.24,12795.578,-1444.3375,-11.730056,1.638041
10141,9574.0186,10972.131,-1398.1119,-11.690487,0.14269542
10142,7662.838,9005.2054,-1342.3674,-10.794026,0.73484544
10143,5523.3073,6659.9309,-1136.6236,-8.9616904,0.073471692
10144,2838.8827,3881.2745,-1042.3918,-8.0940043,-0.82724241
10145,613.06518,1551.2322,-938.16707,-7.4192292,0.4605521
10146,-1353.4153,-543.44722,-809.96805,-6.2500082,0.54390452
10147,-3984.9236,-3330.9482,-653.97547,-5.2926543,0.82237312
10148,-6478.6592,-5881.6123,-597.04693,-5.1053673,-1.7104684
10149,-8477.5568,-7831.3397,-646.21707,-5.3908645,-0.93944038
10150,-10420.678,-10201.674,-219.00414,-1.8247574,-0.32518677
10151,-11768.372,-11464.476,-303.89643,-2.6632939,1.0506839
10152,-13020.246,-12709.589,-310.65656,-2.7486973,1.0105853
10153,-13726.272,-13683.962,-42.310269,-0.38648048,0.35569015
10154,-14438.019,-14073.612,-364.40634,-3.1264417,-0.77459533
10155,-14746.458,-14529.597,-216.86117,-1.8120215,-0.8099293
10156,-15239.389,-15211.608,-27.780754,-0.23348836,-1.6325635
10157,-15844.827,-15560.476,-284.35081,-2.5638994,-1.2766671
10158,-16145.162,-16116.207,-28.954718,-0.25525233,-0.68758117
10159,-16494.123,-16408.568,-85.554767,-0.74520532,-0.018524852
10160,-16521.773,-16361.889,-159.88414,-1.4196583,0.15382375
10161,-15874.86,-15975.678,100.81721,0.90275676,-0.19073983
10162,-15600.745,-15424.86,-175.88499,-1.5536199,-0.45540789
10163,-14975.762,-14905.981,-69.780833,-0.59905232,-0.44875887
10164,-14371.277,-14036.76,-334.51739,-2.8592757,0.24953295
10165,-13356.812,-13205.866,-150.94628,-1.3014563,0.72772648
10166,-12433.4,-12192.184,-241.21611,-2.0825824,1.070985
10167,-11579.59,-11073.843,-505.74771,-4.3890872,-0.33571569
10168,-10181.84,-9934.8637,-246.97613,-2.1325777,0.80236897
10169,-9220.2905,-8769.3512,-450.93926,-3.8716804,-0.13962406
10170,-8263.9851,-7729.6276,-534.35746,-4.4636313,-0.71639091
10171,-7041.1918,-6566.572,-474.61983,-3.9049416,0.34910991
10172,-6168.7896,-5527.8311,-640.95848,-5.7190613,0.62180373
10173,-5584.3277,-4986.3493,-597.97842,-5.3073718,1.092216
10174,-4969.8324,-4086.1727,-883.65966,-8.1983136,1.1163431
10175,-4474.5177,-3977.0902,-497.42748,-4.3953928,0.29954085
10176,-4265.2365,-3505.382,-759.85454,-6.6581533,1.4844759
10177,-4003.5158,-3244.4683,-759.0475,-6.7983746,0.73920038
10178,-4007.3296,-3409.0749,-598.25475,-5.5406504,0.58064143
10179,-3894.3464,-2983.0633,-911.28303,-8.1762562,0.64290297
10180,-3994.9348,-3333.405,-661.52983,-5.854978,0.42443886
10181,-4069.3035,-3379.5931,-689.71045,-6.1480482,0.43443404
10182,-4403.9628,-3530.4415,-873.5213,-7.8369415,-1.1890355
10183,-4469.7505,-3881.2745,-588.47599,-5.3676216,-0.63173071
10184,-4967.9255,-4168.2303,-799.69519,-7.1403908,1.0614814
10185,-4368.2086,-3533.3896,-834.81893,-7.3894473,0.71099679
10186,-5301.1546,-4754.9175,-546.2371,-4.7809197,0.14442691
10187,-4184.1937,-3309.3282,-874.86545,-7.6104211,0.095167157
10188,-4697.6238,-4113.6891,-583.93478,-5.1132288,-0.11383575
10189,-4794.3985,-3913.2131,-881.18546,-7.1712409,0.45249647
10190,-6170.6965,-5594.6564,-576.04003,-5.0823535,-0.16327959
10191,-4491.203,-3895.524,-595.67899,-5.1032267,-0.3273068
10192,-2997.6313,-2135.4626,-862.16871,-7.5878194,-0.18388461
10193,-3768.4916,-3211.0557,-557.43596,-4.7301354,0.5061995
10194,-5368.8492,-4603.5777,-765.27143,-6.5583992,1.2270659
10195,-5416.5214,-4750.0038,-666.51758,-5.546317,-0.45015073
10196,-4611.8138,-3800.1996,-811.61416,-6.9834934,-0.90199919
10197,-4217.0875,-3538.3033,-678.78426,-6.1635946,-2.0669064
10198,-4209.9367,-3557.9578,-651.97891,-6.1130218,-1.4183384
10199,-4490.2495,-3512.261,-977.9885,-9.2612691,-0.41488845
10200,-4638.987,-4150.0499,-488.93706,-4.4502185,1.5080026
10201,-5288.7598,-4515.1324,-773.62734,-6.9543493,1.8163839
10202,-5033.2365,-4230.6334,-802.6031,-7.184095,0.2960244
10203,-4914.5326,-4305.3205,-609.21205,-5.4536188,0.40722659
10204,-5444.1713,-4544.1228,-900.04848,-8.0876314,0.27511343
10205,-5490.8901,-4915.5931,-575.29704,-4.933346,0.45135951
10206,-6259.3669,-5632.9827,-626.38413,-5.4218979,-0.055448612
10207,-6490.1006,-5756.3148,-733.78578,-6.6312819,-1.2396482
10208,-6472.9385,-5919.9386,-552.99997,-5.0202571,0.056136907
10209,-7447.8361,-6775.4012,-672.43497,-5.9081085,0.61630899
10210,-7568.9236,-6996.5144,-572.40925,-5.1901953,1.4540076
10211,-7906.4432,-7283.9616,-622.48159,-5.559368,-0.14251129
10212,-8507.5903,-7937.9655,-569.62487,-4.9904641,0.49531814
10213,-9133.0503,-8591.9693,-541.08099,-4.7964897,-0.6524856
10214,-9940.1415,-9208.6296,-731.51197,-6.6908279,-0.24204394
10215,-9905.3408,-9523.1017,-382.23905,-3.5165151,1.1359667
10216,-10302.451,-9823.8157,-478.63491,-4.2696979,-0.49352922
10217,-10759.628,-10211.501,-548.1266,-4.8110745,0.18324139
10218,-10967.955,-10546.119,-421.83631,-3.7525252,-0.474077
10219,-11440.864,-10972.622,-468.24218,-4.1877628,-0.63511283
10220,-11664.447,-11281.689,-382.75787,-3.254834,-0.82937747
10221,-11748.35,-11235.01,-513.3405,-4.316428,-1.8713934
10222,-11554.801,-11228.131,-326.67023,-2.9082366,-1.0712397
10223,-11801.266,-11379.962,-421.30468,-3.8584999,0.13836658
10224,-11828.916,-11201.106,-627.81063,-5.7888854,0.34554212
10225,-11634.413,-11500.345,-134.06792,-1.2678881,1.0432658
10226,-11661.587,-11017.827,-643.75934,-6.0199016,1.6281597
10227,-11296.417,-10961.812,-334.60523,-3.032405,-0.42044023
10228,-11380.32,-10915.132,-465.18786,-4.1711733,-0.12589083
10229,-11161.505,-10538.749,-622.7561,-5.6191629,-0.54599048
10230,-10961.281,-10567.739,-393.54223,-3.4918672,0.21976368
10231,-10803.486,-10309.282,-494.20388,-4.3716902,-0.35636524
10232,-10712.432,-10145.658,-566.77368,-5.0456838,-0.22074188
10233,-10341.065,-9870.9866,-470.07861,-4.3400523,0.21607413
10234,-10362.518,-9882.2879,-480.22978,-4.2909436,0.58789106
10235,-10196.618,-9662.6488,-533.9695,-4.7913573,0.38215959
10236,-9875.3073,-9442.0269,-433.28039,-3.9912081,-0.28250176
10237,-10001.162,-9478.8791,-522.28293,-4.6721259,0.62004385
10238,-9872.9236,-9349.6507,-523.27298,-4.5673432,-0.43249161
10239,-9967.7914,-9306.4107,-661.38069,-5.9217054,0.54406386
10240,-9843.3669,-9426.3033,-417.06359,-3.9367803,1.4145546
10241,-9963.5009,-9327.048,-636.45295,-5.8228399,0.41364002
10242,-10031.196,-9524.5758,-506.61971,-4.4915754,-1.2131355
10243,-9973.9888,-9392.3992,-581.58959,-5.2352121,-0.46063485
10244,-10322.473,-9844.453,-478.02002,-4.2816534,0.23079099
10245,-10190.421,-9677.881,-512.53986,-4.480659,-1.0096762
10246,-10235.709,-9668.5451,-567.16439,-4.9420597,-1.3384192
10247,-10763.918,-10313.213,-450.70501,-3.8276374,0.52367045
10248,-10558.927,-9959.4319,-599.49551,-4.9811688,1.2540508
10249,-10574.182,-9942.2342,-631.94833,-5.557131,1.1082465
10250,-9240.3128,-8879.9079,-360.40498,-2.6368186,-0.2973871
10251,-5640.581,-4789.8042,-850.77678,-5.7509454,0.1682847
10252,747.02421,1843.1017,-1096.0775,-6.6111233,1.4745571
10253,2292.0819,3123.1017,-831.01979,-7.2985197,0.87472366
10254,4783.4339,5861.9578,-1078.5239,-7.4396579,-0.7686722
10255,7350.5847,8334.9866,-984.40183,-7.8737221,-0.72709733
10256,9600.2384,10647.34,-1047.1014,-8.6568273,-0.28359407
10257,7820.1564,8617.5202,-797.36373,-6.4192849,-1.4198289
10258,7127.4786,8187.0864,-1059.6078,-9.1035709,0.47711801
10259,7559.8659,8653.3896,-1093.5237,-9.016243,0.97588639
10260,8745.4749,9791.3858,-1045.9109,-8.76951,1.4712566
10261,9420.0372,10411.977,-991.93972,-8.2755302,0.2864292
10262,10186.607,11377.505,-1190.8977,-9.8220345,0.36508902
10263,10708.142,11777.474,-1069.3326,-9.2355249,-0.82260302
10264,10065.043,11119.539,-1054.4965,-9.1008024,1.3663181
10265,8818.4134,9679.8464,-861.43304,-7.2451617,2.1589574
10266,7264.298,8203.3013,-939.00339,-8.0189341,0.88106565
10267,5663.9404,6540.0384,-876.09798,-7.2102683,0.71440238
10268,3838.0931,4670.8944,-832.80132,-6.7158975,1.0756243
10269,1261.8845,1987.071,-725.18647,-5.8032038,1.5290492
10270,-614.01862,93.358925,-707.37755,-5.9800669,-0.8129798
10271,-2395.054,-1635.2553,-759.79873,-6.0820311,-0.56057784
10272,-4750.0633,-4307.7774,-442.28596,-3.5584489,-0.65033754
10273,-7173.2439,-6500.238,-673.00594,-5.8133458,-1.2855696
10274,-8917.095,-8265.7044,-651.39056,-5.5658195,0.56301404
10275,-10553.683,-10305.351,-248.33218,-2.1091302,0.89746248
10276,-11795.069,-11220.76,-574.30882,-4.956942,1.6212335
10277,-13007.374,-12565.129,-442.2457,-3.8473433,-0.10730919
10278,-13781.095,-13360.154,-420.94142,-3.7007954,-0.83387444
10279,-14504.76,-14056.906,-447.85383,-3.7221454,-0.58265766
10280,-14735.017,-14362.042,-372.97453,-3.1111433,-0.4640223
10281,-15145.952,-14855.37,-290.58114,-2.4319028,-1.1337042
10282,-15772.365,-15356.069,-416.29589,-3.5399627,-2.1132512
10283,-15989.75,-15651.378,-338.37235,-2.9693884,0.095995592
10284,-16387.337,-16115.225,-272.11249,-2.3577404,0.70676945
10285,-16346.339,-15918.679,-427.65946,-3.6293018,2.2799444
10286,-15926.823,-15575.217,-351.6062,-3.0847626,1.4029857
10287,-15645.08,-15271.555,-373.52537,-3.2667093,0.98923608
10288,-15143.091,-14665.213,-477.8782,-4.0623974,1.7005263
10289,-14608.209,-14102.111,-506.09724,-4.3854896,0.82670542
10290,-13696.715,-13288.906,-407.80913,-3.6282986,2.56902
10291,-12799.523,-12362.196,-437.3275,-3.843645,1.5394849
10292,-12133.065,-11561.274,-571.7907,-4.8594997,0.37786605
10293,-10864.983,-10338.273,-526.71069,-4.4915195,0.39051157
10294,-9991.6276,-9547.1785,-444.44906,-3.8995338,-0.11485427
10295,-9095.3892,-8504.5067,-590.88248,-5.0352412,-1.193916
10296,-8043.2626,-7445.62,-597.64261,-5.1015884,-0.33203705
10297,-7219.0093,-6736.5835,-482.42582,-4.3531002,-1.8052757
10298,-6686.5102,-5998.0653,-688.44498,-6.2081089,-0.17441111
10299,-6197.3929,-5451.6699,-745.72306,-6.7810935,-0.35355567
10300,-5611.9777,-5179.9463,-432.0314,-3.8509304,-0.023548575
10301,-5490.4134,-4786.3647,-704.04872,-6.3484364,0.91834504
10302,-5267.3073,-4617.8273,-649.48001,-6.0555428,-0.15558341
10303,-5298.2942,-4636.9904,-661.30382,-6.0493787,-0.49393253
10304,-5212.4842,-4499.4088,-713.07534,-6.3119803,-1.4673896
10305,-5257.7728,-4625.1977,-632.57512,-5.4494262,-0.97614006
10306,-5379.3371,-4756.3916,-622.9455,-5.4334277,-1.2376834
10307,-5646.7784,-4951.9539,-694.82446,-6.1027112,-1.4561135
10308,-5713.0428,-5094.9405,-618.10233,-5.5105314,0.37097746
10309,-6140.6629,-5630.5259,-510.13703,-4.4603221,1.1933953
10310,-5508.5289,-4791.2783,-717.25055,-6.0165925,1.2436531
10311,-6489.1471,-6080.1228,-409.02427,-3.3771235,0.96868521
10312,-5325.4674,-4635.025,-690.44246,-5.9605788,0.27631327
10313,-5959.5084,-5323.4242,-636.0842,-5.4772233,0.45776693
10314,-6006.2272,-5379.9309,-626.29629,-5.139899,1.9013576
10315,-7379.6648,-6769.5048,-610.16001,-5.4420888,1.835882
10316,-5774.54,-5179.4549,-595.08514,-5.2447051,0.74381334
10317,-4197.5419,-3529.4587,-668.08317,-5.7050142,-0.19132944
10318,-5126.1974,-4465.5048,-660.69259,-5.6257541,0.53776974
10319,-6597.8399,-6081.5969,-516.24292,-4.544417,2.6632428
10320,-6707.486,-6065.382,-642.10408,-5.4138388,0.25772206
10321,-5868.4544,-5231.048,-637.40639,-5.6357884,-1.1721064
10322,-5519.4935,-4948.5144,-570.97909,-5.1624387,-0.052255628
10323,-5588.1415,-4899.8695,-688.27205,-6.2162882,-1.358513
10324,-5738.3091,-5046.7869,-691.52218,-6.2088529,-0.32821712
10325,-5912.7896,-5477.7121,-435.07748,-3.921654,0.062168055
10326,-6521.0875,-5934.1881,-586.89942,-5.2934949,0.42400389
10327,-6256.0298,-5618.2418,-637.78795,-5.7448036,-0.17534108
10328,-6164.0223,-5595.1478,-568.87455,-4.9803922,0.38316636
10329,-6585.9218,-5978.9021,-607.01968,-5.2160767,-0.85880703
10330,-6725.6015,-6077.1747,-648.42683,-5.5591159,-0.8620094
10331,-7442.1155,-6990.1267,-451.98878,-3.9633794,-1.5529289
10332,-7699.5456,-6942.9559,-756.58977,-6.8930632,-2.555029
10333,-7648.5363,-7076.1152,-572.42115,-5.1188918,-0.0033659396
10334,-8568.6108,-8047.048,-521.56282,-4.6367467,1.272658
10335,-8656.3277,-8048.5221,-607.80567,-5.3023375,0.95370421
10336,-8888.4916,-8449.4741,-439.01753,-3.8675995,0.18328522
10337,-9503.4637,-8902.5106,-600.95313,-5.0734181,0.26636891
10338,-10046.451,-9580.0998,-466.35084,-4.0384391,0.085579576
10339,-10762.965,-10226.733,-536.23141,-4.5902839,1.2738995
10340,-10745.803,-10301.42,-444.38226,-3.9612587,1.2388835
10341,-11092.38,-10678.787,-413.59294,-3.5790272,0.2223038
10342,-11520.477,-10965.743,-554.73392,-4.8750016,-0.48347005
10343,-11749.78,-11303.8,-445.97988,-3.8546097,0.083966396
10344,-12143.553,-11723.916,-419.63753,-3.7112503,0.69039844
10345,-12393.356,-11864.445,-528.91038,-4.6158266,0.75519546
10346,-12422.912,-11995.148,-427.76468,-3.6793706,0.017960352
10347,-12360.462,-11860.514,-499.94743,-4.4631023,0.69186508
10348,-12529.698,-12050.18,-479.5179,-4.3126568,0.0018358353
10349,-12624.566,-12016.768,-607.79835,-5.4036772,-0.37952995
10350,-12436.737,-12174.495,-262.24223,-2.3350119,0.16380817
10351,-12452.469,-11909.651,-542.8186,-4.8663544,1.1095215
10352,-12199.33,-11648.246,-551.08393,-4.9642247,0.62713992
10353,-12146.413,-11793.198,-353.21571,-3.137382,-0.7564505
10354,-12012.931,-11421.236,-591.69501,-5.1071609,-0.64499523
10355,-11730.235,-11341.144,-389.09068,-3.3075438,-1.1388132
10356,-11620.588,-11244.345,-376.24296,-3.2093714,-1.9770417
10357,-11601.043,-10972.131,-628.91231,-5.5553764,-2.284672
10358,-11217.758,-10817.843,-399.9153,-3.546129,0.14661544
10359,-11269.244,-10830.127,-439.11727,-3.9202509,0.071472005
10360,-11170.562,-10526.464,-644.09789,-5.6677794,1.3494293
10361,-10828.276,-10510.25,-318.02609,-2.827603,-0.34731705
10362,-10991.315,-10323.532,-667.78304,-5.6989829,-1.0443869
10363,-10904.551,-10434.088,-470.46292,-4.0116207,-0.37068647
10364,-10967.479,-10382.495,-584.98338,-5.1367262,1.0782493
10365,-10808.253,-10410.012,-398.24174,-3.6273807,2.5739991
10366,-10929.818,-10451.777,-478.04015,-4.2555679,1.3682526
10367,-11066.637,-10452.269,-614.36816,-5.4142751,1.0872134
10368,-10911.702,-10479.785,-431.91702,-3.8420761,1.1113073
10369,-11294.987,-10820.299,-474.68754,-4.196788,0.1231304
10370,-11097.624,-10601.152,-496.4722,-4.3231325,-0.74335531
10371,-11198.212,-10713.182,-485.02995,-4.2524266,-0.19382678
10372,-11662.54,-11204.054,-458.48629,-4.1595878,0.87561342
10373,-11460.886,-10990.311,-470.57547,-4.033181,0.56833906
10374,-11457.549,-10880.246,-577.30367,-4.9823866,0.012388388
10375,-10076.007,-9737.8273,-338.18019,-2.3865839,-0.29993612
10376,-6174.5102,-5726.3417,-448.16859,-2.9326168,0.74884391
10377,787.0689,1706.9942,-919.92534,-5.0631276,0.81429035
10378,3410.9497,4281.7351,-870.7854,-7.3392083,-1.8251255
10379,7019.7393,8661.2514,-1641.5121,-10.33721,-1.2653383
10380,9696.0596,11648.246,-1952.1861,-15.190852,-1.4955855
10381,11393.192,13428.453,-2035.2612,-16.519475,-1.9778344
10382,9392.3873,11032.568,-1640.1808,-13.098441,-4.0786804
10383,8856.0745,10369.228,-1513.1539,-13.053543,-0.98310632
10384,9237.4525,10822.756,-1585.3037,-13.596452,-0.92317656
10385,10484.559,12108.653,-1624.0939,-14.276844,0.56308361
10386,11495.687,12942.004,-1446.3167,-12.005018,-1.3462521
10387,12518.257,14437.712,-1919.4551,-16.188326,0.84484518
10388,12913.937,14842.595,-1928.6583,-16.542478,-0.44031956
10389,12203.62,14115.378,-1911.758,-17.372412,0.54114372
10390,10763.918,12541.543,-1777.6251,-14.604787,1.6790748
10391,9066.7858,10722.518,-1655.7324,-14.080129,0.38042905
10392,7059.3073,8837.1593,-1777.852,-14.418111,0.3493877
10393,4988.9013,6361.6737,-1372.7724,-10.703922,0.58122772
10394,2218.6667,3473.9347,-1255.2681,-9.6891977,0.023874541
10395,51.486034,1289.8273,-1238.3412,-10.029588,-0.89583286
10396,-2119.0317,-964.05374,-1154.9779,-8.9530255,-2.0874947
10397,-4673.7877,-3789.881,-883.90671,-7.1408913,-0.48104992
10398,-7263.3445,-6445.2054,-818.13913,-6.9780342,-0.87783307
10399,-9300.3799,-8433.2591,-867.12077,-7.252997,-0.81152163
10400,-11106.682,-10763.793,-342.88886,-2.8521643,-0.56425048
10401,-12671.285,-12149.927,-521.35785,-4.4531548,-0.037690131
10402,-13886.927,-13440.737,-446.19033,-3.9038989,0.46546795
10403,-14729.296,-14469.651,-259.64542,-2.3110417,-0.041945868
10404,-15431.508,-14997.866,-433.64274,-3.7209097,-0.47627751
10405,-15736.611,-15337.397,-399.21349,-3.4062028,-0.98500611
10406,-16252.901,-16018.426,-234.4752,-1.9955876,-1.63573
10407,-16926.034,-16412.008,-514.02584,-4.5370649,-1.6467704
10408,-17157.244,-16946.119,-211.12495,-1.8157894,-0.32971267
10409,-17568.655,-17341.666,-226.98947,-1.9398846,-0.50857213
10410,-17504.775,-17189.835,-314.93974,-2.8300521,-0.026716377
10411,-17045.691,-16907.301,-138.38953,-1.2382327,1.3778635
10412,-16673.847,-16283.762,-390.0853,-3.209121,-0.24570356
10413,-16135.151,-15892.146,-243.00496,-2.0464314,0.15981277
10414,-15423.881,-15017.52,-406.36067,-3.4748197,0.43202508
10415,-14386.533,-14123.24,-263.29267,-2.405416,0.42518314
10416,-13516.991,-13073.198,-443.79299,-3.9661203,0.44760224
10417,-12553.534,-11972.545,-580.98935,-4.9444576,-0.32336248
10418,-11314.056,-10770.672,-543.38408,-4.6481972,0.84122003
10419,-10168.968,-9612.5298,-556.43859,-4.8204264,0.14292741
10420,-9219.3371,-8490.7486,-728.5885,-6.2118823,-0.86515994
10421,-8026.1006,-7299.6852,-726.41534,-6.2075272,-0.56271769
10422,-7076.946,-6299.2706,-777.67536,-7.052059,-0.9320592
10423,-6510.5996,-5665.4127,-845.18696,-7.6091058,-1.3392318
10424,-5855.1061,-4875.3013,-979.8048,-8.5734384,-0.33282311
10425,-5272.5512,-4526.9251,-745.62607,-6.3774129,-0.50358897
10426,-5184.8343,-4191.3244,-993.50989,-8.8332601,1.0665212
10427,-4820.1415,-3859.6545,-960.48702,-8.8902718,0.4393601
10428,-4870.6741,-4018.3647,-852.30943,-7.8570317,-0.61674354
10429,-4682.8454,-3698.9789,-983.86655,-8.6647112,-0.6613599
10430,-4734.8082,-3847.8618,-886.94639,-7.7819504,0.035083952
10431,-4950.7635,-4057.6737,-893.0898,-7.9208447,-0.36047583
10432,-5122.3836,-4086.1727,-1036.2109,-9.1566484,-1.4941753
10433,-5331.6648,-4443.3935,-888.27133,-7.7761196,0.83150976
10434,-5682.5326,-4831.0787,-851.45389,-7.5280936,-0.44809879
10435,-5178.6369,-4085.6814,-1092.9555,-9.2770341,-0.67591437
10436,-6068.2011,-5342.096,-726.10515,-6.2407963,-0.79747111
10437,-4968.4022,-3904.8599,-1063.5423,-9.1373842,-0.049952699
10438,-5565.2588,-4708.7294,-856.52948,-7.2481095,-0.5792745
10439,-5569.5493,-4658.119,-911.43035,-7.4225685,0.0079753286
10440,-6960.6257,-6108.6219,-852.00382,-7.676449,0.22402938
10441,-5332.1415,-4486.142,-845.99949,-7.2824156,0.1071322
10442,-3793.2812,-2768.8292,-1024.452,-8.8821279,0.81159992
10443,-4697.1471,-3838.0345,-859.11256,-7.1038013,0.71423058
10444,-6097.7579,-5348.975,-748.78287,-6.2815624,1.0202474
10445,-6225.5196,-5269.3743,-956.14527,-7.9678265,-0.44976201
10446,-5398.8827,-4521.0288,-877.85389,-7.6476022,-0.2438618
10447,-4995.5754,-4092.5605,-903.01496,-8.329081,-0.029084485
10448,-5026.0857,-4189.8503,-836.23537,-7.7513841,0.41088908
10449,-5226.7858,-4161.3512,-1065.4346,-9.7451933,-0.060153659
10450,-5403.1732,-4706.7639,-696.40927,-6.0969215,0.45299295
10451,-6060.5736,-5127.8618,-932.71175,-8.6726911,1.4386867
10452,-5830.3166,-4805.5278,-1024.7887,-9.6117377,-0.2926603
10453,-5729.2514,-4902.8177,-826.43374,-7.7481471,0.52473559
10454,-6158.7784,-5258.5643,-900.2141,-8.0015586,-0.47593347
10455,-6315.1434,-5406.4645,-908.6789,-7.8257935,-0.84871312
10456,-7054.0633,-6264.3839,-789.67944,-6.9722023,-0.98049874
10457,-7296.2384,-6331.2092,-965.02915,-8.9269532,-1.188924
10458,-7295.2849,-6537.0902,-758.19471,-6.8091205,0.11342261
10459,-8161.013,-7461.8349,-699.1781,-6.0506188,0.11145813
10460,-8424.6406,-7493.7735,-930.86708,-8.403671,-0.59534838
10461,-8638.689,-8040.1689,-598.52011,-5.4139535,-0.77700606
10462,-9348.5289,-8458.81,-889.71888,-7.7034198,0.45816464
10463,-9930.1304,-9296.0921,-634.03822,-5.3608846,0.21271594
10464,-10677.631,-9837.5739,-840.05739,-7.3374222,0.30117532
10465,-10728.164,-10131.9,-596.26368,-5.305485,0.0072645504
10466,-11095.24,-10522.042,-573.198,-5.2673341,-0.063770427
10467,-11655.389,-10795.24,-860.14928,-7.4570431,0.073488942
10468,-11810.324,-11273.827,-536.49677,-4.5944798,-0.11823336
10469,-12262.257,-11695.417,-566.84048,-4.8007899,1.1736599
10470,-12580.708,-11882.134,-698.57328,-5.8072115,0.7523374
10471,-12609.311,-12011.363,-597.94822,-4.958976,-0.7440887
10472,-12492.991,-11868.868,-624.12313,-5.5506322,0.97680123
10473,-12687.017,-12156.315,-530.70198,-4.731288,0.38035769
10474,-12637.914,-11947.977,-689.93737,-6.1133297,0.22191956
10475,-12535.896,-12155.332,-380.56366,-3.2445779,-0.61851923
10476,-12475.352,-11900.315,-575.03718,-5.0558746,0.55442055
10477,-12277.035,-11554.887,-722.14863,-6.6042107,-0.10281991
10478,-12168.343,-11765.19,-403.15263,-3.7071659,0.20009432
10479,-12016.268,-11201.106,-815.16259,-7.1311276,-0.67927369
10480,-11764.559,-11224.2,-540.35904,-4.6741513,-0.30263268
10481,-11665.4,-11059.102,-606.29864,-5.3234213,-0.66980635
10482,-11609.624,-10733.328,-876.29562,-7.9084191,-3.0394262
10483,-11202.026,-10666.012,-536.01455,-4.7476065,0.2537005
10484,-11154.831,-10501.405,-653.42555,-5.729364,-0.32096033
10485,-11094.287,-10325.988,-768.29829,-6.8210051,0.61223629
10486,-10724.35,-10156.468,-567.88176,-5.1973607,1.1720499
10487,-10867.844,-10062.618,-805.22553,-7.1799247,0.48151624
10488,-10713.385,-10143.693,-569.69258,-5.0010469,-0.72277984
10489,-10748.186,-9951.5701,-796.61616,-6.922766,0.749035
10490,-10697.654,-10078.833,-618.82062,-5.6443892,0.24473023
10491,-10726.257,-10066.058,-660.1994,-6.0404085,0.94575048
10492,-10866.413,-10077.359,-789.05448,-7.0073654,0.14884244
10493,-10722.443,-10172.192,-550.25126,-4.9252943,0.33937271
10494,-11102.391,-10364.315,-738.07628,-6.4419115,0.22414886
10495,-10942.689,-10349.083,-593.60648,-5.1170599,-0.95551938
10496,-11084.752,-10286.679,-798.07287,-6.8118189,-1.42583
10497,-11547.65,-10901.374,-646.27563,-5.5311063,1.5217071
10498,-11387.471,-10726.94,-660.53064,-5.5011547,1.4157414
10499,-11349.81,-10504.845,-844.96553,-7.4860282,1.4991342
10500,-9891.9926,-9480.3532,-411.63938,-2.8671725,0.92359223
10501,-5864.1639,-5231.5393,-632.62453,-4.1012959,1.9689143
10502,1026.3836,1341.4203,-315.03673,-1.8692196,2.2481828
10503,2461.3184,2446.0038,15.314597,0.13240352,-0.0058991494
10504,4846.3613,5259.0557,-412.6944,-2.9639586,0.31539263
10505,7004.4842,7080.0461,-75.561894,-0.61641398,-0.27972335
10506,8250.6369,8438.6641,-188.02724,-1.5637911,0.570815
10507,5771.6797,5972.023,-200.34333,-1.6864229,-1.1381956
10508,5787.8883,5942.0499,-154.16164,-1.3612506,0.58053022
10509,6437.6611,6675.1631,-237.50207,-2.1107318,0.73311818
10510,7448.7896,7555.1939,-106.40429,-0.92714762,1.4180258
10511,8251.5903,8367.4165,-115.82619,-0.99039316,0.67506891
10512,9269.3929,9466.1036,-196.71072,-1.6800656,0.15210721
10513,9385.7132,9452.8369,-67.123631,-0.57255959,0.45498553
10514,8509.0205,8717.2668,-208.24631,-1.8167961,0.50632865
10515,7095.5382,7145.3973,-49.859138,-0.42413659,0.87726047
10516,5579.0838,5852.6219,-273.53808,-2.4152241,0.093054627
10517,3842.8603,4081.7505,-238.89014,-2.0234008,-0.27521989
10518,1986.0261,2230.7869,-244.76088,-1.9713642,-0.19285631
10519,-409.02793,-145.44338,-263.58455,-2.1451514,-0.14233001
10520,-2258.2346,-1938.4261,-319.80853,-2.6824384,-1.7877075
10521,-4010.1899,-3517.1747,-493.01528,-3.9542122,-0.15788607
10522,-6374.7337,-6071.7697,-302.96403,-2.4486751,0.10618919
10523,-8557.6462,-8060.8061,-496.84004,-4.2825017,0.20571934
10524,-10330.101,-9620.8829,-709.21764,-6.1998519,0.25644212
10525,-11864.194,-11596.161,-268.03244,-2.3220769,0.7205324
10526,-13061.244,-12307.655,-753.58944,-6.5465243,1.2460687
10527,-14068.559,-13453.021,-615.53755,-5.3882384,1.1238004
10528,-14728.343,-14225.443,-502.89927,-4.4402447,0.56878017
10529,-15337.117,-14626.395,-710.72192,-6.1912931,0.044599182
10530,-15564.037,-15006.71,-557.32707,-4.7344268,0.15920526
10531,-16092.723,-15473.505,-619.21773,-5.3301504,-0.33190216
10532,-16653.825,-16030.71,-623.11478,-5.5700652,-0.21799733
10533,-16813.05,-16246.91,-566.14049,-5.0456933,1.4519717
10534,-17101.944,-16602.165,-499.77907,-4.3625676,0.52894655
10535,-17146.756,-16462.618,-684.13801,-5.9352943,-0.048393132
10536,-16583.747,-16035.624,-548.12294,-4.8222496,-0.33340413
10537,-16301.05,-15725.083,-575.96775,-5.0412823,1.0491117
10538,-15757.587,-15162.472,-595.11442,-5.0216884,0.63657406
10539,-15167.881,-14578.733,-589.14761,-5.2422687,-0.30984647
10540,-14239.225,-13807.294,-431.93166,-3.9042794,-0.048090554
10541,-13479.33,-12909.083,-570.24708,-5.0370552,-1.087561
10542,-12659.844,-12133.712,-526.13148,-4.4708721,-0.42348486
10543,-11536.209,-11074.825,-461.38323,-3.9585067,0.43982498
10544,-10553.207,-10183.985,-369.22206,-3.3034169,-0.26176483
10545,-9799.0317,-9320.1689,-478.86275,-4.0827867,-0.050346789
10546,-8748.8119,-8304.0307,-444.78121,-3.7523555,-0.65732972
10547,-7957.4525,-7671.1555,-286.29704,-2.5686125,-0.43852328
10548,-7478.8231,-7137.5355,-341.28758,-3.0967249,0.15158611
10549,-6929.162,-6542.0038,-387.15817,-3.6022794,0.66132408
10550,-6510.1229,-6383.785,-126.33788,-1.1298316,1.1828867
10551,-6430.5102,-6011.3321,-419.17819,-3.7903831,2.4286027
10552,-6211.6946,-5892.9136,-318.78097,-2.9804009,1.5244953
10553,-6230.7635,-5960.7217,-270.04181,-2.4376325,0.37697938
10554,-6136.8492,-5729.7812,-407.06797,-3.5925635,-0.77529105
10555,-6247.4488,-5976.9367,-270.51213,-2.3868052,-0.01077175
10556,-6444.8119,-6070.7869,-374.02497,-3.3054631,0.32293393
10557,-6640.7449,-6283.547,-357.19785,-3.1479261,0.15169828
10558,-6799.9702,-6532.1766,-267.79362,-2.3691952,1.6122473
10559,-7104.5959,-6865.8119,-238.784,-2.1170645,2.7314426
10560,-6635.5009,-6203.4549,-432.04604,-3.7856052,0.92554071
10561,-7505.0428,-7352.261,-152.78179,-1.2786397,0.91289335
10562,-6369.4898,-6014.7716,-354.71816,-2.9978795,1.3655158
10563,-7018.7858,-6749.3589,-269.42692,-2.2905229,0.48048703
10564,-6974.4507,-6671.7236,-302.72704,-2.4262132,1.2866018
10565,-8422.7337,-8185.1209,-237.61278,-2.1172845,0.5643392
10566,-6707.486,-6408.3532,-299.13287,-2.6050914,1.0224521
10567,-5189.1248,-4895.9386,-293.18619,-2.5887274,-0.029715408
10568,-6174.987,-5831.4933,-343.49368,-2.9837797,1.327056
10569,-7512.6704,-7404.8369,-107.83354,-0.93163352,1.2879648
10570,-7732.9162,-7390.5873,-342.32887,-2.8270613,-0.74489709
10571,-6885.3035,-6550.8484,-334.45517,-2.9128418,-1.8634115
10572,-6508.6927,-6265.3666,-243.32613,-2.1886454,0.030513035
10573,-6603.0838,-6323.3474,-279.73639,-2.5320828,0.044739891
10574,-6710.8231,-6320.8906,-389.9325,-3.5954341,0.25026059
10575,-7019.7393,-6891.3628,-128.37653,-1.1629293,0.93067117
10576,-7535.5531,-7237.2821,-298.27092,-2.6873282,0.72064631
10577,-7318.6443,-7032.3839,-286.26044,-2.5625349,0.63230007
10578,-7217.1024,-7021.0825,-196.01989,-1.7378326,0.064925568
10579,-7578.4581,-7334.0806,-244.37749,-2.1168827,-1.5583021
10580,-7819.6797,-7475.5931,-344.08661,-3.0021903,-1.620629
10581,-8493.2886,-8265.2131,-228.07559,-2.0118377,0.2411207
10582,-8744.0447,-8352.6756,-391.36907,-3.4681486,-1.5173928
10583,-8669.1993,-8358.572,-310.62728,-2.6936322,0.41472647
10584,-9518.2421,-9358.0038,-160.23825,-1.4317963,0.47278946
10585,-9755.6499,-9304.4453,-451.20461,-4.1108904,1.064744
10586,-9850.041,-9697.0441,-152.99682,-1.3634647,0.94503936
10587,-10597.542,-10214.94,-382.6014,-3.2656801,0.77230349
10588,-11089.996,-10791.8,-298.19589,-2.5462741,1.2730691
10589,-11732.618,-11350.971,-381.64704,-3.2865717,1.213517
10590,-11849.892,-11492.975,-356.91694,-3.299488,0.29047267
10591,-12042.011,-11788.775,-253.23574,-2.2671226,-0.34322251
10592,-12568.313,-12109.635,-458.67753,-4.0304033,1.0490972
10593,-12643.635,-12402.488,-241.14749,-2.0774699,0.33529824
10594,-13008.804,-12772.975,-235.82942,-2.0939045,0.5556273
10595,-13365.393,-12972.96,-392.43323,-3.3780363,-0.0059674115
10596,-13294.361,-12946.917,-347.4438,-2.9808542,-0.68220124
10597,-13260.037,-12970.012,-290.02573,-2.5785621,-0.85743902
10598,-13382.555,-13011.286,-371.26895,-3.3286716,0.38203779
10599,-13418.786,-12974.925,-443.8607,-4.0223555,-1.4727898
10600,-13358.242,-13138.549,-219.69314,-1.9931847,-0.77351901
10601,-13229.05,-12876.653,-352.39769,-3.1883634,0.58973505
10602,-13107.009,-12667.823,-439.18589,-3.9291344,-0.20857368
10603,-12935.389,-12778.38,-157.00916,-1.4011543,-0.50823366
10604,-12829.08,-12416.737,-412.34303,-3.5835533,-1.4741697
10605,-12681.296,-12354.825,-326.47075,-2.7972101,-1.2738386
10606,-12436.261,-12263.432,-172.82885,-1.4971394,-0.66410847
10607,-12492.991,-12097.843,-395.14808,-3.462307,-0.82139162
10608,-12025.326,-11838.403,-186.92281,-1.6503756,0.40682777
10609,-12144.03,-11887.048,-256.98181,-2.2603636,0.40361919
10610,-12084.439,-11680.184,-404.25522,-3.5939927,0.31653928
10611,-11688.283,-11539.655,-148.62854,-1.3574044,-0.014678504
10612,-11895.657,-11544.568,-351.08922,-3.2093849,0.024252596
10613,-11725.467,-11463.002,-262.46549,-2.2549385,1.0675452
10614,-11793.162,-11497.397,-295.7647,-2.6116661,1.328728
10615,-11808.894,-11511.647,-297.24702,-2.6892255,1.0223065
10616,-11766.466,-11549.482,-216.98378,-1.9712251,0.046356933
10617,-12045.348,-11652.177,-393.17165,-3.4876295,0.19909298
10618,-11760.745,-11590.756,-169.98864,-1.5294186,-0.40737674
10619,-12247.002,-12004.484,-242.51818,-2.1824981,0.49494953
10620,-12119.717,-11722.933,-396.78412,-3.4715723,0.31355219
10621,-12073.475,-11840.86,-232.61498,-2.085727,-0.013209891
10622,-12682.726,-12436.883,-245.84334,-2.174701,-0.8301064
10623,-12240.328,-12082.61,-157.71738,-1.3330882,0.60336528
10624,-12480.119,-12085.067,-395.052,-3.3678583,-0.72640422
10625,-11330.264,-11284.637,-45.627196,-0.35754919,0.22846083
10626,-9003.8585,-8854.8484,-149.0101,-1.213986,1.0984353
10627,-5223.4488,-4950.4798,-272.96894,-2.1089358,-0.077195774
10628,-5755.4711,-5530.7793,-224.69187,-1.9559729,-0.14462985
10629,-4161.311,-3541.2514,-620.05955,-4.6968979,-2.0330586
10630,-3639.7765,-3153.5662,-486.21032,-4.1497175,-1.524942
10631,-3293.1993,-2819.4395,-473.75972,-4.0593993,-1.1089731
10632,-4457.8324,-3842.9482,-614.88423,-5.3768037,-1.3252383
10633,-3816.6406,-3461.1593,-355.48129,-3.0560941,0.95329127
10634,-4320.0596,-3951.5393,-368.52024,-3.2106644,1.2766806
10635,-3594.0112,-3055.785,-538.22614,-4.7975429,0.54950625
10636,-2671.5531,-2314.3186,-357.23445,-3.0718993,0.75683609
10637,-2391.2402,-1829.8349,-561.40529,-4.9322838,0.87346385
10638,-2556.6629,-2183.6161,-373.04682,-3.2279047,-0.10652888
10639,-3188.797,-2584.0768,-604.72025,-5.2801733,1.0400012
10640,-3829.0354,-3331.4395,-497.59584,-4.3507993,1.8593458
10641,-4805.3631,-4372.1459,-433.21726,-3.8832577,0.79320045
10642,-5763.5754,-5221.2207,-542.35469,-4.7895769,0.45322404
10643,-6534.9125,-6107.1478,-427.76468,-3.6660884,-0.27056757
10644,-7920.7449,-7523.7466,-396.99824,-3.3965469,0.27147901
10645,-8855.121,-8372.3301,-482.79091,-4.193684,0.077246115
10646,-9839.0764,-9371.2706,-467.80572,-4.0277743,-0.4046948
10647,-11026.592,-10706.303,-320.28892,-2.8561913,-0.66995121
10648,-12178.831,-11832.015,-346.81518,-3.0834199,-1.7631504
10649,-13266.711,-12737.106,-529.60579,-4.6005476,-1.7870568
10650,-13734.853,-13645.635,-89.21757,-0.77599899,-0.37290343
10651,-14369.371,-14083.931,-285.43968,-2.5122144,0.57995458
10652,-14954.786,-14697.152,-257.63422,-2.3082815,0.61451321
10653,-15206.972,-15109.896,-97.075714,-0.86745763,-0.35631306
10654,-15701.81,-15322.165,-379.64499,-3.2199067,-2.4535329
10655,-15728.983,-15523.132,-205.8508,-1.7335646,-1.5457716
10656,-16197.601,-15950.618,-246.98345,-2.0951662,-2.1805646
10657,-16362.071,-16012.53,-349.54101,-3.0516263,-2.5642302
10658,-16488.402,-16292.115,-196.28707,-1.7064625,-0.79186422
10659,-16783.493,-16646.879,-136.6144,-1.2072935,-0.66557069
10660,-16747.263,-16371.225,-376.038,-3.2791976,0.81578428
10661,-16381.14,-16262.142,-118.99763,-1.036077,0.10611528
10662,-16282.935,-16049.873,-233.0615,-1.9844593,0.090297283
10663,-16005.006,-15798.787,-206.21864,-1.7771555,0.69687537
10664,-15770.458,-15461.712,-308.74601,-2.6262671,0.94864254
10665,-15226.518,-14986.073,-240.44475,-2.1502501,2.2423196
10666,-14888.998,-14670.618,-218.3801,-1.9189452,1.0013045
10667,-14416.089,-14142.894,-273.19495,-2.3853195,0.89661297
10668,-13783.002,-13552.276,-230.72547,-1.9780866,0.1654817
10669,-13283.397,-13121.351,-162.0454,-1.4120749,-1.8318703
10670,-13016.432,-12647.678,-368.75449,-3.1927269,-0.0080183681
10671,-12480.119,-12172.038,-308.08079,-2.7062978,0.68446475
10672,-12012.454,-11765.19,-247.26436,-2.2865265,0.21496966
10673,-11979.561,-11629.083,-350.47799,-3.1599732,-0.2502446
10674,-11685.899,-11282.672,-403.22766,-3.5839737,-1.4575562
10675,-11528.104,-11343.601,-184.50352,-1.6299351,-0.88628003
10676,-11554.801,-11150.987,-403.81418,-3.5502916,0.70189897
10677,-11398.912,-11100.868,-298.04491,-2.7239868,0.92632601
10678,-11478.525,-11247.294,-231.23147,-2.0925087,-0.43136959
10679,-11501.408,-11065.981,-435.42702,-3.759949,-1.1490904
10680,-11570.056,-11230.587,-339.46853,-2.9007395,-0.27744352
10681,-11701.631,-11425.167,-276.4643,-2.3466228,-2.6227341
10682,-11866.101,-11498.38,-367.72052,-3.0560896,-3.2079677
10683,-11915.68,-11653.651,-262.02903,-2.2297059,-0.90518985
10684,-12293.244,-12031.017,-262.22667,-2.2777993,0.94851889
10685,-11668.261,-11174.572,-493.68873,-4.1795823,1.8928177
10686,-12590.242,-12431.478,-158.76416,-1.3024937,0.89355182
10687,-11315.963,-10943.631,-372.33128,-3.1422846,0.29070413
10688,-12003.873,-11680.676,-323.19775,-2.7200792,-0.60958186
10689,-12015.791,-11681.167,-334.62445,-2.7033914,0.42983508
10690,-13434.518,-13158.695,-275.82287,-2.3345121,1.7322973
10691,-11697.818,-11362.273,-335.54495,-2.8129541,0.88810648
10692,-10219.024,-9887.6929,-331.33131,-2.8415806,0.7186037
10693,-11212.991,-10855.678,-357.31315,-2.9847836,0.020041145
10694,-12671.762,-12464.891,-206.87104,-1.7872024,0.033274522
10695,-12758.525,-12346.964,-411.56161,-3.4024895,-0.22178644
10696,-11997.199,-11690.503,-306.69638,-2.6153715,0.44427329
10697,-11525.244,-11349.988,-175.25546,-1.546988,-0.23529613
10698,-11702.585,-11370.134,-332.45037,-2.9592511,-1.4782856
10699,-11868.961,-11488.553,-380.40811,-3.4501704,-1.2690538
10700,-12123.531,-11943.063,-180.46739,-1.5963737,0.72678545
10701,-12722.294,-12384.798,-337.49576,-3.0201358,0.45870857
10702,-12368.566,-11999.079,-369.48741,-3.3102796,-0.38387944
10703,-12303.732,-12068.361,-235.371,-2.1323023,-1.0925472
10704,-12694.644,-12310.111,-384.533,-3.3682949,-2.2116818
10705,-12765.199,-12394.134,-371.0649,-3.1961304,-1.5697274
10706,-13406.868,-13178.349,-228.51846,-2.0068357,-1.2272881
10707,-13473.609,-13098.257,-375.35174,-3.2855609,-2.0605056
10708,-13324.872,-13044.207,-280.66421,-2.425556,-1.8961696
10709,-14066.175,-13798.94,-267.23455,-2.3193066,-0.013331862
10710,-14057.594,-13611.731,-445.86275,-4.1199007,0.51099789
10711,-14089.058,-13941.927,-147.13066,-1.2860862,1.0495177
10712,-14499.993,-14171.885,-328.10771,-2.7254613,0.30030962
10713,-14869.929,-14658.334,-211.59526,-1.7943006,-0.9346828
10714,-15371.918,-15032.261,-339.65703,-2.9909707,1.0687815
10715,-15235.099,-15003.762,-231.3367,-2.0730986,1.0475531
10716,-15373.348,-15205.712,-167.63614,-1.4766971,0.67705395
10717,-15710.391,-15286.787,-423.60411,-3.613181,0.70615715
10718,-15729.937,-15577.674,-152.26298,-1.2946367,0.16491684
10719,-16054.108,-15806.649,-247.45926,-2.1554431,-0.035021772
10720,-16314.399,-15948.653,-365.74592,-3.0885195,-0.31737155
10721,-16204.276,-15954.058,-250.21802,-2.0857815,-0.49635615
10722,-16080.804,-15857.75,-223.05399,-1.9637789,-0.34787464
10723,-16207.613,-15940.791,-266.82188,-2.3555169,-0.77901342
10724,-16270.063,-15906.887,-363.17656,-3.2197555,-1.1022118
10725,-16138.488,-16115.716,-22.771965,-0.1979169,-0.7675745
10726,-16146.115,-15884.775,-261.34002,-2.3008153,0.30932794
10727,-15984.03,-15680.369,-303.66127,-2.7616472,0.42830024
10728,-15975.926,-15892.637,-83.288276,-0.75563739,-0.50285893
10729,-15947.799,-15600.276,-347.52249,-3.0021282,-1.2283733
10730,-15840.536,-15567.846,-272.68986,-2.2972756,-1.1968571
10731,-15750.912,-15626.319,-124.59386,-1.0907131,-0.77652072
10732,-15846.257,-15430.756,-415.50075,-3.6728781,-1.2877448
10733,-15474.89,-15384.568,-90.321992,-0.79401206,-0.66896221
10734,-15668.439,-15379.655,-288.78497,-2.5025368,-1.0833014
10735,-15649.371,-15309.881,-339.48958,-3.0595255,-0.55880424
10736,-15379.069,-15273.52,-105.54875,-0.96655033,-0.06497427
10737,-15550.212,-15224.875,-325.33705,-2.8715632,-0.77960548
10738,-15503.97,-15287.278,-216.69189,-1.8553994,-0.75532212
10739,-15597.885,-15210.626,-387.25882,-3.3524064,1.5519985
10740,-15543.538,-15342.311,-201.22723,-1.817758,1.0291992
10741,-15545.922,-15375.232,-170.68954,-1.5011794,-0.63518653
10742,-15681.788,-15350.664,-331.1236,-2.8391093,-0.7703559
10743,-15531.143,-15419.946,-111.19713,-0.94237004,0.32608885
10744,-15915.382,-15675.455,-239.92686,-2.0844229,0.40799661
10745,-15769.505,-15478.91,-290.59487,-2.492304,-0.2503498
10746,-15735.657,-15548.192,-187.46542,-1.6197925,-0.43806543
10747,-16306.294,-15959.463,-346.83166,-2.9847344,0.33852902
10748,-15926.823,-15768.814,-158.00927,-1.3088955,0.5709924
10749,-16025.981,-15563.424,-462.55719,-3.8830326,0.081527352
10750,-14761.236,-14708.453,-52.783524,-0.38360566,-0.46821286
10751,-12199.806,-12067.869,-131.93685,-0.98720839,1.1660906
10752,-7803.9479,-7569.4434,-234.50448,-1.7166707,1.1225834
10753,-7263.3445,-7201.904,-61.440476,-0.52643497,0.057047634
10754,-3478.1676,-2827.3013,-650.86625,-3.9990037,0.93201166
10755,-89.623836,171.4856,-261.10944,-1.9878258,0.52224929
10756,2803.1285,2911.3244,-108.19588,-0.89347083,-0.23668551
10757,2554.2793,2888.7217,-334.44236,-2.9407777,-1.2408642
10758,3014.3166,3058.7332,-44.416632,-0.38029769,-0.078371103
10759,2254.4209,2342.8177,-88.396802,-0.75249425,0.51641127
10760,2739.7244,2987.977,-248.25257,-2.187905,0.73789719
10761,3795.1881,3879.8004,-84.612302,-0.72799616,0.39694582
10762,4315.7691,4677.2821,-361.51306,-3.1194914,-0.27476186
10763,4730.9944,4788.8215,-57.827084,-0.4967893,-0.93969932
10764,4641.8473,5095.4319,-453.58456,-3.9887439,-0.70043123
10765,4082.6518,4218.8407,-136.18892,-1.1626615,0.71388536
10766,2839.8361,2996.8215,-156.98537,-1.3610836,0.58931291
10767,1386.3091,1700.6065,-314.2974,-2.6537135,1.4125636
10768,-82.472998,-0.98272553,-81.490273,-0.66262774,0.020352306
10769,-2374.5549,-2166.9098,-207.64515,-1.6708341,0.36692372
10770,-4238.54,-4139.2399,-99.300114,-0.81344061,0.035661146
10771,-6104.432,-5904.7063,-199.7257,-1.5958482,-0.088989639
10772,-8271.6127,-8166.4491,-105.16353,-0.87615857,-0.66228088
10773,-10507.441,-10380.038,-127.40295,-1.087645,-1.2477746
10774,-12426.726,-12006.449,-420.27712,-3.6034938,-0.60874526
10775,-13895.032,-13952.737,57.705387,0.49727562,0.49015337
10776,-15367.628,-15098.104,-269.52391,-2.2521936,0.97121863
10777,-16945.102,-16684.223,-260.87977,-2.2248023,0.70039561
10778,-17789.855,-17796.177,6.3218349,0.056869023,0.15624305
10779,-18804.797,-18308.177,-496.62044,-4.2736122,-0.5815553
10780,-18988.335,-18899.777,-88.557844,-0.7532272,-0.42280212
10781,-19611.888,-19397.528,-214.36044,-1.7750251,-1.1253642
10782,-19901.259,-19622.572,-278.68687,-2.4573357,-0.46301507
10783,-20224.953,-20114.426,-110.52734,-0.97200166,-0.47504022
10784,-20777.952,-20474.104,-303.84794,-2.5755908,0.28459553
10785,-20718.361,-20551.739,-166.6223,-1.4520915,0.061251607
10786,-20481.43,-20303.601,-177.8294,-1.5831453,-0.7525855
10787,-20229.721,-20055.954,-173.76674,-1.4806155,-0.016027731
10788,-19868.365,-19736.077,-132.28822,-1.0883154,-1.0578602
10789,-19423.583,-19076.668,-346.91492,-2.9520747,-0.36220997
10790,-18528.298,-18497.843,-30.455341,-0.26730134,-0.28687966
10791,-17951.94,-17693.482,-258.45864,-2.3042267,0.24670413
10792,-17107.188,-16874.871,-232.31668,-2.0374844,-0.32380477
10793,-16041.236,-15925.559,-115.67796,-1.0101223,1.0854694
10794,-15276.097,-14950.203,-325.89338,-2.7356292,-0.31562915
10795,-14281.177,-14119.309,-161.86789,-1.3080012,0.10432557
10796,-13415.449,-13103.171,-312.27796,-2.5207298,0.82312491
10797,-12320.894,-12233.95,-86.943759,-0.75714225,0.4866882
10798,-11868.484,-11667.9,-200.58398,-1.7901847,0.22141359
10799,-11183.911,-10753.474,-430.43653,-3.9151903,0.35778207
10800,-10487.896,-10598.695,110.7991,0.96250872,0.72153452
10801,-10345.356,-10075.885,-269.47084,-2.3288423,1.245504
10802,-9850.5177,-9692.6219,-157.89581,-1.3943334,0.54948792
10803,-9927.27,-9831.6775,-95.592475,-0.8496478,-0.4594034
10804,-9741.825,-9355.0557,-386.76929,-3.4340949,-1.1461758
10805,-9656.4916,-9634.6411,-21.850545,-0.193712,-0.028839262
10806,-9844.3203,-9562.9021,-281.41819,-2.4715547,0.11222351
10807,-9883.8883,-9725.5432,-158.34508,-1.3828101,-1.014751
10808,-10063.613,-9933.3896,-130.22303,-1.1551327,-0.27861889
10809,-10454.525,-10227.716,-226.80921,-1.9837362,0.57196253
10810,-9783.7765,-9588.9443,-194.8322,-1.6792638,0.25847473
10811,-10844.961,-10729.397,-115.56358,-0.99323806,0.85060205
10812,-9494.406,-9269.5585,-224.84742,-1.9195057,0.91201863
10813,-10225.698,-10094.065,-131.63306,-1.1391413,0.16132998
10814,-10296.73,-9905.382,-391.34802,-3.157953,0.4984088
10815,-11601.043,-11607.954,6.9111042,0.06003752,0.21579348
10816,-9900.5736,-9691.1478,-209.42576,-1.753973,-0.021371393
10817,-8328.8194,-8170.8714,-157.94797,-1.3566092,-0.1816536
10818,-9389.527,-9264.6449,-124.88209,-1.0440765,0.71595306
10819,-10835.903,-10667.486,-168.41756,-1.4401339,1.2852644
10820,-10796.335,-10713.674,-82.661491,-0.67531734,0.13808155
10821,-10125.587,-9784.9981,-340.58851,-2.8809032,-1.5640384
10822,-9600.2384,-9551.6008,-48.637594,-0.43952644,-1.2113724
10823,-9766.6145,-9561.9194,-204.69514,-1.9274487,-0.69043926
10824,-9898.1899,-9522.119,-376.07094,-3.4743839,-0.090985088
10825,-10095.076,-10171.209,76.132863,0.68138512,1.9515545
10826,-10698.13,-10436.545,-261.58525,-2.3442135,2.4825182
10827,-10284.335,-10132.883,-151.45228,-1.3760635,1.7340485
10828,-10353.46,-10174.649,-178.81121,-1.5796125,0.5127585
10829,-10631.389,-10387.9,-243.48901,-2.1789882,-0.25419743
10830,-10742.942,-10640.952,-101.99026,-0.86811866,-0.12017393
10831,-11468.991,-11306.257,-162.73349,-1.4192405,-0.42515352
10832,-11550.51,-11339.179,-211.33174,-1.8724654,-0.97296501
10833,-11547.173,-11409.935,-137.23844,-1.2146049,-0.45744903
10834,-12303.732,-12193.167,-110.56486,-0.98434839,0.051258267
10835,-12460.574,-12284.56,-176.0131,-1.569849,1.8688952
10836,-12669.378,-12498.795,-170.5834,-1.5031459,-0.56411085
10837,-13199.493,-13078.111,-121.38216,-1.0457182,-0.38449697
10838,-13803.978,-13601.413,-202.56499,-1.7738262,-0.19556191
10839,-14461.378,-14213.159,-248.21872,-2.2373394,0.31726626
10840,-14523.352,-14366.956,-156.3961,-1.4222528,1.5957522
10841,-14786.98,-14672.583,-114.39602,-1.0298532,-0.41585258
10842,-15224.134,-14998.848,-225.28571,-1.9813005,-0.88984561
10843,-15529.713,-15327.57,-202.14316,-1.7362234,-0.8618862
10844,-15834.816,-15751.125,-83.690882,-0.73400773,-0.66740811
10845,-16210.95,-16011.056,-199.89406,-1.7320946,-0.19861032
10846,-16155.173,-16016.952,-138.22117,-1.1620484,-0.57085629
10847,-16119.419,-16018.426,-100.99289,-0.88920112,-0.5218979
10848,-16368.268,-16145.689,-222.5791,-1.9835367,-0.073614908
10849,-16346.816,-16076.898,-269.91737,-2.4562762,0.20091653
10850,-16314.875,-16323.071,8.1957845,0.074575292,1.5279518
10851,-16247.181,-15988.944,-258.2363,-2.3258133,2.4337197
10852,-16015.017,-15894.603,-120.41407,-1.0727749,0.74112446
10853,-16029.318,-15879.862,-149.45663,-1.3375837,-0.10064899
10854,-15834.339,-15614.526,-219.81301,-1.9303505,-0.18972471
10855,-15757.587,-15558.019,-199.5674,-1.7001527,0.12404699
10856,-15487.285,-15448.445,-38.839619,-0.33159765,-0.84442392
10857,-15513.028,-15205.712,-307.31584,-2.7336291,-0.74813055
10858,-15136.417,-14986.564,-149.85283,-1.3475134,0.15240115
10859,-15131.173,-15024.399,-106.77395,-0.93854689,-0.15213883
10860,-15066.339,-14782.157,-284.18153,-2.5247117,0.16254077
10861,-14565.304,-14617.06,51.755963,0.47252987,0.29224082
10862,-14785.073,-14557.113,-227.95938,-2.0206875,-0.72222556
10863,-14622.034,-14489.305,-132.72834,-1.1452185,-0.82587211
10864,-14648.73,-14422.48,-226.25013,-2.0037763,0.3586121
10865,-14574.838,-14490.288,-84.550081,-0.79943875,1.5551746
10866,-14536.7,-14389.559,-147.14164,-1.3349505,0.93318795
10867,-14716.425,-14508.468,-207.95625,-1.8266569,-1.0690633
10868,-14543.851,-14390.541,-153.30976,-1.3686733,-0.57209179
10869,-14918.078,-14770.365,-147.71353,-1.2914606,-0.20441241
10870,-14777.445,-14568.906,-208.53912,-1.7925255,-1.0534549
10871,-14708.32,-14594.457,-113.86348,-0.96660224,-0.9228942
10872,-15307.561,-15144.783,-162.77741,-1.3742872,-0.2983241
10873,-14949.065,-14834.242,-114.82333,-0.93984558,1.1544639
10874,-15156.439,-14835.716,-320.72355,-2.7169248,0.7013758
10875,-14432.775,-14473.582,40.8069,0.3271855,0.70962795
10876,-13494.585,-13447.616,-46.968607,-0.39726962,1.0661716
10877,-10960.804,-10752.491,-208.31311,-1.6564335,0.92333209
10878,-10203.769,-10322.058,118.28849,0.97208036,-0.57241686
10879,-6012.9013,-5751.4012,-261.50015,-1.669751,0.1479196
10880,-4213.7505,-4470.4184,256.66796,2.1939358,-1.1911866
10881,-3922.9497,-3922.5489,-0.40077633,-0.003421203,-0.20270164
10882,-5248.2384,-5080.691,-167.54738,-1.5048507,-1.9545835
10883,-4880.6853,-4822.7255,-57.959761,-0.51469129,0.0020952011
10884,-5898.4879,-5951.3858,52.897901,0.45799094,2.3581164
10885,-5606.7337,-5474.2726,-132.46115,-1.1464392,0.97097889
10886,-4320.0596,-4334.8023,14.742713,0.12206242,0.32069864
10887,-3450.5177,-3426.2726,-24.245138,-0.20314857,0.46000361
10888,-3396.648,-3384.0154,-12.63269,-0.11193553,0.36293822
10889,-3766.108,-3647.3858,-118.72221,-1.0665306,0.86788855
10890,-4038.3166,-4118.6027,80.286114,0.734898,1.476356
10891,-4925.0205,-4960.3071,35.286618,0.30959692,0.1927577
10892,-6085.3631,-6010.3493,-75.0138,-0.6490886,0.20796416
10893,-6889.1173,-6842.2265,-46.890831,-0.41019232,1.2741093
10894,-8312.1341,-8277.0058,-35.12832,-0.29609782,0.73450578
10895,-9402.8752,-9319.1862,-83.689052,-0.7029535,-1.1066124
10896,-10641.877,-10465.044,-176.83295,-1.4602535,-0.12607992
10897,-11881.356,-11827.593,-53.762589,-0.46951292,-0.41289994
10898,-13156.588,-13014.726,-141.86293,-1.246063,-0.68530244
10899,-14300.246,-13985.658,-314.58746,-2.7244095,-0.17458606
10900,-15185.043,-15278.434,93.390951,0.82054692,-0.33664009
10901,-16207.136,-15986.979,-220.15705,-1.9888925,1.1029215
10902,-17175.359,-16982.48,-192.87956,-1.7083343,1.0402588
10903,-17533.855,-17430.603,-103.25206,-0.90468244,-0.94543205
10904,-17943.836,-17707.24,-236.5962,-2.0286364,-1.2677504
10905,-17976.253,-17918.035,-58.21871,-0.49129675,-0.84815981
10906,-18412.931,-18264.937,-147.99444,-1.260755,-1.5259
10907,-18617.922,-18439.37,-178.55135,-1.554556,-1.9347637
10908,-18880.119,-18764.161,-115.95795,-1.0082304,-0.16139418
10909,-19312.983,-19210.81,-102.17326,-0.8984276,0.19763308
10910,-19342.063,-19168.061,-174.00189,-1.5201455,0.90505513
10911,-19066.994,-18956.775,-110.21898,-0.96831162,-0.22210913
10912,-18923.501,-18768.092,-155.4088,-1.3526442,-0.098756197
10913,-18802.89,-18601.52,-201.36998,-1.7304958,1.4483486
10914,-18512.566,-18254.127,-258.43943,-2.2525984,0.97119734
10915,-17928.104,-17886.096,-42.008314,-0.37408874,1.9343747
10916,-17569.132,-17388.837,-180.29536,-1.633215,-0.34209623
10917,-17104.328,-17009.013,-95.314311,-0.81598436,-0.81977867
10918,-16428.812,-16276.392,-152.42036,-1.2884424,-0.22548389
10919,-15875.337,-15838.096,-37.241088,-0.32203476,-0.76233685
10920,-15425.311,-15352.63,-72.681428,-0.61260826,-0.64124325
10921,-14795.561,-14633.274,-162.28605,-1.3648493,-1.0821135
10922,-14199.181,-14246.081,46.899981,0.41228738,-0.77823419
10923,-14010.399,-13828.422,-181.97625,-1.597708,0.83397201
10924,-13566.57,-13383.739,-182.83087,-1.6545127,0.73680186
10925,-13250.026,-13367.524,117.49792,1.0621423,0.09243522
10926,-13262.421,-13047.647,-214.77402,-1.9125343,0.91962749
10927,-12955.412,-12963.624,8.2122548,0.075113358,-0.45617118
10928,-13181.378,-13038.802,-142.57572,-1.2875391,-0.16599827
10929,-13006.898,-12845.205,-161.6922,-1.391752,-1.0210067
10930,-13043.128,-13035.363,-7.7657277,-0.065351586,-1.0183015
10931,-13158.495,-13023.57,-134.92529,-1.1458323,-1.1100241
10932,-13307.233,-13244.683,-62.549473,-0.53167158,-0.54153687
10933,-13468.842,-13293.328,-175.5135,-1.5275349,-0.13922831
10934,-13680.983,-13775.846,94.863209,0.80394669,0.6468695
10935,-13121.788,-12977.873,-143.91439,-1.1739902,0.39736584
10936,-14013.259,-14057.397,44.138467,0.36409909,-0.64890707
10937,-12823.359,-12755.286,-68.073416,-0.58852025,-0.20114966
10938,-13580.395,-13425.996,-154.39862,-1.3297195,-0.11448141
10939,-13527.479,-13454.004,-73.474746,-0.604027,1.2313479
10940,-14965.274,-14895.662,-69.611555,-0.61297875,1.2838236
10941,-13115.114,-13019.639,-95.474439,-0.82949056,0.85068286
10942,-11706.399,-11623.186,-83.21233,-0.71437899,-0.70472344
10943,-12821.453,-12578.887,-242.56576,-2.0136598,-0.37230462
10944,-14183.449,-14285.881,102.43221,0.90082884,1.9434626
10945,-14254.48,-14149.282,-105.1983,-0.88828106,0.75852769
10946,-13494.585,-13336.568,-158.01659,-1.3996959,-0.95637585
10947,-13077.453,-13089.904,12.451517,0.1144376,-0.35979056
10948,-13224.283,-13049.121,-175.16213,-1.595456,-1.1128496
10949,-13313.43,-13224.046,-89.384102,-0.81556136,0.53195052
10950,-13633.311,-13663.816,30.504752,0.27043621,-0.15454985
10951,-14043.292,-14002.365,-40.927682,-0.36829151,0.85719651
10952,-13776.804,-13707.547,-69.257444,-0.62455637,0.28669879
10953,-13679.076,-13569.474,-109.60226,-0.96377886,-0.4710411
10954,-13962.25,-13953.228,-9.0211275,-0.074980089,-2.0108943
10955,-14062.838,-13903.109,-159.72858,-1.3438053,-2.260563
10956,-14657.788,-14680.937,23.148951,0.19690998,-3.0379841
10957,-14751.225,-14603.793,-147.43262,-1.3077255,-2.5025414
10958,-14637.765,-14483.9,-153.86517,-1.3522841,-0.95929473
10959,-15296.596,-15339.854,43.258224,0.37980082,0.47748794
10960,-15352.372,-15139.378,-212.99432,-1.9039268,1.201865
10961,-15279.434,-15344.276,64.8425,0.57700271,0.31479341
10962,-15874.86,-15703.954,-170.9064,-1.4574264,-0.034650895
10963,-16171.858,-16093.113,-78.745229,-0.69693738,0.35006749
10964,-16686.242,-16618.871,-67.370685,-0.57768576,1.2804397
10965,-16585.654,-16523.056,-62.597969,-0.56757381,-0.29991537
10966,-16752.507,-16733.85,-18.65623,-0.16732882,-0.27743671
10967,-17103.851,-16948.576,-155.27521,-1.3745703,-0.27375909
10968,-17209.683,-17090.58,-119.10377,-1.0586479,0.36093564
10969,-17499.054,-17511.678,12.623539,0.11280927,0.24055366
10970,-17802.726,-17539.685,-263.04104,-2.2825416,0.17841715
10971,-17651.128,-17604.545,-46.583386,-0.40144174,-0.64604826
10972,-17609.177,-17566.71,-42.466736,-0.37863305,-0.11325218
10973,-17806.063,-17626.165,-179.89825,-1.6028865,-1.4120797
10974,-17841.341,-17696.921,-144.41948,-1.2690145,-0.62564535
10975,-17746.473,-17818.288,71.81491,0.63000279,-0.97227507
10976,-17756.007,-17641.889,-114.11877,-1.028972,0.89299609
10977,-17610.607,-17456.154,-154.45353,-1.4142422,-0.19022916
10978,-17606.317,-17589.804,-16.512351,-0.14513288,-1.716475
10979,-17515.263,-17388.345,-126.91708,-1.0883986,-1.9109
10980,-17395.605,-17321.52,-74.085061,-0.63562656,-2.3836562
10981,-17262.123,-17319.063,56.940435,0.4854025,-3.0816147
10982,-17346.503,-17148.069,-198.4337,-1.7685992,-2.7999135
10983,-17037.11,-16973.144,-63.965916,-0.57046139,0.70478943
10984,-17114.339,-17163.301,48.962424,0.44407983,0.66848481
10985,-17106.235,-16837.036,-269.19817,-2.3903417,0.29824993
10986,-16747.739,-16849.812,102.07261,0.92270489,-1.0467129
10987,-17003.263,-16766.28,-236.98234,-2.0797759,-1.1162126
10988,-16865.49,-16782.495,-82.994556,-0.71145455,0.17034094
10989,-16934.615,-16826.226,-108.38804,-0.94465082,0.88748354
10990,-16815.434,-16775.616,-39.817769,-0.35710364,1.4689682
10991,-16872.641,-16882.733,10.092609,0.091548221,0.61014082
10992,-17024.238,-16811.486,-212.75276,-1.8916126,1.4419845
10993,-16837.84,-16851.777,13.9375,0.12375465,1.3711174
10994,-17201.579,-17195.731,-5.8478574,-0.052013269,0.58933335
10995,-16976.089,-16851.777,-124.31203,-1.0813016,0.31375211
10996,-17018.041,-17019.823,1.7824482,0.015294292,-0.40804459
10997,-17487.613,-17376.061,-111.55124,-0.98838178,0.28631086
10998,-17225.892,-17151.509,-74.383355,-0.62408821,0.89674801
10999,-17249.728,-17100.407,-149.32121,-1.2604872,-0.24454174
11000,-16587.561,-16604.131,16.569997,0.1319316,-1.5200586
11001,-15501.587,-15553.597,52.010337,0.44614089,0.13432458
11002,-12609.788,-12551.862,-57.925905,-0.45344784,1.3924346
11003,-10971.292,-11484.622,513.32952,3.8170385,-0.78893673
11004,-5053.2588,-5100.3455,47.086644,0.25280814,0.29063136
11005,-1302.406,-1541.8964,239.49039,1.847541,-0.8726063
11006,749.40782,327.73896,421.66886,3.4581621,-2.1523667
11007,-673.60894,-625.99616,-47.612777,-0.40299327,-1.9690219
11008,-1123.1583,-1159.6161,36.457836,0.31581923,-2.3163753
11009,-1856.8343,-2119.739,262.9047,2.3068794,-0.2731441
11010,-1542.6741,-1706.9942,164.32013,1.4526421,0.68592374
11011,-520.10428,-772.91363,252.80934,2.0649876,-0.27029687
11012,715.0838,678.08061,37.003185,0.30398813,-1.1892093
11013,1473.0726,1113.9194,359.15324,3.0170072,-0.73314128
11014,1400.1341,1316.3608,83.773234,0.73154224,0.75072766
11015,780.39479,620.59117,159.80362,1.3793538,1.8028273
11016,-151.59777,-345.42802,193.83026,1.6664978,0.59555978
11017,-1701.4227,-1660.3148,-41.10794,-0.33990036,0.30638789
11018,-3117.2886,-3214.4952,97.206561,0.80775624,0.1369776
11019,-5034.6667,-5092.4837,57.817019,0.46873524,0.91772834
11020,-6809.9814,-6754.7639,-55.217462,-0.46035077,-0.19056437
11021,-8545.2514,-8506.4722,-38.779228,-0.31346812,-0.75534044
11022,-10484.082,-10433.597,-50.485008,-0.43609891,0.24695873
11023,-12478.212,-12394.134,-84.077933,-0.74265254,-0.58243995
11024,-13887.404,-13705.582,-181.82252,-1.5864427,-0.33944467
11025,-15432.939,-15550.649,117.7102,1.0138263,-1.2282738
11026,-17095.27,-16895.509,-199.76138,-1.687877,-0.63286
11027,-18502.555,-18395.639,-106.91578,-0.94613701,0.53370203
11028,-19302.495,-19330.211,27.715788,0.25223815,0.33573456
11029,-19848.819,-19632.399,-216.42013,-1.8692332,-0.64239816
11030,-20072.879,-20010.749,-62.130397,-0.52969509,-0.91000338
11031,-20408.968,-20421.036,12.068126,0.10292922,-2.2961282
11032,-20928.119,-20654.925,-273.19404,-2.3735419,-2.2220177
11033,-21278.034,-21159.555,-118.47882,-1.0246887,-1.3894352
11034,-21702.317,-21642.564,-59.752274,-0.51858283,-1.1625102
11035,-21896.819,-21687.278,-209.54106,-1.8912526,1.1368557
11036,-21553.102,-21573.282,20.179729,0.18011507,1.9615787
11037,-21433.922,-21288.292,-145.63004,-1.1973954,0.21039949
11038,-21085.914,-21076.514,-9.3999435,-0.077965738,-1.2258982
11039,-20621.587,-20515.869,-105.71711,-0.89050062,-0.30939295
11040,-19928.432,-19954.242,25.809813,0.23528607,0.48522476
11041,-19255.777,-19281.075,25.29832,0.22628842,0.45669755
11042,-18650.339,-18530.764,-119.575,-1.0399436,-0.27918817
11043,-17686.883,-17703.8,16.917702,0.14803263,0.4242538
11044,-16789.691,-16827.209,37.518338,0.323643,-0.40813521
11045,-16142.778,-16119.155,-23.622928,-0.19991502,-0.82824067
11046,-15081.117,-15144.292,63.174428,0.54125788,-1.1433405
11047,-14356.499,-14359.585,3.0863438,0.027864898,-0.12754601
11048,-13759.642,-13776.829,17.186717,0.15210459,-0.28631314
11049,-13090.324,-12999.985,-90.339377,-0.77588811,0.50899189
11050,-12562.592,-12758.726,196.13335,1.6837295,0.36144562
11051,-12360.462,-12351.877,-8.5846656,-0.074652964,-0.2326755
11052,-12090.637,-12046.25,-44.387351,-0.40603619,0.29769371
11053,-12063.464,-12191.202,127.73785,1.15363,-0.30493523
11054,-11822.242,-11823.171,0.92873967,0.0081301272,0.45165323
11055,-11834.16,-11958.787,124.6268,1.1018032,-1.048171
11056,-11908.529,-11972.054,63.524879,0.56038618,-1.3869379
11057,-12089.207,-12027.086,-62.120332,-0.54086118,-1.5692464
11058,-12197.899,-12270.802,72.902862,0.64226069,0.36895084
11059,-12550.197,-12589.205,39.007981,0.34126867,-0.59930705
11060,-11975.27,-11858.058,-117.21244,-0.99823521,-0.48476814
11061,-12898.205,-13055.509,157.3038,1.3526867,0.60123967
11062,-11784.581,-11651.685,-132.89578,-1.139298,1.0041608
11063,-12445.795,-12508.131,62.33536,0.52140301,0.26183127
11064,-12496.328,-12466.856,-29.471701,-0.23570977,-1.3407583
11065,-13819.233,-13900.653,81.419816,0.68963005,0.14104408
11066,-12006.734,-12049.689,42.955354,0.36124239,1.6095005
11067,-10664.76,-10568.722,-96.038087,-0.81373259,-0.17152639
11068,-11608.67,-11659.056,50.385271,0.40396937,-0.32961502
11069,-13062.674,-13241.244,178.56965,1.4964397,0.26409246
11070,-13042.175,-13021.113,-21.061803,-0.17516521,-1.020577
11071,-12279.896,-12293.896,14.000636,0.11966027,-1.6694253
11072,-11842.264,-11901.298,59.033073,0.53623392,-1.6764856
11073,-11935.702,-12002.518,66.816186,0.60445891,-1.394921
11074,-12068.231,-11962.718,-105.51306,-0.94405788,-0.6852533
11075,-12283.233,-12498.303,215.07049,1.8717532,0.57065309
11076,-12826.696,-12811.301,-15.395118,-0.13771795,1.553377
11077,-12505.862,-12445.727,-60.13475,-0.54145714,0.92439778
11078,-12406.227,-12473.735,67.507937,0.60749222,-0.2951156
11079,-12768.06,-12773.958,5.8981832,0.051104313,-0.41204608
11080,-12822.406,-12793.612,-28.793675,-0.24372548,-0.35932451
11081,-13492.201,-13583.724,91.522491,0.80482307,-0.28137518
11082,-13562.279,-13511.493,-50.786047,-0.46320818,-1.0957286
11083,-13449.296,-13547.854,98.558037,0.85411819,-0.76270705
11084,-14258.294,-14394.964,136.6693,1.1783225,-0.16784121
11085,-14311.21,-14218.073,-93.137492,-0.83225418,-0.15045833
11086,-14470.436,-14623.447,153.01146,1.3745423,-0.46101126
11087,-15066.816,-14935.463,-131.35307,-1.1462845,0.47256806
11088,-15504.924,-15550.649,45.725102,0.39327543,0.90049073
11089,-16192.358,-16037.589,-154.76829,-1.3866841,0.15527469
11090,-16090.339,-16141.267,50.927875,0.44728343,-0.85633644
11091,-16445.02,-16456.23,11.209842,0.10258437,-1.202376
11092,-16850.711,-16700.929,-149.78238,-1.3310971,-0.28559632
11093,-17038.54,-17087.14,48.600078,0.43144853,-0.064228309
11094,-17396.082,-17480.722,84.639752,0.73588055,-0.14685973
11095,-17719.777,-17623.708,-96.068283,-0.80064761,-0.7558979
11096,-17765.065,-17714.119,-50.946175,-0.42724665,-1.3588463
11097,-17636.827,-17632.553,-4.2740325,-0.038375392,-0.033294566
11098,-17859.933,-17837.942,-21.990542,-0.1979009,-0.44240966
11099,-17897.117,-17757.85,-139.26703,-1.2300838,-0.70536691
11100,-17762.205,-17954.887,192.68191,1.6660681,-0.7945832
11101,-17801.773,-17735.739,-66.033848,-0.58709042,0.96097854
11102,-17569.132,-17458.61,-110.52185,-1.0180745,0.46566189
11103,-17569.609,-17720.998,151.38914,1.4084902,0.32469264
11104,-17428.022,-17267.962,-160.06073,-1.4035486,-0.90744028
11105,-17208.253,-17268.453,60.199716,0.51420326,-0.49475834
11106,-17184.417,-17211.946,27.529125,0.23507693,-0.80752992
11107,-17096.223,-16927.939,-168.28488,-1.500352,-2.1680857
11108,-16767.285,-16867.992,100.70741,0.90423296,0.46430638
11109,-16739.635,-16782.987,43.351555,0.37772561,0.63578272
11110,-16647.151,-16587.424,-59.726654,-0.52665502,-0.96463523
11111,-16332.991,-16461.635,128.64463,1.1521759,-0.54485838
11112,-16425.475,-16323.071,-102.40384,-0.88596328,-2.1871
11113,-16339.188,-16383.509,44.320555,0.37977141,-1.3549966
11114,-16297.236,-16238.557,-58.679877,-0.52466214,0.22110941
11115,-16244.32,-16285.727,41.407149,0.38375815,0.16254762
11116,-16237.169,-16298.994,61.824782,0.54724328,-0.42951987
11117,-16367.315,-16250.349,-116.96538,-1.014132,-1.0123152
11118,-16208.089,-16309.313,101.22347,0.91048735,0.069571883
11119,-16486.019,-16551.555,65.536081,0.57716532,0.27208243
11120,-16352.536,-16302.434,-50.102532,-0.4277878,-0.32995967
11121,-16397.825,-16416.43,18.604989,0.1609691,-1.4836679
11122,-16871.21,-16841.95,-29.260332,-0.25393821,0.57893702
11123,-16656.209,-16723.532,67.323104,0.56856829,2.0383363
11124,-16668.603,-16516.177,-152.42677,-1.3370932,1.5373655
11125,-16128.477,-16235.608,107.13172,0.87060355,0.48554399
11126,-15060.142,-15095.155,35.013943,0.29252921,1.0183489
11127,-11844.171,-11857.075,12.903534,0.097832069,1.4397215
11128,-9676.0372,-10056.23,380.19308,2.8133049,1.0662954
11129,-3879.568,-3918.1267,38.558709,0.23172905,1.5174145
11130,-1963.6201,-2425.3666,461.74649,3.9492516,-0.35727346
11131,-1610.8454,-1798.3877,187.54228,1.5899942,0.55402618
11132,-3039.1061,-2882.8253,-156.28081,-1.3711723,-0.93772538
11133,-2936.1341,-3098.5336,162.39951,1.4453085,-0.60547733
11134,-3981.5866,-4208.0307,226.44412,2.0114276,1.6928207
11135,-3643.5903,-3697.5048,53.914482,0.46470784,1.5937765
11136,-1982.2123,-2087.8004,105.58809,0.86861739,0.9878791
11137,-822.82309,-993.04415,170.22105,1.4524041,-0.52908782
11138,-735.58287,-979.77735,244.19448,2.0863685,-0.15305596
11139,-940.57356,-906.5643,-34.009257,-0.29679863,-0.12661099
11140,-1547.9181,-1760.5528,212.63472,1.8909682,0.61223885
11141,-2611.486,-2630.2649,18.778842,0.16504739,-0.45081691
11142,-4154.6369,-4176.5835,21.946622,0.18791523,-0.33316892
11143,-5271.5978,-5334.7255,63.127762,0.52678148,-0.4728
11144,-6893.4078,-6941.9731,48.565307,0.40043717,0.82366394
11145,-8590.0633,-8618.0115,27.948202,0.23293067,-0.88846507
11146,-10055.032,-9991.3704,-63.661216,-0.51947933,0.014450174
11147,-11714.026,-11779.44,65.413469,0.54981572,0.31779792
11148,-13336.313,-13342.464,6.1516422,0.054429833,0.37346485
11149,-14722.145,-14525.175,-196.97059,-1.7530318,0.6175891
11150,-16099.397,-16335.846,236.4498,2.1167972,0.29566137
11151,-17448.521,-17196.714,-251.8074,-2.1783165,0.76293936
11152,-18592.655,-18547.962,-44.693881,-0.39888496,0.87081966
11153,-19084.633,-19101.727,17.0943,0.15222057,0.59211341
11154,-19402.607,-19241.766,-160.84124,-1.4181396,-0.24151453
11155,-19670.525,-19749.344,78.81843,0.68445998,-0.16869387
11156,-20030.451,-19947.363,-83.087888,-0.72878352,-1.1334365
11157,-20427.084,-20374.848,-52.23543,-0.47225521,-1.1957332
11158,-20689.281,-20759.094,69.812858,0.62590855,-0.089500239
11159,-21152.655,-21129.582,-23.07392,-0.20296028,0.6413284
11160,-21268.976,-21251.931,-17.044889,-0.14968576,1.0226265
11161,-20819.426,-20792.998,-26.428363,-0.23857836,0.67159644
11162,-20777.475,-20767.447,-10.027643,-0.089351702,1.4184305
11163,-20348.425,-20370.917,22.492885,0.19194194,1.2534415
11164,-19997.557,-19855.969,-141.58751,-1.2656828,-0.077700738
11165,-19326.331,-19486.464,160.13302,1.4467793,0.3348585
11166,-18718.034,-18669.82,-48.213942,-0.43378324,-0.36093281
11167,-18268.484,-18245.282,-23.202022,-0.20371356,-0.12411693
11168,-17249.251,-17314.641,65.389678,0.57171406,-0.020072323
11169,-16567.061,-16614.449,47.387684,0.41926651,-0.62936793
11170,-15964.007,-16029.727,65.719998,0.55127265,-0.3494445
11171,-15104.953,-15014.572,-90.381468,-0.76736309,-1.0575058
11172,-14433.728,-14586.104,152.37553,1.3371265,-1.1698921
11173,-13861.184,-13928.66,67.475911,0.59132073,-0.2675973
11174,-13382.555,-13351.309,-31.245914,-0.27849485,-0.21958186
11175,-12975.911,-13293.328,317.4176,2.8345181,0.51598448
11176,-12880.566,-12762.656,-117.90968,-1.0538066,2.0480298
11177,-12651.739,-12796.069,144.32981,1.2918457,1.0873759
11178,-12622.182,-12675.685,53.502725,0.46986936,0.068091919
11179,-12546.86,-12540.56,-6.2998745,-0.053647438,-1.3095169
11180,-12519.21,-12631.463,112.25214,0.99065471,-0.8096001
11181,-12724.678,-12631.463,-93.215268,-0.82740374,0.17429156
11182,-12842.428,-12913.505,71.076493,0.62881896,0.76105136
11183,-12977.818,-12971.977,-5.8405373,-0.050537174,1.321019
11184,-13254.793,-13444.177,189.38329,1.6423903,0.75371221
11185,-12765.676,-12621.144,-144.53202,-1.2353385,-0.9379547
11186,-13630.451,-13790.096,159.64532,1.3383795,0.82542486
11187,-12496.804,-12531.716,34.911462,0.29756573,1.2855512
11188,-13104.626,-13129.704,25.078716,0.216508,0.40669647
11189,-13235.724,-13276.131,40.406123,0.32141738,0.78245543
11190,-14534.793,-14593.474,58.680792,0.50395962,0.14800377
11191,-12597.393,-12655.048,57.655061,0.49206569,1.123608
11192,-11359.345,-11390.28,30.935724,0.2711176,-0.37426309
11193,-12289.43,-12265.397,-24.032855,-0.20296809,-0.39365896
11194,-13831.151,-14048.553,217.40195,1.9068919,0.079538697
11195,-13731.039,-13700.668,-30.37116,-0.25620165,-0.51868624
11196,-13096.998,-13041.259,-55.739021,-0.48849023,-1.8809084
11197,-12589.765,-12711.063,121.29798,1.0724021,-0.9424856
11198,-12738.503,-12690.917,-47.585327,-0.42107289,-1.8615312
11199,-12839.568,-12829.973,-9.5948416,-0.08589829,-0.46404259
11200,-13121.311,-13226.994,105.68325,0.94849204,0.90734174
11201,-13617.102,-13619.593,2.4906694,0.022164436,0.66504291
11202,-13249.549,-13308.069,58.51975,0.51019621,0.59582391
11203,-13111.3,-13226.994,115.69443,1.0105176,-0.12450049
11204,-13527.002,-13551.294,24.291804,0.20512952,-1.7167273
11205,-13546.071,-13586.672,40.601022,0.33919956,-1.9142023
11206,-14234.935,-14311.432,76.497039,0.6704407,-0.57296029
11207,-14292.618,-14278.019,-14.599056,-0.13051326,-0.51755449
11208,-14205.378,-14186.134,-19.243669,-0.16774563,1.5992648
11209,-14988.156,-15106.457,118.30039,1.0460505,0.45478919
11210,-14982.436,-14897.136,-85.299478,-0.74460004,0.29326204
11211,-15151.196,-15268.115,116.91963,1.0098473,0.093861246
11212,-15720.879,-15668.084,-52.794504,-0.44378636,1.0285861
11213,-16091.292,-16142.25,50.957155,0.4419333,1.6248218
11214,-16715.322,-16725.497,10.174961,0.090661968,1.2918274
11215,-16650.965,-16585.95,-65.014522,-0.6191277,1.0867787
11216,-16888.849,-17011.47,122.62109,1.1092863,0.35159956
11217,-17269.274,-17194.257,-75.016545,-0.66032293,0.99586486
11218,-17361.281,-17420.775,59.49424,0.52220952,0.69028229
11219,-17720.73,-17883.148,162.41781,1.4632496,0.17272266
11220,-17979.114,-17912.138,-66.975398,-0.57887884,0.065532739
11221,-17985.788,-18027.608,41.820736,0.36233814,-0.42721713
11222,-17894.257,-17926.388,32.130733,0.28932594,-0.90799257
11223,-18054.912,-18055.616,0.70364612,0.0064583486,-0.54088392
11224,-18131.665,-18062.987,-68.67824,-0.62678237,-1.4774469
11225,-18055.389,-18156.837,101.44765,0.91632176,-0.041314476
11226,-18032.507,-18018.273,-14.233965,-0.12646501,0.075855843
11227,-17836.097,-17783.401,-52.695683,-0.47033448,0.025296142
11228,-17769.356,-17942.603,173.24701,1.5321075,-0.051690389
11229,-17695.94,-17647.785,-48.155381,-0.41756919,-1.2792453
11230,-17477.125,-17504.307,27.182335,0.23228011,-0.69758112
11231,-17418.965,-17599.631,180.66686,1.5168057,-1.6815387
11232,-17372.246,-17252.238,-120.00781,-1.0080295,-1.0794188
11233,-17007.076,-17144.63,137.55321,1.166398,0.74598604
11234,-17109.095,-17178.534,69.438617,0.60489924,0.61549939
11235,-16977.996,-16906.319,-71.677658,-0.61027186,0.71876355
11236,-16756.32,-16872.906,116.58565,1.0016483,-0.26804765
11237,-16802.562,-16739.747,-62.815743,-0.54902415,-0.045973679
11238,-16674.324,-16783.478,109.1539,0.92215918,1.6541396
11239,-16768.238,-16712.722,-55.516672,-0.48497677,1.1451316
11240,-16660.976,-16739.747,78.77085,0.72014851,1.3746165
11241,-16722.95,-16783.478,60.528206,0.55626105,0.85171287
11242,-16846.421,-16770.211,-76.209724,-0.67339021,1.5311839
11243,-16664.313,-16804.607,140.29368,1.2361386,1.4014831
11244,-17052.842,-17083.209,30.3675,0.26765604,0.97792142
11245,-16819.248,-16803.132,-16.115235,-0.13905044,0.72220384
11246,-16929.847,-16949.559,19.711241,0.17598484,0.075809491
11247,-17299.307,-17370.165,70.857805,0.62921736,0.26562814
11248,-17051.412,-17152.491,101.07982,0.83665618,0.9980175
11249,-17122.92,-17017.367,-105.55332,-0.87417736,-0.26116683
11250,-16427.382,-16627.716,200.33418,1.6194278,0.73445142
11251,-15454.391,-15437.144,-17.247108,-0.15078811,2.1613889
11252,-12567.836,-12522.871,-44.964725,-0.35279559,0.62972243
11253,-11324.067,-11542.603,218.53565,1.6709517,-0.12037673
11254,-5309.7356,-5343.0787,33.343127,0.18554823,0.4511701
11255,-2154.3091,-2275.501,121.19183,0.95971929,-1.1514467
11256,-690.77095,-750.8023,60.031354,0.49468453,-1.5717389
11257,-2127.6127,-2140.8676,13.254899,0.11042077,-2.0827762
11258,-2342.6145,-2382.1267,39.512154,0.33339629,-0.43252655
11259,-3243.1434,-3270.5106,27.367167,0.23331611,1.9632477
11260,-3073.9069,-3005.666,-68.240863,-0.59354407,0.84399192
11261,-1847.7765,-1956.1152,108.33863,0.87804975,0.39216473
11262,-606.86778,-581.77351,-25.094272,-0.20210543,-0.014045898
11263,-73.891993,-161.16699,87.274994,0.73725708,0.1770154
11264,-185.44507,-148.39155,-37.05351,-0.31744209,1.9062388
11265,-826.16015,-850.54894,24.388795,0.2129939,2.2123538
11266,-1680.4469,-1718.2956,37.848658,0.32760879,1.5021542
11267,-3127.7765,-3111.8004,-15.976152,-0.13642613,1.3091886
11268,-4499.3073,-4471.4012,-27.906111,-0.23532898,1.0259195
11269,-6185.4749,-6287.9693,102.49443,0.85280027,1.5933875
11270,-7924.5587,-7805.7889,-118.76979,-0.97779744,0.51165113
11271,-9488.6853,-9422.8637,-65.821565,-0.5253391,0.11839777
11272,-11351.24,-11377.996,26.755938,0.22337564,0.74837642
11273,-13065.534,-12996.545,-68.989345,-0.5888652,-0.12012786
11274,-14458.994,-14305.536,-153.4589,-1.3029025,-1.5578855
11275,-15915.382,-16070.019,154.63744,1.314145,-0.9604219
11276,-17326.48,-17279.263,-47.217491,-0.40841271,0.19327317
11277,-18713.266,-18706.672,-6.5945092,-0.058922183,0.72396999
11278,-19338.726,-19422.587,83.861075,0.75679385,-1.5156386
11279,-19774.927,-19759.662,-15.265186,-0.12866155,-3.0628014
11280,-20089.564,-20042.687,-46.877106,-0.39560308,-2.0788043
11281,-20348.901,-20436.76,87.858773,0.75655533,-1.4649864
11282,-20819.903,-20736,-83.903166,-0.73120848,-1.3137652
11283,-21091.158,-21133.021,41.862826,0.35764989,-0.72872021
11284,-21491.605,-21649.935,158.32953,1.3888107,-0.290748
11285,-21811.963,-21622.418,-189.54433,-1.6733801,1.231188
11286,-21287.091,-21453.39,166.29839,1.4404012,0.67920593
11287,-21354.786,-21323.67,-31.115982,-0.25527451,0.26189909
11288,-20901.423,-20878.987,-22.436155,-0.1902127,0.85907547
11289,-20540.067,-20505.551,-34.516175,-0.29145176,1.9010257
11290,-19939.873,-19902.649,-37.224618,-0.33311555,2.0357645
11291,-19179.978,-19334.142,154.16438,1.362797,0.76804951
11292,-18719.94,-18694.388,-25.552694,-0.22248007,-0.26680286
11293,-17635.397,-17704.783,69.386461,0.5956573,0.26547226
11294,-16896.953,-17095.002,198.04847,1.7587354,0.42002886
11295,-16302.48,-16241.013,-61.467011,-0.52875545,0.92461665
11296,-15356.186,-15417.489,61.303224,0.52346797,0.49411789
11297,-14683.054,-14701.083,18.02853,0.16131975,-0.41751882
11298,-14085.721,-14076.069,-9.6515725,-0.087725564,0.18254655
11299,-13512.7,-13454.004,-58.696347,-0.52783417,-0.31137178
11300,-13126.078,-13191.616,65.537911,0.58282713,-0.37657495
11301,-12865.788,-12833.413,-32.375042,-0.29068611,-0.033632563
11302,-12698.935,-12662.91,-36.025034,-0.32699262,1.42943
11303,-12550.674,-12640.307,89.632986,0.81194136,0.17092983
11304,-12498.711,-12466.365,-32.346676,-0.28356009,-1.5821032
11305,-12523.024,-12454.572,-68.452232,-0.58624244,-1.9744372
11306,-12519.687,-12665.858,146.17081,1.253164,-2.4561611
11307,-12784.745,-12686.987,-97.758315,-0.84871561,-2.6194625
11308,-12784.745,-12855.524,70.779113,0.62793818,-0.58201944
11309,-13195.203,-13303.155,107.95249,0.95555409,0.33837765
11310,-12633.624,-12403.47,-230.15359,-1.9847751,1.0225069
11311,-13458.354,-13774.864,316.50991,2.6385625,0.60462587
11312,-12437.214,-12232.476,-204.73815,-1.7608983,0.80813354
11313,-12989.259,-13090.395,101.13655,0.84864581,-0.4554042
11314,-13194.726,-13115.455,-79.271363,-0.64299131,0.67951954
11315,-14497.609,-14442.134,-55.474582,-0.48743131,1.8554489
11316,-12525.408,-12636.376,110.96838,0.96162522,0.98964673
11317,-11367.449,-11201.106,-166.34322,-1.412934,0.54722419
11318,-12223.642,-12282.595,58.952551,0.47624466,-0.044624767
11319,-13823.047,-13885.912,62.865153,0.54936251,0.78304953
11320,-13663.821,-13581.758,-82.063072,-0.70862048,0.90835821
11321,-12919.657,-13007.355,87.697731,0.76080841,-0.5444094
11322,-12541.616,-12520.415,-21.2018,-0.18706648,-1.2746679
11323,-12506.816,-12632.937,126.12102,1.1358615,-1.0010189
11324,-12805.244,-12669.789,-135.45508,-1.2381503,-1.0110439
11325,-12951.598,-13072.706,121.10857,1.0638543,0.6941113
11326,-13473.609,-13531.148,57.538854,0.51411108,0.72479343
11327,-13197.11,-13023.57,-173.53981,-1.5697217,0.44374914
11328,-12953.028,-13121.843,168.81468,1.5766276,-0.31356681
11329,-13446.436,-13346.887,-99.548998,-0.87772385,-1.0296207
11330,-13453.11,-13400.937,-52.173209,-0.44873334,-1.2907418
11331,-14129.102,-14256.399,127.29681,1.1158942,-2.2818424
11332,-14203.948,-14068.699,-135.2492,-1.221563,-2.2114681
11333,-14054.257,-14136.507,82.249735,0.72717794,-1.1591424
11334,-14931.426,-14902.05,-29.376539,-0.25806631,0.9182831
11335,-14885.661,-14801.321,-84.340543,-0.76345143,0.61738833
11336,-15059.188,-15155.593,96.405008,0.85907784,0.63792998
11337,-15577.862,-15554.58,-23.282543,-0.20001117,0.70839435
11338,-15982.6,-16046.925,64.325516,0.56137813,-0.32812939
11339,-16654.778,-16572.192,-82.58646,-0.75239097,1.336618
11340,-16516.052,-16595.777,79.72521,0.74059853,1.4773246
11341,-16899.337,-16968.722,69.384631,0.64545088,0.73241478
11342,-17225.892,-17093.036,-132.85552,-1.1790915,0.72451538
11343,-17393.698,-17498.902,105.20379,0.91866062,0.76947126
11344,-17858.026,-17833.52,-24.505917,-0.21623197,-0.055263096
11345,-18044.901,-17973.067,-71.834125,-0.62155103,0.24980259
11346,-18144.06,-18100.33,-43.729456,-0.39221048,1.0346565
11347,-17952.417,-18005.497,53.079989,0.49595648,1.9063631
11348,-18144.06,-18194.18,50.120832,0.45921306,0.58093905
11349,-18298.994,-18108.683,-190.31111,-1.7227239,0.38708499
11350,-18063.017,-18356.33,293.31337,2.5971023,0.87035677
11351,-18176.953,-18103.77,-73.183771,-0.66374627,0.98180878
11352,-17856.119,-17872.829,16.709994,0.1527415,-0.033473601
11353,-17905.698,-18019.255,113.55695,1.0415554,-0.58181205
11354,-17816.074,-17692.499,-123.57545,-1.0936254,-0.41820808
11355,-17565.795,-17598.157,32.362231,0.28056454,-0.87071689
11356,-17554.831,-17581.451,26.620516,0.2309685,-1.0252563
11357,-17413.721,-17371.148,-42.572878,-0.37107949,-1.8845434
11358,-17070.957,-17169.198,98.240527,0.86191692,-0.87842258
11359,-17197.765,-17177.06,-20.705862,-0.18302829,-1.4459611
11360,-17030.436,-16973.635,-56.800437,-0.50920575,-0.89145624
11361,-16802.562,-16922.042,119.47984,1.0815438,0.92841655
11362,-16823.061,-16794.779,-28.282182,-0.24593301,-0.89738689
11363,-16781.11,-16767.754,-13.355551,-0.11568951,-0.56219411
11364,-16783.493,-16725.988,-57.504999,-0.49597633,1.6334967
11365,-16676.231,-16730.411,54.179836,0.48744762,1.3384025
11366,-16741.542,-16769.72,28.17787,0.25138041,0.61887752
11367,-16714.369,-16761.367,46.997888,0.40957948,0.62345855
11368,-16704.358,-16713.704,9.3468727,0.080898076,0.87620322
11369,-16979.426,-17047.34,67.913288,0.61010415,-0.047660042
11370,-16817.818,-16756.453,-61.36453,-0.53175091,0.069325923
11371,-16916.976,-16903.862,-13.113987,-0.11617849,0.92740783
11372,-17267.367,-17291.056,23.688809,0.21074807,1.812955
11373,-17094.317,-17134.311,39.994367,0.34865131,1.221693
11374,-17121.49,-16962.334,-159.15578,-1.3867738,0.34177553
11375,-16484.588,-16643.44,158.85108,1.2741278,-0.27515409
11376,-15437.706,-15465.152,27.445859,0.22970881,1.6388332
11377,-11927.121,-12072.783,145.66207,1.0907123,0.73610891
11378,-9761.8473,-10070.48,308.63255,2.2414952,0.28846771
11379,-3617.3706,-3717.6507,100.28009,0.58436855,2.397256
11380,-1727.1657,-2234.2265,507.06075,4.3182955,-0.051445728
11381,-1430.1676,-1639.1862,209.01858,1.825102,-0.7162194
11382,-2730.1899,-2732.9597,2.7697488,0.024236268,-1.4454324
11383,-2659.1583,-2805.6814,146.5231,1.2347104,-0.47055201
11384,-3630.2421,-3991.3397,361.09765,3.041132,0.9381672
11385,-3354.6965,-3384.5067,29.810256,0.25982519,1.703745
11386,-1505.013,-1786.595,281.58197,2.3135583,1.0767794
11387,-316.06704,-610.27255,294.20551,2.531047,1.4417908
11388,-318.45065,-561.62764,243.17699,2.0456749,-0.7694066
11389,-478.62942,-594.54894,115.91952,1.0042908,-0.58134416
11390,-1179.8883,-1338.4722,158.5839,1.3539644,1.8807996
11391,-2215.8063,-2442.0729,226.26661,1.9536069,0.69890105
11392,-3789.4674,-3834.595,45.127598,0.37989641,1.2748754
11393,-5082.8156,-5172.5758,89.760173,0.75620497,0.75984667
11394,-6717.4972,-6868.2687,150.77151,1.2338623,0.16843531
11395,-8517.1248,-8528.0921,10.967363,0.087488844,-1.1518236
11396,-10052.648,-10126.987,74.33852,0.58972546,-0.52535408
11397,-11738.816,-11790.741,51.92524,0.44213209,-0.32975736
11398,-13464.551,-13506.088,41.537081,0.36015003,-0.93434789
11399,-14916.648,-14771.839,-144.80927,-1.2402861,-0.79532394
11400,-16431.672,-16545.658,113.9861,0.96294284,0.19653896
11401,-17698.801,-17648.768,-50.032991,-0.42465811,1.7333714
11402,-18966.883,-18884.054,-82.828939,-0.72341162,2.9549457
11403,-19363.039,-19474.672,111.63268,1.0196405,1.5971077
11404,-19844.052,-19701.19,-142.86212,-1.245897,0.26567556
11405,-20123.412,-20090.349,-33.062217,-0.28253039,0.17191245
11406,-20455.687,-20508.99,53.303252,0.46718135,-0.81051768
11407,-20904.76,-20747.793,-156.96707,-1.4158686,0.35536582
11408,-21214.629,-21210.656,-3.9729928,-0.035592314,0.67267558
11409,-21658.935,-21622.91,-36.025034,-0.31094424,0.86037148
11410,-21798.138,-21662.71,-135.42763,-1.1958279,0.73950016
11411,-21271.359,-21414.081,142.72121,1.2914133,-0.16884225
11412,-21196.037,-21120.246,-75.791563,-0.67145637,0.40243438
11413,-20795.59,-20867.194,71.603541,0.60845803,-0.085705202
11414,-20396.574,-20293.282,-103.29141,-0.90000133,0.74157309
11415,-19767.777,-19833.858,66.081429,0.594449,0.043796691
11416,-19025.043,-19116.96,91.916862,0.81696144,0.11607718
11417,-18570.726,-18479.662,-91.064069,-0.80394137,-0.19159809
11418,-17491.903,-17623.217,131.31372,1.1647731,0.82349789
11419,-16844.514,-16860.622,16.107915,0.1399325,0.34112325
11420,-16192.358,-16198.756,6.3986961,0.052779531,-1.0154602
11421,-15204.112,-15352.63,148.51783,1.2073439,0.14799864
11422,-14559.583,-14602.81,43.227113,0.37359774,0.56157603
11423,-13964.156,-14160.583,196.42707,1.7199446,0.9348408
11424,-13534.629,-13385.213,-149.41637,-1.3683091,0.31540386
11425,-13091.277,-13382.265,290.98741,2.5053417,1.0227529
11426,-12853.393,-12970.503,117.10996,1.0021461,2.5140365
11427,-12718.004,-12710.081,-7.9231102,-0.069201288,1.0446764
11428,-12554.965,-12860.929,305.96436,2.6683214,0.36228935
11429,-12584.521,-12474.718,-109.80356,-0.95410697,-0.042680193
11430,-12562.592,-12741.528,178.93565,1.5796844,0.70141136
11431,-12566.406,-12722.856,156.45009,1.3824518,0.74023199
11432,-12936.343,-12842.257,-94.085447,-0.84833334,-0.12721584
11433,-12833.371,-13084.008,250.6371,2.3109085,1.4392174
11434,-13410.205,-13370.472,-39.732673,-0.3492064,2.4381544
11435,-12722.771,-12719.417,-3.354443,-0.029257482,0.64159456
11436,-13656.194,-13876.576,220.38215,1.9163114,1.1092769
11437,-12544.477,-12460.96,-83.51703,-0.70711192,0.33683655
11438,-13149.914,-13301.681,151.76704,1.3204622,0.19215571
11439,-13352.045,-13263.355,-88.689606,-0.71254018,0.36809726
11440,-14530.026,-14774.787,244.76088,2.1279889,0.8909117
11441,-12621.229,-12741.528,120.29878,1.0290459,0.94989244
11442,-11374.6,-11353.428,-21.171605,-0.18409234,-0.61990609
11443,-12327.568,-12530.733,203.16524,1.6936415,0.034836286
11444,-13927.926,-13950.28,22.354718,0.1934223,1.1680774
11445,-13700.529,-13819.086,118.55751,0.98602801,0.44061084
11446,-13060.291,-13038.311,-21.979562,-0.18773729,0.44135731
11447,-12597.87,-12671.263,73.39331,0.66346742,-0.61700109
11448,-12635.531,-12782.311,146.78021,1.3707981,0.29925799
11449,-12938.25,-12737.106,-201.14397,-1.8549801,0.26264935
11450,-13012.618,-13377.351,364.733,3.2098018,1.2970647
11451,-13624.253,-13631.877,7.6239005,0.066187031,1.8806533
11452,-13231.911,-13268.269,36.358099,0.32342203,1.6294255
11453,-13155.158,-13297.259,142.10083,1.2437847,0.83038041
11454,-13575.151,-13494.787,-80.36389,-0.69085831,-0.86210599
11455,-13530.816,-13712.461,181.64501,1.4873238,-0.18893467
11456,-14291.188,-14365.973,74.785047,0.63619476,-0.29679021
11457,-14283.561,-14288.829,5.2686532,0.046361338,-0.40279968
11458,-14192.507,-14373.344,180.83705,1.6249075,0.52855215
11459,-15007.702,-15050.933,43.230773,0.37961356,1.1988947
11460,-15014.376,-15065.674,51.297541,0.44933539,1.8308633
11461,-15179.799,-15251.9,72.101309,0.63708663,0.53121121
11462,-15703.24,-15751.616,48.375899,0.41406756,0.16181713
11463,-16198.555,-16215.954,17.399,0.15210422,0.25403877
11464,-16860.246,-16706.825,-153.42047,-1.3869916,-0.25873777
11465,-16684.812,-16832.614,147.80229,1.339623,1.3795017
11466,-17041.877,-17038.004,-3.8732562,-0.034348975,1.184025
11467,-17355.561,-17357.39,1.8291139,0.016110681,0.9490827
11468,-17572.469,-17605.528,33.058557,0.29182465,0.66643426
11469,-17907.605,-17942.603,34.997473,0.31634732,-0.43872301
11470,-18155.024,-18179.931,24.906694,0.21472993,-0.67875257
11471,-18156.931,-18147.501,-9.430139,-0.07946356,-0.087084258
11472,-18029.169,-18114.58,85.410195,0.75232166,0.54718001
11473,-18243.695,-18241.843,-1.8519893,-0.016808759,1.2747664
11474,-18305.669,-18120.967,-184.70116,-1.7132176,0.76460972
11475,-18111.642,-18427.086,315.44391,2.9445339,1.1901916
11476,-18198.406,-18050.211,-148.19483,-1.3362522,2.3091943
11477,-17858.98,-17944.568,85.588622,0.76455512,-0.12083953
11478,-17960.998,-18044.315,83.316641,0.76117824,0.29698227
11479,-17828.946,-17683.163,-145.78285,-1.31293,-0.22380513
11480,-17609.177,-17759.324,150.14747,1.2883722,0.72883626
11481,-17572.469,-17575.555,3.0854288,0.026093445,-0.8623052
11482,-17480.462,-17425.198,-55.264128,-0.48519588,-0.48479541
11483,-17179.173,-17218.334,39.160789,0.35531119,0.48919007
11484,-17178.696,-17250.764,72.067454,0.65154861,0.91389635
11485,-17074.771,-17094.511,19.739607,0.17623063,1.0963842
11486,-16745.832,-16878.311,132.47854,1.1923303,0.73420469
11487,-16820.678,-16900.422,79.744425,0.71011339,0.38122132
11488,-16798.749,-16818.365,19.61608,0.17040392,0.77364099
11489,-16795.888,-16749.574,-46.314372,-0.4106353,1.9680127
11490,-16716.276,-16833.106,116.82996,1.0912667,1.9496046
11491,-16746.309,-16742.695,-3.6143071,-0.032329028,1.2477687
11492,-16834.503,-16867.501,32.998166,0.28668302,-1.1551273
11493,-16777.773,-16721.075,-56.697956,-0.49074345,0.047275182
11494,-17018.518,-17147.086,128.56868,1.1351754,0.073664205
11495,-16923.65,-16943.662,20.012281,0.17219904,0.013048758
11496,-16932.231,-16912.706,-19.524579,-0.17036293,-0.60823872
11497,-17385.117,-17514.626,129.5084,1.1099159,0.49865656
11498,-17170.115,-17134.802,-35.313153,-0.29296526,1.7534991
11499,-17201.579,-17148.069,-53.510046,-0.46694736,0.73225989
11500,-16486.019,-16683.731,197.71266,1.6009285,0.80906055
11501,-15279.911,-15318.726,38.814913,0.32774749,2.3970391
11502,-12020.559,-12077.697,57.138078,0.43081221,0.75490631
11503,-9912.9683,-10178.58,265.61131,1.9318612,0.15896174
11504,-3670.2868,-3808.5528,138.266,0.769845,1.3383156
11505,-740.35009,-1008.2764,267.9263,2.2160971,0.66719431
11506,775.62756,722.79463,52.832935,0.44385218,1.1440102
11507,-601.62384,-732.13052,130.50668,1.1232923,-0.29462178
11508,-955.35196,-890.34933,-65.002627,-0.55436634,0.52959645
11509,-1822.5102,-1976.7524,154.24216,1.3134348,2.3198989
11510,-1418.7263,-1380.7294,-37.99689,-0.31533846,1.7645874
11511,108.21601,-111.53935,219.75536,1.8066892,0.63143249
11512,1182.2719,1079.0326,103.23925,0.85015377,0.63871765
11513,1790.5698,1714.856,75.713786,0.66536208,0.53793501
11514,1686.6443,1564.0077,122.63664,1.090673,0.86548574
11515,929.60894,871.67754,57.931395,0.51717179,1.0552218
11516,9.5344507,-171.97697,181.51142,1.5434048,0.65496244
11517,-1698.5624,-1699.6238,1.0614168,0.0088919986,-0.96717688
11518,-3112.9981,-3064.1382,-48.859942,-0.40698631,-0.44132716
11519,-5051.8287,-5224.1689,172.34023,1.3963517,0.89584312
11520,-6936.3128,-6836.3301,-99.982715,-0.81873561,-1.148768
11521,-8598.6443,-8616.0461,17.401745,0.13676408,0.094942641
11522,-10591.821,-10737.75,145.92925,1.2120446,-0.61819777
11523,-12529.222,-12432.952,-96.269586,-0.81273369,-1.1055143
11524,-14124.335,-14047.57,-76.765138,-0.64154244,0.79355147
11525,-15760.924,-15869.052,108.12817,0.91591077,0.32717149
11526,-17246.868,-17204.576,-42.291968,-0.36234492,1.4595067
11527,-18805.274,-18715.025,-90.248791,-0.78244535,1.3246052
11528,-19351.121,-19381.313,30.191817,0.26229105,-0.46548655
11529,-19994.22,-19968,-26.219739,-0.22146648,-0.80247357
11530,-20190.153,-20171.424,-18.728516,-0.16077081,-0.7296739
11531,-20503.359,-20683.424,180.06478,1.5471771,-1.1124371
11532,-21099.739,-20996.914,-102.82566,-0.90166745,-1.1388238
11533,-21364.32,-21377.228,12.908109,0.11223943,1.4021322
11534,-21914.935,-22001.259,86.324294,0.73911973,1.8572439
11535,-22039.836,-21876.944,-162.89179,-1.3913327,2.188624
11536,-21597.438,-21775.232,177.79463,1.5336359,1.1356427
11537,-21568.358,-21517.267,-51.090747,-0.43815815,0.58556774
11538,-21128.819,-21089.781,-39.038177,-0.33208987,2.711057
11539,-20697.862,-20664.752,-33.109798,-0.2846726,1.5949144
11540,-19982.778,-20020.084,37.306054,0.32936777,2.8527405
11541,-19148.991,-19344.461,195.46996,1.7815188,0.55927966
11542,-18669.408,-18549.436,-119.97212,-1.0619936,-0.52703923
11543,-17497.624,-17580.96,83.335857,0.7329051,-0.073180554
11544,-16754.89,-16887.155,132.26534,1.1595188,-0.84174005
11545,-15981.169,-15951.601,-29.568692,-0.25006745,0.011224734
11546,-14919.032,-15034.718,115.68619,0.98274798,-0.17960468
11547,-14180.112,-14203.823,23.711685,0.21170168,-0.70517993
11548,-13476.946,-13577.827,100.88126,0.88248375,1.192677
11549,-12914.413,-12850.119,-64.294406,-0.56331498,0.042509529
11550,-12379.531,-12582.326,202.79557,1.7405153,1.1665596
11551,-12137.832,-12205.942,68.110016,0.59860603,2.2868001
11552,-11959.538,-11909.159,-50.378866,-0.45396601,-0.44612857
11553,-11851.799,-11974.019,122.22031,1.0652659,-1.1959685
11554,-11771.709,-11683.132,-88.57706,-0.75089264,-1.2431272
11555,-11772.186,-11811.378,39.191899,0.32884992,0.18542356
11556,-11739.769,-11887.539,147.77026,1.2543743,-0.35224748
11557,-12094.927,-11902.772,-192.15578,-1.6721832,-0.92229654
11558,-12053.929,-12178.426,124.49687,1.1123389,0.20157782
11559,-12513.013,-12603.455,90.441859,0.77350192,1.3539346
11560,-11876.588,-11803.025,-73.563502,-0.60375963,1.0080137
11561,-12757.095,-13079.094,321.99908,2.5978581,0.10397884
11562,-11721.177,-11556.361,-164.81606,-1.3943547,-0.060528738
11563,-12282.279,-12432.952,150.67269,1.2607851,1.0197508
11564,-12560.685,-12475.701,-84.984713,-0.67883092,1.6015617
11565,-13715.784,-13798.94,83.156514,0.69670557,2.1303202
11566,-11773.616,-11848.23,74.613939,0.62582111,1.9110005
11567,-10585.147,-10502.879,-82.268035,-0.70372978,0.54254097
11568,-11593.415,-11656.107,62.692216,0.52308281,0.55136093
11569,-13110.823,-13179.823,69.000325,0.60362276,1.8615893
11570,-12944.447,-12952.322,7.8755294,0.065802473,0.60757164
11571,-12209.341,-12229.036,19.695686,0.16892128,-0.25898068
11572,-11802.696,-11820.714,18.01755,0.16050657,0.79118988
11573,-11868.484,-11948.468,79.984159,0.71189576,-0.65218783
11574,-12068.708,-11915.547,-153.16061,-1.3634669,-0.35061149
11575,-12203.143,-12520.906,317.76256,2.791325,0.019256695
11576,-12718.48,-12732.192,13.711492,0.12261503,1.2361038
11577,-12367.136,-12367.601,0.46482734,0.0041186942,1.1185348
11578,-12272.268,-12411.823,139.55526,1.233512,0.70950227
11579,-12701.318,-12663.893,-37.425921,-0.31280857,-1.3613389
11580,-12707.993,-12712.046,4.053514,0.033107606,-1.7333317
11581,-13409.251,-13488.399,79.147836,0.6728814,-3.5011919
11582,-13464.074,-13380.791,-83.283701,-0.7219623,-3.1646996
11583,-13445.006,-13457.443,12.437792,0.10538928,-1.3115492
11584,-14239.225,-14277.528,38.302505,0.33036964,0.6939423
11585,-14251.62,-14250.012,-1.6085954,-0.014185533,2.3725551
11586,-14465.192,-14577.75,112.55867,0.97264711,0.24855545
11587,-15031.538,-15004.745,-26.793453,-0.22248716,-0.18958972
11588,-15516.842,-15563.916,47.073834,0.40117405,0.4964264
11589,-16208.089,-16133.896,-74.193032,-0.6275435,2.1423976
11590,-16053.631,-16190.894,137.26315,1.2183994,0.33526222
11591,-16474.101,-16507.332,33.231495,0.29474634,-0.19088949
11592,-16804.946,-16757.927,-47.018933,-0.40260363,0.4504587
11593,-17058.562,-17091.562,32.999996,0.28109213,1.4406889
11594,-17412.291,-17471.877,59.586657,0.52599614,1.5724731
11595,-17668.291,-17656.138,-12.152307,-0.1063536,0.27930771
11596,-17717.87,-17725.42,7.5506993,0.066119269,-1.2830537
11597,-17629.199,-17649.259,20.059862,0.18076081,0.23855167
11598,-17863.27,-17858.58,-4.6903641,-0.041210544,0.50635151
11599,-17966.242,-17804.038,-162.2037,-1.4179545,0.19056629
11600,-17750.287,-18020.238,269.95123,2.3810222,-0.25183684
11601,-17849.922,-17719.033,-130.88916,-1.1990349,-0.088009838
11602,-17541.006,-17536.737,-4.2685424,-0.039858091,0.90795854
11603,-17568.655,-17662.035,93.379055,0.8348858,-0.62490205
11604,-17401.326,-17299.409,-101.91706,-0.86797212,-1.0948215
11605,-17096.7,-17271.893,175.19233,1.4944456,-1.3341023
11606,-17111.002,-17124.484,13.481823,0.11588155,-2.1672757
11607,-16955.59,-16935.309,-20.281295,-0.17550665,-1.0285554
11608,-16668.127,-16711.739,43.612334,0.38214384,0.92751016
11609,-16629.989,-16753.505,123.51597,1.0818109,-0.15749634
11610,-16565.631,-16452.299,-113.33186,-0.99309553,1.4050793
11611,-16217.624,-16374.664,157.04027,1.3969709,-0.29618423
11612,-16326.317,-16271.969,-54.347284,-0.45964477,-1.1796141
11613,-16251.948,-16247.401,-4.5467068,-0.038269707,0.019364923
11614,-16216.194,-16256.246,40.052013,0.34734428,1.9115456
11615,-16170.905,-16218.902,47.997083,0.42737833,2.2568118
11616,-16179.486,-16216.445,36.959264,0.32356025,1.1678485
11617,-16266.25,-16216.937,-49.312874,-0.43096752,0.84056277
11618,-16197.125,-16206.618,9.493275,0.08340212,0.45010938
11619,-16392.581,-16537.305,144.72418,1.249333,0.94504656
11620,-16320.596,-16249.858,-70.737938,-0.5906671,-0.04125613
11621,-16292.946,-16365.82,72.873581,0.62455195,-0.38700696
11622,-16791.121,-16858.165,67.044024,0.60655169,-0.20214217
11623,-16586.13,-16572.683,-13.447052,-0.11571025,0.93142749
11624,-16566.108,-16501.927,-64.180944,-0.54399498,-0.17229489
11625,-15990.227,-16119.647,129.41964,1.0269625,-0.46332684
11626,-14719.762,-14835.225,115.46293,0.97343319,0.58098521
11627,-11410.354,-11407.969,-2.3845277,-0.017508491,0.70313021
11628,-9000.5214,-9288.2303,287.70891,2.0565836,-1.2614277
11629,-3028.1415,-3154.5489,126.40742,0.74038184,1.8942451
11630,-1267.6052,-1672.5988,404.99363,3.3781996,0.10980329
11631,-874.30912,-1085.9117,211.60258,1.7411067,-0.87791712
11632,-2342.6145,-2188.5298,-154.08477,-1.2977746,-1.3302488
11633,-2128.0894,-2336.4299,208.34056,1.762607,-0.049176971
11634,-3215.9702,-3556.975,341.00484,2.8964143,0.85357816
11635,-2799.3147,-2738.856,-60.458665,-0.51861222,0.38164385
11636,-889.08752,-1223.4933,334.40576,2.6108496,0.24251356
11637,119.65736,-58.472169,178.12952,1.4567443,0.73205483
11638,204.51397,15.232246,189.28172,1.5697362,0.78292702
11639,-5.7206704,-99.255278,93.534608,0.81421608,0.6106867
11640,-681.2365,-789.1286,107.8921,0.91982839,2.0791
11641,-1667.0987,-1978.2265,311.12779,2.6960342,1.4935509
11642,-3452.4246,-3362.3954,-90.029188,-0.74293595,0.98968513
11643,-4586.0708,-4657.1363,71.065513,0.6025701,0.042916601
11644,-6350.8976,-6519.4012,168.50357,1.3688232,0.79932144
11645,-8055.6574,-8034.7639,-20.89344,-0.17306499,-0.23723085
11646,-9647.4339,-9704.906,57.472058,0.46956814,-0.21987375
11647,-11440.864,-11353.428,-87.436037,-0.74065636,-0.21536961
11648,-13031.687,-13084.499,52.811889,0.46222485,-1.0555699
11649,-14515.248,-14452.453,-62.794697,-0.54135182,-0.22576589
11650,-15953.52,-16107.363,153.84321,1.3009162,0.57870825
11651,-17276.425,-17296.952,20.527434,0.17764697,0.74849376
11652,-18619.352,-18434.948,-184.40378,-1.6533576,0.58351765
11653,-18944.953,-19099.271,154.31719,1.4080259,0.1562138
11654,-19458.86,-19356.745,-102.11561,-0.88591165,-0.58169434
11655,-19691.501,-19657.459,-34.042198,-0.29171946,0.071067424
11656,-20021.87,-20159.631,137.76183,1.2045518,-1.4508379
11657,-20599.181,-20317.85,-281.33035,-2.4934485,-1.7142863
11658,-20740.767,-20872.107,131.34026,1.1472702,0.31314062
11659,-21317.601,-21333.497,15.895631,0.13688849,0.1485647
11660,-21345.251,-21200.338,-144.91358,-1.2951958,0.74021314
11661,-20869.959,-21084.376,214.41717,1.9306557,0.57464334
11662,-20907.62,-20704.061,-203.55869,-1.6910358,-0.23383829
11663,-20382.272,-20517.835,135.56305,1.1350217,1.0264608
11664,-20033.311,-19957.681,-75.629605,-0.65260684,1.5339077
11665,-19273.415,-19374.925,101.50987,0.9329184,1.0356688
11666,-18650.339,-18756.299,105.9605,0.96815191,1.5282414
11667,-18124.037,-18009.428,-114.60922,-1.0035864,1.119888
11668,-17041.877,-17227.179,185.30141,1.6142193,2.2003857
11669,-16361.117,-16464.092,102.97481,0.90419872,0.61434836
11670,-15697.52,-15711.324,13.804823,0.11896264,-0.29954699
11671,-14750.272,-14868.146,117.87399,1.0206221,0.064845519
11672,-14138.16,-14127.171,-10.989324,-0.099602518,0.83225506
11673,-13491.724,-13663.816,172.09134,1.5177455,0.78452227
11674,-13105.102,-12975.417,-129.68591,-1.1225714,0.69817189
11675,-12550.674,-12820.146,269.47176,2.3325005,-0.085535418
11676,-12476.782,-12526.311,49.528818,0.4374646,0.89837963
11677,-12267.024,-12229.528,-37.496377,-0.3397621,1.1942351
11678,-12143.553,-12448.676,305.12255,2.7537799,-0.42960045
11679,-12138.309,-12099.317,-38.992426,-0.34206607,-0.78273353
11680,-12065.847,-12232.967,167.12007,1.4616429,-0.86013645
11681,-12217.445,-12368.092,150.64707,1.3460124,-0.74403554
11682,-12472.968,-12365.144,-107.82439,-0.94826582,-1.3814056
11683,-12470.585,-12681.582,210.99684,1.8816189,0.52141696
11684,-12934.436,-12978.365,43.928929,0.39866253,-0.49469312
11685,-12293.244,-12263.923,-29.320723,-0.25231945,0.96677797
11686,-13186.622,-13475.624,289.00183,2.4941849,0.92824922
11687,-12162.145,-11965.666,-196.47922,-1.6948579,-1.0007162
11688,-12706.086,-12893.359,187.27326,1.5594363,0.47890221
11689,-13004.514,-12916.944,-87.569629,-0.69361385,0.25198546
11690,-14103.359,-14237.236,133.87668,1.1389909,1.0983142
11691,-12205.05,-12264.415,59.364308,0.5114075,0.78956915
11692,-11046.615,-10962.303,-84.311262,-0.72951849,0.29075686
11693,-12011.978,-12166.633,154.65574,1.2539211,1.2857744
11694,-13496.968,-13637.282,140.31381,1.1676936,1.1489706
11695,-13283.873,-13388.653,104.77922,0.86801587,-1.4610975
11696,-12624.089,-12717.942,93.853033,0.80899999,-1.660031
11697,-12171.68,-12255.079,83.398993,0.75951042,0.11294492
11698,-12297.058,-12417.72,120.66204,1.1110475,0.87862217
11699,-12479.166,-12357.774,-121.39222,-1.0784148,-0.46425449
11700,-12690.354,-12961.658,271.30453,2.3590638,-0.8006004
11701,-13220.946,-13214.71,-6.2358235,-0.054147886,-0.087334646
11702,-12880.089,-12795.086,-85.003013,-0.75852372,0.81052347
11703,-12753.281,-12923.823,170.54222,1.5144744,0.84795862
11704,-13181.855,-13118.403,-63.451678,-0.53032289,0.61171568
11705,-13141.81,-13295.294,153.48361,1.2890488,0.057672237
11706,-13888.834,-13978.288,89.453643,0.78031293,-0.57509094
11707,-13928.402,-13875.102,-53.300507,-0.48227517,-1.2163889
11708,-13834.011,-14024.967,190.9562,1.6795492,-0.26128382
11709,-14613.929,-14721.72,107.79053,0.93751601,0.36879238
11710,-14627.754,-14658.825,31.071146,0.27965796,-0.026923268
11711,-14802.235,-14933.497,131.26248,1.1622189,-0.69561194
11712,-15357.616,-15314.795,-42.821762,-0.36589153,-0.19529337
11713,-15786.667,-15896.077,109.41011,0.92209204,-0.22992517
11714,-16421.184,-16329.459,-91.725624,-0.81488991,-1.1350197
11715,-16306.294,-16461.144,154.84973,1.3814336,-0.91537385
11716,-16672.417,-16662.111,-10.305808,-0.092968315,-1.44872
11717,-17046.168,-16950.541,-95.626331,-0.83899374,-0.85391337
11718,-17237.333,-17268.944,31.611004,0.27946659,0.34016858
11719,-17547.68,-17638.449,90.769434,0.77208621,1.2109467
11720,-17828.946,-17804.53,-24.416246,-0.20358509,-0.39348785
11721,-17807.97,-17789.298,-18.6727,-0.15738061,-1.5397852
11722,-17676.872,-17777.505,100.63329,0.91429845,-1.2481779
11723,-17872.804,-17952.921,80.116836,0.734179,0.12817837
11724,-17884.246,-17827.132,-57.113372,-0.51436309,0.67754254
11725,-17795.575,-18036.453,240.87756,2.0955967,0.38880087
11726,-17778.413,-17771.608,-6.8049625,-0.060833076,0.14379818
11727,-17595.829,-17551.969,-43.859388,-0.40283796,-0.99522255
11728,-17561.981,-17703.309,141.32764,1.3262472,0.045969904
11729,-17453.289,-17323.977,-129.31167,-1.1454564,0.08263349
11730,-17206.346,-17335.77,129.4233,1.1418437,0.19491146
11731,-17195.382,-17210.964,15.581781,0.13634343,-0.62667634
11732,-17104.804,-17038.987,-65.817905,-0.59415982,-1.7616101
11733,-16793.505,-16892.069,98.564442,0.87797619,0.80543794
11734,-16798.749,-16904.353,105.60456,0.90933729,0.032997753
11735,-16731.054,-16707.317,-23.737305,-0.20934036,-0.55897682
11736,-16402.592,-16532.883,130.29074,1.2012176,1.7827173
11737,-16486.972,-16520.107,33.135419,0.2926694,-0.023236618
11738,-16445.02,-16469.497,24.476637,0.20750351,-0.95776702
11739,-16366.361,-16415.447,49.085951,0.4228129,-0.37907229
11740,-16396.872,-16464.092,67.220622,0.59631444,-0.51193743
11741,-16306.771,-16412.499,105.72809,0.9503943,0.56718709
11742,-16503.657,-16498.979,-4.6784689,-0.041410052,0.17037014
11743,-16371.605,-16423.8,52.19517,0.48015348,0.33201223
11744,-16673.847,-16753.996,80.148861,0.70146201,0.02142861
11745,-16511.762,-16531.9,20.138553,0.17205616,-1.5367762
11746,-16596.142,-16543.202,-52.939991,-0.45617799,-1.6653482
11747,-17049.981,-17100.898,50.916895,0.44067076,0.061527398
11748,-16788.737,-16837.036,48.299038,0.41111501,0.55434864
11749,-16824.492,-16717.635,-106.8563,-0.94953129,0.96741968
11750,-16139.441,-16353.044,213.60281,1.7485902,1.5880416
11751,-14994.354,-15013.589,19.235434,0.16414829,2.4266279
11752,-12220.305,-12241.812,21.5065,0.17329721,0.97314637
11753,-10443.561,-10732.345,288.78497,2.0219212,-0.94419395
11754,-4034.9795,-4094.5259,59.546396,0.32760237,0.99592754
11755,-1107.4264,-1378.7639,271.33747,2.1832682,0.042582241
11756,267.91806,267.30134,0.61671974,0.0052176668,1.9625596
11757,-1119.8212,-1143.4012,23.579923,0.20393497,0.046019706
11758,-1236.6182,-1278.5259,41.907662,0.36118259,1.5875725
11759,-2239.6425,-2309.405,69.762532,0.59639712,1.2516512
11760,-1882.1006,-1973.8042,91.703664,0.77222231,-0.21464128
11761,-540.12663,-612.72937,72.602737,0.59288034,0.20473638
11762,635.94786,606.34165,29.606208,0.2540798,1.494869
11763,1104.5661,986.16507,118.40104,1.0188666,1.5843327
11764,1039.7318,1131.6084,-91.876602,-0.79111123,0.3918985
11765,443.35196,269.75816,173.5938,1.4855179,-0.22944352
11766,-572.54376,-533.61996,-38.9238,-0.33465715,-0.42838557
11767,-2085.1844,-2083.8695,-1.3148758,-0.011031798,0.30862234
11768,-3433.3557,-3460.6679,27.312267,0.22975115,0.26108312
11769,-5238.2272,-5344.0614,105.83423,0.84355408,-0.0011783382
11770,-6978.7412,-7002.4107,23.669594,0.19099832,-1.6119275
11771,-8744.9981,-8636.6833,-108.31484,-0.85320724,-0.56752198
11772,-10577.996,-10667.977,89.980692,0.738001,-0.13026016
11773,-12430.54,-12429.021,-1.518924,-0.013264774,0.50571007
11774,-13931.739,-13718.848,-212.89092,-1.8319538,0.24858435
11775,-15377.162,-15671.033,293.87062,2.5719925,-0.52930613
11776,-17071.911,-16826.718,-245.19276,-2.0699847,0.23274247
11777,-18366.212,-18372.054,5.8414523,0.050947717,1.5609387
11778,-19069.378,-19185.75,116.37245,1.0251471,0.60746601
11779,-19571.844,-19450.104,-121.73993,-1.0363776,0.029745043
11780,-19749.661,-19898.718,149.05677,1.2503812,-0.010325704
11781,-20279.3,-20208.768,-70.532059,-0.60459799,-1.1377969
11782,-20609.192,-20582.203,-26.988351,-0.23889818,0.097103467
11783,-20991.047,-21050.472,59.425614,0.53069942,2.280572
11784,-21405.795,-21457.812,52.016742,0.45402172,1.8432554
11785,-21545.475,-21567.386,21.910936,0.18752128,0.34930292
11786,-21295.196,-21285.835,-9.3605979,-0.081723859,-0.13826996
11787,-21030.615,-21135.969,105.35476,0.90865761,0.37930236
11788,-20751.732,-20766.956,15.224011,0.12956385,1.6356176
11789,-20304.089,-20242.18,-61.908963,-0.56247739,1.9566448
11790,-19558.972,-19710.035,151.06248,1.3631491,1.2219228
11791,-19039.345,-18975.447,-63.89729,-0.56329783,0.78009242
11792,-18320.447,-18310.142,-10.304893,-0.08740405,-0.28522888
11793,-17427.546,-17454.188,26.642476,0.22655004,0.72720184
11794,-16506.518,-16563.839,57.321081,0.50066867,0.51217115
11795,-15860.082,-15878.388,18.305779,0.15291827,0.28865111
11796,-14913.788,-14877.973,-35.814581,-0.3022386,-0.57921677
11797,-14051.397,-14200.384,148.98723,1.3051651,-0.4492093
11798,-13522.711,-13596.008,73.296318,0.64263373,0.50275456
11799,-12835.277,-12752.338,-82.939656,-0.73906011,0.52908795
11800,-12383.345,-12665.367,282.0221,2.4924399,0.50435003
11801,-12182.644,-12088.507,-94.137602,-0.82046584,1.2817842
11802,-11946.667,-11977.459,30.792067,0.27455789,0.44541277
11803,-11898.041,-11998.096,100.055,0.88256166,-0.27205473
11804,-11737.862,-11650.702,-87.159702,-0.75102404,-0.69732037
11805,-11732.618,-11870.342,137.7234,1.2258843,0.3783043
11806,-11865.147,-11847.739,-17.40815,-0.14998583,-0.23274803
11807,-12073.475,-11996.622,-76.852979,-0.65940207,-0.10567487
11808,-12161.192,-12249.182,87.990535,0.77359911,0.90097648
11809,-12473.445,-12500.269,26.823649,0.23266658,2.3003237
11810,-11991.955,-11928.814,-63.141488,-0.54166655,0.41139709
11811,-12851.963,-12959.693,107.73014,0.92751844,1.3350548
11812,-11718.317,-11677.236,-41.080489,-0.35557921,0.62251026
11813,-12364.276,-12482.58,118.30405,1.0095259,0.18942271
11814,-12531.128,-12483.562,-47.566112,-0.37887981,0.70808065
11815,-13745.818,-13912.937,167.11916,1.4665378,1.4480487
11816,-11718.793,-11742.096,23.302673,0.20144214,1.6234612
11817,-10656.179,-10646.357,-9.8217652,-0.086993476,0.85316017
11818,-11642.518,-11687.555,45.037012,0.38313125,0.71277327
11819,-13162.786,-13219.624,56.837953,0.49971175,-0.003975862
11820,-12960.655,-12959.693,-0.96259521,-0.0079614711,-0.51371424
11821,-12304.685,-12195.132,-109.55285,-0.95557883,-0.86169513
11822,-11856.566,-11920.461,63.894545,0.5678751,0.27560559
11823,-11935.225,-11973.528,38.302505,0.34238262,0.27499782
11824,-12094.927,-11972.054,-122.87363,-1.1212519,1.1121587
11825,-12335.672,-12566.111,230.43907,2.0538482,2.0615198
11826,-12784.268,-12717.942,-66.325738,-0.58669596,1.5786401
11827,-12472.968,-12464.891,-8.0777476,-0.072370474,0.8411802
11828,-12300.395,-12449.167,148.7722,1.3061485,-0.41433668
11829,-12724.678,-12678.633,-46.044443,-0.3956879,-1.1613782
11830,-12765.676,-12837.344,71.667592,0.61034476,-1.5893082
11831,-13431.181,-13435.823,4.6427834,0.039694976,-1.1359741
11832,-13445.482,-13499.701,54.218267,0.47494958,-1.7773324
11833,-13410.205,-13422.557,12.35178,0.10756285,0.17509178
11834,-14168.67,-14292.269,123.59832,1.0918928,0.74886708
11835,-14265.445,-14200.384,-65.061188,-0.58685779,0.27406528
11836,-14414.182,-14437.221,23.038234,0.20406914,0.26255461
11837,-15033.922,-15047.985,14.062857,0.12087899,0.44711901
11838,-15436.276,-15474.979,38.703282,0.33761779,2.1556146
11839,-16110.838,-16026.288,-84.550081,-0.75417334,1.0652911
11840,-16022.644,-16082.303,59.658943,0.5630963,1.0443865
11841,-16351.106,-16370.733,19.62706,0.17860441,-0.26429613
11842,-16716.752,-16730.902,14.149784,0.12794529,1.3515083
11843,-16896.477,-16964.791,68.314064,0.60752672,0.34889509
11844,-17299.784,-17390.311,90.526955,0.82102343,-0.68948516
11845,-17564.365,-17576.046,11.681075,0.10113768,-0.97228097
11846,-17578.19,-17519.539,-58.650597,-0.50031396,-0.66507982
11847,-17519.076,-17616.829,97.752825,0.86983343,-0.8845278
11848,-17675.441,-17626.165,-49.276274,-0.43956092,-0.41056345
11849,-17816.074,-17714.61,-101.46412,-0.88340232,-1.1913563
11850,-17607.27,-17822.71,215.44015,1.9209005,0.58016567
11851,-17675.918,-17552.952,-122.96605,-1.0857218,0.75742327
11852,-17469.02,-17498.902,29.881627,0.25934593,1.3360543
11853,-17374.153,-17468.929,94.776283,0.81699734,-0.8476258
11854,-17341.259,-17236.514,-104.74445,-0.88363388,-2.2532617
11855,-17059.039,-17097.459,38.419627,0.32814823,-0.75617586
11856,-17028.529,-17050.288,21.759044,0.18960547,-1.3607054
11857,-16911.732,-16878.311,-33.420903,-0.28949085,-1.0223004
11858,-16515.099,-16583.002,67.903223,0.58503352,-0.0096636003
11859,-16616.641,-16704.86,88.219289,0.75897764,0.2079673
11860,-16441.207,-16410.042,-31.164477,-0.27102233,0.87665318
11861,-16168.045,-16292.115,124.07047,1.0789408,0.32481904
11862,-16247.181,-16265.582,18.400941,0.16265521,-0.39119799
11863,-16149.453,-16113.75,-35.702034,-0.30458474,1.1695117
11864,-16159.94,-16169.766,9.8254252,0.086995014,1.9496484
11865,-16085.572,-16104.906,19.334255,0.17357954,1.9212965
11866,-16132.291,-16139.301,7.0108408,0.062387067,0.39995519
11867,-16259.099,-16193.351,-65.747449,-0.58773159,-0.11625944
11868,-16040.76,-16063.14,22.380339,0.20039503,0.70539598
11869,-16397.825,-16543.202,145.37658,1.2940084,1.0562147
11870,-16228.588,-16136.845,-91.743925,-0.79710479,0.17179191
11871,-16306.771,-16319.631,12.860528,0.11277112,-2.0866189
11872,-16740.588,-16806.572,65.983523,0.58422121,-0.88732388
11873,-16461.229,-16472.445,11.216247,0.093034539,0.28878443
11874,-16568.968,-16500.453,-68.515368,-0.57506053,-1.3450108
11875,-15853.885,-15980.1,126.21526,1.0293876,-0.64283689
11876,-14661.125,-14736.952,75.827248,0.62861913,0.70478137
11877,-11030.406,-11098.902,68.496152,0.49817007,0.64210321
11878,-8086.6443,-8334.0038,247.35952,1.6336646,-0.84794004
11879,-1586.5326,-1712.3992,125.86664,0.71929375,1.0721565
11880,442.39851,87.462572,354.93594,2.9287326,-1.6559395
11881,829.49721,701.66603,127.83118,1.0314988,-1.43977
11882,-649.77281,-528.70633,-121.06648,-1.0078152,-1.172173
11883,-473.8622,-582.75624,108.89404,0.92966401,-0.51442404
11884,-1522.175,-1833.7658,311.59079,2.6427428,1.9264589
11885,-940.09683,-804.85221,-135.24463,-1.1222302,2.1731533
11886,1029.7207,737.04415,292.67652,2.2619396,1.1195446
11887,2330.6965,2118.2649,212.43159,1.7395973,0.94531059
11888,2468.946,2252.4069,216.53909,1.8119505,0.3338707
11889,2221.527,2128.0921,93.434871,0.78776993,1.8552958
11890,1539.8138,1479.4933,60.320498,0.52563433,2.2187148
11891,339.42644,92.867562,246.55888,2.0931035,2.1037522
11892,-1410.1453,-1320.7831,-89.362142,-0.71976926,0.76781259
11893,-2778.3389,-2835.6545,57.315591,0.46735896,0.79343336
11894,-4640.4171,-4801.5969,161.1798,1.3046129,0.98830427
11895,-6588.7821,-6446.1881,-142.59402,-1.1867457,0.35426053
11896,-8312.1341,-8412.1305,99.99644,0.81516559,0.41953636
11897,-10249.058,-10162.856,-86.201682,-0.73735184,-0.85400745
11898,-11997.199,-12118.48,121.28059,1.0439947,-1.1423196
11899,-13717.214,-13607.309,-109.90513,-0.91944411,-1.8529711
11900,-15391.94,-15432.722,40.781279,0.34710654,-1.6413837
11901,-16940.335,-16968.23,27.895131,0.23476748,-1.1072067
11902,-18233.683,-18119.493,-114.19014,-1.0192567,0.065747306
11903,-18723.754,-18918.449,194.69495,1.749322,-0.29857718
11904,-19310.123,-19192.138,-117.98471,-0.99492242,-2.0431898
11905,-19577.088,-19546.902,-30.185412,-0.25396412,-2.32715
11906,-20042.369,-20170.441,128.07274,1.0692939,-2.3666557
11907,-20514.324,-20328.169,-186.15512,-1.61173,-1.9526514
11908,-20921.922,-20990.526,68.604124,0.58655224,-0.061883624
11909,-21360.507,-21378.211,17.704615,0.15302621,-0.44158409
11910,-21561.207,-21358.557,-202.65008,-1.740761,1.0261708
11911,-21026.801,-21201.812,175.01116,1.4809192,0.51654978
11912,-21003.918,-20848.031,-155.88735,-1.2573688,-0.72568514
11913,-20500.976,-20578.764,77.788124,0.64370264,0.8250498
11914,-20051.426,-19992.568,-58.858305,-0.49599636,0.90964643
11915,-19311.553,-19377.873,66.320248,0.57795962,1.0793369
11916,-18601.713,-18747.946,146.23304,1.2864505,0.39569056
11917,-17972.439,-17903.294,-69.145813,-0.5997741,-0.27701262
11918,-16816.864,-16993.781,176.91713,1.5222301,-0.066093352
11919,-16073.177,-16133.405,60.228082,0.53333283,-0.41469284
11920,-15303.747,-15253.866,-49.881098,-0.41989381,0.30400354
11921,-14299.292,-14368.921,69.62894,0.5992341,0.40785444
11922,-13472.655,-13470.71,-1.9453207,-0.017332712,-0.86366464
11923,-12834.801,-12958.71,123.90943,1.0957605,0.02393659
11924,-12232.7,-12199.555,-33.145484,-0.28884491,-0.44865692
11925,-11830.346,-11996.131,165.78415,1.4097608,-0.34858087
11926,-11560.998,-11636.944,75.9462,0.66744764,0.078957888
11927,-11394.622,-11381.436,-13.186273,-0.11879909,0.052290431
11928,-11236.35,-11438.925,202.57505,1.811897,-1.087523
11929,-11190.108,-11101.359,-88.749082,-0.76495681,-1.6616871
11930,-11168.655,-11241.889,73.233182,0.61750785,-1.7881532
11931,-11229.199,-11336.23,107.03107,0.89705721,-3.4258943
11932,-11454.689,-11435.977,-18.712046,-0.1585913,-3.1349885
11933,-11513.803,-11654.142,140.33943,1.2191951,-1.1940374
11934,-11894.227,-11966.649,72.421564,0.6441108,-0.9335818
11935,-11363.158,-11296.43,-66.728344,-0.56626189,0.086243494
11936,-12259.873,-12456.046,196.17269,1.5896115,-0.055798943
11937,-11138.622,-11037.973,-100.64885,-0.8515673,-0.26653527
11938,-11789.825,-11899.332,109.5071,0.92267042,0.10112959
11939,-12010.547,-11930.288,-80.259578,-0.65116113,0.75071157
11940,-13223.806,-13310.526,86.71958,0.73335875,1.9422859
11941,-11175.33,-11234.518,59.188625,0.5051124,0.75050439
11942,-10051.695,-10047.877,-3.8174403,-0.032579804,0.99047743
11943,-11101.914,-11222.234,120.31983,0.96468315,-0.17082085
11944,-12594.533,-12691.409,96.876241,0.84634506,0.14965942
11945,-12377.624,-12386.764,9.1400794,0.07709618,0.83328845
11946,-11689.713,-11728.829,39.115953,0.33670612,0.53519891
11947,-11243.024,-11314.61,71.586156,0.64546309,-0.34670294
11948,-11328.834,-11423.202,94.367271,0.8439068,-1.0027617
11949,-11481.862,-11332.299,-149.56277,-1.3205972,-1.3562948
11950,-11757.408,-11962.226,204.81867,1.779166,-0.25064895
11951,-12167.389,-12221.175,53.785465,0.48326901,0.36532588
11952,-11833.683,-11813.344,-20.339856,-0.18335204,-0.39088982
11953,-11753.117,-11902.28,149.16291,1.355252,-0.98581121
11954,-12147.367,-12128.307,-19.059751,-0.16816299,-0.97208641
11955,-12257.966,-12289.965,31.998971,0.27266444,-0.74308024
11956,-12933.006,-12958.71,25.704586,0.22524285,-2.476994
11957,-12928.715,-12961.167,32.451903,0.28760799,-1.5188668
11958,-12979.248,-12992.123,12.875168,0.10871421,-1.3587198
11959,-13683.367,-13751.77,68.402821,0.58400884,0.60853937
11960,-13815.419,-13754.718,-60.701144,-0.53536145,0.69126501
11961,-13921.728,-14094.741,173.01276,1.4915743,0.87111276
11962,-14531.456,-14564.975,33.51881,0.27788682,0.03252651
11963,-15049.654,-15027.839,-21.81486,-0.18289679,-0.62924433
11964,-15620.767,-15639.585,18.818187,0.16399238,1.2896403
11965,-15682.741,-15668.576,-14.165339,-0.12887707,1.7907478
11966,-15908.231,-16031.693,123.46199,1.1066411,1.8617177
11967,-16382.57,-16272.461,-110.10918,-0.95804225,1.6513217
11968,-16546.086,-16603.148,57.062132,0.48684646,0.95245417
11969,-16880.268,-17027.685,147.41706,1.2871043,-0.07454478
11970,-17271.657,-17173.129,-98.528757,-0.82253604,-0.10454131
11971,-17207.777,-17214.894,7.1178975,0.059987148,0.5851646
11972,-17166.778,-17246.342,79.563252,0.72190524,1.0158501
11973,-17365.572,-17331.347,-34.224286,-0.30934147,0.073180151
11974,-17387.501,-17285.651,-101.85026,-0.91535685,-0.59796969
11975,-17331.248,-17457.136,125.8886,1.1022881,-0.37909141
11976,-17205.393,-17190.818,-14.575265,-0.12795383,-0.17330866
11977,-17014.704,-17047.34,32.635821,0.2916952,-0.037888943
11978,-16970.369,-17114.656,144.28771,1.3076581,0.26621659
11979,-16783.017,-16804.115,21.098403,0.18492396,0.39587502
11980,-16689.579,-16681.766,-7.8133085,-0.068303943,0.32556735
11981,-16488.402,-16653.267,164.86456,1.462984,-1.5359391
11982,-16482.205,-16375.647,-106.55801,-0.94622567,-1.8039813
11983,-16071.747,-16164.361,92.614103,0.81254835,-0.55939397
11984,-16156.603,-16236.591,79.987819,0.69705118,0.61307669
11985,-16067.933,-15904.43,-163.50302,-1.4474478,-0.54626981
11986,-15701.81,-15867.578,165.76768,1.5167608,0.3720212
11987,-15776.655,-15789.942,13.286925,0.1155642,-0.49474405
11988,-15706.101,-15714.764,8.6633569,0.074378401,0.096031868
11989,-15682.264,-15663.662,-18.602244,-0.15843313,1.4698614
11990,-15657.475,-15701.497,44.022261,0.40153136,1.3809634
11991,-15571.665,-15711.324,139.65957,1.2252012,0.4410547
11992,-15749.959,-15713.29,-36.669204,-0.31955693,-0.03485925
11993,-15593.117,-15675.946,82.828939,0.72369415,1.0625131
11994,-15899.173,-16023.831,124.65791,1.1032985,0.83606073
11995,-15800.492,-15712.307,-88.184518,-0.76458176,-0.083623557
11996,-15733.274,-15863.647,130.37309,1.1393206,0.25165442
11997,-16252.901,-16236.591,-16.310133,-0.14351122,0.75373607
11998,-15909.184,-16024.322,115.1381,0.97964147,0.95085486
11999,-16155.173,-15966.833,-188.34017,-1.6144999,0.29878067
12000,-15214.6,-15374.25,159.64989,1.2303553,-0.47090977
12001,-13858.801,-13888.86,30.05914,0.24484721,0.88221538
12002,-10668.574,-10622.28,-46.293326,-0.36056955,1.6614911
12003,-9171.6648,-9318.6948,147.03001,1.2697173,-0.28027053
12004,-10660.469,-10402.641,-257.8282,-1.6454803,0.32303959
12005,-6092.0372,-6172.9904,80.953159,0.16811927,0.44166661
12006,17517.646,17779.962,-262.31543,-0.69263375,1.6779719
12007,11550.987,11383.893,167.09445,0.40270036,0.76008871
12008,-2926.1229,-3046.4491,120.32623,0.54318496,2.2915694
12009,-1127.9255,-1070.1881,-57.737412,-0.18428163,0.44490374
12010,13302.466,13567.017,-264.55173,-1.0410343,1.6037925
12011,14190.123,14164.514,25.60851,0.13693916,0.45235271
12012,3129.6834,3303.4319,-173.74844,-0.55095335,1.7075148
12013,-4845.8845,-4996.1766,150.29204,0.89968264,-0.24226688
12014,6449.1024,6844.6833,-395.58088,-1.0756717,2.1112461
12015,9238.8827,9365.3743,-126.4916,-0.39532349,1.1977233
12016,-5321.1769,-5476.7294,155.55246,0.6420781,0.45748357
12017,-1788.6629,-1534.5259,-254.13703,-1.0657974,1.1454604
12018,2978.5624,2986.5029,-7.9404955,-0.062589969,0.73330188
12019,5254.4358,5408.4299,-153.99419,-1.131288,0.24375999
12020,-167.80633,-75.669866,-92.136466,-0.29270109,0.32982726
12021,-12254.153,-12358.265,104.11218,0.50528794,0.50432126
12022,-11192.492,-11169.658,-22.833271,-0.12706135,-0.14491106
12023,-6533.959,-6412.2841,-121.67496,-0.94485552,0.39655693
12024,-6762.7858,-6518.4184,-244.36742,-1.7748811,-1.308514
12025,-11616.298,-11917.021,300.72316,1.8274364,1.302517
12026,-14725.959,-14610.672,-115.28725,-0.91734852,0.19763887
12027,-19809.728,-19765.067,-44.660941,-0.22144338,2.8706733
12028,-23251.188,-23458.641,207.45299,1.539874,0.42072918
12029,-19182.838,-18897.321,-285.51745,-1.9107386,2.4606846
12030,-17395.605,-17438.956,43.35064,0.3493273,-0.25962538
12031,-20739.337,-20769.904,30.566973,0.19539996,-1.3969355
12032,-25133.289,-25085.543,-47.745454,-0.35351681,0.53055149
12033,-25218.622,-25323.854,105.23215,0.76452722,0.15342196
12034,-20450.443,-20442.165,-8.2781358,-0.050969344,1.7905307
12035,-16988.484,-16938.257,-50.226974,-0.42838503,0.021082861
12036,-17585.818,-17658.104,72.286142,0.58000887,-0.047030806
12037,-19853.587,-19986.18,132.59383,1.089178,0.094926226
12038,-21585.043,-21606.695,21.651987,0.16441872,-0.92286615
12039,-22302.51,-22221.39,-81.120607,-0.62603782,0.33054997
12040,-17388.931,-17411.44,22.508441,0.13459244,0.85518424
12041,-15141.661,-15146.749,5.0874804,0.042217695,-0.12236726
12042,-17511.926,-17564.253,52.327847,0.43888889,0.74289053
12043,-16720.566,-16763.823,43.257308,0.35489721,0.41883594
12044,-15496.343,-15488.737,-7.6056002,-0.064988024,-0.8158032
12045,-15147.382,-15123.655,-23.72724,-0.20013569,-0.42217861
12046,-14442.309,-14426.411,-15.898376,-0.13007602,0.47016392
12047,-12583.091,-12577.904,-5.187217,-0.044623259,-0.30649868
12048,-13018.816,-12986.718,-32.097792,-0.27579952,0.061326381
12049,-13979.888,-13816.63,-163.25871,-1.457945,0.98023228
12050,-12167.866,-12354.334,186.46805,1.4772223,-0.84703267
12051,-9750.8827,-9694.096,-56.786712,-0.45750506,2.196994
12052,-7769.6238,-7715.3781,-54.245717,-0.47006397,0.096566551
12053,-7421.6164,-7512.4453,90.82891,0.82837676,-0.89080965
12054,-7719.568,-7544.8752,-174.69273,-1.537915,-0.22363668
12055,-8895.1657,-8964.4223,69.256529,0.56847661,0.55485341
12056,-10257.639,-10230.173,-27.465989,-0.24125,-0.13157875
12057,-9611.203,-9473.4741,-137.72889,-1.2218677,-1.0455118
12058,-8803.1583,-8825.3666,22.208316,0.19472768,0.3140295
12059,-10381.587,-10310.265,-71.321717,-0.59835107,1.3769356
12060,-10848.298,-10757.405,-90.892961,-0.7796494,1.022467
12061,-10946.503,-11068.438,121.93483,1.012461,1.7719645
12062,-9481.0577,-9326.5566,-154.50111,-1.2928156,0.93008663
12063,-10368.715,-10386.426,17.71102,0.15231138,0.36666687
12064,-10350.6,-10194.795,-155.805,-1.2361429,0.54995771
12065,-12322.801,-12425.582,102.78083,0.9036365,0.39113253
12066,-11468.514,-11457.597,-10.917037,-0.094462332,0.52939523
12067,-10363.471,-10250.81,-112.66116,-0.95658304,-0.68529318
12068,-9807.6127,-9837.5739,29.961233,0.26262612,-0.15527506
12069,-10153.713,-10132.883,-20.830304,-0.17948137,-0.5567461
12070,-9550.6592,-9540.2994,-10.359794,-0.082923779,-0.33922339
12071,-8727.8361,-8611.1324,-116.70369,-0.98330394,-1.0237453
12072,-8477.5568,-8517.2821,39.725353,0.35609957,-1.5249507
12073,-9276.067,-9259.2399,-16.827116,-0.15331755,-1.0538842
12074,-9437.1993,-9192.4146,-244.78467,-2.2647318,0.51156887
12075,-9594.5177,-9756.0077,161.48999,1.4327986,1.3321521
12076,-10692.41,-10657.658,-34.751334,-0.3041928,1.0678074
12077,-11178.19,-11038.956,-139.23409,-1.2487409,1.0229005
12078,-11109.065,-11159.831,50.765917,0.45547415,0.53282128
12079,-11049.952,-10947.071,-102.88057,-0.92858297,1.0504792
12080,-10874.041,-10870.91,-3.1311795,-0.027345453,0.94975907
12081,-11197.259,-11283.163,85.904302,0.7588717,-0.44517353
12082,-11329.311,-11206.511,-122.80043,-1.0925836,-1.668215
12083,-12108.276,-12135.186,26.910575,0.2286448,-0.18465653
12084,-13343.94,-13337.551,-6.389546,-0.056024955,1.0819572
12085,-13026.443,-12918.418,-108.02478,-0.96192605,1.9310437
12086,-12229.363,-12231.002,1.6387909,0.014386453,-0.87995453
12087,-12219.829,-12149.927,-69.901615,-0.59489096,-0.66593266
12088,-12631.717,-12666.841,35.123745,0.29826941,-0.23908408
12089,-13384.939,-13230.434,-154.50477,-1.3369776,0.070662861
12090,-13591.359,-13593.551,2.1914596,0.019753939,0.55219369
12091,-14054.734,-14097.689,42.955354,0.38110828,-0.18514217
12092,-14637.289,-14494.219,-143.06983,-1.2076173,0.49515948
12093,-15525.899,-15528.046,2.1466239,0.018271347,0.8071413
12094,-16519.389,-16567.77,48.380474,0.41303689,-0.15217799
12095,-17317.423,-17225.213,-92.209667,-0.76080842,-1.0761906
12096,-17203.009,-17280.246,77.23637,0.63364591,-0.75199052
12097,-16860.246,-16872.415,12.168777,0.10459736,-0.60855776
12098,-16548.469,-16596.269,47.79944,0.42585922,0.21313129
12099,-16426.905,-16226.273,-200.63248,-1.8411443,1.0727722
12100,-16394.011,-16631.155,237.1443,2.1563364,2.5824665
12101,-16510.808,-16441.489,-69.31875,-0.62477435,2.2269157
12102,-16167.568,-16121.121,-46.447049,-0.4169817,0.22691309
12103,-15954.473,-15999.263,44.789958,0.39157522,0.13153629
12104,-15596.931,-15442.549,-154.38215,-1.3429259,0.41508926
12105,-15218.413,-15245.021,26.607705,0.22904156,1.2881785
12106,-14998.168,-15074.518,76.350636,0.66354692,0.76904257
12107,-15011.039,-14900.084,-110.95465,-0.98847418,0.75169178
12108,-14530.98,-14546.795,15.81511,0.14515296,1.047213
12109,-14444.693,-14445.574,0.88115892,0.0076578016,1.842108
12110,-14592.477,-14502.081,-90.396108,-0.78285983,0.70728228
12111,-14852.291,-14962.979,110.68838,0.98466828,-0.38826004
12112,-15321.862,-15279.417,-42.445691,-0.37036352,-0.84245904
12113,-15300.41,-15271.063,-29.346344,-0.25372277,0.5773004
12114,-15298.503,-15187.532,-110.97112,-0.98649911,1.254136
12115,-14966.704,-15009.658,42.954439,0.387546,1.1257898
12116,-14746.458,-14735.969,-10.488811,-0.092320393,-0.32374036
12117,-14650.637,-14601.336,-49.300979,-0.43449414,-1.8265798
12118,-14456.134,-14388.084,-68.049625,-0.6141341,-0.084535165
12119,-14597.721,-14566.94,-30.780171,-0.27094357,0.83512648
12120,-14142.451,-14087.37,-55.08021,-0.46225363,-0.12814389
12121,-14100.976,-13996.96,-104.0161,-0.87691399,0.11867753
12122,-14688.775,-14710.418,21.643752,0.17955319,0.40102818
12123,-14599.628,-14547.777,-51.850209,-0.42136737,0.76146982
12124,-14823.21,-14679.463,-143.74786,-1.2293514,0.087136532
12125,-14003.724,-14191.048,187.32359,1.4822014,0.70858722
12126,-12878.659,-12821.62,-57.039256,-0.48722659,1.7994919
12127,-11379.844,-11307.24,-72.603652,-0.60012434,0.71549877
12128,-13179.471,-13342.464,162.99336,1.3426847,0.63393113
12129,-11701.631,-11707.209,5.5779281,0.044831761,0.47757277
12130,-12092.067,-12418.211,326.14409,2.6996133,0.64707516
12131,-11406.063,-11397.651,-8.4126429,-0.071962238,0.25827179
12132,-11909.959,-12076.223,166.26362,1.4725939,-1.2970377
12133,-11405.587,-11501.82,96.232986,0.8406435,-0.133069
12134,-11888.983,-12124.868,235.88432,2.0553947,1.3212248
12135,-11116.216,-11153.443,37.227363,0.31471993,2.4550506
12136,-10041.207,-10264.568,223.36143,1.8654121,1.8233601
12137,-9701.7803,-9954.5182,252.73797,2.1243738,1.0143802
12138,-9800.9385,-9870.9866,70.048017,0.62350842,0.83794857
12139,-10107.948,-10283.24,175.29206,1.5588281,0.51241747
12140,-10647.121,-10884.668,237.5469,2.1429934,1.5273413
12141,-11305.475,-11558.326,252.85144,2.206618,0.60319597
12142,-11954.294,-12124.376,170.08197,1.4613421,0.36997647
12143,-12151.657,-12207.908,56.250514,0.48941872,0.9453227
12144,-13027.397,-13302.664,275.26746,2.3998514,1.1038966
12145,-13650.95,-13698.211,47.261412,0.41310556,-0.69611802
12146,-14117.661,-14118.326,0.66521551,0.0056821007,-0.28518974
12147,-14673.996,-14823.432,149.43559,1.3136572,-0.45427324
12148,-15538.294,-15475.962,-62.332615,-0.54297943,-0.78999986
12149,-16055.538,-15964.868,-90.670613,-0.81819539,-0.72081648
12150,-16455.032,-16670.464,215.43283,1.9628708,0.83606009
12151,-16756.797,-16721.075,-35.722164,-0.32139423,1.7723306
12152,-17141.035,-17118.096,-22.939412,-0.20452638,0.98035939
12153,-17001.356,-17003.117,1.7614028,0.015346178,-1.0576562
12154,-17090.026,-17074.856,-15.170025,-0.13039168,-1.3406288
12155,-16879.315,-16869.466,-9.8483006,-0.085101288,-1.010375
12156,-17075.724,-17109.743,34.018408,0.2963129,-1.0451725
12157,-17512.879,-17426.672,-86.207172,-0.75530392,-0.78690834
12158,-17814.644,-17709.697,-104.94758,-0.92010067,0.59792881
12159,-18299.948,-18338.641,38.693216,0.34176796,0.69319446
12160,-18560.715,-18392.691,-168.0241,-1.4866315,2.0820026
12161,-18397.676,-18451.163,53.48717,0.47825061,0.84738791
12162,-18557.378,-18540.1,-17.278218,-0.15028281,0.87740737
12163,-18451.069,-18294.91,-156.15911,-1.3256312,2.881605
12164,-18114.026,-18036.944,-77.081733,-0.67639702,2.0788889
12165,-17799.866,-17800.599,0.73292658,0.0066663546,2.879406
12166,-17526.227,-17505.29,-20.937361,-0.18792742,0.44711599
12167,-17490.473,-17430.111,-60.361674,-0.52505197,-0.95866833
12168,-17078.108,-17014.418,-63.689581,-0.56052541,-0.55678147
12169,-16894.093,-17075.347,181.2543,1.6104351,-0.46555491
12170,-16658.115,-16635.578,-22.537721,-0.19576876,-0.68226355
12171,-16117.512,-16148.637,31.125132,0.2720727,-1.1163001
12172,-15652.231,-15800.752,148.52149,1.3581604,-1.0831837
12173,-15559.27,-15521.658,-37.611669,-0.33031748,1.0257236
12174,-15328.06,-15290.226,-37.833103,-0.33296376,0.62182169
12175,-15280.387,-15454.833,174.44568,1.5502595,1.3967447
12176,-15537.818,-15522.15,-15.667793,-0.13991412,2.0226049
12177,-15776.655,-15833.182,56.526848,0.51804943,1.1795205
12178,-16166.615,-16223.816,57.201214,0.51499158,-0.53023959
12179,-16154.696,-16193.843,39.146149,0.33765173,-0.56334672
12180,-16251.471,-16325.528,74.056695,0.63661985,-0.14017688
12181,-16119.419,-16233.152,113.73264,0.98611446,-1.2903918
12182,-16132.767,-16148.637,15.870011,0.13976272,-0.91847763
12183,-15985.937,-16021.866,35.928958,0.32121032,-0.39857051
12184,-16103.21,-16314.226,211.01606,1.850644,0.74651566
12185,-15626.488,-15500.53,-125.95815,-1.049399,-0.13834404
12186,-16439.3,-16697.981,258.68099,2.1687224,-0.14159992
12187,-15388.603,-15389.482,0.87841388,0.0076055844,-0.33296396
12188,-16172.812,-16209.075,36.262938,0.31623812,1.2973231
12189,-16314.399,-16420.852,106.4537,0.87146069,2.3974412
12190,-17334.585,-17363.777,29.192621,0.25303668,1.8245327
12191,-15134.51,-15279.908,145.39763,1.2445944,1.0187101
12192,-14068.082,-14033.321,-34.761399,-0.29410641,-0.30657103
12193,-15181.706,-15181.144,-0.56181888,-0.0045871094,-0.19901489
12194,-16788.261,-16985.919,197.65868,1.714516,1.4695919
12195,-16871.687,-16816.891,-54.796556,-0.46535602,0.72637728
12196,-16470.287,-16550.572,80.285199,0.70572952,0.36095806
12197,-16146.592,-16243.47,96.878071,0.88650098,0.42360076
12198,-16332.514,-16372.207,39.693327,0.35593975,-0.86845209
12199,-16340.142,-16331.424,-8.7173427,-0.077768472,-0.69779611
12200,-16472.67,-16668.99,196.32001,1.7286544,-0.1833987
12201,-16675.277,-16775.125,99.847293,0.91975293,1.4761196
12202,-16172.335,-16181.067,8.731983,0.080022865,1.4013522
12203,-16065.549,-16132.422,66.872917,0.60151664,0.98112113
12204,-16381.616,-16437.559,55.942154,0.47412297,-0.80315183
12205,-16571.829,-16555.977,-15.85171,-0.13608848,-0.88354328
12206,-17152,-17383.432,231.43186,2.018631,-1.6472634
12207,-17083.352,-17028.177,-55.175372,-0.49788763,-1.8788024
12208,-16957.497,-16995.255,37.758072,0.33242321,-0.87445883
12209,-17351.747,-17535.754,184.00758,1.6035794,1.7308863
12210,-17271.657,-17154.457,-117.20054,-1.0265725,0.89409742
12211,-17112.909,-17305.305,192.39643,1.6849686,0.14071918
12212,-17657.326,-17570.641,-86.68481,-0.72576324,-0.67760973
12213,-18038.227,-18053.651,15.423484,0.13345167,-0.024027993
12214,-18640.328,-18649.674,9.3459577,0.081256123,1.1876752
12215,-18414.838,-18460.499,45.661051,0.41601877,1.7126044
12216,-18485.87,-18653.113,167.2436,1.4908892,0.72073864
12217,-18600.283,-18508.161,-92.121826,-0.81355613,-0.5273337
12218,-18503.032,-18567.125,64.093103,0.56028128,0.78384716
12219,-18467.754,-18603.977,136.22278,1.1879046,0.47591269
12220,-18597.423,-18455.094,-142.32867,-1.2363132,-0.48016338
12221,-18406.734,-18515.04,108.3066,0.92639241,-0.85803668
12222,-18402.92,-18386.795,-16.1253,-0.14520152,-0.31610512
12223,-18715.173,-18688,-27.173184,-0.25032537,-0.55751163
12224,-18905.385,-18806.418,-98.967049,-0.89463972,0.43022943
12225,-18870.585,-19045.712,175.12736,1.5235457,-0.60731029
12226,-18909.199,-18905.674,-3.5255507,-0.031691349,0.52815118
12227,-18756.171,-18632.967,-123.20395,-1.1348594,1.107195
12228,-18673.698,-18856.537,182.8391,1.7015028,-0.38323479
12229,-18635.561,-18516.514,-119.04613,-1.0217407,-1.1530088
12230,-18542.6,-18619.701,77.100948,0.65400766,-1.8777787
12231,-18707.069,-18867.839,160.76987,1.3854407,-2.8028497
12232,-18879.166,-18762.196,-116.96996,-1.0363347,-1.3172145
12233,-18653.199,-18800.522,147.32282,1.3136109,0.79035162
12234,-18843.412,-18921.889,78.47713,0.71292933,0.16262349
12235,-18795.739,-18685.543,-110.19611,-0.97898987,1.5742272
12236,-18356.678,-18566.633,209.95556,1.830017,0.23728937
12237,-18401.966,-18276.238,-125.72848,-1.0674083,-1.1334493
12238,-18161.222,-18216.292,55.070145,0.46639741,-0.31766786
12239,-18274.682,-18219.24,-55.441641,-0.48773077,0.75367031
12240,-18238.451,-18325.374,86.923628,0.78047635,1.7646228
12241,-18430.093,-18481.136,51.043167,0.4536528,1.4176233
12242,-18671.791,-18581.866,-89.925791,-0.7918102,0.90748018
12243,-18606.004,-18719.447,113.44349,1.0244754,0.66052905
12244,-18964.022,-19055.539,91.517001,0.82380216,-0.18336855
12245,-18684.186,-18693.896,9.7101334,0.085627771,-0.54912176
12246,-18715.65,-18731.731,16.081379,0.13874975,-1.0422313
12247,-19042.205,-19084.53,42.324909,0.37651043,0.018451338
12248,-18749.02,-18786.764,37.743431,0.32074097,0.36329118
12249,-18793.356,-18664.415,-128.94109,-1.1007899,-0.14730968
12250,-18127.374,-18330.779,203.40497,1.6452172,-0.61484495
12251,-17814.168,-17867.424,53.256586,0.46939367,0.55796876
12252,-17628.246,-17521.013,-107.23237,-0.87281993,-0.4226753
12253,-20780.335,-21018.534,238.19839,1.859456,0.13271438
12254,-19430.257,-19289.919,-140.3376,-1.0647489,-0.034915851
12255,-18978.801,-19114.503,135.70213,1.1077801,-1.1248317
12256,-17944.313,-17983.877,39.56431,0.33048324,-2.5191882
12257,-18735.672,-18656.553,-79.11947,-0.68023125,-2.4079202
12258,-18290.413,-18425.612,135.19888,1.1491664,-2.4779381
12259,-19022.659,-19076.177,53.517366,0.46656684,-0.66532449
12260,-18938.279,-18987.731,49.451956,0.43965793,-0.37879171
12261,-18809.088,-18998.541,189.45374,1.6417941,-0.10255095
12262,-18993.579,-18959.724,-33.855535,-0.29576086,0.97136454
12263,-19132.782,-19194.104,61.321524,0.51687438,0.60598767
12264,-19104.179,-19078.633,-25.545374,-0.22024293,0.75901901
12265,-19246.719,-19298.273,51.553745,0.45656603,0.97229343
12266,-19138.98,-19248.154,109.17404,0.99963685,1.4770825
12267,-19290.577,-19158.726,-131.85175,-1.1514209,1.5228614
12268,-19085.587,-19165.113,79.526652,0.70126198,1.0576026
12269,-19544.67,-19633.382,88.711567,0.77604617,2.2589178
12270,-19525.125,-19555.255,30.130511,0.26134306,1.0902239
12271,-19639.538,-19627.977,-11.561208,-0.10046496,-1.0137351
12272,-19789.229,-19849.09,59.861161,0.55108129,0.16806131
12273,-19955.605,-20019.102,63.496513,0.5644139,-0.47981501
12274,-19716.291,-19608.322,-107.96805,-0.96500164,-0.49251139
12275,-19567.076,-19796.514,229.43805,2.008571,0.51845705
12276,-19656.7,-19677.605,20.90442,0.18672964,0.31758791
12277,-20044.276,-19944.906,-99.369655,-0.88832633,0.52735302
12278,-20106.25,-20279.524,173.27446,1.5930562,-0.36037348
12279,-20394.667,-20304.583,-90.083173,-0.78051849,-0.97435656
12280,-20362.726,-20421.528,58.801574,0.49860973,-1.8327073
12281,-20411.829,-20551.248,139.41892,1.1826073,-2.6890643
12282,-20546.264,-20358.142,-188.1224,-1.6589467,-2.1712075
12283,-20368.447,-20468.699,100.25173,0.8799981,-1.1884645
12284,-20486.197,-20505.06,18.862108,0.16271907,-1.5830234
12285,-20457.117,-20387.132,-69.984881,-0.62579041,-0.52270239
12286,-20188.723,-20314.902,126.17958,1.1417233,-0.73065704
12287,-20471.896,-20368.461,-103.43506,-0.87919738,-0.44268867
12288,-20483.814,-20582.203,98.389675,0.83984901,-0.21712594
12289,-20479.047,-20447.57,-31.476497,-0.27422347,0.25019672
12290,-20406.108,-20546.334,140.22597,1.2722528,-0.88367381
12291,-20325.065,-20408.261,83.19586,0.73778046,0.28049519
12292,-20480.953,-20388.607,-92.346919,-0.80214008,-0.45901127
12293,-20225.907,-20303.601,77.693878,0.69076557,1.2018646
12294,-20238.778,-20288.369,49.590124,0.43262144,1.1305768
12295,-20418.98,-20361.582,-57.397942,-0.49621118,0.21321117
12296,-20234.011,-20343.893,109.88134,0.96852821,-0.12034611
12297,-20480.953,-20417.597,-63.356516,-0.58584693,0.53258355
12298,-20613.006,-20707.01,94.00401,0.85545804,0.57328052
12299,-20658.771,-20520.292,-138.4792,-1.2127335,-0.15180522
12300,-20491.918,-20725.681,233.76332,2.0280669,-0.20922125
12301,-20524.812,-20538.472,13.660251,0.12413657,0.80594214
12302,-20483.814,-20378.288,-105.52587,-0.98537027,1.0817209
12303,-20504.79,-20694.726,189.93596,1.7008217,-0.69594957
12304,-20463.315,-20394.012,-69.303195,-0.60915884,-1.6294233
12305,-20473.326,-20589.083,115.75665,1.019229,-2.1904966
12306,-20539.114,-20640.184,101.07067,0.8898245,-0.63582394
12307,-20747.918,-20656.399,-91.518831,-0.80703235,-0.93642958
12308,-20762.696,-20907.486,144.78914,1.293696,0.71321561
12309,-21023.464,-21028.852,5.3885201,0.047760855,-0.43080933
12310,-20380.365,-20335.048,-45.317006,-0.38084326,-0.19113471
12311,-21086.391,-21274.534,188.14253,1.5783551,-0.37072759
12312,-19988.499,-19768.507,-219.99235,-1.8591781,-0.98343628
12313,-20659.724,-20792.998,133.27369,1.1327885,-0.15713294
12314,-20909.527,-20822.971,-86.555793,-0.70641965,0.64946098
12315,-21947.829,-22025.827,77.998577,0.66050361,1.1457665
12316,-19900.305,-19987.163,86.857747,0.74981915,1.1094221
12317,-18996.439,-18889.459,-106.98075,-0.93187546,-0.74626644
12318,-20058.101,-20180.269,122.16816,0.99232052,0.39149316
12319,-21411.993,-21509.405,97.412439,0.83806275,-0.1839749
12320,-21100.216,-21126.633,26.417382,0.22116533,-1.1947552
12321,-20523.858,-20518.326,-5.5321774,-0.04750831,-1.317289
12322,-20049.043,-20033.351,-15.691583,-0.14439246,-0.55018275
12323,-20211.605,-20337.013,125.40822,1.1743808,0.63679302
12324,-20411.829,-20208.276,-203.55229,-1.8622229,-0.039741425
12325,-20760.313,-21049.489,289.17659,2.5384699,-0.065443302
12326,-21312.834,-21284.361,-28.47342,-0.25754481,0.72572453
12327,-20966.257,-20846.065,-120.19172,-1.1165919,0.53315452
12328,-20860.901,-21010.18,149.27912,1.3815842,0.49310509
12329,-21108.797,-20997.896,-110.90067,-0.97455638,0.89415973
12330,-21020.603,-21116.806,96.20279,0.80908077,0.47409258
12331,-21550.719,-21570.825,20.106528,0.17653202,-0.76921788
12332,-21324.752,-21231.785,-92.967299,-0.83315869,-1.3333966
12333,-21175.538,-21278.956,103.41768,0.90846897,-0.47823602
12334,-21620.797,-21706.441,85.644438,0.76336467,0.29145506
12335,-21444.41,-21445.528,1.1181477,0.010271763,0.31371744
12336,-21251.814,-21357.574,105.76012,0.95088894,0.16156525
12337,-21568.358,-21517.267,-51.090747,-0.44258877,0.48014257
12338,-21661.795,-21737.889,76.093517,0.64724852,-0.29551324
12339,-21927.33,-21816.015,-111.31425,-0.9997664,-0.25599905
12340,-21497.326,-21598.833,101.50713,0.92731651,0.42607493
12341,-21521.639,-21530.534,8.8948555,0.081173601,0.42156657
12342,-21651.784,-21594.902,-56.881874,-0.49349698,0.33838332
12343,-21749.512,-21796.852,47.340103,0.41064319,-0.12396584
12344,-21956.41,-22021.405,64.995307,0.57227953,-0.21972109
12345,-22130.89,-22080.369,-50.521608,-0.42921649,-0.62982707
12346,-22001.222,-21950.157,-51.064212,-0.43290872,-1.4324579
12347,-21801.952,-21837.144,35.192371,0.31125761,-0.54535928
12348,-21913.028,-21987.01,73.981664,0.6504417,-0.20609808
12349,-21926.376,-21777.198,-149.17847,-1.3327201,-0.10379689
12350,-21823.404,-22085.282,261.87805,2.2541549,0.76723083
12351,-21858.205,-21810.119,-48.08584,-0.41759386,1.4955583
12352,-21770.965,-21774.741,3.7762647,0.034340448,-0.29033501
12353,-21901.11,-22015.509,114.39877,1.0665571,-0.39105247
12354,-21921.609,-21782.603,-139.00625,-1.2234691,-0.18191087
12355,-21876.797,-22014.035,137.23753,1.1804262,0.090735931
12356,-21986.92,-21935.908,-51.012056,-0.44065694,-0.92988003
12357,-22019.814,-21915.762,-104.05178,-0.92718773,-1.0433584
12358,-21765.721,-21818.472,52.751499,0.46287539,0.38073549
12359,-21865.356,-21892.668,27.312267,0.23525448,0.085689612
12360,-21976.432,-21914.288,-62.144122,-0.5501681,-0.41586869
12361,-21755.233,-21836.161,80.928454,0.75169076,1.58342
12362,-21974.525,-22024.353,49.828027,0.44093368,1.2058334
12363,-21998.361,-22014.526,16.164645,0.13926813,-0.70108766
12364,-22036.976,-22065.628,28.651848,0.24799025,0.093013845
12365,-22083.695,-22141.298,57.602905,0.52185683,-0.88961174
12366,-22021.244,-22024.845,3.6005819,0.032194044,0.47593652
12367,-22144.715,-22129.996,-14.718923,-0.13109875,0.63192222
12368,-21929.713,-21954.58,24.866433,0.22511331,1.2940806
12369,-22108.961,-22178.641,69.680181,0.61296269,0.80846611
12370,-21929.236,-21923.624,-5.6126987,-0.048056459,-1.078832
12371,-21976.432,-21920.184,-56.247769,-0.49068656,-2.3438275
12372,-22407.866,-22498.027,90.16095,0.7795349,-0.30732144
12373,-22172.842,-22132.453,-40.388738,-0.33086416,1.1168869
12374,-22090.369,-21978.656,-111.71229,-0.96827059,1.459776
12375,-21500.186,-21676.96,176.77347,1.4390939,1.44457
12376,-21034.905,-20941.39,-93.515393,-0.812982,2.1554686
12377,-20793.207,-20764.008,-29.199026,-0.23773191,1.1030699
12378,-23945.773,-24127.386,181.61298,1.4423861,0.062712562
12379,-22573.765,-22484.269,-89.496649,-0.70646432,0.62318646
12380,-22465.073,-22575.171,110.0982,0.90730507,-0.38056831
12381,-21338.101,-21312.369,-25.732037,-0.22036464,0.15267948
12382,-22286.778,-22280.353,-6.4252315,-0.057206716,-1.2249362
12383,-21824.358,-21795.378,-28.979423,-0.25406273,1.2608076
12384,-22409.296,-22469.036,59.740379,0.51482851,1.6432895
12385,-22244.35,-22166.357,-77.993087,-0.67621687,0.33410372
12386,-21894.912,-21941.804,46.891746,0.42020216,-0.012640747
12387,-21967.851,-22000.276,32.425367,0.28523491,0.47598885
12388,-22123.263,-22116.238,-7.024566,-0.060946737,1.3991013
12389,-22145.192,-22139.332,-5.8597526,-0.050834212,1.1058716
12390,-22434.562,-22455.77,21.20729,0.19106197,0.66622519
12391,-22377.832,-22437.098,59.265486,0.5243425,-0.68638116
12392,-22602.845,-22556.499,-46.346397,-0.40639047,-0.89038459
12393,-22308.708,-22321.136,12.428641,0.10970073,-0.38009506
12394,-22624.775,-22778.104,153.32897,1.3258131,0.079296381
12395,-22605.706,-22537.827,-67.878518,-0.56790269,-0.16057078
12396,-22522.279,-22541.267,18.987465,0.1578566,-0.24551461
12397,-22807.359,-22883.255,75.895874,0.66774243,-0.5756175
12398,-22961.341,-22903.401,-57.93963,-0.53256487,-0.68099667
12399,-22797.348,-22725.036,-72.311763,-0.65041319,-0.26007822
12400,-22678.644,-22864.583,185.93917,1.6483586,1.4815041
12401,-22746.816,-22671.969,-74.846353,-0.6507457,1.8396229
12402,-23059.546,-22950.572,-108.97365,-0.95240322,1.4648323
12403,-22926.54,-23047.37,120.8304,1.0694449,0.37976993
12404,-23067.173,-23023.785,-43.388156,-0.38178237,0.22949956
12405,-22901.274,-22891.117,-10.15666,-0.087538225,-0.16595823
12406,-22914.622,-22998.234,83.612191,0.71368708,-0.44101112
12407,-23048.104,-22994.303,-53.80102,-0.47748515,-0.59612714
12408,-22906.518,-23009.044,102.52645,0.91453513,0.22700828
12409,-23153.46,-23244.898,91.43831,0.80013229,0.84634727
12410,-23158.227,-23087.662,-70.565,-0.61658147,0.14224311
12411,-22933.691,-23039.509,105.81776,0.92810816,-0.14269976
12412,-23190.168,-23125.988,-64.179114,-0.56061521,-0.29776573
12413,-23078.615,-23066.042,-12.572299,-0.10657398,1.0615375
12414,-23075.277,-23035.086,-40.191095,-0.35119905,1.0946772
12415,-22965.155,-23028.699,63.544094,0.57261789,1.316714
12416,-22983.747,-22977.106,-6.6411749,-0.057938283,-0.039233046
12417,-23155.367,-23073.904,-81.462822,-0.69825375,-0.022263908
12418,-22991.374,-23029.19,37.815718,0.33101826,-0.24336747
12419,-23011.397,-23054.25,42.852872,0.37582316,0.098580797
12420,-23094.823,-23078.818,-16.005433,-0.13315658,0.27088064
12421,-23025.698,-22960.891,-64.807729,-0.53005791,-0.2505661
12422,-22971.829,-23044.422,72.593587,0.62564759,-0.32106962
12423,-23091.009,-23160.384,69.374566,0.61224763,0.39499692
12424,-23054.778,-22914.702,-140.0759,-1.2981424,0.38268741
12425,-22943.225,-23216.891,273.66527,2.4447721,1.147515
12426,-23131.531,-23004.131,-127.40021,-1.1319088,2.7041489
12427,-23077.661,-23102.403,24.741991,0.2191964,1.602614
12428,-23259.292,-23312.706,53.413969,0.47451434,0.46754579
12429,-23221.631,-23093.559,-128.07274,-1.0917267,-0.17925651
12430,-23187.307,-23288.63,101.3223,0.89237808,0.81135172
12431,-23328.894,-23252.269,-76.625141,-0.67120663,0.27258618
12432,-23323.173,-23269.958,-53.215411,-0.46854292,-0.37206838
12433,-23320.313,-23385.428,65.115174,0.57338515,1.7001134
12434,-23475.248,-23499.916,24.667875,0.21426877,1.3970692
12435,-22906.994,-22826.257,-80.737216,-0.68639611,-0.24337316
12436,-23666.89,-23754.933,88.042691,0.75235677,0.38682367
12437,-22399.285,-22382.065,-17.219657,-0.14599619,0.13204612
12438,-23203.039,-23281.259,78.220011,0.65775059,-0.45303628
12439,-23351.777,-23237.528,-114.24871,-0.88989027,1.2042838
12440,-24305.222,-24443.332,138.11045,1.1656009,1.0179628
12441,-22208.596,-22137.858,-70.737938,-0.60778315,1.2907413
12442,-21195.561,-21204.76,9.1995554,0.079636811,0.51845863
12443,-22389.75,-22382.557,-7.1938437,-0.058896972,0.045044701
12444,-23735.538,-23818.319,82.780443,0.70332421,-0.74453179
12445,-23439.017,-23465.029,26.012031,0.21727506,-0.66221507
12446,-23081.952,-22916.668,-165.28364,-1.4147627,-1.8142818
12447,-22533.721,-22649.367,115.64593,0.98978105,0.23869996
12448,-22825.952,-22795.793,-30.158877,-0.26127139,0.27895702
12449,-22863.136,-22699.977,-163.15897,-1.4630373,0.87987718
12450,-23189.691,-23418.841,229.14982,2.0402588,1.4287821
12451,-23593.475,-23500.898,-92.576588,-0.82915332,1.1164424
12452,-23107.218,-23173.159,65.941432,0.57477066,0.3744338
12453,-23073.847,-23145.152,71.304332,0.61345145,-0.24528138
12454,-23288.849,-23256.2,-32.649546,-0.27222968,-1.2331455
12455,-23331.277,-23394.273,62.995085,0.52741922,-1.3036754
12456,-23859.009,-23831.585,-27.423898,-0.242452,-0.55381879
12457,-23594.428,-23587.869,-6.5588236,-0.05891728,-0.77728528
12458,-23492.41,-23429.651,-62.759012,-0.54827331,0.71904768
12459,-23844.231,-23907.255,63.024366,0.54443072,1.1525115
12460,-23649.251,-23606.05,-43.201493,-0.37431208,1.2752387
12461,-23411.367,-23475.347,63.980556,0.55736114,0.55312095
12462,-23731.724,-23708.253,-23.471036,-0.20119458,1.3222158
12463,-23881.892,-23887.601,5.7087752,0.048652736,2.213459
12464,-24165.542,-24102.818,-62.724241,-0.54607406,2.1389812
12465,-23814.197,-23844.852,30.654814,0.28224279,1.7685379
12466,-23803.709,-23810.948,7.2386794,0.065630135,0.74696553
12467,-23883.799,-23833.551,-50.248019,-0.4438001,0.56800635
12468,-23849.475,-23896.445,46.970437,0.40806347,1.3252416
12469,-23900.484,-24044.345,143.86132,1.2589921,0.40418371
12470,-24105.952,-24041.397,-64.55427,-0.56097114,-0.5727075
12471,-23908.588,-23882.687,-25.901314,-0.22776049,-1.0887852
12472,-23733.631,-23814.388,80.756431,0.72286945,-1.7225339
12473,-23949.11,-23835.025,-114.08492,-1.0092177,-0.75643037
12474,-23928.611,-23895.954,-32.656866,-0.29653256,-1.165506
12475,-23935.762,-24042.871,107.10976,0.96238355,0.68364146
12476,-23958.644,-23871.877,-86.767161,-0.763333,0.93244179
12477,-23859.963,-23814.879,-45.083677,-0.40177775,0.22971066
12478,-23835.173,-23969.658,134.48516,1.1831864,-1.2989017
12479,-23876.648,-23757.39,-119.25841,-1.0171195,-1.3124351
12480,-23829.453,-23842.395,12.94288,0.11049945,-1.1989506
12481,-23849.475,-23943.125,93.6499,0.79957538,-2.2502309
12482,-24020.142,-23903.816,-116.32579,-0.99293605,-0.68983114
12483,-23720.283,-23807.509,87.225583,0.77075527,0.30761443
12484,-23930.994,-23997.666,66.671613,0.5921551,1.0952832
12485,-23982.004,-23870.894,-111.10929,-0.96647271,1.0278203
12486,-23710.749,-23798.664,87.915504,0.77118807,0.88500166
12487,-23886.659,-23908.238,21.578786,0.19327836,0.87629196
12488,-23855.672,-23802.595,-53.077244,-0.44810639,2.4790097
12489,-23849.952,-23857.136,7.1846935,0.064058277,1.6829864
12490,-23876.648,-23803.086,-73.561672,-0.66213287,1.1077617
12491,-23840.894,-23861.067,20.173324,0.17994535,1.0134072
12492,-24066.384,-24022.726,-43.658085,-0.38131951,0.29498368
12493,-23804.663,-23811.44,6.7765971,0.059241098,0.62612054
12494,-24140.752,-24197.651,56.898344,0.49727505,1.2173089
12495,-23907.158,-23792.276,-114.8819,-0.98075604,1.1519091
12496,-23822.778,-23840.43,17.651544,0.15568328,0.49875481
12497,-24209.4,-24274.303,64.902891,0.58859694,-0.29508012
12498,-23789.408,-23840.43,51.022121,0.42215819,-0.49399267
12499,-23869.497,-23742.157,-127.33982,-1.0627786,-1.7046582
12500,-23191.121,-23327.939,136.81754,1.1112549,-0.24221304
12501,-22787.814,-22772.207,-15.606487,-0.13630323,1.9871013
12502,-22642.89,-22548.146,-94.744257,-0.76873551,1.4106309
12503,-25762.562,-25892.852,130.28982,1.0180097,0.27286806
12504,-24372.439,-24253.666,-118.77345,-0.92865416,-1.0988637
12505,-24203.68,-24220.745,17.06502,0.14200922,-1.6932958
12506,-23066.22,-23036.069,-30.150641,-0.25194405,-1.7712779
12507,-23982.004,-23911.678,-70.326181,-0.59340136,-0.96475507
12508,-23360.358,-23373.144,12.786412,0.1101884,0.091065942
12509,-24065.43,-24162.273,96.842385,0.84931565,2.3802446
12510,-23969.132,-23804.56,-164.57176,-1.4599479,-0.23487749
12511,-23658.786,-23735.278,76.492464,0.64939837,-0.50054616
12512,-23774.153,-23729.873,-44.27938,-0.37367428,0.18133235
12513,-23765.572,-23814.879,49.307384,0.42075686,0.7139787
12514,-23923.844,-23880.722,-43.121886,-0.372143,1.7054575
12515,-23989.631,-24000.123,10.491556,0.09404195,1.8525999
12516,-24051.605,-24096.921,45.316091,0.4023867,1.4018002
12517,-24146.473,-24037.958,-108.51522,-0.93833478,0.44413857
12518,-23885.229,-23880.23,-4.998724,-0.043229722,1.0775177
12519,-24290.92,-24395.67,104.74994,0.91405813,0.72187131
12520,-24243.248,-24060.56,-182.68721,-1.5306905,1.1058129
12521,-24240.864,-24236.468,-4.3957295,-0.037506733,0.1663383
12522,-24520.7,-24511.631,-9.0687083,-0.081035073,0.86818547
12523,-24567.419,-24588.775,21.356437,0.18867341,0.24637414
12524,-24404.38,-24323.44,-80.940349,-0.71224359,-0.978331
12525,-24226.562,-24309.19,82.627636,0.7200312,-0.90116466
12526,-24251.829,-24270.864,19.035046,0.17111221,1.0897478
12527,-24514.503,-24460.038,-54.464406,-0.49336121,1.5189334
12528,-24412.961,-24528.829,115.86828,1.0451626,0.28629914
12529,-24669.438,-24638.894,-30.543183,-0.26351693,-1.2124658
12530,-24453.006,-24357.344,-95.662017,-0.80451505,-1.252704
12531,-24528.328,-24671.324,142.99663,1.2152615,-2.2148638
12532,-24574.57,-24447.754,-126.81551,-1.1018545,-1.2707573
12533,-24455.389,-24557.328,101.93902,0.86405935,0.024185676
12534,-24621.765,-24749.942,128.17706,1.1328332,0.14108303
12535,-24679.449,-24466.917,-212.53132,-1.86823,1.1337213
12536,-24400.089,-24551.432,151.34248,1.285103,0.26847684
12537,-24647.985,-24566.664,-81.320995,-0.6692759,-1.0313029
12538,-24563.605,-24545.536,-18.069706,-0.15269888,1.1640436
12539,-24608.417,-24559.785,-48.632103,-0.41355449,1.8799915
12540,-24508.305,-24471.831,-36.474306,-0.32512696,1.5726294
12541,-24457.296,-24579.44,122.14345,1.0752962,1.4029774
12542,-24567.896,-24499.839,-68.056945,-0.590693,0.37763012
12543,-24323.814,-24376.015,52.201575,0.450507,0.64270341
12544,-24383.404,-24486.081,102.67652,0.89011965,-0.74853546
12545,-24480.179,-24341.62,-138.55881,-1.1852726,0.2129083
12546,-24376.253,-24406.971,30.71795,0.27140901,0.66152267
12547,-24387.218,-24372.576,-14.642061,-0.1306728,0.31964205
12548,-24545.013,-24519.002,-26.011116,-0.23126849,0.056285651
12549,-24523.084,-24418.764,-104.31988,-0.91630961,-0.37571007
12550,-24445.855,-24538.656,92.801681,0.80149171,-0.11461312
12551,-24529.758,-24490.994,-38.763672,-0.3406413,1.140783
12552,-24515.456,-24442.841,-72.615547,-0.63271762,1.769206
12553,-24543.106,-24624.645,81.538768,0.70771736,0.27664885
12554,-24566.942,-24458.073,-108.86934,-0.9319617,-0.87781195
12555,-24520.223,-24531.286,11.062525,0.093234966,-1.6887217
12556,-24616.045,-24652.653,36.607898,0.3114826,-2.5591888
12557,-24664.194,-24593.198,-70.995972,-0.60034175,-2.1683295
12558,-24620.335,-24699.823,79.488221,0.68331571,-0.38703067
12559,-24851.546,-24918.48,66.934223,0.57720938,0.63927096
12560,-24179.844,-24043.363,-136.48081,-1.1318098,1.2585813
12561,-24940.216,-25109.62,169.40395,1.3609406,0.67190689
12562,-23689.296,-23564.775,-124.52066,-1.0581278,-0.057800571
12563,-24428.693,-24456.107,27.414748,0.22944563,-0.58487274
12564,-24641.788,-24572.069,-69.718612,-0.55801221,0.63237488
12565,-25603.814,-25575.432,-28.381918,-0.23155413,1.7598825
12566,-23434.726,-23430.633,-4.0928597,-0.034509304,2.3157638
12567,-22562.801,-22492.622,-70.178864,-0.59013648,1.2489163
12568,-23678.808,-23679.263,0.45476219,0.0036090828,0.8483568
12569,-25031.747,-25146.472,114.72543,0.99728722,0.20314129
12570,-24702.808,-24644.791,-58.017407,-0.49122322,-0.26300818
12571,-24201.773,-24200.599,-1.1739635,-0.010108862,-0.72019869
12572,-23704.074,-23759.846,55.771961,0.50396788,-1.3198981
12573,-23956.261,-23936.737,-19.523663,-0.17615364,-0.79355122
12574,-23997.259,-23889.075,-108.18399,-0.96410936,-1.1241933
12575,-24429.646,-24553.397,123.75113,1.0772191,-0.11430017
12576,-24775.27,-24738.15,-37.120307,-0.33106389,0.35563724
12577,-24363.858,-24292.484,-71.374788,-0.63573527,0.39910588
12578,-24260.41,-24363.24,102.83024,0.93702722,-0.56924522
12579,-24508.305,-24406.48,-101.82555,-0.87277324,-0.79498728
12580,-24529.758,-24504.752,-25.005515,-0.21064473,-1.2252416
12581,-24970.726,-25016.752,46.026142,0.40496649,-2.0269581
12582,-24746.19,-24646.265,-99.925069,-0.87036268,-1.6796421
12583,-24604.127,-24629.559,25.431912,0.21888187,-1.3160278
12584,-24994.562,-24995.132,0.57005401,0.0049576019,0.040075756
12585,-24794.339,-24697.367,-96.972317,-0.89112841,0.84313033
12586,-24564.559,-24661.497,96.938462,0.84595605,0.57891659
12587,-24821.989,-24845.267,23.277968,0.19651428,0.53619864
12588,-24994.086,-24998.572,4.4863159,0.038658731,-0.62226175
12589,-25216.238,-25180.868,-35.370799,-0.31375644,0.5966993
12590,-24888.73,-24841.336,-47.394089,-0.42853515,0.62383116
12591,-24811.978,-24901.282,89.304496,0.79810548,2.1279947
12592,-24957.855,-24759.278,-198.57644,-1.7221187,1.4719062
12593,-24901.125,-24949.927,48.802296,0.41557928,0.96079767
12594,-25013.155,-25057.044,43.889583,0.37505222,-0.11568674
12595,-25216.715,-25100.775,-115.93965,-0.98162455,-0.92765718
12596,-25005.527,-25002.994,-2.53276,-0.02183002,-0.3870217
12597,-24804.827,-24840.353,35.526351,0.32294073,0.31966871
12598,-24939.739,-24964.177,24.437291,0.21961793,0.20286032
12599,-25036.037,-24810.38,-225.65721,-2.0074548,-1.2694329
12600,-24895.404,-25082.104,186.69955,1.6135007,-0.71673316
12601,-24944.507,-24890.964,-53.542986,-0.47113517,-0.28793654
12602,-24757.155,-24718.987,-38.167998,-0.34463283,0.64629366
12603,-24881.579,-24999.555,117.97556,1.0776509,-0.075878887
12604,-24856.79,-24710.142,-146.64754,-1.2861377,-0.37770105
12605,-24792.432,-24857.06,64.627471,0.55853693,-1.3134478
12606,-24884.439,-24932.729,48.289888,0.41981793,-1.6308877
12607,-24976.924,-24788.76,-188.16357,-1.6727676,-1.3271585
12608,-24655.136,-24775.002,119.86598,1.0620629,0.1018204
12609,-24907.322,-24863.447,-43.874943,-0.38066191,-0.031304306
12610,-24896.834,-24769.597,-127.23734,-1.1481955,-0.49526504
12611,-24699.948,-24734.219,34.270952,0.31265132,0.84530328
12612,-24844.395,-24794.165,-50.229719,-0.43305096,0.051917921
12613,-24827.709,-24818.242,-9.4676546,-0.07987586,0.38916416
12614,-24854.883,-24771.071,-83.811664,-0.71500639,1.6742579
12615,-24800.536,-24855.585,55.0491,0.49661294,1.8130925
12616,-24787.665,-24835.44,47.774735,0.42160833,0.28455891
12617,-24895.881,-24835.44,-60.44128,-0.51853315,0.13095052
12618,-24719.017,-24757.804,38.787463,0.33176085,1.6917314
12619,-24940.216,-24981.374,41.158265,0.35406401,0.79364421
12620,-24786.235,-24673.29,-112.94481,-0.95648303,-0.23019608
12621,-24664.194,-24690.488,26.293855,0.22758874,-0.036022979
12622,-25123.277,-25084.069,-39.20837,-0.33734046,-0.19565537
12623,-24738.562,-24781.881,43.318614,0.35763775,0.4412558
12624,-24775.747,-24570.595,-205.15173,-1.7311489,-0.58562213
12625,-24117.87,-24215.34,97.470085,0.77676247,-0.93248083
12626,-23664.507,-23639.954,-24.552583,-0.21113592,0.72551634
12627,-23536.745,-23404.1,-132.64507,-1.0643791,0.35417786
12628,-26637.348,-26803.839,166.49054,1.3208417,-0.34606486
12629,-25184.775,-24916.023,-268.75164,-2.1135765,0.75401414
12630,-25047.479,-25137.628,90.149054,0.74854868,-0.85413542
12631,-23858.533,-23877.774,19.240924,0.1655118,-1.4713701
12632,-24750.48,-24714.564,-35.916148,-0.31751672,-2.575251
12633,-24240.864,-24275.286,34.421929,0.30088464,-1.0432727
12634,-24865.847,-24899.317,33.469399,0.29341304,0.15374713
12635,-24732.842,-24675.255,-57.586435,-0.50822977,1.0471312
12636,-24412.484,-24492.96,80.475522,0.70083235,0.10750462
12637,-24541.676,-24466.917,-74.758511,-0.65859049,-0.12754323
12638,-24555.024,-24615.8,60.776175,0.52161466,-0.89062473
12639,-24724.261,-24539.639,-184.62155,-1.6150148,-0.66341523
12640,-24844.872,-24852.637,7.7657277,0.067848504,0.96412711
12641,-24834.384,-24863.939,29.554967,0.26301051,-0.31853495
12642,-24918.287,-24842.319,-75.96816,-0.66396453,0.043941069
12643,-24754.294,-24777.95,23.655869,0.20454322,0.8993977
12644,-25057.013,-25056.553,-0.46025227,-0.0039153538,0.40000362
12645,-24974.54,-24949.436,-25.104337,-0.20700667,-0.039341723
12646,-24978.831,-24966.142,-12.688505,-0.10813344,-0.43542711
12647,-25145.683,-25210.841,65.157265,0.58595665,-0.58854963
12648,-25321.594,-25322.871,1.2773602,0.011479362,-0.5961844
12649,-25096.581,-24923.885,-172.69617,-1.5349424,-1.9168365
12650,-24944.03,-25156.791,212.76099,1.8862623,-0.38952446
12651,-24990.272,-24910.127,-80.145201,-0.71408049,0.56682742
12652,-25224.819,-25152.369,-72.450845,-0.64700824,1.233803
12653,-25164.276,-25279.631,115.35587,1.0590922,1.1466025
12654,-25434.577,-25202.488,-232.08976,-2.0469684,-0.61095935
12655,-25161.415,-25181.85,20.435018,0.17079319,-0.37474059
12656,-25256.283,-25268.821,12.538443,0.1067566,-1.0968403
12657,-25275.352,-25111.585,-163.76654,-1.4548986,-0.31473945
12658,-25179.531,-25257.52,77.989427,0.69577286,-0.47198897
12659,-25349.244,-25334.173,-15.071203,-0.13088899,0.14410343
12660,-25336.849,-25307.639,-29.210007,-0.26401931,0.031864491
12661,-25092.291,-25193.643,101.35249,0.90238886,-0.99608494
12662,-25255.33,-25195.608,-59.721164,-0.52924917,-0.5893826
12663,-25190.495,-25244.745,54.249377,0.46370941,-1.2549693
12664,-25248.655,-25087.509,-161.14686,-1.4101289,0.96495631
12665,-25114.22,-25162.196,47.976038,0.42828991,0.55947734
12666,-25029.363,-25050.165,20.801939,0.18558916,0.19014935
12667,-25249.132,-25110.111,-139.02089,-1.2288743,0.24746655
12668,-24914.473,-25028.545,114.07211,1.0380166,0.68018108
12669,-25091.814,-24990.219,-101.59497,-0.88715856,-0.49473886
12670,-25144.253,-25106.672,-37.581474,-0.30880197,0.1728387
12671,-25022.689,-25020.192,-2.4970745,-0.020821598,-0.045694487
12672,-25045.095,-24997.098,-47.997083,-0.42654038,0.89771449
12673,-25147.59,-25204.453,56.862658,0.50998819,1.5308689
12674,-25145.207,-24916.514,-228.69231,-2.0480236,1.6132475
12675,-25015.538,-25222.142,206.60386,1.7802409,0.80592928
12676,-25084.186,-25053.113,-31.072976,-0.26753857,1.6149929
12677,-25041.281,-25003.486,-37.795587,-0.32827923,0.79081118
12678,-25088,-25262.925,174.92514,1.5381337,0.59807022
12679,-25162.369,-24954.349,-208.01939,-1.7936528,0.85688147
12680,-25092.291,-25174.48,82.189344,0.70951854,1.4510273
12681,-25171.426,-25141.067,-30.359265,-0.26628257,-0.10914595
12682,-25241.505,-25136.645,-104.85974,-0.89453281,0.058718444
12683,-25165.706,-25229.021,63.31534,0.53693776,1.6104836
12684,-25444.588,-25397.067,-47.521276,-0.40331671,1.3563035
12685,-24758.585,-24635.455,-123.12984,-1.0582767,0.59831397
12686,-25496.074,-25649.136,153.06179,1.2849795,1.2714011
12687,-24239.434,-24127.877,-111.55673,-0.9267295,0.8139075
12688,-25030.317,-25084.069,53.752524,0.45463612,-0.71492612
12689,-25264.387,-25093.896,-170.49098,-1.3550042,-0.20143898
12690,-26090.071,-26201.919,111.84862,0.91809745,0.63044693
12691,-23910.495,-23878.265,-32.230469,-0.27694488,1.3375009
12692,-23091.486,-22988.898,-102.58776,-0.90787474,-0.57560598
12693,-24178.413,-24251.209,72.795805,0.60414993,0.53323623
12694,-25554.711,-25559.708,4.996894,0.04401725,0.89145897
12695,-25113.743,-25160.722,46.978672,0.3879429,-0.40327064
12696,-24745.236,-24597.129,-148.1079,-1.2573958,-1.2409259
12697,-24170.786,-24262.019,91.233347,0.82082864,-1.5665671
12698,-24451.099,-24445.789,-5.3098289,-0.049573508,-0.63829399
12699,-24577.43,-24332.284,-245.1461,-2.257379,0.8114328
12700,-24931.635,-25149.42,217.78534,1.901658,2.2087271
12701,-25298.711,-25182.342,-116.36971,-0.99917016,2.3392152
12702,-24803.873,-24726.848,-77.025002,-0.66934426,1.0374306
12703,-24778.607,-24848.706,70.099258,0.61584868,0.1265599
12704,-24967.866,-24803.501,-164.36496,-1.4481851,-0.80586541
12705,-24954.518,-25060.975,106.45736,0.89256487,0.40254322
12706,-25440.775,-25451.117,10.342408,0.089463253,0.19824933
12707,-25165.229,-25126.818,-38.411392,-0.33425361,-0.05713947
12708,-25052.723,-25065.889,13.166143,0.11480004,-0.036340715
12709,-25473.192,-25445.221,-27.971077,-0.24292257,1.0767845
12710,-25191.926,-25165.144,-26.781558,-0.2365116,1.0243839
12711,-25023.166,-24972.53,-50.635985,-0.43936689,0.12741042
12712,-25237.214,-25283.071,45.856865,0.39192666,0.16084766
12713,-25409.311,-25359.232,-50.078741,-0.42073773,0.78743407
12714,-25679.136,-25554.303,-124.83268,-1.1185367,0.0014494425
12715,-25310.153,-25341.543,31.390486,0.28414212,0.55534533
12716,-25283.456,-25265.382,-18.074281,-0.15723133,-0.48058533
12717,-25364.499,-25307.148,-57.351276,-0.49246386,-0.046648492
12718,-25344.477,-25316.975,-27.501675,-0.2441339,0.062238317
12719,-25461.75,-25479.616,17.865657,0.15981951,-1.0284609
12720,-25558.525,-25523.839,-34.686368,-0.29255423,-1.0573461
12721,-25340.663,-25321.397,-19.265629,-0.16126403,-0.92392676
12722,-25156.171,-25263.417,107.24518,0.93446722,-0.92684747
12723,-25320.641,-25265.382,-55.258638,-0.49501659,-0.44975912
12724,-25381.184,-25220.177,-161.00777,-1.4700878,-0.24327685
12725,-25254.853,-25469.298,214.44462,1.9353114,0.82084974
12726,-25362.592,-25159.739,-202.85322,-1.7696636,1.2495592
12727,-25119.464,-25205.927,86.463376,0.7586257,-0.64267624
12728,-25278.689,-25208.384,-70.305136,-0.60741964,-0.17336365
12729,-25221.006,-25099.793,-121.21288,-1.0634348,-0.31871789
12730,-25161.892,-25215.263,53.370963,0.46441598,0.58655353
12731,-25227.203,-25191.186,-36.016799,-0.31138471,0.23322484
12732,-25243.412,-25234.426,-8.985442,-0.078614425,0.025184717
12733,-25089.907,-25014.787,-75.119942,-0.68333962,0.74056761
12734,-25214.331,-25273.735,59.403654,0.51774347,0.89519038
12735,-25250.562,-25092.914,-157.64876,-1.3747701,0.7429964
12736,-24940.693,-25066.871,126.17866,1.1161568,0.49850546
12737,-25163.799,-25161.704,-2.0944681,-0.018473251,0.43796252
12738,-25119.464,-25039.355,-80.108601,-0.68131233,1.4536261
12739,-25153.311,-25109.129,-44.182388,-0.39200771,2.2505046
12740,-25057.966,-25127.309,69.342541,0.63812306,1.3899094
12741,-25104.209,-25046.234,-57.974401,-0.51125791,0.070215146
12742,-25170.95,-25184.798,13.848744,0.11866973,-1.6131605
12743,-25060.827,-24973.021,-87.805702,-0.7709733,-0.21880211
12744,-25272.968,-25310.587,37.618989,0.32592978,-0.2380659
12745,-25095.628,-25006.434,-89.193779,-0.76712676,-1.2213657
12746,-25015.061,-24931.747,-83.314811,-0.71947841,-0.997373
12747,-25380.708,-25406.894,26.186799,0.22206977,-0.46667073
12748,-25036.514,-24916.514,-119.99957,-0.96790085,-0.21883176
12749,-24983.121,-24899.808,-83.312981,-0.7082159,-0.1701337
12750,-24332.395,-24454.142,121.74725,0.99940232,0.40302792
12751,-23856.149,-23840.921,-15.227671,-0.13420045,1.4257519
12752,-23776.536,-23743.631,-32.904835,-0.25564685,0.079547874
12753,-26934.346,-26999.401,65.054783,0.51371371,0.76947452
12754,-25364.976,-25249.658,-115.31744,-0.90733537,-0.20870363
12755,-25282.026,-25280.123,-1.9032301,-0.015657851,-0.2232109
12756,-24146.473,-24108.223,-38.250349,-0.32417593,0.20517174
12757,-24943.076,-24956.315,13.238429,0.11629188,-0.56982307
12758,-24516.41,-24417.781,-98.628493,-0.87366744,0.53994416
12759,-25088,-25176.937,88.93666,0.78221303,0.84763929
12760,-24972.156,-24856.077,-116.07965,-1.0066277,0.5832833
12761,-24637.974,-24691.47,53.49632,0.45924555,0.44168725
12762,-24766.689,-24703.263,-63.426057,-0.53752414,0.78096723
12763,-24871.568,-24820.699,-50.869314,-0.45177125,0.29587645
12764,-24903.032,-24846.25,-56.782137,-0.50028568,1.6228476
12765,-25048.432,-25035.424,-13.007846,-0.11908055,1.4786601
12766,-24967.389,-25057.536,90.146309,0.79369461,0.036147923
12767,-25091.814,-25039.355,-52.458694,-0.45400793,-0.68864294
12768,-24875.382,-24847.232,-28.149505,-0.24492107,1.3149108
12769,-25227.68,-25346.948,119.26847,1.0226027,0.52478616
12770,-25121.847,-25029.528,-92.319469,-0.77208294,-0.61383703
12771,-25161.415,-25153.843,-7.5726597,-0.063626456,-0.48963361
12772,-25368.79,-25400.507,31.717146,0.27964313,0.080906194
12773,-25562.339,-25425.566,-136.7727,-1.2008198,-0.37260137
12774,-25279.642,-25128.292,-151.35071,-1.3311791,-0.757885
12775,-25182.391,-25303.217,120.82583,1.066888,0.82167475
12776,-25119.464,-25059.501,-59.962727,-0.53494664,1.8208044
12777,-25386.428,-25319.432,-66.996444,-0.60309102,1.4832579
12778,-25372.603,-25409.351,36.747896,0.32334335,-0.27871224
12779,-25542.793,-25441.29,-101.50347,-0.86786094,-0.92672155
12780,-25335.896,-25311.079,-24.817022,-0.20949102,-0.9406661
12781,-25341.14,-25429.988,88.848819,0.77360078,-2.3081702
12782,-25413.601,-25259.486,-154.11589,-1.3443213,-1.7155808
12783,-25328.745,-25332.699,3.9537775,0.034500866,0.35194064
12784,-25448.402,-25492.883,44.480683,0.39494135,0.97601964
12785,-25444.588,-25326.311,-118.27751,-1.0335008,1.912351
12786,-25200.03,-25300.76,100.73028,0.87785449,-0.61861758
12787,-25357.348,-25321.889,-35.459555,-0.30700476,-1.1278734
12788,-25414.078,-25278.157,-135.92082,-1.1486719,1.0474368
12789,-25361.639,-25284.054,-77.584991,-0.67192432,1.2025709
12790,-25305.862,-25273.735,-32.127073,-0.28648142,2.2016086
12791,-25188.588,-25205.927,17.338609,0.15543771,0.58361819
12792,-25353.534,-25258.503,-95.031572,-0.82867264,-0.6764491
12793,-25130.905,-25098.319,-32.58641,-0.28373748,-0.028978876
12794,-25104.209,-25198.065,93.856693,0.82792298,-0.21932643
12795,-25234.831,-25175.463,-59.367968,-0.51353207,-0.60053631
12796,-25054.629,-25106.672,52.042362,0.44352421,-0.76774156
12797,-25099.918,-25072.768,-27.150309,-0.23986227,-1.4788793
12798,-25260.574,-25233.935,-26.638816,-0.23306936,0.13833847
12799,-25189.542,-25014.787,-174.75495,-1.5595492,0.85133408
12800,-25144.253,-25258.012,113.75826,1.0080078,1.1107394
12801,-25169.52,-25065.397,-104.12224,-0.91157014,1.0430056
12802,-25123.754,-25091.44,-32.314651,-0.29597374,-0.074310609
12803,-25271.061,-25258.012,-13.049936,-0.11733528,-0.61729191
12804,-25180.007,-25089.474,-90.53336,-0.7808836,-0.81511332
12805,-25247.702,-25258.503,10.800831,0.090806404,-0.37794186
12806,-25181.438,-25185.781,4.3435736,0.037213342,-1.0946511
12807,-25362.115,-25255.063,-107.05212,-0.92578688,-0.90579087
12808,-25293.467,-25258.012,-35.455895,-0.30917124,-0.45344345
12809,-25480.819,-25514.994,34.174875,0.29051984,0.67159366
12810,-24831.047,-24721.935,-109.11181,-0.90388545,0.47130825
12811,-25481.296,-25593.612,112.31619,0.91994582,0.20555484
12812,-24287.106,-24202.564,-84.541846,-0.70517251,-0.23606357
12813,-25047.002,-24998.572,-48.429885,-0.40248013,-0.41407916
12814,-25249.132,-25169.075,-80.05736,-0.64713435,1.3449541
12815,-26143.94,-26127.724,-16.216801,-0.13642331,1.5076549
12816,-23871.404,-23827.163,-44.240949,-0.3813992,1.8949743
12817,-23149.646,-23039.017,-110.62891,-0.94036082,-0.07864004
12818,-24279.479,-24210.426,-69.052481,-0.55923711,0.62891537
12819,-25653.393,-25659.455,6.0619708,0.053599596,1.3051638
12820,-25210.518,-25135.662,-74.855503,-0.64234231,0.71727654
12821,-24680.879,-24639.386,-41.493161,-0.36787756,-0.29101253
12822,-24274.711,-24279.708,4.996894,0.04528359,0.19073157
12823,-24462.063,-24418.764,-43.299399,-0.39241884,-1.631427
12824,-24557.408,-24444.806,-112.60168,-1.0201221,-1.2274598
12825,-24947.844,-25147.946,200.10268,1.7642372,-0.57036695
12826,-25211.948,-25149.912,-62.03615,-0.55625118,0.66559612
12827,-24874.428,-24777.95,-96.478209,-0.86511791,-0.60744368
12828,-24727.121,-24733.236,6.1150416,0.054375647,-0.11476557
12829,-24941.646,-24909.144,-32.502229,-0.27560739,-1.5415125
12830,-25006.48,-24901.774,-104.70693,-0.87946208,-1.8486618
12831,-25373.557,-25461.927,88.370266,0.75251356,-2.4709404
12832,-25173.333,-25051.639,-121.69418,-1.0762771,-1.925883
12833,-25097.058,-24988.253,-108.80437,-0.94814764,-0.36080235
12834,-25399.3,-25504.184,104.88445,0.90987724,0.94059978
12835,-25276.782,-25081.121,-195.6612,-1.7137873,1.4746806
12836,-24959.762,-25047.217,87.455252,0.7545669,-0.14424165
12837,-25301.095,-25205.927,-95.167909,-0.7883661,0.046126066
12838,-25409.311,-25344,-65.310987,-0.56995364,1.3713285
12839,-25629.557,-25632.921,3.3645082,0.029131813,1.7613817
12840,-25274.399,-25225.09,-49.308299,-0.44519776,0.58953707
12841,-25169.043,-25293.39,124.3468,1.0947824,0.63920278
12842,-25352.581,-25191.186,-161.39483,-1.4128547,-0.66298565
12843,-25310.629,-25259.977,-50.652455,-0.44295983,0.53248404
12844,-25381.184,-25450.626,69.441362,0.61584158,0.1413756
12845,-25571.873,-25354.319,-217.55475,-1.9300409,0.57293235
12846,-25277.736,-25324.837,47.101284,0.41695003,-0.62425448
12847,-25203.844,-25092.422,-111.42131,-1.0066725,-0.45325296
12848,-25249.132,-25210.349,-38.782888,-0.34455726,-0.98026495
12849,-25343.523,-25264.399,-79.124045,-0.69284209,-0.56726331
12850,-25281.549,-25339.578,58.028387,0.50945669,0.26884878
12851,-25210.041,-25222.633,12.592429,0.11195746,0.34699673
12852,-25220.052,-25031.002,-189.05022,-1.6948646,-0.88755046
12853,-25178.101,-25221.159,43.05875,0.37643786,-1.4042474
12854,-25171.426,-25097.336,-74.090551,-0.63875088,-0.96278714
12855,-25131.382,-25048.691,-82.690772,-0.69722586,-2.2925809
12856,-25107.546,-25240.814,133.2682,1.1283518,-1.9935681
12857,-25246.272,-25053.113,-193.15864,-1.7046297,-1.0958045
12858,-24976.447,-25020.683,44.236374,0.38624948,2.156051
12859,-25113.743,-25167.109,53.366388,0.46907341,0.16230403
12860,-25197.169,-24959.263,-237.9065,-2.0726539,1.5819174
12861,-24841.534,-25042.795,201.26018,1.7966053,-0.51533845
12862,-25182.391,-24949.436,-232.95536,-2.005743,-1.1663044
12863,-25037.944,-25021.175,-16.76947,-0.14217337,0.35822632
12864,-25139.486,-25011.839,-127.64726,-1.1010991,1.3742692
12865,-25021.259,-25010.856,-10.402799,-0.09175914,2.3307919
12866,-24962.145,-25070.311,108.16569,0.94128798,1.1265277
12867,-25239.121,-25003.486,-235.63544,-2.0423233,0.67969739
12868,-24890.16,-24973.512,83.352327,0.73858927,0.4160616
12869,-25206.227,-25236.883,30.655729,0.27138417,-0.28828734
12870,-24938.309,-24833.965,-104.34367,-0.8911355,-0.43259176
12871,-24879.672,-24913.566,33.893966,0.2892049,-0.35624263
12872,-25348.291,-25207.401,-140.88935,-1.2532297,0.88901124
12873,-24862.51,-24888.015,25.505113,0.21108573,0.47550786
12874,-24953.564,-24770.58,-182.98459,-1.5159015,-0.2509352
12875,-24238.48,-24294.449,55.968689,0.44263944,-0.11087397
12876,-23698.354,-23777.536,79.181691,0.70363922,1.1618966
12877,-23843.277,-23593.274,-250.003,-1.9777622,0.41319762
12878,-26752.715,-26977.781,225.06611,1.7723662,-0.43805892
12879,-25372.603,-25109.62,-262.98339,-2.0217655,0.23827002
12880,-25101.825,-25149.912,48.086755,0.3850754,-0.57234732
12881,-24046.361,-24061.543,15.18192,0.12520284,-1.8428511
12882,-24980.261,-24747.486,-232.7751,-1.9833731,-2.4566703
12883,-24332.872,-24383.386,50.514288,0.42581723,-1.8318521
12884,-25045.572,-25064.906,19.334255,0.16464657,-0.64910734
12885,-24783.851,-24689.996,-93.854863,-0.80202266,0.45382538
12886,-24522.13,-24636.438,114.30727,0.96707142,0.26059755
12887,-24635.59,-24479.202,-156.38878,-1.3402655,-0.062759536
12888,-24693.75,-24741.098,47.347423,0.40431614,-0.40612037
12889,-24805.304,-24667.885,-137.4187,-1.2061432,0.55370341
12890,-24878.242,-24877.205,-1.0367114,-0.0091870573,1.3313968
12891,-24887.3,-24941.574,54.274083,0.48577271,0.52774652
12892,-25014.585,-24774.511,-240.07417,-2.0512807,0.76053712
12893,-24759.061,-24815.785,56.723576,0.4866982,0.47247735
12894,-25190.019,-25157.774,-32.245109,-0.27282635,-0.34666457
12895,-24950.704,-24901.774,-48.930398,-0.40939358,-0.795907
12896,-25115.65,-25061.958,-53.692133,-0.45292939,-1.3157855
12897,-25258.19,-25153.843,-104.34733,-0.94769359,0.024047894
12898,-25374.034,-25402.472,28.438649,0.25399601,-0.7365813
12899,-25218.145,-24979.409,-238.73642,-2.1024822,-1.7589161
12900,-24896.358,-25088,191.64246,1.6545293,-1.0706356
12901,-25037.467,-24984.814,-52.653592,-0.47131829,-0.28195615
12902,-25240.551,-25112.077,-128.47443,-1.1629246,0.01489215
12903,-25166.659,-25316.484,149.82447,1.3487563,-0.25846295
12904,-25365.929,-25214.28,-151.64901,-1.3190284,-1.0898284
12905,-25143.3,-25132.223,-11.077165,-0.094462891,-0.87952775
12906,-25197.169,-25291.424,94.254724,0.80721481,-2.6599235
12907,-25311.583,-25012.33,-299.25273,-2.6144396,-2.4206371
12908,-25170.473,-25250.15,79.676714,0.69440641,-1.5922594
12909,-25381.661,-25289.459,-92.202347,-0.79171332,-1.0078919
12910,-25258.19,-25176.937,-81.253284,-0.73393782,0.39539301
12911,-25113.266,-25165.144,51.87766,0.46088199,0.2337132
12912,-25232.447,-25086.035,-146.41238,-1.2105692,-1.0670614
12913,-25215.285,-25266.365,51.079767,0.43127076,-0.41546297
12914,-25192.879,-25075.225,-117.65439,-1.0155339,0.22814817
12915,-25032.7,-25082.104,49.403461,0.45004563,0.20465111
12916,-25035.561,-25036.407,0.84638837,0.0075649735,0.4194258
12917,-25128.521,-24974.004,-154.51758,-1.3319132,0.26780296
12918,-24953.088,-24972.53,19.442227,0.17009895,1.2026927
12919,-24922.101,-24898.334,-23.766586,-0.20685423,0.91135598
12920,-25032.223,-24990.71,-41.513291,-0.35637542,-0.19058586
12921,-24918.764,-24893.912,-24.851793,-0.21998905,-0.8399929
12922,-24957.855,-24850.672,-107.18296,-0.99733575,0.01734978
12923,-25111.359,-25101.758,-9.6012467,-0.087510145,0.70787157
12924,-25048.432,-24837.405,-211.02704,-1.8391825,1.2484488
12925,-24959.285,-25074.733,115.44829,0.97545901,1.153126
12926,-24995.039,-24933.221,-61.818377,-0.53616418,1.2142814
12927,-25002.19,-24860.008,-142.18227,-1.2890792,1.5843927
12928,-25059.397,-25149.42,90.023697,0.79900124,0.076258912
12929,-24953.088,-24873.766,-79.321688,-0.6814352,0.015499258
12930,-25013.155,-25029.036,15.881906,0.13646997,-0.68999803
12931,-24965.482,-25012.33,46.847825,0.41261315,-1.9033941
12932,-25129.952,-24960.246,-169.7059,-1.4869563,-2.0804204
12933,-25074.652,-25120.43,45.778173,0.40241916,0.22005815
12934,-25220.529,-25212.806,-7.722722,-0.067321498,-0.19022795
12935,-24667.531,-24486.081,-181.45011,-1.5463568,0.47821358
12936,-25250.562,-25372.499,121.93666,1.0353565,0.50110946
12937,-24136.939,-23922.979,-213.95966,-1.7917751,-0.29846052
12938,-24892.067,-24896.369,4.301483,0.035653555,0.03932414
12939,-25069.408,-25002.503,-66.904942,-0.52482878,0.55358788
12940,-25937.52,-25918.403,-19.116482,-0.15442643,1.7861994
12941,-23632.089,-23629.144,-2.9454315,-0.025194529,1.4347176
12942,-22978.026,-22801.689,-176.33701,-1.5432537,-0.034761825
12943,-24104.045,-24138.687,34.642447,0.27629476,0.6077815
12944,-25342.57,-25413.774,71.20368,0.59761122,1.0715223
12945,-24993.609,-24876.714,-116.89493,-0.98075183,-0.51799934
12946,-24436.797,-24427.608,-9.1885752,-0.080060006,-1.0103017
12947,-24023.955,-23978.994,-44.961065,-0.41412238,-0.32365201
12948,-24238.004,-24243.839,5.8350472,0.053917739,0.78944044
12949,-24356.231,-24136.722,-219.50922,-2.0072131,-0.19976533
12950,-24735.702,-24908.653,172.95054,1.5063591,-0.062918463
12951,-24987.888,-24920.937,-66.951608,-0.58992502,1.2015764
12952,-24656.089,-24488.537,-167.55196,-1.527641,0.74480352
12953,-24538.339,-24591.724,53.384689,0.48017071,-0.36771116
12954,-24729.028,-24629.067,-99.960754,-0.86408057,-0.27291095
12955,-24776.7,-24713.09,-63.609975,-0.53757642,-0.44250488
12956,-25153.788,-25210.841,57.052981,0.5018209,-1.1544094
12957,-24976.924,-24836.422,-140.50139,-1.295835,-1.0995807
12958,-24810.547,-24866.887,56.33927,0.4943994,-0.25675529
12959,-25154.264,-25190.695,36.430386,0.3142602,0.48275866
12960,-24983.598,-24886.541,-97.056499,-0.86721673,0.59488766
12961,-24683.739,-24777.459,93.719441,0.83786776,0.20782216
12962,-25068.931,-24967.125,-101.80634,-0.87217526,1.3634092
12963,-25107.546,-25088.983,-18.562898,-0.15521614,1.2617679
12964,-25402.16,-25257.52,-144.64,-1.2679969,0.094811935
12965,-24977.4,-25025.597,48.196557,0.42650975,-0.3471799
12966,-24960.715,-25005.451,44.735972,0.40052858,-0.098427727
12967,-25139.963,-24911.109,-228.85335,-1.9842442,-0.24159006
12968,-25045.095,-25092.422,47.327293,0.40980112,0.3431687
12969,-25160.939,-25168.092,7.153583,0.061818015,1.3778644
12970,-25298.711,-25208.875,-89.836119,-0.74854583,0.52412637
12971,-25071.791,-24981.374,-90.417154,-0.76505621,-0.045843961
12972,-24917.81,-24888.015,-29.794701,-0.2663916,0.27198248
12973,-25014.108,-25021.175,7.0666567,0.063078989,0.38724918
12974,-25055.583,-24923.885,-131.69803,-1.1686371,0.43560463
12975,-24977.4,-25153.843,176.44224,1.5099111,0.66555336
12976,-24893.02,-24877.697,-15.323747,-0.13517202,0.8007236
12977,-24929.251,-24788.76,-140.49132,-1.2715284,0.24589615
12978,-24820.559,-24963.194,142.6352,1.3287085,0.46627965
12979,-24945.937,-24724.392,-221.54513,-1.9981285,-0.33497978
12980,-24793.385,-24840.353,46.967692,0.41319389,-0.55728996
12981,-24844.395,-24803.992,-40.402463,-0.35360358,0.061320008
12982,-24999.33,-24822.173,-177.15686,-1.6248572,-1.3064889
12983,-24668.007,-24696.875,28.867791,0.26143602,0.95117685
12984,-24861.08,-24890.964,29.883457,0.26428151,0.4726245
12985,-24868.231,-24774.511,-93.720356,-0.82149077,0.40080537
12986,-24639.881,-24665.919,26.038566,0.23468485,1.228673
12987,-24811.501,-24771.071,-40.429914,-0.35581847,-0.51627408
12988,-24750.957,-24721.443,-29.513791,-0.254152,-0.35810614
12989,-24786.711,-24726.357,-60.354354,-0.52385012,0.27187752
12990,-24691.367,-24751.417,60.049654,0.53937116,-0.49092167
12991,-24687.553,-24644.299,-43.253648,-0.38477468,0.11951031
12992,-24821.035,-24764.192,-56.843443,-0.50247771,-0.6391007
12993,-24603.173,-24635.946,32.773073,0.29309521,-0.15307298
12994,-24882.533,-24843.301,-39.231245,-0.33982402,-0.11803187
12995,-24586.011,-24592.706,6.6951608,0.055832819,-1.0535367
12996,-24643.218,-24486.081,-157.13726,-1.3349891,-0.88244062
12997,-24983.121,-24989.236,6.1150416,0.052275796,0.42526113
12998,-24614.138,-24586.319,-27.819185,-0.22526595,0.87464222
12999,-24582.197,-24399.601,-182.59663,-1.5596365,0.69756117
13000,-23907.158,-24065.474,158.3158,1.2678866,0.61148612
13001,-23436.633,-23340.223,-96.410498,-0.83145027,1.7741942
13002,-23496.223,-23415.401,-80.822312,-0.64156566,0.57037904
13003,-26519.598,-26671.171,151.57306,1.234349,-0.54083039
13004,-24893.497,-24714.073,-179.42427,-1.4273081,-0.34898001
13005,-24810.547,-24885.067,74.519692,0.60077586,-0.051617076
13006,-23689.773,-23617.351,-72.421564,-0.61363591,0.51781968
13007,-24622.242,-24538.656,-83.585656,-0.73181557,-1.8142166
13008,-24000.596,-23988.33,-12.265769,-0.10821031,0.28195442
13009,-24646.078,-24658.549,12.470732,0.1115713,0.64504756
13010,-24463.97,-24431.048,-32.92222,-0.29117668,-0.30470377
13011,-24210.354,-24162.273,-48.081265,-0.42283521,-0.56880858
13012,-24285.199,-24262.511,-22.688698,-0.19978944,-0.04343719
13013,-24412.484,-24383.877,-28.607012,-0.24946865,-0.52491265
13014,-24400.089,-24295.923,-104.16616,-0.91755107,-0.42131978
13015,-24608.417,-24664.937,56.519528,0.51014929,-0.12739927
13016,-24556.454,-24495.417,-61.037869,-0.54978221,-0.21223546
13017,-24640.358,-24581.896,-58.461189,-0.51729504,-0.7279082
13018,-24445.855,-24396.161,-49.69352,-0.43602358,-0.65529813
13019,-24727.121,-24818.733,91.612163,0.79303981,-1.9541311
13020,-24594.115,-24590.741,-3.3745733,-0.027815568,-1.9655654
13021,-24691.367,-24588.284,-103.08278,-0.86801541,-1.0584349
13022,-24883.009,-24939.117,56.107772,0.49934304,-0.34050109
13023,-24977.4,-24972.53,-4.870622,-0.043559597,0.24885225
13024,-24811.024,-24608.921,-202.1029,-1.8316434,0.24258707
13025,-24582.197,-24790.234,208.03677,1.84534,-0.28198791
13026,-24705.192,-24542.096,-163.09584,-1.42489,0.1145449
13027,-24879.672,-24829.543,-50.129067,-0.4410291,0.65529205
13028,-24862.51,-24918.971,56.460967,0.49996476,0.77734538
13029,-25006.957,-24865.413,-141.5445,-1.2349448,0.37235317
13030,-24810.547,-24806.94,-3.606987,-0.030239257,0.13189647
13031,-24880.626,-24839.862,-40.763894,-0.35024292,-1.4313765
13032,-24917.81,-24808.906,-108.90411,-0.95936151,-0.37985381
13033,-24836.767,-24853.129,16.361374,0.14408689,1.2109025
13034,-24884.916,-24937.643,52.726793,0.45761503,0.96648109
13035,-24946.89,-24790.726,-156.1646,-1.3825866,0.30531628
13036,-24661.333,-24694.91,33.576456,0.30067698,-1.0742898
13037,-24828.663,-24839.37,10.707499,0.095260937,-0.53965404
13038,-24813.885,-24738.15,-75.734832,-0.64966422,0.60962965
13039,-24799.106,-24740.115,-58.990982,-0.52698817,0.58936478
13040,-24692.797,-24722.426,29.629083,0.27160756,0.096553326
13041,-24668.961,-24599.585,-69.375481,-0.61462687,-0.44001917
13042,-24770.503,-24684.591,-85.911622,-0.7558761,-0.29710723
13043,-24588.872,-24519.493,-69.378226,-0.61684308,-0.16103755
13044,-24526.898,-24579.44,52.54196,0.46396804,-0.35067585
13045,-24669.438,-24591.724,-77.714008,-0.65770037,-1.1475257
13046,-24537.385,-24444.315,-93.070696,-0.79160114,-2.0303218
13047,-24535.955,-24598.111,62.156017,0.55414656,-0.96179027
13048,-24683.739,-24681.152,-2.5876609,-0.023640942,-0.066869621
13049,-24598.883,-24442.349,-156.53335,-1.4327593,0.13251979
13050,-24523.084,-24710.142,187.05824,1.6690855,1.3558962
13051,-24579.337,-24464.952,-114.38504,-1.0180313,1.960387
13052,-24575.047,-24515.562,-59.484175,-0.52839541,0.29532198
13053,-24612.231,-24645.282,33.051237,0.28931647,-0.60253285
13054,-24566.466,-24474.779,-91.686279,-0.78141187,-1.3174129
13055,-24558.838,-24615.309,56.471032,0.49764784,0.46810476
13056,-24634.637,-24544.553,-90.084088,-0.78993602,0.25993956
13057,-24724.261,-24634.472,-89.788539,-0.78360663,-0.085177934
13058,-24682.309,-24634.964,-47.345593,-0.40859888,1.2422552
13059,-24851.546,-24858.042,6.4966027,0.055508878,2.0225213
13060,-24210.831,-24077.267,-133.56375,-1.1281107,0.31119321
13061,-24901.125,-24956.315,55.190012,0.45990541,1.0584988
13062,-23662.123,-23602.61,-59.51254,-0.48838812,1.7528358
13063,-24445.378,-24434.979,-10.399139,-0.085783347,1.1485025
13064,-24609.847,-24602.042,-7.8050733,-0.061568915,0.97275331
13065,-25429.333,-25485.512,56.179143,0.46859698,0.33456424
13066,-23207.806,-23115.67,-92.136466,-0.7734415,0.58535063
13067,-22463.166,-22457.735,-5.4306108,-0.046614182,0.31840868
13068,-23680.715,-23616.86,-63.855199,-0.52469464,0.66649503
13069,-24974.54,-25023.14,48.600078,0.43216374,0.46985458
13070,-24469.214,-24397.635,-71.578836,-0.60106428,-0.91075015
13071,-24110.242,-23941.651,-168.59141,-1.451205,-2.1690114
13072,-23551.523,-23577.551,26.027586,0.22772678,-0.76467799
13073,-23844.708,-23799.155,-45.552165,-0.40251721,0.015997383
13074,-23927.181,-23703.34,-223.8409,-2.0326935,0.5133632
13075,-24287.583,-24473.305,185.72231,1.6639345,2.0113189
13076,-24623.672,-24493.942,-129.72983,-1.1676248,1.4306402
13077,-24130.741,-24108.714,-22.027143,-0.19555449,0.49653073
13078,-24066.86,-24175.539,108.67901,0.947767,-0.62270066
13079,-24301.885,-24160.798,-141.08608,-1.2202158,-1.6742628
13080,-24248.492,-24310.173,61.681125,0.53488986,-0.7871519
13081,-24773.84,-24691.47,-82.369602,-0.73971895,-0.26425155
13082,-24388.171,-24375.524,-12.64733,-0.11245901,-0.77914931
13083,-24415.345,-24323.44,-91.904967,-0.7969705,1.1028634
13084,-24681.832,-24733.727,51.895045,0.46267631,0.36132457
13085,-24469.214,-24394.687,-74.527013,-0.6609192,0.27760301
13086,-24361.475,-24256.123,-105.35202,-0.91274692,0.50913588
13087,-24529.758,-24595.655,65.896596,0.56233258,1.1911614
13088,-24764.305,-24636.438,-127.86778,-1.079741,3.2354179
13089,-24894.451,-24835.931,-58.51975,-0.50208152,1.938806
13090,-24559.791,-24554.871,-4.9200327,-0.045237057,1.4338295
13091,-24530.711,-24504.752,-25.95896,-0.23553782,-0.396132
13092,-24529.281,-24522.441,-6.8397331,-0.05944672,0.39551315
13093,-24627.009,-24596.637,-30.372075,-0.25953643,-0.13557956
13094,-24616.045,-24715.056,99.010969,0.85945271,1.239606
13095,-24792.909,-24713.582,-79.327178,-0.68737699,0.21371991
13096,-24620.335,-24519.002,-101.33328,-0.86923262,0.33569274
13097,-24377.683,-24435.962,58.278186,0.5111983,0.1944394
13098,-24573.14,-24449.228,-123.91126,-1.0928543,0.82967635
13099,-24530.711,-24439.893,-90.818845,-0.80111168,-0.76111315
13100,-24505.922,-24624.154,118.23176,1.058089,1.3122662
13101,-24514.503,-24388.299,-126.20337,-1.1271944,1.6612762
13102,-24367.196,-24354.395,-12.800137,-0.11179503,2.2519668
13103,-24431.553,-24483.624,52.070728,0.44725734,-0.34393435
13104,-24401.996,-24301.82,-100.1767,-0.86016675,-2.1482687
13105,-24390.078,-24347.516,-42.561898,-0.36171801,-1.5358657
13106,-24395.799,-24358.818,-36.981224,-0.32153105,-2.0992436
13107,-24448.238,-24388.299,-59.938937,-0.51619962,-0.11236212
13108,-24183.181,-24208.952,25.771382,0.22098056,1.1750498
13109,-24301.408,-24374.05,72.642083,0.62249902,0.51114899
13110,-24393.892,-24280.691,-113.20101,-0.96858615,0.63445163
13111,-24121.683,-24147.04,25.356881,0.21923884,0.16230774
13112,-24297.117,-24301.328,4.2108965,0.037211177,-0.19250026
13113,-24276.142,-24129.843,-146.29892,-1.229353,1.6476129
13114,-24241.818,-24263.002,21.184415,0.18291078,1.0350034
13115,-24264.223,-24173.083,-91.14093,-0.80171313,1.6800477
13116,-24208.447,-24174.065,-34.381668,-0.31305683,0.59967174
13117,-24337.639,-24338.672,1.0330513,0.0091686884,1.2304284
13118,-24141.229,-24084.146,-57.083177,-0.5043931,0.37904067
13119,-24354.324,-24449.72,95.395747,0.83257445,1.4560434
13120,-24170.786,-24072.845,-97.941318,-0.83781045,1.1476257
13121,-24101.184,-24013.881,-87.303359,-0.76837158,-0.069878584
13122,-24475.412,-24569.612,94.200738,0.81137173,-0.61617589
13123,-24051.605,-24026.165,-25.440147,-0.20591987,1.1428844
13124,-24082.115,-23937.228,-144.88705,-1.2294748,0.089774097
13125,-23377.043,-23488.123,111.08001,0.91603484,-0.54769312
13126,-22858.369,-22804.637,-53.731479,-0.47352907,1.4821521
13127,-22996.142,-22922.073,-74.06859,-0.58416459,1.129913
13128,-25960.402,-26070.726,110.32329,0.88492544,-0.13816476
13129,-24361.952,-24258.088,-103.86329,-0.79250745,-1.6780183
13130,-24315.233,-24265.95,-49.282679,-0.38616022,-1.2853634
13131,-23174.436,-23132.376,-42.059555,-0.3450803,-2.012877
13132,-24142.659,-24066.457,-76.202404,-0.63837186,-1.3014669
13133,-23459.039,-23438.495,-20.543905,-0.17339911,-0.65992961
13134,-24162.205,-24231.063,68.858498,0.59135132,1.1227174
13135,-23991.061,-23808.983,-182.07873,-1.5828087,0.50714348
13136,-23632.566,-23720.046,87.479957,0.74152731,-0.15705692
13137,-23787.501,-23743.631,-43.869453,-0.36982214,-0.57040227
13138,-23792.268,-23807.509,15.240481,0.13108601,-0.66798233
13139,-23912.879,-23854.679,-58.199495,-0.51150093,1.2709027
13140,-24018.235,-23990.787,-27.447689,-0.24654058,1.7709173
13141,-24001.073,-24027.148,26.075167,0.23083031,2.1648793
13142,-24068.767,-23979.977,-88.790258,-0.76586991,0.92801418
13143,-23874.741,-23838.464,-36.276663,-0.31431466,0.63120802
13144,-24217.981,-24334.25,116.26814,1.0031583,0.29800108
13145,-24089.266,-23903.324,-185.94192,-1.5450331,-0.014913677
13146,-24160.298,-24188.315,28.016828,0.24171053,-0.98501645
13147,-24385.311,-24350.956,-34.355133,-0.30719846,-0.8095238
13148,-24427.263,-24434.979,7.7163169,0.068223978,-1.2687055
13149,-24310.942,-24134.265,-176.6774,-1.5494338,-1.3997958
13150,-24034.443,-24141.144,106.70075,0.94583304,-0.048378979
13151,-24157.914,-24147.532,-10.382669,-0.092974373,0.64427368
13152,-24333.825,-24179.962,-153.86334,-1.4138644,0.22257559
13153,-24218.935,-24380.438,161.5028,1.4553517,-0.12871765
13154,-24459.68,-24373.559,-86.121161,-0.72664092,-1.3411603
13155,-24203.68,-24120.015,-83.664347,-0.71186531,-1.9672511
13156,-24298.547,-24424.169,125.62142,1.093051,-1.0304218
13157,-24333.348,-24135.248,-198.10063,-1.7078893,-0.78017152
13158,-24233.236,-24268.898,35.661773,0.30989905,-0.18512755
13159,-24359.568,-24438.418,78.850456,0.72115086,0.18093793
13160,-24410.101,-24122.964,-287.13703,-2.5559127,1.1263186
13161,-24097.847,-24261.036,163.18917,1.4050216,0.67615628
13162,-24316.186,-24182.418,-133.76779,-1.1059239,0.51528902
13163,-24221.318,-24202.564,-18.754136,-0.15614452,1.3457269
13164,-24283.292,-24163.747,-119.54572,-0.99927166,2.0641937
13165,-24125.02,-24088.568,-36.452346,-0.31979478,2.1642959
13166,-24051.128,-24127.877,76.748668,0.65522107,1.8758965
13167,-24206.54,-24093.482,-113.05827,-0.96540498,0.5644184
13168,-23931.471,-23986.365,54.893547,0.47429865,-0.34780245
13169,-23986.294,-24022.234,35.939938,0.31351511,-0.48301826
13170,-24033.49,-23931.823,-101.66634,-0.85538389,0.34758082
13171,-23950.063,-23979.977,29.913653,0.25674365,-0.01127672
13172,-23936.238,-23885.144,-51.094407,-0.4548454,-0.4899992
13173,-24073.058,-24104.783,31.725381,0.28228864,-0.23453058
13174,-24034.443,-23857.628,-176.81556,-1.5471671,-0.94900832
13175,-23960.074,-24022.234,62.159677,0.54170873,0.44290597
13176,-24022.048,-23982.434,-39.614636,-0.34831671,0.30944224
13177,-24025.862,-23853.697,-172.16546,-1.5294796,0.72783599
13178,-24030.629,-24119.033,88.403207,0.78367678,-0.61906034
13179,-24028.246,-23890.058,-138.18823,-1.1956863,-1.4462654
13180,-23986.294,-23930.349,-55.944899,-0.48294885,-1.516699
13181,-24019.665,-24140.653,120.98779,1.0390899,-2.7257532
13182,-24115.963,-23966.71,-149.25258,-1.2935348,-2.6038708
13183,-23998.689,-24106.257,107.56818,0.93934446,-0.51493064
13184,-24226.562,-24276.269,49.70633,0.43516198,-0.0058075464
13185,-23582.034,-23408.031,-174.00281,-1.4774598,1.0841947
13186,-24281.862,-24453.651,171.78847,1.4143919,0.83024418
13187,-23033.326,-22853.774,-179.55237,-1.5215229,0.94429379
13188,-23833.743,-23852.714,18.970995,0.15543559,0.69874916
13189,-24063.047,-23990.787,-72.259607,-0.57083016,0.75260226
13190,-24850.115,-24780.898,-69.217184,-0.55565826,1.9381104
13191,-22558.51,-22566.326,7.8160535,0.06630843,1.8004607
13192,-21913.981,-21784.077,-129.9046,-1.0832635,0.781154
13193,-23112.939,-23120.092,7.153583,0.056431313,1.1032776
13194,-24350.034,-24415.816,65.782219,0.58054297,-0.01387738
13195,-23900.961,-23749.528,-151.43306,-1.2817893,0.60326334
13196,-23459.516,-23462.081,2.5647855,0.021722096,-0.0082845422
13197,-22915.575,-22885.712,-29.863327,-0.25993493,-0.99330344
13198,-23160.611,-23267.01,106.3988,0.93626136,-1.8768902
13199,-23266.443,-23085.697,-180.74647,-1.6132479,-2.0272757
13200,-23673.088,-23832.077,158.98925,1.3768441,1.0056226
13201,-23945.773,-23927.401,-18.37166,-0.16296162,0.7665322
13202,-23485.736,-23327.447,-158.28835,-1.4189423,-0.048544473
13203,-23463.33,-23584.921,121.5917,1.105811,-1.5387902
13204,-23675.471,-23469.942,-205.52872,-1.7828187,-1.4861879
13205,-23703.598,-23629.144,-74.453811,-0.6393946,-1.1541665
13206,-24128.358,-24197.159,68.801767,0.60071945,-2.7281546
13207,-23795.605,-23674.349,-121.25589,-1.0486954,-2.1513266
13208,-23791.315,-23809.965,18.65074,0.15660361,-0.99346615
13209,-24060.186,-24083.163,22.976928,0.19095426,0.27811254
13210,-23893.333,-23732.821,-160.51184,-1.3974154,0.0973373
13211,-23639.717,-23755.916,116.1986,0.98236954,0.41220173
13212,-23908.112,-23849.766,-58.345897,-0.48129098,0.084302249
13213,-24068.291,-24062.035,-6.2559538,-0.052606169,-0.67167488
13214,-24244.678,-24166.203,-78.474385,-0.65961884,0.22910723
13215,-23916.693,-23867.946,-48.74648,-0.41910615,0.072441186
13216,-23830.406,-23914.626,84.219761,0.74812082,0.29806472
13217,-23949.11,-23822.25,-126.86035,-1.1002117,0.92795471
13218,-23944.343,-23960.322,15.979812,0.13591544,0.2955924
13219,-23978.19,-24006.511,28.320612,0.23853379,-1.4185772
13220,-24200.819,-24068.422,-132.3971,-1.1046018,-0.47707942
13221,-23953.4,-23938.211,-15.18924,-0.13121223,0.44936843
13222,-23748.886,-23740.683,-8.2031046,-0.072621027,0.64154529
13223,-23935.285,-23881.213,-54.071864,-0.46947548,-0.79239997
13224,-23942.912,-23745.106,-197.80691,-1.6867507,-1.8188424
13225,-23850.428,-24020.269,169.84041,1.4553876,-1.0127637
13226,-23818.011,-23785.889,-32.122498,-0.27852296,-0.28367606
13227,-23710.272,-23661.574,-48.697984,-0.42714942,-0.27537429
13228,-23720.283,-23863.033,142.74958,1.2661922,-0.86184713
13229,-23743.642,-23590.818,-152.8248,-1.3066107,-0.95780799
13230,-23703.121,-23652.238,-50.883039,-0.43928574,-0.69565373
13231,-23702.644,-23733.804,31.159902,0.26857004,-1.2118631
13232,-23769.385,-23584.43,-184.95553,-1.6097659,-1.5829937
13233,-23497.654,-23583.939,86.284948,0.74914221,-0.9429776
13234,-23674.994,-23676.315,1.3203659,0.011362094,-0.26679857
13235,-23740.782,-23573.62,-167.16216,-1.4355342,-1.6880492
13236,-23450.935,-23579.025,128.09013,1.112568,-0.14750286
13237,-23649.728,-23586.887,-62.841363,-0.54331791,-1.1870864
13238,-23596.812,-23556.422,-40.389653,-0.34604275,-0.28065006
13239,-23647.821,-23543.647,-104.1744,-0.88498269,1.1064481
13240,-23594.428,-23557.896,-36.531952,-0.32262428,-0.053284113
13241,-23490.98,-23543.155,52.175954,0.45017685,-0.49892881
13242,-23626.845,-23584.43,-42.415495,-0.3628015,0.6664474
13243,-23438.063,-23431.616,-6.4471919,-0.055074892,1.828307
13244,-23655.449,-23734.787,79.338159,0.67768768,-0.09792348
13245,-23470.957,-23348.084,-122.87272,-1.0292532,-1.5494889
13246,-23374.659,-23381.497,6.837903,0.058908573,-0.93511964
13247,-23834.22,-23745.106,-89.114173,-0.77303216,1.0048433
13248,-23343.196,-23424.246,81.050151,0.6645699,1.4051619
13249,-23414.227,-23201.167,-213.0602,-1.780721,-0.38526133
13250,-22709.155,-22768.276,59.121829,0.46021802,-1.7137675
13251,-22206.212,-22229.251,23.039149,0.19330854,-0.04396868
13252,-22334.927,-22243.01,-91.917777,-0.73442849,0.64869757
13253,-25341.616,-25521.873,180.25693,1.4533745,-0.16787767
13254,-23682.145,-23470.925,-211.22011,-1.6403813,0.70199913
13255,-23593.952,-23623.739,29.787381,0.24112075,-0.58308348
13256,-22507.501,-22512.768,5.2668232,0.044725566,-2.1309579
13257,-23369.415,-23305.336,-64.079378,-0.54969797,-2.0105181
13258,-22803.069,-22796.775,-6.2934694,-0.053449418,-0.18809542
13259,-23462.376,-23467.977,5.6008035,0.048722989,1.2396331
13260,-23279.315,-23165.789,-113.52584,-1.0118244,-0.10331396
13261,-22907.471,-23027.716,120.24479,1.0451636,-0.90761934
13262,-23087.196,-22971.209,-115.98632,-0.99831624,-0.31704226
13263,-23136.775,-23164.315,27.540105,0.23428359,-0.64144123
13264,-23249.281,-23090.61,-158.67083,-1.3878288,-0.039784562
13265,-23381.333,-23290.104,-91.229687,-0.79282417,0.74435719
13266,-23317.929,-23441.935,124.0055,1.0639779,-0.76879326
13267,-23408.03,-23233.106,-174.92423,-1.5122885,-0.41737037
13268,-23216.864,-23196.745,-20.119338,-0.17564183,0.98831189
13269,-23549.14,-23587.378,38.238454,0.32895078,0.66258441
13270,-23403.739,-23307.301,-96.437949,-0.77992527,0.42898003
13271,-23444.261,-23491.562,47.301672,0.39550315,-1.1035432
13272,-23668.32,-23629.144,-39.176344,-0.34490864,-0.99246711
13273,-23704.074,-23789.328,85.253727,0.75646978,-0.43323879
13274,-23566.302,-23338.257,-228.04448,-2.0065904,-1.2908753
13275,-23380.38,-23506.795,126.41474,1.0998313,-0.099097194
13276,-23390.391,-23370.196,-20.195284,-0.17685052,0.49727021
13277,-23675.471,-23489.106,-186.36557,-1.6482678,0.60757924
13278,-23490.026,-23711.693,221.66683,1.9353115,-0.26478467
13279,-23819.441,-23552.491,-266.94998,-2.291964,-0.88563696
13280,-23528.164,-23530.38,2.216165,0.018553499,-0.61748485
13281,-23603.963,-23682.211,78.248376,0.66225967,-1.8041485
13282,-23658.786,-23459.132,-199.65341,-1.7724944,-0.97714042
13283,-23539.128,-23631.109,91.980913,0.81367573,-1.4779629
13284,-23718.376,-23646.833,-71.54315,-0.60626402,-0.0080581206
13285,-23677.855,-23552,-125.85475,-1.0848428,0.51037916
13286,-23375.613,-23528.906,153.29329,1.334298,0.087182664
13287,-23596.335,-23479.77,-116.56552,-0.97275096,-1.0603101
13288,-23450.458,-23556.914,106.45553,0.89068508,-1.4047051
13289,-23564.872,-23378.549,-186.32256,-1.6119315,-0.49154616
13290,-23394.205,-23445.374,51.169439,0.45601141,-0.11604546
13291,-23321.266,-23352.015,30.749061,0.26615648,0.07338873
13292,-23513.862,-23354.472,-159.39003,-1.3835703,-0.57639758
13293,-23200.655,-23291.578,90.922242,0.80160612,-0.95743195
13294,-23336.521,-23219.347,-117.17401,-1.0121155,-0.67256838
13295,-23354.16,-23310.25,-43.910629,-0.36434026,-0.65866997
13296,-23266.92,-23225.735,-41.184801,-0.3442492,-0.51465504
13297,-23246.898,-23181.512,-65.385103,-0.56450072,0.66660396
13298,-23338.428,-23450.288,111.8596,0.97451226,0.81007704
13299,-23407.553,-23082.749,-324.80451,-2.927768,0.73513141
13300,-23192.551,-23442.426,249.87489,2.1581462,1.6076777
13301,-23311.732,-23257.674,-54.058139,-0.46725148,1.3459558
13302,-23214.004,-23157.927,-56.076661,-0.49563244,0.47465919
13303,-23297.907,-23434.073,136.16605,1.1916774,0.65429695
13304,-23331.277,-23062.111,-269.16614,-2.3296132,0.61450787
13305,-23204.469,-23358.894,154.42516,1.3398602,-0.075149214
13306,-23317.929,-23255.708,-62.220983,-0.55044786,-0.48720432
13307,-23377.043,-23278.802,-98.240527,-0.88556429,-1.4213256
13308,-23290.756,-23365.282,74.526098,0.65833913,0.48380516
13309,-23621.125,-23451.762,-169.36277,-1.4434011,0.50934205
13310,-22856.939,-22790.388,-66.550832,-0.56434819,-0.096122188
13311,-23625.892,-23684.668,58.775954,0.48989799,1.1332944
13312,-22285.825,-22167.831,-117.99386,-0.97192713,0.45287267
13313,-23163.471,-23169.72,6.2486337,0.052776383,-0.51373467
13314,-23400.879,-23230.157,-170.72157,-1.3291226,0.079323651
13315,-24042.071,-24168.169,126.09814,1.001931,0.98182413
13316,-21802.905,-21739.363,-63.542264,-0.53306622,0.72058637
13317,-21159.806,-21122.702,-37.103836,-0.31418427,-0.51258217
13318,-22355.426,-22406.142,50.715591,0.40319067,0.48805918
13319,-23661.646,-23612.929,-48.7172,-0.41421821,-0.0052432939
13320,-23096.253,-23119.601,23.347509,0.19315632,-0.35395224
13321,-22758.734,-22567.8,-190.93332,-1.634107,-0.4371404
13322,-22158.54,-22241.536,82.995471,0.74215026,-1.6322782
13323,-22452.678,-22435.132,-17.545402,-0.16033679,-1.3157608
13324,-22616.67,-22297.06,-319.61089,-2.9519849,-0.097371386
13325,-22953.713,-23225.735,272.0219,2.4176974,1.8680444
13326,-23266.92,-23076.852,-190.06772,-1.6477677,1.7359267
13327,-22737.281,-22716.192,-21.089253,-0.18572612,0.84360677
13328,-22777.326,-22794.319,16.992733,0.14908634,0.19359056
13329,-22951.33,-22797.267,-154.06281,-1.3406876,0.39580816
13330,-22952.76,-23015.432,62.672085,0.52808071,0.2869551
13331,-23385.147,-23337.274,-47.872641,-0.41956431,-0.078956867
13332,-23044.291,-23033.121,-11.169581,-0.098197921,-0.96835592
13333,-23040.953,-23017.889,-23.064769,-0.20316837,-0.10799824
13334,-23295.047,-23336.783,41.736554,0.36445877,-0.067554452
13335,-23141.065,-23065.551,-75.514313,-0.65958268,0.31074577
13336,-22904.611,-22856.23,-48.380474,-0.41607975,-0.88349042
13337,-23148.216,-23238.511,90.294542,0.78103163,-0.45829229
13338,-23388.961,-23223.278,-165.68258,-1.4024138,0.48430573
13339,-23506.235,-23414.418,-91.816211,-0.81015521,0.30678282
13340,-23242.13,-23230.157,-11.972964,-0.10672783,1.7157135
13341,-23130.101,-23117.144,-12.956605,-0.11419738,0.62592139
13342,-23208.76,-23164.315,-44.444997,-0.39269437,0.86517546
13343,-23280.745,-23171.685,-109.05966,-0.96099031,0.015658395
13344,-23240.7,-23323.516,82.816129,0.71209144,-0.24714166
13345,-23464.283,-23414.91,-49.373265,-0.41028006,-0.74533909
13346,-23182.063,-23115.67,-66.393449,-0.55304881,-0.45036688
13347,-22970.875,-23115.179,144.30327,1.2681914,-0.30634038
13348,-23188.737,-23064.568,-124.16929,-1.1245066,0.45535722
13349,-23159.657,-23034.595,-125.06235,-1.1317157,-0.017696624
13350,-23128.194,-23248.338,120.14414,1.0772165,1.4619422
13351,-23038.093,-22947.624,-90.469309,-0.81161849,2.3249096
13352,-22974.212,-22994.795,20.582335,0.18008039,-0.20572001
13353,-23055.255,-22987.916,-67.339574,-0.59248033,-0.22464364
13354,-23002.816,-22922.073,-80.742706,-0.71065897,0.21772384
13355,-23004.723,-22960.399,-44.3233,-0.38227795,1.1127826
13356,-22958.957,-22976.123,17.165671,0.14783679,-0.14480787
13357,-23105.311,-22988.407,-116.90408,-1.0075228,-0.19633982
13358,-22821.184,-22735.846,-85.337908,-0.75078497,0.6452416
13359,-22917.959,-23026.242,108.28281,0.95849256,0.28279031
13360,-23020.454,-22841.489,-178.96493,-1.6016243,-0.33619836
13361,-22667.203,-22791.862,124.65882,1.1216696,-0.58744448
13362,-22905.564,-22869.497,-36.067125,-0.3165227,-0.35176359
13363,-22849.311,-22727.002,-122.30907,-1.0734942,-0.14069468
13364,-22846.451,-22866.549,20.098293,0.17872479,1.7902963
13365,-22874.577,-22767.785,-106.79225,-0.98170847,1.5454779
13366,-22739.665,-22754.027,14.362067,0.13010703,0.32063682
13367,-22894.123,-22857.213,-36.909853,-0.3270002,-1.4986065
13368,-22748.723,-22608.092,-140.6304,-1.2761734,0.18130539
13369,-22893.169,-23062.111,168.94186,1.5316704,-0.15884111
13370,-22815.464,-22620.376,-195.08749,-1.6598747,-0.53517769
13371,-22610.95,-22643.962,33.011892,0.28090542,-1.388897
13372,-23102.927,-23100.929,-1.9983916,-0.017025034,0.18816999
13373,-22697.236,-22558.956,-138.28064,-1.1224365,1.8027138
13374,-22642.413,-22521.121,-121.29249,-1.0785339,1.5003548
13375,-21988.35,-22033.689,45.338966,0.3729995,0.81218226
13376,-21350.019,-21416.537,66.518806,0.57942307,2.2471509
13377,-21647.493,-21535.939,-111.5549,-0.8628961,1.0932182
13378,-24578.86,-24688.522,109.66174,0.88166214,0.78058527
13379,-22874.577,-22745.674,-128.90358,-1.0007728,-0.090482037
13380,-22853.601,-22817.904,-35.697459,-0.28795631,0.46180249
13381,-21695.166,-21756.56,61.394725,0.52715618,0.71616672
13382,-22676.737,-22543.724,-133.01382,-1.1729383,-1.3984726
13383,-22041.266,-21975.708,-65.558041,-0.56272908,-0.77758104
13384,-22729.654,-22773.19,43.536388,0.36837758,0.56855219
13385,-22579.486,-22391.401,-188.08488,-1.6136814,1.0163409
13386,-22133.274,-22261.19,127.91628,1.1157751,0.31394033
13387,-22381.169,-22267.086,-114.08309,-0.95957475,0.052574723
13388,-22386.413,-22353.566,-32.847189,-0.28805033,-1.1249884
13389,-22496.536,-22389.927,-106.60925,-0.94755322,-0.25431453
13390,-22600.462,-22574.188,-26.273725,-0.2373257,-0.61471712
13391,-22499.397,-22608.583,109.18685,0.95776594,-0.23196127
13392,-22646.704,-22516.207,-130.49662,-1.1337802,-1.3713243
13393,-22412.633,-22419.409,6.7756821,0.05975965,0.86461652
13394,-22801.162,-22829.205,28.043363,0.25025087,0.49425199
13395,-22580.916,-22505.889,-75.027525,-0.64268027,-0.6429673
13396,-22719.642,-22698.994,-20.648216,-0.17648228,-1.2958847
13397,-22879.345,-22884.729,5.3848601,0.048008908,-0.49148044
13398,-22988.037,-22913.72,-74.317474,-0.66069769,0.0088736987
13399,-22827.382,-22626.764,-200.61783,-1.8090769,0.68162577
13400,-22590.451,-22739.777,149.3267,1.3432686,1.4163285
13401,-22678.168,-22598.756,-79.41136,-0.72033342,1.3318601
13402,-22873.147,-22769.259,-103.888,-0.93799169,0.96604209
13403,-22798.778,-22863.109,64.331006,0.5700739,0.3634517
13404,-23019.501,-22913.228,-106.27252,-0.91137176,-1.1801133
13405,-22734.421,-22771.716,37.295074,0.31975386,-1.16144
13406,-22803.546,-22874.411,70.865125,0.61955578,-0.45820619
13407,-22837.87,-22712.752,-125.11725,-1.0986821,-0.7046014
13408,-22753.966,-22819.378,65.411639,0.57711663,0.34582462
13409,-22926.063,-22904.384,-21.679438,-0.19136759,0.39477402
13410,-22854.078,-22750.096,-103.98224,-0.89695913,1.4416992
13411,-22636.693,-22722.088,85.395554,0.73849317,0.3171815
13412,-22784.477,-22697.029,-87.447932,-0.7435091,0.37121409
13413,-22794.011,-22733.39,-60.621538,-0.51655289,1.8550961
13414,-22738.235,-22632.66,-105.57437,-0.91482038,0.69365768
13415,-22692.469,-22683.271,-9.1986403,-0.081095499,0.96955421
13416,-22533.244,-22601.704,68.460467,0.59338252,0.18608174
13417,-22732.991,-22631.186,-101.80451,-0.85488599,-0.82723568
13418,-22487.955,-22457.735,-30.220183,-0.25975252,-0.60433497
13419,-22499.397,-22552.568,53.17149,0.46126664,-0.72443537
13420,-22574.242,-22526.526,-47.716174,-0.40543299,-1.46533
13421,-22442.667,-22423.34,-19.326935,-0.16678804,-0.87422713
13422,-22442.19,-22420.392,-21.798389,-0.19420842,-1.3523229
13423,-22572.335,-22595.317,22.981503,0.20007884,-0.20852245
13424,-22534.197,-22374.203,-159.99394,-1.4114012,0.10224036
13425,-22445.527,-22575.662,130.13519,1.1477558,0.39896599
13426,-22503.21,-22419.9,-83.310236,-0.73862343,1.3449171
13427,-22459.829,-22410.564,-49.264378,-0.44743905,-0.92288927
13428,-22561.371,-22556.008,-5.3628997,-0.047582468,-1.2882654
13429,-22545.639,-22380.591,-165.04756,-1.4008664,-2.3062689
13430,-22511.315,-22556.008,44.692966,0.37833317,-0.62181045
13431,-22474.607,-22450.856,-23.75103,-0.20048173,-1.542281
13432,-22632.879,-22566.818,-66.061299,-0.57383575,-0.99857529
13433,-22572.335,-22528.983,-43.35247,-0.38384774,0.94256598
13434,-22742.525,-22795.301,52.776204,0.450962,1.8181381
13435,-22099.426,-22004.207,-95.21915,-0.78901987,0.85741653
13436,-22748.723,-22849.843,101.12008,0.82625938,0.39582592
13437,-21532.603,-21450.933,-81.67053,-0.68157657,0.99908437
13438,-22335.881,-22278.388,-57.493103,-0.47968357,1.9737012
13439,-22621.914,-22517.681,-104.23296,-0.82773718,2.1282393
13440,-23245.944,-23261.113,15.16911,0.12203959,1.7520681
13441,-20953.862,-20954.656,0.79423255,0.0068211403,1.9486806
13442,-20414.689,-20310.971,-103.7178,-0.86689691,-0.18819823
13443,-21649.4,-21581.144,-68.256419,-0.54528801,0.66669187
13444,-22876.961,-22908.315,31.353885,0.27250313,0.75543472
13445,-22343.032,-22289.198,-53.833961,-0.44669014,0.14911823
13446,-21920.179,-21825.351,-94.827523,-0.83332871,-0.059211785
13447,-21443.456,-21427.839,-15.617467,-0.14393673,-0.040793368
13448,-21626.994,-21613.083,-13.91188,-0.12573567,-1.0858911
13449,-21794.801,-21645.021,-149.77963,-1.341409,-1.2192155
13450,-22160.924,-22361.428,200.50437,1.7236359,-0.67841144
13451,-22389.274,-22331.946,-57.327486,-0.50054321,0.32733148
13452,-21973.095,-21896.599,-76.496124,-0.67696999,-0.48937798
13453,-21926.376,-21970.303,43.927099,0.38470883,-0.36907636
13454,-22182.376,-22042.534,-139.84257,-1.1641159,-1.4601283
13455,-22147.099,-22111.816,-35.282957,-0.29046564,-1.527019
13456,-22570.428,-22581.067,10.638873,0.091329718,-3.1383799
13457,-22276.767,-22170.779,-105.98795,-0.92193397,-2.8102185
13458,-22279.151,-22173.236,-105.91475,-0.89993603,-0.81070256
13459,-22551.359,-22617.428,66.068619,0.56444415,0.2969115
13460,-22331.114,-22230.234,-100.87943,-0.86458698,1.3031483
13461,-22116.112,-22135.893,19.780783,0.16754116,-0.096785193
13462,-22439.33,-22417.935,-21.394868,-0.17783116,-0.44218327
13463,-22524.186,-22429.727,-94.458773,-0.81676663,0.636517
13464,-22744.432,-22722.58,-21.852375,-0.18745456,1.882322
13465,-22373.542,-22341.774,-31.768387,-0.27840221,2.0084299
13466,-22308.708,-22379.117,70.409448,0.61869194,0.23184327
13467,-22392.134,-22315.731,-76.402792,-0.66970404,-0.14067653
13468,-22429.795,-22363.393,-66.401684,-0.59057871,0.41200266
13469,-22458.875,-22586.964,128.0883,1.1307763,0.67671968
13470,-22620.961,-22436.115,-184.84573,-1.5904619,-0.32440188
13471,-22371.158,-22384.522,13.363786,0.11541588,-0.71791505
13472,-22221.467,-22215.002,-6.4654922,-0.057137797,0.20330433
13473,-22404.052,-22264.63,-139.42258,-1.2360159,-0.094374207
13474,-22426.935,-22321.628,-105.30718,-0.92937816,0.57081634
13475,-22297.743,-22391.893,94.149498,0.83493303,-0.39497456
13476,-22286.302,-22254.802,-31.499373,-0.28037659,0.30895516
13477,-22208.596,-22112.798,-95.797439,-0.85148908,0.92327141
13478,-22210.98,-22239.57,28.590542,0.24976544,-0.8660582
13479,-22224.804,-22149.651,-75.153797,-0.6291547,-0.60503226
13480,-22105.147,-22055.8,-49.34673,-0.41146082,-1.0668188
13481,-22131.367,-22259.716,128.34908,1.0822768,-2.4255604
13482,-22257.698,-22061.205,-196.49295,-1.6755099,-1.960269
13483,-21983.583,-21984.553,0.96991533,0.0083977914,-0.49538377
13484,-22103.24,-22214.019,110.77897,0.98253059,-0.50623486
13485,-22164.261,-21930.994,-233.26647,-2.0210372,0.6714101
13486,-21852.961,-22064.645,211.68402,1.8356744,-0.90621531
13487,-22097.996,-21932.468,-165.52795,-1.3967403,-1.4789
13488,-22048.417,-21978.656,-69.760702,-0.58892437,-0.62153941
13489,-22087.032,-22041.551,-45.480794,-0.39655966,0.30448347
13490,-22014.57,-21927.063,-87.506493,-0.78939986,1.4054976
13491,-21967.374,-22056.292,88.917445,0.78620197,0.57803492
13492,-22134.227,-21933.451,-200.77613,-1.7391666,1.0787666
13493,-21917.795,-21897.09,-20.704947,-0.18152651,0.82353863
13494,-22101.81,-22222.864,121.05367,1.0747574,-0.12626652
13495,-21900.633,-21755.086,-145.54677,-1.2696922,0.089953339
13496,-21799.568,-21902.004,102.43587,0.88749393,-0.95754511
13497,-22241.966,-22151.616,-90.350358,-0.78544764,-0.45578985
13498,-21828.171,-21830.756,2.5849158,0.021034782,0.56818652
13499,-21823.881,-21674.994,-148.88658,-1.2468413,0.69311219
13500,-21123.099,-21127.125,4.0260636,0.0325472,-0.2759747
13501,-20529.102,-20636.745,107.6423,0.92466202,0.76126865
13502,-20908.574,-20617.582,-290.99198,-2.2720767,-0.042688996
13503,-23775.583,-23938.702,163.11963,1.2975974,-0.60872547
13504,-22112.298,-21885.789,-226.50908,-1.7335452,-0.01807287
13505,-22004.559,-22006.664,2.1054483,0.017087197,-0.16006863
13506,-20902.376,-20938.441,36.065295,0.30400328,-1.6142588
13507,-21866.309,-21656.814,-209.49531,-1.8159728,-1.3823006
13508,-21235.128,-21293.205,58.076883,0.49389366,-1.9352169
13509,-21871.553,-21896.107,24.554413,0.2120343,-1.2535398
13510,-21695.642,-21592.445,-103.19716,-0.91206954,0.0050960105
13511,-21279.464,-21457.321,177.85685,1.5479899,0.43441457
13512,-21513.058,-21382.142,-130.91569,-1.1086682,0.28182723
13513,-21536.894,-21582.618,45.724187,0.37755608,-0.42633902
13514,-21615.076,-21506.457,-108.61954,-0.94282214,-0.34304365
13515,-21785.743,-21737.889,-47.854341,-0.42596126,1.6453389
13516,-21627.948,-21788.008,160.05982,1.4337143,1.5298545
13517,-21908.737,-21597.359,-311.37851,-2.6601947,0.31170473
13518,-21550.242,-21650.426,100.18402,0.84287981,0.76662552
13519,-21998.838,-21986.027,-12.811117,-0.10782725,1.1398224
13520,-21771.918,-21664.676,-107.24244,-0.90635901,0.1057162
13521,-21871.076,-21939.347,68.271059,0.58978178,-0.83962159
13522,-22141.378,-21992.906,-148.47208,-1.3501173,0.1093989
13523,-22115.158,-22196.821,81.66321,0.72978501,-0.25691969
13524,-22004.559,-21787.025,-217.53371,-1.9148456,-0.82447289
13525,-21725.199,-21916.745,191.54547,1.663075,-0.764986
13526,-21782.406,-21793.413,11.006709,0.096426926,0.19830512
13527,-22091.799,-21869.083,-222.71635,-2.0047057,1.2996366
13528,-21915.888,-22092.161,176.27296,1.5939983,0.89877241
13529,-22188.574,-21974.726,-213.84803,-1.8259769,-0.89637683
13530,-21907.784,-21945.244,37.459777,0.31853642,-1.5299832
13531,-21916.365,-22003.716,87.35094,0.75195161,-2.1154569
13532,-22134.227,-21840.583,-293.64369,-2.6130723,-1.3174837
13533,-21880.611,-21968.338,87.727011,0.76741371,0.41376949
13534,-22145.669,-22100.514,-45.154133,-0.39617368,-0.16253814
13535,-22005.035,-21886.28,-118.75515,-1.0442434,0.15044664
13536,-21809.102,-21904.461,95.358232,0.83104236,0.46072064
13537,-22026.011,-21868.591,-157.42,-1.3141457,-0.17660598
13538,-21860.588,-21928.046,67.457611,0.56554682,-0.018720058
13539,-21970.235,-21821.912,-148.32293,-1.2687119,1.3271519
13540,-21732.827,-21801.766,68.939019,0.62096495,0.79384179
13541,-21701.363,-21763.44,62.076411,0.5496804,1.4198806
13542,-21899.203,-21705.459,-193.74425,-1.6992621,0.16104362
13543,-21557.393,-21666.15,108.75679,0.94813198,0.94661159
13544,-21709.467,-21621.436,-88.031711,-0.75500128,0.85329497
13545,-21662.272,-21654.357,-7.9148751,-0.067108316,-0.034222236
13546,-21597.914,-21584.583,-13.330846,-0.11791792,-0.34681603
13547,-21684.201,-21532.99,-151.21071,-1.3885797,0.23145341
13548,-21667.993,-21785.551,117.55831,1.0628953,-0.043489741
13549,-21809.579,-21516.284,-293.29507,-2.5717993,-0.019155868
13550,-21495.419,-21728.553,233.13379,2.0155919,-0.20431091
13551,-21729.013,-21626.349,-102.66371,-0.91457248,-0.16249302
13552,-21651.784,-21486.311,-165.47304,-1.5087238,0.18014885
13553,-21640.343,-21816.507,176.16407,1.5505805,-0.29197892
13554,-21718.048,-21519.724,-198.32481,-1.7098909,-1.008636
13555,-21525.453,-21652.883,127.4304,1.1185082,-1.5273843
13556,-21656.551,-21673.52,16.968943,0.14708847,-1.5455705
13557,-21721.385,-21578.687,-142.69833,-1.2205788,-1.8974877
13558,-21657.505,-21740.345,82.840834,0.71749414,0.95718062
13559,-21902.54,-21810.61,-91.929673,-0.80676431,0.38353565
13560,-21148.365,-21139.409,-8.9561615,-0.0762596,0.48028913
13561,-21961.177,-21976.2,15.022707,0.12430903,0.28673077
13562,-20663.538,-20511.447,-152.09096,-1.2400093,0.54366628
13563,-21521.162,-21512.353,-8.8088442,-0.071911924,0.55043546
13564,-21788.127,-21627.332,-160.79458,-1.2637034,-0.16206148
13565,-22323.963,-22411.547,87.584269,0.69241742,1.4366719
13566,-20160.596,-20077.083,-83.51337,-0.7191891,1.9614348
13567,-19517.974,-19421.113,-96.860685,-0.82797008,0.91765514
13568,-20777.475,-20848.031,70.55585,0.55174968,1.114534
13569,-21962.607,-21995.854,33.24705,0.28078905,-0.75394922
13570,-21402.935,-21394.426,-8.5087194,-0.071222253,-1.4077981
13571,-21059.218,-20989.052,-70.166054,-0.61668944,-0.99102041
13572,-20475.709,-20447.57,-28.13944,-0.26107878,0.037028628
13573,-20795.59,-20818.058,22.467265,0.2066341,0.34460728
13574,-20904.76,-20645.098,-259.66189,-2.296232,-0.70188503
13575,-21253.721,-21506.457,252.73614,2.2081,-0.63154472
13576,-21546.428,-21440.614,-105.8141,-0.93230118,0.080118205
13577,-21075.426,-20958.587,-116.83911,-1.0720585,-0.73356741
13578,-21139.784,-21209.182,69.398357,0.62977057,0.27283288
13579,-21262.778,-21086.342,-176.43675,-1.4900579,0.68048696
13580,-21265.162,-21331.532,66.369659,0.55814625,-0.041044325
13581,-21738.547,-21661.236,-77.311402,-0.67530485,-1.6838038
13582,-21362.89,-21266.18,-96.709708,-0.87249603,-1.3495901
13583,-21388.633,-21406.71,18.077026,0.15811836,0.34803684
13584,-21565.497,-21649.935,84.437534,0.72486421,0.57258451
13585,-21457.281,-21355.608,-101.67275,-0.90338136,0.65918773
13586,-21207.002,-21265.689,58.687197,0.52112132,-0.35317712
13587,-21493.989,-21440.123,-53.865986,-0.46314795,0.91266002
13588,-21677.05,-21602.764,-74.286364,-0.62483367,1.1186575
13589,-21803.382,-21723.639,-79.742595,-0.70656013,-0.43915843
13590,-21468.246,-21454.864,-13.382086,-0.11858293,-0.87024739
13591,-21435.352,-21442.58,7.2276992,0.06507999,-0.71205962
13592,-21519.255,-21388.038,-131.21673,-1.1587091,0.41324357
13593,-21586.473,-21573.282,-13.190848,-0.11755438,0.82455671
13594,-21550.242,-21640.107,89.8654,0.7724109,-0.26647857
13595,-21765.721,-21623.893,-141.82816,-1.1590218,-1.2867863
13596,-21497.326,-21436.683,-60.642583,-0.51236013,-1.9762802
13597,-21326.659,-21313.843,-12.816608,-0.11545755,0.015693165
13598,-21461.572,-21442.58,-18.99204,-0.16966249,0.038246197
13599,-21462.048,-21344.798,-117.24995,-1.0072192,0.36548342
13600,-21399.598,-21545.274,145.67671,1.2296159,0.44992068
13601,-21312.358,-21272.568,-39.789404,-0.34644151,0.94471579
13602,-21312.834,-21214.096,-98.738295,-0.88522538,-0.63741262
13603,-21289.952,-21338.411,48.459166,0.44674731,-0.13568287
13604,-21291.382,-21148.745,-142.63703,-1.2547943,-0.36142392
13605,-21242.756,-21230.311,-12.445112,-0.10688312,0.77779723
13606,-21219.397,-21220.975,1.5783999,0.013483977,0.63160513
13607,-21362.89,-21212.622,-150.26825,-1.3671226,-1.1516816
13608,-21102.123,-21091.255,-10.867627,-0.097754596,-0.22532085
13609,-21198.421,-21253.896,55.475497,0.4972542,0.58867423
13610,-21276.603,-21135.969,-140.63406,-1.269559,0.40044353
13611,-20979.128,-21060.791,81.662295,0.7522304,0.85124781
13612,-21188.886,-21119.263,-69.62345,-0.611586,-0.96553179
13613,-21106.413,-21106.488,0.074116171,0.00064504037,-0.59659903
13614,-21106.413,-21060.299,-46.113984,-0.40905362,0.48906731
13615,-21113.564,-21093.712,-19.852154,-0.18621896,-0.54812064
13616,-20981.989,-21020.499,38.510213,0.34882159,-0.1400627
13617,-21227.501,-21098.626,-128.87521,-1.1256585,0.80386664
13618,-20889.505,-20960.061,70.556765,0.63849721,1.6041006
13619,-21224.164,-21177.735,-46.428749,-0.4160949,0.19176904
13620,-20960.536,-20955.639,-4.8971574,-0.041524899,-1.4382052
13621,-20894.272,-20819.532,-74.740211,-0.63593901,-1.712996
13622,-21407.702,-21292.714,-114.98804,-0.97506691,0.44687335
13623,-20879.493,-20961.536,82.042026,0.67971571,1.1922668
13624,-20911.434,-20714.871,-196.56249,-1.7361046,0.96559574
13625,-20175.851,-20312.937,137.08564,1.1059623,0.78125927
13626,-19623.806,-19572.453,-51.353356,-0.4380313,2.1433386
13627,-20024.73,-19881.029,-143.70119,-1.1093012,1.1917698
13628,-22771.128,-23023.294,252.16517,2.0485419,-0.31770677
13629,-21142.644,-20897.658,-244.98597,-1.9423047,-0.078755338
13630,-21003.441,-21140.883,137.44158,1.1160374,0.51783349
13631,-19976.581,-19948.345,-28.235516,-0.24227752,0.55851036
13632,-20957.199,-20812.161,-145.03803,-1.2856693,-1.3651793
13633,-20219.709,-20303.601,83.891271,0.7311135,1.3299073
13634,-20994.86,-20901.589,-93.271084,-0.80977348,1.6531044
13635,-20689.281,-20726.664,37.382916,0.32751348,0.17412626
13636,-20439.002,-20388.115,-50.886699,-0.45035414,-0.038714507
13637,-20591.553,-20520.292,-71.261326,-0.62994501,-0.19458293
13638,-20621.587,-20682.441,60.854867,0.52588437,1.3376668
13639,-20727.896,-20561.075,-166.82086,-1.4655916,1.5053034
13640,-20807.508,-20919.278,111.76993,1.0092229,0.21492175
13641,-20819.903,-20724.207,-95.695872,-0.85482261,0.072081772
13642,-20874.726,-20830.342,-44.384606,-0.38490605,-0.59854401
13643,-20640.179,-20697.182,57.003571,0.49297139,-0.29312944
13644,-21024.417,-21026.395,1.9782613,0.017200022,0.66860995
13645,-20746.011,-20781.205,35.194201,0.29629121,-0.64386061
13646,-20982.466,-20892.745,-89.720828,-0.76149988,-1.3778031
13647,-21133.11,-21126.633,-6.4764723,-0.057458108,-0.50884671
13648,-21142.644,-21181.175,38.530344,0.35184905,-0.33779559
13649,-21118.808,-20835.747,-283.06155,-2.5635446,0.54001334
13650,-20708.827,-20972.837,264.01004,2.3678295,0.21264026
13651,-20986.756,-20799.386,-187.37026,-1.6484336,0.98023024
13652,-21091.635,-20978.733,-112.9018,-1.0186705,0.92120839
13653,-21025.847,-21184.614,158.7669,1.4042281,1.0050392
13654,-21268.976,-21058.334,-210.64182,-1.8356497,-0.11576304
13655,-20918.585,-21022.956,104.37112,0.87299322,-0.078846971
13656,-21122.622,-21052.929,-69.692991,-0.58866909,-0.24366468
13657,-21067.799,-20976.768,-91.031128,-0.80441951,0.69490595
13658,-20980.559,-21069.144,88.585295,0.77764366,1.5227647
13659,-21147.888,-21099.608,-48.279823,-0.42082023,0.65874706
13660,-20997.244,-20990.526,-6.7180362,-0.059280908,0.15537045
13661,-20916.678,-20902.572,-14.105863,-0.12460069,0.4859302
13662,-20951.002,-20969.889,18.886813,0.16466324,0.59092648
13663,-20953.862,-20911.908,-41.954328,-0.35532244,0.64126317
13664,-20969.117,-20832.307,-136.81022,-1.2110323,1.0080159
13665,-20793.207,-20912.399,119.19253,1.0657645,1.5307333
13666,-20851.367,-20753.689,-97.677793,-0.86408652,0.22898023
13667,-20874.25,-20804.791,-69.458748,-0.6036359,-0.51454197
13668,-20739.814,-20760.077,20.262995,0.17523511,-0.21148418
13669,-20703.583,-20668.192,-35.390929,-0.30645082,0.58887121
13670,-20752.685,-20776.783,24.097821,0.20146167,-0.014166968
13671,-20714.071,-20578.764,-135.30685,-1.1328508,-0.66981804
13672,-20636.365,-20692.269,55.903723,0.49468004,0.40671891
13673,-20804.171,-20832.798,28.627142,0.25856747,0.7394294
13674,-20745.534,-20536.015,-209.5191,-1.9110537,-0.025541724
13675,-20573.438,-20841.643,268.20538,2.3464117,0.33725557
13676,-20751.255,-20575.816,-175.43938,-1.5303441,1.635157
13677,-20640.655,-20640.676,0.020130318,0.00017945938,0.55784422
13678,-20760.79,-20787.593,26.803519,0.23561078,0.403101
13679,-20680.223,-20522.257,-157.96627,-1.3419857,-0.7143281
13680,-20616.343,-20749.758,133.41551,1.1555947,-0.086034392
13681,-20801.311,-20626.917,-174.39352,-1.4966542,0.26361511
13682,-20731.709,-20757.62,25.910464,0.22123111,-0.11593984
13683,-20833.251,-20770.395,-62.856003,-0.53681085,1.605837
13684,-20866.145,-20917.313,51.167608,0.43710429,1.830036
13685,-20336.507,-20203.854,-132.65239,-1.1182864,0.55857705
13686,-20978.652,-20982.173,3.5209756,0.029096372,1.2757591
13687,-19670.525,-19691.854,21.328987,0.17978741,1.1153321
13688,-20595.844,-20556.161,-39.682347,-0.32998113,0.80641295
13689,-20778.905,-20689.812,-89.093128,-0.68997538,1.430464
13690,-21411.993,-21530.042,118.04968,0.94962604,-0.0036130353
13691,-19075.575,-19014.756,-60.819181,-0.52046174,1.4221245
13692,-18608.864,-18575.478,-33.386133,-0.28743756,0.11517027
13693,-19851.68,-19810.764,-40.915787,-0.34196459,0.70429283
13694,-21000.581,-21072.583,72.002488,0.63249602,0.53545652
13695,-20465.698,-20426.441,-39.256865,-0.32651511,-0.20514784
13696,-20126.749,-19979.793,-146.9559,-1.2766368,-0.24359338
13697,-19586.622,-19640.752,54.130425,0.47725565,0.50085541
13698,-19887.911,-19853.021,-34.889501,-0.31275946,0.49200727
13699,-19903.166,-19757.205,-145.96036,-1.3285689,1.3001459
13700,-20427.561,-20596.453,168.89245,1.4799314,1.6588903
13701,-20560.566,-20462.802,-97.763805,-0.84986672,1.4443233
13702,-20169.177,-20110.495,-58.681707,-0.51114521,0.76204428
13703,-20082.413,-20209.75,127.33707,1.1035187,-0.68431708
13704,-20307.426,-20221.543,-85.883257,-0.72514365,-1.5348487
13705,-20330.786,-20372.883,42.09707,0.35594033,-0.94347401
13706,-20724.559,-20689.812,-34.746759,-0.30392641,0.66613756
13707,-20446.629,-20374.357,-72.272417,-0.63779345,-0.47891751
13708,-20419.933,-20392.537,-27.395533,-0.23678589,1.7584498
13709,-20634.458,-20715.854,81.396026,0.72253272,1.4919459
13710,-20520.998,-20411.209,-109.78892,-0.99116144,1.3102749
13711,-20261.184,-20273.628,12.443282,0.11044278,0.57057769
13712,-20619.68,-20605.298,-14.382197,-0.12360662,1.0139021
13713,-20716.931,-20651.486,-65.445494,-0.55874408,1.7256941
13714,-20896.655,-20836.238,-60.41749,-0.53753786,1.9814066
13715,-20547.695,-20541.42,-6.2742541,-0.057273395,-0.045272603
13716,-20480.953,-20508.99,28.036958,0.25733399,-0.34198869
13717,-20590.6,-20545.843,-44.757017,-0.39761178,0.82005603
13718,-20550.555,-20596.944,46.389403,0.41366148,0.55587234
13719,-20632.074,-20669.666,37.591539,0.33232513,-0.051225603
13720,-20730.279,-20713.889,-16.390654,-0.13981102,-0.087883593
13721,-20567.717,-20478.526,-89.191034,-0.75471726,-0.54321338
13722,-20355.575,-20396.96,41.384274,0.36372587,-1.187421
13723,-20517.184,-20426.933,-90.251536,-0.79879152,0.058955115
13724,-20553.415,-20418.088,-135.32698,-1.2022824,-0.35845296
13725,-20412.782,-20552.722,139.93957,1.2681162,0.24305457
13726,-20441.862,-20349.789,-92.07333,-0.82665956,1.0508906
13727,-20407.061,-20319.324,-87.737076,-0.77532683,1.280477
13728,-20302.182,-20424.967,122.78488,1.0629671,-0.31319372
13729,-20398.957,-20250.042,-148.91494,-1.2750475,-1.0979797
13730,-20274.056,-20291.808,17.752195,0.15000705,-0.94482155
13731,-20324.588,-20323.747,-0.8418133,-0.0072297176,-2.2050157
13732,-20360.343,-20344.875,-15.467404,-0.13615056,-0.2940719
13733,-20100.052,-20080.031,-20.021431,-0.17286458,0.8953245
13734,-20254.987,-20347.823,92.836452,0.78764002,0.35599028
13735,-20256.894,-20149.804,-107.08963,-0.9262273,0.8954409
13736,-20075.739,-20106.564,30.825007,0.27209322,-0.09668088
13737,-20162.98,-20207.785,44.805513,0.40375491,-0.65388889
13738,-20191.106,-20029.42,-161.6858,-1.3720403,0.82419593
13739,-20171.561,-20213.19,41.629498,0.36330722,1.2896911
13740,-20156.305,-20071.186,-85.11922,-0.77850347,1.2484575
13741,-20112.924,-20113.443,0.51972821,0.004708549,0.22201059
13742,-20251.173,-20200.906,-50.267234,-0.44172316,0.17925933
13743,-20020.439,-19991.585,-28.854066,-0.25671414,-0.23804654
13744,-20279.3,-20373.866,94.565829,0.84339571,0.62842934
13745,-20036.171,-19926.726,-109.44579,-0.95491462,0.88552803
13746,-20008.045,-19978.81,-29.234712,-0.25818255,-0.80542932
13747,-20359.389,-20406.787,47.397749,0.4127308,-1.1641368
13748,-19945.117,-19894.787,-50.33037,-0.41341917,0.53157994
13749,-19917.467,-19866.779,-50.688141,-0.43154406,0.35504732
13750,-19203.814,-19244.714,40.900231,0.34075824,1.4991882
13751,-18730.428,-18684.069,-46.359208,-0.41820204,2.7998895
13752,-18989.765,-18936.138,-53.627167,-0.44032531,1.0133986
13753,-21950.212,-22007.155,56.94318,0.46347381,0.033222907
13754,-20092.901,-20015.662,-77.239115,-0.6010275,-0.97072535
13755,-20151.061,-20073.643,-77.418458,-0.61086839,-0.64869211
13756,-19057.46,-19083.056,25.595699,0.21552464,-1.342617
13757,-19970.384,-19902.649,-67.73486,-0.58245156,-1.4100559
13758,-19381.155,-19325.789,-55.365695,-0.48160174,-0.15941813
13759,-19980.872,-20100.668,119.79644,1.0288696,1.9988206
13760,-19865.028,-19667.777,-197.25058,-1.7017761,0.59628621
13761,-19448.372,-19576.384,128.01144,1.0892599,0.42931016
13762,-19614.749,-19582.28,-32.468373,-0.27482655,0.64198892
13763,-19679.106,-19649.597,-29.509216,-0.25377029,0.60251144
13764,-19713.43,-19728.215,14.784804,0.12716544,2.8143859
13765,-19913.177,-19805.85,-107.32662,-0.9720518,2.4708938
13766,-19818.786,-19889.382,70.59611,0.63607201,2.2370674
13767,-19958.942,-19826.979,-131.96339,-1.1330222,0.72129516
13768,-19700.082,-19679.079,-21.003242,-0.17902631,0.72452203
13769,-20038.078,-20191.079,153.00048,1.3636028,0.66253196
13770,-19937.966,-19692.345,-245.62099,-2.1227339,0.65748523
13771,-19996.127,-20040.722,44.59506,0.39272624,-1.3042295
13772,-20234.011,-20224,-10.011173,-0.089227564,-0.40030477
13773,-20202.547,-20223.509,20.961151,0.18637959,-0.46256737
13774,-20132.469,-19970.948,-161.5211,-1.4163481,-1.1309747
13775,-19876.469,-19972.914,96.444354,0.84559528,-0.01461592
13776,-19926.525,-19949.328,22.803075,0.19901089,0.91787188
13777,-20153.922,-20041.213,-112.70874,-1.0275259,0.20461289
13778,-20043.799,-20137.52,93.721271,0.85975845,-0.65476711
13779,-20228.291,-20207.785,-20.505474,-0.17714683,-1.5384876
13780,-20039.985,-19940.975,-99.010054,-0.84204138,-1.857322
13781,-20087.657,-20183.217,95.559535,0.83623068,-1.5284915
13782,-20134.853,-19994.534,-140.3193,-1.2462921,-2.0356074
13783,-20044.276,-20022.05,-22.225701,-0.19444805,-0.141738
13784,-20135.806,-20255.939,120.13225,1.0699955,0.053899685
13785,-20196.35,-19907.562,-288.78771,-2.5312422,1.2193786
13786,-19896.492,-20034.825,138.33372,1.1824228,-0.33780666
13787,-20110.54,-20052.023,-58.517005,-0.4840149,-0.59761131
13788,-19971.337,-19946.871,-24.465657,-0.20466147,1.2421732
13789,-20024.73,-20008.292,-16.438235,-0.14025241,2.686228
13790,-19926.525,-19818.134,-108.39078,-0.96822634,2.2101209
13791,-19818.309,-19914.441,96.132334,0.83275401,1.432868
13792,-19969.907,-19874.641,-95.265815,-0.82793685,0.53668938
13793,-19720.581,-19721.336,0.75488693,0.0063631044,1.0920229
13794,-19719.628,-19799.463,79.835011,0.68970358,0.27790645
13795,-19823.076,-19666.303,-156.77309,-1.3207848,0.31305596
13796,-19716.291,-19757.205,40.914871,0.35576034,0.66008656
13797,-19704.372,-19659.424,-44.948255,-0.40241476,1.3755904
13798,-19797.81,-19839.754,41.944263,0.37065473,0.54236335
13799,-19777.311,-19699.225,-78.086419,-0.67983039,-0.069533585
13800,-19733.453,-19702.664,-30.788406,-0.2673778,0.0019842781
13801,-19733.929,-19786.196,52.266541,0.45072299,1.5779357
13802,-19781.601,-19646.649,-134.95274,-1.1815601,1.3172538
13803,-19715.814,-19794.058,78.243801,0.67606789,-0.96837739
13804,-19783.508,-19673.182,-110.32604,-0.93834854,-1.6041857
13805,-19747.754,-19655.493,-92.260908,-0.78171244,-1.6672139
13806,-19749.661,-19860.392,110.73047,0.92251606,-1.3602948
13807,-19858.354,-19732.637,-125.71658,-1.0652992,-2.1484833
13808,-19757.289,-19795.04,37.751667,0.33224668,-0.64587367
13809,-19951.315,-20020.084,68.769742,0.59786653,-0.60869664
13810,-19307.739,-19116.468,-191.27096,-1.5854269,1.019182
13811,-19943.21,-20185.182,241.97191,1.9458419,0.6432298
13812,-18782.391,-18580.392,-201.99951,-1.6826322,0.43829581
13813,-19549.914,-19602.426,52.511765,0.43274268,-0.36306589
13814,-19852.633,-19803.393,-49.239673,-0.39235683,0.91944603
13815,-20446.629,-20380.745,-65.884701,-0.51158015,1.4249305
13816,-18099.248,-18189.267,90.019122,0.75350288,1.4393481
13817,-17702.615,-17545.582,-157.03295,-1.3244259,1.2508232
13818,-18892.991,-18928.768,35.777065,0.28347046,1.3441389
13819,-20115.307,-20130.641,15.333812,0.13499684,0.23662294
13820,-19474.115,-19360.184,-113.9312,-0.94955564,-0.2101074
13821,-19177.117,-19170.518,-6.5990843,-0.055712187,-0.15956731
13822,-18588.842,-18589.236,0.39437123,0.0034312415,-0.68940738
13823,-18837.214,-18900.76,63.545924,0.55784978,-0.41734945
13824,-18981.184,-18851.624,-129.56056,-1.1363393,-0.21486297
13825,-19408.328,-19514.964,106.63578,0.91261132,0.4018394
13826,-19584.715,-19627.977,43.261884,0.37721701,0.47033813
13827,-19138.026,-19008.369,-129.65755,-1.1335817,0.3851089
13828,-19154.711,-19263.386,108.67444,0.96307464,-0.87543478
13829,-19339.68,-19222.111,-117.56838,-1.0150386,-1.3343138
13830,-19366.853,-19318.91,-47.943098,-0.40792294,-1.4030286
13831,-19830.704,-19863.831,33.127183,0.28579076,-1.6131488
13832,-19437.885,-19348.883,-89.001626,-0.78545424,-0.54728941
13833,-19481.743,-19475.655,-6.0885062,-0.052454934,-0.51624197
13834,-19732.976,-19744.921,11.945514,0.10414544,-0.31919738
13835,-19522.741,-19375.908,-146.83329,-1.3357698,0.28502122
13836,-19357.318,-19454.035,96.716113,0.8441605,0.31425549
13837,-19564.216,-19565.083,0.86651869,0.0072010697,0.90139856
13838,-19759.196,-19719.862,-39.333727,-0.3308371,-0.38712742
13839,-19893.631,-19847.125,-46.506525,-0.4087118,0.35331986
13840,-19514.637,-19537.566,22.929347,0.20420651,0.48714167
13841,-19532.276,-19577.367,45.090997,0.39708515,-0.37664574
13842,-19548.007,-19434.38,-113.62741,-0.98384893,0.11983472
13843,-19627.62,-19703.647,76.026721,0.64785055,0.13704243
13844,-19658.13,-19628.468,-29.662024,-0.25399761,-1.0502094
13845,-19808.775,-19724.284,-84.490605,-0.70202658,0.03326035
13846,-19625.713,-19575.401,-50.31207,-0.42769883,0.27520874
13847,-19386.875,-19357.236,-29.639148,-0.26058528,0.51644627
13848,-19553.251,-19548.376,-4.875197,-0.042425493,-0.67954115
13849,-19597.11,-19410.795,-186.31524,-1.6305982,-0.66797046
13850,-19466.965,-19617.167,150.20237,1.3177172,-0.10710569
13851,-19459.337,-19458.457,-0.88024391,-0.0079128541,0.86718362
13852,-19325.378,-19296.798,-28.579562,-0.25357273,0.29924253
13853,-19358.272,-19467.301,109.02946,0.95350535,-0.83425641
13854,-19369.236,-19232.921,-136.31519,-1.171899,-0.94377791
13855,-19300.588,-19315.47,14.881795,0.12790438,-0.58889853
13856,-19297.728,-19357.727,59.999328,0.5186504,-0.94136125
13857,-19389.736,-19232.43,-157.30563,-1.3639251,0.040930145
13858,-19122.294,-19191.647,69.352606,0.5900227,0.44255536
13859,-19269.125,-19252.084,-17.040314,-0.14609473,-0.35370617
13860,-19354.458,-19197.543,-156.91491,-1.3784704,-0.76357367
13861,-19087.017,-19196.56,109.5437,0.97739962,0.72187378
13862,-19245.289,-19200.983,-44.305915,-0.37373261,-0.22819436
13863,-19198.57,-19152.829,-45.740658,-0.3850209,0.45658788
13864,-19235.754,-19146.441,-89.312731,-0.75448454,1.6488479
13865,-19169.49,-19199.509,30.018879,0.26968117,0.71584095
13866,-19097.981,-19135.631,37.6501,0.33509677,0.21643044
13867,-19220.976,-19171.01,-49.966195,-0.43107019,0.53080762
13868,-19015.032,-19042.273,27.240895,0.23205581,0.060484174
13869,-19280.089,-19284.514,4.4250099,0.039026535,-0.80474386
13870,-19044.588,-19010.825,-33.763118,-0.28915521,-0.2916429
13871,-18980.231,-18902.234,-77.996747,-0.68401622,0.554844
13872,-19373.527,-19381.804,8.2772208,0.072379056,0.35676266
13873,-18937.326,-18959.724,22.397724,0.18359375,0.69105917
13874,-18994.533,-18717.973,-276.55946,-2.309591,0.3329849
13875,-18202.696,-18372.545,169.84864,1.3486442,-0.20459021
13876,-17759.345,-17659.086,-100.25813,-0.86180208,0.89730683
13877,-18068.737,-18006.48,-62.257584,-0.4887363,1.0664478
13878,-20946.235,-21085.359,139.12429,1.1489696,1.1428124
13879,-19143.747,-18943.017,-200.72947,-1.6040813,2.0075316
13880,-19134.212,-19226.042,91.829936,0.74820788,0.19887303
13881,-18048.715,-18031.048,-17.667099,-0.147196,-1.934858
13882,-18907.292,-18886.511,-20.781808,-0.17834665,-2.0793172
13883,-18372.886,-18350.434,-22.452625,-0.19054002,-0.1734985
13884,-18962.115,-19007.386,45.27034,0.39161053,1.6850445
13885,-18847.225,-18743.524,-103.70133,-0.90669854,1.1653202
13886,-18446.302,-18466.395,20.093717,0.17410626,-0.10334385
13887,-18616.968,-18587.762,-29.206346,-0.2502146,-0.71638993
13888,-18682.756,-18698.319,15.562566,0.13279679,-0.79341926
13889,-18800.507,-18616.752,-183.75412,-1.6168957,0.30655979
13890,-18849.132,-18921.889,72.75646,0.64633882,0.8301058
13891,-18913.966,-18872.261,-41.705444,-0.36866968,1.0562265
13892,-18871.538,-18830.004,-41.534336,-0.36134601,1.169912
13893,-18745.683,-18748.438,2.7541935,0.023712737,0.68704741
13894,-19111.806,-19108.115,-3.6911683,-0.032020972,-0.5050012
13895,-18828.633,-18815.263,-13.370191,-0.11504479,-0.2090095
13896,-19071.285,-19023.601,-47.684148,-0.4147578,-0.051459249
13897,-19133.259,-19182.802,49.543458,0.45296238,-0.60724388
13898,-19201.907,-19221.129,19.221709,0.17228797,-0.13899153
13899,-19121.341,-18918.94,-202.40028,-1.8284591,-0.58530581
13900,-18829.11,-18993.628,164.51777,1.475263,0.33059009
13901,-18986.905,-18915.01,-71.895431,-0.64006644,1.2489289
13902,-19097.505,-19027.532,-69.972986,-0.63243643,0.43113266
13903,-19068.901,-19180.837,111.93555,1.0195153,0.56305789
13904,-19322.041,-19119.908,-202.1331,-1.7680138,0.75781084
13905,-19002.637,-19022.127,19.489808,0.16866985,0.16449229
13906,-19172.827,-19173.466,0.63959511,0.0055092346,-1.1166979
13907,-19082.25,-18993.136,-89.113258,-0.79349459,-1.4350606
13908,-19110.376,-19085.512,-24.863688,-0.2155019,-2.2633843
13909,-19181.885,-19175.432,-6.452682,-0.05550353,-0.80656615
13910,-19146.13,-19017.704,-128.42594,-1.1669375,0.39196787
13911,-18939.709,-19029.006,89.296261,0.81958985,0.099295997
13912,-18997.87,-19005.42,7.5506993,0.064327977,-0.74116077
13913,-19043.635,-18976.43,-67.205067,-0.55629127,-1.0623145
13914,-18955.441,-18906.656,-48.784911,-0.42389637,0.36819853
13915,-18918.734,-18913.044,-5.6895599,-0.051104281,0.80761721
13916,-18865.818,-18848.184,-17.633244,-0.15736908,1.0063694
13917,-18895.374,-18854.081,-41.293687,-0.36884499,1.1818799
13918,-18777.147,-18755.808,-21.339052,-0.19000474,1.1465613
13919,-18738.056,-18713.551,-24.505002,-0.21040304,0.44835545
13920,-18868.201,-18737.628,-130.57348,-1.0714715,-1.0722619
13921,-18769.52,-18718.464,-51.055062,-0.42497153,0.45772481
13922,-18627.933,-18663.432,35.498901,0.31449178,1.2445323
13923,-18918.734,-18885.036,-33.697237,-0.29842887,1.7105219
13924,-18763.799,-18558.772,-205.02729,-1.8061928,1.38355
13925,-18721.371,-18867.347,145.97683,1.2251281,0.91060886
13926,-18726.138,-18711.585,-14.55239,-0.12607085,0.67700318
13927,-18660.35,-18609.873,-50.476773,-0.44989334,-1.1133427
13928,-18802.413,-18879.14,76.726707,0.67353824,-0.83591495
13929,-18660.827,-18559.754,-101.0725,-0.86486093,0.50345816
13930,-18778.577,-18762.687,-15.890141,-0.1390029,1.0361715
13931,-18699.441,-18745.981,46.539465,0.4145723,0.21711976
13932,-18821.006,-18705.198,-115.80789,-1.0131216,-2.2755614
13933,-18832.924,-18817.228,-15.695243,-0.13804125,-0.65255442
13934,-18880.596,-18918.449,37.853233,0.32562301,0.29902944
13935,-18451.546,-18214.818,-236.72797,-2.077006,0.36484164
13936,-18961.639,-19114.012,152.37278,1.301018,1.0613898
13937,-17729.788,-17581.942,-147.84529,-1.252229,1.135992
13938,-18644.142,-18626.58,-17.561872,-0.14938519,-0.37123286
13939,-18816.238,-18730.749,-85.489801,-0.68072477,0.42550708
13940,-19517.974,-19505.136,-12.837653,-0.10217649,0.23889743
13941,-16991.821,-17115.639,123.81793,1.0627228,0.16333046
13942,-16659.546,-16526.987,-132.55906,-1.1647204,0.17032356
13943,-17920.477,-17970.119,49.642279,0.40540762,0.97765942
13944,-19020.752,-19027.04,6.2879794,0.054537823,1.2662354
13945,-18541.169,-18445.758,-95.411303,-0.77696707,-0.27868657
13946,-18066.831,-18040.384,-26.446663,-0.22212629,-0.4045927
13947,-17594.399,-17569.167,-25.231524,-0.22571088,-1.4303765
13948,-17860.886,-17899.363,38.476358,0.35478805,-0.49711906
13949,-18012.007,-17748.514,-263.49305,-2.4357443,-0.033766796
13950,-18462.034,-18625.597,163.56341,1.4185079,1.8431052
13951,-18536.879,-18559.263,22.383999,0.18990106,2.5661375
13952,-18209.371,-18034.979,-174.39169,-1.5476049,1.2851356
13953,-18141.199,-18290.979,149.77963,1.3248168,-0.20527241
13954,-18349.05,-18161.259,-187.79116,-1.6378124,-0.0016149104
13955,-18420.559,-18428.56,8.0018014,0.069027487,0.75202021
13956,-18680.849,-18799.048,118.19882,1.0419137,2.1308341
13957,-18502.555,-18329.797,-172.75839,-1.5400319,0.58162773
13958,-18396.246,-18520.445,124.19949,1.1024542,0.59411
13959,-18692.767,-18659.992,-32.774903,-0.28926804,1.1309254
13960,-18545.937,-18420.699,-125.23803,-1.1315398,1.6582972
13961,-18230.823,-18317.512,86.689385,0.76493823,-0.054617611
13962,-18655.106,-18536.169,-118.93724,-1.0241679,0.074351506
13963,-18665.594,-18700.284,34.690028,0.29595876,1.0924118
13964,-18946.86,-18732.223,-214.63769,-1.9435532,0.43988637
13965,-18588.365,-18616.261,27.896046,0.25258189,1.6561618
13966,-18485.393,-18531.255,45.862355,0.40682153,0.17885995
13967,-18643.188,-18456.568,-186.61994,-1.6500526,-0.64814592
13968,-18584.074,-18672.276,88.201904,0.79821105,-0.84588698
13969,-18701.825,-18615.77,-86.05528,-0.76547561,-0.55956805
13970,-18800.983,-18784.798,-16.184776,-0.13556637,0.040031024
13971,-18489.207,-18532.729,43.522663,0.35964069,-0.15768344
13972,-18444.872,-18362.226,-82.645021,-0.72759177,-0.75027114
13973,-18436.767,-18538.626,101.85849,0.92437416,0.62051771
13974,-18606.957,-18322.917,-284.0397,-2.5884209,0.6699259
13975,-18440.104,-18658.027,217.92259,1.9777172,1.9095802
13976,-18422.942,-18307.194,-115.74841,-1.0342564,2.5003885
13977,-18369.549,-18294.418,-75.130922,-0.64958305,0.63795307
13978,-18287.553,-18411.363,123.80969,1.0902046,0.26142206
13979,-18459.65,-18147.501,-312.14895,-2.7238723,-0.32898413
13980,-18286.6,-18356.33,69.730507,0.60715796,0.32063248
13981,-18307.099,-18316.53,9.431054,0.081404407,0.10609153
13982,-18447.255,-18277.221,-170.03439,-1.4956888,1.1550042
13983,-18106.875,-18172.069,65.193865,0.5742569,1.5416126
13984,-18313.773,-18268.868,-44.90525,-0.38822787,0.73666574
13985,-18267.531,-18280.66,13.129542,0.1155902,1.0294626
13986,-18049.192,-18057.09,7.8984048,0.069925781,0.91631016
13987,-18184.104,-18204.499,20.394757,0.17770566,0.83885078
13988,-18138.816,-18116.054,-22.7619,-0.19667663,1.2248974
13989,-18257.996,-18065.443,-192.5529,-1.7191651,1.6765211
13990,-18070.168,-18178.457,108.28922,1.0010713,1.0273465
13991,-18141.199,-18010.411,-130.78851,-1.1831406,0.37942497
13992,-18157.885,-18200.568,42.683594,0.37652926,-1.1699492
13993,-18042.518,-17955.869,-86.648209,-0.77309729,-0.82154677
13994,-18291.844,-18250.196,-41.647798,-0.36918824,-1.3130204
13995,-18011.531,-18055.616,44.085397,0.38111429,-1.4287024
13996,-18006.764,-17864.476,-142.28749,-1.2359392,-1.3416875
13997,-18347.143,-18421.681,74.537993,0.6403123,-0.30468855
13998,-17969.579,-17922.457,-47.12233,-0.38329056,0.7126526
13999,-17973.87,-17743.601,-230.26888,-1.9881217,-0.25878228
14000,-17145.326,-17379.01,233.68371,1.9347007,-0.40369514
14001,-16686.242,-16591.846,-94.395637,-0.84154197,1.9151533
14002,-17011.844,-17024.737,12.893469,0.097696501,1.5509918
14003,-19935.106,-19975.37,40.264296,0.32686814,1.0333476
14004,-18121.654,-17901.82,-219.83405,-1.7326614,-0.20981872
14005,-18034.413,-18160.276,125.86298,1.0002049,-0.48620058
14006,-17079.061,-16923.025,-156.0365,-1.3118595,-0.85787534
14007,-17841.341,-17915.086,73.74559,0.63856402,-1.3904935
14008,-17459.486,-17279.263,-180.22308,-1.5449099,0.59223678
14009,-17929.534,-17992.23,62.695876,0.53187304,2.1515628
14010,-17833.713,-17817.305,-16.408039,-0.1408851,2.1162118
14011,-17452.812,-17432.568,-20.24378,-0.17565429,0.74374445
14012,-17544.819,-17613.39,68.570268,0.58429541,0.56457637
14013,-17762.205,-17625.182,-137.0225,-1.1938089,0.85755559
14014,-17678.302,-17641.889,-36.413,-0.32698507,2.0217813
14015,-17854.212,-17908.699,54.486366,0.50664923,0.99260799
14016,-17815.598,-17756.868,-58.730203,-0.52536075,0.030654677
14017,-17771.739,-17835.486,63.746312,0.56073782,-0.74342978
14018,-17791.285,-17638.94,-152.34442,-1.3408366,0.91690917
14019,-17976.73,-18097.873,121.14334,1.0738076,0.39670795
14020,-17833.713,-17785.367,-48.346619,-0.41581101,-0.82448501
14021,-18058.25,-17919.017,-139.23226,-1.1954772,-0.42906945
14022,-18038.704,-18237.42,198.71643,1.7803177,-0.81383566
14023,-18335.702,-18119.985,-215.7174,-1.8962429,-1.042255
14024,-18021.065,-17913.612,-107.45289,-0.96311148,-0.42418065
14025,-17886.629,-17999.109,112.47998,1.0116412,1.2412805
14026,-17936.685,-17837.942,-98.74287,-0.88760655,2.1635195
14027,-18058.726,-18091.486,32.759348,0.29167488,0.58745476
14028,-18161.222,-18053.159,-108.06229,-0.93452462,-1.0499502
14029,-18176.953,-18157.82,-19.133867,-0.16275154,-0.84548961
14030,-18024.402,-18021.221,-3.1815053,-0.02697843,-0.28768314
14031,-18042.518,-18024.66,-17.857422,-0.15165157,-1.0263771
14032,-18012.961,-18027.117,14.156189,0.12002189,-1.2308027
14033,-18086.853,-17947.025,-139.82793,-1.2058575,0.14594242
14034,-18011.054,-18209.904,198.85003,1.7472752,1.010265
14035,-18189.348,-17948.008,-241.34055,-2.0706552,1.9110489
14036,-17805.587,-17899.363,93.776172,0.81544681,-0.2201721
14037,-17975.777,-18025.152,49.375095,0.42367868,-0.1674284
14038,-18092.097,-17847.77,-244.32716,-2.0607194,1.5875683
14039,-17851.352,-17936.706,85.354379,0.74282995,1.1101405
14040,-18004.38,-17851.209,-153.17068,-1.3687023,0.64078329
14041,-17677.825,-17756.868,79.042609,0.69796716,-0.0327791
14042,-17946.696,-17879.708,-66.988208,-0.58048869,0.033885488
14043,-17775.076,-17577.52,-197.5562,-1.7513294,0.054864127
14044,-17620.618,-17828.115,207.49691,1.8403845,0.092112659
14045,-17870.421,-17711.662,-158.75867,-1.3590769,-1.0219248
14046,-17549.11,-17621.251,72.14157,0.61751262,-0.25730424
14047,-17671.151,-17681.198,10.046859,0.088703712,0.32675835
14048,-17822.749,-17711.662,-111.08642,-0.99670217,0.67821011
14049,-17653.035,-17631.079,-21.956687,-0.19485437,1.1205419
14050,-17724.544,-17726.403,1.8593094,0.016247252,1.7506926
14051,-17593.922,-17624.2,30.277828,0.26841091,2.9705839
14052,-17684.976,-17589.313,-95.662932,-0.86924439,0.30545356
14053,-17759.821,-17725.42,-34.400884,-0.3048089,-0.41236591
14054,-17630.153,-17596.192,-33.960762,-0.28390333,-1.6726237
14055,-17778.89,-17675.301,-103.58879,-0.86934176,-0.57871964
14056,-17585.818,-17684.637,98.819731,0.8475983,-1.3663793
14057,-17838.48,-17720.998,-117.48237,-0.98343985,-1.1876607
14058,-17735.985,-17669.896,-66.088749,-0.56725159,0.31045526
14059,-17860.41,-17989.774,129.36383,1.1043424,1.1052359
14060,-17345.549,-17138.242,-207.30751,-1.7174139,-0.097334467
14061,-17827.516,-18041.858,214.34214,1.7454327,-0.57962847
14062,-16701.974,-16585.459,-116.5152,-0.96640995,-0.012681167
14063,-17541.006,-17503.324,-37.68121,-0.30955429,0.72516632
14064,-17765.065,-17779.47,14.405073,0.11396146,1.7327579
14065,-18428.186,-18294.91,-133.27643,-1.0495857,1.217208
14066,-15896.79,-16067.562,170.77281,1.4369136,0.9719498
14067,-15661.289,-15439.109,-222.17924,-1.8381875,-0.44610855
14068,-16872.164,-16848.338,-23.826061,-0.18715811,0.96199001
14069,-18017.251,-18053.651,36.399275,0.31616628,1.2496713
14070,-17469.02,-17347.071,-121.94947,-1.0061185,-0.24487973
14071,-16981.333,-16998.203,16.870122,0.14639915,-1.3234865
14072,-16581.363,-16543.202,-38.161593,-0.33444433,-0.023504073
14073,-16775.866,-16831.14,55.274193,0.48039628,-0.14285526
14074,-16944.149,-16761.367,-182.78237,-1.5764505,-0.68799025
14075,-17378.92,-17557.374,178.45435,1.5131551,-0.72956834
14076,-17449.475,-17451.731,2.2564257,0.019880297,0.071627124
14077,-17144.849,-16988.376,-156.47296,-1.3892448,-0.9930173
14078,-17018.041,-17128.415,110.37362,0.96820293,-0.010037092
14079,-17272.134,-17139.225,-132.90951,-1.1408334,-1.4466855
14080,-17315.039,-17267.962,-47.077494,-0.39528389,-1.6359627
14081,-17596.305,-17756.376,160.0708,1.3680816,-2.3364129
14082,-17455.196,-17235.532,-219.66386,-1.9398113,-2.1975268
14083,-17377.49,-17397.681,20.191624,0.17313212,-0.7694909
14084,-17633.966,-17682.672,48.705305,0.41319142,-0.18804184
14085,-17465.207,-17353.459,-111.74797,-0.95396116,0.84305725
14086,-17199.196,-17282.211,83.015602,0.69606515,0.83678261
14087,-17592.968,-17490.058,-102.91076,-0.84504761,-0.18143116
14088,-17614.421,-17611.424,-2.9966723,-0.025683166,1.1517264
14089,-17886.629,-17797.159,-89.470114,-0.75252242,2.2694591
14090,-17452.335,-17493.497,41.161925,0.3561233,1.5521501
14091,-17401.326,-17465.981,64.654922,0.54783423,0.650253
14092,-17539.575,-17432.568,-107.00728,-0.90140512,0.35243145
14093,-17521.46,-17516.1,-5.3601547,-0.045884388,0.6767535
14094,-17592.015,-17605.528,13.512934,0.11568295,0.66487202
14095,-17699.277,-17580.468,-118.80914,-0.98708233,0.008521702
14096,-17451.382,-17479.739,28.357213,0.24280412,-0.56487567
14097,-17323.62,-17259.117,-64.503029,-0.57172797,-0.38640622
14098,-17443.277,-17471.386,28.108329,0.24801394,-0.53739905
14099,-17547.68,-17337.735,-209.94458,-1.8152827,-0.20556155
14100,-17362.235,-17569.658,207.42371,1.809255,-0.43675236
14101,-17403.233,-17340.192,-63.040836,-0.55722161,0.2915011
14102,-17296.447,-17153.474,-142.97284,-1.2659125,-0.35085604
14103,-17282.622,-17366.234,83.612191,0.74672079,-1.2766049
14104,-17348.41,-17192.783,-155.62657,-1.3103985,-0.90627062
14105,-17144.372,-17233.075,88.702417,0.74806881,-1.5031624
14106,-17254.019,-17231.601,-22.417854,-0.19288599,-1.9841081
14107,-17297.4,-17205.559,-91.841831,-0.79733761,-0.82892684
14108,-17014.227,-17061.589,47.362063,0.40879418,1.3456575
14109,-17214.451,-17220.791,6.3401352,0.055919718,-0.63208727
14110,-17184.894,-17085.666,-99.227828,-0.86872606,0.54837683
14111,-16945.102,-17063.063,117.96092,1.0148354,-0.5720389
14112,-17153.907,-17031.616,-122.29077,-1.0292194,-0.74132709
14113,-17098.13,-17056.184,-41.946093,-0.35074164,1.1858271
14114,-17195.382,-17079.77,-115.61208,-0.99706704,1.5167498
14115,-17034.25,-17061.589,27.339717,0.24406601,1.8887853
14116,-17022.808,-17071.417,48.608313,0.42346546,0.97098956
14117,-17147.709,-17056.676,-91.033873,-0.78715811,1.2764346
14118,-16960.834,-16944.154,-16.680714,-0.14500515,0.82201614
14119,-17206.823,-17247.816,40.992648,0.35725621,0.45173927
14120,-16857.385,-16877.328,19.94274,0.17141109,0.66283397
14121,-16914.115,-16829.666,-84.449429,-0.72354597,0.12639422
14122,-17249.251,-17274.841,25.589294,0.22011658,-1.1692313
14123,-16868.827,-16847.846,-20.980367,-0.17297933,-0.75107128
14124,-16851.665,-16698.964,-152.70127,-1.2680437,-0.28252071
14125,-16055.061,-16180.084,125.023,0.99414672,-0.90115751
14126,-15576.432,-15579.148,2.7157629,0.023311591,0.031295173
14127,-16023.121,-15871.017,-152.10377,-1.1439701,0.059686307
14128,-18854.376,-18970.042,115.66606,0.91573855,-0.22635766
14129,-17057.609,-16862.587,-195.02161,-1.5001264,0.39712089
14130,-16925.557,-16998.695,73.138021,0.57127667,-0.73597378
14131,-16022.168,-15950.127,-72.040918,-0.58707533,-2.7664006
14132,-16812.097,-16743.678,-68.419291,-0.5819078,-2.4746683
14133,-16275.784,-16298.012,22.227531,0.18674396,-1.3826606
14134,-16892.663,-16924.499,31.836098,0.27357957,-0.61409338
14135,-16661.453,-16644.914,-16.538886,-0.14379893,-0.35192291
14136,-16357.304,-16404.637,47.333698,0.40553578,-0.30373343
14137,-16447.881,-16456.722,8.8408697,0.075404413,-0.51141565
14138,-16646.197,-16592.338,-53.859581,-0.45384177,-0.065743751
14139,-16591.374,-16530.917,-60.456835,-0.52560305,1.2751146
14140,-16788.261,-16772.177,-16.084124,-0.1433458,1.4222075
14141,-16694.346,-16747.608,53.262077,0.48166236,0.50334207
14142,-16795.412,-16645.896,-149.51519,-1.2946512,0.54060056
14143,-16667.65,-16606.096,-61.553938,-0.53318303,0.046691685
14144,-16958.927,-17055.693,96.765524,0.8279145,0.89248962
14145,-16761.088,-16667.025,-94.062571,-0.79062724,-0.29369388
14146,-16971.322,-16914.672,-56.650375,-0.48359952,-0.37468005
14147,-17040.924,-17026.702,-14.221155,-0.12908276,0.77711335
14148,-17154.86,-17158.388,3.5273807,0.031343385,-0.012422863
14149,-16969.892,-16826.226,-143.66551,-1.2830607,-0.26241631
14150,-16709.601,-16888.63,179.02807,1.5709977,0.76368143
14151,-16837.84,-16803.624,-34.216051,-0.30552272,1.1985644
14152,-16969.892,-16867.01,-102.8824,-0.90748857,0.32412606
14153,-16985.624,-17096.967,111.34353,1.0062702,0.58807588
14154,-17124.35,-17007.539,-116.81075,-0.99370047,0.045323898
14155,-16902.197,-16884.207,-17.990099,-0.15368386,-0.25384493
14156,-16969.415,-17052.253,82.838089,0.70537995,-1.3313621
14157,-16995.635,-16789.374,-206.26073,-1.7902489,-1.5239765
14158,-16980.38,-16956.929,-23.450906,-0.20235557,-0.54501725
14159,-17017.564,-17114.656,97.092184,0.83468953,0.43755369
14160,-17006.123,-16862.587,-143.53557,-1.2834072,0.47946972
14161,-16778.726,-16917.62,138.8937,1.2482814,-0.26976344
14162,-16946.056,-16847.846,-98.209417,-0.81461065,-1.2592438
14163,-16942.719,-16924.99,-17.728405,-0.14765196,-0.76248707
14164,-16823.538,-16850.303,26.765088,0.23003386,-0.048694476
14165,-16790.168,-16735.816,-54.351859,-0.49996791,-0.21468708
14166,-16640,-16770.702,130.7025,1.138706,0.079712456
14167,-16834.503,-16675.869,-158.63331,-1.3677798,0.38407964
14168,-16599.955,-16629.681,29.726075,0.26189612,1.3198411
14169,-16547.993,-16609.044,61.051595,0.52940928,0.89636342
14170,-16719.136,-16608.061,-111.07452,-0.94066674,-0.55533724
14171,-16509.855,-16574.649,64.794004,0.54679828,-0.23420856
14172,-16602.339,-16493.574,-108.76502,-0.96212404,1.1453907
14173,-16748.216,-16758.418,10.202411,0.089089684,0.195032
14174,-16629.512,-16474.411,-155.10136,-1.3225041,0.1814455
14175,-16588.514,-16673.904,85.390064,0.72221048,0.87866366
14176,-16588.991,-16596.269,7.278025,0.062966209,0.92026098
14177,-16590.898,-16454.265,-136.6327,-1.2051892,0.26451075
14178,-16612.35,-16767.754,155.40423,1.3625349,-1.2273189
14179,-16562.771,-16476.376,-86.39475,-0.73411699,-1.337091
14180,-16581.363,-16568.752,-12.610729,-0.10860017,-1.0800068
14181,-16557.05,-16651.301,94.251064,0.81834738,-0.30835105
14182,-16705.311,-16511.263,-194.04803,-1.6912091,-0.77757898
14183,-16638.57,-16676.852,38.282375,0.3281395,1.1352497
14184,-16771.575,-16797.236,25.660665,0.22257203,0.21070582
14185,-16226.682,-16055.77,-170.91189,-1.4522775,-0.017327703
14186,-16793.505,-16955.455,161.95024,1.3283677,0.77981601
14187,-15621.244,-15404.223,-217.0213,-1.7913558,0.38405401
14188,-16458.845,-16498.979,40.133449,0.33481244,0.92506899
14189,-16733.438,-16675.378,-58.059497,-0.46408221,0.92480549
14190,-17313.132,-17250.273,-62.859663,-0.50196773,1.0144855
14191,-14821.304,-14900.084,78.780915,0.66895963,1.2070387
14192,-14559.106,-14375.8,-183.30576,-1.5408486,0.060873035
14193,-15774.749,-15855.294,80.545063,0.6273368,0.87871047
14194,-16895.047,-16960.369,65.321967,0.55265012,0.099005616
14195,-16340.618,-16231.186,-109.43207,-0.924584,-1.0276118
14196,-15885.348,-15922.61,37.262134,0.32127668,-0.4383524
14197,-15450.101,-15378.672,-71.428774,-0.63235953,0.58437176
14198,-15677.497,-15738.349,60.852122,0.54329023,1.3266923
14199,-15846.734,-15629.267,-217.46691,-1.9406694,0.040808356
14200,-16250.994,-16426.749,175.75415,1.5106757,-0.50424534
14201,-16377.803,-16393.336,15.533285,0.13514397,0.70644781
14202,-16087.479,-15822.372,-265.10622,-2.3678996,0.91167854
14203,-15956.38,-16130.948,174.56829,1.5322383,0.2706068
14204,-16226.682,-16076.898,-149.78329,-1.2554589,0.0034421283
14205,-16209.043,-16169.766,-39.276996,-0.33485169,-0.033620631
14206,-16591.851,-16679.8,87.94936,0.77414813,0.68313317
14207,-16330.13,-16116.699,-213.4317,-1.8904181,-0.3738757
14208,-16261.482,-16379.086,117.60406,1.0084427,0.60345133
14209,-16557.05,-16557.942,0.8921391,0.0075954741,0.084033849
14210,-16333.467,-16224.798,-108.66895,-0.96221651,-0.16099544
14211,-16098.92,-16224.798,125.87854,1.1135698,-0.49190009
14212,-16465.996,-16312.261,-153.73524,-1.3067039,1.1318227
14213,-16478.868,-16550.572,71.704193,0.59704072,1.6940213
14214,-16785.877,-16598.726,-187.15157,-1.6326045,1.1040839
14215,-16320.119,-16392.353,72.233986,0.63560081,-0.028847527
14216,-16338.235,-16386.948,48.71354,0.44374801,-0.74836887
14217,-16487.926,-16262.633,-225.29211,-1.9492397,-0.36875305
14218,-16418.324,-16526.987,108.66254,0.94646297,0.86243661
14219,-16533.214,-16518.142,-15.072118,-0.12821514,1.2342036
14220,-16552.76,-16519.125,-33.635016,-0.27949929,-0.39405181
14221,-16424.998,-16394.319,-30.67952,-0.26083834,-1.6580001
14222,-16236.693,-16140.284,-96.408668,-0.86003545,-0.80584026
14223,-16293.423,-16424.292,130.86903,1.1585578,0.1753232
14224,-16434.533,-16201.704,-232.82817,-2.040018,-0.31001341
14225,-16209.996,-16426.749,216.75228,1.8594203,-0.19236451
14226,-16278.168,-16232.169,-45.998692,-0.41446912,0.93367563
14227,-16169.952,-16020.392,-149.56003,-1.3475491,0.86331948
14228,-16126.57,-16305.873,179.30349,1.6481453,1.4638766
14229,-16241.937,-16012.038,-229.8983,-2.0192322,1.0547874
14230,-15991.657,-16124.069,132.41174,1.1250298,0.56073134
14231,-16198.555,-16131.44,-67.115395,-0.57417999,-0.16909504
14232,-16173.289,-16056.752,-116.53624,-1.0482763,-1.1180717
14233,-15963.054,-16031.202,68.147532,0.60569751,2.1936419
14234,-16133.244,-16112.768,-20.476194,-0.17657601,1.056846
14235,-16085.095,-16014.004,-71.091133,-0.62424875,0.082616122
14236,-15923.963,-15931.455,7.4921384,0.066833857,1.1344731
14237,-16006.436,-15952.583,-53.852261,-0.46310366,-0.24663195
14238,-15988.32,-16003.685,15.364923,0.1308791,-0.0029199375
14239,-15998.808,-15932.929,-65.879211,-0.56083227,1.0866512
14240,-15893.929,-15932.438,38.508383,0.34557513,0.25280484
14241,-15915.858,-15947.67,31.811393,0.28032356,0.1920894
14242,-16023.121,-15899.516,-123.60473,-1.0774469,0.31299324
14243,-15839.583,-15876.914,37.33076,0.33166749,0.66659299
14244,-16084.618,-16059.701,-24.917674,-0.21560489,0.14993292
14245,-15772.842,-15787.486,14.643891,0.12290122,-1.1931787
14246,-15863.896,-15711.324,-152.57134,-1.3125477,-1.9935428
14247,-16149.453,-16131.44,-18.012975,-0.15489094,-0.79025942
14248,-15770.935,-15811.071,40.136194,0.32865363,0.54235711
14249,-15727.553,-15508.392,-219.16152,-1.8832975,1.0784798
14250,-14951.449,-15108.422,156.97348,1.2490702,0.36546881
14251,-14520.492,-14434.273,-86.219067,-0.7381187,1.3536099
14252,-14871.836,-14767.417,-104.41962,-0.80548808,0.78459999
14253,-17779.367,-17932.775,153.40858,1.2711139,-0.57444144
14254,-15833.862,-15661.697,-172.16546,-1.3813798,0.30753579
14255,-15819.561,-15942.265,122.70435,0.99289949,0.66229072
14256,-14903.777,-14816.061,-87.715116,-0.73484252,-0.1122724
14257,-15672.73,-15601.259,-71.470864,-0.62957816,-2.1517052
14258,-15199.821,-15217.013,17.192207,0.15087181,0.48938943
14259,-15738.994,-15746.211,7.216719,0.062682433,0.83090401
14260,-15573.095,-15571.777,-1.3176208,-0.01133858,0.28238415
14261,-15327.106,-15211.608,-115.4977,-1.0209817,-0.35355958
14262,-15340.454,-15356.069,15.614722,0.13517554,-0.70663529
14263,-15596.454,-15523.624,-72.830576,-0.61410812,-0.5284632
14264,-15447.717,-15389.482,-58.23518,-0.5035617,0.00081193136
14265,-15726.123,-15706.902,-19.220794,-0.17131112,-0.53851212
14266,-15594.547,-15577.674,-16.873782,-0.14886047,-0.66352568
14267,-15658.905,-15614.526,-44.379116,-0.39222894,-0.59407599
14268,-15569.281,-15533.942,-35.338773,-0.31085189,0.22416882
14269,-15751.389,-15887.724,136.33441,1.1741045,-0.5772965
14270,-15662.719,-15587.992,-74.726486,-0.60844988,-1.8162819
14271,-15800.968,-15742.28,-58.688112,-0.46973651,-0.64855488
14272,-15936.834,-15981.083,44.248269,0.38118149,0.10192326
14273,-16025.981,-15977.643,-48.338384,-0.4367676,0.20575537
14274,-15841.49,-15644.99,-196.49935,-1.7600956,0.40494488
14275,-15621.244,-15814.019,192.77525,1.6855988,-0.34096738
14276,-15752.819,-15583.57,-169.24931,-1.4412472,0.89417334
14277,-15857.698,-15830.726,-26.972796,-0.23416145,0.33120091
14278,-15947.322,-15968.798,21.476304,0.18742635,-1.0408677
14279,-15984.03,-15902.956,-81.073941,-0.71753335,-0.7634724
14280,-15801.922,-15848.906,46.984162,0.40764101,0.43172672
14281,-15885.348,-15831.708,-53.639978,-0.47315389,-0.063197546
14282,-15851.978,-15851.854,-0.12352695,-0.0010872874,-0.67976098
14283,-15877.244,-15831.217,-46.027057,-0.40448207,0.28600794
14284,-15813.84,-15933.42,119.58049,1.0510707,0.49202688
14285,-15924.916,-15798.296,-126.62062,-1.1485184,0.46257556
14286,-15631.255,-15685.282,54.027029,0.48701924,0.12116457
14287,-15820.514,-15828.269,7.7547475,0.067687187,0.32734789
14288,-15800.968,-15678.403,-122.56527,-1.0488129,0.35369501
14289,-15690.369,-15676.929,-13.439732,-0.12026763,1.6434995
14290,-15691.799,-15664.154,-27.645332,-0.25397552,-0.1502537
14291,-15539.248,-15476.453,-62.794697,-0.55729429,-0.61846767
14292,-15761.877,-15694.618,-67.259053,-0.57823207,-0.56943135
14293,-15492.529,-15446.971,-45.557655,-0.39069793,-0.0043146328
14294,-15383.836,-15516.745,132.9086,1.169138,0.37194462
14295,-15647.94,-15526.572,-121.36843,-1.023551,-0.17268333
14296,-15429.601,-15370.319,-59.282872,-0.493009,-1.6512553
14297,-15486.808,-15532.96,46.151499,0.39184948,-0.77959809
14298,-15573.572,-15562.933,-10.638873,-0.090632148,0.29868941
14299,-15498.726,-15365.896,-132.8299,-1.1738715,0.53131538
14300,-15429.125,-15559.493,130.36851,1.1199053,1.0132281
14301,-15437.229,-15373.758,-63.470893,-0.54652002,1.7232315
14302,-15464.402,-15402.257,-62.145037,-0.5431405,-0.78940571
14303,-15488.715,-15522.641,33.925991,0.28892436,-1.2187405
14304,-15442.473,-15350.173,-92.300253,-0.75642763,-1.1681924
14305,-15450.577,-15460.238,9.6607226,0.082489854,-0.31625697
14306,-15460.112,-15443.532,-16.580062,-0.14495391,0.52719641
14307,-15635.546,-15529.029,-106.51683,-0.92586673,0.77191106
14308,-15498.726,-15494.142,-4.5842224,-0.039264069,1.3271111
14309,-15677.02,-15704.937,27.916176,0.23282009,1.1732157
14310,-15100.186,-14929.566,-170.62,-1.4230662,0.15177723
14311,-15690.369,-15769.305,78.936467,0.66596035,0.65294591
14312,-14489.981,-14393.489,-96.491935,-0.80536519,1.078412
14313,-15287.538,-15337.889,50.350501,0.42679573,0.10124797
14314,-15666.056,-15581.605,-84.451259,-0.66013765,0.6084493
14315,-16097.966,-16109.82,11.853097,0.095591805,0.64204794
14316,-13683.844,-13662.342,-21.501925,-0.18187194,0.82096299
14317,-13400.67,-13334.603,-66.067704,-0.56537606,-1.3473365
14318,-14612.976,-14619.516,6.5405233,0.051698205,-0.19201311
14319,-15819.561,-15847.432,27.87134,0.24183171,-0.65156814
14320,-15153.579,-15117.758,-35.820986,-0.29614081,-0.144791
14321,-14817.013,-14740.392,-76.621481,-0.65887829,-1.2952
14322,-14356.976,-14333.052,-23.923968,-0.20938183,-0.81155212
14323,-14563.873,-14583.155,19.2821,0.16763064,-0.44279035
14324,-14775.061,-14547.777,-227.2841,-2.0403761,-0.23658491
14325,-15129.266,-15310.864,181.59743,1.5865777,2.3960793
14326,-15297.549,-15179.179,-118.37085,-1.013758,1.8631678
14327,-14929.043,-14819.01,-110.03323,-0.95117453,1.5143715
14328,-14810.816,-14966.418,155.60278,1.3230266,-0.055052329
14329,-15047.27,-14908.929,-138.34104,-1.1305722,-2.023388
14330,-15012.469,-15089.259,76.789843,0.63477726,-1.1367538
14331,-15530.667,-15453.359,-77.307742,-0.65086068,0.40926611
14332,-15138.324,-15104.491,-33.83266,-0.29842935,-0.23207699
14333,-15149.289,-15096.63,-52.659082,-0.45614602,2.0178776
14334,-15413.393,-15466.134,52.741433,0.44466368,1.1153118
14335,-15179.799,-15107.931,-71.867981,-0.60858671,0.79390739
14336,-15080.641,-14999.34,-81.300865,-0.69436805,0.45537798
14337,-15318.048,-15342.802,24.753886,0.20713107,1.2278056
14338,-15423.404,-15372.284,-51.120028,-0.43458959,2.7799113
14339,-15645.557,-15564.898,-80.658524,-0.6963705,1.7191561
14340,-15250.354,-15249.935,-0.41907662,-0.0037992463,1.3967552
14341,-15248.924,-15221.927,-26.996587,-0.23325202,-0.050910749
14342,-15298.503,-15250.426,-48.07669,-0.40956198,0.18755832
14343,-15293.259,-15310.864,17.604878,0.15183376,0.039947296
14344,-15354.279,-15408.154,53.874221,0.46492497,0.28220372
14345,-15454.868,-15376.706,-78.16145,-0.65503911,-0.42494563
14346,-15255.598,-15204.238,-51.359762,-0.43067332,-0.24173348
14347,-15060.142,-15087.785,27.643502,0.24583958,-0.40043774
14348,-15185.52,-15162.964,-22.556021,-0.19887324,0.23857459
14349,-15273.713,-15177.704,-96.008807,-0.82519675,-2.7422926
14350,-15132.603,-15231.754,99.150967,0.86215076,-0.74174686
14351,-15185.52,-15082.871,-102.64815,-0.90465694,1.2394142
14352,-15056.328,-14990.495,-65.832545,-0.59331897,1.7833278
14353,-15048.223,-15124.146,75.92241,0.66141782,-0.0074546477
14354,-15099.709,-14971.823,-127.88608,-1.0811143,-1.5018491
14355,-14959.553,-14932.514,-27.038677,-0.22855488,-1.1550566
14356,-15045.84,-15064.2,18.359765,0.15438235,-2.3843505
14357,-15053.944,-14962.979,-90.965247,-0.78249482,-1.6081948
14358,-14796.037,-14856.845,60.807286,0.52347003,1.0362378
14359,-14974.331,-15043.071,68.739546,0.58079428,1.1051664
14360,-14945.251,-14829.82,-115.43182,-0.96499367,1.3053384
14361,-14730.25,-14822.94,92.690965,0.78171718,0.042798414
14362,-14862.302,-14840.138,-22.16348,-0.18986602,-0.083812406
14363,-14877.557,-14791.002,-86.554878,-0.71893293,1.9307455
14364,-14842.756,-14852.914,10.157575,0.087047679,0.95766202
14365,-14831.315,-14725.159,-106.1554,-0.93684582,1.8135298
14366,-14781.259,-14835.716,54.457085,0.46722626,0.074913274
14367,-14958.6,-14812.131,-146.46911,-1.2683385,0.5152354
14368,-14715.471,-14737.443,21.972242,0.1905818,0.23010841
14369,-14939.531,-15005.727,66.196721,0.57090873,1.0359831
14370,-14739.307,-14575.294,-164.0136,-1.4039942,0.047393873
14371,-14654.451,-14658.334,3.8833214,0.033718726,-0.10408265
14372,-15029.631,-15033.735,4.1038398,0.035128122,-0.23612644
14373,-14580.082,-14638.679,58.597526,0.46815182,0.8038994
14374,-14555.769,-14419.532,-136.23742,-1.1102574,0.10423664
14375,-13810.652,-13947.823,137.17165,1.109173,0.44285867
14376,-13304.849,-13311.017,6.1681125,0.053489739,2.4014181
14377,-13782.525,-13688.875,-93.6499,-0.71734307,1.6811398
14378,-16638.093,-16740.238,102.14489,0.85877051,0.43088742
14379,-14671.613,-14542.372,-129.2403,-1.0150642,-0.8180656
14380,-14799.851,-14754.15,-45.701312,-0.35093004,-0.80959655
14381,-13694.808,-13715.409,20.600636,0.16532714,-1.6954225
14382,-14646.823,-14493.236,-153.58701,-1.2845366,-1.4009652
14383,-13991.806,-14038.726,46.919196,0.39937692,-0.74059414
14384,-14647.777,-14653.912,6.1351719,0.052671735,0.69227371
14385,-14510.48,-14372.852,-137.62824,-1.1906215,0.6492838
14386,-14080,-14136.015,56.015355,0.46694135,0.11275103
14387,-14275.933,-14216.107,-59.825475,-0.49202363,-0.45787596
14388,-14307.873,-14363.025,55.151581,0.46577665,-0.092920251
14389,-14319.791,-14235.762,-84.029438,-0.71413745,1.5939269
14390,-14542.421,-14550.234,7.8133085,0.069257829,2.1320866
14391,-14406.078,-14461.789,55.710655,0.49383388,1.6713538
14392,-14557.676,-14458.349,-99.326649,-0.84323258,2.034396
14393,-14343.628,-14341.405,-2.2225701,-0.018702287,1.5427109
14394,-14701.169,-14753.167,51.997527,0.45100256,1.3491851
14395,-14553.862,-14401.843,-152.01959,-1.2851816,0.27454025
14396,-14656.358,-14617.06,-39.298041,-0.33431233,-0.65230899
14397,-14871.836,-14879.939,8.102453,0.070953847,0.18121997
14398,-14821.78,-14827.854,6.073866,0.051603464,0.5328352
14399,-14789.363,-14555.148,-234.21534,-2.0129744,0.093106904
14400,-14456.134,-14644.576,188.44174,1.6139978,0.90994949
14401,-14577.222,-14513.873,-63.348281,-0.54816566,0.50433807
14402,-14774.108,-14753.167,-20.941021,-0.18352827,1.0191162
14403,-14668.752,-14756.115,87.362835,0.77015215,0.34075399
14404,-14885.184,-14788.545,-96.639252,-0.80258161,-1.5967616
14405,-14637.289,-14625.904,-11.38461,-0.094249079,-1.9370802
14406,-14719.285,-14699.117,-20.167834,-0.1718488,-1.1461974
14407,-14739.784,-14698.134,-41.649628,-0.35944824,-0.61336662
14408,-14672.089,-14604.775,-67.313954,-0.58460436,-0.31511117
14409,-14754.562,-14850.948,96.385793,0.84348855,-0.6247523
14410,-14782.212,-14589.543,-192.6691,-1.688188,0.37934723
14411,-14536.223,-14562.027,25.803408,0.22394405,-0.61295603
14412,-14722.622,-14756.115,33.493189,0.27325683,-0.94886598
14413,-14578.175,-14487.34,-90.835315,-0.75623603,0.8921477
14414,-14622.987,-14620.008,-2.9792871,-0.025498115,1.874964
14415,-14513.818,-14455.401,-58.416353,-0.51560323,1.8097275
14416,-14386.533,-14463.754,77.22173,0.65957021,0.4812164
14417,-14571.501,-14525.666,-45.834904,-0.38259015,0.52802077
14418,-14265.922,-14228.883,-37.03887,-0.31219489,0.5236595
14419,-14298.339,-14466.211,167.87221,1.4435253,0.38095672
14420,-14432.298,-14311.923,-120.37473,-1.0219965,1.119045
14421,-14289.281,-14277.528,-11.753361,-0.10120254,0.94863207
14422,-14325.989,-14304.061,-21.927406,-0.1969234,-0.12514221
14423,-14393.207,-14365.482,-27.724938,-0.24266706,0.43309517
14424,-14379.858,-14266.226,-113.63199,-0.98899636,0.053915966
14425,-14336.477,-14333.543,-2.9335364,-0.025141905,1.3717333
14426,-14305.49,-14270.649,-34.841006,-0.30508491,1.9106498
14427,-14356.976,-14296.691,-60.284813,-0.53785627,1.9219674
14428,-14303.106,-14294.726,-8.3806174,-0.074378628,0.088530331
14429,-14363.173,-14323.716,-39.457253,-0.33175135,-1.0691575
14430,-14339.337,-14242.15,-97.187346,-0.82159953,-2.122541
14431,-14301.199,-14376.783,75.583854,0.64021505,-3.231208
14432,-14454.227,-14376.783,-77.444079,-0.65332095,-1.8669111
14433,-14302.629,-14270.649,-31.98067,-0.27308237,0.45367339
14434,-14502.853,-14641.628,138.77475,1.1906442,0.33274632
14435,-13931.263,-13667.255,-264.00729,-2.18463,1.0067727
14436,-14487.598,-14683.885,196.28707,1.5761801,0.31641332
14437,-13336.79,-13190.633,-146.15617,-1.2072991,0.38931922
14438,-14128.626,-14121.766,-6.8598634,-0.055797343,1.2620491
14439,-14512.864,-14469.159,-43.704751,-0.34480052,1.5217187
14440,-14991.493,-14852.422,-139.07122,-1.0876937,2.1031598
14441,-12520.641,-12619.67,99.02927,0.82331572,1.63643
14442,-12305.162,-12162.211,-142.95088,-1.1947093,0.90943344
14443,-13468.842,-13457.935,-10.906972,-0.085995172,1.1470892
14444,-14696.879,-14772.33,75.451177,0.6569377,1.0045111
14445,-14026.607,-13836.284,-190.32301,-1.6043736,0.71168335
14446,-13631.404,-13709.512,78.108379,0.66435151,0.52185278
14447,-13174.227,-13179.823,5.5962284,0.048882713,-0.46993392
14448,-13369.683,-13381.774,12.090086,0.10592604,-0.97994114
14449,-13562.279,-13470.71,-91.569157,-0.82023392,-0.45451344
14450,-13981.795,-14037.743,55.947644,0.47906678,0.47341447
14451,-14082.86,-14140.438,57.577285,0.50071402,1.066984
14452,-13735.33,-13521.812,-213.51771,-1.9262229,1.0169001
14453,-13628.544,-13776.829,148.28541,1.3631818,-0.61680673
14454,-13911.24,-13830.388,-80.852508,-0.69224576,-0.69658438
14455,-13947.948,-13778.795,-169.15323,-1.4203916,-0.96160747
14456,-14323.605,-14489.797,166.19133,1.4279977,-1.6065256
14457,-14079.047,-13852.99,-226.05615,-1.9977486,-1.4352984
14458,-13988.469,-14017.106,28.636292,0.24514926,-0.3222575
14459,-14254.004,-14328.138,74.134471,0.6343255,1.5633732
14460,-14081.907,-13853.973,-227.93376,-2.0088856,0.75684103
14461,-13848.79,-14033.812,185.02233,1.5490027,0.27936738
14462,-14172.484,-14063.294,-109.19051,-0.8792141,0.15474223
14463,-14213.482,-14254.925,41.442835,0.3350629,-0.045383123
14464,-14466.145,-14407.248,-58.897651,-0.50742042,1.417899
14465,-14092.395,-13979.271,-113.12415,-1.0037692,2.053029
14466,-14018.98,-14194.488,175.50801,1.4906366,1.0984896
14467,-14134.346,-13901.144,-233.20241,-1.92232,0.18707598
14468,-14114.801,-14216.107,101.30674,0.84248572,0.33715033
14469,-14196.797,-14210.211,13.414112,0.11620979,0.14241654
14470,-14336.477,-14169.428,-167.0487,-1.4093377,0.5418983
14471,-14108.603,-14136.507,27.903366,0.23791943,0.60386358
14472,-13924.588,-13813.19,-111.39844,-0.99096833,1.6000892
14473,-14035.188,-14144.86,109.6718,0.963708,1.2493082
14474,-14159.136,-13893.282,-265.85379,-2.3251188,-0.23068235
14475,-13968.924,-14123.24,154.31627,1.3189169,-0.78056451
14476,-13971.307,-14011.701,40.393313,0.351485,-0.20182972
14477,-13869.765,-13737.029,-132.73657,-1.1789882,0.16180145
14478,-13842.115,-14022.511,180.3951,1.6040274,-0.91346229
14479,-13906.473,-13745.382,-161.09104,-1.3712058,0.59020099
14480,-13793.49,-13754.718,-38.771908,-0.32638372,-0.51212278
14481,-13808.745,-13918.342,109.59677,0.93574466,-1.2323196
14482,-13938.413,-13676.591,-261.82224,-2.2592543,-1.7588947
14483,-13589.929,-13779.286,189.35675,1.6019074,-1.0090074
14484,-13819.233,-13715.409,-103.82395,-0.8776344,-1.0183361
14485,-13807.791,-13701.651,-106.14076,-0.91870814,-0.78651807
14486,-13593.743,-13695.754,102.0113,0.89629606,0.59774882
14487,-13719.121,-13630.403,-88.717972,-0.75556772,0.13791652
14488,-13698.145,-13700.668,2.5226949,0.021361655,-0.29851643
14489,-13737.236,-13574.388,-162.84878,-1.3824816,0.23584461
14490,-13630.927,-13682.979,52.051512,0.45576172,0.35531349
14491,-13629.497,-13669.221,39.723523,0.34153387,-0.39551441
14492,-13713.877,-13620.084,-93.792642,-0.79029529,0.33167743
14493,-13526.048,-13603.378,77.329702,0.65597795,0.50636513
14494,-13760.596,-13718.848,-41.747535,-0.35782834,0.10364637
14495,-13477.423,-13471.693,-5.7298205,-0.048761819,-0.16538145
14496,-13498.399,-13458.426,-39.972407,-0.34455647,0.29376749
14497,-13866.905,-13784.2,-82.705412,-0.71600179,0.58089595
14498,-13369.683,-13497.735,128.0517,1.0425314,0.63130639
14499,-13482.19,-13165.083,-317.10741,-2.6359226,0.92271996
14500,-12625.996,-12834.887,208.89048,1.6327303,0.1306154
14501,-12219.829,-12142.065,-77.763419,-0.6527964,0.18975567
14502,-12597.87,-12515.01,-82.860049,-0.62427847,0.56867975
14503,-15480.611,-15654.326,173.71549,1.3773233,0.32048242
14504,-13583.732,-13315.931,-267.80094,-2.1108925,0.7227484
14505,-13550.838,-13660.376,109.53821,0.86433732,0.38619078
14506,-12558.302,-12556.284,-2.0176069,-0.016676419,-1.4070167
14507,-13342.51,-13309.543,-32.967056,-0.28018461,-1.3047789
14508,-12868.171,-12910.065,41.893937,0.34948065,0.32231301
14509,-13426.89,-13413.712,-13.178038,-0.11524471,0.064230383
14510,-13329.639,-13285.466,-44.172323,-0.38948566,0.64582284
14511,-12909.646,-12932.177,22.530401,0.19519345,0.29814748
14512,-13023.106,-13002.441,-20.664687,-0.17884069,0.76977745
14513,-13199.493,-13213.727,14.233965,0.12003749,-0.092161951
14514,-13177.088,-13031.923,-145.1643,-1.2388601,0.16522274
14515,-13399.24,-13399.954,0.71371128,0.0061791959,0.48725217
14516,-13326.302,-13306.595,-19.706666,-0.17238103,-0.22543497
14517,-13301.512,-13287.923,-13.58888,-0.11589643,0.9721545
14518,-13301.512,-13239.77,-61.742431,-0.52290066,1.3025616
14519,-13490.294,-13532.131,41.836291,0.35290732,0.15925579
14520,-13379.695,-13316.914,-62.780972,-0.52235544,-0.40513164
14521,-13499.829,-13443.194,-56.63482,-0.4781463,-0.348493
14522,-13570.384,-13660.376,89.992587,0.80347996,-0.79720521
14523,-13710.54,-13676.591,-33.948866,-0.30624442,-0.60503856
14524,-13479.806,-13308.069,-171.73723,-1.5067346,0.45798162
14525,-13334.883,-13504.614,169.73152,1.4559435,0.70478341
14526,-13371.114,-13305.121,-65.992673,-0.57565723,1.4942313
14527,-13593.266,-13541.958,-51.308521,-0.45251769,0.87515834
14528,-13534.153,-13614.188,80.0354,0.7047651,0.58195286
14529,-13718.644,-13556.207,-162.43703,-1.3865485,-0.39998895
14530,-13508.886,-13501.175,-7.7117419,-0.065244358,-0.70131442
14531,-13570.384,-13563.578,-6.8058775,-0.057966583,-1.633357
14532,-13578.011,-13487.417,-90.594666,-0.80392387,0.35097862
14533,-13506.503,-13501.175,-5.3281292,-0.046668872,0.80525457
14534,-13538.92,-13583.232,44.31232,0.37315217,0.54211814
14535,-13635.695,-13545.397,-90.297287,-0.7831664,-0.14285534
14536,-13306.279,-13366.05,59.770574,0.52301554,-0.52285584
14537,-13516.991,-13499.701,-17.290113,-0.14564383,-0.81453415
14538,-13391.613,-13372.929,-18.68368,-0.1562606,-1.0227226
14539,-13428.797,-13341.973,-86.823892,-0.74957864,0.57397179
14540,-13370.16,-13358.188,-11.972049,-0.10492216,-0.10740722
14541,-13187.575,-13217.658,30.08293,0.26161596,-0.56032485
14542,-13430.227,-13350.818,-79.40953,-0.68381606,-0.86934273
14543,-13073.162,-13122.334,49.171962,0.42966204,0.52244634
14544,-13207.598,-13173.436,-34.162065,-0.29465912,-0.099577522
14545,-13312.477,-13192.107,-120.36924,-0.98916737,-0.75120374
14546,-13074.592,-13103.662,29.070009,0.23796423,-0.65435907
14547,-13189.482,-13120.86,-68.622424,-0.59275033,0.008945342
14548,-13207.121,-13228.468,21.347287,0.18732371,0.65423538
14549,-13227.62,-13021.113,-206.50687,-1.8404033,0.13457927
14550,-13127.508,-13258.933,131.42444,1.1268626,0.57639249
14551,-13091.754,-13126.265,34.510685,0.29597441,1.6555196
14552,-13168.03,-13081.551,-86.478931,-0.75632499,0.27036362
14553,-13082.22,-13186.211,103.99139,0.92516633,-0.12187326
14554,-13191.389,-13073.198,-118.1915,-1.0186896,1.0003133
14555,-13122.264,-13110.541,-11.723165,-0.10125978,0.8214759
14556,-13109.87,-13174.418,64.54878,0.55324777,-0.60091864
14557,-13265.281,-13136.583,-128.6977,-1.1142631,-0.63528023
14558,-13115.59,-13186.702,71.112179,0.60925704,0.43860957
14559,-13418.309,-13357.205,-61.10375,-0.52129073,1.4713933
14560,-12711.806,-12587.24,-124.56641,-1.0724816,0.77173893
14561,-13375.404,-13511.985,136.58055,1.1246429,0.46575228
14562,-12128.298,-12003.01,-125.28835,-1.0267076,-0.80079757
14563,-12988.305,-13027.01,38.704197,0.32269689,0.029066255
14564,-13357.289,-13246.157,-111.13125,-0.87852458,0.39472687
14565,-13789.199,-13771.916,-17.283708,-0.13596323,0.21290673
14566,-11334.078,-11453.666,119.58781,1.0167861,0.12452143
14567,-11074.264,-10921.52,-152.74428,-1.3268193,-1.8223467
14568,-12334.242,-12377.428,43.185937,0.35588926,-0.32894096
14569,-13495.538,-13456.952,-38.58616,-0.33443642,-0.56939849
14570,-12762.339,-12755.286,-7.0529314,-0.059034881,-1.4874317
14571,-12520.164,-12438.848,-81.315505,-0.70049673,-1.4574828
14572,-11945.713,-11956.821,11.108276,0.099943328,-1.1009951
14573,-12171.68,-12256.553,84.873081,0.77992616,-0.1666143
14574,-12509.199,-12157.789,-351.41039,-3.2520856,0.045375253
14575,-12756.618,-12989.175,232.55641,2.0428091,1.1090055
14576,-12991.166,-12944.461,-46.705083,-0.39606829,1.4752378
14577,-12498.711,-12386.764,-111.94744,-0.99315676,0.45210397
14578,-12541.616,-12654.065,112.44887,0.98686035,-0.37111708
14579,-12760.432,-12563.163,-197.26888,-1.7272118,0.21442038
14580,-12696.551,-12813.267,116.71558,0.98457352,1.1470156
14581,-13217.609,-13238.296,20.686647,0.17774187,-0.28243896
14582,-12748.991,-12695.34,-53.650958,-0.46894669,-1.029565
14583,-12811.918,-12874.196,62.277714,0.54802147,-1.2453799
14584,-13117.974,-13038.311,-79.662989,-0.69402256,0.53145631
14585,-12773.304,-12798.526,25.222374,0.22148468,1.7270763
14586,-12743.747,-12691.9,-51.846549,-0.45121643,0.11227837
14587,-12904.879,-12958.71,53.831216,0.46216072,-0.33754876
14588,-13074.592,-13032.415,-42.177591,-0.35464313,0.55771125
14589,-13386.369,-13198.495,-187.87351,-1.6823859,-0.37959017
14590,-12851.963,-12952.322,100.3597,0.92023521,1.2968624
14591,-12966.376,-12930.702,-35.673669,-0.31894088,-0.058051065
14592,-12871.985,-12837.344,-34.641532,-0.30428178,-0.44799696
14593,-13064.581,-13008.338,-56.243194,-0.49127846,-0.46890059
14594,-13028.35,-13023.079,-5.2713983,-0.046017223,-1.090879
14595,-13077.929,-13112.998,35.068844,0.28999684,-1.0614275
14596,-12981.155,-12924.806,-56.34842,-0.4610705,-0.57382084
14597,-12640.775,-12703.693,62.918224,0.54767943,-0.91953058
14598,-12921.088,-12922.841,1.7531677,0.015701739,0.42147294
14599,-12957.795,-12736.123,-221.67232,-1.988085,0.4365865
14600,-12699.888,-12968.046,268.1578,2.3651875,1.9294452
14601,-12890.577,-12710.081,-180.49667,-1.5757152,2.003085
14602,-12579.754,-12615.739,35.984774,0.31403636,0.30221847
14603,-12764.723,-12771.992,7.2697899,0.063836593,-0.43252045
14604,-12714.19,-12596.084,-118.10549,-1.056478,-0.29447039
14605,-12599.3,-12621.144,21.84414,0.1898403,0.89207297
14606,-12752.328,-12714.994,-37.333505,-0.31867631,0.46828033
14607,-12648.402,-12596.084,-52.317782,-0.45282262,-0.033800864
14608,-12598.346,-12528.276,-70.069977,-0.62491876,0.68970552
14609,-12546.384,-12625.566,79.182606,0.69382273,0.68568689
14610,-12664.611,-12555.301,-109.30946,-0.95888723,0.79975566
14611,-12405.75,-12497.321,91.570072,0.8059966,0.15551562
14612,-12422.912,-12499.777,76.864875,0.65154861,-0.25799262
14613,-12590.719,-12468.33,-122.38867,-1.0341574,0.35478344
14614,-12428.156,-12436.883,8.7264929,0.076431011,1.1260424
14615,-12504.432,-12496.338,-8.0942179,-0.074760709,1.3201134
14616,-12427.203,-12420.668,-6.5350333,-0.057711617,0.27435561
14617,-12471.538,-12520.415,48.876412,0.42203763,-0.75920775
14618,-12468.678,-12297.336,-171.34195,-1.4831067,1.0600185
14619,-12486.793,-12629.497,142.70382,1.2526916,0.56404444
14620,-12449.132,-12311.585,-137.5468,-1.1480928,-1.1269615
14621,-12315.65,-12282.104,-33.54626,-0.28246573,-0.94177997
14622,-12646.019,-12711.063,65.044718,0.53056197,-0.1623965
14623,-12346.16,-12229.036,-117.12368,-0.93592377,0.39351628
14624,-12179.784,-12125.359,-54.42506,-0.46597476,0.22126662
14625,-11562.428,-11613.359,50.93062,0.41277007,0.59222034
14626,-10894.063,-10931.839,37.775457,0.32499467,1.6182579
14627,-11446.108,-11420.745,-25.363286,-0.18799791,0.80250819
14628,-14342.197,-14396.438,54.240227,0.43026732,-0.65428428
14629,-12282.279,-12198.081,-84.198715,-0.66103357,-1.3606763
14630,-12442.935,-12400.522,-42.41275,-0.33830214,-0.58458667
14631,-11291.173,-11344.583,53.410309,0.4438105,0.57029234
14632,-12197.899,-12173.021,-24.878328,-0.21215554,-1.6010683
14633,-11748.35,-11638.91,-109.4403,-0.91984164,0.34706542
14634,-12213.155,-12333.205,120.05081,1.030304,1.0217389
14635,-12236.514,-12078.188,-158.32587,-1.3461664,1.1952274
14636,-11663.017,-11755.363,92.346004,0.79002239,1.3845269
14637,-11941.423,-11911.125,-30.297959,-0.25232809,1.7717902
14638,-12058.22,-11946.503,-111.71686,-0.97559797,1.0574561
14639,-11935.702,-11983.846,48.144401,0.41646782,1.5756943
14640,-12276.559,-12209.873,-66.685339,-0.59970907,1.3584191
14641,-11968.119,-12088.015,119.89617,1.0405071,-0.28567476
14642,-12211.724,-12145.996,-65.728234,-0.55728683,-1.1834656
14643,-12036.767,-11977.459,-59.308492,-0.50342037,0.40154689
14644,-12295.628,-12447.693,152.06534,1.2761718,0.17985134
14645,-12205.527,-12048.215,-157.31203,-1.3092277,-0.5923698
14646,-12247.002,-12257.044,10.042284,0.084807508,-1.0027663
14647,-12480.596,-12468.33,-12.265769,-0.10574158,-1.8349372
14648,-12525.885,-12449.658,-76.226194,-0.65199552,-0.87915017
14649,-12320.894,-12207.417,-113.47735,-0.9923706,-0.50545736
14650,-12220.305,-12311.094,90.78865,0.82209846,1.2375718
14651,-12165.482,-12175.478,9.9956179,0.090019108,1.5887723
14652,-12485.363,-12349.912,-135.45142,-1.1866182,1.5897497
14653,-12378.577,-12406.91,28.332508,0.24344065,-0.89432668
14654,-12502.525,-12459.486,-43.039535,-0.35832535,-1.3035421
14655,-12361.892,-12273.259,-88.632875,-0.73054256,-1.6639077
14656,-12246.525,-12403.962,157.43647,1.3375545,-1.748214
14657,-12437.691,-12282.104,-155.58723,-1.358467,-0.84064379
14658,-12282.279,-12326.326,44.046966,0.37840264,1.0131103
14659,-12392.879,-12452.607,59.727569,0.50590775,0.76470621
14660,-12445.318,-12288,-157.31844,-1.3375273,0.8692614
14661,-12113.043,-12207.908,94.865039,0.82190909,-0.20872384
14662,-12353.788,-12346.964,-6.8241778,-0.059451452,0.7600924
14663,-12260.35,-12133.712,-126.638,-1.0883117,2.324344
14664,-12286.57,-12200.046,-86.523767,-0.74463902,2.0949547
14665,-12226.98,-12223.14,-3.8394007,-0.033693361,1.9246258
14666,-11984.804,-12019.225,34.420099,0.30130038,0.28920024
14667,-12265.117,-12206.434,-58.683537,-0.51136852,-0.37525996
14668,-11959.061,-11882.626,-76.435733,-0.66279917,-0.93787706
14669,-11976.7,-12100.791,124.0906,1.073134,-0.3492809
14670,-12086.823,-12022.173,-64.650347,-0.5471107,-0.28446177
14671,-11854.659,-11862.971,8.3119913,0.06936861,-1.0482107
14672,-11955.724,-12028.069,72.344703,0.63488862,-1.6038264
14673,-12044.872,-11959.77,-85.101835,-0.73239381,0.44684175
14674,-12009.117,-11921.935,-87.182578,-0.77207659,0.2893978
14675,-11910.436,-12044.284,133.84831,1.1746757,0.98971618
14676,-11936.655,-11895.401,-41.254342,-0.3642264,1.8082612
14677,-11938.562,-11911.125,-27.437624,-0.2452242,0.5703293
14678,-12000.06,-11975.493,-24.566308,-0.21648418,-0.36717436
14679,-12001.49,-11946.012,-55.478242,-0.46933235,-0.4158676
14680,-11963.829,-11925.866,-37.963035,-0.31941009,-0.68124402
14681,-11931.888,-11949.942,18.05415,0.15197681,-1.9143747
14682,-12144.983,-12043.793,-101.19053,-0.87372164,-1.2932834
14683,-11953.818,-11933.727,-20.090057,-0.17543205,-0.20380961
14684,-12195.039,-12306.18,111.14132,0.94369996,1.6839688
14685,-11542.406,-11422.219,-120.18715,-0.98457152,0.60474506
14686,-12144.507,-12302.25,157.743,1.2638362,0.011030512
14687,-10926.957,-10930.856,3.8988766,0.031859508,0.17597536
14688,-11822.719,-11707.209,-115.5096,-0.97469258,1.552922
14689,-12131.158,-12155.823,24.66513,0.19605113,2.0460286
14690,-12590.242,-12529.75,-60.491606,-0.47340848,0.90041141
14691,-10147.039,-10192.829,45.790069,0.38935458,1.2995755
14692,-9904.8641,-9819.8848,-84.979223,-0.70774086,0.21719926
14693,-11209.654,-11093.497,-116.15651,-0.94473096,0.14373529
14694,-12298.965,-12398.557,99.592004,0.88790177,0.070657885
14695,-11650.145,-11557.835,-92.310319,-0.79504388,0.39659996
14696,-11315.486,-11262.035,-53.451485,-0.47150827,-0.21476188
14697,-10796.812,-10828.653,31.840673,0.29094059,0.2898416
14698,-11050.428,-11003.578,-46.85057,-0.41575266,-0.50980398
14699,-11264,-11138.702,-125.2975,-1.1171324,-0.31121685
14700,-11590.078,-11784.353,194.27495,1.732227,0.29385262
14701,-11746.92,-11711.631,-35.288448,-0.32124678,1.1126037
14702,-11291.173,-11288.077,-3.0964089,-0.027713288,0.25134947
14703,-11342.182,-11350.48,8.2973511,0.073120662,-0.42044812
14704,-11511.896,-11487.079,-24.817022,-0.20807271,-1.9341092
14705,-11565.289,-11477.251,-88.037201,-0.74306321,-2.1621334
14706,-11954.771,-12027.086,72.315423,0.62485338,-2.9804648
14707,-11627.739,-11496.906,-130.83334,-1.1450275,-2.727934
14708,-11708.782,-11648.246,-60.536442,-0.52240091,-1.6221172
14709,-11894.704,-11948.468,53.76442,0.46357693,0.077871247
14710,-11708.305,-11597.635,-110.67008,-0.95030189,0.87444098
14711,-11479.002,-11561.274,82.27261,0.69577717,0.050105048
14712,-11822.719,-11786.81,-35.908827,-0.29676377,-0.29023803
14713,-11898.041,-11852.161,-45.87974,-0.39145111,0.36732875
14714,-12097.788,-12105.213,7.4253423,0.062813831,2.4818459
14715,-11719.747,-11707.701,-12.046165,-0.10674007,1.2507233
14716,-11678.272,-11758.802,80.530422,0.70190916,0.60226528
14717,-11735.002,-11636.944,-98.057524,-0.84241886,-0.039806599
14718,-11842.741,-11791.232,-51.508909,-0.4444602,0.29253295
14719,-11767.896,-11889.996,122.10044,1.0697195,0.51200874
14720,-11942.376,-11822.188,-120.18806,-1.0321951,0.16383965
14721,-11728.328,-11737.674,9.3459577,0.080768928,-0.87561117
14722,-11555.277,-11511.647,-43.630634,-0.39087323,0.1079978
14723,-11747.397,-11690.012,-57.385132,-0.49348206,-0.020825398
14724,-11760.745,-11625.152,-135.59325,-1.1691871,-0.21388754
14725,-11620.588,-11756.345,135.75704,1.1937331,-0.23502037
14726,-11618.205,-11601.075,-17.129986,-0.15340567,-0.32294664
14727,-11554.324,-11420.253,-134.07066,-1.2219837,0.25735348
14728,-11497.117,-11619.747,122.62932,1.0739777,-1.2845156
14729,-11529.058,-11431.063,-97.994388,-0.80771173,-1.5316831
14730,-11425.132,-11438.434,13.301565,0.11022391,-1.8914038
14731,-11450.399,-11543.585,93.186902,0.78441767,-2.848048
14732,-11530.965,-11412.392,-118.57306,-1.0121473,-1.7989155
14733,-11290.22,-11284.146,-6.073866,-0.053168317,-0.16388805
14734,-11399.866,-11459.562,59.696458,0.52408752,-0.94878995
14735,-11511.896,-11300.361,-211.53487,-1.8528573,1.1856559
14736,-11147.68,-11336.23,188.55062,1.6183574,-0.077124322
14737,-11383.181,-11256.138,-127.04244,-1.0713075,-0.87894685
14738,-11340.276,-11292.499,-47.776565,-0.40354879,0.16324207
14739,-11364.588,-11340.161,-24.427226,-0.21249369,1.0362445
14740,-11296.894,-11279.724,-17.170246,-0.15074001,2.0092311
14741,-11250.175,-11289.06,38.884454,0.33640126,0.91113848
14742,-11417.981,-11266.948,-151.0332,-1.2941658,0.73889856
14743,-11161.981,-11187.839,25.857394,0.22588104,0.84219801
14744,-11408.447,-11447.77,39.322746,0.34692583,0.50327629
14745,-11146.726,-11114.626,-32.100537,-0.27343552,-0.6597411
14746,-11080.939,-11097.428,16.489476,0.14313873,-0.23423093
14747,-11513.803,-11487.57,-26.232549,-0.2323907,0.65748986
14748,-11049.952,-11079.248,29.296018,0.23939939,0.89449221
14749,-11055.196,-10895.478,-159.7176,-1.3081837,-0.30780629
14750,-10317.229,-10385.443,68.214328,0.53662469,-0.6751941
14751,-9728.9534,-9766.8177,37.864213,0.32562514,0.42063856
14752,-10383.97,-10174.649,-209.32145,-1.6119423,0.56990964
14753,-13078.406,-13203.409,125.00287,0.99897735,-0.12401216
14754,-11243.501,-11034.042,-209.4587,-1.6257622,0.34217558
14755,-11157.691,-11234.518,76.827359,0.59787081,-0.74803961
14756,-10180.886,-10209.044,28.15774,0.22830604,-2.2052413
14757,-11112.402,-10965.251,-147.1508,-1.227879,-1.0291182
14758,-10485.035,-10538.257,53.221816,0.44648234,-0.41120497
14759,-11130.041,-11141.651,11.609703,0.10009706,-0.81770399
14760,-10914.086,-10847.324,-66.761285,-0.58817715,0.12602692
14761,-10507.918,-10622.28,114.36217,0.9544086,0.15225687
14762,-10741.035,-10665.52,-75.515228,-0.63747947,0.26787376
14763,-10767.255,-10824.722,57.466568,0.48758911,-0.61530707
14764,-10849.728,-10745.612,-104.11584,-0.90923847,0.53652699
14765,-10993.698,-10993.75,0.052155824,0.00045491945,1.4993313
14766,-10868.32,-10991.785,123.46473,1.0873737,1.1104891
14767,-11068.544,-10855.678,-212.86622,-1.7965606,0.3081544
14768,-10860.693,-10842.411,-18.281989,-0.15739182,0.2296261
14769,-11239.687,-11266.457,26.769663,0.22379274,0.45554849
14770,-10932.678,-10857.643,-75.034846,-0.61072013,0.094044484
14771,-11203.456,-11177.52,-25.936085,-0.2212215,-0.9035647
14772,-11311.196,-11244.837,-66.358679,-0.59874319,0.0068074829
14773,-11285.453,-11395.685,110.23271,0.98086911,-0.30116503
14774,-11237.304,-11020.775,-216.52811,-1.8945467,0.079880325
14775,-10844.961,-11144.599,299.63795,2.515981,0.09460524
14776,-11059.009,-11021.758,-37.251154,-0.32805807,-0.10799841
14777,-11235.873,-11132.315,-103.55859,-0.92992013,0.057730438
14778,-11132.425,-11301.344,168.91899,1.5376677,0.22296691
14779,-11374.123,-11209.459,-164.66417,-1.4255289,-0.33685563
14780,-11087.613,-11093.988,6.3758207,0.054557507,-0.59897207
14781,-11148.633,-11237.466,88.833264,0.77399326,-1.780097
14782,-11257.326,-11032.568,-224.75775,-1.9732811,-0.71048476
14783,-11115.263,-11195.209,79.946643,0.6852547,-0.23927925
14784,-11309.289,-11295.939,-13.350061,-0.11294557,-0.3666279
14785,-11175.806,-11092.514,-83.291936,-0.73880749,0.80133567
14786,-11041.847,-11118.065,76.217959,0.66863324,0.90211306
14787,-11186.771,-11058.61,-128.16059,-1.0430071,-0.54422099
14788,-11053.765,-11105.781,52.015827,0.43525573,-0.45463329
14789,-11106.205,-11045.344,-60.861272,-0.52492739,0.73394588
14790,-10905.505,-10957.881,52.376343,0.4670448,0.41829063
14791,-10851.635,-10939.209,87.574204,0.75983224,0.91511522
14792,-11017.058,-10873.858,-143.19976,-1.2005639,0.94159767
14793,-10772.499,-10819.808,47.308993,0.40219091,0.88856583
14794,-10813.974,-10819.808,5.8341322,0.050880526,-0.10752331
14795,-10849.251,-10800.154,-49.097846,-0.41913393,-0.3007559
14796,-10758.674,-10779.516,20.842199,0.18245827,-0.42006222
14797,-10807.3,-10670.925,-136.37467,-1.2193783,0.84765152
14798,-10888.343,-10959.846,71.503805,0.64143577,0.72829221
14799,-10921.713,-10702.372,-219.34086,-1.8904499,0.68651851
14800,-10658.562,-10853.712,195.14971,1.6374389,0.30372251
14801,-10859.739,-10821.774,-37.96578,-0.33270495,1.0729061
14802,-10775.359,-10638.495,-136.8642,-1.2472006,1.317881
14803,-10799.672,-10983.923,184.25097,1.6360499,-0.039392732
14804,-10824.939,-10672.399,-152.53932,-1.3149271,-0.37195968
14805,-10687.166,-10780.99,93.824668,0.80604369,-0.17268356
14806,-10759.628,-10846.342,86.71409,0.7634731,-1.4005287
14807,-10874.518,-10698.441,-176.07623,-1.537069,-0.48530584
14808,-10803.963,-10926.925,122.96239,1.0668921,0.65649528
14809,-10976.06,-10916.115,-59.944427,-0.51800593,-0.16476273
14810,-10347.739,-10285.205,-62.533918,-0.52383017,0.16832733
14811,-11038.034,-11133.298,95.263985,0.79357057,-0.028640217
14812,-9779.0093,-9578.6257,-200.38359,-1.6479356,-1.0427496
14813,-10683.352,-10732.837,49.484897,0.40584387,0.055570198
14814,-10998.942,-10894.004,-104.93843,-0.81935379,-0.19531602
14815,-11385.564,-11401.582,16.017328,0.12122294,1.3603482
14816,-9007.1955,-9059.2553,52.059748,0.44888646,1.3334022
14817,-8691.6052,-8561.9962,-129.60905,-1.1099532,0.24161427
14818,-10023.091,-10143.202,120.11029,0.93806702,0.55463705
14819,-11112.402,-11096.445,-15.956937,-0.13521502,-0.053691468
14820,-10390.168,-10459.639,69.471558,0.57548079,-0.87417384
14821,-10129.4,-10089.643,-39.757378,-0.33877462,-1.1739068
14822,-9582.5996,-9521.1363,-61.463351,-0.55573151,-0.24328155
14823,-9868.1564,-9968.2764,100.11997,0.89501601,0.54932075
14824,-10040.253,-9758.9559,-281.2974,-2.4515978,0.42451618
14825,-10445.467,-10698.441,252.97405,2.1853101,0.57666839
14826,-10561.788,-10484.699,-77.089053,-0.67725845,1.1342587
14827,-10196.142,-10028.223,-167.91888,-1.4921702,0.56099915
14828,-10184.7,-10316.653,131.9524,1.1690447,-0.013482571
14829,-10371.099,-10204.622,-166.47682,-1.4223451,-0.41680793
14830,-10366.331,-10438.019,71.687723,0.5897666,-0.31630637
14831,-10813.497,-10823.739,10.241757,0.088083654,-1.5496394
14832,-10427.352,-10306.825,-120.52662,-1.0676259,-0.95962233
14833,-10489.803,-10568.23,78.427719,0.67801143,-0.68361789
14834,-10698.607,-10713.182,14.575265,0.12652789,-0.21827177
14835,-10472.164,-10445.39,-26.774238,-0.23937433,-0.29838405
14836,-10290.533,-10344.66,54.12768,0.48067956,-0.33595465
14837,-10634.726,-10580.514,-54.211862,-0.47120951,0.85517467
14838,-10692.41,-10726.449,34.039453,0.28930284,0.8495823
14839,-10960.804,-10777.551,-183.25361,-1.5871815,-0.077752179
14840,-10490.756,-10603.117,112.36103,0.9955553,-0.34223264
14841,-10506.488,-10493.543,-12.94471,-0.1160683,0.20245718
14842,-10641.4,-10512.706,-128.69404,-1.1392843,0.015755776
14843,-10658.086,-10652.253,-5.8323022,-0.050392222,0.62040532
14844,-10636.156,-10681.735,45.5787,0.38760807,1.2138489
14845,-10781.08,-10750.526,-30.554163,-0.2494455,-0.54661148
14846,-10584.194,-10484.207,-99.986375,-0.83516838,-1.3080605
14847,-10362.041,-10397.727,35.686479,0.31401906,0.62618067
14848,-10516.976,-10516.637,-0.33855535,-0.0029499553,0.8766895
14849,-10537.475,-10440.967,-96.50749,-0.85313139,0.19199118
14850,-10430.689,-10615.893,185.2035,1.5785451,0.10925984
14851,-10434.026,-10319.109,-114.91667,-0.99375444,0.99163004
14852,-10332.961,-10274.887,-58.074138,-0.52170506,-0.03816461
14853,-10304.834,-10400.676,95.841359,0.86243466,0.19734532
14854,-10373.959,-10205.113,-168.84579,-1.4422073,-0.19664791
14855,-10223.791,-10300.438,76.646186,0.64752588,-0.48562635
14856,-10300.067,-10276.852,-23.214832,-0.19975959,-1.0044213
14857,-10382.54,-10286.679,-95.860575,-0.8482063,-1.1919642
14858,-10130.354,-10113.72,-16.634048,-0.14604616,0.84142885
14859,-10203.292,-10308.299,105.00706,0.90685806,1.0825531
14860,-10315.799,-10174.157,-141.64149,-1.2231991,0.19979505
14861,-9983.5233,-10081.29,97.76655,0.86906534,0.57336912
14862,-10167.061,-10144.184,-22.877191,-0.19449318,-0.3040035
14863,-10121.296,-10091.117,-30.179007,-0.25407643,-0.10872017
14864,-10145.132,-10158.434,13.301565,0.11222007,1.1887208
14865,-10069.81,-10088.169,18.35885,0.15972939,-0.45989778
14866,-10047.881,-10081.29,33.409008,0.28753646,0.086717736
14867,-10219.024,-10127.969,-91.054919,-0.78563651,-1.0680518
14868,-9952.5363,-9975.1555,22.619157,0.1994622,0.55110981
14869,-10225.698,-10267.516,41.817991,0.36277699,0.62005765
14870,-9940.1415,-9922.0883,-18.053235,-0.15131358,-1.3856976
14871,-9931.5605,-9851.3321,-80.228468,-0.68366219,-0.31386585
14872,-10312.939,-10346.134,33.19581,0.28436847,0.98026652
14873,-9898.6667,-9873.9347,-24.731926,-0.2028715,1.2788
14874,-9881.5047,-9745.6891,-135.8156,-1.1720808,1.3796833
14875,-9089.6685,-9228.2841,138.61554,1.110532,1.3558975
14876,-8570.5177,-8518.2649,-52.252816,-0.4521615,1.6604111
14877,-9176.9088,-9092.1766,-84.732169,-0.64464035,1.1915735
14878,-11877.065,-12026.104,149.03847,1.2158723,0.31964156
14879,-9974.4655,-9865.0902,-109.37534,-0.86859355,0.29618535
14880,-9944.9088,-10014.464,69.555739,0.56941434,-0.12266055
14881,-9004.3352,-9005.6967,1.3615415,0.011331173,0.56330474
14882,-9882.9348,-9796.7908,-86.144036,-0.73374952,-1.2814312
14883,-9270.3464,-9286.2649,15.918507,0.13704476,0.1109317
14884,-9910.108,-9955.0096,44.901589,0.39645926,1.2090111
14885,-9668.8864,-9656.7524,-12.134007,-0.10522516,0.17245983
14886,-9392.8641,-9351.1248,-41.7393,-0.35749213,1.2903668
14887,-9503.9404,-9487.7236,-16.216801,-0.13704099,0.69947499
14888,-9653.1546,-9612.0384,-41.116175,-0.34847052,1.1743882
14889,-9609.7728,-9585.0134,-24.759376,-0.21574552,0.68317794
14890,-9830.9721,-9808.0921,-22.879937,-0.20077393,1.2120503
14891,-9729.4302,-9791.8772,62.446992,0.54282642,-0.34625292
14892,-9822.8678,-9753.0595,-69.808283,-0.59398266,-0.92046464
14893,-9680.3277,-9644.4683,-35.859417,-0.31086724,0.34980128
14894,-9955.3966,-10106.349,150.95268,1.2649598,-0.29641576
14895,-9712.7449,-9632.6756,-80.069255,-0.66733902,-1.3310447
14896,-9955.3966,-9981.5432,26.146538,0.22552396,-0.5874026
14897,-10066.473,-10069.006,2.53276,0.022334119,-0.71289021
14898,-10107.948,-10109.298,1.3496463,0.012039619,-0.16412005
14899,-10006.883,-9847.4012,-159.48153,-1.4389954,-0.36819472
14900,-9671.7467,-9889.6583,217.91161,1.9307604,0.17653156
14901,-9912.0149,-9827.7466,-84.268257,-0.73678101,0.81919725
14902,-10007.359,-9918.6488,-88.710652,-0.77427509,0.79944882
14903,-10031.672,-10110.28,78.607977,0.69339565,0.31028279
14904,-10131.307,-10049.351,-81.956015,-0.72965135,0.67190115
14905,-9924.4097,-9901.9424,-22.467265,-0.19518377,0.7723255
14906,-9985.9069,-10032.154,46.246661,0.40050422,-0.23113523
14907,-10003.546,-9920.6142,-82.93142,-0.72939121,0.71865916
14908,-9974.9423,-10009.551,34.608592,0.30306308,0.8751216
14909,-9962.5475,-10091.608,129.06096,1.1022325,0.098811424
14910,-10001.639,-9892.6065,-109.03221,-0.96720585,-0.78377334
14911,-9771.3818,-9846.4184,75.036676,0.67968802,-0.16632569
14912,-9915.8287,-9892.6065,-23.222152,-0.20487767,0.95096186
14913,-9888.6555,-9855.7543,-32.901175,-0.27473942,1.4994461
14914,-9829.5419,-9794.8253,-34.716564,-0.31130371,-0.23336185
14915,-9748.4991,-9738.3186,-10.180451,-0.09248721,-0.78314133
14916,-9715.1285,-9716.6987,1.5701648,0.01374112,-1.4295932
14917,-9814.7635,-9721.1209,-93.64258,-0.79244048,-1.3501321
14918,-9661.2588,-9641.5202,-19.738692,-0.16929687,-0.55667566
14919,-9537.7877,-9639.0633,101.27563,0.87899637,-0.30297164
14920,-9748.9758,-9631.2015,-117.77426,-0.97479229,-0.28527822
14921,-9569.7281,-9539.8081,-29.920058,-0.24879965,-1.5410998
14922,-9559.2402,-9578.6257,19.385496,0.16940485,-0.99149016
14923,-9699.8734,-9756.0077,56.134307,0.49328427,-0.40755456
14924,-9582.5996,-9418.4415,-164.15817,-1.4615834,-0.078813186
14925,-9523.9628,-9736.8445,212.88177,1.8093745,0.76714255
14926,-9579.2626,-9477.405,-101.85758,-0.88005381,2.1887932
14927,-9549.7058,-9476.9136,-72.792145,-0.6347529,0.2905642
14928,-9621.6909,-9651.8388,30.147896,0.26216424,-0.41557517
14929,-9577.3557,-9444.4837,-132.87199,-1.1266548,-0.81117791
14930,-9525.8696,-9599.263,73.39331,0.63171549,0.10891133
14931,-9612.1564,-9554.5489,-57.60748,-0.49629251,-0.2776861
14932,-9716.0819,-9613.0211,-103.06082,-0.8844815,0.24082249
14933,-9621.6909,-9675.4242,53.733309,0.46326825,1.9548433
14934,-9731.3371,-9802.6871,71.350082,0.59469737,1.8540954
14935,-9266.0559,-9110.357,-155.69886,-1.2884037,-0.036061475
14936,-9762.8007,-9858.7025,95.90175,0.8117051,0.92128268
14937,-8557.1695,-8522.6871,-34.48232,-0.2869534,0.18770005
14938,-9480.1043,-9476.4223,-3.6820182,-0.030380097,-0.82519972
14939,-9705.1173,-9650.3647,-54.752635,-0.42494406,0.69864573
14940,-10226.652,-10203.639,-23.012614,-0.18191713,0.023529394
14941,-7699.5456,-7747.8081,48.262438,0.42329958,0.44710256
14942,-7506.473,-7423.5086,-82.964361,-0.7335355,-0.65670748
14943,-8857.5047,-8812.0998,-45.404847,-0.37439814,0.98834673
14944,-9840.5065,-9942.7255,102.21901,0.88078352,-0.14618533
14945,-9278.9274,-9192.4146,-86.512787,-0.70031636,-0.55278783
14946,-8908.0372,-8819.9616,-88.075632,-0.72142322,-1.2303363
14947,-8436.0819,-8411.6392,-24.442781,-0.21078275,0.35225477
14948,-8684.4544,-8729.0595,44.605125,0.39532308,-0.097300082
14949,-8815.5531,-8641.1056,-174.44751,-1.5655564,0.78373372
14950,-9290.8454,-9452.8369,161.99141,1.391592,2.2125776
14951,-9318.9721,-9291.6699,-27.302201,-0.22873851,2.7289153
14952,-9011.0093,-8915.7774,-95.23196,-0.80824452,1.319705
14953,-8938.5475,-9079.4012,140.85367,1.2088936,-0.90665478
14954,-9129.7132,-9022.8944,-106.81879,-0.90865039,-1.5858141
14955,-9197.8845,-9198.3109,0.42639674,0.0035317499,-0.06921829
14956,-9516.8119,-9555.0403,38.228389,0.32675434,0.58632881
14957,-9282.2644,-9153.1056,-129.15887,-1.1240261,-0.48023174
14958,-9241.2663,-9291.6699,50.403571,0.43826133,0.87757613
14959,-9447.2104,-9521.1363,73.925848,0.64021351,0.64684967
14960,-9328.0298,-9230.7409,-97.288912,-0.84238403,1.1057503
14961,-9072.9832,-9111.8311,38.847854,0.33311944,1.4514069
14962,-9491.0689,-9452.8369,-38.232049,-0.32237337,1.1284011
14963,-9503.9404,-9469.5432,-34.397224,-0.29326952,1.8566254
14964,-9699.8734,-9650.3647,-49.508687,-0.4327977,1.7669405
14965,-9393.8175,-9355.0557,-38.761842,-0.34599121,1.1136852
14966,-9248.8939,-9317.7121,68.818237,0.61333102,-0.24942612
14967,-9454.3613,-9320.6603,-133.701,-1.170358,-0.52684058
14968,-9329.46,-9430.2342,100.7742,0.876545,-0.27677359
14969,-9448.1639,-9492.1459,43.982,0.38672394,-0.032194238
14970,-9566.3911,-9492.6372,-73.753825,-0.63130463,0.22741316
14971,-9318.9721,-9298.5489,-20.423123,-0.17109882,-0.61851391
14972,-9164.0372,-9181.1132,17.076,0.14791435,-0.61253475
14973,-9297.0428,-9263.6622,-33.380642,-0.29487039,0.13740321
14974,-9329.9367,-9234.6718,-95.2649,-0.84879694,-0.95290476
14975,-9230.3017,-9328.0307,97.729034,0.87839006,0.54117093
14976,-9206.9423,-9128.0461,-78.896207,-0.69443938,1.5252482
14977,-9180.7225,-9117.2361,-63.486448,-0.55212365,1.9183488
14978,-9089.6685,-9168.3378,78.669283,0.6746036,0.12408624
14979,-9163.0838,-9067.6084,-95.475354,-0.81341463,-1.9037243
14980,-9106.3538,-9044.5144,-61.839422,-0.51995969,-1.6599348
14981,-9051.054,-9106.9175,55.863463,0.47965523,-1.9974793
14982,-9193.1173,-9092.1766,-100.94073,-0.86026146,0.12850028
14983,-8851.784,-8884.3301,32.546149,0.28145478,0.19297147
14984,-9036.2756,-9148.1919,111.91633,0.94484372,-0.095612383
14985,-9054.3911,-8914.7946,-139.59644,-1.2058367,0.78459646
14986,-8789.8101,-8868.6065,78.79647,0.68483802,0.52006905
14987,-8931.3966,-8975.2322,43.835598,0.39077086,2.3154402
14988,-8970.0112,-8839.1248,-130.88641,-1.0867736,2.5449464
14989,-8909.4674,-8963.4395,53.972128,0.46157654,0.65811271
14990,-8924.2458,-8816.0307,-108.2151,-0.93206018,0.54820968
14991,-8879.4339,-8878.9251,-0.50874804,-0.0043962097,0.64443655
14992,-8993.8473,-8952.1382,-41.709104,-0.35966646,0.55807476
14993,-8830.8082,-8757.5585,-73.249652,-0.63232213,0.61680383
14994,-8977.6387,-9108.3916,130.75282,1.1413412,0.98449502
14995,-8832.2384,-8641.1056,-191.1328,-1.6233397,0.36565882
14996,-8701.1397,-8756.5758,55.436151,0.49381143,-1.0026716
14997,-9150.2123,-9167.8464,17.634159,0.15235066,-0.81024408
14998,-8656.8045,-8615.0633,-41.74113,-0.33461885,0.59737698
14999,-8611.0391,-8615.5547,4.5155963,0.03861641,-0.80015245
15000,-7900.7225,-7926.1727,25.450212,0.21244507,-0.25290441
15001,-7366.7933,-7397.9578,31.164477,0.27711281,1.3830164
15002,-7932.6629,-7885.881,-46.781944,-0.36352274,1.7131687
15003,-10728.164,-10722.518,-5.6456392,-0.045734205,0.58572719
15004,-8683.9777,-8713.8273,29.849602,0.23832836,-1.157311
15005,-8855.121,-8694.6641,-160.45694,-1.2693477,-1.4314037
15006,-7784.4022,-7871.6315,87.229243,0.72239041,-1.8339243
15007,-8719.2551,-8600.8138,-118.4413,-0.9809612,-0.46909836
15008,-8114.7709,-8064.2457,-50.525268,-0.43093909,0.4828336
15009,-8662.0484,-8780.1612,118.11281,1.012931,1.271216
15010,-8649.1769,-8418.5182,-230.65867,-1.9998936,-0.26713847
15011,-8079.9702,-8250.4722,170.50196,1.4227753,-1.5638418
15012,-8338.8305,-8311.4012,-27.429388,-0.22918529,0.38485878
15013,-8404.1415,-8372.8215,-31.32003,-0.26799785,1.1439613
15014,-8367.9106,-8447.5086,79.598023,0.69743528,2.3736958
15015,-8676.3501,-8542.3417,-134.00844,-1.1918674,1.4006446
15016,-8471.8361,-8596.3916,124.55543,1.0595424,1.113391
15017,-8605.3184,-8518.2649,-87.053561,-0.73162335,-0.22645745
15018,-8501.8696,-8359.0633,-142.80631,-1.2218208,0.01769553
15019,-8683.0242,-8937.3973,254.3731,2.2223389,1.1571855
15020,-8646.3166,-8334.4952,-311.82137,-2.6076063,0.92774486
15021,-8721.6387,-8811.6084,89.969712,0.78440718,-0.57461717
15022,-8935.6872,-8902.5106,-33.176594,-0.29205538,-0.2184176
15023,-8940.9311,-8903.0019,-37.929179,-0.3276287,-1.0481907
15024,-8785.9963,-8731.025,-54.971324,-0.48232652,-0.86476099
15025,-8619.1434,-8592.952,-26.191374,-0.23348585,0.9606709
15026,-8608.6555,-8724.6372,115.98174,1.047894,0.52890742
15027,-8857.5047,-8742.3263,-115.17836,-1.0263923,-0.22727526
15028,-8729.743,-8833.2284,103.48539,0.90445727,-0.32586949
15029,-8910.4209,-8916.2687,5.8478574,0.049480191,-1.3763391
15030,-8728.3128,-8614.0806,-114.23223,-0.97182103,-1.7027286
15031,-8709.7207,-8900.5451,190.82444,1.6430811,-1.1630917
15032,-8880.3873,-8669.1132,-211.27409,-1.8398824,-1.3099583
15033,-8737.8473,-8743.309,5.4617213,0.04634209,-0.11320515
15034,-8780.7523,-8928.0614,147.30909,1.3000186,0.77743622
15035,-8910.8976,-8604.2534,-306.64422,-2.69781,0.82958363
15036,-8543.8212,-8747.2399,203.41869,1.7299075,-0.33166667
15037,-8802.2048,-8707.9309,-94.27394,-0.76775159,-1.3121664
15038,-8646.7933,-8646.5106,-0.28273947,-0.0023851056,0.90576146
15039,-8688.2682,-8670.096,-18.172187,-0.15715269,2.2971646
15040,-8621.0503,-8491.7313,-129.31899,-1.1858269,1.7399862
15041,-8411.7691,-8660.7601,248.99099,2.168336,0.30081012
15042,-8694.9423,-8501.5585,-193.38373,-1.6692103,0.28455132
15043,-8332.1564,-8394.4415,62.285034,0.53443778,0.31785156
15044,-8354.0857,-8446.0345,91.948888,0.78650377,-1.0244895
15045,-8507.5903,-8326.6334,-180.95692,-1.5037491,-0.038290937
15046,-8273.5196,-8436.2073,162.68774,1.4179039,0.8735045
15047,-8456.1043,-8234.7486,-221.35572,-1.9931298,0.89121642
15048,-8410.3389,-8541.8503,131.51137,1.1535698,-0.098957562
15049,-8441.8026,-8258.8253,-182.97727,-1.566691,-0.37277274
15050,-8416.0596,-8424.4146,8.354997,0.070952891,0.62754715
15051,-8344.5512,-8420.4837,75.932475,0.67256084,1.8676912
15052,-8488.9981,-8263.2476,-225.75054,-2.0113032,0.70700718
15053,-8282.5773,-8521.7044,239.12713,2.0936449,-1.1554662
15054,-8484.2309,-8298.1344,-186.09656,-1.5661352,-1.3756754
15055,-8337.8771,-8314.3493,-23.527767,-0.20050673,-1.7302215
15056,-8344.0745,-8489.7658,145.69135,1.2518017,-2.373692
15057,-8528.0894,-8344.3225,-183.76693,-1.5695371,-1.7963239
15058,-8305.46,-8469.1286,163.66864,1.3936355,-0.0097642764
15059,-8616.7598,-8581.6507,-35.109105,-0.30061787,-0.26587747
15060,-7955.5456,-7818.5643,-136.98132,-1.1505624,-0.25159785
15061,-8556.216,-8734.4645,178.24848,1.4144272,-0.52680644
15062,-7404.9311,-7197.9731,-206.95797,-1.705204,-0.15211718
15063,-8172.4544,-8313.3666,140.91223,1.1502735,0.52431594
15064,-8634.3985,-8469.62,-164.77855,-1.3088614,1.3412001
15065,-8970.0112,-8939.3628,-30.648409,-0.2389762,1.3270168
15066,-6566.3762,-6643.7159,77.339767,0.67504808,1.1210593
15067,-6395.7095,-6220.6526,-175.05691,-1.5004335,0.70634619
15068,-7588.946,-7697.1977,108.2517,0.85165471,0.81244168
15069,-8761.2067,-8717.7582,-43.448547,-0.3702262,0.8733195
15070,-8000.3575,-7974.3263,-26.031246,-0.21673964,0.17634495
15071,-7739.5903,-7741.9117,2.3213917,0.019572971,-0.53833471
15072,-7191.3594,-7187.6545,-3.7048935,-0.032928139,-0.70052914
15073,-7422.5698,-7540.453,117.88314,1.0417039,0.0039203867
15074,-7659.9777,-7413.6814,-246.29627,-2.1561206,-0.27736051
15075,-7996.5438,-8205.7582,209.2144,1.7779062,0.33607898
15076,-8181.0354,-8139.4242,-41.611197,-0.36152387,1.3953216
15077,-7764.3799,-7621.0365,-143.34342,-1.2807407,0.96173182
15078,-7735.7765,-7923.7159,187.93939,1.6991208,-1.0672482
15079,-7971.7542,-7775.8157,-195.93845,-1.6492394,-2.0023687
15080,-7978.905,-7977.7658,-1.139193,-0.0094251528,-1.746148
15081,-8432.7449,-8436.2073,3.4624147,0.029521046,-2.4017567
15082,-8027.5307,-7946.3186,-81.212108,-0.71700949,-0.99085105
15083,-8062.8082,-8115.8388,53.030578,0.45909689,-0.73932189
15084,-8319.7616,-8301.0825,-18.679105,-0.1602024,1.3245776
15085,-8070.4358,-8042.6257,-27.810034,-0.24265845,0.066812651
15086,-7969.3706,-8006.2649,36.894298,0.31004034,0.91265873
15087,-8141.4674,-8204.2841,62.816658,0.51970057,0.63770189
15088,-8314.5177,-8325.1593,10.641618,0.089278012,-0.34974216
15089,-8468.9758,-8396.8983,-72.077519,-0.6243886,1.4851901
15090,-8127.6425,-8152.691,25.048521,0.22094515,1.5272513
15091,-8104.2831,-8152.691,48.407925,0.41878806,1.5025436
15092,-8128.5959,-8013.144,-115.45195,-0.97865753,0.88897742
15093,-8231.568,-8282.4107,50.842778,0.43235591,-0.11827993
15094,-8225.8473,-8208.215,-17.632329,-0.15241868,-0.44943867
15095,-8369.3408,-8315.3321,-54.008728,-0.45917047,0.53733296
15096,-8223.4637,-8137.4587,-86.004954,-0.72357941,0.048092516
15097,-7905.013,-7957.62,52.606926,0.46964658,0.37426955
15098,-8161.4898,-8130.5797,-30.910103,-0.27778451,-0.070823681
15099,-8154.8156,-7978.2572,-176.55844,-1.5621467,-1.2503239
15100,-7998.9274,-8198.8791,199.9517,1.7572573,-0.63967082
15101,-8087.5978,-7990.5413,-97.056499,-0.85678459,0.26020666
15102,-7839.702,-7870.1574,30.455341,0.26495816,0.062411614
15103,-7988.9162,-8017.0749,28.158655,0.24955,0.022129979
15104,-7876.4097,-7825.4434,-50.966305,-0.44283462,-0.75495716
15105,-7896.432,-7825.4434,-70.988652,-0.60525363,-1.2378011
15106,-7854.0037,-7946.81,92.806256,0.79581022,-2.3101748
15107,-7926.9423,-7805.7889,-121.1534,-1.0553388,-0.76440496
15108,-7746.7412,-7751.739,4.997809,0.042508939,-0.36702831
15109,-7754.8454,-7809.7198,54.874332,0.47247492,0.88857901
15110,-7939.8138,-7786.6257,-153.18806,-1.3662223,-0.094955699
15111,-7586.0857,-7688.3532,102.26751,0.90036406,0.50029647
15112,-7797.2737,-7722.7486,-74.525183,-0.62093565,-0.25810466
15113,-7780.5885,-7726.6795,-53.908992,-0.44933034,0.15511203
15114,-7704.3128,-7680,-24.312849,-0.20578707,0.28610453
15115,-7768.6704,-7723.7313,-44.939105,-0.40377689,0.18284784
15116,-7617.0726,-7687.3704,70.297816,0.61491426,0.39785449
15117,-7774.3911,-7759.1094,-15.281656,-0.1294849,0.35515383
15118,-7593.2365,-7522.7639,-70.472584,-0.60075562,0.76757959
15119,-7729.5791,-7869.1747,139.59552,1.1993271,-1.38839
15120,-7629.9441,-7485.4203,-144.52379,-1.258007,-1.8797863
15121,-7443.0689,-7530.1344,87.065456,0.77511978,-0.4329881
15122,-7955.0689,-7878.0192,-77.049707,-0.66264514,1.208799
15123,-7454.987,-7465.7658,10.77887,0.087215194,0.74910602
15124,-7418.7561,-7277.5739,-141.18216,-1.1705984,-0.28480426
15125,-6772.3203,-6795.547,23.226727,0.1826915,-1.0825827
15126,-6155.4413,-6193.1363,37.694936,0.32234077,0.52516723
15127,-6779.9479,-6674.1804,-105.76744,-0.82530357,1.0023395
15128,-9512.0447,-9574.2035,62.158762,0.50431703,-0.027061824
15129,-7514.1006,-7458.8868,-55.213802,-0.43926984,0.31398564
15130,-7680.4767,-7614.1574,-66.319333,-0.53435316,0.14805337
15131,-6532.0521,-6635.8541,103.80199,0.86709191,-1.469658
15132,-7466.4283,-7351.7697,-114.65863,-0.98364015,-1.712051
15133,-6870.0484,-6919.3704,49.322024,0.42155545,-0.33879047
15134,-7449.743,-7531.1171,81.374066,0.71973368,0.79941364
15135,-7412.0819,-7231.3858,-180.69614,-1.6437207,0.34032
15136,-6846.689,-7024.5221,177.83306,1.5777982,0.52356365
15137,-7185.6387,-7061.3743,-124.26445,-1.077237,-0.21519028
15138,-7153.2216,-7196.499,43.277439,0.36245448,-0.26640828
15139,-7262.8678,-7108.5451,-154.32268,-1.3590814,0.14213153
15140,-7470.7188,-7382.7255,-87.99328,-0.77164611,-0.034969002
15141,-7278.1229,-7409.2591,131.13621,1.1392433,0.37447652
15142,-7463.0912,-7263.8157,-199.27551,-1.695274,0.097068075
15143,-7241.4153,-7296.2457,54.830411,0.46741719,0.57821023
15144,-7599.9106,-7610.7179,10.807236,0.090749917,-0.24251643
15145,-7356.3054,-7304.1075,-52.197915,-0.4313362,-1.5660997
15146,-7538.8901,-7560.5988,21.708718,0.18322479,-1.7487634
15147,-7706.6965,-7654.9405,-51.755963,-0.45462825,-0.64154012
15148,-7643.7691,-7775.8157,132.04665,1.1601673,0.031207512
15149,-7628.0372,-7370.9328,-257.10442,-2.248995,-0.51345745
15150,-7310.0633,-7495.739,185.67565,1.5773339,-0.032010049
15151,-7414.9423,-7441.1977,26.255425,0.2244177,0.42169731
15152,-7667.1285,-7506.0576,-161.07091,-1.3818164,-0.2437555
15153,-7453.0801,-7722.7486,269.66849,2.3698258,-0.72702074
15154,-7871.6425,-7574.8484,-296.79409,-2.5667715,0.59143565
15155,-7437.3482,-7531.1171,93.768852,0.80000546,-0.12455416
15156,-7637.095,-7675.0864,37.9914,0.32481087,-0.65587331
15157,-7662.838,-7467.2399,-195.59807,-1.7364807,-0.33265257
15158,-7488.8343,-7605.8042,116.96996,1.0024712,-0.77792605
15159,-7706.6965,-7621.0365,-85.659993,-0.73270625,-0.52618529
15160,-7570.8305,-7572.8829,2.0523774,0.018309697,-0.60850054
15161,-7414.9423,-7465.7658,50.823563,0.45162333,-0.547652
15162,-7508.3799,-7479.524,-28.855896,-0.24574908,-0.096327569
15163,-7404.9311,-7459.8695,54.938383,0.45622568,-0.53023619
15164,-7546.5177,-7341.4511,-205.06664,-1.7571462,0.39625685
15165,-7296.7151,-7420.0691,123.35401,1.0866289,-0.39978214
15166,-7313.8771,-7290.8407,-23.036404,-0.20558222,-1.3992837
15167,-7436.8715,-7326.7102,-110.16134,-0.95779919,-1.1916306
15168,-7106.9795,-7222.5413,115.56175,1.0271438,-0.53451271
15169,-7275.2626,-7139.9923,-135.27025,-1.1455465,-0.010491756
15170,-7245.2291,-7263.3244,18.095326,0.14604758,-0.49322514
15171,-7220.4395,-7176.8445,-43.594949,-0.36599234,-0.44960201
15172,-7142.7337,-7102.1574,-40.576316,-0.35738982,-0.056327904
15173,-7258.1006,-7338.0115,79.910958,0.71008017,1.3051807
15174,-7316.2607,-6998.9712,-317.2895,-2.851296,1.411994
15175,-7091.2477,-7341.4511,250.20338,2.112639,2.0989771
15176,-7208.9981,-7145.3973,-63.600825,-0.54334678,1.1739245
15177,-7123.1881,-7058.9175,-64.270616,-0.55209987,0.3607728
15178,-7146.0708,-7301.6507,155.57991,1.3420463,-0.95314943
15179,-7239.0317,-6995.5317,-243.49999,-2.065992,0.27251497
15180,-7062.6443,-7232.8599,170.21556,1.4678263,0.1430181
15181,-7200.8939,-7154.7332,-46.160649,-0.40168329,-0.12425468
15182,-7214.2421,-7168,-46.242086,-0.4037723,-0.95056127
15183,-7184.2086,-7264.7985,80.589898,0.69698905,0.92111245
15184,-7447.3594,-7353.2438,-94.115642,-0.80180818,-0.3188768
15185,-6740.8566,-6682.5336,-58.323022,-0.49344963,-0.89476958
15186,-7462.6145,-7482.4722,19.857644,0.16378037,0.46127414
15187,-6106.8156,-6085.5278,-21.287811,-0.17349359,0.37709225
15188,-7096.9683,-7063.8311,-33.137249,-0.27250025,-0.3751006
15189,-7385.3855,-7250.0576,-135.32789,-1.0718166,-0.31053665
15190,-7726.2421,-7844.1152,117.87308,0.92921359,0.43361581
15191,-5396.4991,-5376.9827,-19.516343,-0.1653657,0.39881141
15192,-5056.5959,-5031.0633,-25.532563,-0.21984893,-0.72814734
15193,-6470.0782,-6495.3244,25.246164,0.20420679,-0.3331755
15194,-7472.149,-7442.1804,-29.968554,-0.25817481,-0.098470695
15195,-6785.6685,-6810.2879,24.619379,0.20325556,-1.0314848
15196,-6577.3408,-6443.2399,-134.10086,-1.1278718,-0.97924041
15197,-5900.8715,-5979.3935,78.521966,0.70432683,-1.5633924
15198,-6330.8752,-6270.7716,-60.10364,-0.562369,-0.85473446
15199,-6419.5456,-6191.1708,-228.3748,-2.0981316,0.24157258
15200,-6876.2458,-7063.3397,187.09392,1.6250479,1.9300451
15201,-7053.5866,-6894.8023,-158.78429,-1.3752013,2.1045549
15202,-6436.2309,-6432.9213,-3.3096073,-0.029388166,1.5783127
15203,-6671.2551,-6676.1459,4.8907523,0.042530226,0.81920408
15204,-6692.7076,-6565.5893,-127.11838,-1.1145736,0.093836881
15205,-6819.9926,-6873.1823,53.18979,0.44981114,0.48645639
15206,-7143.2104,-7197.4818,54.271338,0.47384078,0.52565497
15207,-6787.0987,-6719.3858,-67.7129,-0.59661163,-0.38610701
15208,-6905.8026,-6936.5681,30.765531,0.2669837,1.5380617
15209,-7015.4488,-7008.3071,-7.1416878,-0.061888702,1.6991999
15210,-6935.3594,-6862.8637,-72.49568,-0.63869507,1.3189594
15211,-6698.905,-6672.7063,-26.198694,-0.22594809,0.022489212
15212,-6946.8007,-6959.1708,12.37008,0.10501307,0.19116324
15213,-7171.8138,-7105.5969,-66.216851,-0.55317887,0.18717571
15214,-7228.067,-7124.7601,-103.30696,-0.90653587,-0.55227272
15215,-7029.7505,-7036.3148,6.5643137,0.05881639,0.88256711
15216,-6857.1769,-6888.906,31.729041,0.2826851,0.14962612
15217,-6959.1955,-6879.5701,-79.625473,-0.69549698,-0.37646061
15218,-7090.7709,-7044.1766,-46.594366,-0.40757549,-0.78904941
15219,-6962.5326,-7034.8407,72.308103,0.63836519,-1.0719332
15220,-7241.4153,-7169.9655,-71.449819,-0.60200526,-0.6678318
15221,-6884.3501,-6883.9923,-0.35777065,-0.002986868,-1.0144961
15222,-6719.4041,-6774.9098,55.505692,0.48209829,-1.3969052
15223,-6957.7654,-6913.4741,-44.291275,-0.38907608,0.077213109
15224,-6906.2793,-6729.7044,-176.57492,-1.596016,0.5260187
15225,-6843.8287,-7019.1171,175.2884,1.5569105,2.145521
15226,-6797.5866,-6667.3013,-130.28525,-1.1393797,2.8341013
15227,-6694.6145,-6695.309,0.69449597,0.0060519629,0.27333215
15228,-6789.4823,-6737.0749,-52.407453,-0.45870907,0.14579495
15229,-6666.9646,-6593.5969,-73.367689,-0.63807892,0.31980782
15230,-6761.8324,-6708.0845,-53.747949,-0.45849437,1.1289613
15231,-6626.9199,-6657.4741,30.554163,0.26309145,0.014001306
15232,-6748.9609,-6657.9655,-90.995443,-0.80727042,0.9495311
15233,-6571.1434,-6520.8752,-50.268149,-0.455918,1.5196974
15234,-6548.7374,-6616.691,67.953549,0.59563697,1.9271007
15235,-6774.2272,-6620.1305,-154.09667,-1.3404422,1.2382615
15236,-6293.2142,-6434.3954,141.18124,1.2366985,0.058949643
15237,-6590.2123,-6562.1497,-28.062578,-0.24373044,0.54564855
15238,-6530.622,-6460.929,-69.692991,-0.60865171,0.80070102
15239,-6486.7635,-6452.0845,-34.679048,-0.31470714,1.040479
15240,-6545.8771,-6517.4357,-28.441394,-0.26360216,0.1388966
15241,-6383.3147,-6390.1727,6.8580334,0.059707288,0.41927785
15242,-6588.7821,-6573.9424,-14.839704,-0.1270405,-1.2400809
15243,-6402.3836,-6287.9693,-114.41432,-1.0060719,-0.040479585
15244,-6577.3408,-6627.501,50.160178,0.44384005,-0.28169349
15245,-6447.1955,-6350.8637,-96.331807,-0.82933955,-0.17652562
15246,-6289.4004,-6231.9539,-57.446438,-0.49304335,-0.35509194
15247,-6774.2272,-6772.9443,-1.2828503,-0.0107204,0.24932709
15248,-6273.6685,-6186.2572,-87.411331,-0.68641706,1.0491004
15249,-6230.7635,-6138.595,-92.168491,-0.79199926,0.067202176
15250,-5561.9218,-5631.0173,69.095487,0.55735645,0.54618058
15251,-4890.6965,-4932.2994,41.602962,0.35601181,1.6350699
15252,-5567.1657,-5493.9271,-73.238672,-0.54070549,0.55266941
15253,-8271.1359,-8338.4261,67.290163,0.54319628,-0.10910832
15254,-6356.1415,-6238.833,-117.30851,-0.94686774,-0.35428893
15255,-6412.3948,-6389.6814,-22.713404,-0.18088509,0.75249348
15256,-5370.7561,-5363.2246,-7.531484,-0.062628261,0.032825689
15257,-6253.6462,-6219.6699,-33.976317,-0.29234717,-1.3078632
15258,-5733.0652,-5619.7159,-113.34925,-0.9692242,-0.14706716
15259,-6285.5866,-6364.6219,79.035289,0.67749673,1.1964614
15260,-6238.8678,-6081.1056,-157.76222,-1.3566398,1.6839508
15261,-5675.3818,-5776.4607,101.0789,0.87642091,1.3314052
15262,-5975.2402,-5918.4645,-56.775732,-0.48264614,0.4652772
15263,-6056.7598,-5952.3685,-104.39125,-0.92271994,0.86322037
15264,-6031.4935,-6003.9616,-27.53187,-0.24403749,1.9858515
15265,-6234.1006,-6185.7658,-48.334724,-0.44762855,0.55219383
15266,-6041.5047,-6141.5432,100.03853,0.89342183,-0.66618329
15267,-6223.6127,-6143.0173,-80.595388,-0.70395635,-1.9550282
15268,-6039.121,-5995.6084,-43.512598,-0.3749267,0.59206551
15269,-6331.352,-6465.3512,133.99929,1.158838,0.38858189
15270,-6160.2086,-6062.4338,-97.774785,-0.81563935,0.39305624
15271,-6365.676,-6292.8829,-72.79306,-0.62150022,-0.76497452
15272,-6450.5326,-6506.6257,56.093131,0.50165292,-0.53172863
15273,-6559.702,-6452.5758,-107.12623,-0.93485987,-0.0098136028
15274,-6383.7914,-6244.7294,-139.06207,-1.2435358,-0.15596898
15275,-6165.9292,-6297.7965,131.86731,1.1557973,1.1029348
15276,-6242.6816,-6181.8349,-60.846631,-0.53608351,1.885601
15277,-6433.8473,-6394.1036,-39.743653,-0.34729522,1.1585065
15278,-6404.2905,-6383.2937,-20.996837,-0.17908852,-0.26711595
15279,-6548.7374,-6508.5912,-40.146259,-0.33847652,-1.4416864
15280,-6322.2942,-6281.0902,-41.204016,-0.3467411,-1.5670266
15281,-6351.851,-6423.5854,71.734388,0.61930014,-1.6239206
15282,-6366.6294,-6313.0288,-53.600632,-0.47081797,-1.8867377
15283,-6364.2458,-6287.9693,-76.27652,-0.66031238,-0.30491109
15284,-6381.4078,-6512.0307,130.62289,1.1371054,0.31844886
15285,-6415.7318,-6238.833,-176.89883,-1.5307611,2.2161206
15286,-6181.1844,-6266.3493,85.164971,0.75672299,-0.015863711
15287,-6283.203,-6305.6583,22.45537,0.19882143,-0.1168917
15288,-6325.1546,-6162.1804,-162.97414,-1.4142885,2.7547562
15289,-6284.1564,-6271.7543,-12.402106,-0.10923814,2.0626777
15290,-6223.1359,-6144.9827,-78.153215,-0.69356954,2.793778
15291,-6033.8771,-6073.2438,39.366667,0.34676485,1.0757869
15292,-6238.8678,-6177.4127,-61.455116,-0.53525481,0.02866471
15293,-5996.6927,-5917.4818,-79.210972,-0.7034985,0.7970596
15294,-6006.7039,-6103.7083,97.004343,0.85348704,0.20916456
15295,-6067.2477,-6004.9443,-62.303334,-0.52168296,-0.53199022
15296,-5954.7412,-5913.5509,-41.190291,-0.35062929,-0.28354114
15297,-5924.2309,-5979.3935,55.162562,0.49341477,-1.0467411
15298,-6091.5605,-6021.1593,-70.401212,-0.62167347,0.71563416
15299,-6020.5289,-5958.2649,-62.263989,-0.56479985,1.1140033
15300,-5951.4041,-5997.5739,46.1698,0.41467753,1.6573803
15301,-5991.4488,-6003.4702,12.02146,0.10875139,1.6105314
15302,-5922.8007,-5866.38,-56.420706,-0.51380496,0.15108672
15303,-6072.9683,-5992.1689,-80.799437,-0.70641861,-0.32316399
15304,-5986.2048,-5942.5413,-43.663575,-0.37084151,-0.74404757
15305,-5990.4953,-5928.2917,-62.203598,-0.5316392,-0.10005333
15306,-5971.4264,-6004.9443,33.517895,0.29046688,-1.0819585
15307,-6137.3259,-6008.8752,-128.45064,-1.1055427,-0.73460755
15308,-6043.8883,-5962.6871,-81.201128,-0.71821066,0.80984535
15309,-6177.8473,-6308.1152,130.26786,1.0954471,1.1502391
15310,-5570.5028,-5425.6276,-144.87515,-1.1843706,0.64353532
15311,-6140.6629,-6325.8042,185.14128,1.501408,0.46733189
15312,-4931.2179,-4894.9559,-36.262023,-0.29623839,0.80144674
15313,-5887.0466,-5769.0902,-117.95634,-1.0044476,1.6296883
15314,-6122.5475,-6181.3436,58.796084,0.47091211,1.9782665
15315,-6595.4562,-6439.8004,-155.65585,-1.207736,1.9004581
15316,-4173.7058,-4259.6238,85.918028,0.72099768,1.7027452
15317,-3915.7989,-3792.3378,-123.46107,-1.0369087,-0.0065374652
15318,-5313.5493,-5192.2303,-121.31902,-0.98037662,0.38499901
15319,-6277.959,-6365.1132,87.154212,0.77163194,1.5194196
15320,-5700.648,-5563.7006,-136.94747,-1.1613622,0.80334691
15321,-5294.4804,-5282.1497,-12.330735,-0.10829285,-0.37950465
15322,-4841.594,-4813.881,-27.713043,-0.24374541,-0.66922649
15323,-5079.0019,-5056.1228,-22.879022,-0.19996198,-1.0228885
15324,-5274.4581,-5130.3186,-144.13948,-1.2784166,-0.31749244
15325,-5693.4972,-5836.4069,142.9097,1.2529519,-0.0073446913
15326,-5716.3799,-5751.4012,35.021263,0.3122402,0.83206602
15327,-5361.6983,-5256.1075,-105.59084,-0.92914162,0.26197064
15328,-5354.0708,-5421.2054,67.134611,0.5928144,-0.23264917
15329,-5528.5512,-5467.8848,-60.666374,-0.51168372,-1.2822061
15330,-5601.4898,-5493.9271,-107.56269,-0.91415255,-1.4720508
15331,-5927.0912,-6074.7179,147.6266,1.3037911,-1.8383226
15332,-5647.7318,-5421.6967,-226.03511,-2.0413491,-1.3645081
15333,-5745.9367,-5675.7313,-70.205399,-0.60480845,0.57110518
15334,-5909.4525,-5976.4453,66.992784,0.56736471,1.4584154
15335,-5749.7505,-5559.2783,-190.47215,-1.6108566,1.4755141
15336,-5490.4134,-5607.9232,117.50982,0.9962745,0.77162711
15337,-5837.4674,-5763.6852,-73.782191,-0.6121152,1.2499696
15338,-5928.9981,-5881.1209,-47.877216,-0.4168555,1.6367124
15339,-6111.5829,-6112.5528,0.96991533,0.0083613503,2.7843516
15340,-5738.3091,-5730.7639,-7.5452092,-0.066950925,1.1521604
15341,-5664.4171,-5778.4261,114.00897,0.98176333,0.05435822
15342,-5801.7132,-5673.2745,-128.43875,-1.0954687,0.1452801
15343,-5817.4451,-5786.7793,-30.665795,-0.2703183,1.5611059
15344,-5852.2458,-5907.6545,55.408701,0.48995001,0.81024441
15345,-5981.4376,-5758.2802,-223.15739,-1.934859,0.47600688
15346,-5718.2868,-5801.5202,83.233375,0.72513955,-0.34674147
15347,-5602.4432,-5458.5489,-143.89426,-1.2894005,0.70286482
15348,-5698.2644,-5675.7313,-22.533146,-0.20096285,-0.11344872
15349,-5836.514,-5691.9463,-144.56771,-1.2659931,-0.3954545
15350,-5611.0242,-5693.4203,82.396137,0.72434457,-0.46712194
15351,-5642.9646,-5694.4031,51.438453,0.45895306,1.0733346
15352,-5575.7467,-5381.405,-194.34175,-1.719074,0.69755302
15353,-5503.7616,-5639.8618,136.10017,1.1923833,-0.84039648
15354,-5583.851,-5530.2879,-53.563116,-0.4548368,-1.0388107
15355,-5393.162,-5375.0173,-18.144737,-0.15488315,-0.76017909
15356,-5493.7505,-5601.5355,107.78504,0.92219669,-2.1266859
15357,-5590.5251,-5384.8445,-205.68061,-1.7643053,-0.48418169
15358,-5283.0391,-5309.666,26.626921,0.22953964,0.5010762
15359,-5474.6816,-5486.5566,11.875058,0.10362366,0.25068044
15360,-5492.3203,-5257.5816,-234.73872,-2.0126389,1.391522
15361,-5192.4618,-5389.2668,196.80497,1.6803954,-1.2465272
15362,-5432.2533,-5187.3167,-244.93656,-2.0740961,-1.6325564
15363,-5326.8976,-5307.2092,-19.688366,-0.16741729,1.0220254
15364,-5410.8007,-5387.7927,-23.008039,-0.19845452,1.9854937
15365,-5301.1546,-5231.048,-70.106578,-0.61340982,1.1629921
15366,-5260.6331,-5397.62,136.98681,1.1946535,0.2861896
15367,-5427.486,-5246.2802,-181.2058,-1.5793176,1.0790137
15368,-5163.8585,-5232.0307,68.172237,0.60124479,2.3136902
15369,-5464.6704,-5484.0998,19.429417,0.16770777,1.0930637
15370,-5129.5345,-5083.1478,-46.386658,-0.39999073,-0.10417841
15371,-5134.3017,-5127.8618,-6.4398718,-0.056296537,-0.32898166
15372,-5538.5624,-5456.5835,-81.97889,-0.73169035,1.2942302
15373,-5066.1304,-5097.3973,31.266959,0.25558305,1.1771577
15374,-5108.0819,-4899.3781,-208.70382,-1.7562888,-0.5629072
15375,-4291.4562,-4367.2322,75.776007,0.60144409,-1.1449902
15376,-3719.8659,-3845.8964,126.03043,1.1133115,-0.2405525
15377,-4430.1825,-4157.4203,-272.76215,-2.0932521,0.16795823
15378,-7092.2011,-7252.5144,160.31328,1.2686582,-1.0217494
15379,-5227.2626,-5057.5969,-169.66564,-1.3230652,-0.36678283
15380,-5161.9516,-5189.7735,27.82193,0.21544012,-1.1418849
15381,-4204.6927,-4291.5624,86.869643,0.70844833,-3.0850956
15382,-5103.7914,-4901.8349,-201.9565,-1.7131887,-1.884512
15383,-4495.4935,-4579.0096,83.516115,0.70147024,-1.4048877
15384,-5117.6164,-5135.2322,17.615858,0.1481634,-0.7744519
15385,-4913.5791,-4855.6468,-57.93231,-0.49895249,-0.3398827
15386,-4554.6071,-4614.8791,60.272002,0.5101601,-0.084989764
15387,-4756.7374,-4639.4472,-117.29021,-0.98906415,-0.01019801
15388,-4843.5009,-4844.3455,0.84455834,0.0070613501,1.0268312
15389,-4843.0242,-4745.0902,-97.933997,-0.83119195,2.562221
15390,-5034.6667,-5003.547,-31.119642,-0.27093261,2.6121614
15391,-4878.7784,-5009.9347,131.15634,1.1492122,1.1805304
15392,-5057.0726,-4858.595,-198.47762,-1.6949048,-0.293137
15393,-4843.0242,-4914.6104,71.586156,0.60592527,0.2790152
15394,-5248.7151,-5269.3743,20.659196,0.17267382,1.2703703
15395,-4931.2179,-4881.6891,-49.528818,-0.40919447,0.94618372
15396,-5210.5773,-5202.5489,-8.0283369,-0.06897604,-0.079522337
15397,-5318.3166,-5217.2898,-101.02675,-0.9265723,0.84733735
15398,-5297.3408,-5417.2745,119.93369,1.0819731,1.1553856
15399,-5231.5531,-5016.8138,-214.73925,-1.9045004,0.16227331
15400,-4886.406,-5106.7332,220.32725,1.899977,0.38957918
15401,-5076.6182,-5056.6142,-20.004046,-0.17778492,0.44365734
15402,-5217.2514,-5091.9923,-125.25907,-1.1420462,0.63753752
15403,-5156.2309,-5315.5624,159.33147,1.4702989,0.56955901
15404,-5420.3352,-5185.8426,-234.49259,-2.0280106,-0.11337001
15405,-5104.2682,-5156.8522,52.584051,0.43942411,-0.70712231
15406,-5166.7188,-5233.9962,67.277353,0.58475136,-1.2784497
15407,-5257.2961,-5044.3301,-212.96596,-1.891377,-1.1437205
15408,-5164.3352,-5222.6948,58.359622,0.51348794,-0.61949721
15409,-5288.7598,-5279.6929,-9.0668783,-0.078280687,-0.63609577
15410,-5206.2868,-5112.6296,-93.65722,-0.8286099,0.77044935
15411,-5014.6443,-5075.286,60.641668,0.52342017,0.44193653
15412,-5172.9162,-5094.4491,-78.467065,-0.63818034,-0.82189046
15413,-5102.838,-5096.4146,-6.4234015,-0.053790134,-0.13582434
15414,-5103.7914,-5031.5547,-72.236731,-0.62529407,0.67212744
15415,-4945.9963,-4980.453,34.456699,0.30822464,1.0273439
15416,-4859.7095,-4921.4894,61.779946,0.5222249,1.5803011
15417,-5064.2235,-4905.2745,-158.94899,-1.3458039,0.35315703
15418,-4773.8994,-4823.7083,49.808812,0.4381365,-0.01170634
15419,-4817.7579,-4823.2169,5.4589763,0.047623918,-0.28596638
15420,-4893.5568,-4849.2591,-44.29768,-0.37412358,-0.59620735
15421,-4739.0987,-4738.2111,-0.88756402,-0.0076444918,0.075376223
15422,-4834.9199,-4735.7543,-99.165607,-0.88884625,1.2352617
15423,-4901.6611,-4938.6871,37.02606,0.32712397,0.87270037
15424,-4881.6387,-4703.3244,-178.31436,-1.5583728,0.63000853
15425,-4727.1806,-4883.1631,155.98251,1.3313746,0.21306837
15426,-4821.095,-4777.0288,-44.066181,-0.38358227,0.31730106
15427,-4798.2123,-4688.0921,-110.12016,-1.0031919,0.96061056
15428,-4831.5829,-4940.6526,109.06972,0.97569659,-0.20991097
15429,-4812.514,-4701.8503,-110.66368,-0.95279646,-0.59167162
15430,-4728.6108,-4791.7697,63.158873,0.53594382,-1.3305536
15431,-4792.0149,-4804.0537,12.038845,0.10370586,-0.97156092
15432,-4920.2533,-4776.5374,-143.71583,-1.2603311,-1.2576272
15433,-4796.3054,-4857.1209,60.815521,0.52701363,1.5849595
15434,-4951.2402,-4999.1248,47.884537,0.41807299,0.38754728
15435,-4413.4972,-4285.666,-127.83118,-1.0749532,0.67877686
15436,-4981.2737,-5084.1305,102.85678,0.84298477,-0.22928335
15437,-3766.5847,-3676.8676,-89.717168,-0.72195144,-0.16802176
15438,-4715.2626,-4676.7908,-38.471783,-0.31244669,0.28673889
15439,-5003.203,-4950.4798,-52.723133,-0.42053852,-0.062360986
15440,-5399.8361,-5337.6737,-62.162422,-0.489664,0.4933301
15441,-2975.2253,-3026.7946,51.5693,0.43737114,1.4411555
15442,-2757.3631,-2619.9463,-137.41687,-1.1654704,0.32241234
15443,-4084.5587,-4107.7927,23.234047,0.1800671,0.50915003
15444,-5083.7691,-5172.5758,88.806728,0.75845867,-1.011375
15445,-4460.216,-4399.1708,-61.04519,-0.52001195,-2.333558
15446,-4074.0708,-4116.6372,42.566473,0.369281,-0.20847891
15447,-3673.6238,-3564.8369,-108.78698,-0.97759629,0.54736292
15448,-3859.5456,-3949.5739,90.028273,0.81770765,0.56729697
15449,-4078.3613,-3842.9482,-235.41309,-2.1058701,0.62564387
15450,-4472.6108,-4636.9904,164.3796,1.4238819,0.88168751
15451,-4547.933,-4524.9597,-22.973268,-0.20195523,1.5205209
15452,-4210.4134,-4040.476,-169.9374,-1.5209689,0.86097785
15453,-4198.0186,-4315.6392,117.62053,1.05178,0.090448017
15454,-4376.7896,-4251.2706,-125.51894,-1.0974038,1.1219788
15455,-4439.2402,-4402.6104,-36.629859,-0.31425829,1.0754343
15456,-4783.9106,-4847.2937,63.383052,0.54691805,0.56025112
15457,-4482.1453,-4307.286,-174.85926,-1.5544166,-0.54534469
15458,-4499.3073,-4592.2764,92.969129,0.79772052,-0.67837365
15459,-4688.5661,-4752.952,64.385907,0.56462168,-0.81756494
15460,-4534.108,-4405.0672,-129.04083,-1.1659631,0.81255718
15461,-4269.0503,-4454.2035,185.15318,1.6372511,0.16892036
15462,-4665.2067,-4545.1056,-120.10114,-1.0163991,0.295195
15463,-4739.0987,-4735.7543,-3.3443778,-0.02812473,0.069046461
15464,-4901.6611,-4821.2514,-80.409641,-0.70896321,0.03042708
15465,-4552.2235,-4549.5278,-2.6956326,-0.023684521,0.065368624
15466,-4520.7598,-4577.0441,56.284369,0.50513611,0.38856444
15467,-4649.4749,-4447.3244,-202.15048,-1.7665018,1.079822
15468,-4666.6369,-4701.3589,34.722054,0.30239106,1.5276698
15469,-4667.1136,-4710.2035,43.089861,0.36689905,1.0371374
15470,-4808.2235,-4693.0058,-115.21771,-0.95263544,-1.1058202
15471,-4552.7002,-4583.4319,30.731676,0.2569517,-1.1868151
15472,-4419.2179,-4349.5432,-69.674691,-0.6133232,0.27723143
15473,-4493.1099,-4628.6372,135.52737,1.1811458,0.92889494
15474,-4593.2216,-4426.6871,-166.53446,-1.4298695,0.078783878
15475,-4464.5065,-4608,143.49348,1.1999216,0.24968368
15476,-4385.8473,-4437.4971,51.649821,0.45509934,0.64285456
15477,-4422.5549,-4201.643,-220.91194,-1.9656665,0.059550093
15478,-4300.514,-4463.048,162.53402,1.4326989,0.59993121
15479,-4379.1732,-4197.2207,-181.95245,-1.5622028,0.76864782
15480,-4262.3762,-4303.8464,41.470285,0.35749617,0.53942523
15481,-4285.2588,-4335.785,50.526183,0.43630138,0.28317554
15482,-4440.1937,-4215.4012,-224.79252,-2.0103091,-0.56393646
15483,-4106.9646,-4208.5221,101.55745,0.89681025,1.2140959
15484,-4275.2477,-4288.6142,13.366531,0.11771997,-0.030119319
15485,-4327.2104,-4216.3839,-110.82655,-0.98910647,-0.33051218
15486,-4046.4209,-4106.81,60.389124,0.5619119,0.88498538
15487,-4198.9721,-4139.2399,-59.732144,-0.52551441,0.42556607
15488,-4161.7877,-4186.4107,24.623039,0.21108742,0.34696598
15489,-4185.1471,-4145.1363,-40.010837,-0.34631028,1.2676783
15490,-4077.4078,-4133.3436,55.935749,0.49964567,0.99770525
15491,-4088.3724,-4124.0077,35.635238,0.3189757,0.10820528
15492,-4211.8436,-4105.3359,-106.50768,-0.94980692,-0.12757047
15493,-4012.0968,-4047.8464,35.749615,0.32126936,1.3135706
15494,-4277.6313,-4208.5221,-69.109212,-0.59035913,1.7693812
15495,-3934.3911,-3972.6679,38.276885,0.31990086,-0.20917078
15496,-3992.0745,-3915.6699,-76.404622,-0.65084197,-0.8351343
15497,-4377.743,-4290.0883,-87.654725,-0.76382815,-0.31611987
15498,-3895.7765,-3978.5643,82.787763,0.68184524,1.4783652
15499,-3908.648,-3722.0729,-186.57511,-1.6123547,1.7595573
15500,-3104.4171,-3271.4933,167.07615,1.3411642,1.0564132
15501,-2641.9963,-2581.1286,-60.867677,-0.53013569,1.0129559
15502,-3225.0279,-3099.025,-126.00298,-0.95736927,0.74202197
15503,-5926.1378,-6078.6488,152.51095,1.2339142,-0.93587909
15504,-3972.5289,-3821.8196,-150.70929,-1.1940321,-0.7236615
15505,-3973.959,-4045.3896,71.430604,0.57137309,-0.32705604
15506,-3055.7914,-3050.8714,-4.9200327,-0.040868859,-0.043711159
15507,-3862.8827,-3736.8138,-126.06886,-1.0884875,-1.4408682
15508,-3345.162,-3419.3935,74.231463,0.63709196,0.96901291
15509,-3933.9143,-3849.3359,-84.578446,-0.72344826,-0.57156391
15510,-3749.4227,-3765.8042,16.381504,0.14074044,-0.71036179
15511,-3455.7616,-3364.8522,-90.909431,-0.7864211,-0.18675984
15512,-3518.689,-3501.4511,-17.237957,-0.14685151,-0.41263123
15513,-3753.7132,-3746.6411,-7.0721467,-0.058853182,0.17127733
15514,-3614.5102,-3502.9251,-111.5851,-0.96164049,0.49404626
15515,-3865.2663,-3926.9712,61.704915,0.54502993,0.63940279
15516,-3777.5493,-3745.6583,-31.890999,-0.28247734,-0.86858648
15517,-3828.0819,-3763.8388,-64.243165,-0.57129169,-1.5081372
15518,-3735.5978,-3763.8388,28.241006,0.24774126,-1.1514649
15519,-3953.9367,-3995.2706,41.333948,0.34923187,-0.47209378
15520,-3773.2588,-3790.8637,17.604878,0.14486209,-0.88782819
15521,-4027.8287,-3880.2917,-147.53693,-1.23833,-0.63925859
15522,-4049.2812,-4143.1708,93.889634,0.81838661,-0.10076035
15523,-4183.7169,-4162.8253,-20.89161,-0.18528567,0.64983018
15524,-4009.7132,-3787.9155,-221.79767,-2.0090327,1.1288347
15525,-3738.4581,-4004.1152,265.65706,2.370935,0.98654192
15526,-3911.0317,-3762.3647,-148.66697,-1.311722,1.0008649
15527,-4085.0354,-4004.1152,-80.920219,-0.71704816,1.0749444
15528,-4071.6872,-4181.4971,109.80997,0.96492111,0.73163566
15529,-4155.5903,-4019.8388,-135.75154,-1.1770563,0.32607049
15530,-3981.1099,-4037.0365,55.926599,0.47123265,0.6503306
15531,-4037.3631,-3945.643,-91.720134,-0.79247621,-0.47289063
15532,-4009.2365,-4015.4165,6.1800076,0.054637708,0.59307253
15533,-4027.8287,-4020.8215,-7.0071807,-0.061134658,1.8325493
15534,-3975.8659,-4065.0441,89.178224,0.75630061,1.0726729
15535,-4056.9088,-4009.5202,-47.388599,-0.41271748,0.48318755
15536,-3832.3724,-3795.286,-37.086451,-0.33023042,0.0010460252
15537,-3929.1471,-4004.6065,75.459412,0.66331643,0.91697189
15538,-3984.9236,-3874.8868,-110.03689,-0.93224706,0.7233224
15539,-3857.6387,-3814.4491,-43.189597,-0.37818028,-0.44309247
15540,-3812.8268,-3871.9386,59.111764,0.52617458,-0.99768407
15541,-3737.5047,-3676.8676,-60.637093,-0.53173441,-0.84476395
15542,-3836.6629,-3829.19,-7.4729231,-0.064667433,-0.62475149
15543,-3729.4004,-3627.7313,-101.66909,-0.90416434,-0.73160786
15544,-3548.7225,-3643.9463,95.223725,0.84092079,-0.74084141
15545,-3808.5363,-3689.643,-118.89332,-0.99952584,-0.7476267
15546,-3595.9181,-3488.6756,-107.24244,-0.88881671,-1.8223612
15547,-3608.7896,-3705.858,97.068394,0.84070941,-0.74379508
15548,-3744.6555,-3708.8061,-35.849351,-0.31405876,-0.029808949
15549,-3599.7318,-3508.8215,-90.910346,-0.83660365,-0.22892111
15550,-3581.6164,-3790.8637,209.24734,1.8547426,0.93702609
15551,-3599.2551,-3486.7102,-112.54495,-0.98094441,2.88604
15552,-3590.6741,-3628.714,38.039896,0.33518193,1.1502585
15553,-3638.3464,-3647.8772,9.5307906,0.084763022,0.30797742
15554,-3614.0335,-3543.2169,-70.816629,-0.59705986,-0.96681601
15555,-3614.5102,-3628.2226,13.712407,0.11900414,-0.26130828
15556,-3650.2644,-3544.691,-105.57345,-0.9227229,-0.60715056
15557,-3710.3315,-3696.5221,-13.809398,-0.12023807,0.6116667
15558,-3738.9348,-3672.4453,-66.489526,-0.57916168,1.0331219
15559,-3759.9106,-3832.1382,72.227581,0.61032347,0.8295552
15560,-3299.8734,-3150.618,-149.25533,-1.2360506,0.099134725
15561,-3797.095,-3833.1209,36.025949,0.3011422,0.016062798
15562,-2611.0093,-2648.9367,37.927349,0.31169663,0.82669337
15563,-3528.7002,-3467.547,-61.153161,-0.50821883,0.55233895
15564,-3783.27,-3770.2265,-13.043531,-0.10150498,0.62590613
15565,-4252.8417,-4201.643,-51.198719,-0.40653392,-0.29446129
15566,-1752.432,-1784.1382,31.706166,0.27091768,0.53096017
15567,-1572.7076,-1523.7159,-48.991704,-0.41787722,-0.61254008
15568,-2889.4153,-2807.6468,-81.768437,-0.66030112,1.2823439
15569,-3902.4507,-4055.7083,153.2576,1.3282927,0.47115753
15570,-3276.0372,-3139.8081,-136.22918,-1.1195179,-1.3875532
15571,-2956.1564,-2891.6699,-64.486559,-0.54939226,-2.3283826
15572,-2500.8864,-2477.9424,-22.943988,-0.19972582,-0.64210987
15573,-2721.1322,-2696.1075,-25.02473,-0.21954852,-1.090344
15574,-2873.2067,-2753.5969,-119.60977,-1.073861,-0.85173345
15575,-3342.7784,-3421.3589,78.580527,0.67623427,1.3301417
15576,-3383.2998,-3375.1708,-8.1289884,-0.069795927,0.90624543
15577,-3019.0838,-2977.6583,-41.42545,-0.36292359,0.97521998
15578,-3003.352,-3092.6372,89.285281,0.77827217,-0.96572222
15579,-3176.879,-3108.8522,-68.02675,-0.58230488,-1.5167963
15580,-3213.5866,-3212.5298,-1.0568417,-0.0090131051,-0.90671661
15581,-3615.4637,-3641.4894,26.025756,0.22931777,0.57684904
15582,-3285.5717,-3210.5643,-75.007395,-0.66855605,0.53092742
15583,-3343.7318,-3296.5528,-47.17906,-0.41532108,2.2360184
15584,-3472.4469,-3588.4223,115.97534,1.0126663,0.88560659
15585,-3363.2775,-3217.4434,-145.83409,-1.2691915,0.73314675
15586,-3168.298,-3189.4357,21.137749,0.18387417,0.45153122
15587,-3475.3073,-3490.1497,14.84245,0.12687837,1.6579266
15588,-3594.9646,-3539.7774,-55.187267,-0.46905521,2.6269052
15589,-3729.4004,-3704.3839,-25.016495,-0.21981731,1.6528219
15590,-3463.3892,-3386.4722,-76.91703,-0.70543117,1.2518785
15591,-3326.5698,-3407.6008,81.030935,0.73045234,0.61551379
15592,-3471.0168,-3369.7658,-101.25092,-0.87999609,0.1203908
15593,-3484.8417,-3469.0211,-15.8206,-0.13761941,0.24064355
15594,-3423.3445,-3571.7159,148.37142,1.2982538,0.47069577
15595,-3591.1508,-3514.7179,-76.432988,-0.64262368,0.10170646
15596,-3396.648,-3344.215,-52.433073,-0.44545616,-0.10914998
15597,-3165.4376,-3240.0461,74.608449,0.650225,-1.4271219
15598,-3381.8696,-3299.501,-82.368686,-0.72292882,-0.10332504
15599,-3389.9739,-3330.9482,-59.025753,-0.51244381,-1.1449306
15600,-3314.175,-3348.6372,34.46219,0.30384592,1.0358082
15601,-3274.1304,-3233.6583,-40.472004,-0.35378852,1.9682317
15602,-3214.0633,-3158.4798,-55.583468,-0.49491661,1.9209011
15603,-3167.3445,-3216.952,49.607509,0.43266181,-0.3969648
15604,-3217.4004,-3144.2303,-73.170046,-0.62701665,-0.71199802
15605,-3129.6834,-3066.595,-63.088417,-0.54038999,-1.5683645
15606,-3106.8007,-3190.9098,84.109044,0.72099801,-1.8738819
15607,-3225.0279,-3128.5067,-96.521215,-0.81689721,-0.38927866
15608,-2931.8436,-2979.6238,47.780225,0.41133247,1.357497
15609,-3043.3966,-3157.4971,114.10047,0.97016781,0.67509449
15610,-3145.892,-2986.5029,-159.38911,-1.3419067,1.2990958
15611,-2822.1974,-2924.5912,102.39378,0.87954661,0.22121223
15612,-3001.9218,-3011.071,9.1492296,0.081838601,0.57342457
15613,-3031.0019,-2876.929,-154.07288,-1.2917363,2.592051
15614,-2933.2737,-3041.5355,108.26177,0.94723807,1.7718217
15615,-3012.8864,-2840.0768,-172.80963,-1.5392497,1.4541481
15616,-2876.5438,-2957.5125,80.968714,0.7162218,0.47183566
15617,-3135.4041,-3023.8464,-111.55765,-0.98504939,0.94512622
15618,-2855.568,-2812.5605,-43.00751,-0.37882054,0.44374442
15619,-3051.5009,-3174.6948,123.19389,1.084218,0.18904566
15620,-2884.1713,-2693.1593,-191.01201,-1.6562339,-0.23166576
15621,-2763.0838,-2803.7159,40.632132,0.35831903,0.0076109429
15622,-3181.6462,-3223.3397,41.693549,0.35957972,0.30054438
15623,-2662.0186,-2705.4434,43.424756,0.34975845,1.3350337
15624,-2718.2719,-2602.2572,-116.01468,-0.96967852,-0.39101186
15625,-1915.9479,-2040.6296,124.6817,1.0114004,0.065661716
15626,-1423.0168,-1383.6775,-39.339217,-0.3397074,2.0193265
15627,-2027.9777,-1954.6411,-73.336579,-0.55127564,1.7170221
15628,-4797.7356,-4818.3033,20.567695,0.16439537,0.1559964
15629,-2758.3166,-2681.858,-76.458608,-0.58960796,-0.8904517
15630,-2892.2756,-2839.094,-53.181555,-0.40563628,-0.99148871
15631,-1837.7654,-1849.9808,12.215443,0.097140214,-2.5787301
15632,-2792.1639,-2691.1939,-100.97002,-0.81904381,-1.7939741
15633,-2117.6015,-2146.7639,29.162426,0.24283124,-0.026917439
15634,-2767.851,-2823.3704,55.519417,0.46481589,1.595844
15635,-2689.6685,-2538.8714,-150.79713,-1.2745746,0.001243592
15636,-2170.041,-2259.7774,89.736383,0.73695523,-0.082145261
15637,-2382.6592,-2380.1612,-2.4979895,-0.020889868,-0.010941422
15638,-2451.3073,-2474.5029,23.195617,0.19839836,0.067191624
15639,-2438.4358,-2439.6161,1.1803687,0.010186997,2.6502993
15640,-2704.4469,-2681.3666,-23.080325,-0.20435304,1.9932631
15641,-2521.3855,-2594.8868,73.501281,0.64132505,0.91563307
15642,-2662.4953,-2609.1363,-53.359068,-0.45504478,1.0627677
15643,-2552.3724,-2491.2092,-61.163226,-0.51573109,0.50024261
15644,-2789.3035,-2930.4875,141.18399,1.2194611,0.17797088
15645,-2676.797,-2513.8119,-162.98512,-1.3749748,0.56260959
15646,-2768.8045,-2799.785,30.98056,0.26379239,-0.36221468
15647,-3012.4097,-3020.8983,8.4885891,0.072553479,-0.20755287
15648,-2934.2272,-2948.6679,14.440758,0.1227761,0.19566457
15649,-2884.648,-2747.2092,-137.43883,-1.1805451,-0.4610472
15650,-2623.4041,-2728.5374,105.13333,0.9213993,1.3781644
15651,-2709.6909,-2720.6756,10.984749,0.097937933,1.605029
15652,-2925.6462,-2835.1631,-90.483035,-0.81733045,1.2956144
15653,-2774.5251,-2913.7812,139.25605,1.210526,-0.63585721
15654,-3047.6872,-2924.0998,-123.58734,-1.0293999,-1.4845473
15655,-2733.0503,-2741.3129,8.2625806,0.069221016,-1.2290595
15656,-2846.5102,-2866.6104,20.100123,0.17456233,-1.64552
15657,-2892.2756,-2778.6564,-113.61918,-1.0016589,-1.1103071
15658,-2786.9199,-2799.785,12.865103,0.11160091,-1.0777596
15659,-2861.7654,-2969.7965,108.03118,0.95680442,-0.09995799
15660,-2935.6574,-2703.4779,-232.17943,-2.0082771,0.79279405
15661,-2653.4376,-2753.5969,100.15931,0.84234286,0.46903773
15662,-2852.7076,-2825.8273,-26.88038,-0.22067507,-0.63507205
15663,-2735.4339,-2653.3589,-82.074967,-0.69733233,1.4506828
15664,-2730.6667,-2762.4415,31.774792,0.27267061,2.7086799
15665,-2686.3315,-2577.1977,-109.13377,-0.96628763,1.1968641
15666,-2499.4562,-2637.144,137.68772,1.1677011,0.6881775
15667,-2709.6909,-2609.6276,-100.06324,-0.85483219,0.9965175
15668,-2425.5642,-2436.1766,10.612338,0.090839698,0.87441274
15669,-2399.3445,-2549.6814,150.33688,1.2912935,-0.35891195
15670,-2578.1155,-2410.6257,-167.48974,-1.4265809,0.11397526
15671,-2402.2048,-2461.7274,59.522606,0.51236739,0.44730236
15672,-2449.8771,-2396.3762,-53.500895,-0.47698675,0.71185574
15673,-2495.1657,-2573.7582,78.592422,0.68737346,0.10016523
15674,-2501.3631,-2353.1363,-148.22685,-1.3025473,-0.41076045
15675,-2429.378,-2518.7255,89.347502,0.7912254,0.39623539
15676,-2418.4134,-2447.4779,29.064519,0.25920431,0.90557707
15677,-2479.9106,-2393.9194,-85.991229,-0.75521822,1.3890002
15678,-2439.8659,-2506.9328,67.0669,0.58724047,-0.29145948
15679,-2503.27,-2402.2726,-100.99747,-0.87521706,-1.5409547
15680,-2460.365,-2405.7121,-54.652899,-0.47755219,-2.1423214
15681,-2428.9013,-2512.3378,83.436508,0.72462917,-2.828154
15682,-2589.5568,-2507.9155,-81.64125,-0.7006711,-1.9893556
15683,-2446.0633,-2478.4338,32.370466,0.28282729,-0.72150062
15684,-2623.8808,-2720.6756,96.794804,0.8524242,0.39562978
15685,-2081.8473,-1876.5144,-205.3329,-1.7120275,0.073618764
15686,-2614.3464,-2791.4319,177.08549,1.4103547,-0.15016807
15687,-1458.2942,-1331.5931,-126.70114,-1.0479474,0.080997798
15688,-2302.0931,-2317.2668,15.173685,0.12704257,0.815819
15689,-2653.4376,-2615.524,-37.913624,-0.301075,0.71386037
15690,-3109.6611,-2959.9693,-149.69179,-1.1548637,1.0797296
15691,-577.78771,-734.09597,156.30826,1.3125441,1.592667
15692,-451.93296,-283.02495,-168.90801,-1.397628,-0.058311199
15693,-1683.3073,-1743.3551,60.047824,0.47139538,0.33728303
15694,-2807.8957,-2829.7582,21.86244,0.1862145,0.16101336
15695,-2122.8454,-1987.5624,-135.28306,-1.120234,0.052745062
15696,-1775.3147,-1853.9117,78.596997,0.6596434,-0.14880945
15697,-1299.0689,-1243.6392,-55.429746,-0.49117226,-0.3948564
15698,-1511.2104,-1582.6795,71.469034,0.63290814,-0.59724763
15699,-1716.6778,-1534.0345,-182.64329,-1.6314218,-0.753331
15700,-2128.5661,-2218.0115,89.445408,0.78060506,0.76189863
15701,-2198.1676,-2254.3724,56.204763,0.49825161,0.45237746
15702,-1883.5307,-1672.5988,-210.93188,-1.9051933,0.38671064
15703,-1734.7933,-1984.1228,249.32954,2.2333132,-0.46037104
15704,-2080.4171,-1888.3071,-192.11003,-1.6724526,-0.698982
15705,-2058.0112,-2035.2246,-22.786605,-0.19703943,-1.2749946
15706,-2454.1676,-2570.3186,116.15102,1.0236161,-1.984988
15707,-2185.7728,-2002.3033,-183.46955,-1.6007974,-1.2128745
15708,-2111.4041,-2221.4511,110.04696,0.92558417,0.019950586
15709,-2403.1583,-2370.8253,-32.332951,-0.27442317,1.0696762
15710,-2184.3426,-2078.9559,-105.38679,-0.9414446,1.0246723
15711,-1974.5847,-2108.4376,133.85289,1.1411886,0.4429989
15712,-2300.1862,-2240.6142,-59.572016,-0.49248323,-0.81416458
15713,-2385.9963,-2412.5912,26.594895,0.22515972,-0.46664672
15714,-2559.5233,-2516.2687,-43.254563,-0.37653483,1.0069067
15715,-2246.7933,-2199.8311,-46.962202,-0.42079881,1.9990763
15716,-2145.2514,-2289.2591,144.00772,1.2588706,1.4540249
15717,-2268.2458,-2056.8445,-211.40128,-1.7739972,-0.30346883
15718,-2259.6648,-2399.8157,140.15093,1.1902209,0.52669597
15719,-2334.5102,-2309.8964,-24.613889,-0.21395582,0.38384996
15720,-2468.946,-2360.0154,-108.93064,-0.91398003,0.14370496
15721,-2252.0372,-2282.38,30.342794,0.26211172,-0.18960246
15722,-2062.3017,-1985.1056,-77.19611,-0.68593215,1.2095376
15723,-2171.9479,-2269.6046,97.656748,0.85757586,0.75911456
15724,-2343.568,-2031.2937,-312.2743,-2.7261921,-0.8105185
15725,-2101.3929,-2282.38,180.98711,1.555275,-0.16333475
15726,-2097.5791,-2128.5835,31.00435,0.27262933,-0.45034092
15727,-2017.013,-1867.6699,-149.34317,-1.3335809,-0.22377192
15728,-1972.6778,-2166.4184,193.74059,1.7133422,-0.41645396
15729,-2042.2793,-1885.3589,-156.9204,-1.3345711,-0.34422703
15730,-1892.1117,-1915.8234,23.711685,0.19971675,-2.0779098
15731,-1963.6201,-2051.9309,88.31079,0.77306511,-1.7239908
15732,-2063.2551,-1885.8503,-177.40483,-1.5500795,-2.2900644
15733,-1752.432,-1875.5317,123.09964,1.0462328,-0.58417553
15734,-1959.8063,-1882.9021,-76.90422,-0.65678229,-1.050678
15735,-1942.6443,-1865.2131,-77.431268,-0.68400599,-1.2273637
15736,-1746.2346,-1790.5259,44.291275,0.38348232,-0.29729436
15737,-1832.0447,-1820.0077,-12.037015,-0.10137399,-1.1132314
15738,-1815.8361,-1813.1286,-2.7075278,-0.023267654,-1.0370581
15739,-1884.9609,-1730.5797,-154.38124,-1.332613,0.53373044
15740,-1776.2682,-1809.1977,32.92954,0.29660539,0.94838389
15741,-1789.1397,-1811.1631,22.023483,0.19264285,-0.21525418
15742,-1854.9274,-1776.2764,-78.650983,-0.66631677,-0.31021201
15743,-1674.2495,-1739.4242,65.17465,0.5557961,0.61731771
15744,-1886.8678,-1904.0307,17.162926,0.1487491,-1.2611776
15745,-1656.6108,-1621.0058,-35.605043,-0.30011611,-0.97230444
15746,-1616.0894,-1613.6353,-2.4540688,-0.021163892,0.42705216
15747,-1985.5493,-1941.3743,-44.175068,-0.37583013,0.011902114
15748,-1504.0596,-1645.5739,141.51431,1.1766722,-0.0048811617
15749,-1668.5289,-1296.7063,-371.82253,-3.1440626,0.39121184
15750,-757.5121,-960.12284,202.61074,1.597478,0.16302302
15751,-353.2514,-273.1977,-80.0537,-0.67260508,0.073325434
15752,-842.84544,-711.49328,-131.35216,-0.99915635,0.10954344
15753,-3633.5791,-3781.0365,147.45732,1.2085056,-0.40825237
15754,-1705.2365,-1424.952,-280.28448,-2.2374297,1.3793897
15755,-1630.8678,-1796.4223,165.55448,1.3210714,0.70375917
15756,-721.75791,-681.52015,-40.237761,-0.33104212,-0.79617083
15757,-1510.7337,-1483.9155,-26.818159,-0.22671099,-1.9436299
15758,-1014.4655,-1080.0154,65.549806,0.54979625,-0.23741258
15759,-1608.9385,-1531.5777,-77.360812,-0.69234182,0.63854507
15760,-1454.4804,-1486.8637,32.383277,0.2901194,0.78581856
15761,-1066.4283,-1043.1631,-23.265158,-0.19859937,-0.61922628
15762,-1197.527,-1158.6334,-38.893605,-0.32629142,0.44706968
15763,-1358.6592,-1379.2553,20.59606,0.17194303,-1.0251727
15764,-1332.4395,-1135.5393,-196.90013,-1.7318326,0.18350699
15765,-1534.5698,-1592.9981,58.428248,0.51475253,1.0929069
15766,-1454.4804,-1437.2361,-17.244362,-0.15085606,0.11536035
15767,-1507.8734,-1394.9789,-112.89448,-0.97358947,0.17072312
15768,-1433.9814,-1430.357,-3.6243723,-0.031004858,0.37651287
15769,-1683.3073,-1651.9616,-31.34565,-0.26573462,-0.31824483
15770,-1474.5028,-1488.3378,13.835019,0.1160009,0.15490771
15771,-1658.9944,-1618.0576,-40.936832,-0.35203466,0.24095982
15772,-1724.7821,-1805.7582,80.976034,0.72535836,-0.43274425
15773,-1834.905,-1883.3935,48.488446,0.43298905,-0.26322545
15774,-1674.7263,-1440.1843,-234.542,-2.0545915,-0.04406823
15775,-1445.8994,-1679.4779,233.57849,2.0148105,0.5893745
15776,-1564.1266,-1470.1574,-93.96924,-0.84428917,1.2467768
15777,-1770.5475,-1668.1766,-102.3709,-0.90714611,0.83932092
15778,-1690.4581,-1806.2495,115.79142,1.0268576,-0.42145312
15779,-1897.3557,-1617.5662,-279.78946,-2.3916902,-1.0944523
15780,-1597.0205,-1711.9079,114.88739,0.96845987,-0.89420989
15781,-1753.3855,-1698.1497,-55.235763,-0.46896572,-1.3110911
15782,-1712.3873,-1635.7466,-76.640696,-0.6853314,-0.12838422
15783,-1674.7263,-1718.2956,43.569328,0.37817627,-0.39726957
15784,-1760.5363,-1743.8464,-16.689864,-0.14422758,-0.16425709
15785,-1753.8622,-1719.7697,-34.092524,-0.30765524,0.31381829
15786,-1511.2104,-1556.1459,44.935445,0.40221039,-0.59565909
15787,-1611.3222,-1666.2111,54.888972,0.46707177,-0.52446235
15788,-1590.3464,-1551.2322,-39.114123,-0.33021728,-1.9459083
15789,-1558.8827,-1476.5451,-82.337576,-0.72978842,1.1827282
15790,-1502.6294,-1540.4223,37.792842,0.34224346,0.11278592
15791,-1366.7635,-1335.524,-31.239509,-0.27903557,0.11181728
15792,-1553.162,-1502.5873,-50.574679,-0.4598913,-0.11439778
15793,-1278.5698,-1308.0077,29.437845,0.26412227,0.1826294
15794,-1363.9032,-1289.3359,-74.567273,-0.64064068,-1.5905124
15795,-1415.3892,-1397.4357,-17.953499,-0.14901157,-1.1284032
15796,-1305.2663,-1278.5259,-26.740383,-0.22754328,-0.35908619
15797,-1241.8622,-1273.1209,31.258724,0.28144837,1.9863472
15798,-1453.527,-1485.881,32.353996,0.28720882,2.7976119
15799,-1359.1359,-1146.3493,-212.78661,-1.8973938,0.53823392
15800,-1257.1173,-1487.3551,230.23777,1.9841893,0.77877215
15801,-1290.4879,-1258.38,-32.107857,-0.28110727,1.9474349
15802,-1270.9423,-1216.6142,-54.328068,-0.47836725,-0.025742343
15803,-1305.2663,-1406.2802,101.01394,0.89343281,-0.59644331
15804,-1338.1601,-1151.7543,-186.40583,-1.6122623,-0.32804154
15805,-1271.419,-1317.8349,46.415938,0.40817567,0.19692261
15806,-1290.4879,-1252.4837,-38.00421,-0.33514869,-0.49944111
15807,-1423.9702,-1398.4184,-25.551779,-0.2236771,-1.7221297
15808,-1331.486,-1312.4299,-19.056091,-0.16637787,-0.50469785
15809,-1510.257,-1508.4837,-1.773298,-0.015221076,-0.35913717
15810,-904.34264,-810.2572,-94.085447,-0.8014806,-0.15895145
15811,-1527.8957,-1642.6257,114.73,0.96426094,0.43970671
15812,-310.82309,-229.95777,-80.865318,-0.66559432,-0.7113384
15813,-1211.352,-1164.5298,-46.822205,-0.39075147,-0.60113811
15814,-1505.013,-1459.3474,-45.665627,-0.35937689,-0.071898329
15815,-1944.5512,-1924.1766,-20.374627,-0.15932088,0.41564878
15816,580.64804,440.7524,139.89565,1.1841699,0.4938827
15817,725.09497,887.89251,-162.79754,-1.4278933,-0.098623847
15818,-524.87151,-615.67754,90.806035,0.7290553,1.3897916
15819,-1627.5307,-1623.9539,-3.5767915,-0.031170011,-0.30692028
15820,-993.96648,-950.78695,-43.179532,-0.35772263,-1.117338
15821,-614.97207,-570.47217,-44.499898,-0.37493256,-1.2721893
15822,-149.69088,-188.19194,38.501063,0.34404597,-0.74125765
15823,-380.42458,-404.88292,24.458336,0.22713205,0.67335541
15824,-615.92551,-360.16891,-255.75661,-2.3696678,0.15233354
15825,-1004.4544,-1224.476,220.02163,1.9074595,0.78883189
15826,-1083.1136,-1082.9635,-0.15006237,-0.0012736887,0.95471435
15827,-713.65363,-564.57582,-149.07782,-1.3244576,0.55865957
15828,-687.43389,-811.73129,124.29739,1.0998796,0.14725379
15829,-923.41155,-721.32054,-202.09101,-1.7455549,0.4939897
15830,-943.43389,-980.76008,37.326185,0.31668601,0.67447978
15831,-1280.9534,-1377.2898,96.336382,0.8450672,0.18976977
15832,-1010.6518,-839.73896,-170.91281,-1.5131545,-0.60900647
15833,-960.11918,-1088.3685,128.24934,1.1232514,-0.28600627
15834,-1217.5493,-1198.9251,-18.624204,-0.16013391,-0.27905072
15835,-1052.1266,-1027.4395,-24.68709,-0.21452648,-0.5482784
15836,-823.29981,-847.60077,24.300954,0.20632721,0.082545768
15837,-1127.9255,-1167.9693,40.043778,0.33518892,0.39384378
15838,-1264.2682,-1208.261,-56.00712,-0.47746355,0.52679921
15839,-1456.3873,-1361.5662,-94.821118,-0.84741097,-0.93282012
15840,-1138.4134,-1129.1516,-9.2617763,-0.083668014,0.039426517
15841,-1011.6052,-1094.2649,82.659661,0.7265668,-0.35578528
15842,-1155.5754,-1013.19,-142.3854,-1.2145512,-0.88926657
15843,-1162.2495,-1202.3647,40.115149,0.34564382,-0.49482439
15844,-1223.7467,-1178.7793,-44.967471,-0.38861793,-0.41738024
15845,-1289.5345,-1308.9904,19.455952,0.1577407,-1.3464158
15846,-1076.9162,-1088.3685,11.452321,0.0941859,-1.7910334
15847,-938.18994,-847.60077,-90.589176,-0.77681377,-1.1728221
15848,-1013.9888,-1121.7812,107.79236,0.94474695,0.75087626
15849,-1156.5289,-911.96929,-244.55957,-2.1477677,1.4395438
15850,-905.29609,-1163.547,258.25094,2.2994438,1.2483684
15851,-998.73371,-895.26296,-103.47075,-0.8964189,1.6950903
15852,-817.57914,-838.26488,20.685732,0.18090815,-0.61858837
15853,-839.9851,-928.18426,88.199159,0.78340591,0.72158947
15854,-952.96834,-720.82917,-232.13917,-2.0452397,0.29605824
15855,-768.95345,-890.84069,121.88725,1.0423514,1.4142188
15856,-879.55307,-838.75624,-40.796835,-0.34817774,0.48426704
15857,-905.77281,-809.76583,-96.006977,-0.83473552,0.60341218
15858,-689.8175,-664.32246,-25.495048,-0.22838334,1.3585306
15859,-804.23091,-792.56814,-11.662774,-0.10062867,0.60553997
15860,-784.20857,-799.93858,15.730014,0.13628979,0.13589404
15861,-545.8473,-622.06526,76.217959,0.66825785,-0.30703267
15862,-718.42086,-694.78695,-23.633908,-0.20251823,0.27839798
15863,-662.1676,-672.67562,10.508026,0.089368053,0.5755246
15864,-717.94413,-630.90979,-87.034345,-0.761015,0.36179657
15865,-609.72812,-676.60653,66.878407,0.60137897,-0.10375493
15866,-643.57542,-595.04031,-48.535112,-0.41781395,-1.071065
15867,-706.97952,-691.83877,-15.140744,-0.12907983,-1.8070529
15868,-544.89385,-473.18234,-71.711513,-0.62413926,-0.79467433
15869,-787.0689,-810.74856,23.679659,0.20494913,-1.8485461
15870,-545.8473,-491.85413,-53.993173,-0.44291976,-2.9709275
15871,-483.87337,-433.87332,-50.00005,-0.41589721,-1.5161733
15872,-879.55307,-905.58157,26.028501,0.21182043,-0.89307599
15873,-462.89758,-396.03839,-66.859191,-0.52106353,-0.30134893
15874,-438.10801,-271.72361,-166.3844,-1.4013575,-0.342165
15875,354.68156,160.18426,194.4973,1.5683501,0.58953879
15876,889.56425,949.31286,-59.748614,-0.51628331,1.8410373
15877,341.33333,332.16123,9.1721049,0.066660155,0.32074646
15878,-2457.9814,-2564.4223,106.44089,0.85347658,-0.37873741
15879,-511.52328,-360.16891,-151.35437,-1.1811775,-0.070515294
15880,-521.53445,-602.90211,81.367661,0.6453366,0.41167001
15881,427.62011,518.38772,-90.767604,-0.74875765,1.0349832
15882,-382.33147,-404.39155,22.060084,0.18905555,-1.0879452
15883,50.532588,208.82917,-158.29659,-1.3433335,0.46356334
15884,-436.67784,-506.59501,69.91717,0.59977811,1.5229382
15885,-391.86592,-278.60269,-113.26323,-0.95352147,0.49091974
15886,116.3203,71.247601,45.072697,0.38083696,-0.16225561
15887,-86.763501,-105.15163,18.388131,0.15049995,1.005933
15888,-231.68715,-89.919386,-141.76777,-1.2180581,1.4898691
15889,-142.06331,-198.51056,56.447242,0.49502111,0.68856315
15890,-427.14339,-421.58925,-5.5541378,-0.049586204,0.93305889
15891,-219.29236,-300.22265,80.930284,0.68580875,-0.12317003
15892,-331.79888,-326.26488,-5.5340074,-0.047189082,-0.10330096
15893,-256.95345,-171.4856,-85.46784,-0.75075989,0.74515987
15894,-494.83799,-620.59117,125.75318,1.0813298,0.80066813
15895,-364.69274,-245.19002,-119.50272,-0.98900744,-0.049373852
15896,-505.32588,-493.81958,-11.506307,-0.096429402,-1.1366976
15897,-617.35568,-682.50288,65.147199,0.56196863,-0.87225724
15898,-757.03538,-622.06526,-134.97012,-1.1713446,-0.1061087
15899,-520.58101,-396.52975,-124.05126,-1.0711489,-0.34792553
15900,-376.13408,-483.99232,107.85824,0.93426219,2.739152
15901,-406.1676,-405.37428,-0.79331754,-0.0068961661,2.1714179
15902,-613.06518,-549.34357,-63.721607,-0.54414443,0.62656073
15903,-583.50838,-602.90211,19.393731,0.16354248,-0.97991861
15904,-685.527,-698.71785,13.190848,0.11195153,-0.87887061
15905,-496.74488,-463.35509,-33.389793,-0.28358327,-0.94200959
15906,-485.78026,-619.11708,133.33682,1.1509702,-0.90606953
15907,-563.96276,-483.99232,-79.970434,-0.68677098,-0.7697637
15908,-552.52142,-510.52591,-41.995504,-0.35267597,0.46663733
15909,-556.3352,-668.74472,112.40953,0.96950465,0.64620947
15910,-665.50466,-445.66603,-219.83863,-1.9096181,1.4876848
15911,-348.96089,-464.33781,115.37692,0.98482836,-0.092720451
15912,-485.78026,-481.04415,-4.7361148,-0.040396455,0.22943744
15913,-501.03538,-367.04798,-133.9874,-1.1163756,3.1983001
15914,-427.62011,-458.93282,31.31271,0.27011073,2.8592068
15915,-406.1676,-374.41843,-31.749172,-0.28228377,2.5758868
15916,-177.8175,-291.37812,113.56061,0.99573236,0.098384644
15917,-440.96834,-334.61804,-106.3503,-0.92343256,-0.39594778
15918,-194.97952,-135.61612,-59.363393,-0.52174111,-0.17501653
15919,-159.70205,-257.96545,98.263403,0.86370885,0.1100471
15920,-285.5568,-210.30326,-75.253534,-0.65158218,-0.086745143
15921,-79.612663,-110.55662,30.943959,0.2645077,-0.66046421
15922,-165.89944,-142.98656,-22.912877,-0.19943823,-1.2384166
15923,-263.15084,-251.57774,-11.573103,-0.10014807,0.22565724
15924,-184.0149,-52.084453,-131.93044,-1.1671129,0.43782392
15925,-176.38734,-254.52591,78.138575,0.68597155,1.1462626
15926,-113.45996,-113.5048,0.044835708,0.00038696824,1.3217532
15927,-198.7933,-81.566219,-117.22708,-1.0437093,0.18539215
15928,-193.54935,-233.88868,40.339327,0.34742398,-1.0309787
15929,-182.10801,-120.38388,-61.72413,-0.49973345,-1.5105195
15930,-200.22346,-190.64875,-9.5747113,-0.078712411,-0.020360335
15931,-85.333333,-175.41651,90.083173,0.7425756,-1.5859254
15932,-318.45065,-225.53551,-92.915143,-0.78600762,-0.76205266
15933,-198.31657,-187.70058,-10.615998,-0.091125309,0.14193458
15934,-331.32216,-462.37236,131.0502,1.0747818,0.73373269
15935,206.89758,344.93666,-138.03908,-1.0980311,0.49878914
15936,-358.49534,-480.06142,121.56608,0.97162451,1.2295579
15937,860.96089,903.61612,-42.655229,-0.35292335,0.60606949
15938,-63.880819,21.619962,-85.500781,-0.70438279,1.2822979
15939,-329.41527,-330.68714,1.2718701,0.0098565518,2.287235
15940,-819.00931,-733.60461,-85.404704,-0.63815209,0.74918613
15941,1709.0503,1595.9463,113.10402,0.94211937,0.92310033
15942,1902.5996,1994.4415,-91.841831,-0.78635884,-0.24227153
15943,587.32216,586.68714,0.63502003,0.0050035513,0.36956143
15944,-525.34823,-550.81766,25.469427,0.21958986,0.58159664
15945,130.62197,169.52015,-38.89818,-0.32457265,0.48651604
15946,522.01117,554.2572,-32.246025,-0.27564451,0.011012914
15947,954.87523,994.51823,-39.643001,-0.34833841,-0.36665206
15948,769.90689,751.29367,18.613224,0.16442514,-1.9072548
15949,540.60335,699.20921,-158.60586,-1.3763026,-0.90671162
15950,151.59777,-52.575816,204.17358,1.7379337,-0.70206192
15951,83.426443,126.28023,-42.853787,-0.37088549,0.43320459
15952,433.34078,461.38964,-28.048853,-0.24131155,-0.51428204
15953,445.73557,436.8215,8.9140708,0.077375955,-0.45666599
15954,235.50093,312.50672,-77.005787,-0.63329863,-0.55171431
15955,211.18808,229.95777,-18.769692,-0.154336,-0.719723
15956,-133.00559,-208.33781,75.332225,0.62217203,-1.9119528
15957,137.29609,240.76775,-103.47166,-0.88055311,-1.4991681
15958,129.66853,131.19386,-1.5253291,-0.012868253,-0.0050803068
15959,-100.11173,-150.84837,50.736637,0.42706967,1.3674347
15960,84.379888,148.88292,-64.503029,-0.53875994,0.69172322
15961,308.9162,281.55086,27.365337,0.22780787,0.30758969
15962,-44.335196,-31.447217,-12.887979,-0.10633958,0.63211902
15963,-159.22533,-39.309021,-119.9163,-1.0469223,1.6925692
15964,-347.53073,-315.94626,-31.584469,-0.26966557,1.9692879
15965,46.718808,39.800384,6.9184243,0.059645552,0.47989415
15966,127.76164,62.403071,65.358568,0.54968867,1.0296626
15967,16.208566,25.059501,-8.8509349,-0.074217446,0.21316974
15968,-22.882682,55.03263,-77.915311,-0.65868041,0.65370512
15969,-19.545624,-178.36468,158.81906,1.353479,-0.29427056
15970,-177.34078,-41.765835,-135.57495,-1.1340027,-0.31122233
15971,68.648045,58.963532,9.684513,0.082300783,-1.228013
15972,211.6648,237.32821,-25.663411,-0.2229521,-0.2377899
15973,68.171322,129.22841,-61.057085,-0.52024135,-0.64838012
15974,14.778399,140.03839,-125.25999,-1.0760836,0.43796239
15975,168.75978,10.318618,158.44116,1.3885375,-0.27509832
15976,131.0987,225.53551,-94.436812,-0.84631332,0.5741403
15977,240.74488,296.29175,-55.546868,-0.49413819,0.15830158
15978,261.72067,258.94818,2.7724938,0.024481896,-0.72477066
15979,202.60708,256.49136,-53.884286,-0.45255894,-1.1060775
15980,344.67039,359.67754,-15.007152,-0.12838049,-1.0199533
15981,279.83613,221.11324,58.722883,0.49620951,-1.9248612
15982,255.52328,291.37812,-35.854842,-0.30599713,-1.1738202
15983,456.70019,571.45489,-114.75471,-1.0066614,1.5084132
15984,420.46927,205.38964,215.07964,1.8914998,0.3443551
15985,264.10428,527.23225,-263.12796,-2.224254,1.6087521
15986,634.99441,444.6833,190.31111,1.5926194,-0.82007997
15987,395.6797,492.83685,-97.15715,-0.79650202,-0.80555661
15988,401.40037,568.01536,-166.61498,-1.376758,1.5156726
15989,386.62197,365.5739,21.048078,0.18127279,1.7939351
15990,461.46741,554.2572,-92.789786,-0.80976278,1.6186448
15991,545.8473,418.14971,127.69759,1.0929252,0.36107865
15992,351.82123,501.19002,-149.36879,-1.277449,0.69329108
15993,574.92737,618.13436,-43.206983,-0.37282277,1.5739262
15994,387.0987,215.70825,171.39044,1.4667872,0.26897871
15995,629.75047,730.65643,-100.90596,-0.83773022,-0.16767299
15996,679.32961,600.93666,78.392949,0.6729523,-0.147754
15997,271.73184,311.52399,-39.792149,-0.34378691,1.1718249
15998,704.11918,739.99232,-35.873142,-0.29028332,0.99198668
15999,695.06145,791.58541,-96.52396,-0.79571916,-0.035779864
16000,1447.8063,1480.9674,-33.161039,-0.26228858,0.092665516
16001,2090.905,1932.0384,158.86664,1.3929286,1.9318381
16002,1374.3911,1614.618,-240.22698,-1.849094,0.35826184
16003,-1350.0782,-1454.9251,104.84693,0.85324407,-0.39175468
16004,564.9162,649.09021,-84.17401,-0.6752144,-0.73981773
16005,583.9851,662.84837,-78.863266,-0.63421249,-0.91284608
16006,1560.7896,1440.1843,120.60531,1.0092768,-0.88733103
16007,631.65736,894.28023,-262.62287,-2.2087076,-2.2279345
16008,1279.5233,1203.3474,76.175869,0.63402042,-0.90698327
16009,674.56238,603.39347,71.16891,0.61690295,-0.16116992
16010,818.53259,988.13052,-169.59793,-1.4783525,0.085908158
16011,1265.6983,1058.3954,207.30293,1.7132673,-0.71576412
16012,1063.0912,1183.6929,-120.60165,-0.99098675,-0.034892166
16013,941.527,939.4856,2.0413973,0.016394042,1.0327459
16014,974.42086,980.26871,-5.8478574,-0.050350576,1.724688
16015,684.09683,867.25528,-183.15844,-1.6086138,1.6517201
16016,907.6797,694.78695,212.89275,1.8701458,0.77817732
16017,677.89944,983.21689,-305.31745,-2.586039,-0.54673529
16018,904.34264,862.34165,42.000994,0.35390214,0.2707553
16019,550.1378,466.79463,83.343177,0.69791759,0.65086565
16020,839.50838,947.34741,-107.83903,-0.8792137,0.16936095
16021,604.48417,466.79463,137.68955,1.1621838,0.15967356
16022,436.20112,607.81574,-171.61462,-1.5420986,1.03871
16023,481.48976,317.42035,164.06941,1.4620732,0.64218593
16024,532.02235,737.04415,-205.0218,-1.7883688,0.16287419
16025,843.79888,711.00192,132.79696,1.1215788,-0.61682967
16026,722.23464,644.17658,78.058053,0.6696526,1.2462388
16027,524.87151,741.95777,-217.08627,-1.8844847,0.54588314
16028,604.48417,373.4357,231.04847,2.0153787,-0.0065222077
16029,399.01676,567.03263,-168.01587,-1.4035925,-0.32488523
16030,634.04097,625.01344,9.0275326,0.075726912,-1.8340046
16031,631.18063,506.59501,124.58562,1.0625345,-1.6647146
16032,475.29236,745.39731,-270.10495,-2.3528778,-1.0926108
16033,624.98324,520.35317,104.63007,0.86472252,-0.39023886
16034,472.90875,469.7428,3.16595,0.026040881,-0.62474818
16035,523.91806,658.4261,-134.50804,-1.1866538,1.0598536
16036,760.84916,644.17658,116.67258,1.0099724,-0.21854489
16037,618.78585,728.69098,-109.90513,-0.89754201,-1.0984393
16038,682.66667,605.35893,77.307742,0.65065374,-0.27348997
16039,684.57356,748.34549,-63.771933,-0.54867686,1.4080157
16040,805.66108,800.92131,4.7397749,0.042507838,0.86592091
16041,930.08566,773.40499,156.68067,1.3731034,0.88598616
16042,680.28305,919.83109,-239.54804,-2.0533038,0.22092022
16043,998.25698,873.15163,125.10535,1.0917255,0.65828609
16044,919.12104,965.03647,-45.915425,-0.40466465,0.94580734
16045,886.70391,923.762,-37.058086,-0.3146622,0.44070052
16046,1040.6853,966.51056,74.174732,0.63358673,-0.15923551
16047,942.00372,1095.2476,-153.24388,-1.3543497,0.16681869
16048,910.06331,769.47409,140.58923,1.2512858,0.32526328
16049,835.6946,1063.309,-227.61442,-1.9484809,0.79237286
16050,1063.568,858.90211,204.66586,1.719852,-0.41141693
16051,938.18994,962.08829,-23.898348,-0.2031011,-0.039176322
16052,923.88827,1117.3589,-193.47066,-1.6978643,0.50656276
16053,984.43203,736.55278,247.87925,2.1314962,-0.003874687
16054,906.72626,1119.3244,-212.59812,-1.7709195,-0.45903437
16055,1038.7784,933.09789,105.68051,0.88805303,-0.88663256
16056,986.81564,926.21881,60.596832,0.51414119,-1.0404941
16057,844.27561,986.16507,-141.88946,-1.2125688,-0.86718758
16058,955.82868,843.66987,112.15881,0.97310953,0.21995824
16059,750.83799,766.03455,-15.19656,-0.12985226,-0.47154981
16060,1384.879,1457.8733,-72.994363,-0.59653093,0.23573748
16061,719.85102,646.14203,73.70899,0.59906569,0.3690333
16062,1988.8864,2117.7735,-128.88711,-1.054708,-1.1227193
16063,1073.1024,1053.9731,19.129292,0.15800399,-1.0653704
16064,745.11732,792.07678,-46.959457,-0.37479517,-0.72940836
16065,369.45996,337.07486,32.385107,0.25103433,1.2267151
16066,2781.1993,2699.0557,82.143593,0.70367181,1.2245976
16067,3010.5028,3180.5912,-170.08838,-1.4279401,0.50976504
16068,1681.4004,1587.1017,94.298645,0.70957505,0.70321844
16069,619.26257,621.5739,-2.3113265,-0.019207601,-1.0260553
16070,1309.0801,1295.2322,13.847829,0.11587552,-1.341596
16071,1596.5438,1623.4626,-26.91881,-0.22821914,-0.45799952
16072,2188.6331,2199.3397,-10.706584,-0.092539091,-0.28672955
16073,1858.7412,1748.7601,109.98108,0.96241812,-0.13662556
16074,1683.3073,1947.762,-264.45473,-2.2898466,-0.040404904
16075,1338.1601,1010.7332,327.42694,2.7906687,-0.76443664
16076,1166.0633,1258.8714,-92.808086,-0.80571404,0.25104554
16077,1563.6499,1679.9693,-116.31938,-1.0367483,-0.53875571
16078,1546.0112,1393.9962,152.01501,1.3275607,0.080314784
16079,1363.4264,1496.1996,-132.77317,-1.1293439,0.65800033
16080,1361.9963,1301.62,60.376314,0.50501626,0.62817449
16081,894.33147,897.22841,-2.8969358,-0.025033824,-1.1553593
16082,1320.0447,1405.2975,-85.252812,-0.76249611,-0.54727712
16083,1214.689,1111.4626,103.22644,0.88268072,0.40487074
16084,1086.4507,1022.0345,64.416103,0.54387206,0.48954673
16085,1218.0261,1254.4491,-36.423066,-0.31991982,-0.80809755
16086,1431.5978,1370.9021,60.695654,0.53139636,-0.65351295
16087,1121.7281,1146.3493,-24.621209,-0.20657161,0.057916893
16088,1013.0354,997.46641,15.568971,0.1287921,0.024635328
16089,815.67225,956.6833,-141.01105,-1.1943486,-0.45202856
16090,1224.7002,1122.2726,102.42763,0.88760357,-0.43071136
16091,1211.8287,1217.5969,-5.7682511,-0.052010053,0.1799198
16092,1132.6927,1255.4319,-122.73912,-1.0700119,-0.14156534
16093,1071.1955,1027.9309,43.264629,0.36595607,0.55349191
16094,1045.4525,1009.7505,35.702034,0.29273024,-0.014005758
16095,961.54935,999.92322,-38.373876,-0.31536539,-0.46782936
16096,1116.0074,1182.7102,-66.702724,-0.56807644,-1.6764669
16097,1369.6238,1371.3935,-1.769638,-0.015932258,-0.19596955
16098,1211.8287,1121.7812,90.047488,0.77765956,0.65686182
16099,1146.5177,1329.1363,-182.61859,-1.5364195,1.136073
16100,1328.149,1073.6276,254.52134,2.1145373,1.114716
16101,1290.4879,1326.1881,-35.700204,-0.3129275,1.2286712
16102,1419.203,1490.3033,-71.100283,-0.6413943,-0.55876751
16103,1396.797,1263.785,133.01199,1.2262528,0.78654874
16104,1323.8585,1535.0173,-211.1588,-1.8625075,0.87297906
16105,1525.9888,1394.4875,131.5013,1.1267962,0.46450328
16106,1345.311,1478.5106,-133.19957,-1.1383015,0.1470002
16107,1369.6238,1415.1248,-45.500924,-0.40431331,-1.1227215
16108,1541.2439,1577.7658,-36.521887,-0.32484881,1.0357602
16109,1481.1769,1426.9175,54.259442,0.47331844,1.0149826
16110,1459.7244,1455.9079,3.8165253,0.033411903,-0.89811508
16111,1612.2756,1667.1939,-54.918253,-0.48028638,0.010344359
16112,1601.311,1491.286,110.025,0.91703713,-0.85127229
16113,1504.0596,1606.7562,-102.69665,-0.86368646,-0.76444375
16114,1576.5214,1588.5758,-12.0544,-0.10237036,0.35345909
16115,1628.0074,1572.8522,55.155241,0.48089729,-0.90058589
16116,1653.2737,1675.0557,-21.781919,-0.18460795,-0.25487065
16117,1556.9758,1540.4223,16.553527,0.14274157,-0.52525019
16118,1692.365,1740.4069,-48.041919,-0.42322216,1.0426354
16119,1513.594,1475.071,38.523024,0.32627488,0.99483238
16120,1802.4879,1717.3129,85.175036,0.70589617,-1.8904543
16121,1709.527,1884.3762,-174.8492,-1.509191,-1.4216038
16122,1416.8194,1322.7486,94.070806,0.81476351,1.5959145
16123,1716.2011,1805.2668,-89.065677,-0.71590339,1.2131329
16124,1852.5438,1951.6929,-99.149137,-0.83609939,0.96476621
16125,2605.7654,2444.0384,161.72698,1.2817121,1.0401601
16126,3082.0112,3178.6257,-96.614547,-0.82404358,2.5051186
16127,2575.7318,2555.0864,20.645471,0.15572091,0.79003689
16128,-245.98883,-306.119,60.130175,0.48180795,-0.41328225
16129,1794.8603,1833.7658,-38.9055,-0.30409792,-0.14654819
16130,1711.9106,1678.0038,33.906776,0.26948825,0.5126822
16131,2697.2961,2711.3397,-14.043642,-0.11652694,0.48536896
16132,1817.2663,1886.833,-69.566719,-0.58649073,-1.6905958
16133,2376.9385,2408.6603,-31.721721,-0.26590688,0.098754443
16134,1826.324,1770.8714,55.452621,0.47729621,1.1877776
16135,1960.7598,1977.7351,-16.975348,-0.14906507,-0.14321103
16136,2266.3389,2332.499,-66.16012,-0.57918645,-0.048875322
16137,2240.5959,2155.6084,84.987458,0.72748916,-0.37134183
16138,1952.6555,2059.3013,-106.64585,-0.89190959,0.50049182
16139,2123.7989,2094.6795,29.11942,0.2518642,0.43341299
16140,1824.4171,1834.2572,-9.8400655,-0.087951077,0.18225568
16141,1935.4935,1953.167,-17.673504,-0.15430597,-1.0090985
16142,1900.6927,1887.3244,13.368361,0.11478998,-1.5302479
16143,1978.8752,2039.1555,-60.280237,-0.51599215,-0.45818091
16144,1774.3613,1604.2994,170.06184,1.4331064,0.094051202
16145,1953.6089,1977.2438,-23.634823,-0.19148642,-1.2627352
16146,1689.0279,1751.2169,-62.188958,-0.51882526,-0.42603819
16147,1635.635,1583.1708,52.464184,0.45434774,-0.28180901
16148,1540.2905,1545.3359,-5.0453897,-0.044839459,0.16269893
16149,1683.3073,1827.3781,-144.07086,-1.2616979,1.1050712
16150,1959.3296,1781.6814,177.64823,1.5492103,0.90485368
16151,1746.2346,1876.023,-129.7884,-1.1300839,1.5139872
16152,1693.7952,1697.6583,-3.863191,-0.034011004,0.82485271
16153,1623.2402,1578.2572,44.983026,0.37897764,-0.53464435
16154,1523.6052,1585.1363,-61.531062,-0.51216449,-0.86477133
16155,1742.8976,1737.9501,4.9474832,0.041309498,-1.1155454
16156,1640.4022,1680.4607,-40.058418,-0.34350487,-1.0636432
16157,1660.9013,1693.7274,-32.826144,-0.28543417,-0.61585703
16158,1642.3091,1667.1939,-24.884733,-0.21051909,0.52671058
16159,1716.6778,1582.1881,134.48974,1.1184846,-0.25993943
16160,1642.3091,1747.286,-104.97686,-0.91247091,-0.29820943
16161,1848.73,1824.9213,23.808676,0.21152168,0.480658
16162,1788.6629,1698.6411,90.021867,0.79171128,0.42833414
16163,1729.5493,1828.8522,-99.302859,-0.840261,0.53051694
16164,1853.9739,1810.1804,43.793507,0.38456202,-0.36318829
16165,1867.7989,1901.0825,-33.283651,-0.3015032,0.034822555
16166,1955.9926,1966.9251,-10.932593,-0.095960928,-0.15693011
16167,1829.6611,1903.048,-73.386905,-0.62854285,-0.62885016
16168,2000.3277,2033.7505,-33.422733,-0.29257375,0.011406352
16169,2116.1713,2029.8196,86.351744,0.74798141,-0.17726146
16170,1922.622,2024.4146,-101.79261,-0.82834114,-0.80238258
16171,2079.4637,2113.3512,-33.88756,-0.27956787,-1.1912553
16172,2109.0205,2052.9136,56.106857,0.48040614,-1.2664194
16173,1959.3296,1901.5739,57.755713,0.50755204,0.76897978
16174,2071.8361,2204.7447,-132.9086,-1.1894126,0.97193245
16175,2095.1955,1917.2975,177.89803,1.5092769,0.60661812
16176,2094.2421,2116.2994,-22.057339,-0.19047817,1.5158089
16177,2068.9758,2123.1785,-54.202711,-0.47329684,0.11806702
16178,2048.9534,1975.7697,73.183771,0.64906266,0.56897141
16179,2071.3594,2164.453,-93.093571,-0.80157489,-0.56495264
16180,2075.1732,2071.094,4.0791345,0.035663255,-0.64843459
16181,2054.1974,2049.9655,4.2319419,0.03625801,-0.030863571
16182,1950.2719,2030.8023,-80.530422,-0.69435897,-0.56094437
16183,1972.2011,1967.4165,4.7846106,0.040807561,1.825646
16184,1909.7505,1854.4031,55.347395,0.45921473,0.46086637
16185,2408.879,2530.5182,-121.63928,-0.99842102,-0.38098982
16186,1803.9181,1782.1727,21.745319,0.17812479,0.87781927
16187,3140.648,3084.2841,56.363976,0.46363075,1.0777293
16188,2120.4618,2158.0653,-37.603434,-0.30921636,-0.3846288
16189,1974.5847,1941.3743,33.21045,0.25576566,0.34031431
16190,1413.4823,1381.2207,32.26158,0.25609487,-0.92335437
16191,3874.8007,3871.4472,3.353528,0.028666676,0.079088847
16192,4151.7765,4190.3417,-38.565114,-0.33739831,0.062582022
16193,2736.8641,2774.2342,-37.370105,-0.31000583,-0.37621839
16194,1769.594,1709.9424,59.651623,0.51987194,-1.1568377
16195,2347.3818,2417.5048,-70.123048,-0.58925706,-0.95531366
16196,2712.0745,2785.0441,-72.969658,-0.62428812,-2.2120465
16197,3214.54,3201.7198,12.820268,0.11126678,-0.62985649
16198,2919.4488,2850.8868,68.562033,0.60024899,0.4260871
16199,2804.0819,3004.1919,-200.11,-1.8141237,1.4246821
16200,2323.0689,2120.7217,202.34721,1.7870211,2.1721242
16201,2261.5717,2329.0595,-67.487806,-0.58028755,1.803653
16202,2636.2756,2646.4798,-10.204241,-0.087683784,0.22597725
16203,2656.298,2526.096,130.20198,1.1120544,-0.89942898
16204,2485.1546,2598.8177,-113.6631,-0.96349537,-0.34497588
16205,2477.0503,2343.8004,133.2499,1.1244144,-0.47213441
16206,2034.6518,2091.2399,-56.588154,-0.49389321,0.27043212
16207,2395.054,2371.3167,23.737305,0.20993915,0.30239337
16208,2344.5214,2355.1017,-10.580312,-0.091480519,1.7985213
16209,2165.2737,2073.0595,92.214242,0.77331983,0.74429862
16210,2273.4898,2358.5413,-85.051509,-0.72819838,1.0472082
16211,2472.2831,2520.1996,-47.916562,-0.41667431,1.0151997
16212,2163.8436,2138.9021,24.941464,0.21114237,2.4641948
16213,2080.4171,2128.5835,-48.166361,-0.40487905,3.0662783
16214,1907.3669,1968.3992,-61.032379,-0.52363713,1.4024283
16215,2219.6201,2198.357,21.263106,0.18924026,0.016597747
16216,2342.6145,2335.9386,6.6759455,0.059099665,0.53700921
16217,2211.9926,2186.0729,25.919615,0.22285267,0.97509501
16218,2203.4115,2212.1152,-8.7036175,-0.074994758,0.28337562
16219,2172.9013,2084.8522,88.049096,0.7611885,0.25457248
16220,2046.5698,2048.9827,-2.4128931,-0.020414785,0.12827006
16221,2236.7821,2360.9981,-124.21596,-1.0397517,-0.61998127
16222,2481.8175,2331.025,150.79255,1.3172303,-0.99556732
16223,2275.8734,2368.3685,-92.495151,-0.81232534,-0.88692639
16224,2264.432,2344.2917,-79.859717,-0.69533637,-0.39709718
16225,2349.7654,2216.5374,133.22794,1.1592192,1.0296377
16226,2360.73,2430.7716,-70.041612,-0.61071135,2.0536033
16227,2437.0056,2437.6507,-0.64508519,-0.0056168238,1.5879126
16228,2462.2719,2430.2802,31.99165,0.27736941,-0.17115352
16229,2402.2048,2479.4165,-77.211665,-0.65902263,-1.1458686
16230,2503.7467,2547.2246,-43.477827,-0.36731431,-0.30902861
16231,2534.7337,2512.8292,21.904531,0.18533307,-1.8102077
16232,2409.8324,2448.4607,-38.62825,-0.33176282,0.13225817
16233,2706.8305,2684.8061,22.024398,0.19262206,1.2758963
16234,2566.6741,2441.0902,125.5839,1.0672621,1.344068
16235,2527.1061,2617.4894,-90.383298,-0.76128752,0.89781784
16236,2767.3743,2743.2783,24.095991,0.20660319,1.2319407
16237,2618.6369,2539.8541,78.782745,0.69643137,1.1495256
16238,2606.2421,2779.6392,-173.39707,-1.4672722,3.2594337
16239,2653.9143,2580.6372,73.277103,0.63695836,2.9036743
16240,2643.9032,2759.4933,-115.59012,-1.030668,1.4776314
16241,2713.9814,2703.4779,10.503451,0.092243203,0.67744458
16242,2561.4302,2551.6468,9.7833346,0.085084865,1.341558
16243,2813.1397,2876.4376,-63.297955,-0.56264071,1.294414
16244,2584.3128,2396.8676,187.44529,1.6245182,1.0279174
16245,2761.1769,2922.6257,-161.44881,-1.3818313,0.75068604
16246,2827.4413,2832.7063,-5.2649932,-0.045980208,-0.23463488
16247,2420.797,2377.2131,43.583969,0.37697161,-0.19028562
16248,2944.2384,2974.7102,-30.471811,-0.24859486,0.51643354
16249,2871.2998,2915.2553,-43.955465,-0.37755852,-0.12593494
